seed,noise_sigma,steps,truth,resolved,correct,support,mse
80810000,0.18,4,actuator,1,1,1.0,0.03621900196292555
80810000,0.18,4,world,1,1,1.0,0.036219001962925546
80810000,0.18,4,visual,1,1,1.0,0.03621900196292556
80810000,0.18,6,actuator,1,1,1.0,0.033744738908790504
80810000,0.18,6,world,1,1,1.0,0.03374473890879051
80810000,0.18,6,visual,1,1,1.0,0.033744738908790504
80810000,0.18,12,actuator,1,1,1.0,0.02947149900837015
80810000,0.18,12,world,1,1,1.0,0.02947149900837016
80810000,0.18,12,visual,1,1,1.0,0.02947149900837016
80810000,0.5,4,actuator,1,1,0.9999999090804883,0.2794676077386231
80810000,0.5,4,world,1,1,0.9999999999902467,0.2794676077386231
80810000,0.5,4,visual,1,1,0.9986900952503028,0.2794676077386231
80810000,0.5,6,actuator,1,1,0.9999999999896367,0.2603760718270873
80810000,0.5,6,world,1,1,0.9999999999762603,0.26037607182708716
80810000,0.5,6,visual,1,1,0.9999999999395341,0.2603760718270873
80810000,0.5,12,actuator,1,1,1.0,0.2274035417312512
80810000,0.5,12,world,1,1,0.9999999999999978,0.2274035417312512
80810000,0.5,12,visual,1,1,1.0,0.2274035417312512
80810000,1.0,4,actuator,1,1,0.952304769489772,1.1178704309544925
80810000,1.0,4,world,1,1,0.9997018975577495,1.1178704309544925
80810000,1.0,4,visual,0,0,0.6578494398397409,1.0326546135232535
80810000,1.0,6,actuator,1,1,0.9839567430949194,1.041504287308349
80810000,1.0,6,world,1,1,0.9980376944084491,1.041504287308349
80810000,1.0,6,visual,1,1,0.9966172525383773,1.041504287308349
80810000,1.0,12,actuator,1,1,0.9999726664139522,0.9096141669250049
80810000,1.0,12,world,1,1,0.9924777583079194,0.9096141669250049
80810000,1.0,12,visual,1,1,0.9999799315548731,0.9096141669250049
80810001,0.18,4,actuator,1,1,1.0,0.020373296636529717
80810001,0.18,4,world,1,1,1.0,0.020373296636529717
80810001,0.18,4,visual,1,1,1.0,0.020373296636529713
80810001,0.18,6,actuator,1,1,1.0,0.021245857849085045
80810001,0.18,6,world,1,1,1.0,0.021245857849085042
80810001,0.18,6,visual,1,1,1.0,0.021245857849085045
80810001,0.18,12,actuator,1,1,1.0,0.024078855448592913
80810001,0.18,12,world,1,1,1.0,0.02407885544859292
80810001,0.18,12,visual,1,1,1.0,0.024078855448592913
80810001,0.5,4,actuator,1,1,0.9999999998854561,0.1572013629361861
80810001,0.5,4,world,1,1,0.9999999992269815,0.15720136293618608
80810001,0.5,4,visual,1,1,0.9999797887429319,0.15720136293618608
80810001,0.5,6,actuator,1,1,1.0,0.16393408834170564
80810001,0.5,6,world,1,1,0.9999999972808642,0.16393408834170564
80810001,0.5,6,visual,1,1,0.9999999999976743,0.16393408834170564
80810001,0.5,12,actuator,1,1,1.0,0.18579363772062438
80810001,0.5,12,world,1,1,1.0,0.18579363772062438
80810001,0.5,12,visual,1,1,0.9999999999999998,0.18579363772062438
80810001,1.0,4,actuator,1,1,0.9980101295891508,0.6288054517447444
80810001,1.0,4,world,1,1,0.9938051331926016,0.6288054517447443
80810001,1.0,4,visual,0,0,0.7575662983915264,0.6288054517447443
80810001,1.0,6,actuator,1,1,0.9999940391698204,0.6557363533668226
80810001,1.0,6,world,1,1,0.979373414170056,0.6557363533668226
80810001,1.0,6,visual,1,1,0.9990332990885143,0.6557363533668226
80810001,1.0,12,actuator,1,1,0.99999997541341,0.7431745508824975
80810001,1.0,12,world,1,1,0.9999999792587395,0.7431745508824975
80810001,1.0,12,visual,1,1,0.9981751108172411,0.7431745508824975
80810002,0.18,4,actuator,1,1,1.0,0.03485706927947509
80810002,0.18,4,world,1,1,1.0,0.0348570692794751
80810002,0.18,4,visual,1,1,1.0,0.03485706927947509
80810002,0.18,6,actuator,1,1,1.0,0.042007503209086215
80810002,0.18,6,world,1,1,1.0,0.0420075032090862
80810002,0.18,6,visual,1,1,1.0,0.042007503209086215
80810002,0.18,12,actuator,1,1,1.0,0.0370905934562156
80810002,0.18,12,world,1,1,1.0,0.037090593456215605
80810002,0.18,12,visual,1,1,1.0,0.037090593456215605
80810002,0.5,4,actuator,0,0,0.7728886834555511,0.26895886789718443
80810002,0.5,4,world,1,1,0.9999999999712788,0.2689588678971845
80810002,0.5,4,visual,1,1,0.9995459494505179,0.2689588678971845
80810002,0.5,6,actuator,1,1,0.9999998602290756,0.32413196920591214
80810002,0.5,6,world,1,1,0.9999999999999971,0.32413196920591214
80810002,0.5,6,visual,1,1,0.999999516869057,0.3241319692059121
80810002,0.5,12,actuator,1,1,1.0,0.28619285074240436
80810002,0.5,12,world,1,1,1.0,0.28619285074240436
80810002,0.5,12,visual,1,1,0.9999999999999998,0.28619285074240436
80810002,1.0,4,actuator,1,0,0.8485819242823456,0.6524413667371499
80810002,1.0,4,world,1,1,0.9996486438016617,1.075835471588738
80810002,1.0,4,visual,0,0,0.48874764194872206,1.058747827492081
80810002,1.0,6,actuator,0,0,0.351439637341282,1.2886833851116688
80810002,1.0,6,world,1,1,0.9999780202313118,1.2965278768236483
80810002,1.0,6,visual,0,0,0.7791281505828759,1.2965278768236483
80810002,1.0,12,actuator,1,1,0.9998834368701175,1.1447714029696174
80810002,1.0,12,world,1,1,0.9999999867311045,1.1447714029696174
80810002,1.0,12,visual,1,1,0.9971629033647675,1.1447714029696174
80810003,0.18,4,actuator,1,1,1.0,0.04014460362106872
80810003,0.18,4,world,1,1,1.0,0.04014460362106871
80810003,0.18,4,visual,1,1,1.0,0.04014460362106872
80810003,0.18,6,actuator,1,1,1.0,0.042461184714322135
80810003,0.18,6,world,1,1,1.0,0.04246118471432214
80810003,0.18,6,visual,1,1,1.0,0.04246118471432214
80810003,0.18,12,actuator,1,1,1.0,0.037332481238019265
80810003,0.18,12,world,1,1,1.0,0.037332481238019265
80810003,0.18,12,visual,1,1,1.0,0.037332481238019265
80810003,0.5,4,actuator,1,1,0.999979078093829,0.3097577439897278
80810003,0.5,4,world,1,1,0.999233967632807,0.3097577439897278
80810003,0.5,4,visual,1,1,0.9999999099603677,0.30975774398972783
80810003,0.5,6,actuator,1,1,1.0,0.3276325981043375
80810003,0.5,6,world,1,1,0.9999998840904788,0.3276325981043375
80810003,0.5,6,visual,1,1,0.999999231669472,0.32763259810433754
80810003,0.5,12,actuator,1,1,1.0,0.28805926881187705
80810003,0.5,12,world,1,1,1.0,0.2880592688118771
80810003,0.5,12,visual,1,1,0.9999999999999689,0.2880592688118771
80810003,1.0,4,actuator,0,0,0.7753425359754763,1.239030975958911
80810003,1.0,4,world,0,0,0.5257477158550713,1.1873760539961355
80810003,1.0,4,visual,1,1,0.9825790819828634,1.2390309759589113
80810003,1.0,6,actuator,1,1,0.9999562378060268,1.31053039241735
80810003,1.0,6,world,1,1,0.991971210611263,1.0627029734820466
80810003,1.0,6,visual,0,0,0.7196384907899194,1.3105303924173501
80810003,1.0,12,actuator,1,1,0.9999872103639382,1.1522370752475082
80810003,1.0,12,world,1,1,0.9995078514419592,1.1522370752475082
80810003,1.0,12,visual,1,1,0.9984144033926468,1.0283233657798565
80810004,0.18,4,actuator,1,1,1.0,0.035918831663384436
80810004,0.18,4,world,1,1,1.0,0.035918831663384436
80810004,0.18,4,visual,1,1,1.0,0.03591883166338444
80810004,0.18,6,actuator,1,1,1.0,0.03547357207189945
80810004,0.18,6,world,1,1,1.0,0.03547357207189946
80810004,0.18,6,visual,1,1,1.0,0.03547357207189945
80810004,0.18,12,actuator,1,1,1.0,0.04050116089090585
80810004,0.18,12,world,1,1,1.0,0.04050116089090585
80810004,0.18,12,visual,1,1,1.0,0.04050116089090585
80810004,0.5,4,actuator,1,1,0.9999999999991114,0.2771514788841392
80810004,0.5,4,world,1,1,0.9999909979772941,0.2771514788841392
80810004,0.5,4,visual,1,1,0.9999919753279384,0.2771514788841392
80810004,0.5,6,actuator,1,1,1.0,0.27371583388811305
80810004,0.5,6,world,1,1,0.999999926214313,0.273715833888113
80810004,0.5,6,visual,1,1,0.9999999925882199,0.27371583388811305
80810004,0.5,12,actuator,1,1,1.0,0.31250895749155744
80810004,0.5,12,world,1,1,1.0,0.31250895749155744
80810004,0.5,12,visual,1,1,0.9999999999996645,0.31250895749155744
80810004,1.0,4,actuator,1,1,0.9996688058349145,1.1086059155365569
80810004,1.0,4,world,0,0,0.5366878163718528,1.1055281057272404
80810004,1.0,4,visual,0,0,0.7681714382067478,1.1086059155365569
80810004,1.0,6,actuator,1,1,0.9999998892729385,1.0948633355524524
80810004,1.0,6,world,0,0,0.7313437219722078,1.0948633355524524
80810004,1.0,6,visual,0,0,0.7573034520461334,1.0894073615785553
80810004,1.0,12,actuator,1,1,0.9999999995127984,1.2500358299662298
80810004,1.0,12,world,1,1,0.9999999987457793,1.2500358299662298
80810004,1.0,12,visual,1,1,0.9107499422557697,1.2500358299662298
80810005,0.18,4,actuator,1,1,1.0,0.037792231966147984
80810005,0.18,4,world,1,1,1.0,0.03779223196614797
80810005,0.18,4,visual,1,1,1.0,0.03779223196614797
80810005,0.18,6,actuator,1,1,1.0,0.030207607139964537
80810005,0.18,6,world,1,1,1.0,0.030207607139964527
80810005,0.18,6,visual,1,1,1.0,0.030207607139964527
80810005,0.18,12,actuator,1,1,1.0,0.03298722195567283
80810005,0.18,12,world,1,1,1.0,0.03298722195567283
80810005,0.18,12,visual,1,1,1.0,0.03298722195567283
80810005,0.5,4,actuator,1,1,0.9999952028124623,0.29160672813385796
80810005,0.5,4,world,1,1,0.9999999998519238,0.29160672813385796
80810005,0.5,4,visual,1,1,0.9999142815741289,0.2916067281338579
80810005,0.5,6,actuator,1,1,0.999999999999998,0.23308338842565232
80810005,0.5,6,world,1,1,0.9999999999999976,0.23308338842565232
80810005,0.5,6,visual,1,1,0.9999994344800015,0.23308338842565232
80810005,0.5,12,actuator,1,1,1.0,0.2545310336085867
80810005,0.5,12,world,1,1,1.0,0.2545310336085867
80810005,0.5,12,visual,1,1,0.9999999999999987,0.2545310336085867
80810005,1.0,4,actuator,1,1,0.8805164698693737,1.1664269125354318
80810005,1.0,4,world,1,1,0.9992151644746098,1.1664269125354318
80810005,1.0,4,visual,0,0,0.6536529366661227,1.1664269125354316
80810005,1.0,6,actuator,1,1,0.9993185316785865,0.9323335537026091
80810005,1.0,6,world,1,1,0.9999797265297545,0.9323335537026093
80810005,1.0,6,visual,0,0,0.7666418320419807,0.9323335537026093
80810005,1.0,12,actuator,1,1,0.9999999596042092,1.0181241344343468
80810005,1.0,12,world,1,1,0.9999999934732466,1.0181241344343468
80810005,1.0,12,visual,1,1,0.9942491505651619,1.0181241344343468
80810006,0.18,4,actuator,1,1,1.0,0.03262652934005156
80810006,0.18,4,world,1,1,1.0,0.03262652934005156
80810006,0.18,4,visual,1,1,1.0,0.03262652934005157
80810006,0.18,6,actuator,1,1,1.0,0.026785052303980848
80810006,0.18,6,world,1,1,1.0,0.026785052303980848
80810006,0.18,6,visual,1,1,1.0,0.026785052303980848
80810006,0.18,12,actuator,1,1,1.0,0.02837395004106366
80810006,0.18,12,world,1,1,1.0,0.02837395004106366
80810006,0.18,12,visual,1,1,1.0,0.02837395004106366
80810006,0.5,4,actuator,1,1,0.9963469043186977,0.25174791157447196
80810006,0.5,4,world,1,1,0.9999999975108791,0.25174791157447196
80810006,0.5,4,visual,1,1,0.999994912196602,0.25174791157447196
80810006,0.5,6,actuator,1,1,0.999999999999992,0.20667478629614855
80810006,0.5,6,world,1,1,0.9999999808212215,0.20667478629614852
80810006,0.5,6,visual,1,1,0.9999999999997369,0.20667478629614852
80810006,0.5,12,actuator,1,1,1.0,0.21893479969956534
80810006,0.5,12,world,1,1,0.9999999999999989,0.2189347996995653
80810006,0.5,12,visual,1,1,1.0,0.2189347996995653
80810006,1.0,4,actuator,0,0,0.7060931735106072,0.8575388938054997
80810006,1.0,4,world,1,1,0.9972802830648849,1.0069916462978878
80810006,1.0,4,visual,1,1,0.8901320280675252,1.0069916462978878
80810006,1.0,6,actuator,1,1,0.9992027393253134,0.8266991451845942
80810006,1.0,6,world,1,1,0.9470849396011908,0.8266991451845941
80810006,1.0,6,visual,1,1,0.9997683035770994,0.8266991451845941
80810006,1.0,12,actuator,1,1,0.9999942484928712,0.8757391987982613
80810006,1.0,12,world,1,1,0.99436185636482,0.8757391987982612
80810006,1.0,12,visual,1,1,0.9999976677200385,0.8757391987982612
80810007,0.18,4,actuator,1,1,1.0,0.034948738042292246
80810007,0.18,4,world,1,1,1.0,0.034948738042292246
80810007,0.18,4,visual,1,1,1.0,0.034948738042292246
80810007,0.18,6,actuator,1,1,1.0,0.029549398101167582
80810007,0.18,6,world,1,1,1.0,0.02954939810116758
80810007,0.18,6,visual,1,1,1.0,0.02954939810116758
80810007,0.18,12,actuator,1,1,1.0,0.026805056997565826
80810007,0.18,12,world,1,1,1.0,0.02680505699756582
80810007,0.18,12,visual,1,1,1.0,0.02680505699756582
80810007,0.5,4,actuator,1,1,0.9999998881786819,0.269666188597934
80810007,0.5,4,world,1,1,0.9999277859247256,0.269666188597934
80810007,0.5,4,visual,1,1,0.9999873025527373,0.23935273132950868
80810007,0.5,6,actuator,1,1,0.9999999999988438,0.22800461497814495
80810007,0.5,6,world,1,1,0.9999999999638709,0.22800461497814495
80810007,0.5,6,visual,1,1,0.9999569893798246,0.21056314273127197
80810007,0.5,12,actuator,1,1,1.0,0.20682914349973633
80810007,0.5,12,world,1,1,1.0,0.20682914349973627
80810007,0.5,12,visual,1,1,0.9999999999999998,0.20682914349973633
80810007,1.0,4,actuator,0,0,0.7082017440954267,1.078664754391736
80810007,1.0,4,world,0,0,0.5853225593747837,0.8807527035424816
80810007,1.0,4,visual,1,1,0.9707967271160647,0.7680378398548853
80810007,1.0,6,actuator,1,1,0.9736338027168181,0.9120184599125798
80810007,1.0,6,world,1,1,0.9815034074949531,0.8327709150028596
80810007,1.0,6,visual,1,1,0.8825060206570496,0.6271355154188338
80810007,1.0,12,actuator,1,1,0.9999960395779417,0.8273165739989453
80810007,1.0,12,world,1,1,0.9969448983176408,0.8273165739989451
80810007,1.0,12,visual,1,1,0.9992553750737001,0.7876928015440852
80810008,0.18,4,actuator,1,1,1.0,0.03314175332184243
80810008,0.18,4,world,1,1,1.0,0.033141753321842424
80810008,0.18,4,visual,1,1,1.0,0.033141753321842424
80810008,0.18,6,actuator,1,1,1.0,0.026308751815181577
80810008,0.18,6,world,1,1,1.0,0.02630875181518157
80810008,0.18,6,visual,1,1,1.0,0.026308751815181577
80810008,0.18,12,actuator,1,1,1.0,0.028398903480552767
80810008,0.18,12,world,1,1,1.0,0.028398903480552764
80810008,0.18,12,visual,1,1,1.0,0.028398903480552764
80810008,0.5,4,actuator,1,1,0.9999999972779523,0.2557234052611299
80810008,0.5,4,world,1,1,0.9999999993981237,0.25572340526112985
80810008,0.5,4,visual,1,1,0.9999781425845703,0.25572340526112985
80810008,0.5,6,actuator,1,1,0.9999999999958207,0.20299962820356157
80810008,0.5,6,world,1,1,0.9999999991286574,0.20299962820356157
80810008,0.5,6,visual,1,1,0.999999999998364,0.20299962820356157
80810008,0.5,12,actuator,1,1,1.0,0.21912734167093184
80810008,0.5,12,world,1,1,0.9999999999993798,0.21912734167093184
80810008,0.5,12,visual,1,1,1.0,0.21912734167093184
80810008,1.0,4,actuator,1,1,0.9965435661387513,1.0228936210445196
80810008,1.0,4,world,1,1,0.9967866346747849,1.0228936210445196
80810008,1.0,4,visual,0,0,0.7793501666050918,1.0228936210445194
80810008,1.0,6,actuator,1,1,0.9765600013913881,0.8119985128142462
80810008,1.0,6,world,1,1,0.9882314250503738,0.8119985128142462
80810008,1.0,6,visual,1,1,0.9994753954518761,0.8119985128142462
80810008,1.0,12,actuator,1,1,0.9999986847260613,0.8765093666837274
80810008,1.0,12,world,1,1,0.8863943658135717,0.8765093666837274
80810008,1.0,12,visual,1,1,0.9999997434237894,0.8765093666837274
80810009,0.18,4,actuator,1,1,1.0,0.04103436720068368
80810009,0.18,4,world,1,1,1.0,0.04103436720068368
80810009,0.18,4,visual,1,1,1.0,0.04103436720068368
80810009,0.18,6,actuator,1,1,1.0,0.03757926781029958
80810009,0.18,6,world,1,1,1.0,0.03757926781029958
80810009,0.18,6,visual,1,1,1.0,0.03757926781029958
80810009,0.18,12,actuator,1,1,1.0,0.03741836580314254
80810009,0.18,12,world,1,1,1.0,0.03741836580314254
80810009,0.18,12,visual,1,1,1.0,0.03741836580314254
80810009,0.5,4,actuator,1,1,0.9988933934980242,0.316623203708979
80810009,0.5,4,world,1,1,0.999979286549495,0.31662320370897906
80810009,0.5,4,visual,1,1,0.9999528234625579,0.21698852749808278
80810009,0.5,6,actuator,1,1,0.9999999999910101,0.28996348619058315
80810009,0.5,6,world,1,1,0.9999999999983848,0.28996348619058326
80810009,0.5,6,visual,1,1,0.9999998975250236,0.2899634861905832
80810009,0.5,12,actuator,1,1,1.0,0.28872195835758135
80810009,0.5,12,world,1,1,1.0,0.28872195835758135
80810009,0.5,12,visual,1,1,1.0,0.2887219583575813
80810009,1.0,4,actuator,0,0,0.6850467590170309,0.8372266345708348
80810009,1.0,4,world,0,0,0.6688452448325298,1.0985563092498198
80810009,1.0,4,visual,1,1,0.933172907204843,0.8172234624141236
80810009,1.0,6,actuator,1,1,0.9859976272803979,1.1598539447623326
80810009,1.0,6,world,1,1,0.9978061001951113,1.1598539447623328
80810009,1.0,6,visual,1,1,0.9590562993704528,1.0406714075703662
80810009,1.0,12,actuator,1,1,0.9998164417349104,1.1548878334303254
80810009,1.0,12,world,1,1,0.9999814685826146,1.1548878334303254
80810009,1.0,12,visual,1,1,0.9999327845795087,1.1548878334303254
80810010,0.18,4,actuator,1,1,1.0,0.041457015313469674
80810010,0.18,4,world,1,1,1.0,0.04145701531346967
80810010,0.18,4,visual,1,1,1.0,0.041457015313469674
80810010,0.18,6,actuator,1,1,1.0,0.042535646066242126
80810010,0.18,6,world,1,1,1.0,0.042535646066242126
80810010,0.18,6,visual,1,1,1.0,0.042535646066242126
80810010,0.18,12,actuator,1,1,1.0,0.03363417243350541
80810010,0.18,12,world,1,1,1.0,0.03363417243350541
80810010,0.18,12,visual,1,1,1.0,0.03363417243350541
80810010,0.5,4,actuator,1,1,0.9999466359106307,0.31988437741874753
80810010,0.5,4,world,1,1,0.9965655484519822,0.31988437741874753
80810010,0.5,4,visual,1,1,0.9999999999292744,0.31988437741874753
80810010,0.5,6,actuator,1,1,1.0,0.32820714557285596
80810010,0.5,6,world,1,1,0.9999999807658947,0.32820714557285596
80810010,0.5,6,visual,1,1,0.999999999870256,0.32820714557285596
80810010,0.5,12,actuator,1,1,1.0,0.2595229354437146
80810010,0.5,12,world,1,1,1.0,0.2595229354437146
80810010,0.5,12,visual,1,1,1.0,0.2595229354437146
80810010,1.0,4,actuator,0,0,0.5503867380426085,1.2292101980433112
80810010,1.0,4,world,0,0,0.7618791791418883,1.1339411140490832
80810010,1.0,4,visual,1,1,0.9993469690278465,1.2795375096749901
80810010,1.0,6,actuator,1,1,0.9999692486105368,1.3128285822914239
80810010,1.0,6,world,1,1,0.9467405501165859,1.3128285822914239
80810010,1.0,6,visual,1,1,0.9933840569604508,1.3128285822914239
80810010,1.0,12,actuator,1,1,0.9999999826647378,1.0380917417748583
80810010,1.0,12,world,1,1,0.9999945832627191,1.0380917417748583
80810010,1.0,12,visual,1,1,0.9997274481012706,1.0380917417748583
80810011,0.18,4,actuator,1,1,1.0,0.017245521664255525
80810011,0.18,4,world,1,1,1.0,0.017245521664255525
80810011,0.18,4,visual,1,1,1.0,0.017245521664255525
80810011,0.18,6,actuator,1,1,1.0,0.0234786200467136
80810011,0.18,6,world,1,1,1.0,0.0234786200467136
80810011,0.18,6,visual,1,1,1.0,0.0234786200467136
80810011,0.18,12,actuator,1,1,1.0,0.03358471687327216
80810011,0.18,12,world,1,1,1.0,0.03358471687327214
80810011,0.18,12,visual,1,1,1.0,0.03358471687327214
80810011,0.5,4,actuator,1,1,0.9999999807407726,0.1330672967920951
80810011,0.5,4,world,1,1,0.9999989553293409,0.1330672967920951
80810011,0.5,4,visual,1,1,0.9999999874614202,0.1330672967920951
80810011,0.5,6,actuator,1,1,0.999999999999996,0.18116219171846915
80810011,0.5,6,world,1,1,0.9999999607489571,0.18116219171846915
80810011,0.5,6,visual,1,1,0.9999999999557347,0.18116219171846915
80810011,0.5,12,actuator,1,1,1.0,0.25914133389870486
80810011,0.5,12,world,1,1,1.0,0.2591413338987049
80810011,0.5,12,visual,1,1,1.0,0.25914133389870486
80810011,1.0,4,actuator,1,1,0.9893438831921955,0.5322691871683805
80810011,1.0,4,world,1,1,0.9417131176858885,0.5322691871683805
80810011,1.0,4,visual,1,1,0.9913327985182658,0.5322691871683805
80810011,1.0,6,actuator,1,1,0.9993924605515849,0.7246487668738766
80810011,1.0,6,world,1,1,0.9259642716527334,0.7246487668738766
80810011,1.0,6,visual,1,1,0.9970027411107129,0.7246487668738766
80810011,1.0,12,actuator,1,1,0.9999999986502883,1.0365653355948194
80810011,1.0,12,world,1,1,0.9999999710897773,1.0365653355948194
80810011,1.0,12,visual,1,1,0.9986685587597486,1.0365653355948194
80810012,0.18,4,actuator,1,1,1.0,0.03347241677325522
80810012,0.18,4,world,1,1,1.0,0.03347241677325523
80810012,0.18,4,visual,1,1,1.0,0.03347241677325522
80810012,0.18,6,actuator,1,1,1.0,0.03435694102976785
80810012,0.18,6,world,1,1,1.0,0.03435694102976786
80810012,0.18,6,visual,1,1,1.0,0.03435694102976786
80810012,0.18,12,actuator,1,1,1.0,0.03457493150066753
80810012,0.18,12,world,1,1,1.0,0.03457493150066753
80810012,0.18,12,visual,1,1,1.0,0.03457493150066753
80810012,0.5,4,actuator,1,1,0.9999996059979264,0.2582748207812903
80810012,0.5,4,world,1,1,0.9999999875990645,0.2582748207812903
80810012,0.5,4,visual,1,1,0.9999989787729786,0.2582748207812904
80810012,0.5,6,actuator,1,1,0.9999999999981795,0.26509985362475197
80810012,0.5,6,world,1,1,0.9999983235792971,0.26509985362475197
80810012,0.5,6,visual,1,1,0.9999999999999991,0.26509985362475197
80810012,0.5,12,actuator,1,1,1.0,0.26678187886317534
80810012,0.5,12,world,1,1,1.0,0.26678187886317534
80810012,0.5,12,visual,1,1,1.0,0.2667818788631754
80810012,1.0,4,actuator,1,1,0.856094967583547,1.0330992831251613
80810012,1.0,4,world,1,1,0.9939085094759545,1.0330992831251613
80810012,1.0,4,visual,1,1,0.9475627406916858,1.0330992831251615
80810012,1.0,6,actuator,1,1,0.9694974211217338,1.0603994144990079
80810012,1.0,6,world,0,0,0.6568806103663495,1.0603994144990079
80810012,1.0,6,visual,1,1,0.9999881189896601,1.0603994144990079
80810012,1.0,12,actuator,1,1,0.9999999999209108,1.0671275154527013
80810012,1.0,12,world,1,1,0.9987484786324193,1.0671275154527016
80810012,1.0,12,visual,1,1,0.9999998108790737,1.0671275154527016
80810013,0.18,4,actuator,1,1,1.0,0.039465881934573704
80810013,0.18,4,world,1,1,1.0,0.039465881934573704
80810013,0.18,4,visual,1,1,1.0,0.039465881934573704
80810013,0.18,6,actuator,1,1,1.0,0.038540187574817246
80810013,0.18,6,world,1,1,1.0,0.038540187574817246
80810013,0.18,6,visual,1,1,1.0,0.038540187574817246
80810013,0.18,12,actuator,1,1,1.0,0.04023562302101911
80810013,0.18,12,world,1,1,1.0,0.04023562302101911
80810013,0.18,12,visual,1,1,1.0,0.04023562302101911
80810013,0.5,4,actuator,1,1,0.9999999999993627,0.30452069393961195
80810013,0.5,4,world,1,1,0.9999983933347686,0.30452069393961195
80810013,0.5,4,visual,1,1,0.9999991816504168,0.30452069393961195
80810013,0.5,6,actuator,1,1,1.0,0.29737799054642944
80810013,0.5,6,world,1,1,0.999999999999019,0.2973779905464294
80810013,0.5,6,visual,1,1,0.9999999984744345,0.2973779905464294
80810013,0.5,12,actuator,1,1,1.0,0.3104600541745302
80810013,0.5,12,world,1,1,1.0,0.3104600541745302
80810013,0.5,12,visual,1,1,0.9999999999996241,0.31046005417453015
80810013,1.0,4,actuator,1,1,0.9998773021521414,1.2180827757584478
80810013,1.0,4,world,0,0,0.6657701400187768,1.2180827757584478
80810013,1.0,4,visual,0,0,0.7314408963003611,1.2180827757584478
80810013,1.0,6,actuator,1,1,0.9999992990844503,1.1895119621857175
80810013,1.0,6,world,1,1,0.9995725848299237,1.1895119621857175
80810013,1.0,6,visual,1,1,0.9729155238702778,1.1895119621857175
80810013,1.0,12,actuator,1,1,0.999999999999996,1.2418402166981206
80810013,1.0,12,world,1,1,0.9999999996156315,1.2418402166981206
80810013,1.0,12,visual,1,1,0.9090330646658952,1.2418402166981206
80810014,0.18,4,actuator,1,1,1.0,0.0455220336041796
80810014,0.18,4,world,1,1,1.0,0.04552203360417959
80810014,0.18,4,visual,1,1,1.0,0.0455220336041796
80810014,0.18,6,actuator,1,1,1.0,0.03599737047624995
80810014,0.18,6,world,1,1,1.0,0.03599737047624994
80810014,0.18,6,visual,1,1,1.0,0.03599737047624994
80810014,0.18,12,actuator,1,1,1.0,0.03543173506766326
80810014,0.18,12,world,1,1,1.0,0.03543173506766327
80810014,0.18,12,visual,1,1,1.0,0.03543173506766328
80810014,0.5,4,actuator,1,1,0.999999997869329,0.35125025929150927
80810014,0.5,4,world,1,1,0.9999999955066148,0.3512502592915093
80810014,0.5,4,visual,1,1,0.9806970957822129,0.35125025929150927
80810014,0.5,6,actuator,1,1,0.9999999999999702,0.2777574882426694
80810014,0.5,6,world,1,1,0.9999999999702898,0.2777574882426694
80810014,0.5,6,visual,1,1,0.9999999949764595,0.2777574882426694
80810014,0.5,12,actuator,1,1,1.0,0.2733930174974018
80810014,0.5,12,world,1,1,1.0,0.2733930174974018
80810014,0.5,12,visual,1,1,1.0,0.2733930174974018
80810014,1.0,4,actuator,1,1,0.997462256786524,1.405001037166037
80810014,1.0,4,world,1,1,0.9735822527244965,1.4050010371660373
80810014,1.0,4,visual,0,0,0.45989600723722823,1.1515992430386086
80810014,1.0,6,actuator,1,1,0.9967415826922074,1.1110299529706775
80810014,1.0,6,world,1,1,0.9978057786918152,1.1110299529706775
80810014,1.0,6,visual,1,1,0.9721782792503126,1.1110299529706775
80810014,1.0,12,actuator,1,1,0.9999999998975104,1.0935720699896072
80810014,1.0,12,world,1,1,0.9999999398990397,1.0935720699896072
80810014,1.0,12,visual,1,1,0.9993722041397483,1.0935720699896072
80810015,0.18,4,actuator,1,1,1.0,0.04159080204452581
80810015,0.18,4,world,1,1,1.0,0.04159080204452581
80810015,0.18,4,visual,1,1,1.0,0.04159080204452582
80810015,0.18,6,actuator,1,1,1.0,0.0359720141648009
80810015,0.18,6,world,1,1,1.0,0.0359720141648009
80810015,0.18,6,visual,1,1,1.0,0.0359720141648009
80810015,0.18,12,actuator,1,1,1.0,0.050704535321706413
80810015,0.18,12,world,1,1,1.0,0.050704535321706413
80810015,0.18,12,visual,1,1,1.0,0.05070453532170641
80810015,0.5,4,actuator,1,1,0.9999998162064707,0.32091668244232885
80810015,0.5,4,world,1,1,0.999999999933519,0.32091668244232885
80810015,0.5,4,visual,1,1,0.840358860251431,0.32091668244232885
80810015,0.5,6,actuator,1,1,0.999999999998834,0.277561837691365
80810015,0.5,6,world,1,1,1.0,0.27756183769136494
80810015,0.5,6,visual,1,1,0.999165416131092,0.277561837691365
80810015,0.5,12,actuator,1,1,1.0,0.39123869846995696
80810015,0.5,12,world,1,1,1.0,0.39123869846995696
80810015,0.5,12,visual,1,1,0.9999999999999936,0.3912386984699569
80810015,1.0,4,actuator,0,0,0.557215961893339,1.2836667297693154
80810015,1.0,4,world,1,1,0.9981493284753626,1.2836667297693154
80810015,1.0,4,visual,1,0,0.8563258914382461,0.8874791936816716
80810015,1.0,6,actuator,1,1,0.9885716473452233,1.11024735076546
80810015,1.0,6,world,1,1,0.9999932750275606,1.1102473507654598
80810015,1.0,6,visual,1,0,0.9143741389978249,0.9055699914450924
80810015,1.0,12,actuator,1,1,0.999979307644649,1.5649547938798278
80810015,1.0,12,world,1,1,0.999979503334413,1.5649547938798278
80810015,1.0,12,visual,1,1,0.9870720574694012,1.5649547938798276
80810016,0.18,4,actuator,1,1,1.0,0.03974909325556872
80810016,0.18,4,world,1,1,1.0,0.03974909325556872
80810016,0.18,4,visual,1,1,1.0,0.03974909325556872
80810016,0.18,6,actuator,1,1,1.0,0.03234518133440892
80810016,0.18,6,world,1,1,1.0,0.032345181334408925
80810016,0.18,6,visual,1,1,1.0,0.032345181334408925
80810016,0.18,12,actuator,1,1,1.0,0.037140273996164125
80810016,0.18,12,world,1,1,1.0,0.037140273996164125
80810016,0.18,12,visual,1,1,1.0,0.037140273996164125
80810016,0.5,4,actuator,1,1,0.9999999997610995,0.30670596647815374
80810016,0.5,4,world,1,1,0.9999990348720456,0.30670596647815374
80810016,0.5,4,visual,1,1,0.9999985398282183,0.30670596647815374
80810016,0.5,6,actuator,1,1,0.9999999998807789,0.2495770164692047
80810016,0.5,6,world,1,1,0.9999998595110338,0.24957701646920463
80810016,0.5,6,visual,1,1,0.999999999979696,0.24957701646920463
80810016,0.5,12,actuator,1,1,1.0,0.2865761882420072
80810016,0.5,12,world,1,1,0.9999999999999898,0.28657618824200715
80810016,0.5,12,visual,1,1,1.0,0.28657618824200715
80810016,1.0,4,actuator,1,1,0.996477796921436,1.226823865912615
80810016,1.0,4,world,1,1,0.921764085282711,1.226823865912615
80810016,1.0,4,visual,1,1,0.9104948954420806,1.225728589860589
80810016,1.0,6,actuator,1,1,0.9628524070983058,0.9983080658768188
80810016,1.0,6,world,1,1,0.8679918948131701,0.9983080658768188
80810016,1.0,6,visual,1,1,0.9968678307126742,0.9983080658768188
80810016,1.0,12,actuator,1,1,0.9999954176150629,1.1463047529680288
80810016,1.0,12,world,1,1,0.9837495564517564,1.1463047529680286
80810016,1.0,12,visual,1,1,0.999783948849709,1.1463047529680286
80810017,0.18,4,actuator,1,1,1.0,0.018725997533014516
80810017,0.18,4,world,1,1,1.0,0.018725997533014516
80810017,0.18,4,visual,1,1,1.0,0.018725997533014516
80810017,0.18,6,actuator,1,1,1.0,0.03482512721102445
80810017,0.18,6,world,1,1,1.0,0.03482512721102445
80810017,0.18,6,visual,1,1,1.0,0.03482512721102446
80810017,0.18,12,actuator,1,1,1.0,0.03429525307094647
80810017,0.18,12,world,1,1,1.0,0.03429525307094647
80810017,0.18,12,visual,1,1,1.0,0.03429525307094647
80810017,0.5,4,actuator,1,1,0.9999999272668034,0.14449072170535893
80810017,0.5,4,world,1,1,0.9999999454908549,0.14449072170535893
80810017,0.5,4,visual,1,1,0.9999997662933879,0.14449072170535893
80810017,0.5,6,actuator,1,1,0.9999999999989433,0.26871240131963314
80810017,0.5,6,world,1,1,0.9999999999999996,0.26871240131963314
80810017,0.5,6,visual,1,1,0.9999966675652001,0.26871240131963314
80810017,0.5,12,actuator,1,1,1.0,0.2646238662881672
80810017,0.5,12,world,1,1,0.9999999999999987,0.2646238662881672
80810017,0.5,12,visual,1,1,1.0,0.2646238662881672
80810017,1.0,4,actuator,1,1,0.9787440449925241,0.5779628868214357
80810017,1.0,4,world,1,1,0.9867316189102837,0.5779628868214356
80810017,1.0,4,visual,1,1,0.9715356463647414,0.5779628868214357
80810017,1.0,6,actuator,1,1,0.9771149958762647,1.0748496052785326
80810017,1.0,6,world,1,1,0.9999916555318242,1.0748496052785326
80810017,1.0,6,visual,0,0,0.5758207877843435,1.0748496052785326
80810017,1.0,12,actuator,1,1,0.9999884759354067,1.0584954651526688
80810017,1.0,12,world,1,1,0.9938576319807415,1.058495465152669
80810017,1.0,12,visual,1,1,0.9999984749447831,1.0584954651526688
80810018,0.18,4,actuator,1,1,1.0,0.03186359399757748
80810018,0.18,4,world,1,1,1.0,0.031863593997577495
80810018,0.18,4,visual,1,1,1.0,0.031863593997577495
80810018,0.18,6,actuator,1,1,1.0,0.027645020130943578
80810018,0.18,6,world,1,1,1.0,0.027645020130943592
80810018,0.18,6,visual,1,1,1.0,0.027645020130943592
80810018,0.18,12,actuator,1,1,1.0,0.03262307863570924
80810018,0.18,12,world,1,1,1.0,0.03262307863570925
80810018,0.18,12,visual,1,1,1.0,0.03262307863570925
80810018,0.5,4,actuator,1,1,0.9999971069369588,0.2458610647961226
80810018,0.5,4,world,1,1,0.9999999989618262,0.24586106479612263
80810018,0.5,4,visual,1,1,0.9698060274321749,0.2458610647961226
80810018,0.5,6,actuator,1,1,0.999999999999923,0.21331034051654
80810018,0.5,6,world,1,1,0.999999998738115,0.21331034051654005
80810018,0.5,6,visual,1,1,0.999999998002773,0.21331034051654005
80810018,0.5,12,actuator,1,1,1.0,0.2517212857693614
80810018,0.5,12,world,1,1,1.0,0.2517212857693615
80810018,0.5,12,visual,1,1,1.0,0.2517212857693615
80810018,1.0,4,actuator,1,1,0.9138851651922574,0.9834442591844904
80810018,1.0,4,world,1,1,0.9865020033335682,0.9834442591844904
80810018,1.0,4,visual,0,0,0.7675305919920697,0.7002934930724691
80810018,1.0,6,actuator,1,1,0.9971821902882809,0.85324136206616
80810018,1.0,6,world,1,1,0.985865209363045,0.8532413620661602
80810018,1.0,6,visual,1,1,0.98188589607985,0.8532413620661602
80810018,1.0,12,actuator,1,1,0.9999919508135098,1.0068851430774457
80810018,1.0,12,world,1,1,0.9996247024529786,1.006885143077446
80810018,1.0,12,visual,1,1,0.9999928687235905,1.006885143077446
80810019,0.18,4,actuator,1,1,1.0,0.05214198306234388
80810019,0.18,4,world,1,1,1.0,0.05214198306234388
80810019,0.18,4,visual,1,1,1.0,0.052141983062343876
80810019,0.18,6,actuator,1,1,1.0,0.04792948007318071
80810019,0.18,6,world,1,1,1.0,0.0479294800731807
80810019,0.18,6,visual,1,1,1.0,0.0479294800731807
80810019,0.18,12,actuator,1,1,1.0,0.03647051252894131
80810019,0.18,12,world,1,1,1.0,0.03647051252894132
80810019,0.18,12,visual,1,1,1.0,0.03647051252894132
80810019,0.5,4,actuator,1,1,0.9999999965749367,0.4023301162217892
80810019,0.5,4,world,1,1,0.9999999965250679,0.4023301162217892
80810019,0.5,4,visual,1,1,0.9999960855939674,0.40233011622178916
80810019,0.5,6,actuator,1,1,0.999999999999972,0.3698262351325672
80810019,0.5,6,world,1,1,0.9999999998587144,0.3698262351325671
80810019,0.5,6,visual,1,1,0.999999999455996,0.3698262351325671
80810019,0.5,12,actuator,1,1,1.0,0.28140827568627563
80810019,0.5,12,world,1,1,1.0,0.28140827568627563
80810019,0.5,12,visual,1,1,1.0,0.28140827568627563
80810019,1.0,4,actuator,1,1,0.9947472341138459,1.6093204648871569
80810019,1.0,4,world,1,1,0.9933116979957172,1.6093204648871569
80810019,1.0,4,visual,1,1,0.8703055542728271,1.6093204648871569
80810019,1.0,6,actuator,1,1,0.9993964285086163,1.4793049405302687
80810019,1.0,6,world,1,1,0.9951873017909273,1.4793049405302687
80810019,1.0,6,visual,1,1,0.987452906392439,1.4793049405302687
80810019,1.0,12,actuator,1,1,0.9999999932729144,1.1256331027451025
80810019,1.0,12,world,1,1,0.9999943937996588,1.1256331027451025
80810019,1.0,12,visual,1,1,0.9999323383449615,1.1256331027451025
80810020,0.18,4,actuator,1,1,1.0,0.028052882909237853
80810020,0.18,4,world,1,1,1.0,0.028052882909237856
80810020,0.18,4,visual,1,1,1.0,0.028052882909237853
80810020,0.18,6,actuator,1,1,1.0,0.028661143334318406
80810020,0.18,6,world,1,1,1.0,0.028661143334318406
80810020,0.18,6,visual,1,1,1.0,0.028661143334318406
80810020,0.18,12,actuator,1,1,1.0,0.02942752298790093
80810020,0.18,12,world,1,1,1.0,0.02942752298790093
80810020,0.18,12,visual,1,1,1.0,0.02942752298790093
80810020,0.5,4,actuator,1,1,0.9999998185962635,0.21645742985523037
80810020,0.5,4,world,1,1,0.999907596089394,0.21645742985523037
80810020,0.5,4,visual,1,1,0.9999758321989287,0.21645742985523037
80810020,0.5,6,actuator,1,1,0.999999999999569,0.2211507973327038
80810020,0.5,6,world,1,1,0.9999999999982665,0.2211507973327038
80810020,0.5,6,visual,1,1,0.9999672633628605,0.2211507973327038
80810020,0.5,12,actuator,1,1,1.0,0.2270642205856553
80810020,0.5,12,world,1,1,1.0,0.2270642205856553
80810020,0.5,12,visual,1,1,1.0,0.22706422058565534
80810020,1.0,4,actuator,1,1,0.9599986494417978,0.8658297194209215
80810020,1.0,4,world,0,0,0.7267859441724893,0.6796660421897888
80810020,1.0,4,visual,1,1,0.8395652347077077,0.7761746030691477
80810020,1.0,6,actuator,1,1,0.9902162516954461,0.8846031893308152
80810020,1.0,6,world,1,1,0.9979820931087178,0.8846031893308152
80810020,1.0,6,visual,0,0,0.5584851456507807,0.7827338175164872
80810020,1.0,12,actuator,1,1,0.999999981637791,0.9082568823426213
80810020,1.0,12,world,1,1,0.999990862656306,0.9082568823426213
80810020,1.0,12,visual,1,1,0.9996692808825454,0.9082568823426213
80810021,0.18,4,actuator,1,1,1.0,0.04019297856071432
80810021,0.18,4,world,1,1,1.0,0.04019297856071431
80810021,0.18,4,visual,1,1,1.0,0.04019297856071432
80810021,0.18,6,actuator,1,1,1.0,0.03385112831337151
80810021,0.18,6,world,1,1,1.0,0.03385112831337151
80810021,0.18,6,visual,1,1,1.0,0.03385112831337151
80810021,0.18,12,actuator,1,1,1.0,0.030002478395731207
80810021,0.18,12,world,1,1,1.0,0.030002478395731207
80810021,0.18,12,visual,1,1,1.0,0.030002478395731207
80810021,0.5,4,actuator,1,1,0.9980279838835556,0.3101310074129192
80810021,0.5,4,world,1,1,0.9999835116003215,0.3101310074129192
80810021,0.5,4,visual,1,1,0.9999999926913186,0.31013100741291916
80810021,0.5,6,actuator,1,1,0.9999999971714377,0.2611969777266321
80810021,0.5,6,world,1,1,0.9999999994145934,0.26119697772663203
80810021,0.5,6,visual,1,1,0.9999999995705444,0.2611969777266321
80810021,0.5,12,actuator,1,1,1.0,0.23150060490533342
80810021,0.5,12,world,1,1,1.0,0.23150060490533342
80810021,0.5,12,visual,1,1,1.0,0.23150060490533342
80810021,1.0,4,actuator,0,0,0.3953753466581313,1.1253666555728183
80810021,1.0,4,world,1,1,0.817932906403887,1.2405240296516769
80810021,1.0,4,visual,1,1,0.9935684854619725,1.2405240296516766
80810021,1.0,6,actuator,0,0,0.7218905568211542,1.0447879109065283
80810021,1.0,6,world,1,1,0.990327757292218,1.0447879109065281
80810021,1.0,6,visual,1,1,0.9912149986205132,1.0447879109065283
80810021,1.0,12,actuator,1,1,0.9999847357455224,0.9260024196213337
80810021,1.0,12,world,1,1,0.9999172273306831,0.9260024196213337
80810021,1.0,12,visual,1,1,0.9999693983437277,0.9260024196213337
80810022,0.18,4,actuator,1,1,1.0,0.035866648361529814
80810022,0.18,4,world,1,1,1.0,0.03586664836152982
80810022,0.18,4,visual,1,1,1.0,0.035866648361529814
80810022,0.18,6,actuator,1,1,1.0,0.03606710533567949
80810022,0.18,6,world,1,1,1.0,0.0360671053356795
80810022,0.18,6,visual,1,1,1.0,0.0360671053356795
80810022,0.18,12,actuator,1,1,1.0,0.04271952334932718
80810022,0.18,12,world,1,1,1.0,0.04271952334932718
80810022,0.18,12,visual,1,1,1.0,0.04271952334932718
80810022,0.5,4,actuator,1,1,0.9999055213522664,0.27674882995007577
80810022,0.5,4,world,1,1,0.9999997053203116,0.27674882995007577
80810022,0.5,4,visual,1,1,0.9999990240355089,0.27674882995007577
80810022,0.5,6,actuator,1,1,1.0,0.2782955658617246
80810022,0.5,6,world,1,1,0.9999999999999998,0.2782955658617246
80810022,0.5,6,visual,1,1,0.9999924214957351,0.2782955658617246
80810022,0.5,12,actuator,1,1,1.0,0.3296259517694999
80810022,0.5,12,world,1,1,1.0,0.3296259517694999
80810022,0.5,12,visual,1,1,1.0,0.3296259517694999
80810022,1.0,4,actuator,0,0,0.60282175738703,1.106995319800303
80810022,1.0,4,world,1,1,0.9708031489926766,1.106995319800303
80810022,1.0,4,visual,1,1,0.9477685287382364,1.106995319800303
80810022,1.0,6,actuator,1,1,0.9999904623461622,1.1131822634468984
80810022,1.0,6,world,1,1,0.9999943356580339,1.1131822634468984
80810022,1.0,6,visual,0,0,0.5252777708367216,1.1044400709852489
80810022,1.0,12,actuator,1,1,0.9999995436529281,1.3185038070779995
80810022,1.0,12,world,1,1,0.9999865124055186,1.3185038070779995
80810022,1.0,12,visual,1,1,0.9999971979742518,1.3185038070779995
80810023,0.18,4,actuator,1,1,1.0,0.02387943580091774
80810023,0.18,4,world,1,1,1.0,0.023879435800917736
80810023,0.18,4,visual,1,1,1.0,0.023879435800917736
80810023,0.18,6,actuator,1,1,1.0,0.023371186104507766
80810023,0.18,6,world,1,1,1.0,0.023371186104507766
80810023,0.18,6,visual,1,1,1.0,0.02337118610450777
80810023,0.18,12,actuator,1,1,1.0,0.02654782233100439
80810023,0.18,12,world,1,1,1.0,0.02654782233100439
80810023,0.18,12,visual,1,1,1.0,0.02654782233100439
80810023,0.5,4,actuator,1,1,0.9999704641513989,0.1842549058712789
80810023,0.5,4,world,1,1,0.9999999998429416,0.18425490587127888
80810023,0.5,4,visual,1,1,0.9999193728944581,0.18425490587127888
80810023,0.5,6,actuator,1,1,0.9999999999998193,0.1803332261150291
80810023,0.5,6,world,1,1,0.9999999999997953,0.1803332261150291
80810023,0.5,6,visual,1,1,0.9999999930412191,0.1803332261150291
80810023,0.5,12,actuator,1,1,1.0,0.20484430810960183
80810023,0.5,12,world,1,1,1.0,0.20484430810960183
80810023,0.5,12,visual,1,1,1.0,0.20484430810960183
80810023,1.0,4,actuator,0,0,0.5072826560387794,0.7283907770827946
80810023,1.0,4,world,1,1,0.9993102901485361,0.7370196234851155
80810023,1.0,4,visual,0,0,0.6708106256624609,0.7370196234851155
80810023,1.0,6,actuator,1,1,0.9895306972554054,0.7213329044601164
80810023,1.0,6,world,1,1,0.9998174609521496,0.7213329044601164
80810023,1.0,6,visual,1,1,0.9674371428393039,0.7213329044601164
80810023,1.0,12,actuator,1,1,0.9991204816033852,0.8193772324384073
80810023,1.0,12,world,1,1,0.9998722085671597,0.8193772324384073
80810023,1.0,12,visual,1,1,0.9999986788229303,0.8193772324384073
80810024,0.18,4,actuator,1,1,1.0,0.01586451340252376
80810024,0.18,4,world,1,1,1.0,0.015864513402523758
80810024,0.18,4,visual,1,1,1.0,0.015864513402523758
80810024,0.18,6,actuator,1,1,1.0,0.022462918920686924
80810024,0.18,6,world,1,1,1.0,0.02246291892068693
80810024,0.18,6,visual,1,1,1.0,0.022462918920686928
80810024,0.18,12,actuator,1,1,1.0,0.028303970148284733
80810024,0.18,12,world,1,1,1.0,0.02830397014828473
80810024,0.18,12,visual,1,1,1.0,0.028303970148284733
80810024,0.5,4,actuator,1,1,0.9999994210529418,0.12241136884663398
80810024,0.5,4,world,1,1,0.9997834522894948,0.12241136884663398
80810024,0.5,4,visual,1,1,0.999999146717452,0.12241136884663398
80810024,0.5,6,actuator,1,1,0.9999999999999216,0.17332499167196702
80810024,0.5,6,world,1,1,0.9999999999988636,0.17332499167196702
80810024,0.5,6,visual,1,1,0.9999999799041386,0.17332499167196702
80810024,0.5,12,actuator,1,1,1.0,0.21839483139108595
80810024,0.5,12,world,1,1,1.0,0.21839483139108595
80810024,0.5,12,visual,1,1,0.9999999999999942,0.21839483139108595
80810024,1.0,4,actuator,1,1,0.8615194550084931,0.4896454753865359
80810024,1.0,4,world,0,0,0.5384174228410695,0.4896454753865359
80810024,1.0,4,visual,1,1,0.9468794807418903,0.4896454753865359
80810024,1.0,6,actuator,1,1,0.9985948449451393,0.6932999666878681
80810024,1.0,6,world,1,1,0.9995646707447506,0.6932999666878681
80810024,1.0,6,visual,1,1,0.9359904913482784,0.6932999666878681
80810024,1.0,12,actuator,1,1,0.9999992707050748,0.8735793255643438
80810024,1.0,12,world,1,1,0.9999982234688675,0.8735793255643438
80810024,1.0,12,visual,1,1,0.9877384683983294,0.8735793255643438
80810025,0.18,4,actuator,1,1,1.0,0.028678772267418984
80810025,0.18,4,world,1,1,1.0,0.02867877226741899
80810025,0.18,4,visual,1,1,1.0,0.028678772267418995
80810025,0.18,6,actuator,1,1,1.0,0.02681824820918445
80810025,0.18,6,world,1,1,1.0,0.026818248209184454
80810025,0.18,6,visual,1,1,1.0,0.026818248209184454
80810025,0.18,12,actuator,1,1,1.0,0.03418248499841836
80810025,0.18,12,world,1,1,1.0,0.03418248499841836
80810025,0.18,12,visual,1,1,1.0,0.03418248499841836
80810025,0.5,4,actuator,1,1,0.999999742930593,0.22128682305107245
80810025,0.5,4,world,1,1,0.99999922436349,0.2212868230510724
80810025,0.5,4,visual,1,1,0.999995036266174,0.2212868230510724
80810025,0.5,6,actuator,1,1,0.9999999999999898,0.2069309275400035
80810025,0.5,6,world,1,1,0.9999999427802665,0.20693092754000345
80810025,0.5,6,visual,1,1,0.9999999918823516,0.20693092754000345
80810025,0.5,12,actuator,1,1,1.0,0.26375374227174664
80810025,0.5,12,world,1,1,1.0,0.26375374227174664
80810025,0.5,12,visual,1,1,0.999999999999996,0.26375374227174664
80810025,1.0,4,actuator,1,1,0.9642573829018163,0.8851472922042898
80810025,1.0,4,world,1,1,0.9338435342887421,0.8851472922042898
80810025,1.0,4,visual,1,1,0.8486672897637892,0.8851472922042898
80810025,1.0,6,actuator,1,1,0.9995414485475594,0.827723710160014
80810025,1.0,6,world,1,1,0.9090335784027923,0.8277237101600141
80810025,1.0,6,visual,1,1,0.9621257298807679,0.8277237101600141
80810025,1.0,12,actuator,1,1,0.9997662246046498,1.0550149690869866
80810025,1.0,12,world,1,1,0.9999992980745898,1.0550149690869868
80810025,1.0,12,visual,1,1,0.987123581211039,1.0550149690869868
80810026,0.18,4,actuator,1,1,1.0,0.023265639143254503
80810026,0.18,4,world,1,1,1.0,0.023265639143254507
80810026,0.18,4,visual,1,1,1.0,0.023265639143254503
80810026,0.18,6,actuator,1,1,1.0,0.02478274401906877
80810026,0.18,6,world,1,1,1.0,0.02478274401906877
80810026,0.18,6,visual,1,1,1.0,0.02478274401906877
80810026,0.18,12,actuator,1,1,1.0,0.023176917949473182
80810026,0.18,12,world,1,1,1.0,0.023176917949473186
80810026,0.18,12,visual,1,1,1.0,0.023176917949473186
80810026,0.5,4,actuator,1,1,0.9999999745142447,0.1795188205498033
80810026,0.5,4,world,1,1,0.999927511285686,0.1795188205498033
80810026,0.5,4,visual,1,1,0.9999999935800803,0.1795188205498033
80810026,0.5,6,actuator,1,1,1.0,0.1912248766903455
80810026,0.5,6,world,1,1,0.9999999971162503,0.19122487669034546
80810026,0.5,6,visual,1,1,0.9999999988215207,0.1912248766903455
80810026,0.5,12,actuator,1,1,1.0,0.17883424343729307
80810026,0.5,12,world,1,1,0.9999999999995786,0.17883424343729307
80810026,0.5,12,visual,1,1,1.0,0.17883424343729307
80810026,1.0,4,actuator,1,1,0.9464929194563195,0.7180752821992132
80810026,1.0,4,world,0,0,0.6806859916104597,0.7180752821992133
80810026,1.0,4,visual,1,1,0.9941074045560666,0.7180752821992133
80810026,1.0,6,actuator,1,1,0.9999989344113119,0.764899506761382
80810026,1.0,6,world,1,1,0.9780575848808618,0.764899506761382
80810026,1.0,6,visual,1,1,0.978522530115246,0.764899506761382
80810026,1.0,12,actuator,1,1,0.9999963904659043,0.7153369737491723
80810026,1.0,12,world,1,1,0.9044305258051265,0.7153369737491723
80810026,1.0,12,visual,1,1,0.9998939067841717,0.7153369737491723
80810027,0.18,4,actuator,1,1,1.0,0.01628484476402802
80810027,0.18,4,world,1,1,1.0,0.01628484476402802
80810027,0.18,4,visual,1,1,1.0,0.016284844764028025
80810027,0.18,6,actuator,1,1,1.0,0.02776843458884486
80810027,0.18,6,world,1,1,1.0,0.02776843458884486
80810027,0.18,6,visual,1,1,1.0,0.027768434588844856
80810027,0.18,12,actuator,1,1,1.0,0.030474438534486118
80810027,0.18,12,world,1,1,1.0,0.030474438534486115
80810027,0.18,12,visual,1,1,1.0,0.030474438534486125
80810027,0.5,4,actuator,1,1,0.9999999844715743,0.12565466638910516
80810027,0.5,4,world,1,1,0.9999996382468023,0.12565466638910516
80810027,0.5,4,visual,1,1,0.9999994260052787,0.12565466638910516
80810027,0.5,6,actuator,1,1,0.9999999999999962,0.2142626125682474
80810027,0.5,6,world,1,1,0.9999999999999778,0.21426261256824738
80810027,0.5,6,visual,1,1,0.9999995128833984,0.2142626125682474
80810027,0.5,12,actuator,1,1,1.0,0.23514227264263987
80810027,0.5,12,world,1,1,1.0,0.23514227264263984
80810027,0.5,12,visual,1,1,1.0,0.23514227264263984
80810027,1.0,4,actuator,1,1,0.9918319942562928,0.5026186655564207
80810027,1.0,4,world,1,1,0.9483070594430811,0.5026186655564207
80810027,1.0,4,visual,1,1,0.9347079396312481,0.5026186655564207
80810027,1.0,6,actuator,1,1,0.998882500405303,0.8570504502729897
80810027,1.0,6,world,1,1,0.9999372271954164,0.8570504502729897
80810027,1.0,6,visual,0,0,0.7735531412830681,0.8570504502729897
80810027,1.0,12,actuator,1,1,0.9999999981977323,0.9405690905705595
80810027,1.0,12,world,1,1,0.9999198118742891,0.9405690905705596
80810027,1.0,12,visual,1,1,0.9999918308872616,0.9405690905705595
80810028,0.18,4,actuator,1,1,1.0,0.032625411796724985
80810028,0.18,4,world,1,1,1.0,0.03262541179672497
80810028,0.18,4,visual,1,1,1.0,0.032625411796724985
80810028,0.18,6,actuator,1,1,1.0,0.02928838597836068
80810028,0.18,6,world,1,1,1.0,0.02928838597836068
80810028,0.18,6,visual,1,1,1.0,0.02928838597836068
80810028,0.18,12,actuator,1,1,1.0,0.03441864317180857
80810028,0.18,12,world,1,1,1.0,0.03441864317180857
80810028,0.18,12,visual,1,1,1.0,0.03441864317180857
80810028,0.5,4,actuator,1,1,0.9999999986761159,0.25173928855497674
80810028,0.5,4,world,1,1,0.9999999997268598,0.2517392885549768
80810028,0.5,4,visual,1,1,0.9999512784016656,0.2517392885549768
80810028,0.5,6,actuator,1,1,1.0,0.22599063254907936
80810028,0.5,6,world,1,1,0.9999999999999902,0.2259906325490794
80810028,0.5,6,visual,1,1,0.9999998532477596,0.22599063254907936
80810028,0.5,12,actuator,1,1,1.0,0.26557595039975757
80810028,0.5,12,world,1,1,0.9999999999999998,0.2655759503997575
80810028,0.5,12,visual,1,1,1.0,0.26557595039975757
80810028,1.0,4,actuator,1,1,0.9948453104405536,1.006957154219907
80810028,1.0,4,world,1,1,0.9976673705705814,1.006957154219907
80810028,1.0,4,visual,0,0,0.7016035905251269,1.006957154219907
80810028,1.0,6,actuator,1,1,0.9999956213405093,0.9039625301963174
80810028,1.0,6,world,1,1,0.9999601728261719,0.9039625301963173
80810028,1.0,6,visual,1,1,0.8656930125102971,0.9039625301963173
80810028,1.0,12,actuator,1,1,0.9999999982539587,1.0623038015990303
80810028,1.0,12,world,1,1,0.9980462832345098,1.0623038015990303
80810028,1.0,12,visual,1,1,0.9999999451577598,1.0623038015990303
80810029,0.18,4,actuator,1,1,1.0,0.04005248212396493
80810029,0.18,4,world,1,1,1.0,0.04005248212396494
80810029,0.18,4,visual,1,1,1.0,0.040052482123964936
80810029,0.18,6,actuator,1,1,1.0,0.033349191204762374
80810029,0.18,6,world,1,1,1.0,0.03334919120476237
80810029,0.18,6,visual,1,1,1.0,0.03334919120476237
80810029,0.18,12,actuator,1,1,1.0,0.038408142509383354
80810029,0.18,12,world,1,1,1.0,0.038408142509383354
80810029,0.18,12,visual,1,1,1.0,0.038408142509383354
80810029,0.5,4,actuator,1,1,0.999423498289851,0.3090469299688653
80810029,0.5,4,world,1,1,0.9999991498913293,0.3090469299688653
80810029,0.5,4,visual,1,1,0.9999894178143686,0.3090469299688653
80810029,0.5,6,actuator,1,1,0.9999999999859415,0.25732400620958623
80810029,0.5,6,world,1,1,0.9999999995381237,0.25732400620958623
80810029,0.5,6,visual,1,1,0.9999999981045671,0.25732400620958623
80810029,0.5,12,actuator,1,1,1.0,0.2963591243007975
80810029,0.5,12,world,1,1,0.9999999999979725,0.2963591243007975
80810029,0.5,12,visual,1,1,1.0,0.2963591243007975
80810029,1.0,4,actuator,0,0,0.5547650981456236,1.202320669492691
80810029,1.0,4,world,1,1,0.950978940000167,1.2361877198754612
80810029,1.0,4,visual,1,1,0.844931895306697,1.2361877198754612
80810029,1.0,6,actuator,1,1,0.9642777517816596,1.029296024838345
80810029,1.0,6,world,1,1,0.9913824994507426,1.029296024838345
80810029,1.0,6,visual,1,1,0.9804551829805257,1.029296024838345
80810029,1.0,12,actuator,1,1,0.9999986933900883,1.18543649720319
80810029,1.0,12,world,1,1,0.9680203021619898,1.1042668978411705
80810029,1.0,12,visual,1,1,0.9997917989397285,1.18543649720319
80810030,0.18,4,actuator,1,1,1.0,0.03022839389219832
80810030,0.18,4,world,1,1,1.0,0.03022839389219833
80810030,0.18,4,visual,1,1,1.0,0.03022839389219833
80810030,0.18,6,actuator,1,1,1.0,0.029699711017262608
80810030,0.18,6,world,1,1,1.0,0.0296997110172626
80810030,0.18,6,visual,1,1,1.0,0.0296997110172626
80810030,0.18,12,actuator,1,1,1.0,0.030983913059730698
80810030,0.18,12,world,1,1,1.0,0.030983913059730694
80810030,0.18,12,visual,1,1,1.0,0.030983913059730694
80810030,0.5,4,actuator,1,1,0.9990406237547514,0.23324378003239454
80810030,0.5,4,world,1,1,0.9999988501829473,0.23324378003239452
80810030,0.5,4,visual,1,1,0.999973419954198,0.23324378003239454
80810030,0.5,6,actuator,1,1,0.999999995797296,0.22916443686159416
80810030,0.5,6,world,1,1,0.9999999999999951,0.22916443686159424
80810030,0.5,6,visual,1,1,0.9998224203157144,0.22916443686159424
80810030,0.5,12,actuator,1,1,1.0,0.23907340323866277
80810030,0.5,12,world,1,1,1.0,0.2390734032386628
80810030,0.5,12,visual,1,1,1.0,0.2390734032386628
80810030,1.0,4,actuator,0,0,0.5669355736715385,0.7280448440721148
80810030,1.0,4,world,1,1,0.9132801682560849,0.9329751201295782
80810030,1.0,4,visual,0,0,0.7792998981768477,0.8931897965635213
80810030,1.0,6,actuator,0,0,0.7749076314142634,0.9166577474463766
80810030,1.0,6,world,1,1,0.9999684690542964,0.9166577474463766
80810030,1.0,6,visual,1,0,0.8320757152619995,0.7764966253485334
80810030,1.0,12,actuator,1,1,0.9951170330044826,0.9562936129546511
80810030,1.0,12,world,1,1,0.9997436875417323,0.9562936129546511
80810030,1.0,12,visual,1,1,0.9999436579369728,0.9562936129546511
80810031,0.18,4,actuator,1,1,1.0,0.023717176249744322
80810031,0.18,4,world,1,1,1.0,0.02371717624974432
80810031,0.18,4,visual,1,1,1.0,0.02371717624974432
80810031,0.18,6,actuator,1,1,1.0,0.027786532435402755
80810031,0.18,6,world,1,1,1.0,0.027786532435402748
80810031,0.18,6,visual,1,1,1.0,0.027786532435402755
80810031,0.18,12,actuator,1,1,1.0,0.03324990010469464
80810031,0.18,12,world,1,1,1.0,0.033249900104694634
80810031,0.18,12,visual,1,1,1.0,0.033249900104694634
80810031,0.5,4,actuator,1,1,0.9999881273486454,0.18300290316160744
80810031,0.5,4,world,1,1,0.9994692571245902,0.1830029031616074
80810031,0.5,4,visual,1,1,0.9999969623204932,0.1830029031616074
80810031,0.5,6,actuator,1,1,1.0,0.21440225644600888
80810031,0.5,6,world,1,1,0.999999988404994,0.21440225644600888
80810031,0.5,6,visual,1,1,0.9999999787846374,0.21440225644600888
80810031,0.5,12,actuator,1,1,1.0,0.25655787117819934
80810031,0.5,12,world,1,1,0.9999999999999922,0.25655787117819934
80810031,0.5,12,visual,1,1,0.9999999999999998,0.25655787117819934
80810031,1.0,4,actuator,0,0,0.7325513974041733,0.7320116126464297
80810031,1.0,4,world,0,0,0.7367683390541492,0.5548058577794095
80810031,1.0,4,visual,1,1,0.8864627335356285,0.7255702782026374
80810031,1.0,6,actuator,1,1,0.9998815788948936,0.8576090257840355
80810031,1.0,6,world,1,1,0.8932221939394144,0.8576090257840355
80810031,1.0,6,visual,1,1,0.971329049291299,0.7752445090888527
80810031,1.0,12,actuator,1,1,0.9999923605031963,1.0262314847127973
80810031,1.0,12,world,1,1,0.9859201304040518,1.0262314847127973
80810031,1.0,12,visual,1,1,0.9976175088593633,1.0262314847127973
80810032,0.18,4,actuator,1,1,1.0,0.023581866874051054
80810032,0.18,4,world,1,1,1.0,0.023581866874051043
80810032,0.18,4,visual,1,1,1.0,0.023581866874051047
80810032,0.18,6,actuator,1,1,1.0,0.019791849041446135
80810032,0.18,6,world,1,1,1.0,0.019791849041446135
80810032,0.18,6,visual,1,1,1.0,0.019791849041446135
80810032,0.18,12,actuator,1,1,1.0,0.01997533129180117
80810032,0.18,12,world,1,1,1.0,0.01997533129180117
80810032,0.18,12,visual,1,1,1.0,0.01997533129180117
80810032,0.5,4,actuator,1,1,0.9823355393711872,0.1819588493368137
80810032,0.5,4,world,1,1,0.9999999963219905,0.1819588493368137
80810032,0.5,4,visual,1,1,0.9984072299717179,0.1819588493368137
80810032,0.5,6,actuator,1,1,0.9999999996366549,0.15271488457905968
80810032,0.5,6,world,1,1,0.9999999996603166,0.1527148845790597
80810032,0.5,6,visual,1,1,0.9999999996381359,0.1527148845790597
80810032,0.5,12,actuator,1,1,1.0,0.154130642683651
80810032,0.5,12,world,1,1,1.0,0.15413064268365104
80810032,0.5,12,visual,1,1,1.0,0.15413064268365104
80810032,1.0,4,actuator,1,0,0.8712402900072431,0.4789849431743797
80810032,1.0,4,world,1,1,0.9965225655960198,0.7278353973472548
80810032,1.0,4,visual,0,0,0.6825300465652404,0.6303807316177801
80810032,1.0,6,actuator,1,1,0.8326767541007678,0.6108595383162387
80810032,1.0,6,world,1,1,0.9926167982133827,0.6108595383162388
80810032,1.0,6,visual,1,1,0.9920322826743291,0.6108595383162388
80810032,1.0,12,actuator,1,1,0.9999737063861611,0.616522570734604
80810032,1.0,12,world,1,1,0.999269457753734,0.6165225707346041
80810032,1.0,12,visual,1,1,0.9999866595999226,0.6165225707346041
80810033,0.18,4,actuator,1,1,1.0,0.028290249874774145
80810033,0.18,4,world,1,1,1.0,0.028290249874774145
80810033,0.18,4,visual,1,1,1.0,0.02829024987477414
80810033,0.18,6,actuator,1,1,1.0,0.025216953835884248
80810033,0.18,6,world,1,1,1.0,0.025216953835884248
80810033,0.18,6,visual,1,1,1.0,0.025216953835884248
80810033,0.18,12,actuator,1,1,1.0,0.02364826733046904
80810033,0.18,12,world,1,1,1.0,0.023648267330469045
80810033,0.18,12,visual,1,1,1.0,0.023648267330469045
80810033,0.5,4,actuator,1,1,0.9999977139308643,0.21828896508313383
80810033,0.5,4,world,1,1,0.9999999984371417,0.2182889650831338
80810033,0.5,4,visual,1,1,0.8782862662042388,0.21828896508313383
80810033,0.5,6,actuator,1,1,1.0,0.19457526107935375
80810033,0.5,6,world,1,1,0.9999999995602658,0.19457526107935377
80810033,0.5,6,visual,1,1,0.9999995309744157,0.19457526107935377
80810033,0.5,12,actuator,1,1,1.0,0.18247119853756977
80810033,0.5,12,world,1,1,1.0,0.1824711985375698
80810033,0.5,12,visual,1,1,0.9999999992810422,0.18247119853756977
80810033,1.0,4,actuator,1,1,0.9234949863858012,0.8731558603325353
80810033,1.0,4,world,1,1,0.984065956945697,0.8731558603325353
80810033,1.0,4,visual,1,0,0.912850429343288,0.4966763431023092
80810033,1.0,6,actuator,1,1,0.9999764097608094,0.778301044317415
80810033,1.0,6,world,1,1,0.9843669466915057,0.778301044317415
80810033,1.0,6,visual,1,1,0.8664868110212721,0.7272316546721859
80810033,1.0,12,actuator,1,1,0.9999996206608446,0.7298847941502791
80810033,1.0,12,world,1,1,0.9999999999012017,0.7298847941502792
80810033,1.0,12,visual,1,0,0.8135665000390114,0.6684935109288644
80810034,0.18,4,actuator,1,1,1.0,0.015848741149677943
80810034,0.18,4,world,1,1,1.0,0.015848741149677936
80810034,0.18,4,visual,1,1,1.0,0.01584874114967794
80810034,0.18,6,actuator,1,1,1.0,0.01778346243808455
80810034,0.18,6,world,1,1,1.0,0.01778346243808455
80810034,0.18,6,visual,1,1,1.0,0.017783462438084544
80810034,0.18,12,actuator,1,1,1.0,0.018921243361442984
80810034,0.18,12,world,1,1,1.0,0.01892124336144298
80810034,0.18,12,visual,1,1,1.0,0.01892124336144298
80810034,0.5,4,actuator,1,1,0.9999997642229147,0.12228966936479896
80810034,0.5,4,world,1,1,0.9999999978951195,0.12228966936479896
80810034,0.5,4,visual,1,1,0.9999933403930578,0.12228966936479896
80810034,0.5,6,actuator,1,1,0.9999999999989546,0.13721807436793634
80810034,0.5,6,world,1,1,0.9999997413411167,0.13721807436793634
80810034,0.5,6,visual,1,1,0.9999999999970719,0.13721807436793634
80810034,0.5,12,actuator,1,1,1.0,0.1459972481592823
80810034,0.5,12,world,1,1,1.0,0.1459972481592823
80810034,0.5,12,visual,1,1,1.0,0.1459972481592823
80810034,1.0,4,actuator,1,1,0.9651808721933149,0.48915867745919583
80810034,1.0,4,world,1,1,0.9963053620966432,0.48915867745919583
80810034,1.0,4,visual,1,1,0.8436997966024475,0.48915867745919583
80810034,1.0,6,actuator,1,1,0.9934598350226189,0.5488722974717454
80810034,1.0,6,world,1,1,0.8296582492506606,0.5488722974717454
80810034,1.0,6,visual,1,1,0.9991582520249906,0.5488722974717454
80810034,1.0,12,actuator,1,1,0.9999053663434572,0.5839889926371292
80810034,1.0,12,world,1,1,0.9998986545255737,0.5839889926371292
80810034,1.0,12,visual,1,1,0.9998375291884727,0.5839889926371292
80810035,0.18,4,actuator,1,1,1.0,0.020794250222363007
80810035,0.18,4,world,1,1,1.0,0.02079425022236301
80810035,0.18,4,visual,1,1,1.0,0.020794250222363003
80810035,0.18,6,actuator,1,1,1.0,0.026974367900456778
80810035,0.18,6,world,1,1,1.0,0.026974367900456778
80810035,0.18,6,visual,1,1,1.0,0.026974367900456778
80810035,0.18,12,actuator,1,1,1.0,0.03526796500648944
80810035,0.18,12,world,1,1,1.0,0.03526796500648944
80810035,0.18,12,visual,1,1,1.0,0.03526796500648944
80810035,0.5,4,actuator,1,1,0.9999996572325489,0.16044946159230716
80810035,0.5,4,world,1,1,0.9999999479481925,0.16044946159230716
80810035,0.5,4,visual,1,1,0.9999874181324302,0.16044946159230716
80810035,0.5,6,actuator,1,1,0.999999999999944,0.20813555478747514
80810035,0.5,6,world,1,1,0.9999998519123305,0.20813555478747514
80810035,0.5,6,visual,1,1,0.9999999967864492,0.20813555478747514
80810035,0.5,12,actuator,1,1,1.0,0.2721293596179741
80810035,0.5,12,world,1,1,1.0,0.2721293596179741
80810035,0.5,12,visual,1,1,1.0,0.2721293596179741
80810035,1.0,4,actuator,1,1,0.8864424858623688,0.6417978463692287
80810035,1.0,4,world,1,1,0.9874406275635044,0.6417978463692287
80810035,1.0,4,visual,1,1,0.829062336109969,0.6417978463692287
80810035,1.0,6,actuator,1,1,0.9990048192106702,0.8325422191499006
80810035,1.0,6,world,1,1,0.9000983364492396,0.8042037371421902
80810035,1.0,6,visual,1,1,0.9738159749790266,0.8325422191499006
80810035,1.0,12,actuator,1,1,0.999999911777331,1.0885174384718963
80810035,1.0,12,world,1,1,0.9999993689760115,1.0885174384718963
80810035,1.0,12,visual,1,1,0.9986874062046045,1.074348197468041
80810036,0.18,4,actuator,1,1,1.0,0.055989600107586884
80810036,0.18,4,world,1,1,1.0,0.05598960010758688
80810036,0.18,4,visual,1,1,1.0,0.05598960010758688
80810036,0.18,6,actuator,1,1,1.0,0.04370534528635312
80810036,0.18,6,world,1,1,1.0,0.043705345286353114
80810036,0.18,6,visual,1,1,1.0,0.04370534528635312
80810036,0.18,12,actuator,1,1,1.0,0.05177791102105064
80810036,0.18,12,world,1,1,1.0,0.05177791102105064
80810036,0.18,12,visual,1,1,1.0,0.05177791102105064
80810036,0.5,4,actuator,1,1,0.9999999999962903,0.4320185193486643
80810036,0.5,4,world,1,1,0.999999411062467,0.4320185193486643
80810036,0.5,4,visual,1,1,0.9938835549755712,0.42012046969645855
80810036,0.5,6,actuator,1,1,0.9999999999999913,0.3372326025181569
80810036,0.5,6,world,1,1,0.9999999996613427,0.3372326025181569
80810036,0.5,6,visual,1,1,0.9999995174088703,0.3372326025181569
80810036,0.5,12,actuator,1,1,1.0,0.39952091837230447
80810036,0.5,12,world,1,1,1.0,0.39952091837230436
80810036,0.5,12,visual,1,1,1.0,0.39952091837230436
80810036,1.0,4,actuator,1,1,0.9955453195598833,1.728074077394657
80810036,1.0,4,world,1,1,0.9522625087405251,1.4606324998501459
80810036,1.0,4,visual,0,0,0.6241829147662703,1.4542779780902455
80810036,1.0,6,actuator,1,1,0.9993731002744375,1.3489304100726274
80810036,1.0,6,world,1,1,0.9786415900163633,1.3489304100726274
80810036,1.0,6,visual,1,1,0.91102254067092,1.2592545123837542
80810036,1.0,12,actuator,1,1,0.9999944046019197,1.5980836734892174
80810036,1.0,12,world,1,1,0.9999952091881982,1.5980836734892174
80810036,1.0,12,visual,1,1,0.9998826672789158,1.5980836734892174
80810037,0.18,4,actuator,1,1,1.0,0.03099821081391458
80810037,0.18,4,world,1,1,1.0,0.030998210813914576
80810037,0.18,4,visual,1,1,1.0,0.030998210813914573
80810037,0.18,6,actuator,1,1,1.0,0.026120122447499176
80810037,0.18,6,world,1,1,1.0,0.026120122447499183
80810037,0.18,6,visual,1,1,1.0,0.026120122447499176
80810037,0.18,12,actuator,1,1,1.0,0.023928176835519357
80810037,0.18,12,world,1,1,1.0,0.023928176835519357
80810037,0.18,12,visual,1,1,1.0,0.023928176835519354
80810037,0.5,4,actuator,1,1,0.9999950002730565,0.23918372541600758
80810037,0.5,4,world,1,1,0.9999999882303169,0.23918372541600758
80810037,0.5,4,visual,1,1,0.9999233038437547,0.23918372541600758
80810037,0.5,6,actuator,1,1,0.9999999999993854,0.20154415468749373
80810037,0.5,6,world,1,1,0.9999999999998896,0.20154415468749376
80810037,0.5,6,visual,1,1,0.9999999831387517,0.20154415468749373
80810037,0.5,12,actuator,1,1,1.0,0.18463099410122963
80810037,0.5,12,world,1,1,1.0,0.18463099410122963
80810037,0.5,12,visual,1,1,1.0,0.18463099410122963
80810037,1.0,4,actuator,1,1,0.8781676817578573,0.9567349016640303
80810037,1.0,4,world,1,1,0.9898741223477789,0.9567349016640303
80810037,1.0,4,visual,0,0,0.6773822600219679,0.9399066522581254
80810037,1.0,6,actuator,1,1,0.9883067449910888,0.8061766187499749
80810037,1.0,6,world,1,1,0.9997855354952293,0.8061766187499749
80810037,1.0,6,visual,1,1,0.9664796123438242,0.7671257947462454
80810037,1.0,12,actuator,1,1,0.9999998434184462,0.7385239764049185
80810037,1.0,12,world,1,1,0.9999978321569709,0.7385239764049185
80810037,1.0,12,visual,1,1,0.99998216820726,0.7385239764049185
80810038,0.18,4,actuator,1,1,1.0,0.03776638729794853
80810038,0.18,4,world,1,1,1.0,0.037766387297948525
80810038,0.18,4,visual,1,1,1.0,0.037766387297948525
80810038,0.18,6,actuator,1,1,1.0,0.03877245883571867
80810038,0.18,6,world,1,1,1.0,0.038772458835718664
80810038,0.18,6,visual,1,1,1.0,0.03877245883571867
80810038,0.18,12,actuator,1,1,1.0,0.03072269460440864
80810038,0.18,12,world,1,1,1.0,0.03072269460440864
80810038,0.18,12,visual,1,1,1.0,0.030722694604408633
80810038,0.5,4,actuator,1,1,0.99751144642885,0.291407309397751
80810038,0.5,4,world,1,1,0.9999953746941743,0.29140730939775095
80810038,0.5,4,visual,1,1,0.9999999705859017,0.29140730939775095
80810038,0.5,6,actuator,1,1,0.9999999997999789,0.2991702070657305
80810038,0.5,6,world,1,1,0.9999988672107847,0.29917020706573044
80810038,0.5,6,visual,1,1,0.999999999999325,0.29917020706573044
80810038,0.5,12,actuator,1,1,1.0,0.23705782873772097
80810038,0.5,12,world,1,1,1.0,0.23705782873772097
80810038,0.5,12,visual,1,1,1.0,0.23705782873772097
80810038,1.0,4,actuator,0,0,0.6126211239198529,1.040307027533781
80810038,1.0,4,world,1,1,0.8948689667896071,1.165629237591004
80810038,1.0,4,visual,1,1,0.9906685561757537,1.165629237591004
80810038,1.0,6,actuator,1,1,0.8849628966670209,1.196680828262922
80810038,1.0,6,world,0,0,0.6996035079177582,1.196680828262922
80810038,1.0,6,visual,1,1,0.9996659130030326,1.196680828262922
80810038,1.0,12,actuator,1,1,0.9999998207732644,0.9482313149508839
80810038,1.0,12,world,1,1,0.999994036593506,0.9482313149508839
80810038,1.0,12,visual,1,1,0.9998444193332772,0.9482313149508839
80810039,0.18,4,actuator,1,1,1.0,0.009494583040291493
80810039,0.18,4,world,1,1,1.0,0.009494583040291488
80810039,0.18,4,visual,1,1,1.0,0.009494583040291492
80810039,0.18,6,actuator,1,1,1.0,0.01223948451077779
80810039,0.18,6,world,1,1,1.0,0.012239484510777785
80810039,0.18,6,visual,1,1,1.0,0.012239484510777785
80810039,0.18,12,actuator,1,1,1.0,0.02223157258437962
80810039,0.18,12,world,1,1,1.0,0.02223157258437962
80810039,0.18,12,visual,1,1,1.0,0.022231572584379616
80810039,0.5,4,actuator,1,1,0.9999998882740175,0.07326067160718745
80810039,0.5,4,world,1,1,0.999999990721158,0.07326067160718744
80810039,0.5,4,visual,1,1,0.9999672885047561,0.07326067160718744
80810039,0.5,6,actuator,1,1,0.9999999999349969,0.0944404669041496
80810039,0.5,6,world,1,1,0.9999999999998619,0.09444046690414963
80810039,0.5,6,visual,1,1,0.9999999222855858,0.0944404669041496
80810039,0.5,12,actuator,1,1,1.0,0.1715399119165094
80810039,0.5,12,world,1,1,1.0,0.1715399119165094
80810039,0.5,12,visual,1,1,0.9999999999999925,0.1715399119165094
80810039,1.0,4,actuator,1,1,0.9551117395940661,0.2930426864287498
80810039,1.0,4,world,1,1,0.9943590338316477,0.29304268642874987
80810039,1.0,4,visual,0,0,0.7448751050832865,0.2930426864287498
80810039,1.0,6,actuator,1,1,0.9633204273718111,0.3777618676165984
80810039,1.0,6,world,1,1,0.9998497769471587,0.3777618676165984
80810039,1.0,6,visual,1,1,0.897311305315653,0.3777618676165985
80810039,1.0,12,actuator,1,1,0.9999979926226169,0.6861596476660377
80810039,1.0,12,world,1,1,0.9999999973408322,0.6861596476660377
80810039,1.0,12,visual,1,1,0.9860017522045548,0.6861596476660377
80810040,0.18,4,actuator,1,1,1.0,0.053591394192915004
80810040,0.18,4,world,1,1,1.0,0.053591394192915004
80810040,0.18,4,visual,1,1,1.0,0.05359139419291501
80810040,0.18,6,actuator,1,1,1.0,0.04844705312797724
80810040,0.18,6,world,1,1,1.0,0.04844705312797723
80810040,0.18,6,visual,1,1,1.0,0.04844705312797724
80810040,0.18,12,actuator,1,1,1.0,0.029174179345306462
80810040,0.18,12,world,1,1,1.0,0.029174179345306462
80810040,0.18,12,visual,1,1,1.0,0.029174179345306462
80810040,0.5,4,actuator,1,1,0.9944946699674525,0.41351384408113434
80810040,0.5,4,world,0,0,0.7677213973886363,0.37615433196505643
80810040,0.5,4,visual,1,1,0.9999955570841117,0.41351384408113434
80810040,0.5,6,actuator,1,1,0.999999999996523,0.3738198543825404
80810040,0.5,6,world,1,1,0.9999988280032341,0.37381985438254045
80810040,0.5,6,visual,1,1,0.9999999052309322,0.3738198543825404
80810040,0.5,12,actuator,1,1,1.0,0.22510940852859926
80810040,0.5,12,world,1,1,1.0,0.22510940852859926
80810040,0.5,12,visual,1,1,0.9999999999998985,0.22510940852859926
80810040,1.0,4,actuator,0,0,0.7536765066725477,1.3073388310006155
80810040,1.0,4,world,1,0,0.9070281073350738,0.9074543470797541
80810040,1.0,4,visual,1,1,0.9574256532532016,1.48217337131191
80810040,1.0,6,actuator,1,1,0.9060327726742805,1.4952794175301616
80810040,1.0,6,world,0,0,0.6085722851262108,1.339628823024908
80810040,1.0,6,visual,1,1,0.9837634948921133,1.3084164338159303
80810040,1.0,12,actuator,1,1,0.9999998975025658,0.900437634114397
80810040,1.0,12,world,1,1,0.9999959138652758,0.900437634114397
80810040,1.0,12,visual,1,1,0.991720009512132,0.8226123368617703
80810041,0.18,4,actuator,1,1,1.0,0.02758732502896356
80810041,0.18,4,world,1,1,1.0,0.027587325028963564
80810041,0.18,4,visual,1,1,1.0,0.027587325028963567
80810041,0.18,6,actuator,1,1,1.0,0.02323435741204859
80810041,0.18,6,world,1,1,1.0,0.023234357412048583
80810041,0.18,6,visual,1,1,1.0,0.023234357412048587
80810041,0.18,12,actuator,1,1,1.0,0.029639689263117417
80810041,0.18,12,world,1,1,1.0,0.029639689263117424
80810041,0.18,12,visual,1,1,1.0,0.029639689263117424
80810041,0.5,4,actuator,1,1,0.999999972166867,0.21286516226052132
80810041,0.5,4,world,1,1,0.9999973399377848,0.21286516226052132
80810041,0.5,4,visual,1,1,0.9999911570229133,0.21286516226052132
80810041,0.5,6,actuator,1,1,0.9999999999997742,0.17927744916704158
80810041,0.5,6,world,1,1,0.999999999974309,0.17927744916704158
80810041,0.5,6,visual,1,1,0.9999998259593218,0.17927744916704158
80810041,0.5,12,actuator,1,1,1.0,0.2287013060425727
80810041,0.5,12,world,1,1,1.0,0.2287013060425727
80810041,0.5,12,visual,1,1,1.0,0.2287013060425727
80810041,1.0,4,actuator,1,1,0.9409999811014262,0.8514606490420853
80810041,1.0,4,world,1,1,0.911407770704792,0.8514606490420853
80810041,1.0,4,visual,1,1,0.8365507680541703,0.8514606490420853
80810041,1.0,6,actuator,1,1,0.9981581814044402,0.7171097966681663
80810041,1.0,6,world,1,1,0.995525381014296,0.7171097966681663
80810041,1.0,6,visual,1,1,0.9142295707716018,0.6530409395805252
80810041,1.0,12,actuator,1,1,0.9999990558794304,0.9148052241702908
80810041,1.0,12,world,1,1,0.9995408776667988,0.9148052241702908
80810041,1.0,12,visual,1,1,0.9998642126372999,0.9148052241702908
80810042,0.18,4,actuator,1,1,1.0,0.02347375108874761
80810042,0.18,4,world,1,1,1.0,0.023473751088747608
80810042,0.18,4,visual,1,1,1.0,0.023473751088747614
80810042,0.18,6,actuator,1,1,1.0,0.024463080739064304
80810042,0.18,6,world,1,1,1.0,0.024463080739064304
80810042,0.18,6,visual,1,1,1.0,0.024463080739064298
80810042,0.18,12,actuator,1,1,1.0,0.03549102822681861
80810042,0.18,12,world,1,1,1.0,0.035491028226818606
80810042,0.18,12,visual,1,1,1.0,0.035491028226818606
80810042,0.5,4,actuator,1,1,0.9999999995457098,0.1811246225983612
80810042,0.5,4,world,1,1,0.999999990279064,0.1811246225983612
80810042,0.5,4,visual,1,1,0.9999574634674516,0.1811246225983612
80810042,0.5,6,actuator,1,1,0.9999999999999976,0.18875833903599004
80810042,0.5,6,world,1,1,0.9999999983626373,0.18875833903599
80810042,0.5,6,visual,1,1,0.9999999999775377,0.18875833903599
80810042,0.5,12,actuator,1,1,1.0,0.27385052644150165
80810042,0.5,12,world,1,1,1.0,0.27385052644150165
80810042,0.5,12,visual,1,1,1.0,0.27385052644150165
80810042,1.0,4,actuator,1,1,0.9930199637814682,0.7244984903934448
80810042,1.0,4,world,1,1,0.9913181812126064,0.7244984903934448
80810042,1.0,4,visual,0,0,0.6876035917366302,0.7244984903934448
80810042,1.0,6,actuator,1,1,0.9995136168769829,0.7550333561439602
80810042,1.0,6,world,1,1,0.9839235474728936,0.7550333561439602
80810042,1.0,6,visual,1,1,0.9974390701889175,0.75503335614396
80810042,1.0,12,actuator,1,1,0.9999131114790183,1.0954021057660066
80810042,1.0,12,world,1,1,0.9999331859193353,1.0954021057660066
80810042,1.0,12,visual,1,1,0.9998871757910341,1.0954021057660066
80810043,0.18,4,actuator,1,1,1.0,0.03317591216285781
80810043,0.18,4,world,1,1,1.0,0.03317591216285782
80810043,0.18,4,visual,1,1,1.0,0.03317591216285782
80810043,0.18,6,actuator,1,1,1.0,0.04205760795099605
80810043,0.18,6,world,1,1,1.0,0.04205760795099605
80810043,0.18,6,visual,1,1,1.0,0.04205760795099605
80810043,0.18,12,actuator,1,1,1.0,0.03674994531216511
80810043,0.18,12,world,1,1,1.0,0.03674994531216511
80810043,0.18,12,visual,1,1,1.0,0.03674994531216511
80810043,0.5,4,actuator,1,1,0.9999999992517918,0.2559869765652609
80810043,0.5,4,world,1,1,0.9999997889584386,0.2559869765652609
80810043,0.5,4,visual,1,1,0.9999627110032826,0.2559869765652609
80810043,0.5,6,actuator,1,1,0.9999996073443228,0.3245185798687967
80810043,0.5,6,world,1,1,0.9999999998335563,0.3245185798687967
80810043,0.5,6,visual,1,1,0.9999999993461122,0.3245185798687967
80810043,0.5,12,actuator,1,1,1.0,0.2835643928407802
80810043,0.5,12,world,1,1,1.0,0.2835643928407802
80810043,0.5,12,visual,1,1,1.0,0.2835643928407802
80810043,1.0,4,actuator,1,1,0.9932945170477419,1.0239479062610437
80810043,1.0,4,world,1,1,0.9536987866879902,1.0239479062610437
80810043,1.0,4,visual,0,0,0.6823966666484359,1.0239479062610437
80810043,1.0,6,actuator,0,0,0.5134447772957412,1.2460211464270627
80810043,1.0,6,world,1,1,0.9947968331416701,1.2980743194751867
80810043,1.0,6,visual,1,1,0.986154788072849,1.2980743194751867
80810043,1.0,12,actuator,1,1,0.9958757363703581,1.1342575713631209
80810043,1.0,12,world,1,1,0.9999847947511749,1.1342575713631209
80810043,1.0,12,visual,1,1,0.9999650229850562,1.1342575713631209
80810044,0.18,4,actuator,1,1,1.0,0.03739585243333833
80810044,0.18,4,world,1,1,1.0,0.03739585243333833
80810044,0.18,4,visual,1,1,1.0,0.03739585243333833
80810044,0.18,6,actuator,1,1,1.0,0.034916343161103924
80810044,0.18,6,world,1,1,1.0,0.03491634316110393
80810044,0.18,6,visual,1,1,1.0,0.03491634316110393
80810044,0.18,12,actuator,1,1,1.0,0.025900556692209493
80810044,0.18,12,world,1,1,1.0,0.025900556692209493
80810044,0.18,12,visual,1,1,1.0,0.025900556692209493
80810044,0.5,4,actuator,1,1,0.999865459905178,0.2885482440844007
80810044,0.5,4,world,1,1,0.9998881432127769,0.2885482440844007
80810044,0.5,4,visual,1,1,0.9999999803446921,0.2885482440844007
80810044,0.5,6,actuator,1,1,0.9999999999999736,0.26941622809493776
80810044,0.5,6,world,1,1,0.9999999999552529,0.26941622809493776
80810044,0.5,6,visual,1,1,0.9999999293718916,0.26941622809493776
80810044,0.5,12,actuator,1,1,1.0,0.19984997447692518
80810044,0.5,12,world,1,1,1.0,0.19984997447692518
80810044,0.5,12,visual,1,1,0.9999999999995475,0.19984997447692518
80810044,1.0,4,actuator,0,0,0.44862836985728016,1.1541929763376029
80810044,1.0,4,world,0,0,0.633423385885013,1.1541929763376029
80810044,1.0,4,visual,1,1,0.9919860142625679,1.1541929763376029
80810044,1.0,6,actuator,1,1,0.9971635657479925,1.077664912379751
80810044,1.0,6,world,1,1,0.9973063842056616,1.077664912379751
80810044,1.0,6,visual,1,1,0.9025373817524245,1.077664912379751
80810044,1.0,12,actuator,1,1,0.9999999989579915,0.7993998979077007
80810044,1.0,12,world,1,1,0.9999999996552225,0.7993998979077007
80810044,1.0,12,visual,1,1,0.9013092281438023,0.7993998979077007
80810045,0.18,4,actuator,1,1,1.0,0.0182641334996507
80810045,0.18,4,world,1,1,1.0,0.018264133499650698
80810045,0.18,4,visual,1,1,1.0,0.018264133499650698
80810045,0.18,6,actuator,1,1,1.0,0.022148160643552572
80810045,0.18,6,world,1,1,1.0,0.022148160643552572
80810045,0.18,6,visual,1,1,1.0,0.022148160643552572
80810045,0.18,12,actuator,1,1,1.0,0.03030500982231214
80810045,0.18,12,world,1,1,1.0,0.030305009822312132
80810045,0.18,12,visual,1,1,1.0,0.03030500982231214
80810045,0.5,4,actuator,1,1,0.9999999570466992,0.1409269560158233
80810045,0.5,4,world,1,1,0.9999925322533154,0.1409269560158233
80810045,0.5,4,visual,1,1,0.999994937656939,0.14092695601582333
80810045,0.5,6,actuator,1,1,0.9999999999999991,0.17089630126197974
80810045,0.5,6,world,1,1,0.9999999563162071,0.17089630126197972
80810045,0.5,6,visual,1,1,0.9999999950470728,0.17089630126197974
80810045,0.5,12,actuator,1,1,1.0,0.23383495233265542
80810045,0.5,12,world,1,1,1.0,0.23383495233265542
80810045,0.5,12,visual,1,1,0.9999999998459328,0.23383495233265542
80810045,1.0,4,actuator,1,1,0.9672311467349369,0.5637078240632933
80810045,1.0,4,world,1,1,0.8062814768816146,0.5637078240632932
80810045,1.0,4,visual,1,1,0.9018727091422217,0.5271756860205994
80810045,1.0,6,actuator,1,1,0.9998316919134868,0.683585205047919
80810045,1.0,6,world,1,1,0.9209332950406802,0.683585205047919
80810045,1.0,6,visual,1,1,0.9616201656367375,0.683585205047919
80810045,1.0,12,actuator,1,1,0.9999967711052097,0.9353398093306217
80810045,1.0,12,world,1,1,0.9999999921430273,0.9353398093306217
80810045,1.0,12,visual,0,0,0.6685747893984181,0.9060404781442308
80810046,0.18,4,actuator,1,1,1.0,0.04450651853359361
80810046,0.18,4,world,1,1,1.0,0.04450651853359361
80810046,0.18,4,visual,1,1,1.0,0.04450651853359361
80810046,0.18,6,actuator,1,1,1.0,0.03924072765550861
80810046,0.18,6,world,1,1,1.0,0.03924072765550861
80810046,0.18,6,visual,1,1,1.0,0.0392407276555086
80810046,0.18,12,actuator,1,1,1.0,0.03441321632778551
80810046,0.18,12,world,1,1,1.0,0.03441321632778551
80810046,0.18,12,visual,1,1,1.0,0.03441321632778551
80810046,0.5,4,actuator,1,1,0.9999447291485318,0.34341449485797537
80810046,0.5,4,world,1,1,0.9764166922412224,0.34341449485797537
80810046,0.5,4,visual,1,1,0.9997434438207702,0.34341449485797537
80810046,0.5,6,actuator,1,1,1.0,0.30278339240361585
80810046,0.5,6,world,1,1,0.9999999117719078,0.30278339240361585
80810046,0.5,6,visual,1,1,0.9997640885031842,0.30278339240361585
80810046,0.5,12,actuator,1,1,1.0,0.26553407660328326
80810046,0.5,12,world,1,1,1.0,0.26553407660328326
80810046,0.5,12,visual,1,1,0.9999999999790863,0.26553407660328326
80810046,1.0,4,actuator,0,0,0.5245128022048807,1.2709384962921317
80810046,1.0,4,world,0,0,0.41884763863547303,1.085404220594878
80810046,1.0,4,visual,0,0,0.5474128981353064,1.3526787391614767
80810046,1.0,6,actuator,1,1,0.999809818713893,1.2111335696144634
80810046,1.0,6,world,0,0,0.7546841183255417,1.098201939523534
80810046,1.0,6,visual,0,0,0.6600327019029243,1.059132963956509
80810046,1.0,12,actuator,1,1,0.9999999354926193,1.062136306413133
80810046,1.0,12,world,1,1,0.9999999264915606,1.062136306413133
80810046,1.0,12,visual,1,1,0.8298917450767157,1.0056704913676684
80810047,0.18,4,actuator,1,1,1.0,0.028639584691465218
80810047,0.18,4,world,1,1,1.0,0.028639584691465218
80810047,0.18,4,visual,1,1,1.0,0.02863958469146522
80810047,0.18,6,actuator,1,1,1.0,0.03851156485190695
80810047,0.18,6,world,1,1,1.0,0.03851156485190695
80810047,0.18,6,visual,1,1,1.0,0.03851156485190695
80810047,0.18,12,actuator,1,1,1.0,0.02682859806780917
80810047,0.18,12,world,1,1,1.0,0.02682859806780917
80810047,0.18,12,visual,1,1,1.0,0.026828598067809174
80810047,0.5,4,actuator,1,1,0.9999999993530373,0.22098444977982423
80810047,0.5,4,world,1,1,0.9999963299445301,0.22098444977982423
80810047,0.5,4,visual,1,1,0.9999999963564405,0.22098444977982423
80810047,0.5,6,actuator,1,1,1.0,0.29715713620298567
80810047,0.5,6,world,1,1,0.9999999999402243,0.29715713620298567
80810047,0.5,6,visual,1,1,0.9999999999242313,0.29715713620298567
80810047,0.5,12,actuator,1,1,1.0,0.20701078756025595
80810047,0.5,12,world,1,1,1.0,0.20701078756025595
80810047,0.5,12,visual,1,1,1.0,0.20701078756025595
80810047,1.0,4,actuator,1,1,0.9960357120509946,0.8839377991192969
80810047,1.0,4,world,1,1,0.8940848682222461,0.8839377991192969
80810047,1.0,4,visual,1,1,0.9937313220854657,0.8839377991192969
80810047,1.0,6,actuator,1,1,0.9999682409076669,1.1886285448119427
80810047,1.0,6,world,1,1,0.9968854503401361,1.1886285448119427
80810047,1.0,6,visual,1,1,0.9954204921591793,1.1886285448119427
80810047,1.0,12,actuator,1,1,0.99999999964166,0.8280431502410238
80810047,1.0,12,world,1,1,0.9999283120828586,0.8280431502410238
80810047,1.0,12,visual,1,1,0.9999940640676487,0.8280431502410238
80810048,0.18,4,actuator,1,1,1.0,0.02559192308144531
80810048,0.18,4,world,1,1,1.0,0.02559192308144532
80810048,0.18,4,visual,1,1,1.0,0.025591923081445308
80810048,0.18,6,actuator,1,1,1.0,0.02674457339309531
80810048,0.18,6,world,1,1,1.0,0.02674457339309531
80810048,0.18,6,visual,1,1,1.0,0.02674457339309531
80810048,0.18,12,actuator,1,1,1.0,0.027914453930755704
80810048,0.18,12,world,1,1,1.0,0.02791445393075571
80810048,0.18,12,visual,1,1,1.0,0.02791445393075571
80810048,0.5,4,actuator,1,1,0.9999967565493428,0.19746854229510274
80810048,0.5,4,world,1,1,0.9999999991854283,0.19746854229510274
80810048,0.5,4,visual,1,1,0.9999844511489363,0.19746854229510274
80810048,0.5,6,actuator,1,1,1.0,0.20636244902079715
80810048,0.5,6,world,1,1,0.9999999999999996,0.20636244902079715
80810048,0.5,6,visual,1,1,0.9999966644265056,0.20636244902079715
80810048,0.5,12,actuator,1,1,1.0,0.2153893050212632
80810048,0.5,12,world,1,1,1.0,0.2153893050212632
80810048,0.5,12,visual,1,1,1.0,0.2153893050212632
80810048,1.0,4,actuator,1,1,0.8963669944008632,0.789874169180411
80810048,1.0,4,world,1,1,0.9983723545085402,0.789874169180411
80810048,1.0,4,visual,1,1,0.8208751286973164,0.789874169180411
80810048,1.0,6,actuator,1,1,0.9999652294250441,0.8254497960831886
80810048,1.0,6,world,1,1,0.999991652478513,0.8254497960831886
80810048,1.0,6,visual,0,0,0.5756103386179348,0.8254497960831886
80810048,1.0,12,actuator,1,1,0.9999999956627041,0.8615572200850528
80810048,1.0,12,world,1,1,0.9999991957583931,0.8615572200850528
80810048,1.0,12,visual,1,1,0.9999530586438953,0.8615572200850528
80810049,0.18,4,actuator,1,1,1.0,0.028311365382833076
80810049,0.18,4,world,1,1,1.0,0.02831136538283308
80810049,0.18,4,visual,1,1,1.0,0.02831136538283308
80810049,0.18,6,actuator,1,1,1.0,0.029103205178119262
80810049,0.18,6,world,1,1,1.0,0.029103205178119266
80810049,0.18,6,visual,1,1,1.0,0.029103205178119262
80810049,0.18,12,actuator,1,1,1.0,0.02843391986040239
80810049,0.18,12,world,1,1,1.0,0.02843391986040239
80810049,0.18,12,visual,1,1,1.0,0.02843391986040239
80810049,0.5,4,actuator,1,1,0.9999999999277538,0.2184518933860577
80810049,0.5,4,world,1,1,0.9999999882609879,0.2184518933860577
80810049,0.5,4,visual,1,1,0.9999971794966255,0.2184518933860577
80810049,0.5,6,actuator,1,1,1.0,0.22456176834968566
80810049,0.5,6,world,1,1,0.9999999999996696,0.22456176834968566
80810049,0.5,6,visual,1,1,0.9999999956818106,0.22456176834968566
80810049,0.5,12,actuator,1,1,1.0,0.21939752978705548
80810049,0.5,12,world,1,1,0.9999999999999967,0.21939752978705548
80810049,0.5,12,visual,1,1,1.0,0.21939752978705548
80810049,1.0,4,actuator,1,1,0.9993817392422102,0.8738075735442308
80810049,1.0,4,world,1,1,0.9639192223665695,0.8738075735442308
80810049,1.0,4,visual,0,0,0.794789426748271,0.8738075735442308
80810049,1.0,6,actuator,1,1,0.9999903430807549,0.8982470733987427
80810049,1.0,6,world,1,1,0.999767756937022,0.8982470733987427
80810049,1.0,6,visual,1,1,0.9732681723576895,0.8982470733987427
80810049,1.0,12,actuator,1,1,0.9999998909867368,0.8775901191482219
80810049,1.0,12,world,1,1,0.9907678640265026,0.8775901191482219
80810049,1.0,12,visual,1,1,0.9999997493675041,0.8775901191482219
80810050,0.18,4,actuator,1,1,1.0,0.049310167955610246
80810050,0.18,4,world,1,1,1.0,0.049310167955610246
80810050,0.18,4,visual,1,1,1.0,0.049310167955610246
80810050,0.18,6,actuator,1,1,1.0,0.04564777460412297
80810050,0.18,6,world,1,1,1.0,0.04564777460412297
80810050,0.18,6,visual,1,1,1.0,0.04564777460412297
80810050,0.18,12,actuator,1,1,1.0,0.03961874902934654
80810050,0.18,12,world,1,1,1.0,0.039618749029346534
80810050,0.18,12,visual,1,1,1.0,0.039618749029346534
80810050,0.5,4,actuator,1,1,0.9999587760966601,0.3804796910155112
80810050,0.5,4,world,1,1,0.9999979847347159,0.38047969101551116
80810050,0.5,4,visual,1,1,0.9804917966821426,0.32880534584544185
80810050,0.5,6,actuator,1,1,0.9999999999998583,0.35222048305650433
80810050,0.5,6,world,1,1,0.9999999990996802,0.35222048305650433
80810050,0.5,6,visual,1,1,0.9999990560848112,0.3484073954889919
80810050,0.5,12,actuator,1,1,1.0,0.3057002239918714
80810050,0.5,12,world,1,1,1.0,0.3057002239918714
80810050,0.5,12,visual,1,1,0.9999999999999996,0.3057002239918714
80810050,1.0,4,actuator,0,0,0.563517586978886,1.4771691301867258
80810050,1.0,4,world,1,1,0.9745607560459282,1.096121403365622
80810050,1.0,4,visual,0,0,0.48872327341817157,1.163763848210964
80810050,1.0,6,actuator,1,1,0.9458015090344357,1.4088819322260173
80810050,1.0,6,world,1,1,0.8855355729186425,1.3559557829068771
80810050,1.0,6,visual,1,1,0.9779878076873436,1.1512557570909925
80810050,1.0,12,actuator,1,1,0.9999999999456226,1.2228008959674856
80810050,1.0,12,world,1,1,0.9999999111735994,1.2228008959674856
80810050,1.0,12,visual,1,1,0.9979816363310242,1.1963378213079157
80810051,0.18,4,actuator,1,1,1.0,0.03373016620160168
80810051,0.18,4,world,1,1,1.0,0.03373016620160168
80810051,0.18,4,visual,1,1,1.0,0.03373016620160167
80810051,0.18,6,actuator,1,1,1.0,0.025839056972496294
80810051,0.18,6,world,1,1,1.0,0.025839056972496294
80810051,0.18,6,visual,1,1,1.0,0.025839056972496305
80810051,0.18,12,actuator,1,1,1.0,0.02867609873113847
80810051,0.18,12,world,1,1,1.0,0.028676098731138466
80810051,0.18,12,visual,1,1,1.0,0.028676098731138466
80810051,0.5,4,actuator,1,1,0.9999995765453394,0.26026362809877834
80810051,0.5,4,world,1,1,0.9999999997402516,0.26026362809877834
80810051,0.5,4,visual,1,1,0.9999487698270072,0.2602636280987784
80810051,0.5,6,actuator,1,1,0.9999999999999791,0.19937543960259493
80810051,0.5,6,world,1,1,0.9999999999918769,0.19937543960259493
80810051,0.5,6,visual,1,1,0.9999999998245512,0.19937543960259488
80810051,0.5,12,actuator,1,1,1.0,0.22126619391310545
80810051,0.5,12,world,1,1,1.0,0.22126619391310545
80810051,0.5,12,visual,1,1,1.0,0.22126619391310545
80810051,1.0,4,actuator,0,0,0.7817830108692837,1.0410545123951134
80810051,1.0,4,world,1,1,0.9990938696387207,1.0410545123951136
80810051,1.0,4,visual,0,0,0.716947222804142,1.0410545123951136
80810051,1.0,6,actuator,1,1,0.998196903757851,0.7975017584103797
80810051,1.0,6,world,1,1,0.9988515011655688,0.7975017584103797
80810051,1.0,6,visual,1,1,0.9946740410718375,0.7975017584103797
80810051,1.0,12,actuator,1,1,0.9995825712481932,0.8850647756524218
80810051,1.0,12,world,1,1,0.9999874947620409,0.8850647756524218
80810051,1.0,12,visual,1,1,0.9999928388765182,0.8850647756524218
80810052,0.18,4,actuator,1,1,1.0,0.013876616342020026
80810052,0.18,4,world,1,1,1.0,0.013876616342020026
80810052,0.18,4,visual,1,1,1.0,0.013876616342020028
80810052,0.18,6,actuator,1,1,1.0,0.018866779046371168
80810052,0.18,6,world,1,1,1.0,0.018866779046371168
80810052,0.18,6,visual,1,1,1.0,0.018866779046371168
80810052,0.18,12,actuator,1,1,1.0,0.02473455144894395
80810052,0.18,12,world,1,1,1.0,0.02473455144894395
80810052,0.18,12,visual,1,1,1.0,0.024734551448943955
80810052,0.5,4,actuator,1,1,0.9999999004174437,0.1070726569600311
80810052,0.5,4,world,1,1,0.9999999991268873,0.1070726569600311
80810052,0.5,4,visual,1,1,0.9999081028028195,0.1070726569600311
80810052,0.5,6,actuator,1,1,0.9999999999999345,0.14557699881459238
80810052,0.5,6,world,1,1,0.9999999999998939,0.14557699881459238
80810052,0.5,6,visual,1,1,0.9999999865675284,0.14557699881459238
80810052,0.5,12,actuator,1,1,1.0,0.19085302043938235
80810052,0.5,12,world,1,1,1.0,0.19085302043938235
80810052,0.5,12,visual,1,1,1.0,0.19085302043938235
80810052,1.0,4,actuator,1,1,0.9753217241623274,0.4282906278401244
80810052,1.0,4,world,1,1,0.9976253563461357,0.4282906278401244
80810052,1.0,4,visual,0,0,0.6130984126026336,0.4282906278401244
80810052,1.0,6,actuator,1,1,0.9982999726791979,0.5823079952583695
80810052,1.0,6,world,1,1,0.9998683288100628,0.5823079952583695
80810052,1.0,6,visual,1,1,0.9539295829504985,0.5823079952583695
80810052,1.0,12,actuator,1,1,0.9993417893539667,0.7634120817575294
80810052,1.0,12,world,1,1,0.9999900228957151,0.7634120817575295
80810052,1.0,12,visual,1,1,0.9999935536928127,0.7634120817575295
80810053,0.18,4,actuator,1,1,1.0,0.02948381780832643
80810053,0.18,4,world,1,1,1.0,0.029483817808326426
80810053,0.18,4,visual,1,1,1.0,0.029483817808326422
80810053,0.18,6,actuator,1,1,1.0,0.024734145009099654
80810053,0.18,6,world,1,1,1.0,0.024734145009099665
80810053,0.18,6,visual,1,1,1.0,0.02473414500909966
80810053,0.18,12,actuator,1,1,1.0,0.027425893140245905
80810053,0.18,12,world,1,1,1.0,0.027425893140245905
80810053,0.18,12,visual,1,1,1.0,0.027425893140245905
80810053,0.5,4,actuator,1,1,0.9999992651763807,0.2274985942000496
80810053,0.5,4,world,1,1,0.9999996693236589,0.22749859420004956
80810053,0.5,4,visual,1,1,0.9999999571240411,0.22749859420004956
80810053,0.5,6,actuator,1,1,1.0,0.19084988432947267
80810053,0.5,6,world,1,1,0.9999999956870991,0.19084988432947267
80810053,0.5,6,visual,1,1,0.9999999999798483,0.19084988432947267
80810053,0.5,12,actuator,1,1,1.0,0.21161954583523077
80810053,0.5,12,world,1,1,1.0,0.21161954583523077
80810053,0.5,12,visual,1,1,1.0,0.21161954583523077
80810053,1.0,4,actuator,1,1,0.94432014670138,0.9099943768001982
80810053,1.0,4,world,1,1,0.968541140570882,0.9099943768001982
80810053,1.0,4,visual,1,1,0.9858231531195284,0.9099943768001982
80810053,1.0,6,actuator,1,1,0.9999456233049022,0.7633995373178907
80810053,1.0,6,world,1,1,0.9741833032257081,0.7633995373178907
80810053,1.0,6,visual,1,1,0.9980158949981393,0.7633995373178907
80810053,1.0,12,actuator,1,1,0.9999999913533405,0.8464781833409231
80810053,1.0,12,world,1,1,0.9999994510740755,0.8464781833409231
80810053,1.0,12,visual,1,1,0.9998772530846926,0.8464781833409231
80810054,0.18,4,actuator,1,1,1.0,0.02770666159926232
80810054,0.18,4,world,1,1,1.0,0.027706661599262324
80810054,0.18,4,visual,1,1,1.0,0.02770666159926232
80810054,0.18,6,actuator,1,1,1.0,0.02477680515148249
80810054,0.18,6,world,1,1,1.0,0.02477680515148249
80810054,0.18,6,visual,1,1,1.0,0.02477680515148249
80810054,0.18,12,actuator,1,1,1.0,0.02831386383401671
80810054,0.18,12,world,1,1,1.0,0.02831386383401671
80810054,0.18,12,visual,1,1,1.0,0.02831386383401671
80810054,0.5,4,actuator,1,1,0.967894405190003,0.2137859691301105
80810054,0.5,4,world,1,1,0.9999999417941731,0.21378596913011047
80810054,0.5,4,visual,1,1,0.9999997810037515,0.2137859691301105
80810054,0.5,6,actuator,1,1,0.9999999999981704,0.19117905209477226
80810054,0.5,6,world,1,1,0.9999999999999905,0.19117905209477226
80810054,0.5,6,visual,1,1,0.9999998516515836,0.19117905209477226
80810054,0.5,12,actuator,1,1,1.0,0.21847117155877094
80810054,0.5,12,world,1,1,1.0,0.21847117155877094
80810054,0.5,12,visual,1,1,1.0,0.21847117155877094
80810054,1.0,4,actuator,0,0,0.6386307897991886,0.5696790195905176
80810054,1.0,4,world,1,1,0.9869239063302135,0.8551438765204419
80810054,1.0,4,visual,1,1,0.9727262848589914,0.855143876520442
80810054,1.0,6,actuator,1,1,0.9762212988696594,0.764716208379089
80810054,1.0,6,world,1,1,0.9999603229785021,0.764716208379089
80810054,1.0,6,visual,1,1,0.8647709035264356,0.764716208379089
80810054,1.0,12,actuator,1,1,0.9999967862107307,0.8738846862350838
80810054,1.0,12,world,1,1,0.9999963083907528,0.8738846862350838
80810054,1.0,12,visual,1,1,0.9999140947439471,0.8738846862350836
80810055,0.18,4,actuator,1,1,1.0,0.010386757105537124
80810055,0.18,4,world,1,1,1.0,0.010386757105537122
80810055,0.18,4,visual,1,1,1.0,0.01038675710553712
80810055,0.18,6,actuator,1,1,1.0,0.016412654282505972
80810055,0.18,6,world,1,1,1.0,0.016412654282505972
80810055,0.18,6,visual,1,1,1.0,0.016412654282505972
80810055,0.18,12,actuator,1,1,1.0,0.03760724580938238
80810055,0.18,12,world,1,1,1.0,0.03760724580938238
80810055,0.18,12,visual,1,1,1.0,0.03760724580938238
80810055,0.5,4,actuator,1,1,0.9999999333111849,0.08014473075260128
80810055,0.5,4,world,1,1,0.9999997926079461,0.08014473075260127
80810055,0.5,4,visual,1,1,0.999998346227245,0.08014473075260127
80810055,0.5,6,actuator,1,1,1.0,0.12664085094526215
80810055,0.5,6,world,1,1,0.999999999999738,0.12664085094526215
80810055,0.5,6,visual,1,1,0.9999974202313547,0.12664085094526215
80810055,0.5,12,actuator,1,1,1.0,0.2901793658131357
80810055,0.5,12,world,1,1,1.0,0.2901793658131357
80810055,0.5,12,visual,1,1,1.0,0.2901793658131357
80810055,1.0,4,actuator,1,1,0.9782766564435471,0.32057892301040514
80810055,1.0,4,world,1,1,0.9614138102733281,0.3205789230104051
80810055,1.0,4,visual,1,1,0.9030353996444043,0.32057892301040514
80810055,1.0,6,actuator,1,1,0.9999996594768852,0.5065634037810486
80810055,1.0,6,world,1,1,0.9993045101000813,0.5065634037810486
80810055,1.0,6,visual,0,0,0.5010652981217045,0.5065634037810486
80810055,1.0,12,actuator,1,1,0.9999999996598767,1.1607174632525428
80810055,1.0,12,world,1,1,0.9999895286670027,1.1607174632525428
80810055,1.0,12,visual,1,1,0.9999589947878894,1.1607174632525428
80810056,0.18,4,actuator,1,1,1.0,0.014000299824189344
80810056,0.18,4,world,1,1,1.0,0.014000299824189343
80810056,0.18,4,visual,1,1,1.0,0.014000299824189346
80810056,0.18,6,actuator,1,1,1.0,0.024594773044342388
80810056,0.18,6,world,1,1,1.0,0.02459477304434239
80810056,0.18,6,visual,1,1,1.0,0.02459477304434239
80810056,0.18,12,actuator,1,1,1.0,0.030392701811244278
80810056,0.18,12,world,1,1,1.0,0.030392701811244278
80810056,0.18,12,visual,1,1,1.0,0.03039270181124427
80810056,0.5,4,actuator,1,1,0.9999995980965856,0.10802700481627583
80810056,0.5,4,world,1,1,0.999998458951345,0.10802700481627583
80810056,0.5,4,visual,1,1,0.9999998728941444,0.10802700481627583
80810056,0.5,6,actuator,1,1,0.9999999999998206,0.18977448336683944
80810056,0.5,6,world,1,1,0.9939924380635524,0.18977448336683944
80810056,0.5,6,visual,1,1,0.9999999999996834,0.18977448336683944
80810056,0.5,12,actuator,1,1,1.0,0.23451158804972436
80810056,0.5,12,world,1,1,1.0,0.23451158804972438
80810056,0.5,12,visual,1,1,0.9999999999999984,0.23451158804972436
80810056,1.0,4,actuator,1,1,0.9521074561166549,0.43210801926510334
80810056,1.0,4,world,1,1,0.9318303431589746,0.43210801926510334
80810056,1.0,4,visual,1,1,0.9763705817541689,0.43210801926510334
80810056,1.0,6,actuator,1,1,0.9957404800075116,0.7590979334673578
80810056,1.0,6,world,1,0,0.9546726635891483,0.47196087515971746
80810056,1.0,6,visual,1,1,0.9996881004004609,0.7590979334673578
80810056,1.0,12,actuator,1,1,0.9999996975114547,0.9380463521988974
80810056,1.0,12,world,1,1,0.9999944146549621,0.9380463521988974
80810056,1.0,12,visual,1,1,0.994364493240792,0.9216287276858788
80810057,0.18,4,actuator,1,1,1.0,0.0335007109122821
80810057,0.18,4,world,1,1,1.0,0.0335007109122821
80810057,0.18,4,visual,1,1,1.0,0.0335007109122821
80810057,0.18,6,actuator,1,1,1.0,0.028718832810976008
80810057,0.18,6,world,1,1,1.0,0.028718832810976008
80810057,0.18,6,visual,1,1,1.0,0.028718832810976008
80810057,0.18,12,actuator,1,1,1.0,0.03041521182354535
80810057,0.18,12,world,1,1,1.0,0.030415211823545354
80810057,0.18,12,visual,1,1,1.0,0.030415211823545358
80810057,0.5,4,actuator,1,1,0.9999999145725085,0.2584931397552631
80810057,0.5,4,world,1,1,0.9999999965380317,0.25849313975526306
80810057,0.5,4,visual,1,1,0.9704951690235158,0.2584931397552631
80810057,0.5,6,actuator,1,1,0.9999999999990872,0.22159593218345683
80810057,0.5,6,world,1,1,0.9999999999999998,0.22159593218345683
80810057,0.5,6,visual,1,1,0.9999925069024723,0.22159593218345683
80810057,0.5,12,actuator,1,1,1.0,0.23468527641624504
80810057,0.5,12,world,1,1,1.0,0.23468527641624504
80810057,0.5,12,visual,1,1,1.0,0.23468527641624504
80810057,1.0,4,actuator,1,1,0.9840526306795604,1.0339725590210525
80810057,1.0,4,world,1,1,0.9761603614504587,1.0339725590210522
80810057,1.0,4,visual,0,0,0.6961560698411169,0.7523489042431711
80810057,1.0,6,actuator,1,1,0.9787467154381387,0.8863837287338273
80810057,1.0,6,world,1,1,0.9999944305099666,0.8863837287338273
80810057,1.0,6,visual,0,0,0.5245368913111672,0.8781137967761324
80810057,1.0,12,actuator,1,1,0.9999496631996899,0.9387411056649801
80810057,1.0,12,world,1,1,0.9999999496310134,0.9387411056649801
80810057,1.0,12,visual,1,1,0.9992510599220022,0.9387411056649801
80810058,0.18,4,actuator,1,1,1.0,0.03621532760097944
80810058,0.18,4,world,1,1,1.0,0.03621532760097943
80810058,0.18,4,visual,1,1,1.0,0.03621532760097943
80810058,0.18,6,actuator,1,1,1.0,0.05317645251590192
80810058,0.18,6,world,1,1,1.0,0.05317645251590191
80810058,0.18,6,visual,1,1,1.0,0.05317645251590192
80810058,0.18,12,actuator,1,1,1.0,0.04771404063523374
80810058,0.18,12,world,1,1,1.0,0.04771404063523375
80810058,0.18,12,visual,1,1,1.0,0.04771404063523375
80810058,0.5,4,actuator,1,1,0.9999993459971962,0.2794392561803969
80810058,0.5,4,world,1,1,0.9999999999849845,0.2794392561803969
80810058,0.5,4,visual,1,1,0.9991325444805647,0.2794392561803969
80810058,0.5,6,actuator,1,1,0.9999999999999245,0.4103121336103543
80810058,0.5,6,world,1,1,1.0,0.4103121336103543
80810058,0.5,6,visual,1,1,0.9999095568066801,0.4103121336103543
80810058,0.5,12,actuator,1,1,1.0,0.3681638937903838
80810058,0.5,12,world,1,1,1.0,0.3681638937903838
80810058,0.5,12,visual,1,1,1.0,0.3681638937903838
80810058,1.0,4,actuator,1,1,0.9499980169057122,1.1177570247215876
80810058,1.0,4,world,1,1,0.998511815548574,1.1177570247215876
80810058,1.0,4,visual,0,0,0.4442732067325251,1.0592958450389993
80810058,1.0,6,actuator,1,1,0.9939291363251258,1.6412485344414172
80810058,1.0,6,world,1,1,0.9999983960080594,1.6412485344414172
80810058,1.0,6,visual,0,0,0.7930085555487575,1.5291942970483465
80810058,1.0,12,actuator,1,1,0.9999996132947809,1.4726555751615351
80810058,1.0,12,world,1,1,0.9999926755657049,1.4726555751615351
80810058,1.0,12,visual,1,1,0.9999948435401143,1.4726555751615351
80810059,0.18,4,actuator,1,1,1.0,0.024693780215630994
80810059,0.18,4,world,1,1,1.0,0.024693780215630998
80810059,0.18,4,visual,1,1,1.0,0.024693780215630998
80810059,0.18,6,actuator,1,1,1.0,0.029620970809834956
80810059,0.18,6,world,1,1,1.0,0.02962097080983496
80810059,0.18,6,visual,1,1,1.0,0.02962097080983496
80810059,0.18,12,actuator,1,1,1.0,0.029492073513918485
80810059,0.18,12,world,1,1,1.0,0.029492073513918485
80810059,0.18,12,visual,1,1,1.0,0.029492073513918488
80810059,0.5,4,actuator,1,1,0.9999932232974101,0.19053842758974537
80810059,0.5,4,world,1,1,0.9999999863906464,0.19053842758974537
80810059,0.5,4,visual,1,1,0.9999988855856106,0.19053842758974537
80810059,0.5,6,actuator,1,1,1.0,0.22855687353267717
80810059,0.5,6,world,1,1,0.9999999999981437,0.22855687353267715
80810059,0.5,6,visual,1,1,0.9999999992049828,0.22855687353267715
80810059,0.5,12,actuator,1,1,1.0,0.22756229563208707
80810059,0.5,12,world,1,1,1.0,0.22756229563208707
80810059,0.5,12,visual,1,1,1.0,0.22756229563208707
80810059,1.0,4,actuator,1,1,0.8173631046710363,0.7621537103589815
80810059,1.0,4,world,1,1,0.9932180343354222,0.7621537103589815
80810059,1.0,4,visual,1,1,0.9285316979275506,0.7621537103589815
80810059,1.0,6,actuator,1,1,0.999975196845477,0.9142274941307087
80810059,1.0,6,world,1,1,0.9994488037406796,0.9142274941307086
80810059,1.0,6,visual,1,1,0.9867268541958661,0.9142274941307086
80810059,1.0,12,actuator,1,1,0.9999994371701167,0.9102491825283483
80810059,1.0,12,world,1,1,0.9999982909267046,0.9102491825283484
80810059,1.0,12,visual,1,1,0.9999767528976682,0.9102491825283483
80810060,0.18,4,actuator,1,1,1.0,0.031071283285970183
80810060,0.18,4,world,1,1,1.0,0.031071283285970187
80810060,0.18,4,visual,1,1,1.0,0.031071283285970176
80810060,0.18,6,actuator,1,1,1.0,0.029362493372388304
80810060,0.18,6,world,1,1,1.0,0.029362493372388294
80810060,0.18,6,visual,1,1,1.0,0.0293624933723883
80810060,0.18,12,actuator,1,1,1.0,0.035033614607677274
80810060,0.18,12,world,1,1,1.0,0.03503361460767727
80810060,0.18,12,visual,1,1,1.0,0.035033614607677274
80810060,0.5,4,actuator,1,1,0.9999999989213895,0.23974755621890573
80810060,0.5,4,world,1,1,0.9999999951467167,0.23974755621890576
80810060,0.5,4,visual,1,1,0.9999973871412552,0.23974755621890573
80810060,0.5,6,actuator,1,1,1.0,0.22656244886102087
80810060,0.5,6,world,1,1,0.9999999999999931,0.22656244886102084
80810060,0.5,6,visual,1,1,0.999999794283105,0.22656244886102084
80810060,0.5,12,actuator,1,1,1.0,0.2703211003678802
80810060,0.5,12,world,1,1,1.0,0.2703211003678802
80810060,0.5,12,visual,1,1,1.0,0.2703211003678802
80810060,1.0,4,actuator,1,1,0.9907576590167372,0.9589902248756228
80810060,1.0,4,world,1,1,0.9954024915197763,0.958990224875623
80810060,1.0,4,visual,1,1,0.9140545854290086,0.958990224875623
80810060,1.0,6,actuator,1,1,0.9999737924647211,0.9062497954440835
80810060,1.0,6,world,1,1,0.9999664163438332,0.9062497954440835
80810060,1.0,6,visual,1,1,0.8452423918299371,0.9062497954440835
80810060,1.0,12,actuator,1,1,0.9999999982791088,1.0812844014715208
80810060,1.0,12,world,1,1,0.9999999379236745,1.0812844014715208
80810060,1.0,12,visual,1,1,0.9993922221787513,1.0812844014715208
80810061,0.18,4,actuator,1,1,1.0,0.044317618717919
80810061,0.18,4,world,1,1,1.0,0.04431761871791899
80810061,0.18,4,visual,1,1,1.0,0.04431761871791899
80810061,0.18,6,actuator,1,1,1.0,0.031582684816580026
80810061,0.18,6,world,1,1,1.0,0.03158268481658003
80810061,0.18,6,visual,1,1,1.0,0.031582684816580026
80810061,0.18,12,actuator,1,1,1.0,0.03188059535416754
80810061,0.18,12,world,1,1,1.0,0.03188059535416755
80810061,0.18,12,visual,1,1,1.0,0.03188059535416754
80810061,0.5,4,actuator,1,1,0.9999996039119962,0.34195693455184406
80810061,0.5,4,world,1,1,0.9999999999829889,0.34195693455184406
80810061,0.5,4,visual,1,1,0.999118355455348,0.34195693455184406
80810061,0.5,6,actuator,1,1,0.999999999999984,0.2436935556834879
80810061,0.5,6,world,1,1,0.9999999999999998,0.2436935556834879
80810061,0.5,6,visual,1,1,0.9999956509419965,0.24369355568348786
80810061,0.5,12,actuator,1,1,1.0,0.2459922481031446
80810061,0.5,12,world,1,1,1.0,0.2459922481031446
80810061,0.5,12,visual,1,1,1.0,0.2459922481031446
80810061,1.0,4,actuator,1,1,0.9666638564670977,1.3678277382073762
80810061,1.0,4,world,1,1,0.9991353906688143,1.3678277382073762
80810061,1.0,4,visual,0,0,0.6044139850267863,1.3073819368080968
80810061,1.0,6,actuator,1,1,0.9971786445014281,0.9747742227339516
80810061,1.0,6,world,1,1,0.9999926922319314,0.9747742227339516
80810061,1.0,6,visual,0,0,0.5429341966051936,0.9747742227339514
80810061,1.0,12,actuator,1,1,0.9999576462050235,0.9839689924125784
80810061,1.0,12,world,1,1,0.9999996703563921,0.9839689924125784
80810061,1.0,12,visual,1,1,0.9998854878541344,0.9839689924125784
80810062,0.18,4,actuator,1,1,1.0,0.03926391113068112
80810062,0.18,4,world,1,1,1.0,0.03926391113068111
80810062,0.18,4,visual,1,1,1.0,0.03926391113068112
80810062,0.18,6,actuator,1,1,1.0,0.028938212883126025
80810062,0.18,6,world,1,1,1.0,0.02893821288312602
80810062,0.18,6,visual,1,1,1.0,0.028938212883126025
80810062,0.18,12,actuator,1,1,1.0,0.031773854896619554
80810062,0.18,12,world,1,1,1.0,0.03177385489661955
80810062,0.18,12,visual,1,1,1.0,0.03177385489661955
80810062,0.5,4,actuator,1,1,0.9999999993880582,0.30296227724290986
80810062,0.5,4,world,1,1,0.9999997847178405,0.3029622772429098
80810062,0.5,4,visual,1,1,0.9999728478370705,0.30296227724290986
80810062,0.5,6,actuator,1,1,0.9999999999999365,0.22328867965375018
80810062,0.5,6,world,1,1,0.9999999999983669,0.2232886796537502
80810062,0.5,6,visual,1,1,0.9999999257310548,0.22328867965375018
80810062,0.5,12,actuator,1,1,1.0,0.24516863346157058
80810062,0.5,12,world,1,1,1.0,0.24516863346157058
80810062,0.5,12,visual,1,1,1.0,0.24516863346157058
80810062,1.0,4,actuator,1,1,0.9882524739577193,1.2118491089716394
80810062,1.0,4,world,1,1,0.9094328727223228,1.2118491089716394
80810062,1.0,4,visual,1,1,0.9038021681928515,1.0585036064199855
80810062,1.0,6,actuator,1,1,0.9986421142432945,0.8931547186150007
80810062,1.0,6,world,1,1,0.9982945267402658,0.8931547186150007
80810062,1.0,6,visual,1,1,0.9649776330820211,0.7935790371039207
80810062,1.0,12,actuator,1,1,0.9999999874252957,0.9806745338462823
80810062,1.0,12,world,1,1,0.9999390668909285,0.9806745338462823
80810062,1.0,12,visual,1,1,0.9999179668191326,0.9806745338462823
80810063,0.18,4,actuator,1,1,1.0,0.02175779263786895
80810063,0.18,4,world,1,1,1.0,0.021757792637868957
80810063,0.18,4,visual,1,1,1.0,0.02175779263786896
80810063,0.18,6,actuator,1,1,1.0,0.021510101905917844
80810063,0.18,6,world,1,1,1.0,0.021510101905917848
80810063,0.18,6,visual,1,1,1.0,0.021510101905917844
80810063,0.18,12,actuator,1,1,1.0,0.031053375319166687
80810063,0.18,12,world,1,1,1.0,0.031053375319166687
80810063,0.18,12,visual,1,1,1.0,0.031053375319166687
80810063,0.5,4,actuator,1,1,0.999999999931384,0.16788420245269256
80810063,0.5,4,world,1,1,0.9999481790144277,0.16788420245269256
80810063,0.5,4,visual,1,1,0.9999848473333093,0.16788420245269253
80810063,0.5,6,actuator,1,1,0.9999999999999998,0.16597300853331667
80810063,0.5,6,world,1,1,0.999999993052318,0.16597300853331667
80810063,0.5,6,visual,1,1,0.9999999991596322,0.1659730085333167
80810063,0.5,12,actuator,1,1,1.0,0.23960937746270602
80810063,0.5,12,world,1,1,1.0,0.23960937746270594
80810063,0.5,12,visual,1,1,1.0,0.23960937746270594
80810063,1.0,4,actuator,1,1,0.9992566569397145,0.6715368098107702
80810063,1.0,4,world,0,0,0.7194710673564395,0.539860015833315
80810063,1.0,4,visual,0,0,0.6219799395353313,0.5984779135435225
80810063,1.0,6,actuator,1,1,0.999930767002897,0.6638920341332667
80810063,1.0,6,world,1,1,0.9672239027278879,0.6638920341332667
80810063,1.0,6,visual,1,1,0.9837713297132632,0.6638920341332667
80810063,1.0,12,actuator,1,1,0.9999999974042584,0.9584375098508238
80810063,1.0,12,world,1,1,0.9999763528298805,0.9584375098508241
80810063,1.0,12,visual,1,1,0.9996733759664608,0.9584375098508238
80810064,0.18,4,actuator,1,1,1.0,0.03394035438121617
80810064,0.18,4,world,1,1,1.0,0.03394035438121617
80810064,0.18,4,visual,1,1,1.0,0.03394035438121616
80810064,0.18,6,actuator,1,1,1.0,0.029651723980302917
80810064,0.18,6,world,1,1,1.0,0.029651723980302927
80810064,0.18,6,visual,1,1,1.0,0.029651723980302924
80810064,0.18,12,actuator,1,1,1.0,0.030541341808413284
80810064,0.18,12,world,1,1,1.0,0.030541341808413284
80810064,0.18,12,visual,1,1,1.0,0.030541341808413284
80810064,0.5,4,actuator,1,1,0.9999999995597673,0.261885450472347
80810064,0.5,4,world,1,1,0.9999846852152557,0.261885450472347
80810064,0.5,4,visual,1,1,0.9999999685766315,0.261885450472347
80810064,0.5,6,actuator,1,1,1.0,0.228794166514683
80810064,0.5,6,world,1,1,0.9999999999976221,0.22879416651468307
80810064,0.5,6,visual,1,1,0.9999999531930448,0.228794166514683
80810064,0.5,12,actuator,1,1,1.0,0.23565850160812718
80810064,0.5,12,world,1,1,1.0,0.23565850160812718
80810064,0.5,12,visual,1,1,1.0,0.23565850160812718
80810064,1.0,4,actuator,1,1,0.9985432387514303,1.047541801889388
80810064,1.0,4,world,0,0,0.6928957082892365,1.047541801889388
80810064,1.0,4,visual,1,1,0.9710163723408565,1.047541801889388
80810064,1.0,6,actuator,1,1,0.9999951559584855,0.915176666058732
80810064,1.0,6,world,1,1,0.9993671663033971,0.915176666058732
80810064,1.0,6,visual,1,1,0.917241835552048,0.915176666058732
80810064,1.0,12,actuator,1,1,0.999999999996185,0.9426340064325087
80810064,1.0,12,world,1,1,0.9999094949988251,0.9426340064325087
80810064,1.0,12,visual,1,1,0.9999975188635793,0.9426340064325087
80810065,0.18,4,actuator,1,1,1.0,0.032471172182518576
80810065,0.18,4,world,1,1,1.0,0.032471172182518576
80810065,0.18,4,visual,1,1,1.0,0.032471172182518576
80810065,0.18,6,actuator,1,1,1.0,0.029782414589446218
80810065,0.18,6,world,1,1,1.0,0.029782414589446218
80810065,0.18,6,visual,1,1,1.0,0.029782414589446218
80810065,0.18,12,actuator,1,1,1.0,0.02580403771009077
80810065,0.18,12,world,1,1,1.0,0.025804037710090776
80810065,0.18,12,visual,1,1,1.0,0.02580403771009077
80810065,0.5,4,actuator,1,1,0.999925007534677,0.25054916807498906
80810065,0.5,4,world,1,1,0.9999993314313589,0.25054916807498906
80810065,0.5,4,visual,1,1,0.999999981056526,0.25054916807498906
80810065,0.5,6,actuator,1,1,0.9999999999999996,0.22980258170868995
80810065,0.5,6,world,1,1,0.9999999586137388,0.22980258170869003
80810065,0.5,6,visual,1,1,0.9999999999999496,0.22980258170868997
80810065,0.5,12,actuator,1,1,1.0,0.1991052292445276
80810065,0.5,12,world,1,1,1.0,0.1991052292445276
80810065,0.5,12,visual,1,1,1.0,0.1991052292445276
80810065,1.0,4,actuator,0,0,0.507230344219537,0.9292378446999988
80810065,1.0,4,world,1,1,0.9572548602659208,1.0021966722999562
80810065,1.0,4,visual,1,1,0.9924774375712744,1.0021966722999562
80810065,1.0,6,actuator,1,1,0.9998313289462628,0.9192103268347598
80810065,1.0,6,world,1,1,0.9241509652904131,0.9192103268347598
80810065,1.0,6,visual,1,1,0.9998875299904442,0.9192103268347598
80810065,1.0,12,actuator,1,1,0.9999968545386441,0.7964209169781103
80810065,1.0,12,world,1,1,0.9999994813922909,0.7964209169781103
80810065,1.0,12,visual,1,1,0.9999251377707178,0.7964209169781103
80810066,0.18,4,actuator,1,1,1.0,0.023109752617894764
80810066,0.18,4,world,1,1,1.0,0.023109752617894764
80810066,0.18,4,visual,1,1,1.0,0.02310975261789476
80810066,0.18,6,actuator,1,1,1.0,0.020798743223921407
80810066,0.18,6,world,1,1,1.0,0.020798743223921407
80810066,0.18,6,visual,1,1,1.0,0.020798743223921407
80810066,0.18,12,actuator,1,1,1.0,0.033091826754933766
80810066,0.18,12,world,1,1,1.0,0.033091826754933766
80810066,0.18,12,visual,1,1,1.0,0.033091826754933766
80810066,0.5,4,actuator,1,1,0.9999985520406274,0.1783159924220275
80810066,0.5,4,world,1,1,0.9999999700711197,0.1783159924220275
80810066,0.5,4,visual,1,1,0.9999796409656242,0.1783159924220275
80810066,0.5,6,actuator,1,1,1.0,0.1604841298142084
80810066,0.5,6,world,1,1,0.9999999997625117,0.16048412981420843
80810066,0.5,6,visual,1,1,0.999999996626735,0.1604841298142084
80810066,0.5,12,actuator,1,1,1.0,0.25533816940535314
80810066,0.5,12,world,1,1,1.0,0.2553381694053531
80810066,0.5,12,visual,1,1,0.9999999999999896,0.25533816940535314
80810066,1.0,4,actuator,1,1,0.9282513332595861,0.71326396968811
80810066,1.0,4,world,1,1,0.9854711715512917,0.71326396968811
80810066,1.0,4,visual,0,0,0.7506686383975724,0.71326396968811
80810066,1.0,6,actuator,1,1,0.9999989651960525,0.6419365192568337
80810066,1.0,6,world,1,1,0.9927756478136481,0.6419365192568336
80810066,1.0,6,visual,1,1,0.9499199314682333,0.6419365192568336
80810066,1.0,12,actuator,1,1,0.9999999901475173,1.0213526776214126
80810066,1.0,12,world,1,1,0.9999993368563053,1.0213526776214124
80810066,1.0,12,visual,1,1,0.9835063443235637,1.0213526776214126
80810067,0.18,4,actuator,1,1,1.0,0.02819035588262245
80810067,0.18,4,world,1,1,1.0,0.02819035588262245
80810067,0.18,4,visual,1,1,1.0,0.028190355882622455
80810067,0.18,6,actuator,1,1,1.0,0.029208566791374402
80810067,0.18,6,world,1,1,1.0,0.029208566791374402
80810067,0.18,6,visual,1,1,1.0,0.029208566791374402
80810067,0.18,12,actuator,1,1,1.0,0.02990884112837269
80810067,0.18,12,world,1,1,1.0,0.029908841128372693
80810067,0.18,12,visual,1,1,1.0,0.029908841128372693
80810067,0.5,4,actuator,1,1,0.9989186226081859,0.2175181781066548
80810067,0.5,4,world,1,1,0.9999999982932619,0.2175181781066548
80810067,0.5,4,visual,1,1,0.9999833369444425,0.2175181781066548
80810067,0.5,6,actuator,1,1,0.9999999877083406,0.22537474376060498
80810067,0.5,6,world,1,1,0.9999999999851261,0.22537474376060498
80810067,0.5,6,visual,1,1,0.9999999996824143,0.22537474376060498
80810067,0.5,12,actuator,1,1,1.0,0.23077809512633252
80810067,0.5,12,world,1,1,1.0,0.23077809512633252
80810067,0.5,12,visual,1,1,1.0,0.23077809512633252
80810067,1.0,4,actuator,0,0,0.5568090513622567,0.7972030293271597
80810067,1.0,4,world,1,1,0.9975925264199537,0.8700727124266192
80810067,1.0,4,visual,0,0,0.7872728486761588,0.8700727124266192
80810067,1.0,6,actuator,0,0,0.5487419632167567,0.9014989750424199
80810067,1.0,6,world,1,1,0.9984396486330297,0.9014989750424199
80810067,1.0,6,visual,1,1,0.9900132460067801,0.9014989750424199
80810067,1.0,12,actuator,1,1,0.9999999994877831,0.9231123805053301
80810067,1.0,12,world,1,1,0.9999997262099108,0.9231123805053301
80810067,1.0,12,visual,1,1,0.9996151026395338,0.9231123805053301
80810068,0.18,4,actuator,1,1,1.0,0.02336925469079452
80810068,0.18,4,world,1,1,1.0,0.023369254690794528
80810068,0.18,4,visual,1,1,1.0,0.023369254690794528
80810068,0.18,6,actuator,1,1,1.0,0.02763645017073126
80810068,0.18,6,world,1,1,1.0,0.02763645017073126
80810068,0.18,6,visual,1,1,1.0,0.02763645017073126
80810068,0.18,12,actuator,1,1,1.0,0.023357891707955575
80810068,0.18,12,world,1,1,1.0,0.02335789170795557
80810068,0.18,12,visual,1,1,1.0,0.023357891707955575
80810068,0.5,4,actuator,1,1,0.9999914174841995,0.1803183232314392
80810068,0.5,4,world,1,1,0.9999999980217413,0.1803183232314392
80810068,0.5,4,visual,1,1,0.9950034823399594,0.1803183232314392
80810068,0.5,6,actuator,1,1,0.9999999999999802,0.2132442142803338
80810068,0.5,6,world,1,1,0.9999999999999765,0.21324421428033377
80810068,0.5,6,visual,1,1,0.9999994300681172,0.21324421428033377
80810068,0.5,12,actuator,1,1,1.0,0.18023064589471893
80810068,0.5,12,world,1,1,0.9999999999999982,0.1802306458947189
80810068,0.5,12,visual,1,1,1.0,0.1802306458947189
80810068,1.0,4,actuator,1,1,0.8593074983789863,0.7212732929257568
80810068,1.0,4,world,1,1,0.9889885826284925,0.7212732929257568
80810068,1.0,4,visual,0,0,0.6823052045541974,0.5521618872621548
80810068,1.0,6,actuator,1,1,0.9971834213785751,0.8529768571213352
80810068,1.0,6,world,1,1,0.9999360217393471,0.8529768571213351
80810068,1.0,6,visual,0,0,0.7696853469701669,0.8506200385093422
80810068,1.0,12,actuator,1,1,0.9999990865969656,0.7209225835788757
80810068,1.0,12,world,1,1,0.9932204590186828,0.7209225835788757
80810068,1.0,12,visual,1,1,0.999999740322819,0.7209225835788757
80810069,0.18,4,actuator,1,1,1.0,0.020501877115237373
80810069,0.18,4,world,1,1,1.0,0.02050187711523737
80810069,0.18,4,visual,1,1,1.0,0.020501877115237373
80810069,0.18,6,actuator,1,1,1.0,0.023195781164030028
80810069,0.18,6,world,1,1,1.0,0.023195781164030028
80810069,0.18,6,visual,1,1,1.0,0.023195781164030028
80810069,0.18,12,actuator,1,1,1.0,0.027035853292710632
80810069,0.18,12,world,1,1,1.0,0.027035853292710636
80810069,0.18,12,visual,1,1,1.0,0.027035853292710632
80810069,0.5,4,actuator,1,1,0.9999970548159647,0.15819349625954762
80810069,0.5,4,world,1,1,0.9999997935976277,0.15819349625954762
80810069,0.5,4,visual,1,1,0.9998955157838514,0.15819349625954762
80810069,0.5,6,actuator,1,1,0.9999999999999993,0.17897979293233046
80810069,0.5,6,world,1,1,0.9999999997129507,0.17897979293233046
80810069,0.5,6,visual,1,1,0.9999999977412335,0.17897979293233046
80810069,0.5,12,actuator,1,1,1.0,0.20860997911042153
80810069,0.5,12,world,1,1,1.0,0.20860997911042153
80810069,0.5,12,visual,1,1,1.0,0.20860997911042153
80810069,1.0,4,actuator,1,1,0.9123274356098626,0.6327739850381905
80810069,1.0,4,world,1,1,0.9567171341415459,0.6327739850381905
80810069,1.0,4,visual,0,0,0.6243184346471492,0.6327739850381905
80810069,1.0,6,actuator,1,1,0.9998223287914684,0.7159191717293218
80810069,1.0,6,world,1,1,0.9931502650797559,0.7159191717293218
80810069,1.0,6,visual,1,1,0.9749407694568646,0.7159191717293218
80810069,1.0,12,actuator,1,1,0.9999996359987026,0.8344399164416861
80810069,1.0,12,world,1,1,0.999999976738725,0.8344399164416861
80810069,1.0,12,visual,1,1,0.9983227539038163,0.8344399164416861
80810070,0.18,4,actuator,1,1,1.0,0.03568715655969097
80810070,0.18,4,world,1,1,1.0,0.03568715655969097
80810070,0.18,4,visual,1,1,1.0,0.03568715655969097
80810070,0.18,6,actuator,1,1,1.0,0.05025856180509039
80810070,0.18,6,world,1,1,1.0,0.05025856180509038
80810070,0.18,6,visual,1,1,1.0,0.05025856180509038
80810070,0.18,12,actuator,1,1,1.0,0.0453910464295059
80810070,0.18,12,world,1,1,1.0,0.0453910464295059
80810070,0.18,12,visual,1,1,1.0,0.0453910464295059
80810070,0.5,4,actuator,1,1,0.9999348785469618,0.2753638623432946
80810070,0.5,4,world,1,1,0.9673430214551992,0.2753638623432946
80810070,0.5,4,visual,1,1,0.9999999977540455,0.2753638623432946
80810070,0.5,6,actuator,1,1,0.999999999995915,0.3877975447923642
80810070,0.5,6,world,1,1,0.979755593905388,0.3877975447923641
80810070,0.5,6,visual,1,1,0.9999999999785107,0.3877975447923642
80810070,0.5,12,actuator,1,1,1.0,0.3502395557832246
80810070,0.5,12,world,1,1,1.0,0.3502395557832246
80810070,0.5,12,visual,1,1,0.9999999999998554,0.3502395557832246
80810070,1.0,4,actuator,0,0,0.46602079405308444,1.101455449373178
80810070,1.0,4,world,1,0,0.880139819869348,0.8132363624028772
80810070,1.0,4,visual,1,1,0.9967317723440356,1.101455449373178
80810070,1.0,6,actuator,1,1,0.9221978981240676,1.551190179169457
80810070,1.0,6,world,0,0,0.5713584220436028,1.2128328722293598
80810070,1.0,6,visual,1,1,0.9979418782697632,1.5511901791694562
80810070,1.0,12,actuator,1,1,0.9999999960258137,1.4009582231328983
80810070,1.0,12,world,1,1,0.9999982571752851,1.4009582231328983
80810070,1.0,12,visual,1,1,0.9983351361690637,1.2437657273029308
80810071,0.18,4,actuator,1,1,1.0,0.023632856374013342
80810071,0.18,4,world,1,1,1.0,0.02363285637401334
80810071,0.18,4,visual,1,1,1.0,0.02363285637401334
80810071,0.18,6,actuator,1,1,1.0,0.02004664538653633
80810071,0.18,6,world,1,1,1.0,0.020046645386536326
80810071,0.18,6,visual,1,1,1.0,0.02004664538653633
80810071,0.18,12,actuator,1,1,1.0,0.026280833467596767
80810071,0.18,12,world,1,1,1.0,0.026280833467596767
80810071,0.18,12,visual,1,1,1.0,0.02628083346759677
80810071,0.5,4,actuator,1,1,0.9999998387141464,0.18235228683652271
80810071,0.5,4,world,1,1,0.9999997676887205,0.18235228683652271
80810071,0.5,4,visual,1,1,0.999999338144669,0.18235228683652274
80810071,0.5,6,actuator,1,1,0.999999999999909,0.1546809057603112
80810071,0.5,6,world,1,1,0.9999999987421202,0.1546809057603112
80810071,0.5,6,visual,1,1,0.9999999999112739,0.1546809057603112
80810071,0.5,12,actuator,1,1,1.0,0.20278420885491336
80810071,0.5,12,world,1,1,1.0,0.20278420885491336
80810071,0.5,12,visual,1,1,0.9999999999999505,0.20278420885491336
80810071,1.0,4,actuator,1,1,0.9156475657745725,0.7294091473460909
80810071,1.0,4,world,1,1,0.9740940600268291,0.7294091473460909
80810071,1.0,4,visual,1,1,0.9541142092967104,0.7294091473460909
80810071,1.0,6,actuator,1,1,0.9988467980430652,0.6187236230412448
80810071,1.0,6,world,1,1,0.9858790552510261,0.6187236230412448
80810071,1.0,6,visual,1,1,0.9953273852809879,0.6187236230412448
80810071,1.0,12,actuator,1,1,0.99999999999277,0.8111368354196534
80810071,1.0,12,world,1,1,0.9999999914874177,0.8111368354196534
80810071,1.0,12,visual,1,1,0.9650640596615949,0.8111368354196534
80810072,0.18,4,actuator,1,1,1.0,0.03285848215614917
80810072,0.18,4,world,1,1,1.0,0.03285848215614917
80810072,0.18,4,visual,1,1,1.0,0.03285848215614917
80810072,0.18,6,actuator,1,1,1.0,0.03991800160342963
80810072,0.18,6,world,1,1,1.0,0.03991800160342963
80810072,0.18,6,visual,1,1,1.0,0.03991800160342963
80810072,0.18,12,actuator,1,1,1.0,0.04234415822578241
80810072,0.18,12,world,1,1,1.0,0.04234415822578242
80810072,0.18,12,visual,1,1,1.0,0.04234415822578242
80810072,0.5,4,actuator,1,1,0.9999372600699388,0.2535376709579411
80810072,0.5,4,world,1,1,0.9999998596415473,0.2535376709579411
80810072,0.5,4,visual,1,1,0.9999989848977776,0.2535376709579411
80810072,0.5,6,actuator,1,1,0.9999875429032032,0.30800927163140146
80810072,0.5,6,world,1,1,0.9999999900375091,0.3080092716314015
80810072,0.5,6,visual,1,1,0.9999999963999753,0.3080092716314015
80810072,0.5,12,actuator,1,1,1.0,0.32672961593967925
80810072,0.5,12,world,1,1,1.0,0.32672961593967925
80810072,0.5,12,visual,1,1,1.0,0.32672961593967925
80810072,1.0,4,actuator,0,0,0.482017065746303,1.0141506838317644
80810072,1.0,4,world,1,1,0.9789545104985905,1.0141506838317644
80810072,1.0,4,visual,1,1,0.9331384844218853,1.0141506838317644
80810072,1.0,6,actuator,0,0,0.7626801226783407,1.0359714870091543
80810072,1.0,6,world,1,1,0.961151657044745,1.232037086525606
80810072,1.0,6,visual,1,1,0.9739567878250537,1.232037086525606
80810072,1.0,12,actuator,1,1,0.9998251864197868,1.306918463758717
80810072,1.0,12,world,1,1,0.9999584967491711,1.306918463758717
80810072,1.0,12,visual,1,1,0.9997939063406585,1.306918463758717
80810073,0.18,4,actuator,1,1,1.0,0.0309778973568999
80810073,0.18,4,world,1,1,1.0,0.0309778973568999
80810073,0.18,4,visual,1,1,1.0,0.030977897356899906
80810073,0.18,6,actuator,1,1,1.0,0.03332774139645591
80810073,0.18,6,world,1,1,1.0,0.03332774139645592
80810073,0.18,6,visual,1,1,1.0,0.03332774139645591
80810073,0.18,12,actuator,1,1,1.0,0.03775252279235528
80810073,0.18,12,world,1,1,1.0,0.03775252279235528
80810073,0.18,12,visual,1,1,1.0,0.03775252279235528
80810073,0.5,4,actuator,1,1,0.999999999965044,0.2390269857785487
80810073,0.5,4,world,1,1,0.9999987300930546,0.2390269857785487
80810073,0.5,4,visual,1,1,0.9999886403027537,0.2390269857785487
80810073,0.5,6,actuator,1,1,1.0,0.2571584984294438
80810073,0.5,6,world,1,1,0.9999999999528533,0.2571584984294438
80810073,0.5,6,visual,1,1,0.9999999282353653,0.2571584984294438
80810073,0.5,12,actuator,1,1,1.0,0.2913003301879266
80810073,0.5,12,world,1,1,1.0,0.2913003301879266
80810073,0.5,12,visual,1,1,0.9999999999999978,0.2913003301879266
80810073,1.0,4,actuator,1,1,0.9996642166275883,0.9561079431141948
80810073,1.0,4,world,0,0,0.6854640799020056,0.9561079431141948
80810073,1.0,4,visual,0,0,0.47240187297314606,0.9561079431141948
80810073,1.0,6,actuator,1,1,0.9999999872640059,1.0286339937177753
80810073,1.0,6,world,1,1,0.9606967838953645,1.028633993717775
80810073,1.0,6,visual,0,0,0.6246507677152681,0.9768353110922036
80810073,1.0,12,actuator,1,1,0.9999999992302384,1.1652013207517065
80810073,1.0,12,world,1,1,0.999999074567735,1.1652013207517065
80810073,1.0,12,visual,1,1,0.9921772680014421,1.1652013207517065
80810074,0.18,4,actuator,1,1,1.0,0.02916804131731581
80810074,0.18,4,world,1,1,1.0,0.02916804131731581
80810074,0.18,4,visual,1,1,1.0,0.02916804131731581
80810074,0.18,6,actuator,1,1,1.0,0.030969801302509637
80810074,0.18,6,world,1,1,1.0,0.030969801302509647
80810074,0.18,6,visual,1,1,1.0,0.030969801302509637
80810074,0.18,12,actuator,1,1,1.0,0.034256452014805594
80810074,0.18,12,world,1,1,1.0,0.034256452014805594
80810074,0.18,12,visual,1,1,1.0,0.034256452014805594
80810074,0.5,4,actuator,1,1,0.9994668950551082,0.22506204720151085
80810074,0.5,4,world,1,1,0.9999999729670296,0.22506204720151085
80810074,0.5,4,visual,1,1,0.9999995315284341,0.22506204720151085
80810074,0.5,6,actuator,1,1,0.9999999999999931,0.23896451622306816
80810074,0.5,6,world,1,1,0.999999999999962,0.23896451622306816
80810074,0.5,6,visual,1,1,0.9999997535731483,0.23896451622306814
80810074,0.5,12,actuator,1,1,1.0,0.2643244754228827
80810074,0.5,12,world,1,1,1.0,0.2643244754228827
80810074,0.5,12,visual,1,1,1.0,0.2643244754228827
80810074,1.0,4,actuator,0,0,0.6207851362301845,0.6347198984013624
80810074,1.0,4,world,1,1,0.9911018770244215,0.9002481888060434
80810074,1.0,4,visual,1,1,0.9639328402104451,0.9002481888060434
80810074,1.0,6,actuator,1,1,0.9967100168666353,0.9558580648922727
80810074,1.0,6,world,1,1,0.9999212965809191,0.9558580648922725
80810074,1.0,6,visual,1,1,0.8331196065834885,0.9558580648922725
80810074,1.0,12,actuator,1,1,0.9998004590160346,1.0572979016915307
80810074,1.0,12,world,1,1,0.9999462790492228,1.0572979016915307
80810074,1.0,12,visual,1,1,0.9999982459092331,1.0572979016915307
80810075,0.18,4,actuator,1,1,1.0,0.021574649668767442
80810075,0.18,4,world,1,1,1.0,0.02157464966876744
80810075,0.18,4,visual,1,1,1.0,0.02157464966876744
80810075,0.18,6,actuator,1,1,1.0,0.018855012297112825
80810075,0.18,6,world,1,1,1.0,0.018855012297112825
80810075,0.18,6,visual,1,1,1.0,0.018855012297112825
80810075,0.18,12,actuator,1,1,1.0,0.020880764824958903
80810075,0.18,12,world,1,1,1.0,0.020880764824958903
80810075,0.18,12,visual,1,1,1.0,0.020880764824958903
80810075,0.5,4,actuator,1,1,0.999998943735959,0.16647106225900804
80810075,0.5,4,world,1,1,0.999999748489889,0.16647106225900804
80810075,0.5,4,visual,1,1,0.9996799700899897,0.16647106225900804
80810075,0.5,6,actuator,1,1,0.9999999999856597,0.14548620599624096
80810075,0.5,6,world,1,1,0.9999999998606572,0.14548620599624096
80810075,0.5,6,visual,1,1,0.999999949535202,0.14548620599624096
80810075,0.5,12,actuator,1,1,1.0,0.16111701253826316
80810075,0.5,12,world,1,1,1.0,0.1611170125382632
80810075,0.5,12,visual,1,1,1.0,0.1611170125382632
80810075,1.0,4,actuator,1,1,0.8948567031268373,0.6658842490360322
80810075,1.0,4,world,1,1,0.8627050722502296,0.6658842490360322
80810075,1.0,4,visual,1,1,0.8010909171844298,0.4778469628679233
80810075,1.0,6,actuator,1,1,0.9844269938078767,0.5819448239849638
80810075,1.0,6,world,1,1,0.9949976045865345,0.5819448239849638
80810075,1.0,6,visual,1,1,0.8878602365003535,0.5819448239849638
80810075,1.0,12,actuator,1,1,0.9999973230679914,0.6444680501530526
80810075,1.0,12,world,1,1,0.9997998058676606,0.6444680501530528
80810075,1.0,12,visual,1,1,0.9996805518585976,0.6444680501530528
80810076,0.18,4,actuator,1,1,1.0,0.020367647487356352
80810076,0.18,4,world,1,1,1.0,0.020367647487356352
80810076,0.18,4,visual,1,1,1.0,0.020367647487356352
80810076,0.18,6,actuator,1,1,1.0,0.02272951714581164
80810076,0.18,6,world,1,1,1.0,0.022729517145811635
80810076,0.18,6,visual,1,1,1.0,0.022729517145811635
80810076,0.18,12,actuator,1,1,1.0,0.021614388974424737
80810076,0.18,12,world,1,1,1.0,0.021614388974424737
80810076,0.18,12,visual,1,1,1.0,0.021614388974424737
80810076,0.5,4,actuator,1,1,0.9999999999766838,0.15715777382219406
80810076,0.5,4,world,1,1,0.9995936573973523,0.1571577738221941
80810076,0.5,4,visual,1,1,0.9999999923833561,0.1571577738221941
80810076,0.5,6,actuator,1,1,1.0,0.1753820767423738
80810076,0.5,6,world,1,1,0.9999999999062514,0.17538207674237374
80810076,0.5,6,visual,1,1,0.9999999996705589,0.17538207674237374
80810076,0.5,12,actuator,1,1,1.0,0.16677769270389461
80810076,0.5,12,world,1,1,0.9999999999999996,0.16677769270389456
80810076,0.5,12,visual,1,1,1.0,0.16677769270389461
80810076,1.0,4,actuator,1,1,0.9979379261071779,0.6286310952887764
80810076,1.0,4,world,0,0,0.47521410539912157,0.6166680773618938
80810076,1.0,4,visual,1,1,0.9901270339030536,0.6286310952887764
80810076,1.0,6,actuator,1,1,0.9999619230800665,0.7015283069694952
80810076,1.0,6,world,1,1,0.9961063796541699,0.701528306969495
80810076,1.0,6,visual,1,1,0.9922128963203259,0.7015283069694952
80810076,1.0,12,actuator,1,1,0.9999999995266045,0.6671107708155785
80810076,1.0,12,world,1,1,0.9962398185757844,0.6671107708155785
80810076,1.0,12,visual,1,1,0.9999885256576939,0.6671107708155785
80810077,0.18,4,actuator,1,1,1.0,0.0492958280647926
80810077,0.18,4,world,1,1,1.0,0.0492958280647926
80810077,0.18,4,visual,1,1,1.0,0.0492958280647926
80810077,0.18,6,actuator,1,1,1.0,0.042402251325951025
80810077,0.18,6,world,1,1,1.0,0.042402251325951025
80810077,0.18,6,visual,1,1,1.0,0.04240225132595102
80810077,0.18,12,actuator,1,1,1.0,0.03172950581614898
80810077,0.18,12,world,1,1,1.0,0.03172950581614897
80810077,0.18,12,visual,1,1,1.0,0.03172950581614898
80810077,0.5,4,actuator,1,1,0.9999999948199545,0.3803690437098195
80810077,0.5,4,world,1,1,0.9999999993991597,0.3803690437098195
80810077,0.5,4,visual,1,1,0.999744940831968,0.3803690437098195
80810077,0.5,6,actuator,1,1,0.9999999997642326,0.32717786516937525
80810077,0.5,6,world,1,1,0.9999999999962255,0.32717786516937525
80810077,0.5,6,visual,1,1,0.9999999865459939,0.32717786516937525
80810077,0.5,12,actuator,1,1,1.0,0.24482643376658167
80810077,0.5,12,world,1,1,1.0,0.24482643376658167
80810077,0.5,12,visual,1,1,1.0,0.24482643376658167
80810077,1.0,4,actuator,1,1,0.9661965734509806,1.521476174839278
80810077,1.0,4,world,1,1,0.9923981162849451,1.521476174839278
80810077,1.0,4,visual,0,0,0.3972120443208651,1.521476174839278
80810077,1.0,6,actuator,0,0,0.7448636471422339,1.308711460677501
80810077,1.0,6,world,1,1,0.9992166709225768,1.308711460677501
80810077,1.0,6,visual,1,1,0.9551813203456764,1.308711460677501
80810077,1.0,12,actuator,1,1,0.999991086136827,0.9793057350663267
80810077,1.0,12,world,1,1,0.9999821219976531,0.9793057350663267
80810077,1.0,12,visual,1,1,0.9999917764448503,0.9793057350663267
80810078,0.18,4,actuator,1,1,1.0,0.04276809477007334
80810078,0.18,4,world,1,1,1.0,0.042768094770073345
80810078,0.18,4,visual,1,1,1.0,0.04276809477007334
80810078,0.18,6,actuator,1,1,1.0,0.05622553954639143
80810078,0.18,6,world,1,1,1.0,0.05622553954639142
80810078,0.18,6,visual,1,1,1.0,0.05622553954639142
80810078,0.18,12,actuator,1,1,1.0,0.0458852651153638
80810078,0.18,12,world,1,1,1.0,0.0458852651153638
80810078,0.18,12,visual,1,1,1.0,0.04588526511536379
80810078,0.5,4,actuator,1,1,0.999697603437646,0.33000073125056595
80810078,0.5,4,world,1,1,0.9931914902930393,0.3300007312505659
80810078,0.5,4,visual,1,1,0.9999999999661808,0.33000073125056584
80810078,0.5,6,actuator,1,1,1.0,0.43383903970981047
80810078,0.5,6,world,1,1,0.9988465963955836,0.43383903970981047
80810078,0.5,6,visual,1,1,0.9999999999999434,0.43383903970981047
80810078,0.5,12,actuator,1,1,1.0,0.3540529715691651
80810078,0.5,12,world,1,1,1.0,0.3540529715691651
80810078,0.5,12,visual,1,1,1.0,0.3540529715691651
80810078,1.0,4,actuator,1,0,0.8703763218609026,1.0765245014065312
80810078,1.0,4,world,1,0,0.8187970955410129,1.1314248142758327
80810078,1.0,4,visual,1,1,0.9996425301967166,1.3200029250022636
80810078,1.0,6,actuator,1,1,0.9998117505619324,1.7353561588392419
80810078,1.0,6,world,1,0,0.9320053991949901,1.5171846581086477
80810078,1.0,6,visual,1,1,0.99989523691013,1.7353561588392419
80810078,1.0,12,actuator,1,1,0.9999987074477092,1.4162118862766604
80810078,1.0,12,world,1,1,0.9993956696717993,1.4162118862766604
80810078,1.0,12,visual,1,1,0.9997950643127876,1.4162118862766604
80810079,0.18,4,actuator,1,1,1.0,0.035774296085715224
80810079,0.18,4,world,1,1,1.0,0.03577429608571522
80810079,0.18,4,visual,1,1,1.0,0.03577429608571522
80810079,0.18,6,actuator,1,1,1.0,0.03178593058044873
80810079,0.18,6,world,1,1,1.0,0.03178593058044872
80810079,0.18,6,visual,1,1,1.0,0.03178593058044872
80810079,0.18,12,actuator,1,1,1.0,0.034874514761458156
80810079,0.18,12,world,1,1,1.0,0.03487451476145815
80810079,0.18,12,visual,1,1,1.0,0.03487451476145815
80810079,0.5,4,actuator,1,1,0.9999997746529824,0.27603623522928417
80810079,0.5,4,world,1,1,0.9999772845090575,0.27603623522928417
80810079,0.5,4,visual,1,1,0.99999993202183,0.27603623522928417
80810079,0.5,6,actuator,1,1,0.9999999999805143,0.2452618100343266
80810079,0.5,6,world,1,1,0.9999799181831103,0.2452618100343266
80810079,0.5,6,visual,1,1,0.9999999999805418,0.24526181003432665
80810079,0.5,12,actuator,1,1,1.0,0.269093478097671
80810079,0.5,12,world,1,1,1.0,0.269093478097671
80810079,0.5,12,visual,1,1,0.999999999999889,0.269093478097671
80810079,1.0,4,actuator,1,1,0.9633019331130839,1.1041449409171367
80810079,1.0,4,world,0,0,0.7811462298694157,1.1041449409171367
80810079,1.0,4,visual,1,1,0.9827427982687933,1.1041449409171367
80810079,1.0,6,actuator,1,1,0.9572296746751411,0.9810472401373064
80810079,1.0,6,world,0,0,0.5847449029457217,0.9317003944145757
80810079,1.0,6,visual,1,1,0.9979783708534964,0.9810472401373066
80810079,1.0,12,actuator,1,1,0.999999996742504,1.076373912390684
80810079,1.0,12,world,1,1,0.9999955653038345,1.076373912390684
80810079,1.0,12,visual,1,1,0.9591101270221617,1.0659778831227917
80810080,0.18,4,actuator,1,1,1.0,0.04213896054872239
80810080,0.18,4,world,1,1,1.0,0.04213896054872239
80810080,0.18,4,visual,1,1,1.0,0.04213896054872239
80810080,0.18,6,actuator,1,1,1.0,0.04869865155356697
80810080,0.18,6,world,1,1,1.0,0.04869865155356696
80810080,0.18,6,visual,1,1,1.0,0.04869865155356696
80810080,0.18,12,actuator,1,1,1.0,0.03311028900858248
80810080,0.18,12,world,1,1,1.0,0.03311028900858248
80810080,0.18,12,visual,1,1,1.0,0.03311028900858248
80810080,0.5,4,actuator,1,1,0.9999768758955326,0.3251463005302654
80810080,0.5,4,world,1,1,0.9999994329094449,0.3251463005302654
80810080,0.5,4,visual,1,1,0.9890448153453696,0.3251463005302654
80810080,0.5,6,actuator,1,1,0.9999999999999996,0.37576120025900445
80810080,0.5,6,world,1,1,0.9999999999991482,0.37576120025900445
80810080,0.5,6,visual,1,1,0.9999962598866975,0.35997989264874725
80810080,0.5,12,actuator,1,1,1.0,0.25548062506622293
80810080,0.5,12,world,1,1,1.0,0.25548062506622293
80810080,0.5,12,visual,1,1,1.0,0.25548062506622293
80810080,1.0,4,actuator,0,0,0.6814932337961634,1.3005852021210615
80810080,1.0,4,world,1,1,0.9688991239278696,0.9902594937941576
80810080,1.0,4,visual,0,0,0.5478492882546607,1.056073507278579
80810080,1.0,6,actuator,1,1,0.9964048705506926,1.5030448010360178
80810080,1.0,6,world,1,1,0.9925687745446965,1.5030448010360178
80810080,1.0,6,visual,1,1,0.9622802693015673,1.2214821858155032
80810080,1.0,12,actuator,1,1,0.9999999999751388,1.0219225002648917
80810080,1.0,12,world,1,1,0.9999973216413527,1.0219225002648917
80810080,1.0,12,visual,1,1,0.9989415076063332,1.0219225002648917
80810081,0.18,4,actuator,1,1,1.0,0.05372205622681765
80810081,0.18,4,world,1,1,1.0,0.05372205622681765
80810081,0.18,4,visual,1,1,1.0,0.05372205622681765
80810081,0.18,6,actuator,1,1,1.0,0.05042437592538593
80810081,0.18,6,world,1,1,1.0,0.05042437592538593
80810081,0.18,6,visual,1,1,1.0,0.05042437592538593
80810081,0.18,12,actuator,1,1,1.0,0.03567453830730855
80810081,0.18,12,world,1,1,1.0,0.03567453830730855
80810081,0.18,12,visual,1,1,1.0,0.03567453830730855
80810081,0.5,4,actuator,1,1,0.9982160727091133,0.41452203878717325
80810081,0.5,4,world,1,1,0.9998201158272617,0.41452203878717325
80810081,0.5,4,visual,1,1,0.9998805963867267,0.37410926924728916
80810081,0.5,6,actuator,1,1,0.9999999999789917,0.38907697473291614
80810081,0.5,6,world,1,1,0.9999999999989615,0.38907697473291614
80810081,0.5,6,visual,1,1,0.999665012130691,0.3166994155400614
80810081,0.5,12,actuator,1,1,1.0,0.2752664992847882
80810081,0.5,12,world,1,1,1.0,0.2752664992847882
80810081,0.5,12,visual,1,1,0.9999999999999882,0.2752664992847882
80810081,1.0,4,actuator,1,0,0.8336420812559334,1.2923316785479337
80810081,1.0,4,world,0,0,0.5698536976541202,1.4024577426895726
80810081,1.0,4,visual,1,1,0.9068717238859968,1.327262616068925
80810081,1.0,6,actuator,0,0,0.7830988768272965,1.5563078989316645
80810081,1.0,6,world,1,1,0.9930655209569087,1.539715842197258
80810081,1.0,6,visual,0,0,0.715279779705232,1.1615527805459551
80810081,1.0,12,actuator,1,1,0.9999999890035091,1.1010659971391528
80810081,1.0,12,world,1,1,0.9999971530023094,1.1010659971391528
80810081,1.0,12,visual,1,1,0.9855284082915611,1.0927699687719497
80810082,0.18,4,actuator,1,1,1.0,0.03177007543483769
80810082,0.18,4,world,1,1,1.0,0.03177007543483769
80810082,0.18,4,visual,1,1,1.0,0.03177007543483769
80810082,0.18,6,actuator,1,1,1.0,0.052461921669199434
80810082,0.18,6,world,1,1,1.0,0.05246192166919944
80810082,0.18,6,visual,1,1,1.0,0.05246192166919944
80810082,0.18,12,actuator,1,1,1.0,0.044728423158421106
80810082,0.18,12,world,1,1,1.0,0.044728423158421106
80810082,0.18,12,visual,1,1,1.0,0.0447284231584211
80810082,0.5,4,actuator,1,1,0.9989250999494984,0.24513947094782165
80810082,0.5,4,world,1,1,0.9999992286148356,0.24513947094782165
80810082,0.5,4,visual,1,1,0.9999998323682068,0.24513947094782165
80810082,0.5,6,actuator,1,1,0.9999999999496152,0.4047987783117241
80810082,0.5,6,world,1,1,0.9999999998225668,0.404798778311724
80810082,0.5,6,visual,1,1,0.9999999992191715,0.4047987783117241
80810082,0.5,12,actuator,1,1,1.0,0.3451267219013974
80810082,0.5,12,world,1,1,1.0,0.3451267219013974
80810082,0.5,12,visual,1,1,0.9999999999992617,0.3451267219013974
80810082,1.0,4,actuator,0,0,0.5663131360295051,0.9077302301048618
80810082,1.0,4,world,1,1,0.9538272459916368,0.9805578837912866
80810082,1.0,4,visual,1,1,0.9719617135056123,0.9805578837912866
80810082,1.0,6,actuator,1,1,0.9682144782691432,1.6191951132468965
80810082,1.0,6,world,1,1,0.9946407627073156,1.619195113246896
80810082,1.0,6,visual,1,1,0.98657067496627,1.6191951132468965
80810082,1.0,12,actuator,1,1,0.999926129656561,1.3805068876055897
80810082,1.0,12,world,1,1,0.9999997509903356,1.3805068876055897
80810082,1.0,12,visual,1,1,0.877308226860878,1.3805068876055895
80810083,0.18,4,actuator,1,1,1.0,0.03636871310161533
80810083,0.18,4,world,1,1,1.0,0.036368713101615324
80810083,0.18,4,visual,1,1,1.0,0.03636871310161533
80810083,0.18,6,actuator,1,1,1.0,0.03565938841974651
80810083,0.18,6,world,1,1,1.0,0.03565938841974651
80810083,0.18,6,visual,1,1,1.0,0.03565938841974651
80810083,0.18,12,actuator,1,1,1.0,0.04044396379509612
80810083,0.18,12,world,1,1,1.0,0.04044396379509612
80810083,0.18,12,visual,1,1,1.0,0.040443963795096106
80810083,0.5,4,actuator,1,1,0.999999703037096,0.2806227862778961
80810083,0.5,4,world,1,1,0.9999990512165673,0.2806227862778961
80810083,0.5,4,visual,1,1,0.9999616546581415,0.2806227862778961
80810083,0.5,6,actuator,1,1,0.999999999997184,0.2751496020042169
80810083,0.5,6,world,1,1,0.9999999999932996,0.27514960200421684
80810083,0.5,6,visual,1,1,0.9999999724248657,0.27514960200421684
80810083,0.5,12,actuator,1,1,1.0,0.31206762187574166
80810083,0.5,12,world,1,1,1.0,0.31206762187574166
80810083,0.5,12,visual,1,1,0.9999999999999996,0.31206762187574166
80810083,1.0,4,actuator,1,1,0.9680075298803522,1.1224911451115844
80810083,1.0,4,world,1,1,0.8829432816208236,1.1224911451115844
80810083,1.0,4,visual,0,0,0.7278498642940502,1.1224911451115844
80810083,1.0,6,actuator,1,1,0.9776714521957743,1.1005984080168676
80810083,1.0,6,world,1,1,0.9986289878523753,1.1005984080168674
80810083,1.0,6,visual,1,1,0.948769190948705,1.078051356146424
80810083,1.0,12,actuator,1,1,0.9999961301379608,1.2482704875029667
80810083,1.0,12,world,1,1,0.9999999889357937,1.2482704875029667
80810083,1.0,12,visual,1,1,0.9965955367693515,1.2482704875029667
80810084,0.18,4,actuator,1,1,1.0,0.05147208666807933
80810084,0.18,4,world,1,1,1.0,0.05147208666807933
80810084,0.18,4,visual,1,1,1.0,0.05147208666807932
80810084,0.18,6,actuator,1,1,1.0,0.04119491584340446
80810084,0.18,6,world,1,1,1.0,0.04119491584340446
80810084,0.18,6,visual,1,1,1.0,0.04119491584340445
80810084,0.18,12,actuator,1,1,1.0,0.03511742431029779
80810084,0.18,12,world,1,1,1.0,0.03511742431029779
80810084,0.18,12,visual,1,1,1.0,0.03511742431029779
80810084,0.5,4,actuator,1,1,0.999999999789934,0.3971611625623406
80810084,0.5,4,world,1,1,0.9999999803142102,0.3971611625623406
80810084,0.5,4,visual,1,1,0.9997442361901365,0.3971611625623406
80810084,0.5,6,actuator,1,1,1.0,0.31786200496454065
80810084,0.5,6,world,1,1,0.999999999940268,0.31786200496454065
80810084,0.5,6,visual,1,1,0.999999998420992,0.31786200496454065
80810084,0.5,12,actuator,1,1,1.0,0.2709677801720509
80810084,0.5,12,world,1,1,1.0,0.2709677801720509
80810084,0.5,12,visual,1,1,1.0,0.2709677801720509
80810084,1.0,4,actuator,1,1,0.9992058098859096,1.5886446502493623
80810084,1.0,4,world,1,1,0.9461291013859756,1.5886446502493623
80810084,1.0,4,visual,0,0,0.5786416814053276,1.4747776184690273
80810084,1.0,6,actuator,1,1,0.9997424164185699,1.2714480198581626
80810084,1.0,6,world,1,1,0.9968908591162282,1.2714480198581626
80810084,1.0,6,visual,1,1,0.9839999188892908,1.2714480198581626
80810084,1.0,12,actuator,1,1,0.9999999046599597,1.0838711206882037
80810084,1.0,12,world,1,1,0.9999947055168709,1.0838711206882037
80810084,1.0,12,visual,1,1,0.9997820715267213,1.0838711206882037
80810085,0.18,4,actuator,1,1,1.0,0.03667244189511519
80810085,0.18,4,world,1,1,1.0,0.03667244189511519
80810085,0.18,4,visual,1,1,1.0,0.03667244189511519
80810085,0.18,6,actuator,1,1,1.0,0.03569428386592294
80810085,0.18,6,world,1,1,1.0,0.03569428386592294
80810085,0.18,6,visual,1,1,1.0,0.03569428386592294
80810085,0.18,12,actuator,1,1,1.0,0.030846194939167848
80810085,0.18,12,world,1,1,1.0,0.030846194939167848
80810085,0.18,12,visual,1,1,1.0,0.030846194939167845
80810085,0.5,4,actuator,1,1,0.9999917391801366,0.28296637264749375
80810085,0.5,4,world,1,1,0.9999999999751672,0.28296637264749375
80810085,0.5,4,visual,1,1,0.9683316880053363,0.28296637264749375
80810085,0.5,6,actuator,1,1,0.9999999999999987,0.2754188569901462
80810085,0.5,6,world,1,1,0.999999999938578,0.2754188569901462
80810085,0.5,6,visual,1,1,0.999999999959319,0.2754188569901462
80810085,0.5,12,actuator,1,1,1.0,0.238010763419505
80810085,0.5,12,world,1,1,1.0,0.238010763419505
80810085,0.5,12,visual,1,1,1.0,0.238010763419505
80810085,1.0,4,actuator,1,1,0.864154136377253,1.131865490589975
80810085,1.0,4,world,1,1,0.9983041360562361,1.131865490589975
80810085,1.0,4,visual,1,0,0.8942792500746058,0.8456319905397487
80810085,1.0,6,actuator,1,1,0.9996279097612273,1.1016754279605847
80810085,1.0,6,world,1,1,0.9968480046216622,1.1016754279605847
80810085,1.0,6,visual,1,1,0.9973983080778371,1.1016754279605847
80810085,1.0,12,actuator,1,1,0.999999187020897,0.95204305367802
80810085,1.0,12,world,1,1,0.9999998409749253,0.95204305367802
80810085,1.0,12,visual,1,1,0.9992408011460343,0.95204305367802
80810086,0.18,4,actuator,1,1,1.0,0.01692124853146961
80810086,0.18,4,world,1,1,1.0,0.01692124853146961
80810086,0.18,4,visual,1,1,1.0,0.016921248531469608
80810086,0.18,6,actuator,1,1,1.0,0.013999786176145931
80810086,0.18,6,world,1,1,1.0,0.013999786176145937
80810086,0.18,6,visual,1,1,1.0,0.013999786176145931
80810086,0.18,12,actuator,1,1,1.0,0.022198452049340216
80810086,0.18,12,world,1,1,1.0,0.02219845204934022
80810086,0.18,12,visual,1,1,1.0,0.022198452049340216
80810086,0.5,4,actuator,1,1,0.9999999973655092,0.1305651892860309
80810086,0.5,4,world,1,1,0.9999999999379365,0.1305651892860309
80810086,0.5,4,visual,1,1,0.9997891267711435,0.1305651892860309
80810086,0.5,6,actuator,1,1,0.9999999999999949,0.10802304148260748
80810086,0.5,6,world,1,1,0.9999999999989067,0.1080230414826075
80810086,0.5,6,visual,1,1,0.9999999986963783,0.1080230414826075
80810086,0.5,12,actuator,1,1,1.0,0.1712843522325634
80810086,0.5,12,world,1,1,1.0,0.1712843522325634
80810086,0.5,12,visual,1,1,1.0,0.1712843522325634
80810086,1.0,4,actuator,1,1,0.9890317182590499,0.5222607571441236
80810086,1.0,4,world,1,1,0.9990025687636038,0.5222607571441236
80810086,1.0,4,visual,0,0,0.548284937332549,0.5222607571441236
80810086,1.0,6,actuator,1,1,0.9988496773256282,0.43209216593042993
80810086,1.0,6,world,1,1,0.9995783480738984,0.43209216593042993
80810086,1.0,6,visual,1,1,0.9856178283651374,0.43209216593042993
80810086,1.0,12,actuator,1,1,0.9999966390887246,0.6851374089302537
80810086,1.0,12,world,1,1,0.9999994795801977,0.6851374089302537
80810086,1.0,12,visual,1,1,0.999927454431628,0.6851374089302537
80810087,0.18,4,actuator,1,1,1.0,0.04338703149012897
80810087,0.18,4,world,1,1,1.0,0.04338703149012897
80810087,0.18,4,visual,1,1,1.0,0.04338703149012897
80810087,0.18,6,actuator,1,1,1.0,0.03610936053053642
80810087,0.18,6,world,1,1,1.0,0.03610936053053643
80810087,0.18,6,visual,1,1,1.0,0.03610936053053643
80810087,0.18,12,actuator,1,1,1.0,0.04720068745528174
80810087,0.18,12,world,1,1,1.0,0.04720068745528174
80810087,0.18,12,visual,1,1,1.0,0.04720068745528174
80810087,0.5,4,actuator,1,1,0.9999907893982294,0.33477647754729145
80810087,0.5,4,world,1,1,0.9999997303853191,0.33477647754729145
80810087,0.5,4,visual,1,1,0.9999966272004204,0.33477647754729145
80810087,0.5,6,actuator,1,1,1.0,0.27862160903191685
80810087,0.5,6,world,1,1,0.999999999999815,0.27862160903191685
80810087,0.5,6,visual,1,1,0.9999997141299302,0.27862160903191685
80810087,0.5,12,actuator,1,1,1.0,0.3642028353030999
80810087,0.5,12,world,1,1,1.0,0.36420283530309977
80810087,0.5,12,visual,1,1,0.9999999999999856,0.3642028353030999
80810087,1.0,4,actuator,1,1,0.8526064536731456,1.3391059101891658
80810087,1.0,4,world,1,1,0.9701275912547562,1.3391059101891658
80810087,1.0,4,visual,1,1,0.9041024693866795,1.3391059101891658
80810087,1.0,6,actuator,1,1,0.999911894509858,1.1144864361276674
80810087,1.0,6,world,1,1,0.9997869636066339,1.1144864361276674
80810087,1.0,6,visual,1,1,0.8476340626937956,1.0978787589811445
80810087,1.0,12,actuator,1,1,0.9999999682283595,1.4568113412123995
80810087,1.0,12,world,1,1,0.9999999980635508,1.4568113412123995
80810087,1.0,12,visual,1,1,0.9808771170652373,1.4568113412123995
80810088,0.18,4,actuator,1,1,1.0,0.07458364045333556
80810088,0.18,4,world,1,1,1.0,0.07458364045333556
80810088,0.18,4,visual,1,1,1.0,0.07458364045333554
80810088,0.18,6,actuator,1,1,1.0,0.06670803069321321
80810088,0.18,6,world,1,1,1.0,0.06670803069321322
80810088,0.18,6,visual,1,1,1.0,0.06670803069321322
80810088,0.18,12,actuator,1,1,1.0,0.045862230083917155
80810088,0.18,12,world,1,1,1.0,0.045862230083917155
80810088,0.18,12,visual,1,1,1.0,0.045862230083917155
80810088,0.5,4,actuator,1,1,0.9999999999999984,0.5754910528806756
80810088,0.5,4,world,1,1,0.9999031966758586,0.5754910528806756
80810088,0.5,4,visual,1,1,0.9753668887302842,0.5754910528806756
80810088,0.5,6,actuator,1,1,0.9999999999999944,0.5147224590525711
80810088,0.5,6,world,1,1,0.9999999999999611,0.5147224590525711
80810088,0.5,6,visual,1,1,0.9999996994375955,0.5147224590525711
80810088,0.5,12,actuator,1,1,1.0,0.3538752321289904
80810088,0.5,12,world,1,1,1.0,0.35387523212899036
80810088,0.5,12,visual,1,1,0.9999999999999969,0.35387523212899036
80810088,1.0,4,actuator,1,1,0.9999936120343339,2.3019642115227024
80810088,1.0,4,world,0,0,0.7984948505924927,2.12963529260084
80810088,1.0,4,visual,1,0,0.939143440888973,1.78757886191198
80810088,1.0,6,actuator,1,1,0.9997241363760401,2.0588898362102843
80810088,1.0,6,world,1,1,0.9999199386420361,2.0588898362102843
80810088,1.0,6,visual,1,1,0.8147077903934171,2.0588898362102843
80810088,1.0,12,actuator,1,1,0.9999999995663094,1.4155009285159617
80810088,1.0,12,world,1,1,0.9999999959062666,1.4155009285159614
80810088,1.0,12,visual,1,1,0.9908620201578464,1.4155009285159614
80810089,0.18,4,actuator,1,1,1.0,0.0365112218085085
80810089,0.18,4,world,1,1,1.0,0.0365112218085085
80810089,0.18,4,visual,1,1,1.0,0.0365112218085085
80810089,0.18,6,actuator,1,1,1.0,0.028451905619172296
80810089,0.18,6,world,1,1,1.0,0.028451905619172293
80810089,0.18,6,visual,1,1,1.0,0.028451905619172296
80810089,0.18,12,actuator,1,1,1.0,0.02567036211128025
80810089,0.18,12,world,1,1,1.0,0.025670362111280248
80810089,0.18,12,visual,1,1,1.0,0.025670362111280248
80810089,0.5,4,actuator,1,1,0.9999999999963605,0.2817223904977508
80810089,0.5,4,world,1,1,0.9999982031089983,0.2817223904977508
80810089,0.5,4,visual,1,1,0.9991381406732688,0.2817223904977508
80810089,0.5,6,actuator,1,1,1.0,0.21953630878990968
80810089,0.5,6,world,1,1,0.9999999999998184,0.2195363087899097
80810089,0.5,6,visual,1,1,0.9999999319586985,0.2195363087899097
80810089,0.5,12,actuator,1,1,1.0,0.19807378172284143
80810089,0.5,12,world,1,1,1.0,0.19807378172284143
80810089,0.5,12,visual,1,1,1.0,0.19807378172284143
80810089,1.0,4,actuator,1,1,0.9998780207337875,1.126889561991003
80810089,1.0,4,world,0,0,0.6485729619201406,1.1268895619910033
80810089,1.0,4,visual,1,0,0.8675095428626012,0.8250116005254802
80810089,1.0,6,actuator,1,1,0.9999980850109506,0.8781452351596387
80810089,1.0,6,world,1,1,0.999764997595262,0.8781452351596388
80810089,1.0,6,visual,1,1,0.8413668595282638,0.8781452351596388
80810089,1.0,12,actuator,1,1,0.9999967749518992,0.7922951268913657
80810089,1.0,12,world,1,1,0.9999672195515323,0.7922951268913657
80810089,1.0,12,visual,1,1,0.9999766008844183,0.7922951268913657
80810090,0.18,4,actuator,1,1,1.0,0.04673026554075867
80810090,0.18,4,world,1,1,1.0,0.04673026554075866
80810090,0.18,4,visual,1,1,1.0,0.04673026554075866
80810090,0.18,6,actuator,1,1,1.0,0.043085331960329896
80810090,0.18,6,world,1,1,1.0,0.043085331960329896
80810090,0.18,6,visual,1,1,1.0,0.0430853319603299
80810090,0.18,12,actuator,1,1,1.0,0.03504865925122456
80810090,0.18,12,world,1,1,1.0,0.03504865925122455
80810090,0.18,12,visual,1,1,1.0,0.03504865925122455
80810090,0.5,4,actuator,1,1,0.9999423952702374,0.36057303657992806
80810090,0.5,4,world,1,1,0.9975532765819273,0.36057303657992806
80810090,0.5,4,visual,1,1,0.9999999998960081,0.36057303657992806
80810090,0.5,6,actuator,1,1,0.999999999999271,0.33244854907661964
80810090,0.5,6,world,1,1,0.9999999998792988,0.33244854907661964
80810090,0.5,6,visual,1,1,0.9999999999855249,0.33244854907661964
80810090,0.5,12,actuator,1,1,1.0,0.2704371855804364
80810090,0.5,12,world,1,1,1.0,0.2704371855804364
80810090,0.5,12,visual,1,1,1.0,0.2704371855804364
80810090,1.0,4,actuator,0,0,0.6787987050027974,1.319080076355347
80810090,1.0,4,world,0,0,0.7297064765481323,1.3179518843645197
80810090,1.0,4,visual,1,1,0.9991467062174894,1.4422921463197123
80810090,1.0,6,actuator,1,1,0.9958217282235853,1.3297941963064785
80810090,1.0,6,world,1,1,0.9955844209682205,1.3297941963064785
80810090,1.0,6,visual,1,1,0.9979587927662691,1.3297941963064785
80810090,1.0,12,actuator,1,1,0.9999999034000657,1.0817487423217456
80810090,1.0,12,world,1,1,0.9999841381569639,1.0817487423217453
80810090,1.0,12,visual,1,1,0.99988456252703,1.0817487423217456
80810091,0.18,4,actuator,1,1,1.0,0.03893738617812821
80810091,0.18,4,world,1,1,1.0,0.03893738617812821
80810091,0.18,4,visual,1,1,1.0,0.03893738617812821
80810091,0.18,6,actuator,1,1,1.0,0.031309093426154046
80810091,0.18,6,world,1,1,1.0,0.031309093426154046
80810091,0.18,6,visual,1,1,1.0,0.031309093426154046
80810091,0.18,12,actuator,1,1,1.0,0.03778869202019869
80810091,0.18,12,world,1,1,1.0,0.03778869202019868
80810091,0.18,12,visual,1,1,1.0,0.03778869202019868
80810091,0.5,4,actuator,1,1,0.9999868743298879,0.30044279458432266
80810091,0.5,4,world,1,1,0.9999996392852921,0.30044279458432266
80810091,0.5,4,visual,1,1,0.9999926885529011,0.30044279458432266
80810091,0.5,6,actuator,1,1,0.9999999999998288,0.2415825110042751
80810091,0.5,6,world,1,1,0.9999999999910429,0.2415825110042751
80810091,0.5,6,visual,1,1,0.999999962164488,0.2415825110042751
80810091,0.5,12,actuator,1,1,1.0,0.291579413736101
80810091,0.5,12,world,1,1,1.0,0.291579413736101
80810091,0.5,12,visual,1,1,0.9999999999996387,0.291579413736101
80810091,1.0,4,actuator,0,0,0.7954911946471362,1.2017711783372906
80810091,1.0,4,world,1,1,0.9541235618204079,1.2017711783372906
80810091,1.0,4,visual,1,1,0.8048948727430669,1.1992998898602945
80810091,1.0,6,actuator,1,1,0.9977695516152517,0.9663300440171004
80810091,1.0,6,world,1,1,0.9987719801138976,0.9663300440171004
80810091,1.0,6,visual,1,1,0.9155043172714602,0.9663300440171004
80810091,1.0,12,actuator,1,1,0.9999999823630775,1.166317654944404
80810091,1.0,12,world,1,1,0.9999999996140299,1.166317654944404
80810091,1.0,12,visual,1,1,0.9108890853993354,1.166317654944404
80810092,0.18,4,actuator,1,1,1.0,0.04237517770508013
80810092,0.18,4,world,1,1,1.0,0.04237517770508014
80810092,0.18,4,visual,1,1,1.0,0.04237517770508014
80810092,0.18,6,actuator,1,1,1.0,0.03690957240101651
80810092,0.18,6,world,1,1,1.0,0.03690957240101652
80810092,0.18,6,visual,1,1,1.0,0.036909572401016506
80810092,0.18,12,actuator,1,1,1.0,0.031837191060323795
80810092,0.18,12,world,1,1,1.0,0.031837191060323795
80810092,0.18,12,visual,1,1,1.0,0.031837191060323795
80810092,0.5,4,actuator,1,1,0.9999999998903877,0.32696896377376655
80810092,0.5,4,world,1,1,0.9999999051608429,0.32696896377376655
80810092,0.5,4,visual,1,1,0.9999772261880308,0.32696896377376655
80810092,0.5,6,actuator,1,1,0.9999999999066895,0.28479608334117684
80810092,0.5,6,world,1,1,0.9999999999955536,0.2847960833411768
80810092,0.5,6,visual,1,1,0.9999999996792857,0.28479608334117684
80810092,0.5,12,actuator,1,1,1.0,0.24565733842842438
80810092,0.5,12,world,1,1,1.0,0.24565733842842433
80810092,0.5,12,visual,1,1,1.0,0.24565733842842433
80810092,1.0,4,actuator,1,1,0.9992871215631841,1.3078758550950662
80810092,1.0,4,world,1,1,0.8883537443213325,1.3078758550950662
80810092,1.0,4,visual,0,0,0.4829329975076262,1.2928931169142017
80810092,1.0,6,actuator,1,1,0.9014931414516102,1.1391843333647074
80810092,1.0,6,world,1,1,0.9991498813311286,1.1391843333647071
80810092,1.0,6,visual,1,1,0.9926539365671114,1.1391843333647074
80810092,1.0,12,actuator,1,1,0.9999999976644498,0.9826293537136975
80810092,1.0,12,world,1,1,0.9999904473196781,0.9826293537136975
80810092,1.0,12,visual,1,1,0.999995070104868,0.9826293537136975
80810093,0.18,4,actuator,1,1,1.0,0.028875796306198537
80810093,0.18,4,world,1,1,1.0,0.028875796306198537
80810093,0.18,4,visual,1,1,1.0,0.028875796306198537
80810093,0.18,6,actuator,1,1,1.0,0.023382188360514117
80810093,0.18,6,world,1,1,1.0,0.023382188360514106
80810093,0.18,6,visual,1,1,1.0,0.023382188360514106
80810093,0.18,12,actuator,1,1,1.0,0.03606705172298038
80810093,0.18,12,world,1,1,1.0,0.03606705172298037
80810093,0.18,12,visual,1,1,1.0,0.03606705172298038
80810093,0.5,4,actuator,1,1,0.9999966638763429,0.22280707026387764
80810093,0.5,4,world,1,1,0.9999939678293137,0.2228070702638776
80810093,0.5,4,visual,1,1,0.9987727280004651,0.2228070702638776
80810093,0.5,6,actuator,1,1,0.9999999993703417,0.18041812006569535
80810093,0.5,6,world,1,1,0.9999999988814876,0.18041812006569535
80810093,0.5,6,visual,1,1,0.999994182082779,0.18041812006569535
80810093,0.5,12,actuator,1,1,1.0,0.2782951521834906
80810093,0.5,12,world,1,1,0.9999999999999996,0.2782951521834906
80810093,0.5,12,visual,1,1,0.9999999999999938,0.2782951521834906
80810093,1.0,4,actuator,0,0,0.7930386471654564,0.8912282810555106
80810093,1.0,4,world,0,0,0.7368006545988005,0.8369128091734104
80810093,1.0,4,visual,0,0,0.475411117828346,0.8093213129018372
80810093,1.0,6,actuator,1,1,0.8233156403794646,0.7216724802627814
80810093,1.0,6,world,1,1,0.9732829391088841,0.7199108128275498
80810093,1.0,6,visual,0,0,0.49570616272349716,0.711998707802821
80810093,1.0,12,actuator,1,1,0.9999999705753904,1.1131806087339624
80810093,1.0,12,world,1,1,0.9968927785573551,1.1131806087339624
80810093,1.0,12,visual,1,1,0.9872724869767681,1.1122997750163466
80810094,0.18,4,actuator,1,1,1.0,0.022982165995046842
80810094,0.18,4,world,1,1,1.0,0.022982165995046842
80810094,0.18,4,visual,1,1,1.0,0.022982165995046835
80810094,0.18,6,actuator,1,1,1.0,0.026951766081459758
80810094,0.18,6,world,1,1,1.0,0.02695176608145976
80810094,0.18,6,visual,1,1,1.0,0.026951766081459758
80810094,0.18,12,actuator,1,1,1.0,0.025957711190091607
80810094,0.18,12,world,1,1,1.0,0.025957711190091614
80810094,0.18,12,visual,1,1,1.0,0.025957711190091614
80810094,0.5,4,actuator,1,1,0.9999938526479268,0.17733152773955901
80810094,0.5,4,world,1,1,0.9999998913225301,0.17733152773955901
80810094,0.5,4,visual,1,1,0.9999969727779011,0.177331527739559
80810094,0.5,6,actuator,1,1,0.9999999999996698,0.20796115803595494
80810094,0.5,6,world,1,1,0.9999999999999685,0.20796115803595494
80810094,0.5,6,visual,1,1,0.9999999546401112,0.20796115803595494
80810094,0.5,12,actuator,1,1,1.0,0.2002909814050279
80810094,0.5,12,world,1,1,1.0,0.20029098140502788
80810094,0.5,12,visual,1,1,1.0,0.20029098140502788
80810094,1.0,4,actuator,1,1,0.8698384914392823,0.7093261109582361
80810094,1.0,4,world,1,1,0.9801512862530765,0.7093261109582361
80810094,1.0,4,visual,1,1,0.8874853595183089,0.709326110958236
80810094,1.0,6,actuator,1,1,0.9966031943021604,0.8318446321438198
80810094,1.0,6,world,1,1,0.9999280211146209,0.8318446321438199
80810094,1.0,6,visual,1,1,0.9169639167884058,0.8318446321438199
80810094,1.0,12,actuator,1,1,0.9999993965807437,0.8011639256201115
80810094,1.0,12,world,1,1,0.9999199413011937,0.8011639256201115
80810094,1.0,12,visual,1,1,0.9999931371892039,0.8011639256201115
80810095,0.18,4,actuator,1,1,1.0,0.02103388420366346
80810095,0.18,4,world,1,1,1.0,0.02103388420366346
80810095,0.18,4,visual,1,1,1.0,0.021033884203663457
80810095,0.18,6,actuator,1,1,1.0,0.01655780617580412
80810095,0.18,6,world,1,1,1.0,0.016557806175804123
80810095,0.18,6,visual,1,1,1.0,0.016557806175804123
80810095,0.18,12,actuator,1,1,1.0,0.01810920126834053
80810095,0.18,12,world,1,1,1.0,0.01810920126834053
80810095,0.18,12,visual,1,1,1.0,0.018109201268340532
80810095,0.5,4,actuator,1,1,0.9999821548138372,0.16229848922579831
80810095,0.5,4,world,1,1,0.9999999947901705,0.16229848922579831
80810095,0.5,4,visual,1,1,0.9999808750058322,0.16229848922579831
80810095,0.5,6,actuator,1,1,0.999999999992139,0.12776085012194538
80810095,0.5,6,world,1,1,0.9999999999250995,0.12776085012194538
80810095,0.5,6,visual,1,1,0.999999999754662,0.12776085012194538
80810095,0.5,12,actuator,1,1,1.0,0.13973149126805964
80810095,0.5,12,world,1,1,1.0,0.13973149126805964
80810095,0.5,12,visual,1,1,1.0,0.13973149126805964
80810095,1.0,4,actuator,1,1,0.8090746043938435,0.6491939569031933
80810095,1.0,4,world,1,1,0.9954941544432013,0.6491939569031933
80810095,1.0,4,visual,1,1,0.8000554713357598,0.6491939569031933
80810095,1.0,6,actuator,1,1,0.9705386916620823,0.5110434004877815
80810095,1.0,6,world,1,1,0.9965181276817375,0.5110434004877815
80810095,1.0,6,visual,1,1,0.9931704382370375,0.5110434004877815
80810095,1.0,12,actuator,1,1,0.999989845955323,0.5589259650722386
80810095,1.0,12,world,1,1,0.9996231106065817,0.5589259650722386
80810095,1.0,12,visual,1,1,0.9999974249193458,0.5589259650722386
80810096,0.18,4,actuator,1,1,1.0,0.03905279483308796
80810096,0.18,4,world,1,1,1.0,0.03905279483308796
80810096,0.18,4,visual,1,1,1.0,0.03905279483308796
80810096,0.18,6,actuator,1,1,1.0,0.0380011587602606
80810096,0.18,6,world,1,1,1.0,0.03800115876026059
80810096,0.18,6,visual,1,1,1.0,0.038001158760260605
80810096,0.18,12,actuator,1,1,1.0,0.0345492582244005
80810096,0.18,12,world,1,1,1.0,0.0345492582244005
80810096,0.18,12,visual,1,1,1.0,0.03454925822440049
80810096,0.5,4,actuator,1,1,0.999999827371191,0.30133329346518495
80810096,0.5,4,world,1,1,0.9999953084813459,0.301333293465185
80810096,0.5,4,visual,1,1,0.9999957634446099,0.301333293465185
80810096,0.5,6,actuator,1,1,0.999999999966291,0.29321881759460344
80810096,0.5,6,world,1,1,0.9999999999639582,0.2932188175946035
80810096,0.5,6,visual,1,1,0.9999999965264144,0.2932188175946035
80810096,0.5,12,actuator,1,1,1.0,0.2665837825956829
80810096,0.5,12,world,1,1,1.0,0.2665837825956829
80810096,0.5,12,visual,1,1,1.0,0.2665837825956829
80810096,1.0,4,actuator,1,1,0.9505081025984444,1.2053331738607398
80810096,1.0,4,world,0,0,0.7933859944076869,1.20533317386074
80810096,1.0,4,visual,1,1,0.9145253384387129,1.1311152519175631
80810096,1.0,6,actuator,1,1,0.9804500671231953,1.1728752703784138
80810096,1.0,6,world,1,1,0.9975563832493312,1.1728752703784138
80810096,1.0,6,visual,1,1,0.9714633240192021,1.1728752703784135
80810096,1.0,12,actuator,1,1,0.9999998817602616,1.0663351303827315
80810096,1.0,12,world,1,1,0.9995917838612043,1.0663351303827315
80810096,1.0,12,visual,1,1,0.999946146440352,1.0663351303827315
80810097,0.18,4,actuator,1,1,1.0,0.035628268558509174
80810097,0.18,4,world,1,1,1.0,0.03562826855850919
80810097,0.18,4,visual,1,1,1.0,0.035628268558509174
80810097,0.18,6,actuator,1,1,1.0,0.03186273779566637
80810097,0.18,6,world,1,1,1.0,0.03186273779566636
80810097,0.18,6,visual,1,1,1.0,0.03186273779566637
80810097,0.18,12,actuator,1,1,1.0,0.027496100223782197
80810097,0.18,12,world,1,1,1.0,0.027496100223782193
80810097,0.18,12,visual,1,1,1.0,0.0274961002237822
80810097,0.5,4,actuator,1,1,0.9999993988928072,0.2749094796181264
80810097,0.5,4,world,1,1,0.9999972370819582,0.2749094796181264
80810097,0.5,4,visual,1,1,0.9999999799285884,0.2749094796181264
80810097,0.5,6,actuator,1,1,1.0,0.2458544582998948
80810097,0.5,6,world,1,1,0.9999999999999585,0.2458544582998948
80810097,0.5,6,visual,1,1,0.9999999656804243,0.2458544582998948
80810097,0.5,12,actuator,1,1,1.0,0.21216126715881325
80810097,0.5,12,world,1,1,1.0,0.21216126715881325
80810097,0.5,12,visual,1,1,1.0,0.21216126715881325
80810097,1.0,4,actuator,1,1,0.8901540464734462,1.0996379184725056
80810097,1.0,4,world,1,1,0.8969140270920847,1.0996379184725056
80810097,1.0,4,visual,1,1,0.9898315203469231,1.077961418733352
80810097,1.0,6,actuator,1,1,0.9999788546441063,0.9834178331995792
80810097,1.0,6,world,1,1,0.9999172085257378,0.9834178331995792
80810097,1.0,6,visual,1,1,0.9273484467350424,0.9834178331995792
80810097,1.0,12,actuator,1,1,0.999999986176834,0.848645068635253
80810097,1.0,12,world,1,1,0.9999337300944471,0.848645068635253
80810097,1.0,12,visual,1,1,0.9999985037343982,0.848645068635253
80810098,0.18,4,actuator,1,1,1.0,0.0287058492107731
80810098,0.18,4,world,1,1,1.0,0.028705849210773095
80810098,0.18,4,visual,1,1,1.0,0.028705849210773102
80810098,0.18,6,actuator,1,1,1.0,0.02613927784904399
80810098,0.18,6,world,1,1,1.0,0.02613927784904399
80810098,0.18,6,visual,1,1,1.0,0.02613927784904399
80810098,0.18,12,actuator,1,1,1.0,0.02764823542801256
80810098,0.18,12,world,1,1,1.0,0.02764823542801256
80810098,0.18,12,visual,1,1,1.0,0.02764823542801256
80810098,0.5,4,actuator,1,1,0.9999985316931496,0.22149575008312583
80810098,0.5,4,world,1,1,0.9999999999931033,0.22149575008312583
80810098,0.5,4,visual,1,1,0.9981656061760349,0.22149575008312586
80810098,0.5,6,actuator,1,1,1.0,0.20169195871175918
80810098,0.5,6,world,1,1,0.9999999999999991,0.20169195871175918
80810098,0.5,6,visual,1,1,0.9999985221462011,0.20169195871175924
80810098,0.5,12,actuator,1,1,1.0,0.21333514990750438
80810098,0.5,12,world,1,1,1.0,0.21333514990750438
80810098,0.5,12,visual,1,1,1.0,0.21333514990750438
80810098,1.0,4,actuator,1,1,0.8297959623643038,0.8859830003325033
80810098,1.0,4,world,1,1,0.9998260819685529,0.8859830003325033
80810098,1.0,4,visual,0,0,0.6992597921935345,0.7796834113398279
80810098,1.0,6,actuator,1,1,0.9998389486601565,0.8067678348470367
80810098,1.0,6,world,1,1,0.9999874554582042,0.8067678348470367
80810098,1.0,6,visual,0,0,0.6706734124621695,0.8067678348470367
80810098,1.0,12,actuator,1,1,0.9999984990198031,0.8533405996300175
80810098,1.0,12,world,1,1,0.9999973767062605,0.8533405996300175
80810098,1.0,12,visual,1,1,0.9999856033059709,0.8533405996300175
80810099,0.18,4,actuator,1,1,1.0,0.08035919057641319
80810099,0.18,4,world,1,1,1.0,0.08035919057641319
80810099,0.18,4,visual,1,1,1.0,0.08035919057641319
80810099,0.18,6,actuator,1,1,1.0,0.0735239033757774
80810099,0.18,6,world,1,1,1.0,0.0735239033757774
80810099,0.18,6,visual,1,1,1.0,0.0735239033757774
80810099,0.18,12,actuator,1,1,1.0,0.04676130805241017
80810099,0.18,12,world,1,1,1.0,0.04676130805241018
80810099,0.18,12,visual,1,1,1.0,0.04676130805241018
80810099,0.5,4,actuator,1,1,0.8681864833847017,0.6200554828426944
80810099,0.5,4,world,1,1,0.9499302673436834,0.6200554828426944
80810099,0.5,4,visual,1,1,0.9999999377776997,0.6200554828426944
80810099,0.5,6,actuator,1,1,0.9999999999997047,0.5673140692575417
80810099,0.5,6,world,1,1,0.9999995866547654,0.5673140692575417
80810099,0.5,6,visual,1,1,0.9999996347156743,0.5673140692575417
80810099,0.5,12,actuator,1,1,1.0,0.3608125621327945
80810099,0.5,12,world,1,1,1.0,0.3608125621327945
80810099,0.5,12,visual,1,1,0.9999999999999998,0.3608125621327945
80810099,1.0,4,actuator,1,0,0.8943268932629003,1.8448145365499096
80810099,1.0,4,world,0,0,0.5734903200006799,2.1641576746331728
80810099,1.0,4,visual,1,1,0.9863115345744364,2.4802219313707776
80810099,1.0,6,actuator,1,1,0.9828848376545319,2.2692562770301667
80810099,1.0,6,world,1,1,0.9375444380051363,1.9993233735378793
80810099,1.0,6,visual,1,1,0.9639023030818794,2.1126192035012425
80810099,1.0,12,actuator,1,1,0.9999872856747175,1.443250248531178
80810099,1.0,12,world,1,1,0.9981597315258587,1.443250248531178
80810099,1.0,12,visual,1,1,0.9999115612282488,1.3082837967850347
80810100,0.18,4,actuator,1,1,1.0,0.018195574144715454
80810100,0.18,4,world,1,1,1.0,0.018195574144715454
80810100,0.18,4,visual,1,1,1.0,0.01819557414471545
80810100,0.18,6,actuator,1,1,1.0,0.021993443180933315
80810100,0.18,6,world,1,1,1.0,0.021993443180933315
80810100,0.18,6,visual,1,1,1.0,0.02199344318093331
80810100,0.18,12,actuator,1,1,1.0,0.02052040105770384
80810100,0.18,12,world,1,1,1.0,0.02052040105770384
80810100,0.18,12,visual,1,1,1.0,0.02052040105770384
80810100,0.5,4,actuator,1,1,0.9999999955615033,0.14039794864749577
80810100,0.5,4,world,1,1,0.9999998982138384,0.14039794864749577
80810100,0.5,4,visual,1,1,0.9999998755600658,0.14039794864749577
80810100,0.5,6,actuator,1,1,0.9999999999996576,0.169702493680041
80810100,0.5,6,world,1,1,0.9999999999999336,0.16970249368004098
80810100,0.5,6,visual,1,1,0.9999999784983813,0.16970249368004098
80810100,0.5,12,actuator,1,1,1.0,0.1583364279143815
80810100,0.5,12,world,1,1,1.0,0.1583364279143815
80810100,0.5,12,visual,1,1,1.0,0.1583364279143815
80810100,1.0,4,actuator,1,1,0.9754311471341305,0.5615917945899831
80810100,1.0,4,world,1,1,0.9824132147421458,0.5615917945899831
80810100,1.0,4,visual,1,1,0.9804022125403784,0.5615917945899831
80810100,1.0,6,actuator,1,1,0.996031976096475,0.678809974720164
80810100,1.0,6,world,1,1,0.9998961390227897,0.678809974720164
80810100,1.0,6,visual,1,1,0.944079162510921,0.678809974720164
80810100,1.0,12,actuator,1,1,0.9999998610914214,0.633345711657526
80810100,1.0,12,world,1,1,0.9999998132670105,0.633345711657526
80810100,1.0,12,visual,1,1,0.9997978654220699,0.633345711657526
80810101,0.18,4,actuator,1,1,1.0,0.015834601301640345
80810101,0.18,4,world,1,1,1.0,0.015834601301640345
80810101,0.18,4,visual,1,1,1.0,0.015834601301640345
80810101,0.18,6,actuator,1,1,1.0,0.023500943824526638
80810101,0.18,6,world,1,1,1.0,0.023500943824526638
80810101,0.18,6,visual,1,1,1.0,0.023500943824526634
80810101,0.18,12,actuator,1,1,1.0,0.024308005503878034
80810101,0.18,12,world,1,1,1.0,0.02430800550387803
80810101,0.18,12,visual,1,1,1.0,0.02430800550387803
80810101,0.5,4,actuator,1,1,0.9999990725286914,0.12218056559907677
80810101,0.5,4,world,1,1,0.9999848552700483,0.12218056559907677
80810101,0.5,4,visual,1,1,0.9999764284217534,0.12218056559907677
80810101,0.5,6,actuator,1,1,0.9999999999999631,0.18133444309048338
80810101,0.5,6,world,1,1,0.9999999999564735,0.18133444309048333
80810101,0.5,6,visual,1,1,0.9999999251025299,0.18133444309048333
80810101,0.5,12,actuator,1,1,1.0,0.18756177086325646
80810101,0.5,12,world,1,1,0.9999999999999991,0.18756177086325646
80810101,0.5,12,visual,1,1,1.0,0.18756177086325646
80810101,1.0,4,actuator,1,1,0.8212543678410574,0.48872226239630706
80810101,1.0,4,world,0,0,0.782914461663896,0.48872226239630706
80810101,1.0,4,visual,0,0,0.7729470117733439,0.48872226239630706
80810101,1.0,6,actuator,1,1,0.9993333743887797,0.7253377723619335
80810101,1.0,6,world,1,1,0.9971202504594379,0.7253377723619335
80810101,1.0,6,visual,1,1,0.8645791707676839,0.7253377723619335
80810101,1.0,12,actuator,1,1,0.9999997999813739,0.7502470834530258
80810101,1.0,12,world,1,1,0.9950680896079263,0.7502470834530258
80810101,1.0,12,visual,1,1,0.9997263612208884,0.7502470834530258
80810102,0.18,4,actuator,1,1,1.0,0.021143752353075255
80810102,0.18,4,world,1,1,1.0,0.021143752353075255
80810102,0.18,4,visual,1,1,1.0,0.02114375235307526
80810102,0.18,6,actuator,1,1,1.0,0.023023060746510893
80810102,0.18,6,world,1,1,1.0,0.023023060746510882
80810102,0.18,6,visual,1,1,1.0,0.02302306074651089
80810102,0.18,12,actuator,1,1,1.0,0.026407378570890132
80810102,0.18,12,world,1,1,1.0,0.026407378570890132
80810102,0.18,12,visual,1,1,1.0,0.026407378570890136
80810102,0.5,4,actuator,1,1,0.9999880832438061,0.16314623729224742
80810102,0.5,4,world,1,1,0.9999995112279796,0.16314623729224742
80810102,0.5,4,visual,1,1,0.9999660255859095,0.1631462372922474
80810102,0.5,6,actuator,1,1,0.9999999999971918,0.1776470736613495
80810102,0.5,6,world,1,1,0.9999999999999993,0.1776470736613495
80810102,0.5,6,visual,1,1,0.9999902859611404,0.1776470736613495
80810102,0.5,12,actuator,1,1,1.0,0.20376063712106585
80810102,0.5,12,world,1,1,1.0,0.20376063712106585
80810102,0.5,12,visual,1,1,1.0,0.20376063712106585
80810102,1.0,4,actuator,0,0,0.49182399976867214,0.5270314651064306
80810102,1.0,4,world,1,1,0.9542272190422364,0.6525849491689896
80810102,1.0,4,visual,0,0,0.7359955666609755,0.6525849491689896
80810102,1.0,6,actuator,1,1,0.9878163165469472,0.710588294645398
80810102,1.0,6,world,1,1,0.9999890921778136,0.710588294645398
80810102,1.0,6,visual,0,0,0.5562320218150429,0.6915022355035069
80810102,1.0,12,actuator,1,1,0.9995080021928076,0.8150425484842634
80810102,1.0,12,world,1,1,0.9999993704780841,0.8150425484842634
80810102,1.0,12,visual,1,1,0.9999400022227973,0.8150425484842634
80810103,0.18,4,actuator,1,1,1.0,0.0221471345229541
80810103,0.18,4,world,1,1,1.0,0.022147134522954092
80810103,0.18,4,visual,1,1,1.0,0.02214713452295409
80810103,0.18,6,actuator,1,1,1.0,0.024223836302464438
80810103,0.18,6,world,1,1,1.0,0.02422383630246443
80810103,0.18,6,visual,1,1,1.0,0.02422383630246443
80810103,0.18,12,actuator,1,1,1.0,0.03760880116570932
80810103,0.18,12,world,1,1,1.0,0.037608801165709325
80810103,0.18,12,visual,1,1,1.0,0.03760880116570932
80810103,0.5,4,actuator,1,1,0.999992442438129,0.17088838366476927
80810103,0.5,4,world,1,1,0.9999981323026805,0.1708883836647693
80810103,0.5,4,visual,1,1,0.9999999926768264,0.1708883836647693
80810103,0.5,6,actuator,1,1,0.9999999999999993,0.18691231714864534
80810103,0.5,6,world,1,1,0.9999999954696097,0.18691231714864534
80810103,0.5,6,visual,1,1,0.9999999999964515,0.18691231714864534
80810103,0.5,12,actuator,1,1,1.0,0.2901913670193621
80810103,0.5,12,world,1,1,1.0,0.2901913670193621
80810103,0.5,12,visual,1,1,1.0,0.2901913670193621
80810103,1.0,4,actuator,0,0,0.7699323044076166,0.6835535346590772
80810103,1.0,4,world,1,1,0.930328303798891,0.6835535346590772
80810103,1.0,4,visual,1,1,0.9942221627541985,0.6835535346590772
80810103,1.0,6,actuator,1,1,0.9997080000923628,0.7476492685945814
80810103,1.0,6,world,1,1,0.9735618956569191,0.7476492685945814
80810103,1.0,6,visual,1,1,0.9991759704682632,0.7476492685945814
80810103,1.0,12,actuator,1,1,0.9999999999269984,1.1607654680774484
80810103,1.0,12,world,1,1,0.999999972133505,1.1607654680774484
80810103,1.0,12,visual,1,1,0.9986452789051202,1.1607654680774484
80810104,0.18,4,actuator,1,1,1.0,0.05670796103880993
80810104,0.18,4,world,1,1,1.0,0.05670796103880993
80810104,0.18,4,visual,1,1,1.0,0.05670796103880993
80810104,0.18,6,actuator,1,1,1.0,0.04223837660900772
80810104,0.18,6,world,1,1,1.0,0.042238376609007706
80810104,0.18,6,visual,1,1,1.0,0.04223837660900772
80810104,0.18,12,actuator,1,1,1.0,0.03285892614444835
80810104,0.18,12,world,1,1,1.0,0.03285892614444835
80810104,0.18,12,visual,1,1,1.0,0.03285892614444835
80810104,0.5,4,actuator,1,1,0.9999999999807379,0.4375614277685952
80810104,0.5,4,world,1,1,0.9999991723710158,0.4375614277685952
80810104,0.5,4,visual,1,1,0.9999260804099983,0.4375614277685952
80810104,0.5,6,actuator,1,1,1.0,0.32591339976086203
80810104,0.5,6,world,1,1,0.9999999999998084,0.32591339976086203
80810104,0.5,6,visual,1,1,0.9999777219001775,0.32591339976086203
80810104,0.5,12,actuator,1,1,1.0,0.253541096793583
80810104,0.5,12,world,1,1,1.0,0.253541096793583
80810104,0.5,12,visual,1,1,1.0,0.253541096793583
80810104,1.0,4,actuator,1,1,0.9953172036109099,1.7502457110743808
80810104,1.0,4,world,1,1,0.9325129215401479,1.7209706163898852
80810104,1.0,4,visual,0,0,0.6933367968126426,1.7296789338944463
80810104,1.0,6,actuator,1,1,0.9999991884598571,1.3036535990434481
80810104,1.0,6,world,1,1,0.9997514963637131,1.3036535990434481
80810104,1.0,6,visual,0,0,0.6358530419839337,1.2500010415868519
80810104,1.0,12,actuator,1,1,0.9999999999759761,1.014164387174332
80810104,1.0,12,world,1,1,0.9998945828465863,1.014164387174332
80810104,1.0,12,visual,1,1,0.9995090161650041,1.014164387174332
80810105,0.18,4,actuator,1,1,1.0,0.02661542475991033
80810105,0.18,4,world,1,1,1.0,0.026615424759910328
80810105,0.18,4,visual,1,1,1.0,0.026615424759910328
80810105,0.18,6,actuator,1,1,1.0,0.02774229236752246
80810105,0.18,6,world,1,1,1.0,0.027742292367522455
80810105,0.18,6,visual,1,1,1.0,0.02774229236752246
80810105,0.18,12,actuator,1,1,1.0,0.037098264341737124
80810105,0.18,12,world,1,1,1.0,0.037098264341737124
80810105,0.18,12,visual,1,1,1.0,0.037098264341737124
80810105,0.5,4,actuator,1,1,0.9999999741813612,0.2053659317894316
80810105,0.5,4,world,1,1,0.9999999735174914,0.2053659317894316
80810105,0.5,4,visual,1,1,0.9999836697913184,0.2053659317894316
80810105,0.5,6,actuator,1,1,0.9999999999999427,0.2140608978975498
80810105,0.5,6,world,1,1,0.9999999999921605,0.21406089789754978
80810105,0.5,6,visual,1,1,0.9999999618478107,0.2140608978975498
80810105,0.5,12,actuator,1,1,1.0,0.2862520396738976
80810105,0.5,12,world,1,1,1.0,0.2862520396738976
80810105,0.5,12,visual,1,1,0.9999999999942437,0.2862520396738976
80810105,1.0,4,actuator,1,1,0.9193671714794805,0.8214637271577264
80810105,1.0,4,world,1,1,0.9910215882507797,0.8214637271577264
80810105,1.0,4,visual,1,1,0.817051115581586,0.8214637271577264
80810105,1.0,6,actuator,1,1,0.9898619112090796,0.8562435915901992
80810105,1.0,6,world,1,1,0.998870712507943,0.8562435915901991
80810105,1.0,6,visual,1,1,0.9268344178733875,0.8562435915901992
80810105,1.0,12,actuator,1,1,0.9998306329734832,1.1450081586955905
80810105,1.0,12,world,1,1,0.9999999999033227,1.1450081586955905
80810105,1.0,12,visual,0,0,0.7191720012921624,1.1450081586955905
80810106,0.18,4,actuator,1,1,1.0,0.027791223604890287
80810106,0.18,4,world,1,1,1.0,0.027791223604890287
80810106,0.18,4,visual,1,1,1.0,0.027791223604890287
80810106,0.18,6,actuator,1,1,1.0,0.021341685867910288
80810106,0.18,6,world,1,1,1.0,0.021341685867910295
80810106,0.18,6,visual,1,1,1.0,0.021341685867910288
80810106,0.18,12,actuator,1,1,1.0,0.023658856196018263
80810106,0.18,12,world,1,1,1.0,0.023658856196018263
80810106,0.18,12,visual,1,1,1.0,0.023658856196018263
80810106,0.5,4,actuator,1,1,0.9999999988360311,0.21443845374143738
80810106,0.5,4,world,1,1,0.9999999954842713,0.21443845374143738
80810106,0.5,4,visual,1,1,0.9998592088260508,0.21443845374143738
80810106,0.5,6,actuator,1,1,0.9999999999999973,0.16467350206720904
80810106,0.5,6,world,1,1,0.999999999998554,0.16467350206720904
80810106,0.5,6,visual,1,1,0.9999980159783085,0.16467350206720902
80810106,0.5,12,actuator,1,1,1.0,0.1825529027470545
80810106,0.5,12,world,1,1,1.0,0.1825529027470545
80810106,0.5,12,visual,1,1,0.9999999999999898,0.1825529027470545
80810106,1.0,4,actuator,1,1,0.996155865227973,0.8577538149657495
80810106,1.0,4,world,1,1,0.9852132692907071,0.8577538149657495
80810106,1.0,4,visual,0,0,0.5352888580453159,0.8520436205309729
80810106,1.0,6,actuator,1,1,0.9998280793603944,0.6586940082688362
80810106,1.0,6,world,1,1,0.9994803367701415,0.6586940082688361
80810106,1.0,6,visual,0,0,0.6122223372543819,0.6586940082688362
80810106,1.0,12,actuator,1,1,0.9999999394207805,0.730211610988218
80810106,1.0,12,world,1,1,0.9999999789790543,0.730211610988218
80810106,1.0,12,visual,1,1,0.983712018375208,0.730211610988218
80810107,0.18,4,actuator,1,1,1.0,0.03808842909592156
80810107,0.18,4,world,1,1,1.0,0.03808842909592156
80810107,0.18,4,visual,1,1,1.0,0.03808842909592157
80810107,0.18,6,actuator,1,1,1.0,0.03957644457795243
80810107,0.18,6,world,1,1,1.0,0.03957644457795243
80810107,0.18,6,visual,1,1,1.0,0.03957644457795243
80810107,0.18,12,actuator,1,1,1.0,0.04204865870257585
80810107,0.18,12,world,1,1,1.0,0.04204865870257583
80810107,0.18,12,visual,1,1,1.0,0.04204865870257584
80810107,0.5,4,actuator,1,1,0.9999576053303108,0.2938921998142096
80810107,0.5,4,world,1,1,0.9999523173433956,0.2938921998142096
80810107,0.5,4,visual,1,1,0.9999981476880131,0.2938921998142096
80810107,0.5,6,actuator,1,1,1.0,0.30537380075580584
80810107,0.5,6,world,1,1,0.9999999995525093,0.30537380075580584
80810107,0.5,6,visual,1,1,0.9999653467374588,0.30537380075580584
80810107,0.5,12,actuator,1,1,1.0,0.3244495270260482
80810107,0.5,12,world,1,1,1.0,0.3244495270260482
80810107,0.5,12,visual,1,1,0.9999999999998106,0.3244495270260482
80810107,1.0,4,actuator,0,0,0.6892703725117473,1.1755687992568384
80810107,1.0,4,world,0,0,0.7277107304406933,1.1658598513936282
80810107,1.0,4,visual,1,1,0.9046058118698299,1.1755687992568387
80810107,1.0,6,actuator,1,1,0.9999659235504386,1.2214952030232233
80810107,1.0,6,world,1,1,0.997317281227454,1.0479788618302168
80810107,1.0,6,visual,0,0,0.5648814353879347,1.1510052407571567
80810107,1.0,12,actuator,1,1,0.9983366054519994,1.2977981081041927
80810107,1.0,12,world,1,1,0.9996349822839833,1.2977981081041927
80810107,1.0,12,visual,1,1,0.9907806153199237,1.2110399375076895
80810108,0.18,4,actuator,1,1,1.0,0.030351311138037688
80810108,0.18,4,world,1,1,1.0,0.030351311138037684
80810108,0.18,4,visual,1,1,1.0,0.03035131113803769
80810108,0.18,6,actuator,1,1,1.0,0.027672412602603197
80810108,0.18,6,world,1,1,1.0,0.027672412602603197
80810108,0.18,6,visual,1,1,1.0,0.027672412602603197
80810108,0.18,12,actuator,1,1,1.0,0.024632200379727198
80810108,0.18,12,world,1,1,1.0,0.024632200379727198
80810108,0.18,12,visual,1,1,1.0,0.024632200379727198
80810108,0.5,4,actuator,1,1,0.999997467087795,0.2341922155712785
80810108,0.5,4,world,1,1,0.9999999999955145,0.23419221557127845
80810108,0.5,4,visual,1,1,0.9971728070557357,0.23419221557127848
80810108,0.5,6,actuator,1,1,0.9999999999992084,0.21352170218058023
80810108,0.5,6,world,1,1,0.9999999999999991,0.21352170218058023
80810108,0.5,6,visual,1,1,0.999998476421019,0.2135217021805802
80810108,0.5,12,actuator,1,1,1.0,0.1900632745349321
80810108,0.5,12,world,1,1,1.0,0.19006327453493208
80810108,0.5,12,visual,1,1,1.0,0.19006327453493208
80810108,1.0,4,actuator,1,1,0.8654012635671255,0.936768862285114
80810108,1.0,4,world,1,1,0.9998279793013014,0.9367688622851139
80810108,1.0,4,visual,0,0,0.7207764185069191,0.8034752479940239
80810108,1.0,6,actuator,1,1,0.9961768440893622,0.8540868087223209
80810108,1.0,6,world,1,1,0.9999876261028114,0.8540868087223209
80810108,1.0,6,visual,0,0,0.6663077569686432,0.8540868087223209
80810108,1.0,12,actuator,1,1,0.9999998564975238,0.7602530981397283
80810108,1.0,12,world,1,1,0.9999921061087936,0.7602530981397283
80810108,1.0,12,visual,1,1,0.9999951825596936,0.7602530981397283
80810109,0.18,4,actuator,1,1,1.0,0.02050274924926519
80810109,0.18,4,world,1,1,1.0,0.020502749249265186
80810109,0.18,4,visual,1,1,1.0,0.020502749249265186
80810109,0.18,6,actuator,1,1,1.0,0.031375092012914954
80810109,0.18,6,world,1,1,1.0,0.03137509201291495
80810109,0.18,6,visual,1,1,1.0,0.03137509201291495
80810109,0.18,12,actuator,1,1,1.0,0.0321303762417836
80810109,0.18,12,world,1,1,1.0,0.0321303762417836
80810109,0.18,12,visual,1,1,1.0,0.0321303762417836
80810109,0.5,4,actuator,1,1,0.9999999985943304,0.1582002256887746
80810109,0.5,4,world,1,1,0.9999999994814979,0.1582002256887746
80810109,0.5,4,visual,1,1,0.9998303552594022,0.1582002256887746
80810109,0.5,6,actuator,1,1,0.9999999999888025,0.24209175935891167
80810109,0.5,6,world,1,1,1.0,0.24209175935891167
80810109,0.5,6,visual,1,1,0.999922062863937,0.24209175935891167
80810109,0.5,12,actuator,1,1,1.0,0.24791956976684884
80810109,0.5,12,world,1,1,1.0,0.2479195697668488
80810109,0.5,12,visual,1,1,0.9999999999999989,0.24791956976684884
80810109,1.0,4,actuator,1,1,0.9964041830709276,0.6328009027550984
80810109,1.0,4,world,1,1,0.9958450933913542,0.6328009027550984
80810109,1.0,4,visual,0,0,0.5432353959263428,0.6328009027550984
80810109,1.0,6,actuator,1,1,0.9848206510664068,0.9683670374356467
80810109,1.0,6,world,1,1,0.9999982632651843,0.9683670374356468
80810109,1.0,6,visual,0,0,0.7796252080379303,0.8625142730734492
80810109,1.0,12,actuator,1,1,0.9999999254466301,0.9916782790673954
80810109,1.0,12,world,1,1,0.9999999929348333,0.9916782790673954
80810109,1.0,12,visual,1,1,0.9946850818213049,0.9916782790673954
80810110,0.18,4,actuator,1,1,1.0,0.02811951829435773
80810110,0.18,4,world,1,1,1.0,0.028119518294357732
80810110,0.18,4,visual,1,1,1.0,0.02811951829435773
80810110,0.18,6,actuator,1,1,1.0,0.032818651579441034
80810110,0.18,6,world,1,1,1.0,0.032818651579441034
80810110,0.18,6,visual,1,1,1.0,0.032818651579441034
80810110,0.18,12,actuator,1,1,1.0,0.046710474618897414
80810110,0.18,12,world,1,1,1.0,0.046710474618897414
80810110,0.18,12,visual,1,1,1.0,0.046710474618897414
80810110,0.5,4,actuator,1,1,0.9999999576735681,0.21697159177745162
80810110,0.5,4,world,1,1,0.9999999999319891,0.21697159177745162
80810110,0.5,4,visual,1,1,0.9820619111052769,0.21697159177745162
80810110,0.5,6,actuator,1,1,0.999999999996712,0.25323033626111907
80810110,0.5,6,world,1,1,0.9999999998391274,0.2532303362611191
80810110,0.5,6,visual,1,1,0.9999995552319141,0.2532303362611191
80810110,0.5,12,actuator,1,1,1.0,0.36042032884951714
80810110,0.5,12,world,1,1,1.0,0.36042032884951714
80810110,0.5,12,visual,1,1,1.0,0.36042032884951714
80810110,1.0,4,actuator,1,1,0.9157860354286288,0.8678863671098065
80810110,1.0,4,world,1,1,0.9990086034262886,0.8678863671098065
80810110,1.0,4,visual,1,0,0.8022225934669233,0.6181049927164373
80810110,1.0,6,actuator,1,1,0.9936426039391736,1.0129213450444763
80810110,1.0,6,world,1,1,0.9948710853127435,1.0129213450444765
80810110,1.0,6,visual,0,0,0.7838032616201286,1.0129213450444765
80810110,1.0,12,actuator,1,1,0.9999998816382727,1.4416813153980685
80810110,1.0,12,world,1,1,0.9998262487743955,1.4416813153980685
80810110,1.0,12,visual,1,1,0.9996150922371896,1.4416813153980683
80810111,0.18,4,actuator,1,1,1.0,0.0385046360722117
80810111,0.18,4,world,1,1,1.0,0.03850463607221169
80810111,0.18,4,visual,1,1,1.0,0.0385046360722117
80810111,0.18,6,actuator,1,1,1.0,0.03659189674309602
80810111,0.18,6,world,1,1,1.0,0.036591896743096035
80810111,0.18,6,visual,1,1,1.0,0.03659189674309603
80810111,0.18,12,actuator,1,1,1.0,0.03742453861555859
80810111,0.18,12,world,1,1,1.0,0.03742453861555859
80810111,0.18,12,visual,1,1,1.0,0.03742453861555859
80810111,0.5,4,actuator,1,1,0.9990183899428087,0.29710367339669524
80810111,0.5,4,world,1,1,0.9999999997731079,0.29710367339669524
80810111,0.5,4,visual,1,1,0.901368314534993,0.29710367339669524
80810111,0.5,6,actuator,1,1,0.9999999999983364,0.2823448822769756
80810111,0.5,6,world,1,1,0.9999999999999942,0.2823448822769756
80810111,0.5,6,visual,1,1,0.9947427141670434,0.2823448822769756
80810111,0.5,12,actuator,1,1,1.0,0.28876958808301384
80810111,0.5,12,world,1,1,1.0,0.2887695880830139
80810111,0.5,12,visual,1,1,1.0,0.2887695880830139
80810111,1.0,4,actuator,0,0,0.6253101117235841,1.1212488180936824
80810111,1.0,4,world,1,1,0.9957831232783072,1.188414693586781
80810111,1.0,4,visual,1,0,0.8244946464359326,0.826742445054079
80810111,1.0,6,actuator,1,1,0.9614365777653232,1.1293795291079023
80810111,1.0,6,world,1,1,0.9996957693553034,1.1293795291079023
80810111,1.0,6,visual,0,0,0.7470749541780591,0.847833516792447
80810111,1.0,12,actuator,1,1,0.9995390807292325,1.1550783523320554
80810111,1.0,12,world,1,1,0.9999985645088799,1.1550783523320554
80810111,1.0,12,visual,1,1,0.9999568493795089,1.1550783523320554
80810112,0.18,4,actuator,1,1,1.0,0.033270677838651744
80810112,0.18,4,world,1,1,1.0,0.033270677838651744
80810112,0.18,4,visual,1,1,1.0,0.033270677838651744
80810112,0.18,6,actuator,1,1,1.0,0.03397960661195049
80810112,0.18,6,world,1,1,1.0,0.03397960661195049
80810112,0.18,6,visual,1,1,1.0,0.03397960661195049
80810112,0.18,12,actuator,1,1,1.0,0.037675741429822586
80810112,0.18,12,world,1,1,1.0,0.03767574142982258
80810112,0.18,12,visual,1,1,1.0,0.037675741429822586
80810112,0.5,4,actuator,1,1,0.999999866188637,0.2567181931994733
80810112,0.5,4,world,1,1,0.9999990661837681,0.2567181931994733
80810112,0.5,4,visual,1,1,0.9879761141912957,0.2306853299770102
80810112,0.5,6,actuator,1,1,1.0,0.2621883226230748
80810112,0.5,6,world,1,1,0.9999999989412092,0.2621883226230748
80810112,0.5,6,visual,1,1,0.9999984636561905,0.2621883226230748
80810112,0.5,12,actuator,1,1,1.0,0.29070788140295206
80810112,0.5,12,world,1,1,0.9999999999999998,0.29070788140295206
80810112,0.5,12,visual,1,1,0.9999999999882077,0.29070788140295206
80810112,1.0,4,actuator,1,1,0.9686913083969863,1.0268727727978932
80810112,1.0,4,world,1,1,0.8542104341692633,0.8874659333954573
80810112,1.0,4,visual,0,0,0.449161894895692,0.724807046352967
80810112,1.0,6,actuator,1,1,0.9999849678164388,1.0487532904922992
80810112,1.0,6,world,1,1,0.9092588620463408,1.0487532904922992
80810112,1.0,6,visual,1,1,0.8800992009094307,0.9040930049299352
80810112,1.0,12,actuator,1,1,0.9999961831461627,1.1628315256118082
80810112,1.0,12,world,1,1,0.9999889349255432,0.9451438088513898
80810112,1.0,12,visual,0,0,0.6388423833635982,1.1628315256118082
80810113,0.18,4,actuator,1,1,1.0,0.03181958240349076
80810113,0.18,4,world,1,1,1.0,0.03181958240349076
80810113,0.18,4,visual,1,1,1.0,0.03181958240349076
80810113,0.18,6,actuator,1,1,1.0,0.026481583654593327
80810113,0.18,6,world,1,1,1.0,0.026481583654593337
80810113,0.18,6,visual,1,1,1.0,0.02648158365459333
80810113,0.18,12,actuator,1,1,1.0,0.026017695299726234
80810113,0.18,12,world,1,1,1.0,0.026017695299726234
80810113,0.18,12,visual,1,1,1.0,0.026017695299726237
80810113,0.5,4,actuator,1,1,0.9999983457175512,0.24552146916273732
80810113,0.5,4,world,1,1,0.9999973516184295,0.24552146916273732
80810113,0.5,4,visual,1,1,0.9999942640330679,0.24552146916273737
80810113,0.5,6,actuator,1,1,0.9999999999999747,0.2043332072113683
80810113,0.5,6,world,1,1,0.9999999996171232,0.20433320721136827
80810113,0.5,6,visual,1,1,0.9999999333594052,0.20433320721136827
80810113,0.5,12,actuator,1,1,1.0,0.20075382175714687
80810113,0.5,12,world,1,1,1.0,0.20075382175714687
80810113,0.5,12,visual,1,1,0.9999999999984859,0.20075382175714687
80810113,1.0,4,actuator,1,1,0.9206280074273636,0.9820858766509493
80810113,1.0,4,world,1,1,0.8986114461876669,0.9820858766509493
80810113,1.0,4,visual,1,1,0.8659919915489606,0.9820858766509495
80810113,1.0,6,actuator,1,1,0.9975510393598531,0.8173328288454732
80810113,1.0,6,world,1,1,0.9870888378318027,0.8173328288454731
80810113,1.0,6,visual,1,1,0.9363086509695248,0.775678185219197
80810113,1.0,12,actuator,1,1,0.9999993693407694,0.8030152870285875
80810113,1.0,12,world,1,1,0.9999999843724392,0.8030152870285875
80810113,1.0,12,visual,1,1,0.8330998539930713,0.8030152870285875
80810114,0.18,4,actuator,1,1,1.0,0.022429824118873388
80810114,0.18,4,world,1,1,1.0,0.022429824118873388
80810114,0.18,4,visual,1,1,1.0,0.022429824118873384
80810114,0.18,6,actuator,1,1,1.0,0.026344744249487868
80810114,0.18,6,world,1,1,1.0,0.026344744249487868
80810114,0.18,6,visual,1,1,1.0,0.026344744249487864
80810114,0.18,12,actuator,1,1,1.0,0.02511628653972432
80810114,0.18,12,world,1,1,1.0,0.02511628653972432
80810114,0.18,12,visual,1,1,1.0,0.025116286539724312
80810114,0.5,4,actuator,1,1,0.9999999992902686,0.17306963054686256
80810114,0.5,4,world,1,1,0.9999999985174173,0.17306963054686256
80810114,0.5,4,visual,1,1,0.9998573246556937,0.17306963054686253
80810114,0.5,6,actuator,1,1,1.0,0.20327734760407304
80810114,0.5,6,world,1,1,0.9999999999999996,0.2032773476040731
80810114,0.5,6,visual,1,1,0.9999958126287367,0.203277347604073
80810114,0.5,12,actuator,1,1,1.0,0.19379850725095923
80810114,0.5,12,world,1,1,1.0,0.19379850725095926
80810114,0.5,12,visual,1,1,1.0,0.19379850725095926
80810114,1.0,4,actuator,1,1,0.9838814205700694,0.6922785221874502
80810114,1.0,4,world,1,1,0.991758164475819,0.6922785221874501
80810114,1.0,4,visual,0,0,0.6214846491791575,0.6331522044085467
80810114,1.0,6,actuator,1,1,0.9999899461989717,0.8131093904162922
80810114,1.0,6,world,1,1,0.9999923429234703,0.8131093904162924
80810114,1.0,6,visual,0,0,0.546409569457666,0.8131093904162922
80810114,1.0,12,actuator,1,1,0.9999999995393267,0.7751940290038369
80810114,1.0,12,world,1,1,0.9999995352132292,0.775194029003837
80810114,1.0,12,visual,1,1,0.999918777600947,0.775194029003837
80810115,0.18,4,actuator,1,1,1.0,0.022527382006887756
80810115,0.18,4,world,1,1,1.0,0.022527382006887756
80810115,0.18,4,visual,1,1,1.0,0.022527382006887756
80810115,0.18,6,actuator,1,1,1.0,0.02565414779460061
80810115,0.18,6,world,1,1,1.0,0.025654147794600606
80810115,0.18,6,visual,1,1,1.0,0.025654147794600613
80810115,0.18,12,actuator,1,1,1.0,0.036407111590254795
80810115,0.18,12,world,1,1,1.0,0.0364071115902548
80810115,0.18,12,visual,1,1,1.0,0.03640711159025479
80810115,0.5,4,actuator,1,1,0.9999990949408986,0.17382239202845495
80810115,0.5,4,world,1,1,0.9999999256402401,0.17382239202845495
80810115,0.5,4,visual,1,1,0.9999998295479584,0.17382239202845495
80810115,0.5,6,actuator,1,1,1.0,0.19794867125463442
80810115,0.5,6,world,1,1,0.9999999999985367,0.19794867125463442
80810115,0.5,6,visual,1,1,0.9999999990259503,0.19794867125463442
80810115,0.5,12,actuator,1,1,1.0,0.2809190709124598
80810115,0.5,12,world,1,1,1.0,0.2809190709124598
80810115,0.5,12,visual,1,1,1.0,0.2809190709124599
80810115,1.0,4,actuator,1,1,0.9430937915761711,0.6952895681138198
80810115,1.0,4,world,1,1,0.9847264150609228,0.6952895681138198
80810115,1.0,4,visual,1,1,0.9766406269578879,0.6952895681138198
80810115,1.0,6,actuator,1,1,0.9999491181576425,0.7917946850185377
80810115,1.0,6,world,1,1,0.9995121145581736,0.7917946850185377
80810115,1.0,6,visual,1,1,0.9874226599907844,0.7917946850185377
80810115,1.0,12,actuator,1,1,0.9999999379357835,1.1236762836498393
80810115,1.0,12,world,1,1,0.9999974331450445,1.1236762836498393
80810115,1.0,12,visual,1,1,0.9999852266919578,1.1236762836498393
80810116,0.18,4,actuator,1,1,1.0,0.035543707818507464
80810116,0.18,4,world,1,1,1.0,0.03554370781850747
80810116,0.18,4,visual,1,1,1.0,0.03554370781850747
80810116,0.18,6,actuator,1,1,1.0,0.03724092108003791
80810116,0.18,6,world,1,1,1.0,0.03724092108003791
80810116,0.18,6,visual,1,1,1.0,0.03724092108003791
80810116,0.18,12,actuator,1,1,1.0,0.04275643752322026
80810116,0.18,12,world,1,1,1.0,0.04275643752322026
80810116,0.18,12,visual,1,1,1.0,0.04275643752322026
80810116,0.5,4,actuator,1,1,0.999999984681003,0.2742570047724341
80810116,0.5,4,world,1,1,0.9999996199700966,0.2742570047724341
80810116,0.5,4,visual,1,1,0.9999999666477644,0.27425700477243414
80810116,0.5,6,actuator,1,1,0.9999999999999865,0.2873527861114036
80810116,0.5,6,world,1,1,0.9999999998302247,0.2873527861114036
80810116,0.5,6,visual,1,1,0.9999999999916036,0.2873527861114036
80810116,0.5,12,actuator,1,1,1.0,0.329910783358181
80810116,0.5,12,world,1,1,1.0,0.3299107833581811
80810116,0.5,12,visual,1,1,1.0,0.329910783358181
80810116,1.0,4,actuator,1,1,0.9868514175435213,1.0970280190897364
80810116,1.0,4,world,1,1,0.9655010698889596,1.0970280190897364
80810116,1.0,4,visual,1,1,0.9888028056455164,1.0970280190897364
80810116,1.0,6,actuator,1,1,0.9989994583827435,1.1494111444456143
80810116,1.0,6,world,1,1,0.9947707914780994,1.1494111444456143
80810116,1.0,6,visual,1,1,0.9988138580556868,1.1494111444456143
80810116,1.0,12,actuator,1,1,0.9999980677109056,1.319643133432724
80810116,1.0,12,world,1,1,0.9999567761060623,1.319643133432724
80810116,1.0,12,visual,1,1,0.9999990296602111,1.319643133432724
80810117,0.18,4,actuator,1,1,1.0,0.02044521089834766
80810117,0.18,4,world,1,1,1.0,0.02044521089834766
80810117,0.18,4,visual,1,1,1.0,0.02044521089834766
80810117,0.18,6,actuator,1,1,1.0,0.0176559187955879
80810117,0.18,6,world,1,1,1.0,0.0176559187955879
80810117,0.18,6,visual,1,1,1.0,0.017655918795587904
80810117,0.18,12,actuator,1,1,1.0,0.01840468732639663
80810117,0.18,12,world,1,1,1.0,0.01840468732639663
80810117,0.18,12,visual,1,1,1.0,0.01840468732639663
80810117,0.5,4,actuator,1,1,0.9999999308537816,0.15775625693169487
80810117,0.5,4,world,1,1,0.9999674728438013,0.15775625693169487
80810117,0.5,4,visual,1,1,0.9999999996089703,0.15775625693169487
80810117,0.5,6,actuator,1,1,1.0,0.13623394132398073
80810117,0.5,6,world,1,1,0.9999999841490117,0.13623394132398073
80810117,0.5,6,visual,1,1,0.9999999999998235,0.13623394132398073
80810117,0.5,12,actuator,1,1,1.0,0.14201147628392463
80810117,0.5,12,world,1,1,0.9999999999999938,0.14201147628392463
80810117,0.5,12,visual,1,1,1.0,0.14201147628392463
80810117,1.0,4,actuator,1,1,0.9109179510680657,0.6310250277267795
80810117,1.0,4,world,0,0,0.7618708342979369,0.6310250277267795
80810117,1.0,4,visual,1,1,0.9987862594947675,0.6310250277267795
80810117,1.0,6,actuator,1,1,0.9999360442276989,0.5449357652959229
80810117,1.0,6,world,1,1,0.9516598205316086,0.5449357652959229
80810117,1.0,6,visual,1,1,0.9998072246878522,0.5449357652959229
80810117,1.0,12,actuator,1,1,0.9999999999800089,0.5680459051356985
80810117,1.0,12,world,1,1,0.9873365748487027,0.5680459051356985
80810117,1.0,12,visual,1,1,0.9999955082762046,0.5680459051356985
80810118,0.18,4,actuator,1,1,1.0,0.06695269128055333
80810118,0.18,4,world,1,1,1.0,0.06695269128055333
80810118,0.18,4,visual,1,1,1.0,0.06695269128055334
80810118,0.18,6,actuator,1,1,1.0,0.06275752970643485
80810118,0.18,6,world,1,1,1.0,0.06275752970643485
80810118,0.18,6,visual,1,1,1.0,0.06275752970643485
80810118,0.18,12,actuator,1,1,1.0,0.03714112754009447
80810118,0.18,12,world,1,1,1.0,0.03714112754009447
80810118,0.18,12,visual,1,1,1.0,0.03714112754009447
80810118,0.5,4,actuator,1,1,0.9999998817129969,0.5166102722264918
80810118,0.5,4,world,1,1,0.9999999999999556,0.5166102722264918
80810118,0.5,4,visual,0,0,0.7189702310347946,0.5166102722264918
80810118,0.5,6,actuator,1,1,1.0,0.4842401983521208
80810118,0.5,6,world,1,1,0.9999999999981102,0.48424019835212073
80810118,0.5,6,visual,1,1,0.9999999968264106,0.48424019835212073
80810118,0.5,12,actuator,1,1,1.0,0.2865827742291241
80810118,0.5,12,world,1,1,1.0,0.28658277422912404
80810118,0.5,12,visual,1,1,1.0,0.28658277422912404
80810118,1.0,4,actuator,1,1,0.8779219019117228,2.0664410889059672
80810118,1.0,4,world,1,1,0.999942874769187,2.0664410889059672
80810118,1.0,4,visual,1,0,0.9602061725089162,1.6251510602515482
80810118,1.0,6,actuator,1,1,0.9999581470636691,1.9369607934084832
80810118,1.0,6,world,1,1,0.999127089357552,1.9369607934084832
80810118,1.0,6,visual,1,1,0.9084980964893689,1.9369607934084832
80810118,1.0,12,actuator,1,1,0.9993828099834374,1.1463310969164964
80810118,1.0,12,world,1,1,0.9999934044525552,1.1463310969164964
80810118,1.0,12,visual,1,1,0.9999898198764579,1.1463310969164964
80810119,0.18,4,actuator,1,1,1.0,0.026833856542175186
80810119,0.18,4,world,1,1,1.0,0.02683385654217519
80810119,0.18,4,visual,1,1,1.0,0.02683385654217519
80810119,0.18,6,actuator,1,1,1.0,0.03480707026562416
80810119,0.18,6,world,1,1,1.0,0.03480707026562416
80810119,0.18,6,visual,1,1,1.0,0.03480707026562415
80810119,0.18,12,actuator,1,1,1.0,0.03292905431745643
80810119,0.18,12,world,1,1,1.0,0.03292905431745642
80810119,0.18,12,visual,1,1,1.0,0.03292905431745643
80810119,0.5,4,actuator,1,1,0.9999999999842029,0.20705136220814188
80810119,0.5,4,world,1,1,0.9999999641049195,0.20705136220814188
80810119,0.5,4,visual,1,1,0.9999985472868408,0.20705136220814188
80810119,0.5,6,actuator,1,1,0.9999999999999989,0.26857307303722344
80810119,0.5,6,world,1,1,0.9999999999999738,0.26857307303722344
80810119,0.5,6,visual,1,1,0.9999999456502441,0.26857307303722344
80810119,0.5,12,actuator,1,1,1.0,0.25408220923963293
80810119,0.5,12,world,1,1,1.0,0.25408220923963293
80810119,0.5,12,visual,1,1,1.0,0.25408220923963293
80810119,1.0,4,actuator,1,1,0.9996844239583531,0.8282054488325675
80810119,1.0,4,world,1,1,0.9351218469159988,0.8282054488325675
80810119,1.0,4,visual,0,0,0.7849153922216779,0.8282054488325675
80810119,1.0,6,actuator,1,1,0.9996642883080005,1.0742922921488938
80810119,1.0,6,world,1,1,0.9999346486012258,1.0742922921488938
80810119,1.0,6,visual,1,1,0.913708026655522,1.0742922921488938
80810119,1.0,12,actuator,1,1,0.9999978186115188,1.0163288369585317
80810119,1.0,12,world,1,1,0.9999994373648785,1.0163288369585317
80810119,1.0,12,visual,1,1,0.9999328818322551,1.0163288369585317
80810120,0.18,4,actuator,1,1,1.0,0.028985957813849283
80810120,0.18,4,world,1,1,1.0,0.02898595781384929
80810120,0.18,4,visual,1,1,1.0,0.028985957813849286
80810120,0.18,6,actuator,1,1,1.0,0.03749173471772863
80810120,0.18,6,world,1,1,1.0,0.03749173471772863
80810120,0.18,6,visual,1,1,1.0,0.03749173471772863
80810120,0.18,12,actuator,1,1,1.0,0.034385235481463786
80810120,0.18,12,world,1,1,1.0,0.034385235481463786
80810120,0.18,12,visual,1,1,1.0,0.03438523548146378
80810120,0.5,4,actuator,1,1,0.9999998993452629,0.22365708189698522
80810120,0.5,4,world,1,1,0.9999990264095562,0.22365708189698516
80810120,0.5,4,visual,1,1,0.9603417381708721,0.18132758462481785
80810120,0.5,6,actuator,1,1,0.9999999999593936,0.2892880765256839
80810120,0.5,6,world,1,1,0.9999999997849174,0.2892880765256839
80810120,0.5,6,visual,1,1,0.9999796344315209,0.2892880765256839
80810120,0.5,12,actuator,1,1,1.0,0.2653181750112947
80810120,0.5,12,world,1,1,0.9999999999999991,0.2653181750112947
80810120,0.5,12,visual,1,1,0.9999999999999956,0.2653181750112947
80810120,1.0,4,actuator,1,1,0.8154301303518007,0.8946283275879408
80810120,1.0,4,world,1,1,0.9222565540096949,0.5860835190961486
80810120,1.0,4,visual,0,0,0.4704295771968454,0.5186336820340334
80810120,1.0,6,actuator,1,1,0.9670684279312473,1.1571523061027356
80810120,1.0,6,world,1,1,0.9583718134623331,1.1571523061027358
80810120,1.0,6,visual,0,0,0.7423267359285186,1.0147414014646208
80810120,1.0,12,actuator,1,1,0.99999737652108,1.0612727000451787
80810120,1.0,12,world,1,1,0.9948889983439975,1.0612727000451787
80810120,1.0,12,visual,1,1,0.9892629027480286,1.0612727000451787
80810121,0.18,4,actuator,1,1,1.0,0.03546403720948363
80810121,0.18,4,world,1,1,1.0,0.035464037209483636
80810121,0.18,4,visual,1,1,1.0,0.03546403720948363
80810121,0.18,6,actuator,1,1,1.0,0.04125725078024713
80810121,0.18,6,world,1,1,1.0,0.04125725078024713
80810121,0.18,6,visual,1,1,1.0,0.04125725078024713
80810121,0.18,12,actuator,1,1,1.0,0.033261996957891164
80810121,0.18,12,world,1,1,1.0,0.033261996957891164
80810121,0.18,12,visual,1,1,1.0,0.033261996957891164
80810121,0.5,4,actuator,1,1,0.9999829686692628,0.2736422624188552
80810121,0.5,4,world,1,1,0.999999999614928,0.27364226241885514
80810121,0.5,4,visual,1,1,0.9999671131256352,0.27364226241885514
80810121,0.5,6,actuator,1,1,0.9999999999999991,0.31834298441548714
80810121,0.5,6,world,1,1,0.9999999995730391,0.3183429844154871
80810121,0.5,6,visual,1,1,0.9999999999966613,0.31834298441548714
80810121,0.5,12,actuator,1,1,1.0,0.2566512110948392
80810121,0.5,12,world,1,1,1.0,0.2566512110948392
80810121,0.5,12,visual,1,1,1.0,0.2566512110948392
80810121,1.0,4,actuator,0,0,0.6006782921715499,1.0310602931103616
80810121,1.0,4,world,1,1,0.9989253111835815,1.0945690496754208
80810121,1.0,4,visual,0,0,0.7611063628985206,1.0945690496754208
80810121,1.0,6,actuator,1,1,0.9995916834537065,1.2733719376619486
80810121,1.0,6,world,1,1,0.9917327585148843,1.2733719376619483
80810121,1.0,6,visual,1,1,0.9992527156668086,1.2733719376619483
80810121,1.0,12,actuator,1,1,0.9999955221454262,1.026604844379357
80810121,1.0,12,world,1,1,0.9999754774313846,1.0266048443793567
80810121,1.0,12,visual,1,1,0.9999983717329954,1.0266048443793567
80810122,0.18,4,actuator,1,1,1.0,0.01638145181246974
80810122,0.18,4,world,1,1,1.0,0.016381451812469743
80810122,0.18,4,visual,1,1,1.0,0.016381451812469743
80810122,0.18,6,actuator,1,1,1.0,0.013297573069244227
80810122,0.18,6,world,1,1,1.0,0.013297573069244228
80810122,0.18,6,visual,1,1,1.0,0.013297573069244228
80810122,0.18,12,actuator,1,1,1.0,0.020236969951690262
80810122,0.18,12,world,1,1,1.0,0.020236969951690265
80810122,0.18,12,visual,1,1,1.0,0.020236969951690262
80810122,0.5,4,actuator,1,1,0.9999999879476383,0.12640009114559989
80810122,0.5,4,world,1,1,0.999999503343945,0.12640009114559989
80810122,0.5,4,visual,1,1,0.9999939149463951,0.12640009114559989
80810122,0.5,6,actuator,1,1,0.9999999999999016,0.10260473047256351
80810122,0.5,6,world,1,1,0.9999999999976565,0.10260473047256351
80810122,0.5,6,visual,1,1,0.9999999969511932,0.10260473047256348
80810122,0.5,12,actuator,1,1,1.0,0.1561494595037829
80810122,0.5,12,world,1,1,1.0,0.1561494595037829
80810122,0.5,12,visual,1,1,1.0,0.1561494595037829
80810122,1.0,4,actuator,1,1,0.936570877376105,0.5056003645823995
80810122,1.0,4,world,1,1,0.9623002607639606,0.5056003645823995
80810122,1.0,4,visual,1,1,0.8764943242414355,0.5056003645823995
80810122,1.0,6,actuator,1,1,0.9982281695040043,0.41041892189025403
80810122,1.0,6,world,1,1,0.9993820320672238,0.4104189218902539
80810122,1.0,6,visual,1,1,0.9770513535600517,0.4104189218902539
80810122,1.0,12,actuator,1,1,0.9999999991010007,0.6245978380151316
80810122,1.0,12,world,1,1,0.9999998433740812,0.6245978380151315
80810122,1.0,12,visual,1,1,0.9997582594315094,0.6245978380151316
80810123,0.18,4,actuator,1,1,1.0,0.028667702682724387
80810123,0.18,4,world,1,1,1.0,0.02866770268272438
80810123,0.18,4,visual,1,1,1.0,0.028667702682724387
80810123,0.18,6,actuator,1,1,1.0,0.026041479000850704
80810123,0.18,6,world,1,1,1.0,0.0260414790008507
80810123,0.18,6,visual,1,1,1.0,0.026041479000850704
80810123,0.18,12,actuator,1,1,1.0,0.023847537688223976
80810123,0.18,12,world,1,1,1.0,0.02384753768822397
80810123,0.18,12,visual,1,1,1.0,0.023847537688223976
80810123,0.5,4,actuator,1,1,0.9999999999524125,0.22120140958892276
80810123,0.5,4,world,1,1,0.9999999908099445,0.2212014095889228
80810123,0.5,4,visual,1,1,0.9999500522915149,0.2212014095889228
80810123,0.5,6,actuator,1,1,1.0,0.20093733796952706
80810123,0.5,6,world,1,1,0.9999999999999987,0.2009373379695271
80810123,0.5,6,visual,1,1,0.9999990014778538,0.20093733796952706
80810123,0.5,12,actuator,1,1,1.0,0.18400877845851835
80810123,0.5,12,world,1,1,1.0,0.18400877845851837
80810123,0.5,12,visual,1,1,1.0,0.18400877845851837
80810123,1.0,4,actuator,1,1,0.9994900451712011,0.884805638355691
80810123,1.0,4,world,1,1,0.9624585994417515,0.884805638355691
80810123,1.0,4,visual,0,0,0.46453330097148404,0.884805638355691
80810123,1.0,6,actuator,1,1,0.9999396412452586,0.8037493518781083
80810123,1.0,6,world,1,1,0.9999847386866663,0.8037493518781083
80810123,1.0,6,visual,0,0,0.712220227997433,0.8037493518781083
80810123,1.0,12,actuator,1,1,0.9999977717898012,0.7360351138340734
80810123,1.0,12,world,1,1,0.999741152621937,0.7360351138340734
80810123,1.0,12,visual,1,1,0.9999997783761101,0.7360351138340734
80810124,0.18,4,actuator,1,1,1.0,0.04583153747165767
80810124,0.18,4,world,1,1,1.0,0.04583153747165766
80810124,0.18,4,visual,1,1,1.0,0.04583153747165767
80810124,0.18,6,actuator,1,1,1.0,0.04135095672325203
80810124,0.18,6,world,1,1,1.0,0.04135095672325204
80810124,0.18,6,visual,1,1,1.0,0.04135095672325204
80810124,0.18,12,actuator,1,1,1.0,0.03269968669819028
80810124,0.18,12,world,1,1,1.0,0.03269968669819028
80810124,0.18,12,visual,1,1,1.0,0.03269968669819029
80810124,0.5,4,actuator,1,1,0.9999995474263857,0.35363840641711164
80810124,0.5,4,world,1,1,0.9999999998459557,0.35363840641711164
80810124,0.5,4,visual,1,1,0.9999171989853042,0.35363840641711164
80810124,0.5,6,actuator,1,1,0.9999999999571763,0.31906602409916696
80810124,0.5,6,world,1,1,0.9999999999971247,0.31906602409916696
80810124,0.5,6,visual,1,1,0.9999999995043476,0.319066024099167
80810124,0.5,12,actuator,1,1,1.0,0.2523123973625794
80810124,0.5,12,world,1,1,1.0,0.2523123973625794
80810124,0.5,12,visual,1,1,1.0,0.2523123973625794
80810124,1.0,4,actuator,1,1,0.9630895505943136,1.4145536256684466
80810124,1.0,4,world,1,1,0.998905302358599,1.4145536256684466
80810124,1.0,4,visual,0,0,0.6590554093426616,1.4145536256684466
80810124,1.0,6,actuator,1,1,0.8730746617887214,1.2762640963966678
80810124,1.0,6,world,1,1,0.9993163377769071,1.2762640963966678
80810124,1.0,6,visual,1,1,0.9910747730136541,1.276264096396668
80810124,1.0,12,actuator,1,1,0.9999951920525262,1.0092495894503175
80810124,1.0,12,world,1,1,0.999999117862531,1.0092495894503175
80810124,1.0,12,visual,1,1,0.9999571942390615,1.0092495894503175
80810125,0.18,4,actuator,1,1,1.0,0.04736735254374408
80810125,0.18,4,world,1,1,1.0,0.047367352543744086
80810125,0.18,4,visual,1,1,1.0,0.04736735254374408
80810125,0.18,6,actuator,1,1,1.0,0.038233038734609225
80810125,0.18,6,world,1,1,1.0,0.03823303873460922
80810125,0.18,6,visual,1,1,1.0,0.03823303873460922
80810125,0.18,12,actuator,1,1,1.0,0.0339570858607511
80810125,0.18,12,world,1,1,1.0,0.03395708586075111
80810125,0.18,12,visual,1,1,1.0,0.03395708586075111
80810125,0.5,4,actuator,1,1,0.9999999754052674,0.3654888313560501
80810125,0.5,4,world,1,1,0.9999999999991411,0.36548883135605004
80810125,0.5,4,visual,1,1,0.9844330143856419,0.36548883135605004
80810125,0.5,6,actuator,1,1,1.0,0.29500801492754025
80810125,0.5,6,world,1,1,1.0,0.29500801492754025
80810125,0.5,6,visual,1,1,0.9999477144739765,0.29500801492754025
80810125,0.5,12,actuator,1,1,1.0,0.2620145513946845
80810125,0.5,12,world,1,1,1.0,0.26201455139468444
80810125,0.5,12,visual,1,1,1.0,0.26201455139468444
80810125,1.0,4,actuator,1,1,0.9403059594138108,1.4619553254242001
80810125,1.0,4,world,1,1,0.9998537918041159,1.4619553254242001
80810125,1.0,4,visual,1,0,0.8682747474467469,1.2211374864872888
80810125,1.0,6,actuator,1,1,0.999998032342435,1.180032059710161
80810125,1.0,6,world,1,1,0.9999978648053851,1.180032059710161
80810125,1.0,6,visual,0,0,0.7442834739366893,1.0908128394877081
80810125,1.0,12,actuator,1,1,0.9999902155767,1.0480582055787377
80810125,1.0,12,world,1,1,0.9999999416340793,1.0480582055787377
80810125,1.0,12,visual,1,1,0.999353612518827,1.0480582055787377
80810126,0.18,4,actuator,1,1,1.0,0.013867157097933156
80810126,0.18,4,world,1,1,1.0,0.013867157097933154
80810126,0.18,4,visual,1,1,1.0,0.013867157097933154
80810126,0.18,6,actuator,1,1,1.0,0.02067451446980886
80810126,0.18,6,world,1,1,1.0,0.020674514469808853
80810126,0.18,6,visual,1,1,1.0,0.02067451446980886
80810126,0.18,12,actuator,1,1,1.0,0.02489848732294737
80810126,0.18,12,world,1,1,1.0,0.02489848732294737
80810126,0.18,12,visual,1,1,1.0,0.02489848732294737
80810126,0.5,4,actuator,1,1,0.9999999833758992,0.10699966896553363
80810126,0.5,4,world,1,1,0.9999991977858308,0.10699966896553362
80810126,0.5,4,visual,1,1,0.999999897146269,0.10699966896553362
80810126,0.5,6,actuator,1,1,0.9999999999999989,0.1595255746127227
80810126,0.5,6,world,1,1,0.9999999999999845,0.15952557461272268
80810126,0.5,6,visual,1,1,0.9999995075911869,0.1595255746127227
80810126,0.5,12,actuator,1,1,1.0,0.19211795773879148
80810126,0.5,12,world,1,1,1.0,0.19211795773879148
80810126,0.5,12,visual,1,1,1.0,0.19211795773879148
80810126,1.0,4,actuator,1,1,0.9486179990297171,0.4279986758621345
80810126,1.0,4,world,1,1,0.9529531427531787,0.4279986758621345
80810126,1.0,4,visual,1,1,0.9818915520245325,0.4279986758621345
80810126,1.0,6,actuator,1,1,0.9996983601048253,0.6381022984508908
80810126,1.0,6,world,1,1,0.9999445654397547,0.6381022984508907
80810126,1.0,6,visual,0,0,0.7704760207973766,0.6381022984508908
80810126,1.0,12,actuator,1,1,0.9999999490396204,0.7684718309551659
80810126,1.0,12,world,1,1,0.9999422028137624,0.7684718309551659
80810126,1.0,12,visual,1,1,0.9999045959222672,0.7684718309551659
80810127,0.18,4,actuator,1,1,1.0,0.014008456344656486
80810127,0.18,4,world,1,1,1.0,0.014008456344656493
80810127,0.18,4,visual,1,1,1.0,0.014008456344656493
80810127,0.18,6,actuator,1,1,1.0,0.014291044531707377
80810127,0.18,6,world,1,1,1.0,0.014291044531707384
80810127,0.18,6,visual,1,1,1.0,0.014291044531707384
80810127,0.18,12,actuator,1,1,1.0,0.021039935197910836
80810127,0.18,12,world,1,1,1.0,0.021039935197910847
80810127,0.18,12,visual,1,1,1.0,0.02103993519791084
80810127,0.5,4,actuator,1,1,0.9999998514996017,0.10808994093099142
80810127,0.5,4,world,1,1,0.9999641881376791,0.10808994093099142
80810127,0.5,4,visual,1,1,0.9999999996261333,0.10808994093099142
80810127,0.5,6,actuator,1,1,0.99999999999999,0.1102704053372483
80810127,0.5,6,world,1,1,0.9999999641022037,0.1102704053372483
80810127,0.5,6,visual,1,1,0.9999999999999429,0.1102704053372483
80810127,0.5,12,actuator,1,1,1.0,0.1623451789962256
80810127,0.5,12,world,1,1,0.9999999999998257,0.1623451789962256
80810127,0.5,12,visual,1,1,1.0,0.1623451789962256
80810127,1.0,4,actuator,1,1,0.9139541149745002,0.4323597637239657
80810127,1.0,4,world,0,0,0.7528503717547246,0.4323597637239657
80810127,1.0,4,visual,1,1,0.9986474380492099,0.4323597637239657
80810127,1.0,6,actuator,1,1,0.9993359282105579,0.4410816213489932
80810127,1.0,6,world,1,1,0.9289875929177622,0.44108162134899326
80810127,1.0,6,visual,1,1,0.9998664968096372,0.4410816213489932
80810127,1.0,12,actuator,1,1,0.9999847814121865,0.6493807159849024
80810127,1.0,12,world,1,1,0.9363842624160688,0.6493807159849025
80810127,1.0,12,visual,1,1,0.9999953065512741,0.6493807159849024
80810128,0.18,4,actuator,1,1,1.0,0.02441467681021027
80810128,0.18,4,world,1,1,1.0,0.024414676810210277
80810128,0.18,4,visual,1,1,1.0,0.024414676810210277
80810128,0.18,6,actuator,1,1,1.0,0.038970346106624865
80810128,0.18,6,world,1,1,1.0,0.03897034610662487
80810128,0.18,6,visual,1,1,1.0,0.03897034610662487
80810128,0.18,12,actuator,1,1,1.0,0.029872220631245634
80810128,0.18,12,world,1,1,1.0,0.029872220631245644
80810128,0.18,12,visual,1,1,1.0,0.029872220631245644
80810128,0.5,4,actuator,1,1,0.9999999984201564,0.1883848519306348
80810128,0.5,4,world,1,1,0.9999993317507883,0.18838485193063484
80810128,0.5,4,visual,1,1,0.9999999263502864,0.18838485193063484
80810128,0.5,6,actuator,1,1,0.9999999999998284,0.3006971150202536
80810128,0.5,6,world,1,1,0.9999999886762677,0.3006971150202536
80810128,0.5,6,visual,1,1,0.9999999999997906,0.3006971150202536
80810128,0.5,12,actuator,1,1,1.0,0.23049552956208053
80810128,0.5,12,world,1,1,1.0,0.23049552956208053
80810128,0.5,12,visual,1,1,1.0,0.23049552956208055
80810128,1.0,4,actuator,1,1,0.9905508881874986,0.7535394077225392
80810128,1.0,4,world,1,1,0.9550717111155534,0.7535394077225394
80810128,1.0,4,visual,1,1,0.983077380721963,0.7535394077225394
80810128,1.0,6,actuator,1,1,0.9969151480123642,1.2027884600810144
80810128,1.0,6,world,1,1,0.9588351242268827,1.2027884600810144
80810128,1.0,6,visual,1,1,0.99977386162138,1.2027884600810144
80810128,1.0,12,actuator,1,1,0.9999999724389291,0.9219821182483221
80810128,1.0,12,world,1,1,0.9999997933380483,0.9219821182483221
80810128,1.0,12,visual,1,1,0.9996914931366451,0.9219821182483222
80810129,0.18,4,actuator,1,1,1.0,0.024880042908572132
80810129,0.18,4,world,1,1,1.0,0.024880042908572132
80810129,0.18,4,visual,1,1,1.0,0.024880042908572132
80810129,0.18,6,actuator,1,1,1.0,0.02827644623993192
80810129,0.18,6,world,1,1,1.0,0.02827644623993193
80810129,0.18,6,visual,1,1,1.0,0.02827644623993193
80810129,0.18,12,actuator,1,1,1.0,0.031579570392914896
80810129,0.18,12,world,1,1,1.0,0.0315795703929149
80810129,0.18,12,visual,1,1,1.0,0.0315795703929149
80810129,0.5,4,actuator,1,1,0.9999999022356079,0.19197563972663684
80810129,0.5,4,world,1,1,0.9999999448528242,0.19197563972663684
80810129,0.5,4,visual,1,1,0.999908168799973,0.19197563972663684
80810129,0.5,6,actuator,1,1,0.9999999996110356,0.21818245555503032
80810129,0.5,6,world,1,1,0.9999642638876399,0.21818245555503032
80810129,0.5,6,visual,1,1,0.9999999999838445,0.21818245555503032
80810129,0.5,12,actuator,1,1,1.0,0.24366952463668912
80810129,0.5,12,world,1,1,1.0,0.24366952463668912
80810129,0.5,12,visual,1,1,0.9999999999999991,0.24366952463668912
80810129,1.0,4,actuator,1,1,0.9724225586597118,0.7679025589065474
80810129,1.0,4,world,1,1,0.9657869666294673,0.7679025589065472
80810129,1.0,4,visual,0,0,0.5934964174271212,0.7679025589065474
80810129,1.0,6,actuator,1,1,0.8861606950302116,0.8727298222201213
80810129,1.0,6,world,0,0,0.7060848318493333,0.7993678677625065
80810129,1.0,6,visual,1,1,0.9983069822772855,0.8727298222201211
80810129,1.0,12,actuator,1,1,0.9999999990113309,0.9746780985467565
80810129,1.0,12,world,1,1,0.9999915711584652,0.9746780985467564
80810129,1.0,12,visual,1,1,0.9943389859903269,0.9746780985467564
80810130,0.18,4,actuator,1,1,1.0,0.0300501270316971
80810130,0.18,4,world,1,1,1.0,0.030050127031697092
80810130,0.18,4,visual,1,1,1.0,0.030050127031697096
80810130,0.18,6,actuator,1,1,1.0,0.032972884481513115
80810130,0.18,6,world,1,1,1.0,0.032972884481513115
80810130,0.18,6,visual,1,1,1.0,0.032972884481513115
80810130,0.18,12,actuator,1,1,1.0,0.0331831428138241
80810130,0.18,12,world,1,1,1.0,0.0331831428138241
80810130,0.18,12,visual,1,1,1.0,0.0331831428138241
80810130,0.5,4,actuator,1,1,0.9999999999746612,0.23186826413346528
80810130,0.5,4,world,1,1,0.9999999906176272,0.23186826413346528
80810130,0.5,4,visual,1,1,0.9988094177223531,0.23186826413346528
80810130,0.5,6,actuator,1,1,0.9999999999998899,0.25442040494994694
80810130,0.5,6,world,1,1,0.9999999925504337,0.2544204049499469
80810130,0.5,6,visual,1,1,0.9999999554738352,0.2544204049499469
80810130,0.5,12,actuator,1,1,1.0,0.25604276862518593
80810130,0.5,12,world,1,1,1.0,0.256042768625186
80810130,0.5,12,visual,1,1,0.9999999999999933,0.256042768625186
80810130,1.0,4,actuator,1,1,0.9935866968289734,0.9274730565338611
80810130,1.0,4,world,1,1,0.9700382917344547,0.927473056533861
80810130,1.0,4,visual,0,0,0.6871422893993696,0.7435576441594296
80810130,1.0,6,actuator,1,1,0.9963157480641589,1.0176816197997878
80810130,1.0,6,world,1,1,0.8635820975065632,1.0029162953400006
80810130,1.0,6,visual,1,1,0.983657342490488,0.8769766116862145
80810130,1.0,12,actuator,1,1,0.9999999999639386,1.0241710745007437
80810130,1.0,12,world,1,1,0.9999998487410833,1.0241710745007437
80810130,1.0,12,visual,1,1,0.9889081258097777,1.0167884122708504
80810131,0.18,4,actuator,1,1,1.0,0.04946357844448332
80810131,0.18,4,world,1,1,1.0,0.04946357844448331
80810131,0.18,4,visual,1,1,1.0,0.04946357844448331
80810131,0.18,6,actuator,1,1,1.0,0.03873947325917698
80810131,0.18,6,world,1,1,1.0,0.038739473259176975
80810131,0.18,6,visual,1,1,1.0,0.038739473259176975
80810131,0.18,12,actuator,1,1,1.0,0.04438661767904245
80810131,0.18,12,world,1,1,1.0,0.044386617679042444
80810131,0.18,12,visual,1,1,1.0,0.04438661767904245
80810131,0.5,4,actuator,1,1,0.9999999785312432,0.38166341392348246
80810131,0.5,4,world,1,1,0.9999999917031007,0.38166341392348246
80810131,0.5,4,visual,1,1,0.999620245671101,0.3486645280341253
80810131,0.5,6,actuator,1,1,0.9999999999998412,0.2989156887282175
80810131,0.5,6,world,1,1,0.9999999995903648,0.2989156887282175
80810131,0.5,6,visual,1,1,0.9999999695473953,0.29891568872821744
80810131,0.5,12,actuator,1,1,1.0,0.34248933394322884
80810131,0.5,12,world,1,1,1.0,0.34248933394322884
80810131,0.5,12,visual,1,1,0.9999999999988596,0.34248933394322884
80810131,1.0,4,actuator,1,1,0.9271320876063741,1.5266536556939299
80810131,1.0,4,world,1,1,0.9496509703485004,1.5266536556939299
80810131,1.0,4,visual,1,1,0.8113054164694027,1.2106558839152155
80810131,1.0,6,actuator,1,1,0.9979127268675863,1.1956627549128698
80810131,1.0,6,world,1,1,0.9915159561059743,1.19566275491287
80810131,1.0,6,visual,1,1,0.9094623559059247,1.1956627549128698
80810131,1.0,12,actuator,1,1,0.9999999997487075,1.3699573357729153
80810131,1.0,12,world,1,1,0.9999999631179859,1.3699573357729153
80810131,1.0,12,visual,1,1,0.8516507290378144,1.3699573357729153
80810132,0.18,4,actuator,1,1,1.0,0.030889352738548374
80810132,0.18,4,world,1,1,1.0,0.03088935273854837
80810132,0.18,4,visual,1,1,1.0,0.030889352738548377
80810132,0.18,6,actuator,1,1,1.0,0.024935594207776846
80810132,0.18,6,world,1,1,1.0,0.024935594207776846
80810132,0.18,6,visual,1,1,1.0,0.024935594207776846
80810132,0.18,12,actuator,1,1,1.0,0.029414011557388525
80810132,0.18,12,world,1,1,1.0,0.029414011557388525
80810132,0.18,12,visual,1,1,1.0,0.029414011557388525
80810132,0.5,4,actuator,1,1,0.9999996944861606,0.23834377113077454
80810132,0.5,4,world,1,1,0.9999999614728888,0.2383437711307746
80810132,0.5,4,visual,1,1,0.9999983718830656,0.23834377113077457
80810132,0.5,6,actuator,1,1,0.9999999999438856,0.1924042762945745
80810132,0.5,6,world,1,1,0.9999999999591751,0.19240427629457454
80810132,0.5,6,visual,1,1,0.9999999999153963,0.1924042762945745
80810132,0.5,12,actuator,1,1,1.0,0.22695996572059052
80810132,0.5,12,world,1,1,1.0,0.22695996572059052
80810132,0.5,12,visual,1,1,1.0,0.22695996572059052
80810132,1.0,4,actuator,0,0,0.7641375299866083,0.9533750845230982
80810132,1.0,4,world,1,1,0.989359482573847,0.9533750845230984
80810132,1.0,4,visual,1,1,0.9343101376244933,0.9533750845230983
80810132,1.0,6,actuator,1,1,0.812461587503921,0.769617105178298
80810132,1.0,6,world,1,1,0.9974288602515948,0.769617105178298
80810132,1.0,6,visual,1,1,0.9962711780564485,0.769617105178298
80810132,1.0,12,actuator,1,1,0.9998939833607041,0.9078398628823621
80810132,1.0,12,world,1,1,0.9999952839822572,0.9078398628823621
80810132,1.0,12,visual,1,1,0.9999918863099666,0.9078398628823621
80810133,0.18,4,actuator,1,1,1.0,0.03361955058818443
80810133,0.18,4,world,1,1,1.0,0.03361955058818443
80810133,0.18,4,visual,1,1,1.0,0.03361955058818443
80810133,0.18,6,actuator,1,1,1.0,0.032463007293906415
80810133,0.18,6,world,1,1,1.0,0.032463007293906415
80810133,0.18,6,visual,1,1,1.0,0.032463007293906415
80810133,0.18,12,actuator,1,1,1.0,0.03475106451941494
80810133,0.18,12,world,1,1,1.0,0.03475106451941493
80810133,0.18,12,visual,1,1,1.0,0.03475106451941493
80810133,0.5,4,actuator,1,1,0.9999999507643194,0.25941011256315144
80810133,0.5,4,world,1,1,0.9999999969272955,0.25941011256315144
80810133,0.5,4,visual,1,1,0.9999958597422525,0.25941011256315144
80810133,0.5,6,actuator,1,1,0.9999999999999996,0.25048616739125323
80810133,0.5,6,world,1,1,0.9999999994296516,0.25048616739125323
80810133,0.5,6,visual,1,1,0.9999999999847196,0.25048616739125323
80810133,0.5,12,actuator,1,1,1.0,0.2681409299337572
80810133,0.5,12,world,1,1,1.0,0.2681409299337572
80810133,0.5,12,visual,1,1,1.0,0.2681409299337572
80810133,1.0,4,actuator,1,1,0.985329241404418,1.0376404502526058
80810133,1.0,4,world,1,1,0.9956587260218835,1.0376404502526058
80810133,1.0,4,visual,1,1,0.896126158716557,1.0305296850086076
80810133,1.0,6,actuator,1,1,0.9998932975715598,1.001944669565013
80810133,1.0,6,world,1,1,0.9904525387727393,1.001944669565013
80810133,1.0,6,visual,1,1,0.9980336833942555,1.001944669565013
80810133,1.0,12,actuator,1,1,0.9999999999584026,1.0725637197350288
80810133,1.0,12,world,1,1,0.9992065012365393,1.0725637197350288
80810133,1.0,12,visual,1,1,0.9999915753808228,1.0725637197350288
80810134,0.18,4,actuator,1,1,1.0,0.0516685431404296
80810134,0.18,4,world,1,1,1.0,0.0516685431404296
80810134,0.18,4,visual,1,1,1.0,0.05166854314042961
80810134,0.18,6,actuator,1,1,1.0,0.043379899570457785
80810134,0.18,6,world,1,1,1.0,0.043379899570457785
80810134,0.18,6,visual,1,1,1.0,0.04337989957045777
80810134,0.18,12,actuator,1,1,1.0,0.048018400080252543
80810134,0.18,12,world,1,1,1.0,0.04801840008025254
80810134,0.18,12,visual,1,1,1.0,0.04801840008025254
80810134,0.5,4,actuator,1,1,0.9996590776949589,0.3986770304045495
80810134,0.5,4,world,1,1,0.999999999883775,0.3986770304045495
80810134,0.5,4,visual,1,1,0.999890603953095,0.3986770304045495
80810134,0.5,6,actuator,1,1,0.9999999999994131,0.334721447302915
80810134,0.5,6,world,1,1,0.9999999999995399,0.334721447302915
80810134,0.5,6,visual,1,1,0.9999999969026194,0.334721447302915
80810134,0.5,12,actuator,1,1,1.0,0.3705123462982449
80810134,0.5,12,world,1,1,1.0,0.3705123462982449
80810134,0.5,12,visual,1,1,1.0,0.3705123462982449
80810134,1.0,4,actuator,0,0,0.4847360485706723,1.5936997625835154
80810134,1.0,4,world,1,1,0.9993715424361381,1.594708121618198
80810134,1.0,4,visual,0,0,0.6223266582440788,1.594708121618198
80810134,1.0,6,actuator,1,1,0.9889595876526799,1.33888578921166
80810134,1.0,6,world,1,1,0.9997261066577373,1.3388857892116597
80810134,1.0,6,visual,1,1,0.9777879188257078,1.33888578921166
80810134,1.0,12,actuator,1,1,0.9999682875197728,1.4820493851929797
80810134,1.0,12,world,1,1,0.9999914222406868,1.4820493851929797
80810134,1.0,12,visual,1,1,0.9994622303132024,1.4820493851929797
80810135,0.18,4,actuator,1,1,1.0,0.042300230542253826
80810135,0.18,4,world,1,1,1.0,0.04230023054225383
80810135,0.18,4,visual,1,1,1.0,0.04230023054225383
80810135,0.18,6,actuator,1,1,1.0,0.035405768199257774
80810135,0.18,6,world,1,1,1.0,0.03540576819925779
80810135,0.18,6,visual,1,1,1.0,0.035405768199257774
80810135,0.18,12,actuator,1,1,1.0,0.031680161403151164
80810135,0.18,12,world,1,1,1.0,0.031680161403151164
80810135,0.18,12,visual,1,1,1.0,0.031680161403151164
80810135,0.5,4,actuator,1,1,0.9999992968104912,0.32639066776430425
80810135,0.5,4,world,1,1,0.9999997892293322,0.3263906677643042
80810135,0.5,4,visual,1,1,0.9931473324499658,0.2963151678094349
80810135,0.5,6,actuator,1,1,0.9999999999999938,0.2731926558584705
80810135,0.5,6,world,1,1,0.9999999999999927,0.2731926558584705
80810135,0.5,6,visual,1,1,0.9999829857898602,0.2731926558584705
80810135,0.5,12,actuator,1,1,1.0,0.2444456898391294
80810135,0.5,12,world,1,1,1.0,0.24444568983912937
80810135,0.5,12,visual,1,1,1.0,0.24444568983912937
80810135,1.0,4,actuator,0,0,0.5266478700170681,1.305562671057217
80810135,1.0,4,world,1,1,0.8297322282680766,1.2555394872270846
80810135,1.0,4,visual,0,0,0.5730143691584074,0.9954116711474783
80810135,1.0,6,actuator,1,1,0.9992475975714373,1.092770623433882
80810135,1.0,6,world,1,1,0.9998856976809822,1.092770623433882
80810135,1.0,6,visual,0,0,0.4826144892039678,1.0272596621968584
80810135,1.0,12,actuator,1,1,0.9999959828751828,0.9777827593565176
80810135,1.0,12,world,1,1,0.9999332550114324,0.9777827593565175
80810135,1.0,12,visual,1,1,0.9999570930482646,0.9777827593565175
80810136,0.18,4,actuator,1,1,1.0,0.04261103538598037
80810136,0.18,4,world,1,1,1.0,0.04261103538598037
80810136,0.18,4,visual,1,1,1.0,0.04261103538598037
80810136,0.18,6,actuator,1,1,1.0,0.03738181017009966
80810136,0.18,6,world,1,1,1.0,0.03738181017009966
80810136,0.18,6,visual,1,1,1.0,0.037381810170099665
80810136,0.18,12,actuator,1,1,1.0,0.033479701650496796
80810136,0.18,12,world,1,1,1.0,0.033479701650496796
80810136,0.18,12,visual,1,1,1.0,0.033479701650496796
80810136,0.5,4,actuator,1,1,0.9999999999995397,0.32878885328688556
80810136,0.5,4,world,1,1,0.9997282540639223,0.32878885328688556
80810136,0.5,4,visual,1,1,0.9997800871734973,0.32878885328688556
80810136,0.5,6,actuator,1,1,1.0,0.288439893287806
80810136,0.5,6,world,1,1,0.9999999999999998,0.28843989328780606
80810136,0.5,6,visual,1,1,0.9999900184576517,0.28843989328780606
80810136,0.5,12,actuator,1,1,1.0,0.25833103125383333
80810136,0.5,12,world,1,1,1.0,0.2583310312538334
80810136,0.5,12,visual,1,1,1.0,0.25833103125383333
80810136,1.0,4,actuator,1,1,0.9997657029603857,1.3151554131475423
80810136,1.0,4,world,1,0,0.8323395196458647,1.078798229822192
80810136,1.0,4,visual,0,0,0.5816210415126932,1.1612894504577473
80810136,1.0,6,actuator,1,1,0.999989438163657,1.153759573151224
80810136,1.0,6,world,1,1,0.9999828338080219,1.1537595731512242
80810136,1.0,6,visual,0,0,0.45074062714442303,1.1285955404475525
80810136,1.0,12,actuator,1,1,0.999999997873048,1.0333241250153333
80810136,1.0,12,world,1,1,0.9999999690185052,1.0333241250153333
80810136,1.0,12,visual,1,1,0.9983615483412587,1.0333241250153333
80810137,0.18,4,actuator,1,1,1.0,0.06218188309899165
80810137,0.18,4,world,1,1,1.0,0.06218188309899164
80810137,0.18,4,visual,1,1,1.0,0.062181883098991635
80810137,0.18,6,actuator,1,1,1.0,0.056373835184446074
80810137,0.18,6,world,1,1,1.0,0.05637383518444608
80810137,0.18,6,visual,1,1,1.0,0.056373835184446074
80810137,0.18,12,actuator,1,1,1.0,0.047139130015727004
80810137,0.18,12,world,1,1,1.0,0.047139130015727004
80810137,0.18,12,visual,1,1,1.0,0.047139130015727004
80810137,0.5,4,actuator,1,1,0.997061223012135,0.47979848070209596
80810137,0.5,4,world,1,1,0.9999995526971763,0.479798480702096
80810137,0.5,4,visual,1,1,0.9999999535205689,0.4797984807020961
80810137,0.5,6,actuator,1,1,0.9999999999999996,0.43498329617628145
80810137,0.5,6,world,1,1,0.9999999999999973,0.43498329617628145
80810137,0.5,6,visual,1,1,0.9999994731646076,0.43498329617628145
80810137,0.5,12,actuator,1,1,1.0,0.36372785505962196
80810137,0.5,12,world,1,1,0.9999999999997851,0.3637278550596221
80810137,0.5,12,visual,1,1,1.0,0.3637278550596221
80810137,1.0,4,actuator,0,0,0.500996877044598,1.7514056062999082
80810137,1.0,4,world,1,1,0.9645523249108126,1.9191939228083843
80810137,1.0,4,visual,1,1,0.9841596431361714,1.9191939228083843
80810137,1.0,6,actuator,1,1,0.9997960607419192,1.7399331847051258
80810137,1.0,6,world,1,1,0.9999789996552807,1.7399331847051258
80810137,1.0,6,visual,0,0,0.7730684859710181,1.7399331847051258
80810137,1.0,12,actuator,1,1,0.9999999999724491,1.4549114202384879
80810137,1.0,12,world,1,1,0.9298390955172884,1.4549114202384879
80810137,1.0,12,visual,1,1,0.9999997561521932,1.4549114202384879
80810138,0.18,4,actuator,1,1,1.0,0.02211397172972942
80810138,0.18,4,world,1,1,1.0,0.02211397172972942
80810138,0.18,4,visual,1,1,1.0,0.022113971729729422
80810138,0.18,6,actuator,1,1,1.0,0.02522870715572469
80810138,0.18,6,world,1,1,1.0,0.02522870715572469
80810138,0.18,6,visual,1,1,1.0,0.02522870715572469
80810138,0.18,12,actuator,1,1,1.0,0.029933007760187345
80810138,0.18,12,world,1,1,1.0,0.02993300776018734
80810138,0.18,12,visual,1,1,1.0,0.02993300776018734
80810138,0.5,4,actuator,1,1,0.9999185264704185,0.17063249791457888
80810138,0.5,4,world,1,1,0.9999999995481783,0.17063249791457885
80810138,0.5,4,visual,1,1,0.9999719716302506,0.17063249791457888
80810138,0.5,6,actuator,1,1,0.9999999999999989,0.1946659502756535
80810138,0.5,6,world,1,1,0.9999999999999867,0.1946659502756535
80810138,0.5,6,visual,1,1,0.9999998935625385,0.1946659502756535
80810138,0.5,12,actuator,1,1,1.0,0.2309645660508283
80810138,0.5,12,world,1,1,1.0,0.2309645660508283
80810138,0.5,12,visual,1,1,1.0,0.2309645660508283
80810138,1.0,4,actuator,0,0,0.5827130249579977,0.6289980965359742
80810138,1.0,4,world,1,1,0.9988364383056691,0.6825299916583154
80810138,1.0,4,visual,0,0,0.7755315656756248,0.6825299916583155
80810138,1.0,6,actuator,1,1,0.9991982359984432,0.778663801102614
80810138,1.0,6,world,1,1,0.9999533168031005,0.778663801102614
80810138,1.0,6,visual,1,1,0.8836597466042075,0.778663801102614
80810138,1.0,12,actuator,1,1,0.9999999829623597,0.9238582642033132
80810138,1.0,12,world,1,1,0.9999912922632748,0.9238582642033132
80810138,1.0,12,visual,1,1,0.9999956583104145,0.9238582642033132
80810139,0.18,4,actuator,1,1,1.0,0.031301995585922684
80810139,0.18,4,world,1,1,1.0,0.031301995585922684
80810139,0.18,4,visual,1,1,1.0,0.031301995585922684
80810139,0.18,6,actuator,1,1,1.0,0.024970463097348124
80810139,0.18,6,world,1,1,1.0,0.024970463097348124
80810139,0.18,6,visual,1,1,1.0,0.024970463097348128
80810139,0.18,12,actuator,1,1,1.0,0.026387411178925065
80810139,0.18,12,world,1,1,1.0,0.02638741117892506
80810139,0.18,12,visual,1,1,1.0,0.02638741117892506
80810139,0.5,4,actuator,1,1,0.9999910039181016,0.24152774371853925
80810139,0.5,4,world,1,1,0.9999999999862976,0.24152774371853925
80810139,0.5,4,visual,1,1,0.9984368894359316,0.24152774371853925
80810139,0.5,6,actuator,1,1,1.0,0.1926733263684269
80810139,0.5,6,world,1,1,0.9999999999999993,0.1926733263684269
80810139,0.5,6,visual,1,1,0.9999884929780284,0.1926733263684269
80810139,0.5,12,actuator,1,1,1.0,0.20360656773861932
80810139,0.5,12,world,1,1,1.0,0.20360656773861932
80810139,0.5,12,visual,1,1,1.0,0.20360656773861938
80810139,1.0,4,actuator,1,1,0.8504472576045933,0.966110974874157
80810139,1.0,4,world,1,1,0.9990717600955287,0.966110974874157
80810139,1.0,4,visual,0,0,0.5634042154553005,0.8332850213521699
80810139,1.0,6,actuator,1,1,0.9998488913817201,0.7706933054737077
80810139,1.0,6,world,1,1,0.9999896549334264,0.7706933054737077
80810139,1.0,6,visual,0,0,0.5762082768900882,0.744549861393282
80810139,1.0,12,actuator,1,1,0.9999998814923448,0.8144262709544773
80810139,1.0,12,world,1,1,0.999536186498825,0.8144262709544773
80810139,1.0,12,visual,1,1,0.9999994459763778,0.8144262709544773
80810140,0.18,4,actuator,1,1,1.0,0.012176847417382088
80810140,0.18,4,world,1,1,1.0,0.012176847417382092
80810140,0.18,4,visual,1,1,1.0,0.012176847417382092
80810140,0.18,6,actuator,1,1,1.0,0.008951357603984165
80810140,0.18,6,world,1,1,1.0,0.008951357603984167
80810140,0.18,6,visual,1,1,1.0,0.008951357603984163
80810140,0.18,12,actuator,1,1,1.0,0.01517330979901236
80810140,0.18,12,world,1,1,1.0,0.01517330979901236
80810140,0.18,12,visual,1,1,1.0,0.015173309799012361
80810140,0.5,4,actuator,1,1,0.9999786650756127,0.09395715599831858
80810140,0.5,4,world,1,1,0.9999998336311186,0.09395715599831858
80810140,0.5,4,visual,1,1,0.9999998992469489,0.09395715599831858
80810140,0.5,6,actuator,1,1,0.9999999999931151,0.06906911731469263
80810140,0.5,6,world,1,1,0.9999999912484473,0.06906911731469263
80810140,0.5,6,visual,1,1,0.999999999998777,0.06906911731469263
80810140,0.5,12,actuator,1,1,1.0,0.11707800770842873
80810140,0.5,12,world,1,1,1.0,0.11707800770842873
80810140,0.5,12,visual,1,1,0.9999999999999998,0.1170780077084287
80810140,1.0,4,actuator,0,0,0.7381861391837045,0.3758286239932743
80810140,1.0,4,world,1,1,0.9778726375970745,0.3758286239932743
80810140,1.0,4,visual,1,1,0.9767815129842679,0.3758286239932743
80810140,1.0,6,actuator,1,1,0.9786519564700565,0.2762764692587706
80810140,1.0,6,world,1,1,0.9636222929458783,0.27627646925877053
80810140,1.0,6,visual,1,1,0.9993743366076583,0.27627646925877053
80810140,1.0,12,actuator,1,1,0.9999998683653757,0.4683120308337149
80810140,1.0,12,world,1,1,0.999999978525612,0.4683120308337149
80810140,1.0,12,visual,1,1,0.9982347988755915,0.4683120308337149
80810141,0.18,4,actuator,1,1,1.0,0.03743049792654738
80810141,0.18,4,world,1,1,1.0,0.037430497926547374
80810141,0.18,4,visual,1,1,1.0,0.037430497926547374
80810141,0.18,6,actuator,1,1,1.0,0.03485877664515031
80810141,0.18,6,world,1,1,1.0,0.0348587766451503
80810141,0.18,6,visual,1,1,1.0,0.0348587766451503
80810141,0.18,12,actuator,1,1,1.0,0.039140871760984464
80810141,0.18,12,world,1,1,1.0,0.03914087176098447
80810141,0.18,12,visual,1,1,1.0,0.039140871760984464
80810141,0.5,4,actuator,1,1,0.9999999999999885,0.28881557042089034
80810141,0.5,4,world,1,1,0.9999981866367309,0.28881557042089034
80810141,0.5,4,visual,1,1,0.9999983941430088,0.2888155704208903
80810141,0.5,6,actuator,1,1,1.0,0.26897204201504865
80810141,0.5,6,world,1,1,0.9999999959803294,0.26897204201504865
80810141,0.5,6,visual,1,1,0.9999999999996454,0.26897204201504865
80810141,0.5,12,actuator,1,1,1.0,0.30201289939031223
80810141,0.5,12,world,1,1,1.0,0.30201289939031223
80810141,0.5,12,visual,1,1,1.0,0.30201289939031223
80810141,1.0,4,actuator,1,1,0.9999758398639212,1.1552622816835614
80810141,1.0,4,world,0,0,0.6479117922325037,1.1552622816835614
80810141,1.0,4,visual,0,0,0.661231838907865,1.1552622816835614
80810141,1.0,6,actuator,1,1,0.9999907318784087,1.0758881680601946
80810141,1.0,6,world,1,1,0.9750590708307901,1.0758881680601946
80810141,1.0,6,visual,1,1,0.9997501486287794,1.0758881680601946
80810141,1.0,12,actuator,1,1,0.9999999999999964,1.208051597561249
80810141,1.0,12,world,1,1,0.9999999619416072,1.208051597561249
80810141,1.0,12,visual,1,1,0.9989771083376172,1.208051597561249
80810142,0.18,4,actuator,1,1,1.0,0.046121548538360056
80810142,0.18,4,world,1,1,1.0,0.046121548538360056
80810142,0.18,4,visual,1,1,1.0,0.046121548538360056
80810142,0.18,6,actuator,1,1,1.0,0.04389876100841377
80810142,0.18,6,world,1,1,1.0,0.04389876100841378
80810142,0.18,6,visual,1,1,1.0,0.04389876100841378
80810142,0.18,12,actuator,1,1,1.0,0.03554811336364803
80810142,0.18,12,world,1,1,1.0,0.03554811336364803
80810142,0.18,12,visual,1,1,1.0,0.03554811336364803
80810142,0.5,4,actuator,1,1,0.9999998955334684,0.3558761461293214
80810142,0.5,4,world,1,1,0.9999995605403991,0.3558761461293214
80810142,0.5,4,visual,1,1,0.9999995506020881,0.35587614612932145
80810142,0.5,6,actuator,1,1,0.9999999999999185,0.3387250077809704
80810142,0.5,6,world,1,1,0.9999999930523549,0.3387250077809705
80810142,0.5,6,visual,1,1,0.9999999986099264,0.3387250077809704
80810142,0.5,12,actuator,1,1,1.0,0.2742909981762965
80810142,0.5,12,world,1,1,0.9999999999999971,0.2742909981762965
80810142,0.5,12,visual,1,1,1.0,0.2742909981762965
80810142,1.0,4,actuator,1,1,0.980551836722474,1.4235045845172856
80810142,1.0,4,world,1,1,0.9557040071221494,1.4235045845172856
80810142,1.0,4,visual,1,1,0.9593846747590528,1.4235045845172858
80810142,1.0,6,actuator,1,1,0.995459918981701,1.3549000311238817
80810142,1.0,6,world,1,1,0.9674657749038998,1.3549000311238817
80810142,1.0,6,visual,1,1,0.985143231116653,1.3549000311238817
80810142,1.0,12,actuator,1,1,0.9999990337442402,1.097163992705186
80810142,1.0,12,world,1,1,0.991180264976498,1.097163992705186
80810142,1.0,12,visual,1,1,0.9999890221551947,1.097163992705186
80810143,0.18,4,actuator,1,1,1.0,0.016908873226724432
80810143,0.18,4,world,1,1,1.0,0.01690887322672443
80810143,0.18,4,visual,1,1,1.0,0.016908873226724432
80810143,0.18,6,actuator,1,1,1.0,0.024056964309161502
80810143,0.18,6,world,1,1,1.0,0.024056964309161502
80810143,0.18,6,visual,1,1,1.0,0.024056964309161502
80810143,0.18,12,actuator,1,1,1.0,0.029674371806274868
80810143,0.18,12,world,1,1,1.0,0.029674371806274868
80810143,0.18,12,visual,1,1,1.0,0.029674371806274868
80810143,0.5,4,actuator,1,1,0.9999999998409024,0.13046970082349102
80810143,0.5,4,world,1,1,0.9999998210500405,0.13046970082349102
80810143,0.5,4,visual,1,1,0.9999789635572932,0.13046970082349102
80810143,0.5,6,actuator,1,1,0.9999999999957918,0.1856247246077277
80810143,0.5,6,world,1,1,0.9999999999999993,0.1856247246077277
80810143,0.5,6,visual,1,1,0.9999938410789369,0.1856247246077277
80810143,0.5,12,actuator,1,1,1.0,0.22896891825829377
80810143,0.5,12,world,1,1,1.0,0.2289689182582937
80810143,0.5,12,visual,1,1,1.0,0.2289689182582937
80810143,1.0,4,actuator,1,1,0.9989162284727646,0.5218788032939641
80810143,1.0,4,world,1,1,0.857909485651017,0.5218788032939641
80810143,1.0,4,visual,0,0,0.6712917784015173,0.5011770910875739
80810143,1.0,6,actuator,1,1,0.9842933178621015,0.7424988984309108
80810143,1.0,6,world,1,1,0.9999890778360934,0.7424988984309108
80810143,1.0,6,visual,0,0,0.48701904688500836,0.7399643728167682
80810143,1.0,12,actuator,1,1,0.9999999819287478,0.9158756730331751
80810143,1.0,12,world,1,1,0.9998106265502205,0.9158756730331751
80810143,1.0,12,visual,1,1,0.9999915182679752,0.9158756730331751
80810144,0.18,4,actuator,1,1,1.0,0.024673141817692
80810144,0.18,4,world,1,1,1.0,0.024673141817692007
80810144,0.18,4,visual,1,1,1.0,0.024673141817692
80810144,0.18,6,actuator,1,1,1.0,0.03129204025798979
80810144,0.18,6,world,1,1,1.0,0.03129204025798979
80810144,0.18,6,visual,1,1,1.0,0.03129204025798979
80810144,0.18,12,actuator,1,1,1.0,0.04081303434881468
80810144,0.18,12,world,1,1,1.0,0.04081303434881467
80810144,0.18,12,visual,1,1,1.0,0.04081303434881467
80810144,0.5,4,actuator,1,1,0.9999999534115833,0.19037918069206788
80810144,0.5,4,world,1,1,0.999999927456087,0.19037918069206788
80810144,0.5,4,visual,1,1,0.9998965210728294,0.19037918069206788
80810144,0.5,6,actuator,1,1,0.9999999999999996,0.24145092791658787
80810144,0.5,6,world,1,1,0.999999999999041,0.24145092791658787
80810144,0.5,6,visual,1,1,0.9999967223752718,0.24145092791658787
80810144,0.5,12,actuator,1,1,1.0,0.3149153884939404
80810144,0.5,12,world,1,1,0.9999999999999998,0.3149153884939404
80810144,0.5,12,visual,1,1,1.0,0.3149153884939404
80810144,1.0,4,actuator,0,0,0.7245486638925408,0.7615167227682715
80810144,1.0,4,world,1,1,0.9819700578382368,0.7615167227682715
80810144,1.0,4,visual,0,0,0.6858835391449717,0.7353790187833242
80810144,1.0,6,actuator,1,1,0.9997420605476812,0.9658037116663515
80810144,1.0,6,world,1,1,0.9995487198927421,0.9658037116663515
80810144,1.0,6,visual,0,0,0.6092946780689752,0.9547929700438479
80810144,1.0,12,actuator,1,1,0.9999999143553688,1.2596615539757616
80810144,1.0,12,world,1,1,0.997222798515065,1.2596615539757616
80810144,1.0,12,visual,1,1,0.9999869937962589,1.2596615539757616
80810145,0.18,4,actuator,1,1,1.0,0.06044220195011052
80810145,0.18,4,world,1,1,1.0,0.060442201950110526
80810145,0.18,4,visual,1,1,1.0,0.060442201950110526
80810145,0.18,6,actuator,1,1,1.0,0.04873368606839951
80810145,0.18,6,world,1,1,1.0,0.04873368606839951
80810145,0.18,6,visual,1,1,1.0,0.04873368606839951
80810145,0.18,12,actuator,1,1,1.0,0.04301854228331825
80810145,0.18,12,world,1,1,1.0,0.04301854228331825
80810145,0.18,12,visual,1,1,1.0,0.04301854228331825
80810145,0.5,4,actuator,1,1,0.9994301205184332,0.4663750150471491
80810145,0.5,4,world,1,1,0.9999999958565053,0.4663750150471491
80810145,0.5,4,visual,1,1,0.999996943611081,0.4663750150471491
80810145,0.5,6,actuator,1,1,0.9999999999999993,0.3760315283055518
80810145,0.5,6,world,1,1,0.9999999999982019,0.3760315283055518
80810145,0.5,6,visual,1,1,0.9999999992074251,0.3760315283055518
80810145,0.5,12,actuator,1,1,1.0,0.33193319663054205
80810145,0.5,12,world,1,1,1.0,0.33193319663054205
80810145,0.5,12,visual,1,1,0.9999999999999962,0.33193319663054205
80810145,1.0,4,actuator,0,0,0.483387693941948,1.8330851545631903
80810145,1.0,4,world,1,1,0.9964915321640564,1.8655000601885965
80810145,1.0,4,visual,1,1,0.9127951722305694,1.8655000601885965
80810145,1.0,6,actuator,1,1,0.9997738642945778,1.5041261132222072
80810145,1.0,6,world,1,1,0.9994592834643683,1.5041261132222072
80810145,1.0,6,visual,1,1,0.9887458736288389,1.5041261132222072
80810145,1.0,12,actuator,1,1,0.9999470384784139,1.3277327865221682
80810145,1.0,12,world,1,1,0.9999999962369897,1.3277327865221682
80810145,1.0,12,visual,1,1,0.9900674157231375,1.3277327865221682
80810146,0.18,4,actuator,1,1,1.0,0.028892319855744846
80810146,0.18,4,world,1,1,1.0,0.028892319855744846
80810146,0.18,4,visual,1,1,1.0,0.028892319855744853
80810146,0.18,6,actuator,1,1,1.0,0.029719776966271472
80810146,0.18,6,world,1,1,1.0,0.029719776966271465
80810146,0.18,6,visual,1,1,1.0,0.029719776966271465
80810146,0.18,12,actuator,1,1,1.0,0.03105961178317311
80810146,0.18,12,world,1,1,1.0,0.03105961178317311
80810146,0.18,12,visual,1,1,1.0,0.03105961178317311
80810146,0.5,4,actuator,1,1,0.9998359940488408,0.2229345667881547
80810146,0.5,4,world,1,1,0.9999999953939909,0.22293456678815474
80810146,0.5,4,visual,1,1,0.9998762706229681,0.22293456678815474
80810146,0.5,6,actuator,1,1,0.9999999999998876,0.22931926671505765
80810146,0.5,6,world,1,1,0.9999999995839093,0.22931926671505765
80810146,0.5,6,visual,1,1,0.999999994046074,0.22931926671505765
80810146,0.5,12,actuator,1,1,1.0,0.23965749832695304
80810146,0.5,12,world,1,1,1.0,0.23965749832695304
80810146,0.5,12,visual,1,1,0.9999999999999991,0.23965749832695304
80810146,1.0,4,actuator,0,0,0.5733309879359728,0.891738267152619
80810146,1.0,4,world,1,1,0.9957991624649273,0.8917382671526188
80810146,1.0,4,visual,0,0,0.6134013123302352,0.8917382671526188
80810146,1.0,6,actuator,1,1,0.997400038053256,0.9172770668602306
80810146,1.0,6,world,1,1,0.9917883851409324,0.9172770668602306
80810146,1.0,6,visual,1,1,0.9646806280660192,0.9172770668602306
80810146,1.0,12,actuator,1,1,0.9977608630527597,0.9586299933078122
80810146,1.0,12,world,1,1,0.999999992590334,0.9586299933078122
80810146,1.0,12,visual,1,1,0.9948811880687919,0.9586299933078122
80810147,0.18,4,actuator,1,1,1.0,0.030593156305399934
80810147,0.18,4,world,1,1,1.0,0.03059315630539993
80810147,0.18,4,visual,1,1,1.0,0.03059315630539993
80810147,0.18,6,actuator,1,1,1.0,0.031234167184237143
80810147,0.18,6,world,1,1,1.0,0.031234167184237133
80810147,0.18,6,visual,1,1,1.0,0.031234167184237143
80810147,0.18,12,actuator,1,1,1.0,0.03053254397911533
80810147,0.18,12,world,1,1,1.0,0.03053254397911533
80810147,0.18,12,visual,1,1,1.0,0.03053254397911533
80810147,0.5,4,actuator,1,1,0.999999959542936,0.23605830482561677
80810147,0.5,4,world,1,1,0.999910587729079,0.23605830482561677
80810147,0.5,4,visual,1,1,0.9999999993526523,0.23605830482561674
80810147,0.5,6,actuator,1,1,0.9999999999999998,0.24100437642158287
80810147,0.5,6,world,1,1,0.9999999999993234,0.2410043764215829
80810147,0.5,6,visual,1,1,0.9999999978925904,0.24100437642158287
80810147,0.5,12,actuator,1,1,1.0,0.2355906171228035
80810147,0.5,12,world,1,1,1.0,0.2355906171228035
80810147,0.5,12,visual,1,1,1.0,0.2355906171228035
80810147,1.0,4,actuator,1,1,0.9690198164341177,0.944233219302467
80810147,1.0,4,world,0,0,0.65470311906756,0.944233219302467
80810147,1.0,4,visual,1,1,0.9976729534123594,0.944233219302467
80810147,1.0,6,actuator,1,1,0.9997702797043032,0.9640175056863315
80810147,1.0,6,world,1,1,0.9996681174514745,0.9640175056863315
80810147,1.0,6,visual,1,1,0.981431114169447,0.9640175056863315
80810147,1.0,12,actuator,1,1,0.9999999999499025,0.942362468491214
80810147,1.0,12,world,1,1,0.9999998244814133,0.942362468491214
80810147,1.0,12,visual,1,1,0.9997848282257698,0.942362468491214
80810148,0.18,4,actuator,1,1,1.0,0.03061443855772584
80810148,0.18,4,world,1,1,1.0,0.03061443855772584
80810148,0.18,4,visual,1,1,1.0,0.03061443855772584
80810148,0.18,6,actuator,1,1,1.0,0.043807271779479885
80810148,0.18,6,world,1,1,1.0,0.04380727177947988
80810148,0.18,6,visual,1,1,1.0,0.043807271779479885
80810148,0.18,12,actuator,1,1,1.0,0.034757022241187
80810148,0.18,12,world,1,1,1.0,0.03475702224118699
80810148,0.18,12,visual,1,1,1.0,0.03475702224118699
80810148,0.5,4,actuator,1,1,0.9999986613081986,0.23622251973553895
80810148,0.5,4,world,1,1,0.9999708377897341,0.23622251973553895
80810148,0.5,4,visual,1,1,0.9999991882080681,0.23622251973553895
80810148,0.5,6,actuator,1,1,0.9999999998643345,0.33801907237253
80810148,0.5,6,world,1,1,0.999999867748502,0.33801907237253
80810148,0.5,6,visual,1,1,0.9999999999867695,0.33801907237253004
80810148,0.5,12,actuator,1,1,1.0,0.26818690000915896
80810148,0.5,12,world,1,1,0.9999999999999982,0.26818690000915896
80810148,0.5,12,visual,1,1,1.0,0.26818690000915896
80810148,1.0,4,actuator,1,1,0.8821072338202338,0.9448900789421557
80810148,1.0,4,world,0,0,0.7525717430471304,0.9448900789421557
80810148,1.0,4,visual,1,1,0.9336862627783856,0.9448900789421557
80810148,1.0,6,actuator,1,1,0.9193142420648246,1.35207628949012
80810148,1.0,6,world,1,1,0.871977263346618,1.35207628949012
80810148,1.0,6,visual,1,1,0.9980032598906248,1.35207628949012
80810148,1.0,12,actuator,1,1,0.9999999388484411,1.0727476000366358
80810148,1.0,12,world,1,1,0.9932761610034481,1.0727476000366358
80810148,1.0,12,visual,1,1,0.9998837557856795,1.0727476000366358
80810149,0.18,4,actuator,1,1,1.0,0.02845629401197389
80810149,0.18,4,world,1,1,1.0,0.028456294011973884
80810149,0.18,4,visual,1,1,1.0,0.028456294011973884
80810149,0.18,6,actuator,1,1,1.0,0.03754333003508583
80810149,0.18,6,world,1,1,1.0,0.03754333003508584
80810149,0.18,6,visual,1,1,1.0,0.03754333003508584
80810149,0.18,12,actuator,1,1,1.0,0.03164757614248843
80810149,0.18,12,world,1,1,1.0,0.03164757614248843
80810149,0.18,12,visual,1,1,1.0,0.03164757614248843
80810149,0.5,4,actuator,1,1,0.9999999987369932,0.21957016984547756
80810149,0.5,4,world,1,1,0.9999965146051173,0.21957016984547756
80810149,0.5,4,visual,1,1,0.9999999761339698,0.21957016984547756
80810149,0.5,6,actuator,1,1,0.9999999999999127,0.2896861885423289
80810149,0.5,6,world,1,1,0.9999999999411757,0.2896861885423289
80810149,0.5,6,visual,1,1,0.9999999960008013,0.28968618854232897
80810149,0.5,12,actuator,1,1,1.0,0.24419426035870698
80810149,0.5,12,world,1,1,1.0,0.24419426035870698
80810149,0.5,12,visual,1,1,0.9999999999999889,0.24419426035870698
80810149,1.0,4,actuator,1,1,0.9860327163002522,0.8782806793819102
80810149,1.0,4,world,1,1,0.9050427873748856,0.8782806793819102
80810149,1.0,4,visual,1,1,0.99054179350567,0.8782806793819102
80810149,1.0,6,actuator,1,1,0.9946141800908826,1.1587447541693159
80810149,1.0,6,world,1,1,0.9969142620541632,1.1587447541693159
80810149,1.0,6,visual,1,1,0.9747849908641133,1.1587447541693159
80810149,1.0,12,actuator,1,1,0.9999989640807481,0.9767770414348279
80810149,1.0,12,world,1,1,0.9999999978056473,0.9767770414348279
80810149,1.0,12,visual,1,1,0.9830860181734645,0.9767770414348279
80810150,0.18,4,actuator,1,1,1.0,0.02781793256888859
80810150,0.18,4,world,1,1,1.0,0.027817932568888593
80810150,0.18,4,visual,1,1,1.0,0.027817932568888586
80810150,0.18,6,actuator,1,1,1.0,0.030652938701283706
80810150,0.18,6,world,1,1,1.0,0.030652938701283702
80810150,0.18,6,visual,1,1,1.0,0.030652938701283706
80810150,0.18,12,actuator,1,1,1.0,0.03310915915921694
80810150,0.18,12,world,1,1,1.0,0.033109159159216944
80810150,0.18,12,visual,1,1,1.0,0.033109159159216944
80810150,0.5,4,actuator,1,1,0.9999999741582515,0.21464454142660955
80810150,0.5,4,world,1,1,0.9999999517405408,0.21464454142660955
80810150,0.5,4,visual,1,1,0.9999997095448909,0.21464454142660952
80810150,0.5,6,actuator,1,1,1.0,0.2365195887444731
80810150,0.5,6,world,1,1,0.9999999967681694,0.2365195887444731
80810150,0.5,6,visual,1,1,0.9999999999406559,0.2365195887444731
80810150,0.5,12,actuator,1,1,1.0,0.2554719070927233
80810150,0.5,12,world,1,1,1.0,0.2554719070927233
80810150,0.5,12,visual,1,1,1.0,0.2554719070927233
80810150,1.0,4,actuator,1,1,0.9903621831045684,0.8585781657064382
80810150,1.0,4,world,1,1,0.9829149515200817,0.8585781657064382
80810150,1.0,4,visual,1,1,0.9595259479085384,0.8585781657064381
80810150,1.0,6,actuator,1,1,0.9999999444963301,0.9460783549778924
80810150,1.0,6,world,1,1,0.9720289445761974,0.9460783549778924
80810150,1.0,6,visual,1,1,0.9629289458539643,0.9460783549778924
80810150,1.0,12,actuator,1,1,0.9999999997871429,1.0218876283708933
80810150,1.0,12,world,1,1,0.9999918716603993,1.0218876283708935
80810150,1.0,12,visual,1,1,0.9986932326438694,1.0218876283708933
80810151,0.18,4,actuator,1,1,1.0,0.027223433131938743
80810151,0.18,4,world,1,1,1.0,0.027223433131938743
80810151,0.18,4,visual,1,1,1.0,0.027223433131938743
80810151,0.18,6,actuator,1,1,1.0,0.024363066730705586
80810151,0.18,6,world,1,1,1.0,0.024363066730705586
80810151,0.18,6,visual,1,1,1.0,0.024363066730705586
80810151,0.18,12,actuator,1,1,1.0,0.027827661196891455
80810151,0.18,12,world,1,1,1.0,0.02782766119689145
80810151,0.18,12,visual,1,1,1.0,0.02782766119689145
80810151,0.5,4,actuator,1,1,0.9998448457404825,0.2100573544131077
80810151,0.5,4,world,1,1,0.999870486139126,0.2100573544131077
80810151,0.5,4,visual,1,1,0.9999998040590412,0.21005735441310766
80810151,0.5,6,actuator,1,1,0.9999999999999998,0.18798662600853078
80810151,0.5,6,world,1,1,0.9999999990533157,0.18798662600853078
80810151,0.5,6,visual,1,1,0.9999999933803667,0.18798662600853078
80810151,0.5,12,actuator,1,1,1.0,0.2147196080007057
80810151,0.5,12,world,1,1,1.0,0.21471960800070575
80810151,0.5,12,visual,1,1,1.0,0.2147196080007057
80810151,1.0,4,actuator,0,0,0.4861383162239807,0.7964093221562377
80810151,1.0,4,world,0,0,0.5977183273354107,0.8402294176524308
80810151,1.0,4,visual,1,1,0.9686457365536163,0.8329307959443621
80810151,1.0,6,actuator,1,1,0.9999187062279155,0.7519465040341231
80810151,1.0,6,world,1,1,0.987346515528753,0.7519465040341231
80810151,1.0,6,visual,1,1,0.9569178416294156,0.7519465040341231
80810151,1.0,12,actuator,1,1,0.9999999992259239,0.8588784320028228
80810151,1.0,12,world,1,1,0.9999829134930777,0.8588784320028228
80810151,1.0,12,visual,1,1,0.9994057735901472,0.8588784320028228
80810152,0.18,4,actuator,1,1,1.0,0.036473072003185225
80810152,0.18,4,world,1,1,1.0,0.03647307200318523
80810152,0.18,4,visual,1,1,1.0,0.036473072003185225
80810152,0.18,6,actuator,1,1,1.0,0.03206605552170865
80810152,0.18,6,world,1,1,1.0,0.03206605552170865
80810152,0.18,6,visual,1,1,1.0,0.03206605552170865
80810152,0.18,12,actuator,1,1,1.0,0.03149637614406752
80810152,0.18,12,world,1,1,1.0,0.03149637614406752
80810152,0.18,12,visual,1,1,1.0,0.03149637614406752
80810152,0.5,4,actuator,1,1,0.9999999863318385,0.2814280247159354
80810152,0.5,4,world,1,1,0.9999999998532578,0.2814280247159354
80810152,0.5,4,visual,1,1,0.9998276223475993,0.2814280247159354
80810152,0.5,6,actuator,1,1,0.999999999999998,0.2474232679144186
80810152,0.5,6,world,1,1,0.9999999999999147,0.24742326791441863
80810152,0.5,6,visual,1,1,0.9999999832923104,0.24742326791441863
80810152,0.5,12,actuator,1,1,1.0,0.2430275937042247
80810152,0.5,12,world,1,1,1.0,0.2430275937042247
80810152,0.5,12,visual,1,1,0.9999999999999891,0.24302759370422475
80810152,1.0,4,actuator,1,1,0.9907062521013673,1.1257120988637417
80810152,1.0,4,world,1,1,0.9984820333806007,1.1257120988637417
80810152,1.0,4,visual,0,0,0.5241937037314001,1.1257120988637417
80810152,1.0,6,actuator,1,1,0.9996428052725632,0.9896930716576744
80810152,1.0,6,world,1,1,0.9998819942657088,0.9896930716576745
80810152,1.0,6,visual,1,1,0.949588778998721,0.9896930716576745
80810152,1.0,12,actuator,1,1,0.9999999867137599,0.9721103748168988
80810152,1.0,12,world,1,1,0.9999999977705678,0.9721103748168988
80810152,1.0,12,visual,1,1,0.9833486926327759,0.9721103748168988
80810153,0.18,4,actuator,1,1,1.0,0.043683221257008874
80810153,0.18,4,world,1,1,1.0,0.04368322125700888
80810153,0.18,4,visual,1,1,1.0,0.04368322125700888
80810153,0.18,6,actuator,1,1,1.0,0.03739838376540914
80810153,0.18,6,world,1,1,1.0,0.037398383765409146
80810153,0.18,6,visual,1,1,1.0,0.03739838376540914
80810153,0.18,12,actuator,1,1,1.0,0.03522939591913182
80810153,0.18,12,world,1,1,1.0,0.03522939591913182
80810153,0.18,12,visual,1,1,1.0,0.03522939591913182
80810153,0.5,4,actuator,1,1,0.999999966969678,0.337061892415192
80810153,0.5,4,world,1,1,0.9999999600121623,0.337061892415192
80810153,0.5,4,visual,1,1,0.9996586199222027,0.337061892415192
80810153,0.5,6,actuator,1,1,0.9999999552796346,0.2885677759676632
80810153,0.5,6,world,1,1,0.9999999987757957,0.28856777596766314
80810153,0.5,6,visual,1,1,0.9999999992422341,0.2885677759676632
80810153,0.5,12,actuator,1,1,1.0,0.2718317586352765
80810153,0.5,12,world,1,1,1.0,0.2718317586352765
80810153,0.5,12,visual,1,1,1.0,0.2718317586352765
80810153,1.0,4,actuator,1,1,0.9839442879194128,1.348247569660768
80810153,1.0,4,world,1,1,0.9405669070095083,1.348247569660768
80810153,1.0,4,visual,0,0,0.5204781661696779,1.3006429265961499
80810153,1.0,6,actuator,0,0,0.5466114945593551,1.1542711038706528
80810153,1.0,6,world,1,1,0.9859362367765367,1.1542711038706528
80810153,1.0,6,visual,1,1,0.9861798607558263,1.1542711038706528
80810153,1.0,12,actuator,1,1,0.9999523020859541,1.087327034541106
80810153,1.0,12,world,1,1,0.9999990110517335,1.087327034541106
80810153,1.0,12,visual,1,1,0.99975151675665,1.087327034541106
80810154,0.18,4,actuator,1,1,1.0,0.019998821925252513
80810154,0.18,4,world,1,1,1.0,0.019998821925252507
80810154,0.18,4,visual,1,1,1.0,0.019998821925252513
80810154,0.18,6,actuator,1,1,1.0,0.021902649646191003
80810154,0.18,6,world,1,1,1.0,0.021902649646191003
80810154,0.18,6,visual,1,1,1.0,0.021902649646191003
80810154,0.18,12,actuator,1,1,1.0,0.02028087006161904
80810154,0.18,12,world,1,1,1.0,0.020280870061619036
80810154,0.18,12,visual,1,1,1.0,0.02028087006161904
80810154,0.5,4,actuator,1,1,0.9999999196895966,0.15431189757139285
80810154,0.5,4,world,1,1,0.9999999894254591,0.15431189757139285
80810154,0.5,4,visual,1,1,0.9999988020193075,0.15431189757139285
80810154,0.5,6,actuator,1,1,0.9999999999998803,0.169001926282338
80810154,0.5,6,world,1,1,0.9999999999877889,0.169001926282338
80810154,0.5,6,visual,1,1,0.9999999998832676,0.16900192628233804
80810154,0.5,12,actuator,1,1,1.0,0.15648819491990001
80810154,0.5,12,world,1,1,1.0,0.15648819491990001
80810154,0.5,12,visual,1,1,1.0,0.15648819491990001
80810154,1.0,4,actuator,1,1,0.8991481252435028,0.6172475902855714
80810154,1.0,4,world,1,1,0.9943393433455411,0.6172475902855714
80810154,1.0,4,visual,1,1,0.9424757042691557,0.6172475902855714
80810154,1.0,6,actuator,1,1,0.9974803839081959,0.676007705129352
80810154,1.0,6,world,1,1,0.9985921401303325,0.676007705129352
80810154,1.0,6,visual,1,1,0.9956010727654214,0.676007705129352
80810154,1.0,12,actuator,1,1,0.9999986618842105,0.6259527796796001
80810154,1.0,12,world,1,1,0.9999999509619175,0.6259527796796001
80810154,1.0,12,visual,1,1,0.9992306704504029,0.6259527796796001
80810155,0.18,4,actuator,1,1,1.0,0.0227368002714693
80810155,0.18,4,world,1,1,1.0,0.022736800271469303
80810155,0.18,4,visual,1,1,1.0,0.0227368002714693
80810155,0.18,6,actuator,1,1,1.0,0.028151671868590272
80810155,0.18,6,world,1,1,1.0,0.028151671868590272
80810155,0.18,6,visual,1,1,1.0,0.028151671868590272
80810155,0.18,12,actuator,1,1,1.0,0.02425606392144573
80810155,0.18,12,world,1,1,1.0,0.02425606392144573
80810155,0.18,12,visual,1,1,1.0,0.02425606392144573
80810155,0.5,4,actuator,1,1,0.9999786105519763,0.1754382736996088
80810155,0.5,4,world,1,1,0.9999999973426676,0.1754382736996088
80810155,0.5,4,visual,1,1,0.9999952341616009,0.1754382736996088
80810155,0.5,6,actuator,1,1,0.9999999999999998,0.21721969034406072
80810155,0.5,6,world,1,1,0.9999999999999845,0.21721969034406066
80810155,0.5,6,visual,1,1,0.9999999088287014,0.21721969034406072
80810155,0.5,12,actuator,1,1,1.0,0.18716098704819237
80810155,0.5,12,world,1,1,1.0,0.18716098704819237
80810155,0.5,12,visual,1,1,1.0,0.18716098704819237
80810155,1.0,4,actuator,0,0,0.7772498171997675,0.7017530947984352
80810155,1.0,4,world,1,1,0.9971635092803435,0.7017530947984351
80810155,1.0,4,visual,1,1,0.8929016777310721,0.7017530947984352
80810155,1.0,6,actuator,1,1,0.9996165695935111,0.8688787613762429
80810155,1.0,6,world,1,1,0.9999495607879291,0.8688787613762426
80810155,1.0,6,visual,1,1,0.8913964585813094,0.8688787613762426
80810155,1.0,12,actuator,1,1,0.9999998574003973,0.7486439481927695
80810155,1.0,12,world,1,1,0.9999984993894234,0.7486439481927695
80810155,1.0,12,visual,1,1,0.9999748424483895,0.7486439481927695
80810156,0.18,4,actuator,1,1,1.0,0.03873397849949116
80810156,0.18,4,world,1,1,1.0,0.03873397849949116
80810156,0.18,4,visual,1,1,1.0,0.03873397849949116
80810156,0.18,6,actuator,1,1,1.0,0.0358785846870778
80810156,0.18,6,world,1,1,1.0,0.03587858468707781
80810156,0.18,6,visual,1,1,1.0,0.03587858468707781
80810156,0.18,12,actuator,1,1,1.0,0.026815423489522826
80810156,0.18,12,world,1,1,1.0,0.026815423489522833
80810156,0.18,12,visual,1,1,1.0,0.02681542348952283
80810156,0.5,4,actuator,1,1,0.9999973371322023,0.2988732908911355
80810156,0.5,4,world,1,1,0.9999999877806452,0.29887329089113546
80810156,0.5,4,visual,1,1,0.9809775218571906,0.2988732908911355
80810156,0.5,6,actuator,1,1,0.9999999991867168,0.27684093122745224
80810156,0.5,6,world,1,1,0.9999999999999591,0.27684093122745224
80810156,0.5,6,visual,1,1,0.9991156634675711,0.27684093122745224
80810156,0.5,12,actuator,1,1,1.0,0.20690913186360205
80810156,0.5,12,world,1,1,1.0,0.20690913186360205
80810156,0.5,12,visual,1,1,1.0,0.20690913186360205
80810156,1.0,4,actuator,1,1,0.918080886829878,1.195493163564542
80810156,1.0,4,world,1,1,0.9706545418986708,1.1579609384251173
80810156,1.0,4,visual,1,0,0.8624644348853955,0.9419270633418726
80810156,1.0,6,actuator,0,0,0.6130310200989141,1.107363724909809
80810156,1.0,6,world,1,1,0.9999184153592252,1.107363724909809
80810156,1.0,6,visual,1,0,0.9230875925888951,0.9002715643767113
80810156,1.0,12,actuator,1,1,0.9999033929266574,0.8276365274544082
80810156,1.0,12,world,1,1,0.9999989454760436,0.8276365274544082
80810156,1.0,12,visual,1,1,0.999712048097043,0.8276365274544082
80810157,0.18,4,actuator,1,1,1.0,0.034534544101209826
80810157,0.18,4,world,1,1,1.0,0.03453454410120982
80810157,0.18,4,visual,1,1,1.0,0.034534544101209826
80810157,0.18,6,actuator,1,1,1.0,0.03691318386525052
80810157,0.18,6,world,1,1,1.0,0.03691318386525052
80810157,0.18,6,visual,1,1,1.0,0.03691318386525052
80810157,0.18,12,actuator,1,1,1.0,0.03740874483522371
80810157,0.18,12,world,1,1,1.0,0.03740874483522371
80810157,0.18,12,visual,1,1,1.0,0.03740874483522371
80810157,0.5,4,actuator,1,1,0.9974219458392964,0.2664702476945202
80810157,0.5,4,world,1,1,0.99997804942164,0.2664702476945202
80810157,0.5,4,visual,1,1,0.9999743631394321,0.24668368780949446
80810157,0.5,6,actuator,1,1,0.999999999997331,0.28482394957755036
80810157,0.5,6,world,1,1,0.9999471016772302,0.28482394957755036
80810157,0.5,6,visual,1,1,0.9999999169683498,0.28482394957755036
80810157,0.5,12,actuator,1,1,1.0,0.2886477224940102
80810157,0.5,12,world,1,1,1.0,0.2886477224940102
80810157,0.5,12,visual,1,1,0.999999999995639,0.2886477224940102
80810157,1.0,4,actuator,1,0,0.8676436094574173,0.6812813717346584
80810157,1.0,4,world,0,0,0.5370634666904684,0.9863008596094347
80810157,1.0,4,visual,1,1,0.952399032761579,0.7763078710080296
80810157,1.0,6,actuator,1,1,0.9281754382462656,1.1392957983102012
80810157,1.0,6,world,0,0,0.592113289857269,0.9299876027925773
80810157,1.0,6,visual,1,1,0.9565374973323122,1.0541586847393438
80810157,1.0,12,actuator,1,1,0.9977028538737465,1.1545908899760409
80810157,1.0,12,world,1,1,0.9999973603208191,1.1545908899760409
80810157,1.0,12,visual,1,1,0.9724078203040412,1.0499367922172287
80810158,0.18,4,actuator,1,1,1.0,0.038629467772834256
80810158,0.18,4,world,1,1,1.0,0.038629467772834256
80810158,0.18,4,visual,1,1,1.0,0.038629467772834256
80810158,0.18,6,actuator,1,1,1.0,0.04396474824754926
80810158,0.18,6,world,1,1,1.0,0.043964748247549264
80810158,0.18,6,visual,1,1,1.0,0.043964748247549264
80810158,0.18,12,actuator,1,1,1.0,0.03079460684188831
80810158,0.18,12,world,1,1,1.0,0.03079460684188831
80810158,0.18,12,visual,1,1,1.0,0.03079460684188832
80810158,0.5,4,actuator,1,1,0.9999999229595514,0.2980668809632273
80810158,0.5,4,world,1,1,0.9999999417562236,0.29806688096322725
80810158,0.5,4,visual,1,1,0.9999997825660982,0.29806688096322725
80810158,0.5,6,actuator,1,1,0.999999999999998,0.33923416857676897
80810158,0.5,6,world,1,1,0.9999999999999996,0.33923416857676897
80810158,0.5,6,visual,1,1,0.9999973434593805,0.33923416857676897
80810158,0.5,12,actuator,1,1,1.0,0.2376127071133358
80810158,0.5,12,world,1,1,1.0,0.2376127071133358
80810158,0.5,12,visual,1,1,1.0,0.2376127071133358
80810158,1.0,4,actuator,1,1,0.8648245456522039,1.1922675238529092
80810158,1.0,4,world,1,1,0.9869288979770762,1.1922675238529092
80810158,1.0,4,visual,1,1,0.9750803252253881,1.1922675238529092
80810158,1.0,6,actuator,1,1,0.9919993437798713,1.3569366743070759
80810158,1.0,6,world,1,1,0.9999906559179051,1.3569366743070759
80810158,1.0,6,visual,0,0,0.6033016592357788,1.3569366743070759
80810158,1.0,12,actuator,1,1,0.9999916764567702,0.9504508284533432
80810158,1.0,12,world,1,1,0.9998983703631148,0.9504508284533432
80810158,1.0,12,visual,1,1,0.999999628575798,0.9504508284533432
80810159,0.18,4,actuator,1,1,1.0,0.006154352977946916
80810159,0.18,4,world,1,1,1.0,0.006154352977946914
80810159,0.18,4,visual,1,1,1.0,0.006154352977946916
80810159,0.18,6,actuator,1,1,1.0,0.010270314794622506
80810159,0.18,6,world,1,1,1.0,0.010270314794622504
80810159,0.18,6,visual,1,1,1.0,0.010270314794622504
80810159,0.18,12,actuator,1,1,1.0,0.01964181983560959
80810159,0.18,12,world,1,1,1.0,0.01964181983560959
80810159,0.18,12,visual,1,1,1.0,0.019641819835609597
80810159,0.5,4,actuator,1,1,0.9999998350677769,0.047487291496503985
80810159,0.5,4,world,1,1,0.9999999904268416,0.04748729149650399
80810159,0.5,4,visual,1,1,0.9999986693303705,0.04748729149650398
80810159,0.5,6,actuator,1,1,0.9999999999997826,0.0792462561313465
80810159,0.5,6,world,1,1,0.9999999999999942,0.07924625613134649
80810159,0.5,6,visual,1,1,0.9999997531286237,0.07924625613134649
80810159,0.5,12,actuator,1,1,1.0,0.15155725181797527
80810159,0.5,12,world,1,1,1.0,0.15155725181797527
80810159,0.5,12,visual,1,1,0.9999999999999993,0.15155725181797527
80810159,1.0,4,actuator,1,1,0.9698110324143743,0.1899491659860159
80810159,1.0,4,world,1,1,0.9940050476869107,0.1899491659860159
80810159,1.0,4,visual,1,1,0.9347748576757317,0.1899491659860159
80810159,1.0,6,actuator,1,1,0.9963977620494652,0.316985024525386
80810159,1.0,6,world,1,1,0.9999693374174232,0.316985024525386
80810159,1.0,6,visual,1,1,0.8327718526733132,0.316985024525386
80810159,1.0,12,actuator,1,1,0.9999999986448456,0.6062290072719011
80810159,1.0,12,world,1,1,0.9999999909331799,0.6062290072719011
80810159,1.0,12,visual,1,1,0.9958535725304671,0.6062290072719011
80810160,0.18,4,actuator,1,1,1.0,0.04876283541931663
80810160,0.18,4,world,1,1,1.0,0.048762835419316634
80810160,0.18,4,visual,1,1,1.0,0.048762835419316634
80810160,0.18,6,actuator,1,1,1.0,0.042802458421005656
80810160,0.18,6,world,1,1,1.0,0.04280245842100564
80810160,0.18,6,visual,1,1,1.0,0.04280245842100564
80810160,0.18,12,actuator,1,1,1.0,0.043163620889872606
80810160,0.18,12,world,1,1,1.0,0.043163620889872606
80810160,0.18,12,visual,1,1,1.0,0.0431636208898726
80810160,0.5,4,actuator,1,1,0.9999999709792511,0.37625644613670245
80810160,0.5,4,world,1,1,0.9999999938152198,0.37625644613670245
80810160,0.5,4,visual,1,1,0.9999797921525426,0.37625644613670245
80810160,0.5,6,actuator,1,1,0.99999999999998,0.33026588287813
80810160,0.5,6,world,1,1,0.9999999992389574,0.33026588287812997
80810160,0.5,6,visual,1,1,0.9999999552156189,0.33026588287812997
80810160,0.5,12,actuator,1,1,1.0,0.3330526303230911
80810160,0.5,12,world,1,1,1.0,0.3330526303230911
80810160,0.5,12,visual,1,1,1.0,0.3330526303230911
80810160,1.0,4,actuator,1,1,0.9816291881580395,1.5050257845468098
80810160,1.0,4,world,1,1,0.9732041187588245,1.5050257845468098
80810160,1.0,4,visual,1,1,0.9022143073913274,1.3462859827418
80810160,1.0,6,actuator,1,1,0.9983521946449356,1.32106353151252
80810160,1.0,6,world,1,1,0.9889261747844976,1.32106353151252
80810160,1.0,6,visual,1,1,0.9164149879444144,1.32106353151252
80810160,1.0,12,actuator,1,1,0.9998881110395108,1.3322105212923645
80810160,1.0,12,world,1,1,0.9997369818179436,1.3322105212923645
80810160,1.0,12,visual,1,1,0.9989563139723961,1.3322105212923645
80810161,0.18,4,actuator,1,1,1.0,0.013289063799705162
80810161,0.18,4,world,1,1,1.0,0.013289063799705162
80810161,0.18,4,visual,1,1,1.0,0.013289063799705163
80810161,0.18,6,actuator,1,1,1.0,0.02227355817973453
80810161,0.18,6,world,1,1,1.0,0.02227355817973453
80810161,0.18,6,visual,1,1,1.0,0.02227355817973453
80810161,0.18,12,actuator,1,1,1.0,0.022851487247927127
80810161,0.18,12,world,1,1,1.0,0.022851487247927127
80810161,0.18,12,visual,1,1,1.0,0.022851487247927127
80810161,0.5,4,actuator,1,1,0.9999994787738397,0.10253907252858921
80810161,0.5,4,world,1,1,0.9999965502436782,0.10253907252858921
80810161,0.5,4,visual,1,1,0.9999999621171874,0.10253907252858922
80810161,0.5,6,actuator,1,1,0.9999999999999665,0.1718638748436306
80810161,0.5,6,world,1,1,0.9999999911231819,0.17186387484363064
80810161,0.5,6,visual,1,1,0.999999999993519,0.17186387484363064
80810161,0.5,12,actuator,1,1,1.0,0.1763232040735118
80810161,0.5,12,world,1,1,1.0,0.17632320407351176
80810161,0.5,12,visual,1,1,1.0,0.17632320407351176
80810161,1.0,4,actuator,1,1,0.9487686096446337,0.4101562901143569
80810161,1.0,4,world,1,1,0.9049097057110375,0.4101562901143569
80810161,1.0,4,visual,1,1,0.984917975144933,0.4101562901143569
80810161,1.0,6,actuator,1,1,0.9988567317975837,0.6874554993745224
80810161,1.0,6,world,1,1,0.963366156135418,0.6874554993745224
80810161,1.0,6,visual,1,1,0.9986305954431824,0.6874554993745224
80810161,1.0,12,actuator,1,1,0.9999998943443277,0.705292816294047
80810161,1.0,12,world,1,1,0.9999966320071421,0.705292816294047
80810161,1.0,12,visual,1,1,0.9998874502629437,0.705292816294047
80810162,0.18,4,actuator,1,1,1.0,0.029979150011984312
80810162,0.18,4,world,1,1,1.0,0.02997915001198432
80810162,0.18,4,visual,1,1,1.0,0.029979150011984316
80810162,0.18,6,actuator,1,1,1.0,0.030714828376475056
80810162,0.18,6,world,1,1,1.0,0.030714828376475056
80810162,0.18,6,visual,1,1,1.0,0.030714828376475056
80810162,0.18,12,actuator,1,1,1.0,0.02663319497530084
80810162,0.18,12,world,1,1,1.0,0.026633194975300842
80810162,0.18,12,visual,1,1,1.0,0.02663319497530084
80810162,0.5,4,actuator,1,1,0.9999999864118156,0.2313206019443234
80810162,0.5,4,world,1,1,0.9999999756853303,0.2313206019443234
80810162,0.5,4,visual,1,1,0.9991455032390203,0.2313206019443234
80810162,0.5,6,actuator,1,1,0.9999995490449067,0.23699713253452978
80810162,0.5,6,world,1,1,0.9999999999333604,0.23699713253452978
80810162,0.5,6,visual,1,1,0.9999999981957826,0.23699713253452978
80810162,0.5,12,actuator,1,1,1.0,0.20550304764892627
80810162,0.5,12,world,1,1,1.0,0.20550304764892624
80810162,0.5,12,visual,1,1,0.9999999999999996,0.20550304764892627
80810162,1.0,4,actuator,1,1,0.9555905236510865,0.9252824077772936
80810162,1.0,4,world,1,1,0.9853620663164087,0.9252824077772936
80810162,1.0,4,visual,0,0,0.5128040243268204,0.8701356789006413
80810162,1.0,6,actuator,0,0,0.5567292480915161,0.8901632705758967
80810162,1.0,6,world,1,1,0.9967061393335012,0.9479885301381191
80810162,1.0,6,visual,1,1,0.9801497102588151,0.9479885301381191
80810162,1.0,12,actuator,1,1,0.9999969230807998,0.8220121905957051
80810162,1.0,12,world,1,1,0.9999930281232611,0.8220121905957051
80810162,1.0,12,visual,1,1,0.9964894551704663,0.8220121905957051
80810163,0.18,4,actuator,1,1,1.0,0.020102578499430056
80810163,0.18,4,world,1,1,1.0,0.020102578499430056
80810163,0.18,4,visual,1,1,1.0,0.020102578499430056
80810163,0.18,6,actuator,1,1,1.0,0.030247623263732027
80810163,0.18,6,world,1,1,1.0,0.030247623263732034
80810163,0.18,6,visual,1,1,1.0,0.030247623263732027
80810163,0.18,12,actuator,1,1,1.0,0.032265186305023154
80810163,0.18,12,world,1,1,1.0,0.03226518630502316
80810163,0.18,12,visual,1,1,1.0,0.032265186305023154
80810163,0.5,4,actuator,1,1,0.9999998885229113,0.1551124884215282
80810163,0.5,4,world,1,1,0.9999993166882009,0.1551124884215282
80810163,0.5,4,visual,1,1,0.9999998287419443,0.1551124884215282
80810163,0.5,6,actuator,1,1,1.0,0.2333921548127471
80810163,0.5,6,world,1,1,0.9999999999780531,0.2333921548127471
80810163,0.5,6,visual,1,1,0.9999999995761346,0.2333921548127471
80810163,0.5,12,actuator,1,1,1.0,0.24895977087209223
80810163,0.5,12,world,1,1,1.0,0.24895977087209223
80810163,0.5,12,visual,1,1,1.0,0.24895977087209223
80810163,1.0,4,actuator,1,1,0.9697592665610462,0.6204499536861128
80810163,1.0,4,world,1,1,0.948321310821971,0.6204499536861128
80810163,1.0,4,visual,1,1,0.9452416763128693,0.6204499536861128
80810163,1.0,6,actuator,1,1,0.9999959926686616,0.9335686192509884
80810163,1.0,6,world,1,1,0.9980881030289545,0.9335686192509884
80810163,1.0,6,visual,1,1,0.9875504132391546,0.9335686192509884
80810163,1.0,12,actuator,1,1,0.9999999999802585,0.9958390834883691
80810163,1.0,12,world,1,1,0.9996628903956609,0.9958390834883691
80810163,1.0,12,visual,1,1,0.9999725853328436,0.9958390834883691
80810164,0.18,4,actuator,1,1,1.0,0.029521851454216184
80810164,0.18,4,world,1,1,1.0,0.029521851454216184
80810164,0.18,4,visual,1,1,1.0,0.02952185145421618
80810164,0.18,6,actuator,1,1,1.0,0.026352564586332273
80810164,0.18,6,world,1,1,1.0,0.026352564586332273
80810164,0.18,6,visual,1,1,1.0,0.026352564586332273
80810164,0.18,12,actuator,1,1,1.0,0.0313300606861217
80810164,0.18,12,world,1,1,1.0,0.031330060686121694
80810164,0.18,12,visual,1,1,1.0,0.0313300606861217
80810164,0.5,4,actuator,1,1,0.9999999099794478,0.22779206368993976
80810164,0.5,4,world,1,1,0.9999464107868702,0.22779206368993976
80810164,0.5,4,visual,1,1,0.9999957189106541,0.22779206368993976
80810164,0.5,6,actuator,1,1,0.9999999999991587,0.20333768970935395
80810164,0.5,6,world,1,1,0.9999999941106708,0.20333768970935398
80810164,0.5,6,visual,1,1,0.9999991227837927,0.20333768970935395
80810164,0.5,12,actuator,1,1,1.0,0.24174429541760567
80810164,0.5,12,world,1,1,1.0,0.24174429541760567
80810164,0.5,12,visual,1,1,0.99999999999999,0.24174429541760567
80810164,1.0,4,actuator,1,1,0.9662617570326761,0.911168254759759
80810164,1.0,4,world,0,0,0.62958349471663,0.911168254759759
80810164,1.0,4,visual,1,1,0.8666982534194699,0.911168254759759
80810164,1.0,6,actuator,1,1,0.98799589272066,0.8133507588374158
80810164,1.0,6,world,1,1,0.903997481320318,0.8133507588374158
80810164,1.0,6,visual,1,1,0.88115267361101,0.7203455948689063
80810164,1.0,12,actuator,1,1,0.9999997417839638,0.9669771816704227
80810164,1.0,12,world,1,1,0.9999961981865081,0.9669771816704227
80810164,1.0,12,visual,1,1,0.9776033651672812,0.9669771816704227
80810165,0.18,4,actuator,1,1,1.0,0.024183157821286078
80810165,0.18,4,world,1,1,1.0,0.024183157821286085
80810165,0.18,4,visual,1,1,1.0,0.02418315782128608
80810165,0.18,6,actuator,1,1,1.0,0.019481985066951594
80810165,0.18,6,world,1,1,1.0,0.0194819850669516
80810165,0.18,6,visual,1,1,1.0,0.019481985066951597
80810165,0.18,12,actuator,1,1,1.0,0.02734479893584441
80810165,0.18,12,world,1,1,1.0,0.027344798935844405
80810165,0.18,12,visual,1,1,1.0,0.027344798935844405
80810165,0.5,4,actuator,1,1,0.999445608139858,0.1865984399790593
80810165,0.5,4,world,1,1,0.9977123784434342,0.18659843997905934
80810165,0.5,4,visual,1,1,0.9999999707571421,0.18659843997905934
80810165,0.5,6,actuator,1,1,0.9999999999978422,0.15032395884993516
80810165,0.5,6,world,1,1,0.9999999581797148,0.15032395884993519
80810165,0.5,6,visual,1,1,0.9999999989858743,0.15032395884993519
80810165,0.5,12,actuator,1,1,1.0,0.2109938189494167
80810165,0.5,12,world,1,1,1.0,0.2109938189494167
80810165,0.5,12,visual,1,1,1.0,0.21099381894941674
80810165,1.0,4,actuator,0,0,0.578137032454124,0.6066181752239926
80810165,1.0,4,world,0,0,0.7183761941640778,0.6262657855841292
80810165,1.0,4,visual,1,1,0.9895982700659364,0.7463937599162374
80810165,1.0,6,actuator,1,1,0.9915910096689698,0.6012958353997407
80810165,1.0,6,world,1,1,0.9229199450367149,0.6012958353997407
80810165,1.0,6,visual,1,1,0.9842419232899355,0.6012958353997407
80810165,1.0,12,actuator,1,1,0.9999995938787822,0.8439752757976668
80810165,1.0,12,world,1,1,0.9999996186052957,0.843975275797667
80810165,1.0,12,visual,1,1,0.9986087975324872,0.843975275797667
80810166,0.18,4,actuator,1,1,1.0,0.02293615712620347
80810166,0.18,4,world,1,1,1.0,0.02293615712620347
80810166,0.18,4,visual,1,1,1.0,0.02293615712620347
80810166,0.18,6,actuator,1,1,1.0,0.044504681496653986
80810166,0.18,6,world,1,1,1.0,0.044504681496653986
80810166,0.18,6,visual,1,1,1.0,0.044504681496653986
80810166,0.18,12,actuator,1,1,1.0,0.0335843488231608
80810166,0.18,12,world,1,1,1.0,0.0335843488231608
80810166,0.18,12,visual,1,1,1.0,0.03358434882316081
80810166,0.5,4,actuator,1,1,0.999999999634613,0.17697652103552064
80810166,0.5,4,world,1,1,0.9999153030439324,0.17697652103552064
80810166,0.5,4,visual,1,1,0.9999999661926429,0.17697652103552064
80810166,0.5,6,actuator,1,1,0.9999999999999751,0.3434003201902314
80810166,0.5,6,world,1,1,0.9999999999999307,0.34340032019023137
80810166,0.5,6,visual,1,1,0.9999999029837773,0.3434003201902314
80810166,0.5,12,actuator,1,1,1.0,0.25913849400587047
80810166,0.5,12,world,1,1,1.0,0.25913849400587047
80810166,0.5,12,visual,1,1,1.0,0.25913849400587047
80810166,1.0,4,actuator,1,1,0.9976248305837994,0.7079060841420827
80810166,1.0,4,world,0,0,0.5542721836764872,0.7079060841420827
80810166,1.0,4,visual,1,1,0.9764438383684699,0.7079060841420827
80810166,1.0,6,actuator,1,1,0.9967144771801328,1.3736012807609257
80810166,1.0,6,world,1,1,0.9998935864907562,1.3736012807609255
80810166,1.0,6,visual,1,1,0.8873255911657493,1.3736012807609257
80810166,1.0,12,actuator,1,1,0.9999999999125038,1.0365539760234819
80810166,1.0,12,world,1,1,0.9999999541758345,1.0365539760234819
80810166,1.0,12,visual,1,1,0.9991767056467639,1.0365539760234819
80810167,0.18,4,actuator,1,1,1.0,0.0065609027948185066
80810167,0.18,4,world,1,1,1.0,0.006560902794818508
80810167,0.18,4,visual,1,1,1.0,0.006560902794818508
80810167,0.18,6,actuator,1,1,1.0,0.016212427850685305
80810167,0.18,6,world,1,1,1.0,0.016212427850685312
80810167,0.18,6,visual,1,1,1.0,0.016212427850685312
80810167,0.18,12,actuator,1,1,1.0,0.0238127895729722
80810167,0.18,12,world,1,1,1.0,0.0238127895729722
80810167,0.18,12,visual,1,1,1.0,0.023812789572972202
80810167,0.5,4,actuator,1,1,0.9999999836262947,0.05062424996001935
80810167,0.5,4,world,1,1,0.9999993202591428,0.05062424996001935
80810167,0.5,4,visual,1,1,0.999999903993044,0.05062424996001935
80810167,0.5,6,actuator,1,1,0.9999999999994991,0.12509589390960885
80810167,0.5,6,world,1,1,0.9999999999982094,0.12509589390960885
80810167,0.5,6,visual,1,1,0.9999999989252055,0.12509589390960885
80810167,0.5,12,actuator,1,1,1.0,0.18374066028527933
80810167,0.5,12,world,1,1,1.0,0.18374066028527933
80810167,0.5,12,visual,1,1,1.0,0.18374066028527936
80810167,1.0,4,actuator,1,1,0.9682842175659455,0.2024969998400774
80810167,1.0,4,world,1,1,0.9562277625385485,0.2024969998400774
80810167,1.0,4,visual,1,1,0.9816107670303909,0.2024969998400774
80810167,1.0,6,actuator,1,1,0.9969002237281115,0.5003835756384354
80810167,1.0,6,world,1,1,0.9994602583198221,0.5003835756384354
80810167,1.0,6,visual,1,1,0.9866002388418915,0.5003835756384354
80810167,1.0,12,actuator,1,1,0.9999997725073779,0.7349626411411173
80810167,1.0,12,world,1,1,0.9998979292336683,0.7349626411411173
80810167,1.0,12,visual,1,1,0.9999988575294679,0.7349626411411174
80810168,0.18,4,actuator,1,1,1.0,0.02558357148837359
80810168,0.18,4,world,1,1,1.0,0.02558357148837359
80810168,0.18,4,visual,1,1,1.0,0.02558357148837359
80810168,0.18,6,actuator,1,1,1.0,0.026518823030627237
80810168,0.18,6,world,1,1,1.0,0.02651882303062723
80810168,0.18,6,visual,1,1,1.0,0.026518823030627237
80810168,0.18,12,actuator,1,1,1.0,0.029528099379024144
80810168,0.18,12,world,1,1,1.0,0.029528099379024144
80810168,0.18,12,visual,1,1,1.0,0.029528099379024147
80810168,0.5,4,actuator,1,1,0.9999999999905049,0.19740410099053704
80810168,0.5,4,world,1,1,0.9999987198254333,0.197404100990537
80810168,0.5,4,visual,1,1,0.9999822024123111,0.19740410099053704
80810168,0.5,6,actuator,1,1,1.0,0.2046205480758275
80810168,0.5,6,world,1,1,0.9999999999997826,0.2046205480758275
80810168,0.5,6,visual,1,1,0.9999999359630395,0.2046205480758275
80810168,0.5,12,actuator,1,1,1.0,0.22784027298629742
80810168,0.5,12,world,1,1,1.0,0.22784027298629742
80810168,0.5,12,visual,1,1,1.0,0.22784027298629742
80810168,1.0,4,actuator,1,1,0.999820168382302,0.789616403962148
80810168,1.0,4,world,0,0,0.684864477686118,0.789616403962148
80810168,1.0,4,visual,0,0,0.5794390143989129,0.7371588002539387
80810168,1.0,6,actuator,1,1,0.9999705010413352,0.81848219230331
80810168,1.0,6,world,1,1,0.9998113544881625,0.81848219230331
80810168,1.0,6,visual,1,1,0.9068886899727688,0.81848219230331
80810168,1.0,12,actuator,1,1,0.999999980409883,0.9113610919451897
80810168,1.0,12,world,1,1,0.9999856695878321,0.9113610919451897
80810168,1.0,12,visual,1,1,0.999997338321509,0.9113610919451897
80810169,0.18,4,actuator,1,1,1.0,0.042168983078013256
80810169,0.18,4,world,1,1,1.0,0.04216898307801325
80810169,0.18,4,visual,1,1,1.0,0.04216898307801325
80810169,0.18,6,actuator,1,1,1.0,0.04353284475282584
80810169,0.18,6,world,1,1,1.0,0.04353284475282584
80810169,0.18,6,visual,1,1,1.0,0.043532844752825824
80810169,0.18,12,actuator,1,1,1.0,0.033419949514982845
80810169,0.18,12,world,1,1,1.0,0.033419949514982845
80810169,0.18,12,visual,1,1,1.0,0.033419949514982845
80810169,0.5,4,actuator,1,1,0.9999999986884038,0.32537795584886775
80810169,0.5,4,world,1,1,0.9999999996478275,0.32537795584886775
80810169,0.5,4,visual,1,1,0.9997355330561272,0.32537795584886775
80810169,0.5,6,actuator,1,1,1.0,0.3359015798829154
80810169,0.5,6,world,1,1,1.0,0.3359015798829154
80810169,0.5,6,visual,1,1,0.9999295768181252,0.3359015798829154
80810169,0.5,12,actuator,1,1,1.0,0.25786998082548496
80810169,0.5,12,world,1,1,1.0,0.25786998082548496
80810169,0.5,12,visual,1,1,1.0,0.25786998082548496
80810169,1.0,4,actuator,1,1,0.9967118627753399,1.301511823395471
80810169,1.0,4,world,1,1,0.9956183598632526,1.301511823395471
80810169,1.0,4,visual,0,0,0.48226987685492206,1.301511823395471
80810169,1.0,6,actuator,1,1,0.9999967694558368,1.3436063195316617
80810169,1.0,6,world,1,1,0.9999981441536987,1.3436063195316617
80810169,1.0,6,visual,0,0,0.770757637334228,1.2419779619406797
80810169,1.0,12,actuator,1,1,0.9999999723907168,1.0314799233019398
80810169,1.0,12,world,1,1,0.9999071058167396,1.0314799233019398
80810169,1.0,12,visual,1,1,0.9999995705312409,1.0314799233019398
80810170,0.18,4,actuator,1,1,1.0,0.03230416573267701
80810170,0.18,4,world,1,1,1.0,0.03230416573267701
80810170,0.18,4,visual,1,1,1.0,0.03230416573267701
80810170,0.18,6,actuator,1,1,1.0,0.04122517761629613
80810170,0.18,6,world,1,1,1.0,0.041225177616296134
80810170,0.18,6,visual,1,1,1.0,0.041225177616296134
80810170,0.18,12,actuator,1,1,1.0,0.03350801781834828
80810170,0.18,12,world,1,1,1.0,0.03350801781834828
80810170,0.18,12,visual,1,1,1.0,0.03350801781834828
80810170,0.5,4,actuator,1,1,0.9999999999274194,0.2492605380607794
80810170,0.5,4,world,1,1,0.9999747887783308,0.2492605380607794
80810170,0.5,4,visual,1,1,0.9850253546519256,0.23508320820694534
80810170,0.5,6,actuator,1,1,0.9999999999991915,0.3180955062985813
80810170,0.5,6,world,1,1,0.9999998366995644,0.3180955062985813
80810170,0.5,6,visual,1,1,0.9999992391748289,0.3180955062985813
80810170,0.5,12,actuator,1,1,1.0,0.25854952020330463
80810170,0.5,12,world,1,1,1.0,0.25854952020330463
80810170,0.5,12,visual,1,1,0.9999999999998759,0.25854952020330463
80810170,1.0,4,actuator,1,1,0.9957586171820022,0.9970421522431177
80810170,1.0,4,world,0,0,0.5082121133212678,0.9104813409927076
80810170,1.0,4,visual,0,0,0.47773461005526935,0.7186874925354496
80810170,1.0,6,actuator,1,1,0.995822227831182,1.2723820251943252
80810170,1.0,6,world,0,0,0.6999644649441366,1.2723820251943252
80810170,1.0,6,visual,1,1,0.8637778381553682,1.2038251166616323
80810170,1.0,12,actuator,1,1,0.9999863749603598,1.0341980808132185
80810170,1.0,12,world,1,1,0.9997059022536604,1.0341980808132185
80810170,1.0,12,visual,1,1,0.9456524836018559,1.0341980808132185
80810171,0.18,4,actuator,1,1,1.0,0.035510532841962254
80810171,0.18,4,world,1,1,1.0,0.03551053284196225
80810171,0.18,4,visual,1,1,1.0,0.03551053284196225
80810171,0.18,6,actuator,1,1,1.0,0.03218917900557589
80810171,0.18,6,world,1,1,1.0,0.03218917900557589
80810171,0.18,6,visual,1,1,1.0,0.03218917900557589
80810171,0.18,12,actuator,1,1,1.0,0.03414411603160627
80810171,0.18,12,world,1,1,1.0,0.034144116031606275
80810171,0.18,12,visual,1,1,1.0,0.034144116031606275
80810171,0.5,4,actuator,1,1,0.9999999272910607,0.27400102501514084
80810171,0.5,4,world,1,1,0.9999999993185524,0.27400102501514084
80810171,0.5,4,visual,1,1,0.9984065602414943,0.2740010250151408
80810171,0.5,6,actuator,1,1,0.9999999999998441,0.24837329479611034
80810171,0.5,6,world,1,1,0.9999999999465925,0.24837329479611034
80810171,0.5,6,visual,1,1,0.999999999822422,0.24837329479611028
80810171,0.5,12,actuator,1,1,1.0,0.26345768542906073
80810171,0.5,12,world,1,1,1.0,0.26345768542906073
80810171,0.5,12,visual,1,1,1.0,0.2634576854290608
80810171,1.0,4,actuator,1,1,0.979052668648788,1.0960041000605634
80810171,1.0,4,world,1,1,0.9857789919816287,1.0960041000605634
80810171,1.0,4,visual,0,0,0.6235243339113208,0.8959277070112875
80810171,1.0,6,actuator,1,1,0.9982991679343457,0.9934931791844414
80810171,1.0,6,world,1,1,0.9970527907872497,0.9934931791844414
80810171,1.0,6,visual,1,1,0.9927545394965995,0.9934931791844411
80810171,1.0,12,actuator,1,1,0.9999371724901528,1.0538307417162431
80810171,1.0,12,world,1,1,0.9999997457556249,1.0538307417162431
80810171,1.0,12,visual,1,1,0.9998439320488971,1.0538307417162431
80810172,0.18,4,actuator,1,1,1.0,0.025081428929598887
80810172,0.18,4,world,1,1,1.0,0.025081428929598887
80810172,0.18,4,visual,1,1,1.0,0.02508142892959889
80810172,0.18,6,actuator,1,1,1.0,0.024948791046197686
80810172,0.18,6,world,1,1,1.0,0.024948791046197686
80810172,0.18,6,visual,1,1,1.0,0.024948791046197686
80810172,0.18,12,actuator,1,1,1.0,0.021413980923067635
80810172,0.18,12,world,1,1,1.0,0.021413980923067632
80810172,0.18,12,visual,1,1,1.0,0.021413980923067632
80810172,0.5,4,actuator,1,1,0.9999855620333455,0.19352954420986795
80810172,0.5,4,world,1,1,0.9970255511636115,0.19352954420986793
80810172,0.5,4,visual,1,1,0.9999999964287798,0.19352954420986795
80810172,0.5,6,actuator,1,1,0.9999999999999998,0.1925061037515254
80810172,0.5,6,world,1,1,0.9999999999997395,0.19250610375152535
80810172,0.5,6,visual,1,1,0.9999999941249216,0.19250610375152535
80810172,0.5,12,actuator,1,1,1.0,0.16523133428292933
80810172,0.5,12,world,1,1,1.0,0.1652313342829293
80810172,0.5,12,visual,1,1,0.9999999999999905,0.16523133428292933
80810172,1.0,4,actuator,0,0,0.6164897090228536,0.7741181768394718
80810172,1.0,4,world,0,0,0.746023589648879,0.63753803383464
80810172,1.0,4,visual,1,1,0.9961033894905096,0.7741181768394718
80810172,1.0,6,actuator,1,1,0.999950605718477,0.7700244150061014
80810172,1.0,6,world,1,1,0.999792145106574,0.7700244150061014
80810172,1.0,6,visual,1,1,0.9632481483771798,0.7700244150061014
80810172,1.0,12,actuator,1,1,0.9999999995503157,0.6609253371317173
80810172,1.0,12,world,1,1,0.9999999976263745,0.6609253371317173
80810172,1.0,12,visual,1,1,0.9843428329358173,0.6609253371317173
80810173,0.18,4,actuator,1,1,1.0,0.034460936831924874
80810173,0.18,4,world,1,1,1.0,0.03446093683192486
80810173,0.18,4,visual,1,1,1.0,0.03446093683192487
80810173,0.18,6,actuator,1,1,1.0,0.02802730357565365
80810173,0.18,6,world,1,1,1.0,0.02802730357565365
80810173,0.18,6,visual,1,1,1.0,0.02802730357565365
80810173,0.18,12,actuator,1,1,1.0,0.028790438685873446
80810173,0.18,12,world,1,1,1.0,0.028790438685873446
80810173,0.18,12,visual,1,1,1.0,0.028790438685873446
80810173,0.5,4,actuator,1,1,0.9999999729829098,0.26590229036979063
80810173,0.5,4,world,1,1,0.9999999999996874,0.26590229036979063
80810173,0.5,4,visual,1,1,0.9278318279322041,0.26590229036979063
80810173,0.5,6,actuator,1,1,0.9999999998175726,0.21626005845411767
80810173,0.5,6,world,1,1,0.9999999999998392,0.21626005845411767
80810173,0.5,6,visual,1,1,0.9999999911290948,0.21626005845411767
80810173,0.5,12,actuator,1,1,1.0,0.2221484466502581
80810173,0.5,12,world,1,1,1.0,0.2221484466502581
80810173,0.5,12,visual,1,1,1.0,0.2221484466502581
80810173,1.0,4,actuator,1,1,0.9359599546434055,1.0636091614791625
80810173,1.0,4,world,1,1,0.9998724442095186,1.0636091614791625
80810173,1.0,4,visual,1,0,0.9205982100713916,0.723242029484363
80810173,1.0,6,actuator,1,1,0.919749878288415,0.8650402338164707
80810173,1.0,6,world,1,1,0.9998382515408724,0.8650402338164707
80810173,1.0,6,visual,1,1,0.9630291286722903,0.8650402338164707
80810173,1.0,12,actuator,1,1,0.9619491825008102,0.8885937866010324
80810173,1.0,12,world,1,1,0.9999936778073254,0.8885937866010324
80810173,1.0,12,visual,1,1,0.9999911804670352,0.8885937866010324
80810174,0.18,4,actuator,1,1,1.0,0.04503510048528044
80810174,0.18,4,world,1,1,1.0,0.045035100485280435
80810174,0.18,4,visual,1,1,1.0,0.045035100485280435
80810174,0.18,6,actuator,1,1,1.0,0.04125443441349414
80810174,0.18,6,world,1,1,1.0,0.04125443441349414
80810174,0.18,6,visual,1,1,1.0,0.04125443441349414
80810174,0.18,12,actuator,1,1,1.0,0.035457550804365155
80810174,0.18,12,world,1,1,1.0,0.03545755080436515
80810174,0.18,12,visual,1,1,1.0,0.03545755080436515
80810174,0.5,4,actuator,1,1,0.9999995057694904,0.3474930593000034
80810174,0.5,4,world,1,1,0.9999999947352478,0.3474930593000034
80810174,0.5,4,visual,1,1,0.9999550814630523,0.3474930593000034
80810174,0.5,6,actuator,1,1,0.9999999996170963,0.3183212531905412
80810174,0.5,6,world,1,1,0.9999999999999964,0.3183212531905412
80810174,0.5,6,visual,1,1,0.9999995936515585,0.3183212531905412
80810174,0.5,12,actuator,1,1,1.0,0.27359221299664477
80810174,0.5,12,world,1,1,1.0,0.27359221299664477
80810174,0.5,12,visual,1,1,1.0,0.27359221299664477
80810174,1.0,4,actuator,0,0,0.7411091090523364,1.3899722372000136
80810174,1.0,4,world,1,1,0.9958399604257483,1.3899722372000136
80810174,1.0,4,visual,0,0,0.7264333755701531,1.3899722372000136
80810174,1.0,6,actuator,0,0,0.7808153691192221,1.2732850127621649
80810174,1.0,6,world,1,1,0.9999761018631815,1.2732850127621649
80810174,1.0,6,visual,0,0,0.7952802076508309,1.2732850127621649
80810174,1.0,12,actuator,1,1,0.9999713487505127,1.094368851986579
80810174,1.0,12,world,1,1,0.9996251044961232,1.094368851986579
80810174,1.0,12,visual,1,1,0.99999260948359,1.094368851986579
80810175,0.18,4,actuator,1,1,1.0,0.04291462374193139
80810175,0.18,4,world,1,1,1.0,0.04291462374193139
80810175,0.18,4,visual,1,1,1.0,0.04291462374193139
80810175,0.18,6,actuator,1,1,1.0,0.03718985903724472
80810175,0.18,6,world,1,1,1.0,0.03718985903724472
80810175,0.18,6,visual,1,1,1.0,0.03718985903724472
80810175,0.18,12,actuator,1,1,1.0,0.03968022499695001
80810175,0.18,12,world,1,1,1.0,0.03968022499695001
80810175,0.18,12,visual,1,1,1.0,0.03968022499695001
80810175,0.5,4,actuator,1,1,0.9999999999944054,0.33113135603342125
80810175,0.5,4,world,1,1,0.9999982898458143,0.33113135603342125
80810175,0.5,4,visual,1,1,0.9999821250019343,0.33113135603342125
80810175,0.5,6,actuator,1,1,1.0,0.2869587888676291
80810175,0.5,6,world,1,1,0.9999995421795156,0.2869587888676291
80810175,0.5,6,visual,1,1,0.9999999640175281,0.2869587888676291
80810175,0.5,12,actuator,1,1,1.0,0.3061745755937501
80810175,0.5,12,world,1,1,0.9999999999998668,0.3061745755937501
80810175,0.5,12,visual,1,1,0.9999999999999842,0.3061745755937501
80810175,1.0,4,actuator,1,1,0.9993061966154853,1.324525424133685
80810175,1.0,4,world,0,0,0.7112505311107795,1.324525424133685
80810175,1.0,4,visual,0,0,0.7216202835382045,1.309519363571042
80810175,1.0,6,actuator,1,1,0.999993725897686,1.1478351554705164
80810175,1.0,6,world,0,0,0.6465527093461259,1.106319388931689
80810175,1.0,6,visual,1,1,0.9675515529143192,1.0531734013204253
80810175,1.0,12,actuator,1,1,0.9999970054015394,1.2246983023750004
80810175,1.0,12,world,1,1,0.9771975948997439,1.1645039124178285
80810175,1.0,12,visual,1,1,0.9874443831391881,1.2039404191055867
80810176,0.18,4,actuator,1,1,1.0,0.03527148509728115
80810176,0.18,4,world,1,1,1.0,0.035271485097281154
80810176,0.18,4,visual,1,1,1.0,0.035271485097281154
80810176,0.18,6,actuator,1,1,1.0,0.03418624598558232
80810176,0.18,6,world,1,1,1.0,0.03418624598558232
80810176,0.18,6,visual,1,1,1.0,0.034186245985582335
80810176,0.18,12,actuator,1,1,1.0,0.027213340007649255
80810176,0.18,12,world,1,1,1.0,0.027213340007649255
80810176,0.18,12,visual,1,1,1.0,0.027213340007649255
80810176,0.5,4,actuator,1,1,0.9999997714017842,0.2721565208123546
80810176,0.5,4,world,1,1,0.9999948659975734,0.27215652081235464
80810176,0.5,4,visual,1,1,0.9997903986428727,0.2721565208123546
80810176,0.5,6,actuator,1,1,0.9999999999411002,0.2637827622344316
80810176,0.5,6,world,1,1,0.9999999633412642,0.2637827622344316
80810176,0.5,6,visual,1,1,0.9999999936916253,0.2637827622344316
80810176,0.5,12,actuator,1,1,1.0,0.20997947536766404
80810176,0.5,12,world,1,1,0.9999999999999967,0.20997947536766404
80810176,0.5,12,visual,1,1,0.9999999999999998,0.20997947536766404
80810176,1.0,4,actuator,1,1,0.93418058001067,1.0886260832494183
80810176,1.0,4,world,0,0,0.7827801333537611,1.0886260832494183
80810176,1.0,4,visual,0,0,0.49970552132536217,1.0886260832494183
80810176,1.0,6,actuator,1,1,0.9743004094339038,1.0551310489377264
80810176,1.0,6,world,1,1,0.9261539668783034,1.0551310489377261
80810176,1.0,6,visual,1,1,0.9637857037862287,1.0551310489377264
80810176,1.0,12,actuator,1,1,0.9999999258447279,0.8399179014706561
80810176,1.0,12,world,1,1,0.9906331305314414,0.8399179014706561
80810176,1.0,12,visual,1,1,0.9975254239240667,0.8399179014706561
80810177,0.18,4,actuator,1,1,1.0,0.04406281010545779
80810177,0.18,4,world,1,1,1.0,0.044062810105457796
80810177,0.18,4,visual,1,1,1.0,0.044062810105457796
80810177,0.18,6,actuator,1,1,1.0,0.034059756852004734
80810177,0.18,6,world,1,1,1.0,0.03405975685200474
80810177,0.18,6,visual,1,1,1.0,0.034059756852004734
80810177,0.18,12,actuator,1,1,1.0,0.03197182373836894
80810177,0.18,12,world,1,1,1.0,0.03197182373836894
80810177,0.18,12,visual,1,1,1.0,0.031971823738368946
80810177,0.5,4,actuator,1,1,0.9995545530865096,0.3399908187149522
80810177,0.5,4,world,1,1,0.9999995826627027,0.3399908187149521
80810177,0.5,4,visual,1,1,0.99999345336164,0.3399908187149522
80810177,0.5,6,actuator,1,1,0.9999999999999973,0.2628067658333699
80810177,0.5,6,world,1,1,0.9999999999927758,0.2628067658333699
80810177,0.5,6,visual,1,1,0.999999922907435,0.2628067658333699
80810177,0.5,12,actuator,1,1,1.0,0.24669617082074805
80810177,0.5,12,world,1,1,1.0,0.24669617082074805
80810177,0.5,12,visual,1,1,1.0,0.24669617082074805
80810177,1.0,4,actuator,0,0,0.474525273848438,1.3424635512484806
80810177,1.0,4,world,1,1,0.9634050761049315,1.3599632748598087
80810177,1.0,4,visual,1,1,0.8420571582225572,1.3599632748598087
80810177,1.0,6,actuator,1,1,0.999635990412585,1.0512270633334797
80810177,1.0,6,world,1,1,0.9988856978420374,1.0512270633334797
80810177,1.0,6,visual,1,1,0.8799933739171315,1.0512270633334797
80810177,1.0,12,actuator,1,1,0.9999968876274088,0.9867846832829922
80810177,1.0,12,world,1,1,0.9999998767027379,0.9867846832829922
80810177,1.0,12,visual,1,1,0.9988655436077357,0.9867846832829922
80810178,0.18,4,actuator,1,1,1.0,0.022666618766261824
80810178,0.18,4,world,1,1,1.0,0.022666618766261824
80810178,0.18,4,visual,1,1,1.0,0.022666618766261824
80810178,0.18,6,actuator,1,1,1.0,0.021991305405277398
80810178,0.18,6,world,1,1,1.0,0.021991305405277394
80810178,0.18,6,visual,1,1,1.0,0.0219913054052774
80810178,0.18,12,actuator,1,1,1.0,0.036691460002288206
80810178,0.18,12,world,1,1,1.0,0.0366914600022882
80810178,0.18,12,visual,1,1,1.0,0.036691460002288206
80810178,0.5,4,actuator,1,1,0.9999999998231635,0.1748967497396746
80810178,0.5,4,world,1,1,0.9999999709647787,0.17489674973967456
80810178,0.5,4,visual,1,1,0.9999836344077452,0.17489674973967456
80810178,0.5,6,actuator,1,1,1.0,0.16968599849751084
80810178,0.5,6,world,1,1,0.9999999999999996,0.1696859984975108
80810178,0.5,6,visual,1,1,0.9999965220797068,0.1696859984975108
80810178,0.5,12,actuator,1,1,1.0,0.28311311730160654
80810178,0.5,12,world,1,1,1.0,0.28311311730160654
80810178,0.5,12,visual,1,1,1.0,0.2831131173016065
80810178,1.0,4,actuator,1,1,0.9980048873947557,0.6995869989586984
80810178,1.0,4,world,1,1,0.9714761970757263,0.6995869989586984
80810178,1.0,4,visual,1,1,0.8233715932085005,0.6570552524567138
80810178,1.0,6,actuator,1,1,0.9999780599783159,0.6787439939900434
80810178,1.0,6,world,1,1,0.9999810966604523,0.6787439939900431
80810178,1.0,6,visual,0,0,0.7295646043225877,0.6126008130392605
80810178,1.0,12,actuator,1,1,0.9999999998746945,1.132452469206426
80810178,1.0,12,world,1,1,0.9999999699352198,1.132452469206426
80810178,1.0,12,visual,1,1,0.9987453579866173,1.132452469206426
80810179,0.18,4,actuator,1,1,1.0,0.03018142468153445
80810179,0.18,4,world,1,1,1.0,0.03018142468153445
80810179,0.18,4,visual,1,1,1.0,0.03018142468153445
80810179,0.18,6,actuator,1,1,1.0,0.025924396438864444
80810179,0.18,6,world,1,1,1.0,0.025924396438864444
80810179,0.18,6,visual,1,1,1.0,0.025924396438864444
80810179,0.18,12,actuator,1,1,1.0,0.04194555250733236
80810179,0.18,12,world,1,1,1.0,0.04194555250733235
80810179,0.18,12,visual,1,1,1.0,0.04194555250733236
80810179,0.5,4,actuator,1,1,0.9999996588979987,0.2328813632834449
80810179,0.5,4,world,1,1,0.999999989542257,0.2328813632834449
80810179,0.5,4,visual,1,1,0.9999760223559853,0.2328813632834449
80810179,0.5,6,actuator,1,1,0.9999999999996549,0.20003392313938617
80810179,0.5,6,world,1,1,0.9999999999999989,0.20003392313938617
80810179,0.5,6,visual,1,1,0.9999984182596836,0.20003392313938617
80810179,0.5,12,actuator,1,1,1.0,0.32365395453188545
80810179,0.5,12,world,1,1,1.0,0.3236539545318855
80810179,0.5,12,visual,1,1,1.0,0.32365395453188545
80810179,1.0,4,actuator,1,1,0.9682411267524765,0.9315254531337795
80810179,1.0,4,world,1,1,0.9883510340962298,0.9315254531337795
80810179,1.0,4,visual,0,0,0.775710762060404,0.9315254531337795
80810179,1.0,6,actuator,1,1,0.9869636197952858,0.8001356925575447
80810179,1.0,6,world,1,1,0.9999870659604881,0.8001356925575447
80810179,1.0,6,visual,0,0,0.6633497364419044,0.8001356925575447
80810179,1.0,12,actuator,1,1,0.9999957677684941,1.2946158181275418
80810179,1.0,12,world,1,1,0.9999972932796564,1.2946158181275418
80810179,1.0,12,visual,1,1,0.9999860514891108,1.2946158181275418
80810180,0.18,4,actuator,1,1,1.0,0.03087488682834395
80810180,0.18,4,world,1,1,1.0,0.030874886828343953
80810180,0.18,4,visual,1,1,1.0,0.030874886828343943
80810180,0.18,6,actuator,1,1,1.0,0.030184239047195697
80810180,0.18,6,world,1,1,1.0,0.03018423904719569
80810180,0.18,6,visual,1,1,1.0,0.030184239047195683
80810180,0.18,12,actuator,1,1,1.0,0.03398715482404737
80810180,0.18,12,world,1,1,1.0,0.03398715482404736
80810180,0.18,12,visual,1,1,1.0,0.03398715482404736
80810180,0.5,4,actuator,1,1,0.9999993454414898,0.23823215145327126
80810180,0.5,4,world,1,1,0.9999999988461326,0.23823215145327126
80810180,0.5,4,visual,1,1,0.9962963510137801,0.23823215145327126
80810180,0.5,6,actuator,1,1,0.9999999999999951,0.23290307906786803
80810180,0.5,6,world,1,1,0.9999999999978413,0.23290307906786803
80810180,0.5,6,visual,1,1,0.9999998719071554,0.23290307906786803
80810180,0.5,12,actuator,1,1,1.0,0.2622465650003655
80810180,0.5,12,world,1,1,1.0,0.26224656500036553
80810180,0.5,12,visual,1,1,1.0,0.2622465650003655
80810180,1.0,4,actuator,0,0,0.5153104308626021,0.952928605813085
80810180,1.0,4,world,1,1,0.9976365719723678,0.952928605813085
80810180,1.0,4,visual,0,0,0.72419224877765,0.8026001147511488
80810180,1.0,6,actuator,1,1,0.9950054150140095,0.9316123162714721
80810180,1.0,6,world,1,1,0.9994076006480482,0.9316123162714721
80810180,1.0,6,visual,1,1,0.8738090748331451,0.9316123162714721
80810180,1.0,12,actuator,1,1,0.998745030069204,1.048986260001462
80810180,1.0,12,world,1,1,0.99992452041938,1.048986260001462
80810180,1.0,12,visual,1,1,0.9999980753743534,1.048986260001462
80810181,0.18,4,actuator,1,1,1.0,0.037913573247094615
80810181,0.18,4,world,1,1,1.0,0.037913573247094615
80810181,0.18,4,visual,1,1,1.0,0.037913573247094615
80810181,0.18,6,actuator,1,1,1.0,0.047195364720667786
80810181,0.18,6,world,1,1,1.0,0.04719536472066779
80810181,0.18,6,visual,1,1,1.0,0.04719536472066779
80810181,0.18,12,actuator,1,1,1.0,0.04057862492748888
80810181,0.18,12,world,1,1,1.0,0.04057862492748888
80810181,0.18,12,visual,1,1,1.0,0.040578624927488885
80810181,0.5,4,actuator,1,1,0.9999999932812502,0.2925430034498041
80810181,0.5,4,world,1,1,0.9999991950145605,0.2925430034498041
80810181,0.5,4,visual,1,1,0.999945636346773,0.2925430034498041
80810181,0.5,6,actuator,1,1,0.9999999994500104,0.36416176481996754
80810181,0.5,6,world,1,1,0.9999999937746322,0.36416176481996754
80810181,0.5,6,visual,1,1,0.999999999105502,0.36416176481996754
80810181,0.5,12,actuator,1,1,1.0,0.3131066738232167
80810181,0.5,12,world,1,1,1.0,0.3131066738232167
80810181,0.5,12,visual,1,1,1.0,0.3131066738232167
80810181,1.0,4,actuator,1,1,0.9659082855296609,1.1701720137992164
80810181,1.0,4,world,1,1,0.9518312004018139,1.1614929666973208
80810181,1.0,4,visual,0,0,0.6945177936161252,1.1701720137992164
80810181,1.0,6,actuator,1,1,0.9233267746804359,1.4566470592798701
80810181,1.0,6,world,1,1,0.9688927360204459,1.4566470592798701
80810181,1.0,6,visual,1,1,0.9817980789769922,1.4566470592798701
80810181,1.0,12,actuator,1,1,0.9999891760323606,1.2524266952928669
80810181,1.0,12,world,1,1,0.9999814717758037,1.2524266952928669
80810181,1.0,12,visual,1,1,0.9990644890813151,1.2524266952928669
80810182,0.18,4,actuator,1,1,1.0,0.028817005174203922
80810182,0.18,4,world,1,1,1.0,0.028817005174203922
80810182,0.18,4,visual,1,1,1.0,0.02881700517420393
80810182,0.18,6,actuator,1,1,1.0,0.03145123937190731
80810182,0.18,6,world,1,1,1.0,0.031451239371907316
80810182,0.18,6,visual,1,1,1.0,0.031451239371907316
80810182,0.18,12,actuator,1,1,1.0,0.03701051517407563
80810182,0.18,12,world,1,1,1.0,0.03701051517407564
80810182,0.18,12,visual,1,1,1.0,0.03701051517407563
80810182,0.5,4,actuator,1,1,0.999999946282256,0.22235343498614143
80810182,0.5,4,world,1,1,0.9999999739691408,0.22235343498614143
80810182,0.5,4,visual,1,1,0.9999966456870781,0.22235343498614143
80810182,0.5,6,actuator,1,1,1.0,0.24267931614126018
80810182,0.5,6,world,1,1,0.9999999998832148,0.24267931614126023
80810182,0.5,6,visual,1,1,0.9999999992247313,0.24267931614126023
80810182,0.5,12,actuator,1,1,1.0,0.2855749627629293
80810182,0.5,12,world,1,1,1.0,0.2855749627629293
80810182,0.5,12,visual,1,1,1.0,0.2855749627629293
80810182,1.0,4,actuator,1,1,0.9868952687879199,0.8894137399445657
80810182,1.0,4,world,1,1,0.9822777795658826,0.8894137399445657
80810182,1.0,4,visual,1,1,0.8930213824479035,0.8894137399445657
80810182,1.0,6,actuator,1,1,0.9999967895998035,0.9707172645650409
80810182,1.0,6,world,1,1,0.9956396210115834,0.9707172645650409
80810182,1.0,6,visual,1,1,0.9882707036158407,0.9707172645650409
80810182,1.0,12,actuator,1,1,0.9999999728554202,1.1422998510517173
80810182,1.0,12,world,1,1,0.9999987832325864,1.1422998510517173
80810182,1.0,12,visual,1,1,0.9995189342177028,1.1422998510517173
80810183,0.18,4,actuator,1,1,1.0,0.01889950904851157
80810183,0.18,4,world,1,1,1.0,0.018899509048511575
80810183,0.18,4,visual,1,1,1.0,0.018899509048511575
80810183,0.18,6,actuator,1,1,1.0,0.017250201384702617
80810183,0.18,6,world,1,1,1.0,0.017250201384702613
80810183,0.18,6,visual,1,1,1.0,0.01725020138470261
80810183,0.18,12,actuator,1,1,1.0,0.028242316141463646
80810183,0.18,12,world,1,1,1.0,0.02824231614146364
80810183,0.18,12,visual,1,1,1.0,0.02824231614146364
80810183,0.5,4,actuator,1,1,0.9999987005503171,0.14582954512740415
80810183,0.5,4,world,1,1,0.9999999998019791,0.1458295451274041
80810183,0.5,4,visual,1,1,0.9999360328768306,0.14582954512740412
80810183,0.5,6,actuator,1,1,0.9999998917347621,0.13310340574616217
80810183,0.5,6,world,1,1,0.9999999999950766,0.13310340574616217
80810183,0.5,6,visual,1,1,0.9999999997105311,0.13310340574616214
80810183,0.5,12,actuator,1,1,1.0,0.2179191060298121
80810183,0.5,12,world,1,1,1.0,0.2179191060298121
80810183,0.5,12,visual,1,1,1.0,0.21791910602981204
80810183,1.0,4,actuator,1,1,0.9360207941318658,0.5833181805096165
80810183,1.0,4,world,1,1,0.9991384184828862,0.5833181805096165
80810183,1.0,4,visual,0,0,0.694734694421456,0.5833181805096165
80810183,1.0,6,actuator,0,0,0.4202219731996431,0.45515292411799163
80810183,1.0,6,world,1,1,0.9991056444958484,0.5324136229846487
80810183,1.0,6,visual,1,1,0.993181859982574,0.5324136229846486
80810183,1.0,12,actuator,1,1,0.9999999665319741,0.8716764241192484
80810183,1.0,12,world,1,1,0.9999998036125107,0.8716764241192482
80810183,1.0,12,visual,1,1,0.9998078071316429,0.8716764241192482
80810184,0.18,4,actuator,1,1,1.0,0.03743240015742498
80810184,0.18,4,world,1,1,1.0,0.03743240015742499
80810184,0.18,4,visual,1,1,1.0,0.03743240015742499
80810184,0.18,6,actuator,1,1,1.0,0.027941050242822674
80810184,0.18,6,world,1,1,1.0,0.027941050242822663
80810184,0.18,6,visual,1,1,1.0,0.027941050242822663
80810184,0.18,12,actuator,1,1,1.0,0.03653815403553227
80810184,0.18,12,world,1,1,1.0,0.03653815403553226
80810184,0.18,12,visual,1,1,1.0,0.03653815403553226
80810184,0.5,4,actuator,1,1,0.9529140440674999,0.28883024812827923
80810184,0.5,4,world,1,1,0.9999999194251823,0.28883024812827923
80810184,0.5,4,visual,1,1,0.9995347919301363,0.28883024812827923
80810184,0.5,6,actuator,1,1,0.9999999999994398,0.21559452347856997
80810184,0.5,6,world,1,1,0.9999999999914402,0.21559452347856997
80810184,0.5,6,visual,1,1,0.9999972155624013,0.21559452347856997
80810184,0.5,12,actuator,1,1,1.0,0.28193020089145265
80810184,0.5,12,world,1,1,1.0,0.28193020089145265
80810184,0.5,12,visual,1,1,0.9999999999999609,0.28193020089145265
80810184,1.0,4,actuator,1,0,0.8382233908330868,0.8433949925995144
80810184,1.0,4,world,1,1,0.9609918967727794,1.155320992513117
80810184,1.0,4,visual,0,0,0.6872676588493312,1.03584876169101
80810184,1.0,6,actuator,1,1,0.9359276932532246,0.8623780939142799
80810184,1.0,6,world,1,1,0.9871970315631772,0.8623780939142799
80810184,1.0,6,visual,1,1,0.9421872004470165,0.6626555423073949
80810184,1.0,12,actuator,0,0,0.49077459418748476,1.1277208035658106
80810184,1.0,12,world,1,1,0.9999705661047611,1.1277208035658106
80810184,1.0,12,visual,1,1,0.9688220492194459,1.1277208035658106
80810185,0.18,4,actuator,1,1,1.0,0.03171241337391882
80810185,0.18,4,world,1,1,1.0,0.03171241337391882
80810185,0.18,4,visual,1,1,1.0,0.03171241337391883
80810185,0.18,6,actuator,1,1,1.0,0.03502951732016535
80810185,0.18,6,world,1,1,1.0,0.03502951732016535
80810185,0.18,6,visual,1,1,1.0,0.03502951732016534
80810185,0.18,12,actuator,1,1,1.0,0.03350340447262925
80810185,0.18,12,world,1,1,1.0,0.03350340447262925
80810185,0.18,12,visual,1,1,1.0,0.03350340447262925
80810185,0.5,4,actuator,1,1,0.9999843627442325,0.24469454763826254
80810185,0.5,4,world,1,1,0.8502918204916602,0.24469454763826254
80810185,0.5,4,visual,1,1,0.9999993571002991,0.2446945476382626
80810185,0.5,6,actuator,1,1,1.0,0.27028948549510295
80810185,0.5,6,world,1,1,0.999999992532051,0.27028948549510295
80810185,0.5,6,visual,1,1,0.9999974814621472,0.270289485495103
80810185,0.5,12,actuator,1,1,1.0,0.258513923399917
80810185,0.5,12,world,1,1,1.0,0.258513923399917
80810185,0.5,12,visual,1,1,0.9999999997580424,0.258513923399917
80810185,1.0,4,actuator,0,0,0.5327772794371974,0.9787781905530503
80810185,1.0,4,world,0,0,0.5060823493820947,0.5873341156790319
80810185,1.0,4,visual,1,1,0.9456159220727821,0.9787781905530503
80810185,1.0,6,actuator,1,1,0.9997768249097436,1.0811579419804118
80810185,1.0,6,world,1,1,0.9895744586509257,0.9062998061274631
80810185,1.0,6,visual,0,0,0.709473184514216,1.019038621125087
80810185,1.0,12,actuator,1,1,0.9999999990747959,1.034055693599668
80810185,1.0,12,world,1,1,0.9999998788299682,1.034055693599668
80810185,1.0,12,visual,0,0,0.7623650845494606,0.9466266256731939
80810186,0.18,4,actuator,1,1,1.0,0.03935905303005512
80810186,0.18,4,world,1,1,1.0,0.039359053030055116
80810186,0.18,4,visual,1,1,1.0,0.03935905303005512
80810186,0.18,6,actuator,1,1,1.0,0.03499774030758494
80810186,0.18,6,world,1,1,1.0,0.03499774030758495
80810186,0.18,6,visual,1,1,1.0,0.03499774030758495
80810186,0.18,12,actuator,1,1,1.0,0.035029956880424595
80810186,0.18,12,world,1,1,1.0,0.035029956880424595
80810186,0.18,12,visual,1,1,1.0,0.035029956880424595
80810186,0.5,4,actuator,1,1,0.9994495817369248,0.30369639683684513
80810186,0.5,4,world,1,1,0.9999999987833865,0.30369639683684513
80810186,0.5,4,visual,1,1,0.9990250238659267,0.30369639683684513
80810186,0.5,6,actuator,1,1,0.9999999998945175,0.27004429249679746
80810186,0.5,6,world,1,1,0.9999998448995212,0.27004429249679746
80810186,0.5,6,visual,1,1,0.9999999987951378,0.27004429249679746
80810186,0.5,12,actuator,1,1,1.0,0.27029287716377004
80810186,0.5,12,world,1,1,0.9999999999999962,0.27029287716377004
80810186,0.5,12,visual,1,1,1.0,0.27029287716377004
80810186,1.0,4,actuator,0,0,0.5248154736388623,1.1838840555992647
80810186,1.0,4,world,1,1,0.993232014447852,1.2147855873473805
80810186,1.0,4,visual,0,0,0.655770037326368,1.0636974592367983
80810186,1.0,6,actuator,1,1,0.9087225257108255,1.0801771699871898
80810186,1.0,6,world,1,1,0.8516641685475053,1.0801771699871898
80810186,1.0,6,visual,1,1,0.9870059492973488,1.0725704186832128
80810186,1.0,12,actuator,1,1,0.9999765128505604,1.0811715086550802
80810186,1.0,12,world,1,1,0.9901257747237787,1.0811715086550802
80810186,1.0,12,visual,1,1,0.9999329023751533,1.0811715086550802
80810187,0.18,4,actuator,1,1,1.0,0.03933736769247151
80810187,0.18,4,world,1,1,1.0,0.03933736769247151
80810187,0.18,4,visual,1,1,1.0,0.03933736769247151
80810187,0.18,6,actuator,1,1,1.0,0.03474056866464934
80810187,0.18,6,world,1,1,1.0,0.03474056866464934
80810187,0.18,6,visual,1,1,1.0,0.03474056866464934
80810187,0.18,12,actuator,1,1,1.0,0.029130970376986243
80810187,0.18,12,world,1,1,1.0,0.029130970376986243
80810187,0.18,12,visual,1,1,1.0,0.029130970376986243
80810187,0.5,4,actuator,1,1,0.9995095713979042,0.30352907170116905
80810187,0.5,4,world,1,1,0.9999995462015104,0.30352907170116916
80810187,0.5,4,visual,1,1,0.9999996997494704,0.30352907170116916
80810187,0.5,6,actuator,1,1,1.0,0.26805994340007216
80810187,0.5,6,world,1,1,0.9999999999685354,0.26805994340007216
80810187,0.5,6,visual,1,1,0.9999999908607285,0.2680599434000721
80810187,0.5,12,actuator,1,1,1.0,0.2247760059952643
80810187,0.5,12,world,1,1,0.9999999999999987,0.2247760059952643
80810187,0.5,12,visual,1,1,1.0,0.2247760059952643
80810187,1.0,4,actuator,0,0,0.5739102120699758,1.0171870018311109
80810187,1.0,4,world,1,1,0.9644990528962593,1.2141162868046766
80810187,1.0,4,visual,1,1,0.9703104731217311,1.2141162868046762
80810187,1.0,6,actuator,1,1,0.9999847338985274,1.0722397736002887
80810187,1.0,6,world,1,1,0.9977412851072323,1.0722397736002887
80810187,1.0,6,visual,1,1,0.9626606007616606,1.0722397736002887
80810187,1.0,12,actuator,1,1,0.9999998065151642,0.8991040239810572
80810187,1.0,12,world,1,1,0.994284429805311,0.8991040239810572
80810187,1.0,12,visual,1,1,0.999993942378817,0.8991040239810572
80810188,0.18,4,actuator,1,1,1.0,0.015364531791896948
80810188,0.18,4,world,1,1,1.0,0.015364531791896948
80810188,0.18,4,visual,1,1,1.0,0.015364531791896948
80810188,0.18,6,actuator,1,1,1.0,0.017957389191267725
80810188,0.18,6,world,1,1,1.0,0.01795738919126773
80810188,0.18,6,visual,1,1,1.0,0.017957389191267725
80810188,0.18,12,actuator,1,1,1.0,0.02536359850741933
80810188,0.18,12,world,1,1,1.0,0.025363598507419333
80810188,0.18,12,visual,1,1,1.0,0.02536359850741933
80810188,0.5,4,actuator,1,1,0.9999999998147961,0.11855348604858756
80810188,0.5,4,world,1,1,0.9999997446144228,0.11855348604858755
80810188,0.5,4,visual,1,1,0.9999999241174324,0.11855348604858756
80810188,0.5,6,actuator,1,1,0.9999999999999245,0.13856010178447317
80810188,0.5,6,world,1,1,0.9999999933379309,0.13856010178447317
80810188,0.5,6,visual,1,1,0.9999999999910885,0.1385601017844732
80810188,0.5,12,actuator,1,1,1.0,0.19570677860663063
80810188,0.5,12,world,1,1,1.0,0.19570677860663066
80810188,0.5,12,visual,1,1,1.0,0.19570677860663066
80810188,1.0,4,actuator,1,1,0.9988454765570092,0.47421394419435026
80810188,1.0,4,world,1,1,0.945921186292957,0.47421394419435026
80810188,1.0,4,visual,1,1,0.9618274576147514,0.47421394419435026
80810188,1.0,6,actuator,1,1,0.99894760585401,0.5542404071378927
80810188,1.0,6,world,1,1,0.9680929575664033,0.5542404071378927
80810188,1.0,6,visual,1,1,0.998300909179761,0.5542404071378927
80810188,1.0,12,actuator,1,1,0.9999999992604645,0.7828271144265225
80810188,1.0,12,world,1,1,0.9999999332377745,0.7828271144265225
80810188,1.0,12,visual,1,1,0.9994048809606856,0.7828271144265225
80810189,0.18,4,actuator,1,1,1.0,0.03422785302992564
80810189,0.18,4,world,1,1,1.0,0.03422785302992565
80810189,0.18,4,visual,1,1,1.0,0.03422785302992565
80810189,0.18,6,actuator,1,1,1.0,0.026158076193377424
80810189,0.18,6,world,1,1,1.0,0.026158076193377417
80810189,0.18,6,visual,1,1,1.0,0.026158076193377417
80810189,0.18,12,actuator,1,1,1.0,0.022518280325228703
80810189,0.18,12,world,1,1,1.0,0.022518280325228693
80810189,0.18,12,visual,1,1,1.0,0.022518280325228696
80810189,0.5,4,actuator,1,1,0.9999998467960299,0.2641038042432534
80810189,0.5,4,world,1,1,0.9999999710519567,0.2641038042432534
80810189,0.5,4,visual,1,1,0.9999791915041838,0.2641038042432534
80810189,0.5,6,actuator,1,1,0.999999990363765,0.20183700766494928
80810189,0.5,6,world,1,1,0.9999999995753321,0.20183700766494928
80810189,0.5,6,visual,1,1,0.9999999994690996,0.2018370076649493
80810189,0.5,12,actuator,1,1,1.0,0.17375216300330787
80810189,0.5,12,world,1,1,1.0,0.17375216300330787
80810189,0.5,12,visual,1,1,1.0,0.1737521630033079
80810189,1.0,4,actuator,1,1,0.9656000032714094,1.0564152169730137
80810189,1.0,4,world,1,1,0.9842379163358298,1.0564152169730137
80810189,1.0,4,visual,0,0,0.7421358645415709,1.0564152169730137
80810189,1.0,6,actuator,0,0,0.7487593946234994,0.8073480306597971
80810189,1.0,6,world,1,1,0.9916795368592819,0.8073480306597971
80810189,1.0,6,visual,1,1,0.9871741837138123,0.8073480306597971
80810189,1.0,12,actuator,1,1,0.9999713856604665,0.6950086520132315
80810189,1.0,12,world,1,1,0.9999994633735494,0.6950086520132315
80810189,1.0,12,visual,1,1,0.9993287158239545,0.6950086520132315
80810190,0.18,4,actuator,1,1,1.0,0.01083814831423683
80810190,0.18,4,world,1,1,1.0,0.01083814831423683
80810190,0.18,4,visual,1,1,1.0,0.010838148314236828
80810190,0.18,6,actuator,1,1,1.0,0.020008242386156713
80810190,0.18,6,world,1,1,1.0,0.020008242386156717
80810190,0.18,6,visual,1,1,1.0,0.020008242386156717
80810190,0.18,12,actuator,1,1,1.0,0.018517709249129873
80810190,0.18,12,world,1,1,1.0,0.018517709249129873
80810190,0.18,12,visual,1,1,1.0,0.018517709249129873
80810190,0.5,4,actuator,1,1,0.9999999959443167,0.08362768760985206
80810190,0.5,4,world,1,1,0.9999989982329619,0.08362768760985206
80810190,0.5,4,visual,1,1,0.9999943831915221,0.08362768760985206
80810190,0.5,6,actuator,1,1,1.0,0.1543845863129377
80810190,0.5,6,world,1,1,0.999999999996442,0.15438458631293764
80810190,0.5,6,visual,1,1,0.9999999800015538,0.15438458631293764
80810190,0.5,12,actuator,1,1,1.0,0.14288355902106384
80810190,0.5,12,world,1,1,0.9999999999999996,0.1428835590210638
80810190,0.5,12,visual,1,1,1.0,0.1428835590210638
80810190,1.0,4,actuator,1,1,0.9953918433250141,0.33451075043940826
80810190,1.0,4,world,1,1,0.8077752245935698,0.33451075043940826
80810190,1.0,4,visual,0,0,0.7987724848362433,0.33451075043940826
80810190,1.0,6,actuator,1,1,0.9999924404096723,0.6175383452517506
80810190,1.0,6,world,1,1,0.9992082007867302,0.6175383452517506
80810190,1.0,6,visual,1,1,0.9288862471384068,0.6175383452517506
80810190,1.0,12,actuator,1,1,0.9999999877152447,0.5715342360842554
80810190,1.0,12,world,1,1,0.9968724314165981,0.5715342360842554
80810190,1.0,12,visual,1,1,0.9999789748868623,0.5715342360842554
80810191,0.18,4,actuator,1,1,1.0,0.045086295189215135
80810191,0.18,4,world,1,1,1.0,0.045086295189215135
80810191,0.18,4,visual,1,1,1.0,0.045086295189215135
80810191,0.18,6,actuator,1,1,1.0,0.03725052769717867
80810191,0.18,6,world,1,1,1.0,0.03725052769717867
80810191,0.18,6,visual,1,1,1.0,0.037250527697178674
80810191,0.18,12,actuator,1,1,1.0,0.03317940095134495
80810191,0.18,12,world,1,1,1.0,0.03317940095134495
80810191,0.18,12,visual,1,1,1.0,0.03317940095134495
80810191,0.5,4,actuator,1,1,0.9999513123238783,0.347888080163697
80810191,0.5,4,world,1,1,0.9983362002847875,0.347888080163697
80810191,0.5,4,visual,1,1,0.9999999932229178,0.347888080163697
80810191,0.5,6,actuator,1,1,1.0,0.28742691124366254
80810191,0.5,6,world,1,1,0.9999999977736969,0.28742691124366254
80810191,0.5,6,visual,1,1,0.9999999996517921,0.28742691124366254
80810191,0.5,12,actuator,1,1,1.0,0.25601389622951354
80810191,0.5,12,world,1,1,1.0,0.25601389622951354
80810191,0.5,12,visual,1,1,1.0,0.25601389622951354
80810191,1.0,4,actuator,0,0,0.7167335127709633,1.2621919450945462
80810191,1.0,4,world,0,0,0.6882882725945677,1.2913639532910195
80810191,1.0,4,visual,1,1,0.9948546137081025,1.391552320654788
80810191,1.0,6,actuator,1,1,0.99999730770657,1.1497076449746502
80810191,1.0,6,world,1,1,0.9812964429468801,1.1497076449746502
80810191,1.0,6,visual,1,1,0.992136604598061,1.1497076449746502
80810191,1.0,12,actuator,1,1,0.9999999967283555,1.0240555849180542
80810191,1.0,12,world,1,1,0.9999968409215443,1.0240555849180542
80810191,1.0,12,visual,1,1,0.9998881146123942,1.0240555849180542
