seed,truth,active_probe,second_sensor,estimate,argmax,confidence,correct,resolved,argmax_correct,posterior_true
80800000,actuator,0,0,undetermined,actuator,0.3333333333333333,0,0,1,0.3333333333333333
80800000,world,0,0,undetermined,actuator,0.3333333333333333,0,0,0,0.3333333333333333
80800000,visual,0,0,undetermined,actuator,0.3333333333333333,0,0,0,0.3333333333333333
80800000,actuator,0,1,undetermined,actuator,0.5,0,0,1,0.5
80800000,world,0,1,undetermined,actuator,0.5,0,0,0,0.5
80800000,visual,0,1,visual,visual,1.0,1,1,1,1.0
80800000,actuator,1,0,actuator,actuator,1.0,1,1,1,1.0
80800000,world,1,0,undetermined,world,0.5,0,0,1,0.5
80800000,visual,1,0,undetermined,world,0.5,0,0,0,0.5
80800000,actuator,1,1,actuator,actuator,1.0,1,1,1,1.0
80800000,world,1,1,world,world,1.0,1,1,1,1.0
80800000,visual,1,1,visual,visual,1.0,1,1,1,1.0
80800001,actuator,0,0,undetermined,actuator,0.3333333333333333,0,0,1,0.3333333333333333
80800001,world,0,0,undetermined,actuator,0.3333333333333333,0,0,0,0.3333333333333333
80800001,visual,0,0,undetermined,actuator,0.3333333333333333,0,0,0,0.3333333333333333
80800001,actuator,0,1,undetermined,actuator,0.5,0,0,1,0.5
80800001,world,0,1,undetermined,actuator,0.5,0,0,0,0.5
80800001,visual,0,1,visual,visual,1.0,1,1,1,1.0
80800001,actuator,1,0,actuator,actuator,1.0,1,1,1,1.0
80800001,world,1,0,undetermined,world,0.5,0,0,1,0.5
80800001,visual,1,0,undetermined,world,0.5,0,0,0,0.5
80800001,actuator,1,1,actuator,actuator,1.0,1,1,1,1.0
80800001,world,1,1,world,world,1.0,1,1,1,1.0
80800001,visual,1,1,visual,visual,1.0,1,1,1,1.0
80800002,actuator,0,0,undetermined,actuator,0.3333333333333333,0,0,1,0.3333333333333333
80800002,world,0,0,undetermined,actuator,0.3333333333333333,0,0,0,0.3333333333333333
80800002,visual,0,0,undetermined,actuator,0.3333333333333333,0,0,0,0.3333333333333333
80800002,actuator,0,1,undetermined,actuator,0.5,0,0,1,0.5
80800002,world,0,1,undetermined,actuator,0.5,0,0,0,0.5
80800002,visual,0,1,visual,visual,1.0,1,1,1,1.0
80800002,actuator,1,0,actuator,actuator,1.0,1,1,1,1.0
80800002,world,1,0,undetermined,world,0.5,0,0,1,0.5
80800002,visual,1,0,undetermined,world,0.5,0,0,0,0.5
80800002,actuator,1,1,actuator,actuator,1.0,1,1,1,1.0
80800002,world,1,1,world,world,1.0,1,1,1,1.0
80800002,visual,1,1,visual,visual,1.0,1,1,1,1.0
80800003,actuator,0,0,undetermined,actuator,0.3333333333333333,0,0,1,0.3333333333333333
80800003,world,0,0,undetermined,actuator,0.3333333333333333,0,0,0,0.3333333333333333
80800003,visual,0,0,undetermined,actuator,0.3333333333333333,0,0,0,0.3333333333333333
80800003,actuator,0,1,undetermined,actuator,0.5,0,0,1,0.5
80800003,world,0,1,undetermined,actuator,0.5,0,0,0,0.5
80800003,visual,0,1,visual,visual,1.0,1,1,1,1.0
80800003,actuator,1,0,actuator,actuator,1.0,1,1,1,1.0
80800003,world,1,0,undetermined,world,0.5,0,0,1,0.5
80800003,visual,1,0,undetermined,world,0.5,0,0,0,0.5
80800003,actuator,1,1,actuator,actuator,1.0,1,1,1,1.0
80800003,world,1,1,world,world,1.0,1,1,1,1.0
80800003,visual,1,1,visual,visual,1.0,1,1,1,1.0
80800004,actuator,0,0,undetermined,actuator,0.3333333333333333,0,0,1,0.3333333333333333
80800004,world,0,0,undetermined,actuator,0.3333333333333333,0,0,0,0.3333333333333333
80800004,visual,0,0,undetermined,actuator,0.3333333333333333,0,0,0,0.3333333333333333
80800004,actuator,0,1,undetermined,actuator,0.5,0,0,1,0.5
80800004,world,0,1,undetermined,actuator,0.5,0,0,0,0.5
80800004,visual,0,1,visual,visual,1.0,1,1,1,1.0
80800004,actuator,1,0,actuator,actuator,1.0,1,1,1,1.0
80800004,world,1,0,undetermined,world,0.5,0,0,1,0.5
80800004,visual,1,0,undetermined,world,0.5,0,0,0,0.5
80800004,actuator,1,1,actuator,actuator,1.0,1,1,1,1.0
80800004,world,1,1,world,world,1.0,1,1,1,1.0
80800004,visual,1,1,visual,visual,1.0,1,1,1,1.0
80800005,actuator,0,0,undetermined,actuator,0.3333333333333333,0,0,1,0.3333333333333333
80800005,world,0,0,undetermined,actuator,0.3333333333333333,0,0,0,0.3333333333333333
80800005,visual,0,0,undetermined,actuator,0.3333333333333333,0,0,0,0.3333333333333333
80800005,actuator,0,1,undetermined,actuator,0.5,0,0,1,0.5
80800005,world,0,1,undetermined,actuator,0.5,0,0,0,0.5
80800005,visual,0,1,visual,visual,1.0,1,1,1,1.0
80800005,actuator,1,0,actuator,actuator,1.0,1,1,1,1.0
80800005,world,1,0,undetermined,world,0.5,0,0,1,0.5
80800005,visual,1,0,undetermined,world,0.5,0,0,0,0.5
80800005,actuator,1,1,actuator,actuator,1.0,1,1,1,1.0
80800005,world,1,1,world,world,1.0,1,1,1,1.0
80800005,visual,1,1,visual,visual,1.0,1,1,1,1.0
80800006,actuator,0,0,undetermined,actuator,0.3333333333333333,0,0,1,0.3333333333333333
80800006,world,0,0,undetermined,actuator,0.3333333333333333,0,0,0,0.3333333333333333
80800006,visual,0,0,undetermined,actuator,0.3333333333333333,0,0,0,0.3333333333333333
80800006,actuator,0,1,undetermined,actuator,0.5,0,0,1,0.5
80800006,world,0,1,undetermined,actuator,0.5,0,0,0,0.5
80800006,visual,0,1,visual,visual,1.0,1,1,1,1.0
80800006,actuator,1,0,actuator,actuator,1.0,1,1,1,1.0
80800006,world,1,0,undetermined,world,0.5,0,0,1,0.5
80800006,visual,1,0,undetermined,world,0.5,0,0,0,0.5
80800006,actuator,1,1,actuator,actuator,1.0,1,1,1,1.0
80800006,world,1,1,world,world,1.0,1,1,1,1.0
80800006,visual,1,1,visual,visual,1.0,1,1,1,1.0
80800007,actuator,0,0,undetermined,actuator,0.3333333333333333,0,0,1,0.3333333333333333
80800007,world,0,0,undetermined,actuator,0.3333333333333333,0,0,0,0.3333333333333333
80800007,visual,0,0,undetermined,actuator,0.3333333333333333,0,0,0,0.3333333333333333
80800007,actuator,0,1,undetermined,actuator,0.5,0,0,1,0.5
80800007,world,0,1,undetermined,actuator,0.5,0,0,0,0.5
80800007,visual,0,1,visual,visual,1.0,1,1,1,1.0
80800007,actuator,1,0,actuator,actuator,1.0,1,1,1,1.0
80800007,world,1,0,undetermined,world,0.5,0,0,1,0.5
80800007,visual,1,0,undetermined,world,0.5,0,0,0,0.5
80800007,actuator,1,1,actuator,actuator,1.0,1,1,1,1.0
80800007,world,1,1,world,world,1.0,1,1,1,1.0
80800007,visual,1,1,visual,visual,1.0,1,1,1,1.0
80800008,actuator,0,0,undetermined,actuator,0.3333333333333333,0,0,1,0.3333333333333333
80800008,world,0,0,undetermined,actuator,0.3333333333333333,0,0,0,0.3333333333333333
80800008,visual,0,0,undetermined,actuator,0.3333333333333333,0,0,0,0.3333333333333333
80800008,actuator,0,1,undetermined,actuator,0.5,0,0,1,0.5
80800008,world,0,1,undetermined,actuator,0.5,0,0,0,0.5
80800008,visual,0,1,visual,visual,1.0,1,1,1,1.0
80800008,actuator,1,0,actuator,actuator,1.0,1,1,1,1.0
80800008,world,1,0,undetermined,world,0.5,0,0,1,0.5
80800008,visual,1,0,undetermined,world,0.5,0,0,0,0.5
80800008,actuator,1,1,actuator,actuator,1.0,1,1,1,1.0
80800008,world,1,1,world,world,1.0,1,1,1,1.0
80800008,visual,1,1,visual,visual,1.0,1,1,1,1.0
80800009,actuator,0,0,undetermined,actuator,0.3333333333333333,0,0,1,0.3333333333333333
80800009,world,0,0,undetermined,actuator,0.3333333333333333,0,0,0,0.3333333333333333
80800009,visual,0,0,undetermined,actuator,0.3333333333333333,0,0,0,0.3333333333333333
80800009,actuator,0,1,undetermined,actuator,0.5,0,0,1,0.5
80800009,world,0,1,undetermined,actuator,0.5,0,0,0,0.5
80800009,visual,0,1,visual,visual,1.0,1,1,1,1.0
80800009,actuator,1,0,actuator,actuator,1.0,1,1,1,1.0
80800009,world,1,0,undetermined,world,0.5,0,0,1,0.5
80800009,visual,1,0,undetermined,world,0.5,0,0,0,0.5
80800009,actuator,1,1,actuator,actuator,1.0,1,1,1,1.0
80800009,world,1,1,world,world,1.0,1,1,1,1.0
80800009,visual,1,1,visual,visual,1.0,1,1,1,1.0
80800010,actuator,0,0,undetermined,actuator,0.3333333333333333,0,0,1,0.3333333333333333
80800010,world,0,0,undetermined,actuator,0.3333333333333333,0,0,0,0.3333333333333333
80800010,visual,0,0,undetermined,actuator,0.3333333333333333,0,0,0,0.3333333333333333
80800010,actuator,0,1,undetermined,actuator,0.5,0,0,1,0.5
80800010,world,0,1,undetermined,actuator,0.5,0,0,0,0.5
80800010,visual,0,1,visual,visual,1.0,1,1,1,1.0
80800010,actuator,1,0,actuator,actuator,1.0,1,1,1,1.0
80800010,world,1,0,undetermined,world,0.5,0,0,1,0.5
80800010,visual,1,0,undetermined,world,0.5,0,0,0,0.5
80800010,actuator,1,1,actuator,actuator,1.0,1,1,1,1.0
80800010,world,1,1,world,world,1.0,1,1,1,1.0
80800010,visual,1,1,visual,visual,1.0,1,1,1,1.0
80800011,actuator,0,0,undetermined,actuator,0.3333333333333333,0,0,1,0.3333333333333333
80800011,world,0,0,undetermined,actuator,0.3333333333333333,0,0,0,0.3333333333333333
80800011,visual,0,0,undetermined,actuator,0.3333333333333333,0,0,0,0.3333333333333333
80800011,actuator,0,1,undetermined,actuator,0.5,0,0,1,0.5
80800011,world,0,1,undetermined,actuator,0.5,0,0,0,0.5
80800011,visual,0,1,visual,visual,1.0,1,1,1,1.0
80800011,actuator,1,0,actuator,actuator,1.0,1,1,1,1.0
80800011,world,1,0,undetermined,world,0.5,0,0,1,0.5
80800011,visual,1,0,undetermined,world,0.5,0,0,0,0.5
80800011,actuator,1,1,actuator,actuator,1.0,1,1,1,1.0
80800011,world,1,1,world,world,1.0,1,1,1,1.0
80800011,visual,1,1,visual,visual,1.0,1,1,1,1.0
80800012,actuator,0,0,undetermined,actuator,0.3333333333333333,0,0,1,0.3333333333333333
80800012,world,0,0,undetermined,actuator,0.3333333333333333,0,0,0,0.3333333333333333
80800012,visual,0,0,undetermined,actuator,0.3333333333333333,0,0,0,0.3333333333333333
80800012,actuator,0,1,undetermined,actuator,0.5,0,0,1,0.5
80800012,world,0,1,undetermined,actuator,0.5,0,0,0,0.5
80800012,visual,0,1,visual,visual,1.0,1,1,1,1.0
80800012,actuator,1,0,actuator,actuator,1.0,1,1,1,1.0
80800012,world,1,0,undetermined,world,0.5,0,0,1,0.5
80800012,visual,1,0,undetermined,world,0.5,0,0,0,0.5
80800012,actuator,1,1,actuator,actuator,1.0,1,1,1,1.0
80800012,world,1,1,world,world,1.0,1,1,1,1.0
80800012,visual,1,1,visual,visual,1.0,1,1,1,1.0
80800013,actuator,0,0,undetermined,actuator,0.3333333333333333,0,0,1,0.3333333333333333
80800013,world,0,0,undetermined,actuator,0.3333333333333333,0,0,0,0.3333333333333333
80800013,visual,0,0,undetermined,actuator,0.3333333333333333,0,0,0,0.3333333333333333
80800013,actuator,0,1,undetermined,actuator,0.5,0,0,1,0.5
80800013,world,0,1,undetermined,actuator,0.5,0,0,0,0.5
80800013,visual,0,1,visual,visual,1.0,1,1,1,1.0
80800013,actuator,1,0,actuator,actuator,1.0,1,1,1,1.0
80800013,world,1,0,undetermined,world,0.5,0,0,1,0.5
80800013,visual,1,0,undetermined,world,0.5,0,0,0,0.5
80800013,actuator,1,1,actuator,actuator,1.0,1,1,1,1.0
80800013,world,1,1,world,world,1.0,1,1,1,1.0
80800013,visual,1,1,visual,visual,1.0,1,1,1,1.0
80800014,actuator,0,0,undetermined,actuator,0.3333333333333333,0,0,1,0.3333333333333333
80800014,world,0,0,undetermined,actuator,0.3333333333333333,0,0,0,0.3333333333333333
80800014,visual,0,0,undetermined,actuator,0.3333333333333333,0,0,0,0.3333333333333333
80800014,actuator,0,1,undetermined,actuator,0.5,0,0,1,0.5
80800014,world,0,1,undetermined,actuator,0.5,0,0,0,0.5
80800014,visual,0,1,visual,visual,1.0,1,1,1,1.0
80800014,actuator,1,0,actuator,actuator,1.0,1,1,1,1.0
80800014,world,1,0,undetermined,world,0.5,0,0,1,0.5
80800014,visual,1,0,undetermined,world,0.5,0,0,0,0.5
80800014,actuator,1,1,actuator,actuator,1.0,1,1,1,1.0
80800014,world,1,1,world,world,1.0,1,1,1,1.0
80800014,visual,1,1,visual,visual,1.0,1,1,1,1.0
80800015,actuator,0,0,undetermined,actuator,0.3333333333333333,0,0,1,0.3333333333333333
80800015,world,0,0,undetermined,actuator,0.3333333333333333,0,0,0,0.3333333333333333
80800015,visual,0,0,undetermined,actuator,0.3333333333333333,0,0,0,0.3333333333333333
80800015,actuator,0,1,undetermined,actuator,0.5,0,0,1,0.5
80800015,world,0,1,undetermined,actuator,0.5,0,0,0,0.5
80800015,visual,0,1,visual,visual,1.0,1,1,1,1.0
80800015,actuator,1,0,actuator,actuator,1.0,1,1,1,1.0
80800015,world,1,0,undetermined,world,0.5,0,0,1,0.5
80800015,visual,1,0,undetermined,world,0.5,0,0,0,0.5
80800015,actuator,1,1,actuator,actuator,1.0,1,1,1,1.0
80800015,world,1,1,world,world,1.0,1,1,1,1.0
80800015,visual,1,1,visual,visual,1.0,1,1,1,1.0
80800016,actuator,0,0,undetermined,actuator,0.3333333333333333,0,0,1,0.3333333333333333
80800016,world,0,0,undetermined,actuator,0.3333333333333333,0,0,0,0.3333333333333333
80800016,visual,0,0,undetermined,actuator,0.3333333333333333,0,0,0,0.3333333333333333
80800016,actuator,0,1,undetermined,actuator,0.5,0,0,1,0.5
80800016,world,0,1,undetermined,actuator,0.5,0,0,0,0.5
80800016,visual,0,1,visual,visual,1.0,1,1,1,1.0
80800016,actuator,1,0,actuator,actuator,1.0,1,1,1,1.0
80800016,world,1,0,undetermined,world,0.5,0,0,1,0.5
80800016,visual,1,0,undetermined,world,0.5,0,0,0,0.5
80800016,actuator,1,1,actuator,actuator,1.0,1,1,1,1.0
80800016,world,1,1,world,world,1.0,1,1,1,1.0
80800016,visual,1,1,visual,visual,1.0,1,1,1,1.0
80800017,actuator,0,0,undetermined,actuator,0.3333333333333333,0,0,1,0.3333333333333333
80800017,world,0,0,undetermined,actuator,0.3333333333333333,0,0,0,0.3333333333333333
80800017,visual,0,0,undetermined,actuator,0.3333333333333333,0,0,0,0.3333333333333333
80800017,actuator,0,1,undetermined,actuator,0.5,0,0,1,0.5
80800017,world,0,1,undetermined,actuator,0.5,0,0,0,0.5
80800017,visual,0,1,visual,visual,1.0,1,1,1,1.0
80800017,actuator,1,0,actuator,actuator,1.0,1,1,1,1.0
80800017,world,1,0,undetermined,world,0.5,0,0,1,0.5
80800017,visual,1,0,undetermined,world,0.5,0,0,0,0.5
80800017,actuator,1,1,actuator,actuator,1.0,1,1,1,1.0
80800017,world,1,1,world,world,1.0,1,1,1,1.0
80800017,visual,1,1,visual,visual,1.0,1,1,1,1.0
80800018,actuator,0,0,undetermined,actuator,0.3333333333333333,0,0,1,0.3333333333333333
80800018,world,0,0,undetermined,actuator,0.3333333333333333,0,0,0,0.3333333333333333
80800018,visual,0,0,undetermined,actuator,0.3333333333333333,0,0,0,0.3333333333333333
80800018,actuator,0,1,undetermined,actuator,0.5,0,0,1,0.5
80800018,world,0,1,undetermined,actuator,0.5,0,0,0,0.5
80800018,visual,0,1,visual,visual,1.0,1,1,1,1.0
80800018,actuator,1,0,actuator,actuator,1.0,1,1,1,1.0
80800018,world,1,0,undetermined,world,0.5,0,0,1,0.5
80800018,visual,1,0,undetermined,world,0.5,0,0,0,0.5
80800018,actuator,1,1,actuator,actuator,1.0,1,1,1,1.0
80800018,world,1,1,world,world,1.0,1,1,1,1.0
80800018,visual,1,1,visual,visual,1.0,1,1,1,1.0
80800019,actuator,0,0,undetermined,actuator,0.3333333333333333,0,0,1,0.3333333333333333
80800019,world,0,0,undetermined,actuator,0.3333333333333333,0,0,0,0.3333333333333333
80800019,visual,0,0,undetermined,actuator,0.3333333333333333,0,0,0,0.3333333333333333
80800019,actuator,0,1,undetermined,actuator,0.5,0,0,1,0.5
80800019,world,0,1,undetermined,actuator,0.5,0,0,0,0.5
80800019,visual,0,1,visual,visual,1.0,1,1,1,1.0
80800019,actuator,1,0,actuator,actuator,1.0,1,1,1,1.0
80800019,world,1,0,undetermined,world,0.5,0,0,1,0.5
80800019,visual,1,0,undetermined,world,0.5,0,0,0,0.5
80800019,actuator,1,1,actuator,actuator,1.0,1,1,1,1.0
80800019,world,1,1,world,world,1.0,1,1,1,1.0
80800019,visual,1,1,visual,visual,1.0,1,1,1,1.0
80800020,actuator,0,0,undetermined,actuator,0.3333333333333333,0,0,1,0.3333333333333333
80800020,world,0,0,undetermined,actuator,0.3333333333333333,0,0,0,0.3333333333333333
80800020,visual,0,0,undetermined,actuator,0.3333333333333333,0,0,0,0.3333333333333333
80800020,actuator,0,1,undetermined,actuator,0.5,0,0,1,0.5
80800020,world,0,1,undetermined,actuator,0.5,0,0,0,0.5
80800020,visual,0,1,visual,visual,1.0,1,1,1,1.0
80800020,actuator,1,0,actuator,actuator,1.0,1,1,1,1.0
80800020,world,1,0,undetermined,world,0.5,0,0,1,0.5
80800020,visual,1,0,undetermined,world,0.5,0,0,0,0.5
80800020,actuator,1,1,actuator,actuator,1.0,1,1,1,1.0
80800020,world,1,1,world,world,1.0,1,1,1,1.0
80800020,visual,1,1,visual,visual,1.0,1,1,1,1.0
80800021,actuator,0,0,undetermined,actuator,0.3333333333333333,0,0,1,0.3333333333333333
80800021,world,0,0,undetermined,actuator,0.3333333333333333,0,0,0,0.3333333333333333
80800021,visual,0,0,undetermined,actuator,0.3333333333333333,0,0,0,0.3333333333333333
80800021,actuator,0,1,undetermined,actuator,0.5,0,0,1,0.5
80800021,world,0,1,undetermined,actuator,0.5,0,0,0,0.5
80800021,visual,0,1,visual,visual,1.0,1,1,1,1.0
80800021,actuator,1,0,actuator,actuator,1.0,1,1,1,1.0
80800021,world,1,0,undetermined,world,0.5,0,0,1,0.5
80800021,visual,1,0,undetermined,world,0.5,0,0,0,0.5
80800021,actuator,1,1,actuator,actuator,1.0,1,1,1,1.0
80800021,world,1,1,world,world,1.0,1,1,1,1.0
80800021,visual,1,1,visual,visual,1.0,1,1,1,1.0
80800022,actuator,0,0,undetermined,actuator,0.3333333333333333,0,0,1,0.3333333333333333
80800022,world,0,0,undetermined,actuator,0.3333333333333333,0,0,0,0.3333333333333333
80800022,visual,0,0,undetermined,actuator,0.3333333333333333,0,0,0,0.3333333333333333
80800022,actuator,0,1,undetermined,actuator,0.5,0,0,1,0.5
80800022,world,0,1,undetermined,actuator,0.5,0,0,0,0.5
80800022,visual,0,1,visual,visual,1.0,1,1,1,1.0
80800022,actuator,1,0,actuator,actuator,1.0,1,1,1,1.0
80800022,world,1,0,undetermined,world,0.5,0,0,1,0.5
80800022,visual,1,0,undetermined,world,0.5,0,0,0,0.5
80800022,actuator,1,1,actuator,actuator,1.0,1,1,1,1.0
80800022,world,1,1,world,world,1.0,1,1,1,1.0
80800022,visual,1,1,visual,visual,1.0,1,1,1,1.0
80800023,actuator,0,0,undetermined,actuator,0.3333333333333333,0,0,1,0.3333333333333333
80800023,world,0,0,undetermined,actuator,0.3333333333333333,0,0,0,0.3333333333333333
80800023,visual,0,0,undetermined,actuator,0.3333333333333333,0,0,0,0.3333333333333333
80800023,actuator,0,1,undetermined,actuator,0.5,0,0,1,0.5
80800023,world,0,1,undetermined,actuator,0.5,0,0,0,0.5
80800023,visual,0,1,visual,visual,1.0,1,1,1,1.0
80800023,actuator,1,0,actuator,actuator,1.0,1,1,1,1.0
80800023,world,1,0,undetermined,world,0.5,0,0,1,0.5
80800023,visual,1,0,undetermined,world,0.5,0,0,0,0.5
80800023,actuator,1,1,actuator,actuator,1.0,1,1,1,1.0
80800023,world,1,1,world,world,1.0,1,1,1,1.0
80800023,visual,1,1,visual,visual,1.0,1,1,1,1.0
80800024,actuator,0,0,undetermined,actuator,0.3333333333333333,0,0,1,0.3333333333333333
80800024,world,0,0,undetermined,actuator,0.3333333333333333,0,0,0,0.3333333333333333
80800024,visual,0,0,undetermined,actuator,0.3333333333333333,0,0,0,0.3333333333333333
80800024,actuator,0,1,undetermined,actuator,0.5,0,0,1,0.5
80800024,world,0,1,undetermined,actuator,0.5,0,0,0,0.5
80800024,visual,0,1,visual,visual,1.0,1,1,1,1.0
80800024,actuator,1,0,actuator,actuator,1.0,1,1,1,1.0
80800024,world,1,0,undetermined,world,0.5,0,0,1,0.5
80800024,visual,1,0,undetermined,world,0.5,0,0,0,0.5
80800024,actuator,1,1,actuator,actuator,1.0,1,1,1,1.0
80800024,world,1,1,world,world,1.0,1,1,1,1.0
80800024,visual,1,1,visual,visual,1.0,1,1,1,1.0
80800025,actuator,0,0,undetermined,actuator,0.3333333333333333,0,0,1,0.3333333333333333
80800025,world,0,0,undetermined,actuator,0.3333333333333333,0,0,0,0.3333333333333333
80800025,visual,0,0,undetermined,actuator,0.3333333333333333,0,0,0,0.3333333333333333
80800025,actuator,0,1,undetermined,actuator,0.5,0,0,1,0.5
80800025,world,0,1,undetermined,actuator,0.5,0,0,0,0.5
80800025,visual,0,1,visual,visual,1.0,1,1,1,1.0
80800025,actuator,1,0,actuator,actuator,1.0,1,1,1,1.0
80800025,world,1,0,undetermined,world,0.5,0,0,1,0.5
80800025,visual,1,0,undetermined,world,0.5,0,0,0,0.5
80800025,actuator,1,1,actuator,actuator,1.0,1,1,1,1.0
80800025,world,1,1,world,world,1.0,1,1,1,1.0
80800025,visual,1,1,visual,visual,1.0,1,1,1,1.0
80800026,actuator,0,0,undetermined,actuator,0.3333333333333333,0,0,1,0.3333333333333333
80800026,world,0,0,undetermined,actuator,0.3333333333333333,0,0,0,0.3333333333333333
80800026,visual,0,0,undetermined,actuator,0.3333333333333333,0,0,0,0.3333333333333333
80800026,actuator,0,1,undetermined,actuator,0.5,0,0,1,0.5
80800026,world,0,1,undetermined,actuator,0.5,0,0,0,0.5
80800026,visual,0,1,visual,visual,1.0,1,1,1,1.0
80800026,actuator,1,0,actuator,actuator,1.0,1,1,1,1.0
80800026,world,1,0,undetermined,world,0.5,0,0,1,0.5
80800026,visual,1,0,undetermined,world,0.5,0,0,0,0.5
80800026,actuator,1,1,actuator,actuator,1.0,1,1,1,1.0
80800026,world,1,1,world,world,1.0,1,1,1,1.0
80800026,visual,1,1,visual,visual,1.0,1,1,1,1.0
80800027,actuator,0,0,undetermined,actuator,0.3333333333333333,0,0,1,0.3333333333333333
80800027,world,0,0,undetermined,actuator,0.3333333333333333,0,0,0,0.3333333333333333
80800027,visual,0,0,undetermined,actuator,0.3333333333333333,0,0,0,0.3333333333333333
80800027,actuator,0,1,undetermined,actuator,0.5,0,0,1,0.5
80800027,world,0,1,undetermined,actuator,0.5,0,0,0,0.5
80800027,visual,0,1,visual,visual,1.0,1,1,1,1.0
80800027,actuator,1,0,actuator,actuator,1.0,1,1,1,1.0
80800027,world,1,0,undetermined,world,0.5,0,0,1,0.5
80800027,visual,1,0,undetermined,world,0.5,0,0,0,0.5
80800027,actuator,1,1,actuator,actuator,1.0,1,1,1,1.0
80800027,world,1,1,world,world,1.0,1,1,1,1.0
80800027,visual,1,1,visual,visual,1.0,1,1,1,1.0
80800028,actuator,0,0,undetermined,actuator,0.3333333333333333,0,0,1,0.3333333333333333
80800028,world,0,0,undetermined,actuator,0.3333333333333333,0,0,0,0.3333333333333333
80800028,visual,0,0,undetermined,actuator,0.3333333333333333,0,0,0,0.3333333333333333
80800028,actuator,0,1,undetermined,actuator,0.5,0,0,1,0.5
80800028,world,0,1,undetermined,actuator,0.5,0,0,0,0.5
80800028,visual,0,1,visual,visual,1.0,1,1,1,1.0
80800028,actuator,1,0,actuator,actuator,1.0,1,1,1,1.0
80800028,world,1,0,undetermined,world,0.5,0,0,1,0.5
80800028,visual,1,0,undetermined,world,0.5,0,0,0,0.5
80800028,actuator,1,1,actuator,actuator,1.0,1,1,1,1.0
80800028,world,1,1,world,world,1.0,1,1,1,1.0
80800028,visual,1,1,visual,visual,1.0,1,1,1,1.0
80800029,actuator,0,0,undetermined,actuator,0.3333333333333333,0,0,1,0.3333333333333333
80800029,world,0,0,undetermined,actuator,0.3333333333333333,0,0,0,0.3333333333333333
80800029,visual,0,0,undetermined,actuator,0.3333333333333333,0,0,0,0.3333333333333333
80800029,actuator,0,1,undetermined,actuator,0.5,0,0,1,0.5
80800029,world,0,1,undetermined,actuator,0.5,0,0,0,0.5
80800029,visual,0,1,visual,visual,1.0,1,1,1,1.0
80800029,actuator,1,0,actuator,actuator,1.0,1,1,1,1.0
80800029,world,1,0,undetermined,world,0.5,0,0,1,0.5
80800029,visual,1,0,undetermined,world,0.5,0,0,0,0.5
80800029,actuator,1,1,actuator,actuator,1.0,1,1,1,1.0
80800029,world,1,1,world,world,1.0,1,1,1,1.0
80800029,visual,1,1,visual,visual,1.0,1,1,1,1.0
80800030,actuator,0,0,undetermined,actuator,0.3333333333333333,0,0,1,0.3333333333333333
80800030,world,0,0,undetermined,actuator,0.3333333333333333,0,0,0,0.3333333333333333
80800030,visual,0,0,undetermined,actuator,0.3333333333333333,0,0,0,0.3333333333333333
80800030,actuator,0,1,undetermined,actuator,0.5,0,0,1,0.5
80800030,world,0,1,undetermined,actuator,0.5,0,0,0,0.5
80800030,visual,0,1,visual,visual,1.0,1,1,1,1.0
80800030,actuator,1,0,actuator,actuator,1.0,1,1,1,1.0
80800030,world,1,0,undetermined,world,0.5,0,0,1,0.5
80800030,visual,1,0,undetermined,world,0.5,0,0,0,0.5
80800030,actuator,1,1,actuator,actuator,1.0,1,1,1,1.0
80800030,world,1,1,world,world,1.0,1,1,1,1.0
80800030,visual,1,1,visual,visual,1.0,1,1,1,1.0
80800031,actuator,0,0,undetermined,actuator,0.3333333333333333,0,0,1,0.3333333333333333
80800031,world,0,0,undetermined,actuator,0.3333333333333333,0,0,0,0.3333333333333333
80800031,visual,0,0,undetermined,actuator,0.3333333333333333,0,0,0,0.3333333333333333
80800031,actuator,0,1,undetermined,actuator,0.5,0,0,1,0.5
80800031,world,0,1,undetermined,actuator,0.5,0,0,0,0.5
80800031,visual,0,1,visual,visual,1.0,1,1,1,1.0
80800031,actuator,1,0,actuator,actuator,1.0,1,1,1,1.0
80800031,world,1,0,undetermined,world,0.5,0,0,1,0.5
80800031,visual,1,0,undetermined,world,0.5,0,0,0,0.5
80800031,actuator,1,1,actuator,actuator,1.0,1,1,1,1.0
80800031,world,1,1,world,world,1.0,1,1,1,1.0
80800031,visual,1,1,visual,visual,1.0,1,1,1,1.0
80800032,actuator,0,0,undetermined,actuator,0.3333333333333333,0,0,1,0.3333333333333333
80800032,world,0,0,undetermined,actuator,0.3333333333333333,0,0,0,0.3333333333333333
80800032,visual,0,0,undetermined,actuator,0.3333333333333333,0,0,0,0.3333333333333333
80800032,actuator,0,1,undetermined,actuator,0.5,0,0,1,0.5
80800032,world,0,1,undetermined,actuator,0.5,0,0,0,0.5
80800032,visual,0,1,visual,visual,1.0,1,1,1,1.0
80800032,actuator,1,0,actuator,actuator,1.0,1,1,1,1.0
80800032,world,1,0,undetermined,world,0.5,0,0,1,0.5
80800032,visual,1,0,undetermined,world,0.5,0,0,0,0.5
80800032,actuator,1,1,actuator,actuator,1.0,1,1,1,1.0
80800032,world,1,1,world,world,1.0,1,1,1,1.0
80800032,visual,1,1,visual,visual,1.0,1,1,1,1.0
80800033,actuator,0,0,undetermined,actuator,0.3333333333333333,0,0,1,0.3333333333333333
80800033,world,0,0,undetermined,actuator,0.3333333333333333,0,0,0,0.3333333333333333
80800033,visual,0,0,undetermined,actuator,0.3333333333333333,0,0,0,0.3333333333333333
80800033,actuator,0,1,undetermined,actuator,0.5,0,0,1,0.5
80800033,world,0,1,undetermined,actuator,0.5,0,0,0,0.5
80800033,visual,0,1,visual,visual,1.0,1,1,1,1.0
80800033,actuator,1,0,actuator,actuator,1.0,1,1,1,1.0
80800033,world,1,0,undetermined,world,0.5,0,0,1,0.5
80800033,visual,1,0,undetermined,world,0.5,0,0,0,0.5
80800033,actuator,1,1,actuator,actuator,1.0,1,1,1,1.0
80800033,world,1,1,world,world,1.0,1,1,1,1.0
80800033,visual,1,1,visual,visual,1.0,1,1,1,1.0
80800034,actuator,0,0,undetermined,actuator,0.3333333333333333,0,0,1,0.3333333333333333
80800034,world,0,0,undetermined,actuator,0.3333333333333333,0,0,0,0.3333333333333333
80800034,visual,0,0,undetermined,actuator,0.3333333333333333,0,0,0,0.3333333333333333
80800034,actuator,0,1,undetermined,actuator,0.5,0,0,1,0.5
80800034,world,0,1,undetermined,actuator,0.5,0,0,0,0.5
80800034,visual,0,1,visual,visual,1.0,1,1,1,1.0
80800034,actuator,1,0,actuator,actuator,1.0,1,1,1,1.0
80800034,world,1,0,undetermined,world,0.5,0,0,1,0.5
80800034,visual,1,0,undetermined,world,0.5,0,0,0,0.5
80800034,actuator,1,1,actuator,actuator,1.0,1,1,1,1.0
80800034,world,1,1,world,world,1.0,1,1,1,1.0
80800034,visual,1,1,visual,visual,1.0,1,1,1,1.0
80800035,actuator,0,0,undetermined,actuator,0.3333333333333333,0,0,1,0.3333333333333333
80800035,world,0,0,undetermined,actuator,0.3333333333333333,0,0,0,0.3333333333333333
80800035,visual,0,0,undetermined,actuator,0.3333333333333333,0,0,0,0.3333333333333333
80800035,actuator,0,1,undetermined,actuator,0.5,0,0,1,0.5
80800035,world,0,1,undetermined,actuator,0.5,0,0,0,0.5
80800035,visual,0,1,visual,visual,1.0,1,1,1,1.0
80800035,actuator,1,0,actuator,actuator,1.0,1,1,1,1.0
80800035,world,1,0,undetermined,world,0.5,0,0,1,0.5
80800035,visual,1,0,undetermined,world,0.5,0,0,0,0.5
80800035,actuator,1,1,actuator,actuator,1.0,1,1,1,1.0
80800035,world,1,1,world,world,1.0,1,1,1,1.0
80800035,visual,1,1,visual,visual,1.0,1,1,1,1.0
80800036,actuator,0,0,undetermined,actuator,0.3333333333333333,0,0,1,0.3333333333333333
80800036,world,0,0,undetermined,actuator,0.3333333333333333,0,0,0,0.3333333333333333
80800036,visual,0,0,undetermined,actuator,0.3333333333333333,0,0,0,0.3333333333333333
80800036,actuator,0,1,undetermined,actuator,0.5,0,0,1,0.5
80800036,world,0,1,undetermined,actuator,0.5,0,0,0,0.5
80800036,visual,0,1,visual,visual,1.0,1,1,1,1.0
80800036,actuator,1,0,actuator,actuator,1.0,1,1,1,1.0
80800036,world,1,0,undetermined,world,0.5,0,0,1,0.5
80800036,visual,1,0,undetermined,world,0.5,0,0,0,0.5
80800036,actuator,1,1,actuator,actuator,1.0,1,1,1,1.0
80800036,world,1,1,world,world,1.0,1,1,1,1.0
80800036,visual,1,1,visual,visual,1.0,1,1,1,1.0
80800037,actuator,0,0,undetermined,actuator,0.3333333333333333,0,0,1,0.3333333333333333
80800037,world,0,0,undetermined,actuator,0.3333333333333333,0,0,0,0.3333333333333333
80800037,visual,0,0,undetermined,actuator,0.3333333333333333,0,0,0,0.3333333333333333
80800037,actuator,0,1,undetermined,actuator,0.5,0,0,1,0.5
80800037,world,0,1,undetermined,actuator,0.5,0,0,0,0.5
80800037,visual,0,1,visual,visual,1.0,1,1,1,1.0
80800037,actuator,1,0,actuator,actuator,1.0,1,1,1,1.0
80800037,world,1,0,undetermined,world,0.5,0,0,1,0.5
80800037,visual,1,0,undetermined,world,0.5,0,0,0,0.5
80800037,actuator,1,1,actuator,actuator,1.0,1,1,1,1.0
80800037,world,1,1,world,world,1.0,1,1,1,1.0
80800037,visual,1,1,visual,visual,1.0,1,1,1,1.0
80800038,actuator,0,0,undetermined,actuator,0.3333333333333333,0,0,1,0.3333333333333333
80800038,world,0,0,undetermined,actuator,0.3333333333333333,0,0,0,0.3333333333333333
80800038,visual,0,0,undetermined,actuator,0.3333333333333333,0,0,0,0.3333333333333333
80800038,actuator,0,1,undetermined,actuator,0.5,0,0,1,0.5
80800038,world,0,1,undetermined,actuator,0.5,0,0,0,0.5
80800038,visual,0,1,visual,visual,1.0,1,1,1,1.0
80800038,actuator,1,0,actuator,actuator,1.0,1,1,1,1.0
80800038,world,1,0,undetermined,world,0.5,0,0,1,0.5
80800038,visual,1,0,undetermined,world,0.5,0,0,0,0.5
80800038,actuator,1,1,actuator,actuator,1.0,1,1,1,1.0
80800038,world,1,1,world,world,1.0,1,1,1,1.0
80800038,visual,1,1,visual,visual,1.0,1,1,1,1.0
80800039,actuator,0,0,undetermined,actuator,0.3333333333333333,0,0,1,0.3333333333333333
80800039,world,0,0,undetermined,actuator,0.3333333333333333,0,0,0,0.3333333333333333
80800039,visual,0,0,undetermined,actuator,0.3333333333333333,0,0,0,0.3333333333333333
80800039,actuator,0,1,undetermined,actuator,0.5,0,0,1,0.5
80800039,world,0,1,undetermined,actuator,0.5,0,0,0,0.5
80800039,visual,0,1,visual,visual,1.0,1,1,1,1.0
80800039,actuator,1,0,actuator,actuator,1.0,1,1,1,1.0
80800039,world,1,0,undetermined,world,0.5,0,0,1,0.5
80800039,visual,1,0,undetermined,world,0.5,0,0,0,0.5
80800039,actuator,1,1,actuator,actuator,1.0,1,1,1,1.0
80800039,world,1,1,world,world,1.0,1,1,1,1.0
80800039,visual,1,1,visual,visual,1.0,1,1,1,1.0
80800040,actuator,0,0,undetermined,actuator,0.3333333333333333,0,0,1,0.3333333333333333
80800040,world,0,0,undetermined,actuator,0.3333333333333333,0,0,0,0.3333333333333333
80800040,visual,0,0,undetermined,actuator,0.3333333333333333,0,0,0,0.3333333333333333
80800040,actuator,0,1,undetermined,actuator,0.5,0,0,1,0.5
80800040,world,0,1,undetermined,actuator,0.5,0,0,0,0.5
80800040,visual,0,1,visual,visual,1.0,1,1,1,1.0
80800040,actuator,1,0,actuator,actuator,1.0,1,1,1,1.0
80800040,world,1,0,undetermined,world,0.5,0,0,1,0.5
80800040,visual,1,0,undetermined,world,0.5,0,0,0,0.5
80800040,actuator,1,1,actuator,actuator,1.0,1,1,1,1.0
80800040,world,1,1,world,world,1.0,1,1,1,1.0
80800040,visual,1,1,visual,visual,1.0,1,1,1,1.0
80800041,actuator,0,0,undetermined,actuator,0.3333333333333333,0,0,1,0.3333333333333333
80800041,world,0,0,undetermined,actuator,0.3333333333333333,0,0,0,0.3333333333333333
80800041,visual,0,0,undetermined,actuator,0.3333333333333333,0,0,0,0.3333333333333333
80800041,actuator,0,1,undetermined,actuator,0.5,0,0,1,0.5
80800041,world,0,1,undetermined,actuator,0.5,0,0,0,0.5
80800041,visual,0,1,visual,visual,1.0,1,1,1,1.0
80800041,actuator,1,0,actuator,actuator,1.0,1,1,1,1.0
80800041,world,1,0,undetermined,world,0.5,0,0,1,0.5
80800041,visual,1,0,undetermined,world,0.5,0,0,0,0.5
80800041,actuator,1,1,actuator,actuator,1.0,1,1,1,1.0
80800041,world,1,1,world,world,1.0,1,1,1,1.0
80800041,visual,1,1,visual,visual,1.0,1,1,1,1.0
80800042,actuator,0,0,undetermined,actuator,0.3333333333333333,0,0,1,0.3333333333333333
80800042,world,0,0,undetermined,actuator,0.3333333333333333,0,0,0,0.3333333333333333
80800042,visual,0,0,undetermined,actuator,0.3333333333333333,0,0,0,0.3333333333333333
80800042,actuator,0,1,undetermined,actuator,0.5,0,0,1,0.5
80800042,world,0,1,undetermined,actuator,0.5,0,0,0,0.5
80800042,visual,0,1,visual,visual,1.0,1,1,1,1.0
80800042,actuator,1,0,actuator,actuator,1.0,1,1,1,1.0
80800042,world,1,0,undetermined,world,0.5,0,0,1,0.5
80800042,visual,1,0,undetermined,world,0.5,0,0,0,0.5
80800042,actuator,1,1,actuator,actuator,1.0,1,1,1,1.0
80800042,world,1,1,world,world,1.0,1,1,1,1.0
80800042,visual,1,1,visual,visual,1.0,1,1,1,1.0
80800043,actuator,0,0,undetermined,actuator,0.3333333333333333,0,0,1,0.3333333333333333
80800043,world,0,0,undetermined,actuator,0.3333333333333333,0,0,0,0.3333333333333333
80800043,visual,0,0,undetermined,actuator,0.3333333333333333,0,0,0,0.3333333333333333
80800043,actuator,0,1,undetermined,actuator,0.5,0,0,1,0.5
80800043,world,0,1,undetermined,actuator,0.5,0,0,0,0.5
80800043,visual,0,1,visual,visual,1.0,1,1,1,1.0
80800043,actuator,1,0,actuator,actuator,1.0,1,1,1,1.0
80800043,world,1,0,undetermined,world,0.5,0,0,1,0.5
80800043,visual,1,0,undetermined,world,0.5,0,0,0,0.5
80800043,actuator,1,1,actuator,actuator,1.0,1,1,1,1.0
80800043,world,1,1,world,world,1.0,1,1,1,1.0
80800043,visual,1,1,visual,visual,1.0,1,1,1,1.0
80800044,actuator,0,0,undetermined,actuator,0.3333333333333333,0,0,1,0.3333333333333333
80800044,world,0,0,undetermined,actuator,0.3333333333333333,0,0,0,0.3333333333333333
80800044,visual,0,0,undetermined,actuator,0.3333333333333333,0,0,0,0.3333333333333333
80800044,actuator,0,1,undetermined,actuator,0.5,0,0,1,0.5
80800044,world,0,1,undetermined,actuator,0.5,0,0,0,0.5
80800044,visual,0,1,visual,visual,1.0,1,1,1,1.0
80800044,actuator,1,0,actuator,actuator,1.0,1,1,1,1.0
80800044,world,1,0,undetermined,world,0.5,0,0,1,0.5
80800044,visual,1,0,undetermined,world,0.5,0,0,0,0.5
80800044,actuator,1,1,actuator,actuator,1.0,1,1,1,1.0
80800044,world,1,1,world,world,1.0,1,1,1,1.0
80800044,visual,1,1,visual,visual,1.0,1,1,1,1.0
80800045,actuator,0,0,undetermined,actuator,0.3333333333333333,0,0,1,0.3333333333333333
80800045,world,0,0,undetermined,actuator,0.3333333333333333,0,0,0,0.3333333333333333
80800045,visual,0,0,undetermined,actuator,0.3333333333333333,0,0,0,0.3333333333333333
80800045,actuator,0,1,undetermined,actuator,0.5,0,0,1,0.5
80800045,world,0,1,undetermined,actuator,0.5,0,0,0,0.5
80800045,visual,0,1,visual,visual,1.0,1,1,1,1.0
80800045,actuator,1,0,actuator,actuator,1.0,1,1,1,1.0
80800045,world,1,0,undetermined,world,0.5,0,0,1,0.5
80800045,visual,1,0,undetermined,world,0.5,0,0,0,0.5
80800045,actuator,1,1,actuator,actuator,1.0,1,1,1,1.0
80800045,world,1,1,world,world,1.0,1,1,1,1.0
80800045,visual,1,1,visual,visual,1.0,1,1,1,1.0
80800046,actuator,0,0,undetermined,actuator,0.3333333333333333,0,0,1,0.3333333333333333
80800046,world,0,0,undetermined,actuator,0.3333333333333333,0,0,0,0.3333333333333333
80800046,visual,0,0,undetermined,actuator,0.3333333333333333,0,0,0,0.3333333333333333
80800046,actuator,0,1,undetermined,actuator,0.5,0,0,1,0.5
80800046,world,0,1,undetermined,actuator,0.5,0,0,0,0.5
80800046,visual,0,1,visual,visual,1.0,1,1,1,1.0
80800046,actuator,1,0,actuator,actuator,1.0,1,1,1,1.0
80800046,world,1,0,undetermined,world,0.5,0,0,1,0.5
80800046,visual,1,0,undetermined,world,0.5,0,0,0,0.5
80800046,actuator,1,1,actuator,actuator,1.0,1,1,1,1.0
80800046,world,1,1,world,world,1.0,1,1,1,1.0
80800046,visual,1,1,visual,visual,1.0,1,1,1,1.0
80800047,actuator,0,0,undetermined,actuator,0.3333333333333333,0,0,1,0.3333333333333333
80800047,world,0,0,undetermined,actuator,0.3333333333333333,0,0,0,0.3333333333333333
80800047,visual,0,0,undetermined,actuator,0.3333333333333333,0,0,0,0.3333333333333333
80800047,actuator,0,1,undetermined,actuator,0.5,0,0,1,0.5
80800047,world,0,1,undetermined,actuator,0.5,0,0,0,0.5
80800047,visual,0,1,visual,visual,1.0,1,1,1,1.0
80800047,actuator,1,0,actuator,actuator,1.0,1,1,1,1.0
80800047,world,1,0,undetermined,world,0.5,0,0,1,0.5
80800047,visual,1,0,undetermined,world,0.5,0,0,0,0.5
80800047,actuator,1,1,actuator,actuator,1.0,1,1,1,1.0
80800047,world,1,1,world,world,1.0,1,1,1,1.0
80800047,visual,1,1,visual,visual,1.0,1,1,1,1.0
80800048,actuator,0,0,undetermined,actuator,0.3333333333333333,0,0,1,0.3333333333333333
80800048,world,0,0,undetermined,actuator,0.3333333333333333,0,0,0,0.3333333333333333
80800048,visual,0,0,undetermined,actuator,0.3333333333333333,0,0,0,0.3333333333333333
80800048,actuator,0,1,undetermined,actuator,0.5,0,0,1,0.5
80800048,world,0,1,undetermined,actuator,0.5,0,0,0,0.5
80800048,visual,0,1,visual,visual,1.0,1,1,1,1.0
80800048,actuator,1,0,actuator,actuator,1.0,1,1,1,1.0
80800048,world,1,0,undetermined,world,0.5,0,0,1,0.5
80800048,visual,1,0,undetermined,world,0.5,0,0,0,0.5
80800048,actuator,1,1,actuator,actuator,1.0,1,1,1,1.0
80800048,world,1,1,world,world,1.0,1,1,1,1.0
80800048,visual,1,1,visual,visual,1.0,1,1,1,1.0
80800049,actuator,0,0,undetermined,actuator,0.3333333333333333,0,0,1,0.3333333333333333
80800049,world,0,0,undetermined,actuator,0.3333333333333333,0,0,0,0.3333333333333333
80800049,visual,0,0,undetermined,actuator,0.3333333333333333,0,0,0,0.3333333333333333
80800049,actuator,0,1,undetermined,actuator,0.5,0,0,1,0.5
80800049,world,0,1,undetermined,actuator,0.5,0,0,0,0.5
80800049,visual,0,1,visual,visual,1.0,1,1,1,1.0
80800049,actuator,1,0,actuator,actuator,1.0,1,1,1,1.0
80800049,world,1,0,undetermined,world,0.5,0,0,1,0.5
80800049,visual,1,0,undetermined,world,0.5,0,0,0,0.5
80800049,actuator,1,1,actuator,actuator,1.0,1,1,1,1.0
80800049,world,1,1,world,world,1.0,1,1,1,1.0
80800049,visual,1,1,visual,visual,1.0,1,1,1,1.0
80800050,actuator,0,0,undetermined,actuator,0.3333333333333333,0,0,1,0.3333333333333333
80800050,world,0,0,undetermined,actuator,0.3333333333333333,0,0,0,0.3333333333333333
80800050,visual,0,0,undetermined,actuator,0.3333333333333333,0,0,0,0.3333333333333333
80800050,actuator,0,1,undetermined,actuator,0.5,0,0,1,0.5
80800050,world,0,1,undetermined,actuator,0.5,0,0,0,0.5
80800050,visual,0,1,visual,visual,1.0,1,1,1,1.0
80800050,actuator,1,0,actuator,actuator,1.0,1,1,1,1.0
80800050,world,1,0,undetermined,world,0.5,0,0,1,0.5
80800050,visual,1,0,undetermined,world,0.5,0,0,0,0.5
80800050,actuator,1,1,actuator,actuator,1.0,1,1,1,1.0
80800050,world,1,1,world,world,1.0,1,1,1,1.0
80800050,visual,1,1,visual,visual,1.0,1,1,1,1.0
80800051,actuator,0,0,undetermined,actuator,0.3333333333333333,0,0,1,0.3333333333333333
80800051,world,0,0,undetermined,actuator,0.3333333333333333,0,0,0,0.3333333333333333
80800051,visual,0,0,undetermined,actuator,0.3333333333333333,0,0,0,0.3333333333333333
80800051,actuator,0,1,undetermined,actuator,0.5,0,0,1,0.5
80800051,world,0,1,undetermined,actuator,0.5,0,0,0,0.5
80800051,visual,0,1,visual,visual,1.0,1,1,1,1.0
80800051,actuator,1,0,actuator,actuator,1.0,1,1,1,1.0
80800051,world,1,0,undetermined,world,0.5,0,0,1,0.5
80800051,visual,1,0,undetermined,world,0.5,0,0,0,0.5
80800051,actuator,1,1,actuator,actuator,1.0,1,1,1,1.0
80800051,world,1,1,world,world,1.0,1,1,1,1.0
80800051,visual,1,1,visual,visual,1.0,1,1,1,1.0
80800052,actuator,0,0,undetermined,actuator,0.3333333333333333,0,0,1,0.3333333333333333
80800052,world,0,0,undetermined,actuator,0.3333333333333333,0,0,0,0.3333333333333333
80800052,visual,0,0,undetermined,actuator,0.3333333333333333,0,0,0,0.3333333333333333
80800052,actuator,0,1,undetermined,actuator,0.5,0,0,1,0.5
80800052,world,0,1,undetermined,actuator,0.5,0,0,0,0.5
80800052,visual,0,1,visual,visual,1.0,1,1,1,1.0
80800052,actuator,1,0,actuator,actuator,1.0,1,1,1,1.0
80800052,world,1,0,undetermined,world,0.5,0,0,1,0.5
80800052,visual,1,0,undetermined,world,0.5,0,0,0,0.5
80800052,actuator,1,1,actuator,actuator,1.0,1,1,1,1.0
80800052,world,1,1,world,world,1.0,1,1,1,1.0
80800052,visual,1,1,visual,visual,1.0,1,1,1,1.0
80800053,actuator,0,0,undetermined,actuator,0.3333333333333333,0,0,1,0.3333333333333333
80800053,world,0,0,undetermined,actuator,0.3333333333333333,0,0,0,0.3333333333333333
80800053,visual,0,0,undetermined,actuator,0.3333333333333333,0,0,0,0.3333333333333333
80800053,actuator,0,1,undetermined,actuator,0.5,0,0,1,0.5
80800053,world,0,1,undetermined,actuator,0.5,0,0,0,0.5
80800053,visual,0,1,visual,visual,1.0,1,1,1,1.0
80800053,actuator,1,0,actuator,actuator,1.0,1,1,1,1.0
80800053,world,1,0,undetermined,world,0.5,0,0,1,0.5
80800053,visual,1,0,undetermined,world,0.5,0,0,0,0.5
80800053,actuator,1,1,actuator,actuator,1.0,1,1,1,1.0
80800053,world,1,1,world,world,1.0,1,1,1,1.0
80800053,visual,1,1,visual,visual,1.0,1,1,1,1.0
80800054,actuator,0,0,undetermined,actuator,0.3333333333333333,0,0,1,0.3333333333333333
80800054,world,0,0,undetermined,actuator,0.3333333333333333,0,0,0,0.3333333333333333
80800054,visual,0,0,undetermined,actuator,0.3333333333333333,0,0,0,0.3333333333333333
80800054,actuator,0,1,undetermined,actuator,0.5,0,0,1,0.5
80800054,world,0,1,undetermined,actuator,0.5,0,0,0,0.5
80800054,visual,0,1,visual,visual,1.0,1,1,1,1.0
80800054,actuator,1,0,actuator,actuator,1.0,1,1,1,1.0
80800054,world,1,0,undetermined,world,0.5,0,0,1,0.5
80800054,visual,1,0,undetermined,world,0.5,0,0,0,0.5
80800054,actuator,1,1,actuator,actuator,1.0,1,1,1,1.0
80800054,world,1,1,world,world,1.0,1,1,1,1.0
80800054,visual,1,1,visual,visual,1.0,1,1,1,1.0
80800055,actuator,0,0,undetermined,actuator,0.3333333333333333,0,0,1,0.3333333333333333
80800055,world,0,0,undetermined,actuator,0.3333333333333333,0,0,0,0.3333333333333333
80800055,visual,0,0,undetermined,actuator,0.3333333333333333,0,0,0,0.3333333333333333
80800055,actuator,0,1,undetermined,actuator,0.5,0,0,1,0.5
80800055,world,0,1,undetermined,actuator,0.5,0,0,0,0.5
80800055,visual,0,1,visual,visual,1.0,1,1,1,1.0
80800055,actuator,1,0,actuator,actuator,1.0,1,1,1,1.0
80800055,world,1,0,undetermined,world,0.5,0,0,1,0.5
80800055,visual,1,0,undetermined,world,0.5,0,0,0,0.5
80800055,actuator,1,1,actuator,actuator,1.0,1,1,1,1.0
80800055,world,1,1,world,world,1.0,1,1,1,1.0
80800055,visual,1,1,visual,visual,1.0,1,1,1,1.0
80800056,actuator,0,0,undetermined,actuator,0.3333333333333333,0,0,1,0.3333333333333333
80800056,world,0,0,undetermined,actuator,0.3333333333333333,0,0,0,0.3333333333333333
80800056,visual,0,0,undetermined,actuator,0.3333333333333333,0,0,0,0.3333333333333333
80800056,actuator,0,1,undetermined,actuator,0.5,0,0,1,0.5
80800056,world,0,1,undetermined,actuator,0.5,0,0,0,0.5
80800056,visual,0,1,visual,visual,1.0,1,1,1,1.0
80800056,actuator,1,0,actuator,actuator,1.0,1,1,1,1.0
80800056,world,1,0,undetermined,world,0.5,0,0,1,0.5
80800056,visual,1,0,undetermined,world,0.5,0,0,0,0.5
80800056,actuator,1,1,actuator,actuator,1.0,1,1,1,1.0
80800056,world,1,1,world,world,1.0,1,1,1,1.0
80800056,visual,1,1,visual,visual,1.0,1,1,1,1.0
80800057,actuator,0,0,undetermined,actuator,0.3333333333333333,0,0,1,0.3333333333333333
80800057,world,0,0,undetermined,actuator,0.3333333333333333,0,0,0,0.3333333333333333
80800057,visual,0,0,undetermined,actuator,0.3333333333333333,0,0,0,0.3333333333333333
80800057,actuator,0,1,undetermined,actuator,0.5,0,0,1,0.5
80800057,world,0,1,undetermined,actuator,0.5,0,0,0,0.5
80800057,visual,0,1,visual,visual,1.0,1,1,1,1.0
80800057,actuator,1,0,actuator,actuator,1.0,1,1,1,1.0
80800057,world,1,0,undetermined,world,0.5,0,0,1,0.5
80800057,visual,1,0,undetermined,world,0.5,0,0,0,0.5
80800057,actuator,1,1,actuator,actuator,1.0,1,1,1,1.0
80800057,world,1,1,world,world,1.0,1,1,1,1.0
80800057,visual,1,1,visual,visual,1.0,1,1,1,1.0
80800058,actuator,0,0,undetermined,actuator,0.3333333333333333,0,0,1,0.3333333333333333
80800058,world,0,0,undetermined,actuator,0.3333333333333333,0,0,0,0.3333333333333333
80800058,visual,0,0,undetermined,actuator,0.3333333333333333,0,0,0,0.3333333333333333
80800058,actuator,0,1,undetermined,actuator,0.5,0,0,1,0.5
80800058,world,0,1,undetermined,actuator,0.5,0,0,0,0.5
80800058,visual,0,1,visual,visual,1.0,1,1,1,1.0
80800058,actuator,1,0,actuator,actuator,1.0,1,1,1,1.0
80800058,world,1,0,undetermined,world,0.5,0,0,1,0.5
80800058,visual,1,0,undetermined,world,0.5,0,0,0,0.5
80800058,actuator,1,1,actuator,actuator,1.0,1,1,1,1.0
80800058,world,1,1,world,world,1.0,1,1,1,1.0
80800058,visual,1,1,visual,visual,1.0,1,1,1,1.0
80800059,actuator,0,0,undetermined,actuator,0.3333333333333333,0,0,1,0.3333333333333333
80800059,world,0,0,undetermined,actuator,0.3333333333333333,0,0,0,0.3333333333333333
80800059,visual,0,0,undetermined,actuator,0.3333333333333333,0,0,0,0.3333333333333333
80800059,actuator,0,1,undetermined,actuator,0.5,0,0,1,0.5
80800059,world,0,1,undetermined,actuator,0.5,0,0,0,0.5
80800059,visual,0,1,visual,visual,1.0,1,1,1,1.0
80800059,actuator,1,0,actuator,actuator,1.0,1,1,1,1.0
80800059,world,1,0,undetermined,world,0.5,0,0,1,0.5
80800059,visual,1,0,undetermined,world,0.5,0,0,0,0.5
80800059,actuator,1,1,actuator,actuator,1.0,1,1,1,1.0
80800059,world,1,1,world,world,1.0,1,1,1,1.0
80800059,visual,1,1,visual,visual,1.0,1,1,1,1.0
80800060,actuator,0,0,undetermined,actuator,0.3333333333333333,0,0,1,0.3333333333333333
80800060,world,0,0,undetermined,actuator,0.3333333333333333,0,0,0,0.3333333333333333
80800060,visual,0,0,undetermined,actuator,0.3333333333333333,0,0,0,0.3333333333333333
80800060,actuator,0,1,undetermined,actuator,0.5,0,0,1,0.5
80800060,world,0,1,undetermined,actuator,0.5,0,0,0,0.5
80800060,visual,0,1,visual,visual,1.0,1,1,1,1.0
80800060,actuator,1,0,actuator,actuator,1.0,1,1,1,1.0
80800060,world,1,0,undetermined,world,0.5,0,0,1,0.5
80800060,visual,1,0,undetermined,world,0.5,0,0,0,0.5
80800060,actuator,1,1,actuator,actuator,1.0,1,1,1,1.0
80800060,world,1,1,world,world,1.0,1,1,1,1.0
80800060,visual,1,1,visual,visual,1.0,1,1,1,1.0
80800061,actuator,0,0,undetermined,actuator,0.3333333333333333,0,0,1,0.3333333333333333
80800061,world,0,0,undetermined,actuator,0.3333333333333333,0,0,0,0.3333333333333333
80800061,visual,0,0,undetermined,actuator,0.3333333333333333,0,0,0,0.3333333333333333
80800061,actuator,0,1,undetermined,actuator,0.5,0,0,1,0.5
80800061,world,0,1,undetermined,actuator,0.5,0,0,0,0.5
80800061,visual,0,1,visual,visual,1.0,1,1,1,1.0
80800061,actuator,1,0,actuator,actuator,1.0,1,1,1,1.0
80800061,world,1,0,undetermined,world,0.5,0,0,1,0.5
80800061,visual,1,0,undetermined,world,0.5,0,0,0,0.5
80800061,actuator,1,1,actuator,actuator,1.0,1,1,1,1.0
80800061,world,1,1,world,world,1.0,1,1,1,1.0
80800061,visual,1,1,visual,visual,1.0,1,1,1,1.0
80800062,actuator,0,0,undetermined,actuator,0.3333333333333333,0,0,1,0.3333333333333333
80800062,world,0,0,undetermined,actuator,0.3333333333333333,0,0,0,0.3333333333333333
80800062,visual,0,0,undetermined,actuator,0.3333333333333333,0,0,0,0.3333333333333333
80800062,actuator,0,1,undetermined,actuator,0.5,0,0,1,0.5
80800062,world,0,1,undetermined,actuator,0.5,0,0,0,0.5
80800062,visual,0,1,visual,visual,1.0,1,1,1,1.0
80800062,actuator,1,0,actuator,actuator,1.0,1,1,1,1.0
80800062,world,1,0,undetermined,world,0.5,0,0,1,0.5
80800062,visual,1,0,undetermined,world,0.5,0,0,0,0.5
80800062,actuator,1,1,actuator,actuator,1.0,1,1,1,1.0
80800062,world,1,1,world,world,1.0,1,1,1,1.0
80800062,visual,1,1,visual,visual,1.0,1,1,1,1.0
80800063,actuator,0,0,undetermined,actuator,0.3333333333333333,0,0,1,0.3333333333333333
80800063,world,0,0,undetermined,actuator,0.3333333333333333,0,0,0,0.3333333333333333
80800063,visual,0,0,undetermined,actuator,0.3333333333333333,0,0,0,0.3333333333333333
80800063,actuator,0,1,undetermined,actuator,0.5,0,0,1,0.5
80800063,world,0,1,undetermined,actuator,0.5,0,0,0,0.5
80800063,visual,0,1,visual,visual,1.0,1,1,1,1.0
80800063,actuator,1,0,actuator,actuator,1.0,1,1,1,1.0
80800063,world,1,0,undetermined,world,0.5,0,0,1,0.5
80800063,visual,1,0,undetermined,world,0.5,0,0,0,0.5
80800063,actuator,1,1,actuator,actuator,1.0,1,1,1,1.0
80800063,world,1,1,world,world,1.0,1,1,1,1.0
80800063,visual,1,1,visual,visual,1.0,1,1,1,1.0
80800064,actuator,0,0,undetermined,actuator,0.3333333333333333,0,0,1,0.3333333333333333
80800064,world,0,0,undetermined,actuator,0.3333333333333333,0,0,0,0.3333333333333333
80800064,visual,0,0,undetermined,actuator,0.3333333333333333,0,0,0,0.3333333333333333
80800064,actuator,0,1,undetermined,actuator,0.5,0,0,1,0.5
80800064,world,0,1,undetermined,actuator,0.5,0,0,0,0.5
80800064,visual,0,1,visual,visual,1.0,1,1,1,1.0
80800064,actuator,1,0,actuator,actuator,1.0,1,1,1,1.0
80800064,world,1,0,undetermined,world,0.5,0,0,1,0.5
80800064,visual,1,0,undetermined,world,0.5,0,0,0,0.5
80800064,actuator,1,1,actuator,actuator,1.0,1,1,1,1.0
80800064,world,1,1,world,world,1.0,1,1,1,1.0
80800064,visual,1,1,visual,visual,1.0,1,1,1,1.0
80800065,actuator,0,0,undetermined,actuator,0.3333333333333333,0,0,1,0.3333333333333333
80800065,world,0,0,undetermined,actuator,0.3333333333333333,0,0,0,0.3333333333333333
80800065,visual,0,0,undetermined,actuator,0.3333333333333333,0,0,0,0.3333333333333333
80800065,actuator,0,1,undetermined,actuator,0.5,0,0,1,0.5
80800065,world,0,1,undetermined,actuator,0.5,0,0,0,0.5
80800065,visual,0,1,visual,visual,1.0,1,1,1,1.0
80800065,actuator,1,0,actuator,actuator,1.0,1,1,1,1.0
80800065,world,1,0,undetermined,world,0.5,0,0,1,0.5
80800065,visual,1,0,undetermined,world,0.5,0,0,0,0.5
80800065,actuator,1,1,actuator,actuator,1.0,1,1,1,1.0
80800065,world,1,1,world,world,1.0,1,1,1,1.0
80800065,visual,1,1,visual,visual,1.0,1,1,1,1.0
80800066,actuator,0,0,undetermined,actuator,0.3333333333333333,0,0,1,0.3333333333333333
80800066,world,0,0,undetermined,actuator,0.3333333333333333,0,0,0,0.3333333333333333
80800066,visual,0,0,undetermined,actuator,0.3333333333333333,0,0,0,0.3333333333333333
80800066,actuator,0,1,undetermined,actuator,0.5,0,0,1,0.5
80800066,world,0,1,undetermined,actuator,0.5,0,0,0,0.5
80800066,visual,0,1,visual,visual,1.0,1,1,1,1.0
80800066,actuator,1,0,actuator,actuator,1.0,1,1,1,1.0
80800066,world,1,0,undetermined,world,0.5,0,0,1,0.5
80800066,visual,1,0,undetermined,world,0.5,0,0,0,0.5
80800066,actuator,1,1,actuator,actuator,1.0,1,1,1,1.0
80800066,world,1,1,world,world,1.0,1,1,1,1.0
80800066,visual,1,1,visual,visual,1.0,1,1,1,1.0
80800067,actuator,0,0,undetermined,actuator,0.3333333333333333,0,0,1,0.3333333333333333
80800067,world,0,0,undetermined,actuator,0.3333333333333333,0,0,0,0.3333333333333333
80800067,visual,0,0,undetermined,actuator,0.3333333333333333,0,0,0,0.3333333333333333
80800067,actuator,0,1,undetermined,actuator,0.5,0,0,1,0.5
80800067,world,0,1,undetermined,actuator,0.5,0,0,0,0.5
80800067,visual,0,1,visual,visual,1.0,1,1,1,1.0
80800067,actuator,1,0,actuator,actuator,1.0,1,1,1,1.0
80800067,world,1,0,undetermined,world,0.5,0,0,1,0.5
80800067,visual,1,0,undetermined,world,0.5,0,0,0,0.5
80800067,actuator,1,1,actuator,actuator,1.0,1,1,1,1.0
80800067,world,1,1,world,world,1.0,1,1,1,1.0
80800067,visual,1,1,visual,visual,1.0,1,1,1,1.0
80800068,actuator,0,0,undetermined,actuator,0.3333333333333333,0,0,1,0.3333333333333333
80800068,world,0,0,undetermined,actuator,0.3333333333333333,0,0,0,0.3333333333333333
80800068,visual,0,0,undetermined,actuator,0.3333333333333333,0,0,0,0.3333333333333333
80800068,actuator,0,1,undetermined,actuator,0.5,0,0,1,0.5
80800068,world,0,1,undetermined,actuator,0.5,0,0,0,0.5
80800068,visual,0,1,visual,visual,1.0,1,1,1,1.0
80800068,actuator,1,0,actuator,actuator,1.0,1,1,1,1.0
80800068,world,1,0,undetermined,world,0.5,0,0,1,0.5
80800068,visual,1,0,undetermined,world,0.5,0,0,0,0.5
80800068,actuator,1,1,actuator,actuator,1.0,1,1,1,1.0
80800068,world,1,1,world,world,1.0,1,1,1,1.0
80800068,visual,1,1,visual,visual,1.0,1,1,1,1.0
80800069,actuator,0,0,undetermined,actuator,0.3333333333333333,0,0,1,0.3333333333333333
80800069,world,0,0,undetermined,actuator,0.3333333333333333,0,0,0,0.3333333333333333
80800069,visual,0,0,undetermined,actuator,0.3333333333333333,0,0,0,0.3333333333333333
80800069,actuator,0,1,undetermined,actuator,0.5,0,0,1,0.5
80800069,world,0,1,undetermined,actuator,0.5,0,0,0,0.5
80800069,visual,0,1,visual,visual,1.0,1,1,1,1.0
80800069,actuator,1,0,actuator,actuator,1.0,1,1,1,1.0
80800069,world,1,0,undetermined,world,0.5,0,0,1,0.5
80800069,visual,1,0,undetermined,world,0.5,0,0,0,0.5
80800069,actuator,1,1,actuator,actuator,1.0,1,1,1,1.0
80800069,world,1,1,world,world,1.0,1,1,1,1.0
80800069,visual,1,1,visual,visual,1.0,1,1,1,1.0
80800070,actuator,0,0,undetermined,actuator,0.3333333333333333,0,0,1,0.3333333333333333
80800070,world,0,0,undetermined,actuator,0.3333333333333333,0,0,0,0.3333333333333333
80800070,visual,0,0,undetermined,actuator,0.3333333333333333,0,0,0,0.3333333333333333
80800070,actuator,0,1,undetermined,actuator,0.5,0,0,1,0.5
80800070,world,0,1,undetermined,actuator,0.5,0,0,0,0.5
80800070,visual,0,1,visual,visual,1.0,1,1,1,1.0
80800070,actuator,1,0,actuator,actuator,1.0,1,1,1,1.0
80800070,world,1,0,undetermined,world,0.5,0,0,1,0.5
80800070,visual,1,0,undetermined,world,0.5,0,0,0,0.5
80800070,actuator,1,1,actuator,actuator,1.0,1,1,1,1.0
80800070,world,1,1,world,world,1.0,1,1,1,1.0
80800070,visual,1,1,visual,visual,1.0,1,1,1,1.0
80800071,actuator,0,0,undetermined,actuator,0.3333333333333333,0,0,1,0.3333333333333333
80800071,world,0,0,undetermined,actuator,0.3333333333333333,0,0,0,0.3333333333333333
80800071,visual,0,0,undetermined,actuator,0.3333333333333333,0,0,0,0.3333333333333333
80800071,actuator,0,1,undetermined,actuator,0.5,0,0,1,0.5
80800071,world,0,1,undetermined,actuator,0.5,0,0,0,0.5
80800071,visual,0,1,visual,visual,1.0,1,1,1,1.0
80800071,actuator,1,0,actuator,actuator,1.0,1,1,1,1.0
80800071,world,1,0,undetermined,world,0.5,0,0,1,0.5
80800071,visual,1,0,undetermined,world,0.5,0,0,0,0.5
80800071,actuator,1,1,actuator,actuator,1.0,1,1,1,1.0
80800071,world,1,1,world,world,1.0,1,1,1,1.0
80800071,visual,1,1,visual,visual,1.0,1,1,1,1.0
80800072,actuator,0,0,undetermined,actuator,0.3333333333333333,0,0,1,0.3333333333333333
80800072,world,0,0,undetermined,actuator,0.3333333333333333,0,0,0,0.3333333333333333
80800072,visual,0,0,undetermined,actuator,0.3333333333333333,0,0,0,0.3333333333333333
80800072,actuator,0,1,undetermined,actuator,0.5,0,0,1,0.5
80800072,world,0,1,undetermined,actuator,0.5,0,0,0,0.5
80800072,visual,0,1,visual,visual,1.0,1,1,1,1.0
80800072,actuator,1,0,actuator,actuator,1.0,1,1,1,1.0
80800072,world,1,0,undetermined,world,0.5,0,0,1,0.5
80800072,visual,1,0,undetermined,world,0.5,0,0,0,0.5
80800072,actuator,1,1,actuator,actuator,1.0,1,1,1,1.0
80800072,world,1,1,world,world,1.0,1,1,1,1.0
80800072,visual,1,1,visual,visual,1.0,1,1,1,1.0
80800073,actuator,0,0,undetermined,actuator,0.3333333333333333,0,0,1,0.3333333333333333
80800073,world,0,0,undetermined,actuator,0.3333333333333333,0,0,0,0.3333333333333333
80800073,visual,0,0,undetermined,actuator,0.3333333333333333,0,0,0,0.3333333333333333
80800073,actuator,0,1,undetermined,actuator,0.5,0,0,1,0.5
80800073,world,0,1,undetermined,actuator,0.5,0,0,0,0.5
80800073,visual,0,1,visual,visual,1.0,1,1,1,1.0
80800073,actuator,1,0,actuator,actuator,1.0,1,1,1,1.0
80800073,world,1,0,undetermined,world,0.5,0,0,1,0.5
80800073,visual,1,0,undetermined,world,0.5,0,0,0,0.5
80800073,actuator,1,1,actuator,actuator,1.0,1,1,1,1.0
80800073,world,1,1,world,world,1.0,1,1,1,1.0
80800073,visual,1,1,visual,visual,1.0,1,1,1,1.0
80800074,actuator,0,0,undetermined,actuator,0.3333333333333333,0,0,1,0.3333333333333333
80800074,world,0,0,undetermined,actuator,0.3333333333333333,0,0,0,0.3333333333333333
80800074,visual,0,0,undetermined,actuator,0.3333333333333333,0,0,0,0.3333333333333333
80800074,actuator,0,1,undetermined,actuator,0.5,0,0,1,0.5
80800074,world,0,1,undetermined,actuator,0.5,0,0,0,0.5
80800074,visual,0,1,visual,visual,1.0,1,1,1,1.0
80800074,actuator,1,0,actuator,actuator,1.0,1,1,1,1.0
80800074,world,1,0,undetermined,world,0.5,0,0,1,0.5
80800074,visual,1,0,undetermined,world,0.5,0,0,0,0.5
80800074,actuator,1,1,actuator,actuator,1.0,1,1,1,1.0
80800074,world,1,1,world,world,1.0,1,1,1,1.0
80800074,visual,1,1,visual,visual,1.0,1,1,1,1.0
80800075,actuator,0,0,undetermined,actuator,0.3333333333333333,0,0,1,0.3333333333333333
80800075,world,0,0,undetermined,actuator,0.3333333333333333,0,0,0,0.3333333333333333
80800075,visual,0,0,undetermined,actuator,0.3333333333333333,0,0,0,0.3333333333333333
80800075,actuator,0,1,undetermined,actuator,0.5,0,0,1,0.5
80800075,world,0,1,undetermined,actuator,0.5,0,0,0,0.5
80800075,visual,0,1,visual,visual,1.0,1,1,1,1.0
80800075,actuator,1,0,actuator,actuator,1.0,1,1,1,1.0
80800075,world,1,0,undetermined,world,0.5,0,0,1,0.5
80800075,visual,1,0,undetermined,world,0.5,0,0,0,0.5
80800075,actuator,1,1,actuator,actuator,1.0,1,1,1,1.0
80800075,world,1,1,world,world,1.0,1,1,1,1.0
80800075,visual,1,1,visual,visual,1.0,1,1,1,1.0
80800076,actuator,0,0,undetermined,actuator,0.3333333333333333,0,0,1,0.3333333333333333
80800076,world,0,0,undetermined,actuator,0.3333333333333333,0,0,0,0.3333333333333333
80800076,visual,0,0,undetermined,actuator,0.3333333333333333,0,0,0,0.3333333333333333
80800076,actuator,0,1,undetermined,actuator,0.5,0,0,1,0.5
80800076,world,0,1,undetermined,actuator,0.5,0,0,0,0.5
80800076,visual,0,1,visual,visual,1.0,1,1,1,1.0
80800076,actuator,1,0,actuator,actuator,1.0,1,1,1,1.0
80800076,world,1,0,undetermined,world,0.5,0,0,1,0.5
80800076,visual,1,0,undetermined,world,0.5,0,0,0,0.5
80800076,actuator,1,1,actuator,actuator,1.0,1,1,1,1.0
80800076,world,1,1,world,world,1.0,1,1,1,1.0
80800076,visual,1,1,visual,visual,1.0,1,1,1,1.0
80800077,actuator,0,0,undetermined,actuator,0.3333333333333333,0,0,1,0.3333333333333333
80800077,world,0,0,undetermined,actuator,0.3333333333333333,0,0,0,0.3333333333333333
80800077,visual,0,0,undetermined,actuator,0.3333333333333333,0,0,0,0.3333333333333333
80800077,actuator,0,1,undetermined,actuator,0.5,0,0,1,0.5
80800077,world,0,1,undetermined,actuator,0.5,0,0,0,0.5
80800077,visual,0,1,visual,visual,1.0,1,1,1,1.0
80800077,actuator,1,0,actuator,actuator,1.0,1,1,1,1.0
80800077,world,1,0,undetermined,world,0.5,0,0,1,0.5
80800077,visual,1,0,undetermined,world,0.5,0,0,0,0.5
80800077,actuator,1,1,actuator,actuator,1.0,1,1,1,1.0
80800077,world,1,1,world,world,1.0,1,1,1,1.0
80800077,visual,1,1,visual,visual,1.0,1,1,1,1.0
80800078,actuator,0,0,undetermined,actuator,0.3333333333333333,0,0,1,0.3333333333333333
80800078,world,0,0,undetermined,actuator,0.3333333333333333,0,0,0,0.3333333333333333
80800078,visual,0,0,undetermined,actuator,0.3333333333333333,0,0,0,0.3333333333333333
80800078,actuator,0,1,undetermined,actuator,0.5,0,0,1,0.5
80800078,world,0,1,undetermined,actuator,0.5,0,0,0,0.5
80800078,visual,0,1,visual,visual,1.0,1,1,1,1.0
80800078,actuator,1,0,actuator,actuator,1.0,1,1,1,1.0
80800078,world,1,0,undetermined,world,0.5,0,0,1,0.5
80800078,visual,1,0,undetermined,world,0.5,0,0,0,0.5
80800078,actuator,1,1,actuator,actuator,1.0,1,1,1,1.0
80800078,world,1,1,world,world,1.0,1,1,1,1.0
80800078,visual,1,1,visual,visual,1.0,1,1,1,1.0
80800079,actuator,0,0,undetermined,actuator,0.3333333333333333,0,0,1,0.3333333333333333
80800079,world,0,0,undetermined,actuator,0.3333333333333333,0,0,0,0.3333333333333333
80800079,visual,0,0,undetermined,actuator,0.3333333333333333,0,0,0,0.3333333333333333
80800079,actuator,0,1,undetermined,actuator,0.5,0,0,1,0.5
80800079,world,0,1,undetermined,actuator,0.5,0,0,0,0.5
80800079,visual,0,1,visual,visual,1.0,1,1,1,1.0
80800079,actuator,1,0,actuator,actuator,1.0,1,1,1,1.0
80800079,world,1,0,undetermined,world,0.5,0,0,1,0.5
80800079,visual,1,0,undetermined,world,0.5,0,0,0,0.5
80800079,actuator,1,1,actuator,actuator,1.0,1,1,1,1.0
80800079,world,1,1,world,world,1.0,1,1,1,1.0
80800079,visual,1,1,visual,visual,1.0,1,1,1,1.0
80800080,actuator,0,0,undetermined,actuator,0.3333333333333333,0,0,1,0.3333333333333333
80800080,world,0,0,undetermined,actuator,0.3333333333333333,0,0,0,0.3333333333333333
80800080,visual,0,0,undetermined,actuator,0.3333333333333333,0,0,0,0.3333333333333333
80800080,actuator,0,1,undetermined,actuator,0.5,0,0,1,0.5
80800080,world,0,1,undetermined,actuator,0.5,0,0,0,0.5
80800080,visual,0,1,visual,visual,1.0,1,1,1,1.0
80800080,actuator,1,0,actuator,actuator,1.0,1,1,1,1.0
80800080,world,1,0,undetermined,world,0.5,0,0,1,0.5
80800080,visual,1,0,undetermined,world,0.5,0,0,0,0.5
80800080,actuator,1,1,actuator,actuator,1.0,1,1,1,1.0
80800080,world,1,1,world,world,1.0,1,1,1,1.0
80800080,visual,1,1,visual,visual,1.0,1,1,1,1.0
80800081,actuator,0,0,undetermined,actuator,0.3333333333333333,0,0,1,0.3333333333333333
80800081,world,0,0,undetermined,actuator,0.3333333333333333,0,0,0,0.3333333333333333
80800081,visual,0,0,undetermined,actuator,0.3333333333333333,0,0,0,0.3333333333333333
80800081,actuator,0,1,undetermined,actuator,0.5,0,0,1,0.5
80800081,world,0,1,undetermined,actuator,0.5,0,0,0,0.5
80800081,visual,0,1,visual,visual,1.0,1,1,1,1.0
80800081,actuator,1,0,actuator,actuator,1.0,1,1,1,1.0
80800081,world,1,0,undetermined,world,0.5,0,0,1,0.5
80800081,visual,1,0,undetermined,world,0.5,0,0,0,0.5
80800081,actuator,1,1,actuator,actuator,1.0,1,1,1,1.0
80800081,world,1,1,world,world,1.0,1,1,1,1.0
80800081,visual,1,1,visual,visual,1.0,1,1,1,1.0
80800082,actuator,0,0,undetermined,actuator,0.3333333333333333,0,0,1,0.3333333333333333
80800082,world,0,0,undetermined,actuator,0.3333333333333333,0,0,0,0.3333333333333333
80800082,visual,0,0,undetermined,actuator,0.3333333333333333,0,0,0,0.3333333333333333
80800082,actuator,0,1,undetermined,actuator,0.5,0,0,1,0.5
80800082,world,0,1,undetermined,actuator,0.5,0,0,0,0.5
80800082,visual,0,1,visual,visual,1.0,1,1,1,1.0
80800082,actuator,1,0,actuator,actuator,1.0,1,1,1,1.0
80800082,world,1,0,undetermined,world,0.5,0,0,1,0.5
80800082,visual,1,0,undetermined,world,0.5,0,0,0,0.5
80800082,actuator,1,1,actuator,actuator,1.0,1,1,1,1.0
80800082,world,1,1,world,world,1.0,1,1,1,1.0
80800082,visual,1,1,visual,visual,1.0,1,1,1,1.0
80800083,actuator,0,0,undetermined,actuator,0.3333333333333333,0,0,1,0.3333333333333333
80800083,world,0,0,undetermined,actuator,0.3333333333333333,0,0,0,0.3333333333333333
80800083,visual,0,0,undetermined,actuator,0.3333333333333333,0,0,0,0.3333333333333333
80800083,actuator,0,1,undetermined,actuator,0.5,0,0,1,0.5
80800083,world,0,1,undetermined,actuator,0.5,0,0,0,0.5
80800083,visual,0,1,visual,visual,1.0,1,1,1,1.0
80800083,actuator,1,0,actuator,actuator,1.0,1,1,1,1.0
80800083,world,1,0,undetermined,world,0.5,0,0,1,0.5
80800083,visual,1,0,undetermined,world,0.5,0,0,0,0.5
80800083,actuator,1,1,actuator,actuator,1.0,1,1,1,1.0
80800083,world,1,1,world,world,1.0,1,1,1,1.0
80800083,visual,1,1,visual,visual,1.0,1,1,1,1.0
80800084,actuator,0,0,undetermined,actuator,0.3333333333333333,0,0,1,0.3333333333333333
80800084,world,0,0,undetermined,actuator,0.3333333333333333,0,0,0,0.3333333333333333
80800084,visual,0,0,undetermined,actuator,0.3333333333333333,0,0,0,0.3333333333333333
80800084,actuator,0,1,undetermined,actuator,0.5,0,0,1,0.5
80800084,world,0,1,undetermined,actuator,0.5,0,0,0,0.5
80800084,visual,0,1,visual,visual,1.0,1,1,1,1.0
80800084,actuator,1,0,actuator,actuator,1.0,1,1,1,1.0
80800084,world,1,0,undetermined,world,0.5,0,0,1,0.5
80800084,visual,1,0,undetermined,world,0.5,0,0,0,0.5
80800084,actuator,1,1,actuator,actuator,1.0,1,1,1,1.0
80800084,world,1,1,world,world,1.0,1,1,1,1.0
80800084,visual,1,1,visual,visual,1.0,1,1,1,1.0
80800085,actuator,0,0,undetermined,actuator,0.3333333333333333,0,0,1,0.3333333333333333
80800085,world,0,0,undetermined,actuator,0.3333333333333333,0,0,0,0.3333333333333333
80800085,visual,0,0,undetermined,actuator,0.3333333333333333,0,0,0,0.3333333333333333
80800085,actuator,0,1,undetermined,actuator,0.5,0,0,1,0.5
80800085,world,0,1,undetermined,actuator,0.5,0,0,0,0.5
80800085,visual,0,1,visual,visual,1.0,1,1,1,1.0
80800085,actuator,1,0,actuator,actuator,1.0,1,1,1,1.0
80800085,world,1,0,undetermined,world,0.5,0,0,1,0.5
80800085,visual,1,0,undetermined,world,0.5,0,0,0,0.5
80800085,actuator,1,1,actuator,actuator,1.0,1,1,1,1.0
80800085,world,1,1,world,world,1.0,1,1,1,1.0
80800085,visual,1,1,visual,visual,1.0,1,1,1,1.0
80800086,actuator,0,0,undetermined,actuator,0.3333333333333333,0,0,1,0.3333333333333333
80800086,world,0,0,undetermined,actuator,0.3333333333333333,0,0,0,0.3333333333333333
80800086,visual,0,0,undetermined,actuator,0.3333333333333333,0,0,0,0.3333333333333333
80800086,actuator,0,1,undetermined,actuator,0.5,0,0,1,0.5
80800086,world,0,1,undetermined,actuator,0.5,0,0,0,0.5
80800086,visual,0,1,visual,visual,1.0,1,1,1,1.0
80800086,actuator,1,0,actuator,actuator,1.0,1,1,1,1.0
80800086,world,1,0,undetermined,world,0.5,0,0,1,0.5
80800086,visual,1,0,undetermined,world,0.5,0,0,0,0.5
80800086,actuator,1,1,actuator,actuator,1.0,1,1,1,1.0
80800086,world,1,1,world,world,1.0,1,1,1,1.0
80800086,visual,1,1,visual,visual,1.0,1,1,1,1.0
80800087,actuator,0,0,undetermined,actuator,0.3333333333333333,0,0,1,0.3333333333333333
80800087,world,0,0,undetermined,actuator,0.3333333333333333,0,0,0,0.3333333333333333
80800087,visual,0,0,undetermined,actuator,0.3333333333333333,0,0,0,0.3333333333333333
80800087,actuator,0,1,undetermined,actuator,0.5,0,0,1,0.5
80800087,world,0,1,undetermined,actuator,0.5,0,0,0,0.5
80800087,visual,0,1,visual,visual,1.0,1,1,1,1.0
80800087,actuator,1,0,actuator,actuator,1.0,1,1,1,1.0
80800087,world,1,0,undetermined,world,0.5,0,0,1,0.5
80800087,visual,1,0,undetermined,world,0.5,0,0,0,0.5
80800087,actuator,1,1,actuator,actuator,1.0,1,1,1,1.0
80800087,world,1,1,world,world,1.0,1,1,1,1.0
80800087,visual,1,1,visual,visual,1.0,1,1,1,1.0
80800088,actuator,0,0,undetermined,actuator,0.3333333333333333,0,0,1,0.3333333333333333
80800088,world,0,0,undetermined,actuator,0.3333333333333333,0,0,0,0.3333333333333333
80800088,visual,0,0,undetermined,actuator,0.3333333333333333,0,0,0,0.3333333333333333
80800088,actuator,0,1,undetermined,actuator,0.5,0,0,1,0.5
80800088,world,0,1,undetermined,actuator,0.5,0,0,0,0.5
80800088,visual,0,1,visual,visual,1.0,1,1,1,1.0
80800088,actuator,1,0,actuator,actuator,1.0,1,1,1,1.0
80800088,world,1,0,undetermined,world,0.5,0,0,1,0.5
80800088,visual,1,0,undetermined,world,0.5,0,0,0,0.5
80800088,actuator,1,1,actuator,actuator,1.0,1,1,1,1.0
80800088,world,1,1,world,world,1.0,1,1,1,1.0
80800088,visual,1,1,visual,visual,1.0,1,1,1,1.0
80800089,actuator,0,0,undetermined,actuator,0.3333333333333333,0,0,1,0.3333333333333333
80800089,world,0,0,undetermined,actuator,0.3333333333333333,0,0,0,0.3333333333333333
80800089,visual,0,0,undetermined,actuator,0.3333333333333333,0,0,0,0.3333333333333333
80800089,actuator,0,1,undetermined,actuator,0.5,0,0,1,0.5
80800089,world,0,1,undetermined,actuator,0.5,0,0,0,0.5
80800089,visual,0,1,visual,visual,1.0,1,1,1,1.0
80800089,actuator,1,0,actuator,actuator,1.0,1,1,1,1.0
80800089,world,1,0,undetermined,world,0.5,0,0,1,0.5
80800089,visual,1,0,undetermined,world,0.5,0,0,0,0.5
80800089,actuator,1,1,actuator,actuator,1.0,1,1,1,1.0
80800089,world,1,1,world,world,1.0,1,1,1,1.0
80800089,visual,1,1,visual,visual,1.0,1,1,1,1.0
80800090,actuator,0,0,undetermined,actuator,0.3333333333333333,0,0,1,0.3333333333333333
80800090,world,0,0,undetermined,actuator,0.3333333333333333,0,0,0,0.3333333333333333
80800090,visual,0,0,undetermined,actuator,0.3333333333333333,0,0,0,0.3333333333333333
80800090,actuator,0,1,undetermined,actuator,0.5,0,0,1,0.5
80800090,world,0,1,undetermined,actuator,0.5,0,0,0,0.5
80800090,visual,0,1,visual,visual,1.0,1,1,1,1.0
80800090,actuator,1,0,actuator,actuator,1.0,1,1,1,1.0
80800090,world,1,0,undetermined,world,0.5,0,0,1,0.5
80800090,visual,1,0,undetermined,world,0.5,0,0,0,0.5
80800090,actuator,1,1,actuator,actuator,1.0,1,1,1,1.0
80800090,world,1,1,world,world,1.0,1,1,1,1.0
80800090,visual,1,1,visual,visual,1.0,1,1,1,1.0
80800091,actuator,0,0,undetermined,actuator,0.3333333333333333,0,0,1,0.3333333333333333
80800091,world,0,0,undetermined,actuator,0.3333333333333333,0,0,0,0.3333333333333333
80800091,visual,0,0,undetermined,actuator,0.3333333333333333,0,0,0,0.3333333333333333
80800091,actuator,0,1,undetermined,actuator,0.5,0,0,1,0.5
80800091,world,0,1,undetermined,actuator,0.5,0,0,0,0.5
80800091,visual,0,1,visual,visual,1.0,1,1,1,1.0
80800091,actuator,1,0,actuator,actuator,1.0,1,1,1,1.0
80800091,world,1,0,undetermined,world,0.5,0,0,1,0.5
80800091,visual,1,0,undetermined,world,0.5,0,0,0,0.5
80800091,actuator,1,1,actuator,actuator,1.0,1,1,1,1.0
80800091,world,1,1,world,world,1.0,1,1,1,1.0
80800091,visual,1,1,visual,visual,1.0,1,1,1,1.0
80800092,actuator,0,0,undetermined,actuator,0.3333333333333333,0,0,1,0.3333333333333333
80800092,world,0,0,undetermined,actuator,0.3333333333333333,0,0,0,0.3333333333333333
80800092,visual,0,0,undetermined,actuator,0.3333333333333333,0,0,0,0.3333333333333333
80800092,actuator,0,1,undetermined,actuator,0.5,0,0,1,0.5
80800092,world,0,1,undetermined,actuator,0.5,0,0,0,0.5
80800092,visual,0,1,visual,visual,1.0,1,1,1,1.0
80800092,actuator,1,0,actuator,actuator,1.0,1,1,1,1.0
80800092,world,1,0,undetermined,world,0.5,0,0,1,0.5
80800092,visual,1,0,undetermined,world,0.5,0,0,0,0.5
80800092,actuator,1,1,actuator,actuator,1.0,1,1,1,1.0
80800092,world,1,1,world,world,1.0,1,1,1,1.0
80800092,visual,1,1,visual,visual,1.0,1,1,1,1.0
80800093,actuator,0,0,undetermined,actuator,0.3333333333333333,0,0,1,0.3333333333333333
80800093,world,0,0,undetermined,actuator,0.3333333333333333,0,0,0,0.3333333333333333
80800093,visual,0,0,undetermined,actuator,0.3333333333333333,0,0,0,0.3333333333333333
80800093,actuator,0,1,undetermined,actuator,0.5,0,0,1,0.5
80800093,world,0,1,undetermined,actuator,0.5,0,0,0,0.5
80800093,visual,0,1,visual,visual,1.0,1,1,1,1.0
80800093,actuator,1,0,actuator,actuator,1.0,1,1,1,1.0
80800093,world,1,0,undetermined,world,0.5,0,0,1,0.5
80800093,visual,1,0,undetermined,world,0.5,0,0,0,0.5
80800093,actuator,1,1,actuator,actuator,1.0,1,1,1,1.0
80800093,world,1,1,world,world,1.0,1,1,1,1.0
80800093,visual,1,1,visual,visual,1.0,1,1,1,1.0
80800094,actuator,0,0,undetermined,actuator,0.3333333333333333,0,0,1,0.3333333333333333
80800094,world,0,0,undetermined,actuator,0.3333333333333333,0,0,0,0.3333333333333333
80800094,visual,0,0,undetermined,actuator,0.3333333333333333,0,0,0,0.3333333333333333
80800094,actuator,0,1,undetermined,actuator,0.5,0,0,1,0.5
80800094,world,0,1,undetermined,actuator,0.5,0,0,0,0.5
80800094,visual,0,1,visual,visual,1.0,1,1,1,1.0
80800094,actuator,1,0,actuator,actuator,1.0,1,1,1,1.0
80800094,world,1,0,undetermined,world,0.5,0,0,1,0.5
80800094,visual,1,0,undetermined,world,0.5,0,0,0,0.5
80800094,actuator,1,1,actuator,actuator,1.0,1,1,1,1.0
80800094,world,1,1,world,world,1.0,1,1,1,1.0
80800094,visual,1,1,visual,visual,1.0,1,1,1,1.0
80800095,actuator,0,0,undetermined,actuator,0.3333333333333333,0,0,1,0.3333333333333333
80800095,world,0,0,undetermined,actuator,0.3333333333333333,0,0,0,0.3333333333333333
80800095,visual,0,0,undetermined,actuator,0.3333333333333333,0,0,0,0.3333333333333333
80800095,actuator,0,1,undetermined,actuator,0.5,0,0,1,0.5
80800095,world,0,1,undetermined,actuator,0.5,0,0,0,0.5
80800095,visual,0,1,visual,visual,1.0,1,1,1,1.0
80800095,actuator,1,0,actuator,actuator,1.0,1,1,1,1.0
80800095,world,1,0,undetermined,world,0.5,0,0,1,0.5
80800095,visual,1,0,undetermined,world,0.5,0,0,0,0.5
80800095,actuator,1,1,actuator,actuator,1.0,1,1,1,1.0
80800095,world,1,1,world,world,1.0,1,1,1,1.0
80800095,visual,1,1,visual,visual,1.0,1,1,1,1.0
80800096,actuator,0,0,undetermined,actuator,0.3333333333333333,0,0,1,0.3333333333333333
80800096,world,0,0,undetermined,actuator,0.3333333333333333,0,0,0,0.3333333333333333
80800096,visual,0,0,undetermined,actuator,0.3333333333333333,0,0,0,0.3333333333333333
80800096,actuator,0,1,undetermined,actuator,0.5,0,0,1,0.5
80800096,world,0,1,undetermined,actuator,0.5,0,0,0,0.5
80800096,visual,0,1,visual,visual,1.0,1,1,1,1.0
80800096,actuator,1,0,actuator,actuator,1.0,1,1,1,1.0
80800096,world,1,0,undetermined,world,0.5,0,0,1,0.5
80800096,visual,1,0,undetermined,world,0.5,0,0,0,0.5
80800096,actuator,1,1,actuator,actuator,1.0,1,1,1,1.0
80800096,world,1,1,world,world,1.0,1,1,1,1.0
80800096,visual,1,1,visual,visual,1.0,1,1,1,1.0
80800097,actuator,0,0,undetermined,actuator,0.3333333333333333,0,0,1,0.3333333333333333
80800097,world,0,0,undetermined,actuator,0.3333333333333333,0,0,0,0.3333333333333333
80800097,visual,0,0,undetermined,actuator,0.3333333333333333,0,0,0,0.3333333333333333
80800097,actuator,0,1,undetermined,actuator,0.5,0,0,1,0.5
80800097,world,0,1,undetermined,actuator,0.5,0,0,0,0.5
80800097,visual,0,1,visual,visual,1.0,1,1,1,1.0
80800097,actuator,1,0,actuator,actuator,1.0,1,1,1,1.0
80800097,world,1,0,undetermined,world,0.5,0,0,1,0.5
80800097,visual,1,0,undetermined,world,0.5,0,0,0,0.5
80800097,actuator,1,1,actuator,actuator,1.0,1,1,1,1.0
80800097,world,1,1,world,world,1.0,1,1,1,1.0
80800097,visual,1,1,visual,visual,1.0,1,1,1,1.0
80800098,actuator,0,0,undetermined,actuator,0.3333333333333333,0,0,1,0.3333333333333333
80800098,world,0,0,undetermined,actuator,0.3333333333333333,0,0,0,0.3333333333333333
80800098,visual,0,0,undetermined,actuator,0.3333333333333333,0,0,0,0.3333333333333333
80800098,actuator,0,1,undetermined,actuator,0.5,0,0,1,0.5
80800098,world,0,1,undetermined,actuator,0.5,0,0,0,0.5
80800098,visual,0,1,visual,visual,1.0,1,1,1,1.0
80800098,actuator,1,0,actuator,actuator,1.0,1,1,1,1.0
80800098,world,1,0,undetermined,world,0.5,0,0,1,0.5
80800098,visual,1,0,undetermined,world,0.5,0,0,0,0.5
80800098,actuator,1,1,actuator,actuator,1.0,1,1,1,1.0
80800098,world,1,1,world,world,1.0,1,1,1,1.0
80800098,visual,1,1,visual,visual,1.0,1,1,1,1.0
80800099,actuator,0,0,undetermined,actuator,0.3333333333333333,0,0,1,0.3333333333333333
80800099,world,0,0,undetermined,actuator,0.3333333333333333,0,0,0,0.3333333333333333
80800099,visual,0,0,undetermined,actuator,0.3333333333333333,0,0,0,0.3333333333333333
80800099,actuator,0,1,undetermined,actuator,0.5,0,0,1,0.5
80800099,world,0,1,undetermined,actuator,0.5,0,0,0,0.5
80800099,visual,0,1,visual,visual,1.0,1,1,1,1.0
80800099,actuator,1,0,actuator,actuator,1.0,1,1,1,1.0
80800099,world,1,0,undetermined,world,0.5,0,0,1,0.5
80800099,visual,1,0,undetermined,world,0.5,0,0,0,0.5
80800099,actuator,1,1,actuator,actuator,1.0,1,1,1,1.0
80800099,world,1,1,world,world,1.0,1,1,1,1.0
80800099,visual,1,1,visual,visual,1.0,1,1,1,1.0
80800100,actuator,0,0,undetermined,actuator,0.3333333333333333,0,0,1,0.3333333333333333
80800100,world,0,0,undetermined,actuator,0.3333333333333333,0,0,0,0.3333333333333333
80800100,visual,0,0,undetermined,actuator,0.3333333333333333,0,0,0,0.3333333333333333
80800100,actuator,0,1,undetermined,actuator,0.5,0,0,1,0.5
80800100,world,0,1,undetermined,actuator,0.5,0,0,0,0.5
80800100,visual,0,1,visual,visual,1.0,1,1,1,1.0
80800100,actuator,1,0,actuator,actuator,1.0,1,1,1,1.0
80800100,world,1,0,undetermined,world,0.5,0,0,1,0.5
80800100,visual,1,0,undetermined,world,0.5,0,0,0,0.5
80800100,actuator,1,1,actuator,actuator,1.0,1,1,1,1.0
80800100,world,1,1,world,world,1.0,1,1,1,1.0
80800100,visual,1,1,visual,visual,1.0,1,1,1,1.0
80800101,actuator,0,0,undetermined,actuator,0.3333333333333333,0,0,1,0.3333333333333333
80800101,world,0,0,undetermined,actuator,0.3333333333333333,0,0,0,0.3333333333333333
80800101,visual,0,0,undetermined,actuator,0.3333333333333333,0,0,0,0.3333333333333333
80800101,actuator,0,1,undetermined,actuator,0.5,0,0,1,0.5
80800101,world,0,1,undetermined,actuator,0.5,0,0,0,0.5
80800101,visual,0,1,visual,visual,1.0,1,1,1,1.0
80800101,actuator,1,0,actuator,actuator,1.0,1,1,1,1.0
80800101,world,1,0,undetermined,world,0.5,0,0,1,0.5
80800101,visual,1,0,undetermined,world,0.5,0,0,0,0.5
80800101,actuator,1,1,actuator,actuator,1.0,1,1,1,1.0
80800101,world,1,1,world,world,1.0,1,1,1,1.0
80800101,visual,1,1,visual,visual,1.0,1,1,1,1.0
80800102,actuator,0,0,undetermined,actuator,0.3333333333333333,0,0,1,0.3333333333333333
80800102,world,0,0,undetermined,actuator,0.3333333333333333,0,0,0,0.3333333333333333
80800102,visual,0,0,undetermined,actuator,0.3333333333333333,0,0,0,0.3333333333333333
80800102,actuator,0,1,undetermined,actuator,0.5,0,0,1,0.5
80800102,world,0,1,undetermined,actuator,0.5,0,0,0,0.5
80800102,visual,0,1,visual,visual,1.0,1,1,1,1.0
80800102,actuator,1,0,actuator,actuator,1.0,1,1,1,1.0
80800102,world,1,0,undetermined,world,0.5,0,0,1,0.5
80800102,visual,1,0,undetermined,world,0.5,0,0,0,0.5
80800102,actuator,1,1,actuator,actuator,1.0,1,1,1,1.0
80800102,world,1,1,world,world,1.0,1,1,1,1.0
80800102,visual,1,1,visual,visual,1.0,1,1,1,1.0
80800103,actuator,0,0,undetermined,actuator,0.3333333333333333,0,0,1,0.3333333333333333
80800103,world,0,0,undetermined,actuator,0.3333333333333333,0,0,0,0.3333333333333333
80800103,visual,0,0,undetermined,actuator,0.3333333333333333,0,0,0,0.3333333333333333
80800103,actuator,0,1,undetermined,actuator,0.5,0,0,1,0.5
80800103,world,0,1,undetermined,actuator,0.5,0,0,0,0.5
80800103,visual,0,1,visual,visual,1.0,1,1,1,1.0
80800103,actuator,1,0,actuator,actuator,1.0,1,1,1,1.0
80800103,world,1,0,undetermined,world,0.5,0,0,1,0.5
80800103,visual,1,0,undetermined,world,0.5,0,0,0,0.5
80800103,actuator,1,1,actuator,actuator,1.0,1,1,1,1.0
80800103,world,1,1,world,world,1.0,1,1,1,1.0
80800103,visual,1,1,visual,visual,1.0,1,1,1,1.0
80800104,actuator,0,0,undetermined,actuator,0.3333333333333333,0,0,1,0.3333333333333333
80800104,world,0,0,undetermined,actuator,0.3333333333333333,0,0,0,0.3333333333333333
80800104,visual,0,0,undetermined,actuator,0.3333333333333333,0,0,0,0.3333333333333333
80800104,actuator,0,1,undetermined,actuator,0.5,0,0,1,0.5
80800104,world,0,1,undetermined,actuator,0.5,0,0,0,0.5
80800104,visual,0,1,visual,visual,1.0,1,1,1,1.0
80800104,actuator,1,0,actuator,actuator,1.0,1,1,1,1.0
80800104,world,1,0,undetermined,world,0.5,0,0,1,0.5
80800104,visual,1,0,undetermined,world,0.5,0,0,0,0.5
80800104,actuator,1,1,actuator,actuator,1.0,1,1,1,1.0
80800104,world,1,1,world,world,1.0,1,1,1,1.0
80800104,visual,1,1,visual,visual,1.0,1,1,1,1.0
80800105,actuator,0,0,undetermined,actuator,0.3333333333333333,0,0,1,0.3333333333333333
80800105,world,0,0,undetermined,actuator,0.3333333333333333,0,0,0,0.3333333333333333
80800105,visual,0,0,undetermined,actuator,0.3333333333333333,0,0,0,0.3333333333333333
80800105,actuator,0,1,undetermined,actuator,0.5,0,0,1,0.5
80800105,world,0,1,undetermined,actuator,0.5,0,0,0,0.5
80800105,visual,0,1,visual,visual,1.0,1,1,1,1.0
80800105,actuator,1,0,actuator,actuator,1.0,1,1,1,1.0
80800105,world,1,0,undetermined,world,0.5,0,0,1,0.5
80800105,visual,1,0,undetermined,world,0.5,0,0,0,0.5
80800105,actuator,1,1,actuator,actuator,1.0,1,1,1,1.0
80800105,world,1,1,world,world,1.0,1,1,1,1.0
80800105,visual,1,1,visual,visual,1.0,1,1,1,1.0
80800106,actuator,0,0,undetermined,actuator,0.3333333333333333,0,0,1,0.3333333333333333
80800106,world,0,0,undetermined,actuator,0.3333333333333333,0,0,0,0.3333333333333333
80800106,visual,0,0,undetermined,actuator,0.3333333333333333,0,0,0,0.3333333333333333
80800106,actuator,0,1,undetermined,actuator,0.5,0,0,1,0.5
80800106,world,0,1,undetermined,actuator,0.5,0,0,0,0.5
80800106,visual,0,1,visual,visual,1.0,1,1,1,1.0
80800106,actuator,1,0,actuator,actuator,1.0,1,1,1,1.0
80800106,world,1,0,undetermined,world,0.5,0,0,1,0.5
80800106,visual,1,0,undetermined,world,0.5,0,0,0,0.5
80800106,actuator,1,1,actuator,actuator,1.0,1,1,1,1.0
80800106,world,1,1,world,world,1.0,1,1,1,1.0
80800106,visual,1,1,visual,visual,1.0,1,1,1,1.0
80800107,actuator,0,0,undetermined,actuator,0.3333333333333333,0,0,1,0.3333333333333333
80800107,world,0,0,undetermined,actuator,0.3333333333333333,0,0,0,0.3333333333333333
80800107,visual,0,0,undetermined,actuator,0.3333333333333333,0,0,0,0.3333333333333333
80800107,actuator,0,1,undetermined,actuator,0.5,0,0,1,0.5
80800107,world,0,1,undetermined,actuator,0.5,0,0,0,0.5
80800107,visual,0,1,visual,visual,1.0,1,1,1,1.0
80800107,actuator,1,0,actuator,actuator,1.0,1,1,1,1.0
80800107,world,1,0,undetermined,world,0.5,0,0,1,0.5
80800107,visual,1,0,undetermined,world,0.5,0,0,0,0.5
80800107,actuator,1,1,actuator,actuator,1.0,1,1,1,1.0
80800107,world,1,1,world,world,1.0,1,1,1,1.0
80800107,visual,1,1,visual,visual,1.0,1,1,1,1.0
80800108,actuator,0,0,undetermined,actuator,0.3333333333333333,0,0,1,0.3333333333333333
80800108,world,0,0,undetermined,actuator,0.3333333333333333,0,0,0,0.3333333333333333
80800108,visual,0,0,undetermined,actuator,0.3333333333333333,0,0,0,0.3333333333333333
80800108,actuator,0,1,undetermined,actuator,0.5,0,0,1,0.5
80800108,world,0,1,undetermined,actuator,0.5,0,0,0,0.5
80800108,visual,0,1,visual,visual,1.0,1,1,1,1.0
80800108,actuator,1,0,actuator,actuator,1.0,1,1,1,1.0
80800108,world,1,0,undetermined,world,0.5,0,0,1,0.5
80800108,visual,1,0,undetermined,world,0.5,0,0,0,0.5
80800108,actuator,1,1,actuator,actuator,1.0,1,1,1,1.0
80800108,world,1,1,world,world,1.0,1,1,1,1.0
80800108,visual,1,1,visual,visual,1.0,1,1,1,1.0
80800109,actuator,0,0,undetermined,actuator,0.3333333333333333,0,0,1,0.3333333333333333
80800109,world,0,0,undetermined,actuator,0.3333333333333333,0,0,0,0.3333333333333333
80800109,visual,0,0,undetermined,actuator,0.3333333333333333,0,0,0,0.3333333333333333
80800109,actuator,0,1,undetermined,actuator,0.5,0,0,1,0.5
80800109,world,0,1,undetermined,actuator,0.5,0,0,0,0.5
80800109,visual,0,1,visual,visual,1.0,1,1,1,1.0
80800109,actuator,1,0,actuator,actuator,1.0,1,1,1,1.0
80800109,world,1,0,undetermined,world,0.5,0,0,1,0.5
80800109,visual,1,0,undetermined,world,0.5,0,0,0,0.5
80800109,actuator,1,1,actuator,actuator,1.0,1,1,1,1.0
80800109,world,1,1,world,world,1.0,1,1,1,1.0
80800109,visual,1,1,visual,visual,1.0,1,1,1,1.0
80800110,actuator,0,0,undetermined,actuator,0.3333333333333333,0,0,1,0.3333333333333333
80800110,world,0,0,undetermined,actuator,0.3333333333333333,0,0,0,0.3333333333333333
80800110,visual,0,0,undetermined,actuator,0.3333333333333333,0,0,0,0.3333333333333333
80800110,actuator,0,1,undetermined,actuator,0.5,0,0,1,0.5
80800110,world,0,1,undetermined,actuator,0.5,0,0,0,0.5
80800110,visual,0,1,visual,visual,1.0,1,1,1,1.0
80800110,actuator,1,0,actuator,actuator,1.0,1,1,1,1.0
80800110,world,1,0,undetermined,world,0.5,0,0,1,0.5
80800110,visual,1,0,undetermined,world,0.5,0,0,0,0.5
80800110,actuator,1,1,actuator,actuator,1.0,1,1,1,1.0
80800110,world,1,1,world,world,1.0,1,1,1,1.0
80800110,visual,1,1,visual,visual,1.0,1,1,1,1.0
80800111,actuator,0,0,undetermined,actuator,0.3333333333333333,0,0,1,0.3333333333333333
80800111,world,0,0,undetermined,actuator,0.3333333333333333,0,0,0,0.3333333333333333
80800111,visual,0,0,undetermined,actuator,0.3333333333333333,0,0,0,0.3333333333333333
80800111,actuator,0,1,undetermined,actuator,0.5,0,0,1,0.5
80800111,world,0,1,undetermined,actuator,0.5,0,0,0,0.5
80800111,visual,0,1,visual,visual,1.0,1,1,1,1.0
80800111,actuator,1,0,actuator,actuator,1.0,1,1,1,1.0
80800111,world,1,0,undetermined,world,0.5,0,0,1,0.5
80800111,visual,1,0,undetermined,world,0.5,0,0,0,0.5
80800111,actuator,1,1,actuator,actuator,1.0,1,1,1,1.0
80800111,world,1,1,world,world,1.0,1,1,1,1.0
80800111,visual,1,1,visual,visual,1.0,1,1,1,1.0
80800112,actuator,0,0,undetermined,actuator,0.3333333333333333,0,0,1,0.3333333333333333
80800112,world,0,0,undetermined,actuator,0.3333333333333333,0,0,0,0.3333333333333333
80800112,visual,0,0,undetermined,actuator,0.3333333333333333,0,0,0,0.3333333333333333
80800112,actuator,0,1,undetermined,actuator,0.5,0,0,1,0.5
80800112,world,0,1,undetermined,actuator,0.5,0,0,0,0.5
80800112,visual,0,1,visual,visual,1.0,1,1,1,1.0
80800112,actuator,1,0,actuator,actuator,1.0,1,1,1,1.0
80800112,world,1,0,undetermined,world,0.5,0,0,1,0.5
80800112,visual,1,0,undetermined,world,0.5,0,0,0,0.5
80800112,actuator,1,1,actuator,actuator,1.0,1,1,1,1.0
80800112,world,1,1,world,world,1.0,1,1,1,1.0
80800112,visual,1,1,visual,visual,1.0,1,1,1,1.0
80800113,actuator,0,0,undetermined,actuator,0.3333333333333333,0,0,1,0.3333333333333333
80800113,world,0,0,undetermined,actuator,0.3333333333333333,0,0,0,0.3333333333333333
80800113,visual,0,0,undetermined,actuator,0.3333333333333333,0,0,0,0.3333333333333333
80800113,actuator,0,1,undetermined,actuator,0.5,0,0,1,0.5
80800113,world,0,1,undetermined,actuator,0.5,0,0,0,0.5
80800113,visual,0,1,visual,visual,1.0,1,1,1,1.0
80800113,actuator,1,0,actuator,actuator,1.0,1,1,1,1.0
80800113,world,1,0,undetermined,world,0.5,0,0,1,0.5
80800113,visual,1,0,undetermined,world,0.5,0,0,0,0.5
80800113,actuator,1,1,actuator,actuator,1.0,1,1,1,1.0
80800113,world,1,1,world,world,1.0,1,1,1,1.0
80800113,visual,1,1,visual,visual,1.0,1,1,1,1.0
80800114,actuator,0,0,undetermined,actuator,0.3333333333333333,0,0,1,0.3333333333333333
80800114,world,0,0,undetermined,actuator,0.3333333333333333,0,0,0,0.3333333333333333
80800114,visual,0,0,undetermined,actuator,0.3333333333333333,0,0,0,0.3333333333333333
80800114,actuator,0,1,undetermined,actuator,0.5,0,0,1,0.5
80800114,world,0,1,undetermined,actuator,0.5,0,0,0,0.5
80800114,visual,0,1,visual,visual,1.0,1,1,1,1.0
80800114,actuator,1,0,actuator,actuator,1.0,1,1,1,1.0
80800114,world,1,0,undetermined,world,0.5,0,0,1,0.5
80800114,visual,1,0,undetermined,world,0.5,0,0,0,0.5
80800114,actuator,1,1,actuator,actuator,1.0,1,1,1,1.0
80800114,world,1,1,world,world,1.0,1,1,1,1.0
80800114,visual,1,1,visual,visual,1.0,1,1,1,1.0
80800115,actuator,0,0,undetermined,actuator,0.3333333333333333,0,0,1,0.3333333333333333
80800115,world,0,0,undetermined,actuator,0.3333333333333333,0,0,0,0.3333333333333333
80800115,visual,0,0,undetermined,actuator,0.3333333333333333,0,0,0,0.3333333333333333
80800115,actuator,0,1,undetermined,actuator,0.5,0,0,1,0.5
80800115,world,0,1,undetermined,actuator,0.5,0,0,0,0.5
80800115,visual,0,1,visual,visual,1.0,1,1,1,1.0
80800115,actuator,1,0,actuator,actuator,1.0,1,1,1,1.0
80800115,world,1,0,undetermined,world,0.5,0,0,1,0.5
80800115,visual,1,0,undetermined,world,0.5,0,0,0,0.5
80800115,actuator,1,1,actuator,actuator,1.0,1,1,1,1.0
80800115,world,1,1,world,world,1.0,1,1,1,1.0
80800115,visual,1,1,visual,visual,1.0,1,1,1,1.0
80800116,actuator,0,0,undetermined,actuator,0.3333333333333333,0,0,1,0.3333333333333333
80800116,world,0,0,undetermined,actuator,0.3333333333333333,0,0,0,0.3333333333333333
80800116,visual,0,0,undetermined,actuator,0.3333333333333333,0,0,0,0.3333333333333333
80800116,actuator,0,1,undetermined,actuator,0.5,0,0,1,0.5
80800116,world,0,1,undetermined,actuator,0.5,0,0,0,0.5
80800116,visual,0,1,visual,visual,1.0,1,1,1,1.0
80800116,actuator,1,0,actuator,actuator,1.0,1,1,1,1.0
80800116,world,1,0,undetermined,world,0.5,0,0,1,0.5
80800116,visual,1,0,undetermined,world,0.5,0,0,0,0.5
80800116,actuator,1,1,actuator,actuator,1.0,1,1,1,1.0
80800116,world,1,1,world,world,1.0,1,1,1,1.0
80800116,visual,1,1,visual,visual,1.0,1,1,1,1.0
80800117,actuator,0,0,undetermined,actuator,0.3333333333333333,0,0,1,0.3333333333333333
80800117,world,0,0,undetermined,actuator,0.3333333333333333,0,0,0,0.3333333333333333
80800117,visual,0,0,undetermined,actuator,0.3333333333333333,0,0,0,0.3333333333333333
80800117,actuator,0,1,undetermined,actuator,0.5,0,0,1,0.5
80800117,world,0,1,undetermined,actuator,0.5,0,0,0,0.5
80800117,visual,0,1,visual,visual,1.0,1,1,1,1.0
80800117,actuator,1,0,actuator,actuator,1.0,1,1,1,1.0
80800117,world,1,0,undetermined,world,0.5,0,0,1,0.5
80800117,visual,1,0,undetermined,world,0.5,0,0,0,0.5
80800117,actuator,1,1,actuator,actuator,1.0,1,1,1,1.0
80800117,world,1,1,world,world,1.0,1,1,1,1.0
80800117,visual,1,1,visual,visual,1.0,1,1,1,1.0
80800118,actuator,0,0,undetermined,actuator,0.3333333333333333,0,0,1,0.3333333333333333
80800118,world,0,0,undetermined,actuator,0.3333333333333333,0,0,0,0.3333333333333333
80800118,visual,0,0,undetermined,actuator,0.3333333333333333,0,0,0,0.3333333333333333
80800118,actuator,0,1,undetermined,actuator,0.5,0,0,1,0.5
80800118,world,0,1,undetermined,actuator,0.5,0,0,0,0.5
80800118,visual,0,1,visual,visual,1.0,1,1,1,1.0
80800118,actuator,1,0,actuator,actuator,1.0,1,1,1,1.0
80800118,world,1,0,undetermined,world,0.5,0,0,1,0.5
80800118,visual,1,0,undetermined,world,0.5,0,0,0,0.5
80800118,actuator,1,1,actuator,actuator,1.0,1,1,1,1.0
80800118,world,1,1,world,world,1.0,1,1,1,1.0
80800118,visual,1,1,visual,visual,1.0,1,1,1,1.0
80800119,actuator,0,0,undetermined,actuator,0.3333333333333333,0,0,1,0.3333333333333333
80800119,world,0,0,undetermined,actuator,0.3333333333333333,0,0,0,0.3333333333333333
80800119,visual,0,0,undetermined,actuator,0.3333333333333333,0,0,0,0.3333333333333333
80800119,actuator,0,1,undetermined,actuator,0.5,0,0,1,0.5
80800119,world,0,1,undetermined,actuator,0.5,0,0,0,0.5
80800119,visual,0,1,visual,visual,1.0,1,1,1,1.0
80800119,actuator,1,0,actuator,actuator,1.0,1,1,1,1.0
80800119,world,1,0,undetermined,world,0.5,0,0,1,0.5
80800119,visual,1,0,undetermined,world,0.5,0,0,0,0.5
80800119,actuator,1,1,actuator,actuator,1.0,1,1,1,1.0
80800119,world,1,1,world,world,1.0,1,1,1,1.0
80800119,visual,1,1,visual,visual,1.0,1,1,1,1.0
80800120,actuator,0,0,undetermined,actuator,0.3333333333333333,0,0,1,0.3333333333333333
80800120,world,0,0,undetermined,actuator,0.3333333333333333,0,0,0,0.3333333333333333
80800120,visual,0,0,undetermined,actuator,0.3333333333333333,0,0,0,0.3333333333333333
80800120,actuator,0,1,undetermined,actuator,0.5,0,0,1,0.5
80800120,world,0,1,undetermined,actuator,0.5,0,0,0,0.5
80800120,visual,0,1,visual,visual,1.0,1,1,1,1.0
80800120,actuator,1,0,actuator,actuator,1.0,1,1,1,1.0
80800120,world,1,0,undetermined,world,0.5,0,0,1,0.5
80800120,visual,1,0,undetermined,world,0.5,0,0,0,0.5
80800120,actuator,1,1,actuator,actuator,1.0,1,1,1,1.0
80800120,world,1,1,world,world,1.0,1,1,1,1.0
80800120,visual,1,1,visual,visual,1.0,1,1,1,1.0
80800121,actuator,0,0,undetermined,actuator,0.3333333333333333,0,0,1,0.3333333333333333
80800121,world,0,0,undetermined,actuator,0.3333333333333333,0,0,0,0.3333333333333333
80800121,visual,0,0,undetermined,actuator,0.3333333333333333,0,0,0,0.3333333333333333
80800121,actuator,0,1,undetermined,actuator,0.5,0,0,1,0.5
80800121,world,0,1,undetermined,actuator,0.5,0,0,0,0.5
80800121,visual,0,1,visual,visual,1.0,1,1,1,1.0
80800121,actuator,1,0,actuator,actuator,1.0,1,1,1,1.0
80800121,world,1,0,undetermined,world,0.5,0,0,1,0.5
80800121,visual,1,0,undetermined,world,0.5,0,0,0,0.5
80800121,actuator,1,1,actuator,actuator,1.0,1,1,1,1.0
80800121,world,1,1,world,world,1.0,1,1,1,1.0
80800121,visual,1,1,visual,visual,1.0,1,1,1,1.0
80800122,actuator,0,0,undetermined,actuator,0.3333333333333333,0,0,1,0.3333333333333333
80800122,world,0,0,undetermined,actuator,0.3333333333333333,0,0,0,0.3333333333333333
80800122,visual,0,0,undetermined,actuator,0.3333333333333333,0,0,0,0.3333333333333333
80800122,actuator,0,1,undetermined,actuator,0.5,0,0,1,0.5
80800122,world,0,1,undetermined,actuator,0.5,0,0,0,0.5
80800122,visual,0,1,visual,visual,1.0,1,1,1,1.0
80800122,actuator,1,0,actuator,actuator,1.0,1,1,1,1.0
80800122,world,1,0,undetermined,world,0.5,0,0,1,0.5
80800122,visual,1,0,undetermined,world,0.5,0,0,0,0.5
80800122,actuator,1,1,actuator,actuator,1.0,1,1,1,1.0
80800122,world,1,1,world,world,1.0,1,1,1,1.0
80800122,visual,1,1,visual,visual,1.0,1,1,1,1.0
80800123,actuator,0,0,undetermined,actuator,0.3333333333333333,0,0,1,0.3333333333333333
80800123,world,0,0,undetermined,actuator,0.3333333333333333,0,0,0,0.3333333333333333
80800123,visual,0,0,undetermined,actuator,0.3333333333333333,0,0,0,0.3333333333333333
80800123,actuator,0,1,undetermined,actuator,0.5,0,0,1,0.5
80800123,world,0,1,undetermined,actuator,0.5,0,0,0,0.5
80800123,visual,0,1,visual,visual,1.0,1,1,1,1.0
80800123,actuator,1,0,actuator,actuator,1.0,1,1,1,1.0
80800123,world,1,0,undetermined,world,0.5,0,0,1,0.5
80800123,visual,1,0,undetermined,world,0.5,0,0,0,0.5
80800123,actuator,1,1,actuator,actuator,1.0,1,1,1,1.0
80800123,world,1,1,world,world,1.0,1,1,1,1.0
80800123,visual,1,1,visual,visual,1.0,1,1,1,1.0
80800124,actuator,0,0,undetermined,actuator,0.3333333333333333,0,0,1,0.3333333333333333
80800124,world,0,0,undetermined,actuator,0.3333333333333333,0,0,0,0.3333333333333333
80800124,visual,0,0,undetermined,actuator,0.3333333333333333,0,0,0,0.3333333333333333
80800124,actuator,0,1,undetermined,actuator,0.5,0,0,1,0.5
80800124,world,0,1,undetermined,actuator,0.5,0,0,0,0.5
80800124,visual,0,1,visual,visual,1.0,1,1,1,1.0
80800124,actuator,1,0,actuator,actuator,1.0,1,1,1,1.0
80800124,world,1,0,undetermined,world,0.5,0,0,1,0.5
80800124,visual,1,0,undetermined,world,0.5,0,0,0,0.5
80800124,actuator,1,1,actuator,actuator,1.0,1,1,1,1.0
80800124,world,1,1,world,world,1.0,1,1,1,1.0
80800124,visual,1,1,visual,visual,1.0,1,1,1,1.0
80800125,actuator,0,0,undetermined,actuator,0.3333333333333333,0,0,1,0.3333333333333333
80800125,world,0,0,undetermined,actuator,0.3333333333333333,0,0,0,0.3333333333333333
80800125,visual,0,0,undetermined,actuator,0.3333333333333333,0,0,0,0.3333333333333333
80800125,actuator,0,1,undetermined,actuator,0.5,0,0,1,0.5
80800125,world,0,1,undetermined,actuator,0.5,0,0,0,0.5
80800125,visual,0,1,visual,visual,1.0,1,1,1,1.0
80800125,actuator,1,0,actuator,actuator,1.0,1,1,1,1.0
80800125,world,1,0,undetermined,world,0.5,0,0,1,0.5
80800125,visual,1,0,undetermined,world,0.5,0,0,0,0.5
80800125,actuator,1,1,actuator,actuator,1.0,1,1,1,1.0
80800125,world,1,1,world,world,1.0,1,1,1,1.0
80800125,visual,1,1,visual,visual,1.0,1,1,1,1.0
80800126,actuator,0,0,undetermined,actuator,0.3333333333333333,0,0,1,0.3333333333333333
80800126,world,0,0,undetermined,actuator,0.3333333333333333,0,0,0,0.3333333333333333
80800126,visual,0,0,undetermined,actuator,0.3333333333333333,0,0,0,0.3333333333333333
80800126,actuator,0,1,undetermined,actuator,0.5,0,0,1,0.5
80800126,world,0,1,undetermined,actuator,0.5,0,0,0,0.5
80800126,visual,0,1,visual,visual,1.0,1,1,1,1.0
80800126,actuator,1,0,actuator,actuator,1.0,1,1,1,1.0
80800126,world,1,0,undetermined,world,0.5,0,0,1,0.5
80800126,visual,1,0,undetermined,world,0.5,0,0,0,0.5
80800126,actuator,1,1,actuator,actuator,1.0,1,1,1,1.0
80800126,world,1,1,world,world,1.0,1,1,1,1.0
80800126,visual,1,1,visual,visual,1.0,1,1,1,1.0
80800127,actuator,0,0,undetermined,actuator,0.3333333333333333,0,0,1,0.3333333333333333
80800127,world,0,0,undetermined,actuator,0.3333333333333333,0,0,0,0.3333333333333333
80800127,visual,0,0,undetermined,actuator,0.3333333333333333,0,0,0,0.3333333333333333
80800127,actuator,0,1,undetermined,actuator,0.5,0,0,1,0.5
80800127,world,0,1,undetermined,actuator,0.5,0,0,0,0.5
80800127,visual,0,1,visual,visual,1.0,1,1,1,1.0
80800127,actuator,1,0,actuator,actuator,1.0,1,1,1,1.0
80800127,world,1,0,undetermined,world,0.5,0,0,1,0.5
80800127,visual,1,0,undetermined,world,0.5,0,0,0,0.5
80800127,actuator,1,1,actuator,actuator,1.0,1,1,1,1.0
80800127,world,1,1,world,world,1.0,1,1,1,1.0
80800127,visual,1,1,visual,visual,1.0,1,1,1,1.0
80800128,actuator,0,0,undetermined,actuator,0.3333333333333333,0,0,1,0.3333333333333333
80800128,world,0,0,undetermined,actuator,0.3333333333333333,0,0,0,0.3333333333333333
80800128,visual,0,0,undetermined,actuator,0.3333333333333333,0,0,0,0.3333333333333333
80800128,actuator,0,1,undetermined,actuator,0.5,0,0,1,0.5
80800128,world,0,1,undetermined,actuator,0.5,0,0,0,0.5
80800128,visual,0,1,visual,visual,1.0,1,1,1,1.0
80800128,actuator,1,0,actuator,actuator,1.0,1,1,1,1.0
80800128,world,1,0,undetermined,world,0.5,0,0,1,0.5
80800128,visual,1,0,undetermined,world,0.5,0,0,0,0.5
80800128,actuator,1,1,actuator,actuator,1.0,1,1,1,1.0
80800128,world,1,1,world,world,1.0,1,1,1,1.0
80800128,visual,1,1,visual,visual,1.0,1,1,1,1.0
80800129,actuator,0,0,undetermined,actuator,0.3333333333333333,0,0,1,0.3333333333333333
80800129,world,0,0,undetermined,actuator,0.3333333333333333,0,0,0,0.3333333333333333
80800129,visual,0,0,undetermined,actuator,0.3333333333333333,0,0,0,0.3333333333333333
80800129,actuator,0,1,undetermined,actuator,0.5,0,0,1,0.5
80800129,world,0,1,undetermined,actuator,0.5,0,0,0,0.5
80800129,visual,0,1,visual,visual,1.0,1,1,1,1.0
80800129,actuator,1,0,actuator,actuator,1.0,1,1,1,1.0
80800129,world,1,0,undetermined,world,0.5,0,0,1,0.5
80800129,visual,1,0,undetermined,world,0.5,0,0,0,0.5
80800129,actuator,1,1,actuator,actuator,1.0,1,1,1,1.0
80800129,world,1,1,world,world,1.0,1,1,1,1.0
80800129,visual,1,1,visual,visual,1.0,1,1,1,1.0
80800130,actuator,0,0,undetermined,actuator,0.3333333333333333,0,0,1,0.3333333333333333
80800130,world,0,0,undetermined,actuator,0.3333333333333333,0,0,0,0.3333333333333333
80800130,visual,0,0,undetermined,actuator,0.3333333333333333,0,0,0,0.3333333333333333
80800130,actuator,0,1,undetermined,actuator,0.5,0,0,1,0.5
80800130,world,0,1,undetermined,actuator,0.5,0,0,0,0.5
80800130,visual,0,1,visual,visual,1.0,1,1,1,1.0
80800130,actuator,1,0,actuator,actuator,1.0,1,1,1,1.0
80800130,world,1,0,undetermined,world,0.5,0,0,1,0.5
80800130,visual,1,0,undetermined,world,0.5,0,0,0,0.5
80800130,actuator,1,1,actuator,actuator,1.0,1,1,1,1.0
80800130,world,1,1,world,world,1.0,1,1,1,1.0
80800130,visual,1,1,visual,visual,1.0,1,1,1,1.0
80800131,actuator,0,0,undetermined,actuator,0.3333333333333333,0,0,1,0.3333333333333333
80800131,world,0,0,undetermined,actuator,0.3333333333333333,0,0,0,0.3333333333333333
80800131,visual,0,0,undetermined,actuator,0.3333333333333333,0,0,0,0.3333333333333333
80800131,actuator,0,1,undetermined,actuator,0.5,0,0,1,0.5
80800131,world,0,1,undetermined,actuator,0.5,0,0,0,0.5
80800131,visual,0,1,visual,visual,1.0,1,1,1,1.0
80800131,actuator,1,0,actuator,actuator,1.0,1,1,1,1.0
80800131,world,1,0,undetermined,world,0.5,0,0,1,0.5
80800131,visual,1,0,undetermined,world,0.5,0,0,0,0.5
80800131,actuator,1,1,actuator,actuator,1.0,1,1,1,1.0
80800131,world,1,1,world,world,1.0,1,1,1,1.0
80800131,visual,1,1,visual,visual,1.0,1,1,1,1.0
80800132,actuator,0,0,undetermined,actuator,0.3333333333333333,0,0,1,0.3333333333333333
80800132,world,0,0,undetermined,actuator,0.3333333333333333,0,0,0,0.3333333333333333
80800132,visual,0,0,undetermined,actuator,0.3333333333333333,0,0,0,0.3333333333333333
80800132,actuator,0,1,undetermined,actuator,0.5,0,0,1,0.5
80800132,world,0,1,undetermined,actuator,0.5,0,0,0,0.5
80800132,visual,0,1,visual,visual,1.0,1,1,1,1.0
80800132,actuator,1,0,actuator,actuator,1.0,1,1,1,1.0
80800132,world,1,0,undetermined,world,0.5,0,0,1,0.5
80800132,visual,1,0,undetermined,world,0.5,0,0,0,0.5
80800132,actuator,1,1,actuator,actuator,1.0,1,1,1,1.0
80800132,world,1,1,world,world,1.0,1,1,1,1.0
80800132,visual,1,1,visual,visual,1.0,1,1,1,1.0
80800133,actuator,0,0,undetermined,actuator,0.3333333333333333,0,0,1,0.3333333333333333
80800133,world,0,0,undetermined,actuator,0.3333333333333333,0,0,0,0.3333333333333333
80800133,visual,0,0,undetermined,actuator,0.3333333333333333,0,0,0,0.3333333333333333
80800133,actuator,0,1,undetermined,actuator,0.5,0,0,1,0.5
80800133,world,0,1,undetermined,actuator,0.5,0,0,0,0.5
80800133,visual,0,1,visual,visual,1.0,1,1,1,1.0
80800133,actuator,1,0,actuator,actuator,1.0,1,1,1,1.0
80800133,world,1,0,undetermined,world,0.5,0,0,1,0.5
80800133,visual,1,0,undetermined,world,0.5,0,0,0,0.5
80800133,actuator,1,1,actuator,actuator,1.0,1,1,1,1.0
80800133,world,1,1,world,world,1.0,1,1,1,1.0
80800133,visual,1,1,visual,visual,1.0,1,1,1,1.0
80800134,actuator,0,0,undetermined,actuator,0.3333333333333333,0,0,1,0.3333333333333333
80800134,world,0,0,undetermined,actuator,0.3333333333333333,0,0,0,0.3333333333333333
80800134,visual,0,0,undetermined,actuator,0.3333333333333333,0,0,0,0.3333333333333333
80800134,actuator,0,1,undetermined,actuator,0.5,0,0,1,0.5
80800134,world,0,1,undetermined,actuator,0.5,0,0,0,0.5
80800134,visual,0,1,visual,visual,1.0,1,1,1,1.0
80800134,actuator,1,0,actuator,actuator,1.0,1,1,1,1.0
80800134,world,1,0,undetermined,world,0.5,0,0,1,0.5
80800134,visual,1,0,undetermined,world,0.5,0,0,0,0.5
80800134,actuator,1,1,actuator,actuator,1.0,1,1,1,1.0
80800134,world,1,1,world,world,1.0,1,1,1,1.0
80800134,visual,1,1,visual,visual,1.0,1,1,1,1.0
80800135,actuator,0,0,undetermined,actuator,0.3333333333333333,0,0,1,0.3333333333333333
80800135,world,0,0,undetermined,actuator,0.3333333333333333,0,0,0,0.3333333333333333
80800135,visual,0,0,undetermined,actuator,0.3333333333333333,0,0,0,0.3333333333333333
80800135,actuator,0,1,undetermined,actuator,0.5,0,0,1,0.5
80800135,world,0,1,undetermined,actuator,0.5,0,0,0,0.5
80800135,visual,0,1,visual,visual,1.0,1,1,1,1.0
80800135,actuator,1,0,actuator,actuator,1.0,1,1,1,1.0
80800135,world,1,0,undetermined,world,0.5,0,0,1,0.5
80800135,visual,1,0,undetermined,world,0.5,0,0,0,0.5
80800135,actuator,1,1,actuator,actuator,1.0,1,1,1,1.0
80800135,world,1,1,world,world,1.0,1,1,1,1.0
80800135,visual,1,1,visual,visual,1.0,1,1,1,1.0
80800136,actuator,0,0,undetermined,actuator,0.3333333333333333,0,0,1,0.3333333333333333
80800136,world,0,0,undetermined,actuator,0.3333333333333333,0,0,0,0.3333333333333333
80800136,visual,0,0,undetermined,actuator,0.3333333333333333,0,0,0,0.3333333333333333
80800136,actuator,0,1,undetermined,actuator,0.5,0,0,1,0.5
80800136,world,0,1,undetermined,actuator,0.5,0,0,0,0.5
80800136,visual,0,1,visual,visual,1.0,1,1,1,1.0
80800136,actuator,1,0,actuator,actuator,1.0,1,1,1,1.0
80800136,world,1,0,undetermined,world,0.5,0,0,1,0.5
80800136,visual,1,0,undetermined,world,0.5,0,0,0,0.5
80800136,actuator,1,1,actuator,actuator,1.0,1,1,1,1.0
80800136,world,1,1,world,world,1.0,1,1,1,1.0
80800136,visual,1,1,visual,visual,1.0,1,1,1,1.0
80800137,actuator,0,0,undetermined,actuator,0.3333333333333333,0,0,1,0.3333333333333333
80800137,world,0,0,undetermined,actuator,0.3333333333333333,0,0,0,0.3333333333333333
80800137,visual,0,0,undetermined,actuator,0.3333333333333333,0,0,0,0.3333333333333333
80800137,actuator,0,1,undetermined,actuator,0.5,0,0,1,0.5
80800137,world,0,1,undetermined,actuator,0.5,0,0,0,0.5
80800137,visual,0,1,visual,visual,1.0,1,1,1,1.0
80800137,actuator,1,0,actuator,actuator,1.0,1,1,1,1.0
80800137,world,1,0,undetermined,world,0.5,0,0,1,0.5
80800137,visual,1,0,undetermined,world,0.5,0,0,0,0.5
80800137,actuator,1,1,actuator,actuator,1.0,1,1,1,1.0
80800137,world,1,1,world,world,1.0,1,1,1,1.0
80800137,visual,1,1,visual,visual,1.0,1,1,1,1.0
80800138,actuator,0,0,undetermined,actuator,0.3333333333333333,0,0,1,0.3333333333333333
80800138,world,0,0,undetermined,actuator,0.3333333333333333,0,0,0,0.3333333333333333
80800138,visual,0,0,undetermined,actuator,0.3333333333333333,0,0,0,0.3333333333333333
80800138,actuator,0,1,undetermined,actuator,0.5,0,0,1,0.5
80800138,world,0,1,undetermined,actuator,0.5,0,0,0,0.5
80800138,visual,0,1,visual,visual,1.0,1,1,1,1.0
80800138,actuator,1,0,actuator,actuator,1.0,1,1,1,1.0
80800138,world,1,0,undetermined,world,0.5,0,0,1,0.5
80800138,visual,1,0,undetermined,world,0.5,0,0,0,0.5
80800138,actuator,1,1,actuator,actuator,1.0,1,1,1,1.0
80800138,world,1,1,world,world,1.0,1,1,1,1.0
80800138,visual,1,1,visual,visual,1.0,1,1,1,1.0
80800139,actuator,0,0,undetermined,actuator,0.3333333333333333,0,0,1,0.3333333333333333
80800139,world,0,0,undetermined,actuator,0.3333333333333333,0,0,0,0.3333333333333333
80800139,visual,0,0,undetermined,actuator,0.3333333333333333,0,0,0,0.3333333333333333
80800139,actuator,0,1,undetermined,actuator,0.5,0,0,1,0.5
80800139,world,0,1,undetermined,actuator,0.5,0,0,0,0.5
80800139,visual,0,1,visual,visual,1.0,1,1,1,1.0
80800139,actuator,1,0,actuator,actuator,1.0,1,1,1,1.0
80800139,world,1,0,undetermined,world,0.5,0,0,1,0.5
80800139,visual,1,0,undetermined,world,0.5,0,0,0,0.5
80800139,actuator,1,1,actuator,actuator,1.0,1,1,1,1.0
80800139,world,1,1,world,world,1.0,1,1,1,1.0
80800139,visual,1,1,visual,visual,1.0,1,1,1,1.0
80800140,actuator,0,0,undetermined,actuator,0.3333333333333333,0,0,1,0.3333333333333333
80800140,world,0,0,undetermined,actuator,0.3333333333333333,0,0,0,0.3333333333333333
80800140,visual,0,0,undetermined,actuator,0.3333333333333333,0,0,0,0.3333333333333333
80800140,actuator,0,1,undetermined,actuator,0.5,0,0,1,0.5
80800140,world,0,1,undetermined,actuator,0.5,0,0,0,0.5
80800140,visual,0,1,visual,visual,1.0,1,1,1,1.0
80800140,actuator,1,0,actuator,actuator,1.0,1,1,1,1.0
80800140,world,1,0,undetermined,world,0.5,0,0,1,0.5
80800140,visual,1,0,undetermined,world,0.5,0,0,0,0.5
80800140,actuator,1,1,actuator,actuator,1.0,1,1,1,1.0
80800140,world,1,1,world,world,1.0,1,1,1,1.0
80800140,visual,1,1,visual,visual,1.0,1,1,1,1.0
80800141,actuator,0,0,undetermined,actuator,0.3333333333333333,0,0,1,0.3333333333333333
80800141,world,0,0,undetermined,actuator,0.3333333333333333,0,0,0,0.3333333333333333
80800141,visual,0,0,undetermined,actuator,0.3333333333333333,0,0,0,0.3333333333333333
80800141,actuator,0,1,undetermined,actuator,0.5,0,0,1,0.5
80800141,world,0,1,undetermined,actuator,0.5,0,0,0,0.5
80800141,visual,0,1,visual,visual,1.0,1,1,1,1.0
80800141,actuator,1,0,actuator,actuator,1.0,1,1,1,1.0
80800141,world,1,0,undetermined,world,0.5,0,0,1,0.5
80800141,visual,1,0,undetermined,world,0.5,0,0,0,0.5
80800141,actuator,1,1,actuator,actuator,1.0,1,1,1,1.0
80800141,world,1,1,world,world,1.0,1,1,1,1.0
80800141,visual,1,1,visual,visual,1.0,1,1,1,1.0
80800142,actuator,0,0,undetermined,actuator,0.3333333333333333,0,0,1,0.3333333333333333
80800142,world,0,0,undetermined,actuator,0.3333333333333333,0,0,0,0.3333333333333333
80800142,visual,0,0,undetermined,actuator,0.3333333333333333,0,0,0,0.3333333333333333
80800142,actuator,0,1,undetermined,actuator,0.5,0,0,1,0.5
80800142,world,0,1,undetermined,actuator,0.5,0,0,0,0.5
80800142,visual,0,1,visual,visual,1.0,1,1,1,1.0
80800142,actuator,1,0,actuator,actuator,1.0,1,1,1,1.0
80800142,world,1,0,undetermined,world,0.5,0,0,1,0.5
80800142,visual,1,0,undetermined,world,0.5,0,0,0,0.5
80800142,actuator,1,1,actuator,actuator,1.0,1,1,1,1.0
80800142,world,1,1,world,world,1.0,1,1,1,1.0
80800142,visual,1,1,visual,visual,1.0,1,1,1,1.0
80800143,actuator,0,0,undetermined,actuator,0.3333333333333333,0,0,1,0.3333333333333333
80800143,world,0,0,undetermined,actuator,0.3333333333333333,0,0,0,0.3333333333333333
80800143,visual,0,0,undetermined,actuator,0.3333333333333333,0,0,0,0.3333333333333333
80800143,actuator,0,1,undetermined,actuator,0.5,0,0,1,0.5
80800143,world,0,1,undetermined,actuator,0.5,0,0,0,0.5
80800143,visual,0,1,visual,visual,1.0,1,1,1,1.0
80800143,actuator,1,0,actuator,actuator,1.0,1,1,1,1.0
80800143,world,1,0,undetermined,world,0.5,0,0,1,0.5
80800143,visual,1,0,undetermined,world,0.5,0,0,0,0.5
80800143,actuator,1,1,actuator,actuator,1.0,1,1,1,1.0
80800143,world,1,1,world,world,1.0,1,1,1,1.0
80800143,visual,1,1,visual,visual,1.0,1,1,1,1.0
80800144,actuator,0,0,undetermined,actuator,0.3333333333333333,0,0,1,0.3333333333333333
80800144,world,0,0,undetermined,actuator,0.3333333333333333,0,0,0,0.3333333333333333
80800144,visual,0,0,undetermined,actuator,0.3333333333333333,0,0,0,0.3333333333333333
80800144,actuator,0,1,undetermined,actuator,0.5,0,0,1,0.5
80800144,world,0,1,undetermined,actuator,0.5,0,0,0,0.5
80800144,visual,0,1,visual,visual,1.0,1,1,1,1.0
80800144,actuator,1,0,actuator,actuator,1.0,1,1,1,1.0
80800144,world,1,0,undetermined,world,0.5,0,0,1,0.5
80800144,visual,1,0,undetermined,world,0.5,0,0,0,0.5
80800144,actuator,1,1,actuator,actuator,1.0,1,1,1,1.0
80800144,world,1,1,world,world,1.0,1,1,1,1.0
80800144,visual,1,1,visual,visual,1.0,1,1,1,1.0
80800145,actuator,0,0,undetermined,actuator,0.3333333333333333,0,0,1,0.3333333333333333
80800145,world,0,0,undetermined,actuator,0.3333333333333333,0,0,0,0.3333333333333333
80800145,visual,0,0,undetermined,actuator,0.3333333333333333,0,0,0,0.3333333333333333
80800145,actuator,0,1,undetermined,actuator,0.5,0,0,1,0.5
80800145,world,0,1,undetermined,actuator,0.5,0,0,0,0.5
80800145,visual,0,1,visual,visual,1.0,1,1,1,1.0
80800145,actuator,1,0,actuator,actuator,1.0,1,1,1,1.0
80800145,world,1,0,undetermined,world,0.5,0,0,1,0.5
80800145,visual,1,0,undetermined,world,0.5,0,0,0,0.5
80800145,actuator,1,1,actuator,actuator,1.0,1,1,1,1.0
80800145,world,1,1,world,world,1.0,1,1,1,1.0
80800145,visual,1,1,visual,visual,1.0,1,1,1,1.0
80800146,actuator,0,0,undetermined,actuator,0.3333333333333333,0,0,1,0.3333333333333333
80800146,world,0,0,undetermined,actuator,0.3333333333333333,0,0,0,0.3333333333333333
80800146,visual,0,0,undetermined,actuator,0.3333333333333333,0,0,0,0.3333333333333333
80800146,actuator,0,1,undetermined,actuator,0.5,0,0,1,0.5
80800146,world,0,1,undetermined,actuator,0.5,0,0,0,0.5
80800146,visual,0,1,visual,visual,1.0,1,1,1,1.0
80800146,actuator,1,0,actuator,actuator,1.0,1,1,1,1.0
80800146,world,1,0,undetermined,world,0.5,0,0,1,0.5
80800146,visual,1,0,undetermined,world,0.5,0,0,0,0.5
80800146,actuator,1,1,actuator,actuator,1.0,1,1,1,1.0
80800146,world,1,1,world,world,1.0,1,1,1,1.0
80800146,visual,1,1,visual,visual,1.0,1,1,1,1.0
80800147,actuator,0,0,undetermined,actuator,0.3333333333333333,0,0,1,0.3333333333333333
80800147,world,0,0,undetermined,actuator,0.3333333333333333,0,0,0,0.3333333333333333
80800147,visual,0,0,undetermined,actuator,0.3333333333333333,0,0,0,0.3333333333333333
80800147,actuator,0,1,undetermined,actuator,0.5,0,0,1,0.5
80800147,world,0,1,undetermined,actuator,0.5,0,0,0,0.5
80800147,visual,0,1,visual,visual,1.0,1,1,1,1.0
80800147,actuator,1,0,actuator,actuator,1.0,1,1,1,1.0
80800147,world,1,0,undetermined,world,0.5,0,0,1,0.5
80800147,visual,1,0,undetermined,world,0.5,0,0,0,0.5
80800147,actuator,1,1,actuator,actuator,1.0,1,1,1,1.0
80800147,world,1,1,world,world,1.0,1,1,1,1.0
80800147,visual,1,1,visual,visual,1.0,1,1,1,1.0
80800148,actuator,0,0,undetermined,actuator,0.3333333333333333,0,0,1,0.3333333333333333
80800148,world,0,0,undetermined,actuator,0.3333333333333333,0,0,0,0.3333333333333333
80800148,visual,0,0,undetermined,actuator,0.3333333333333333,0,0,0,0.3333333333333333
80800148,actuator,0,1,undetermined,actuator,0.5,0,0,1,0.5
80800148,world,0,1,undetermined,actuator,0.5,0,0,0,0.5
80800148,visual,0,1,visual,visual,1.0,1,1,1,1.0
80800148,actuator,1,0,actuator,actuator,1.0,1,1,1,1.0
80800148,world,1,0,undetermined,world,0.5,0,0,1,0.5
80800148,visual,1,0,undetermined,world,0.5,0,0,0,0.5
80800148,actuator,1,1,actuator,actuator,1.0,1,1,1,1.0
80800148,world,1,1,world,world,1.0,1,1,1,1.0
80800148,visual,1,1,visual,visual,1.0,1,1,1,1.0
80800149,actuator,0,0,undetermined,actuator,0.3333333333333333,0,0,1,0.3333333333333333
80800149,world,0,0,undetermined,actuator,0.3333333333333333,0,0,0,0.3333333333333333
80800149,visual,0,0,undetermined,actuator,0.3333333333333333,0,0,0,0.3333333333333333
80800149,actuator,0,1,undetermined,actuator,0.5,0,0,1,0.5
80800149,world,0,1,undetermined,actuator,0.5,0,0,0,0.5
80800149,visual,0,1,visual,visual,1.0,1,1,1,1.0
80800149,actuator,1,0,actuator,actuator,1.0,1,1,1,1.0
80800149,world,1,0,undetermined,world,0.5,0,0,1,0.5
80800149,visual,1,0,undetermined,world,0.5,0,0,0,0.5
80800149,actuator,1,1,actuator,actuator,1.0,1,1,1,1.0
80800149,world,1,1,world,world,1.0,1,1,1,1.0
80800149,visual,1,1,visual,visual,1.0,1,1,1,1.0
80800150,actuator,0,0,undetermined,actuator,0.3333333333333333,0,0,1,0.3333333333333333
80800150,world,0,0,undetermined,actuator,0.3333333333333333,0,0,0,0.3333333333333333
80800150,visual,0,0,undetermined,actuator,0.3333333333333333,0,0,0,0.3333333333333333
80800150,actuator,0,1,undetermined,actuator,0.5,0,0,1,0.5
80800150,world,0,1,undetermined,actuator,0.5,0,0,0,0.5
80800150,visual,0,1,visual,visual,1.0,1,1,1,1.0
80800150,actuator,1,0,actuator,actuator,1.0,1,1,1,1.0
80800150,world,1,0,undetermined,world,0.5,0,0,1,0.5
80800150,visual,1,0,undetermined,world,0.5,0,0,0,0.5
80800150,actuator,1,1,actuator,actuator,1.0,1,1,1,1.0
80800150,world,1,1,world,world,1.0,1,1,1,1.0
80800150,visual,1,1,visual,visual,1.0,1,1,1,1.0
80800151,actuator,0,0,undetermined,actuator,0.3333333333333333,0,0,1,0.3333333333333333
80800151,world,0,0,undetermined,actuator,0.3333333333333333,0,0,0,0.3333333333333333
80800151,visual,0,0,undetermined,actuator,0.3333333333333333,0,0,0,0.3333333333333333
80800151,actuator,0,1,undetermined,actuator,0.5,0,0,1,0.5
80800151,world,0,1,undetermined,actuator,0.5,0,0,0,0.5
80800151,visual,0,1,visual,visual,1.0,1,1,1,1.0
80800151,actuator,1,0,actuator,actuator,1.0,1,1,1,1.0
80800151,world,1,0,undetermined,world,0.5,0,0,1,0.5
80800151,visual,1,0,undetermined,world,0.5,0,0,0,0.5
80800151,actuator,1,1,actuator,actuator,1.0,1,1,1,1.0
80800151,world,1,1,world,world,1.0,1,1,1,1.0
80800151,visual,1,1,visual,visual,1.0,1,1,1,1.0
80800152,actuator,0,0,undetermined,actuator,0.3333333333333333,0,0,1,0.3333333333333333
80800152,world,0,0,undetermined,actuator,0.3333333333333333,0,0,0,0.3333333333333333
80800152,visual,0,0,undetermined,actuator,0.3333333333333333,0,0,0,0.3333333333333333
80800152,actuator,0,1,undetermined,actuator,0.5,0,0,1,0.5
80800152,world,0,1,undetermined,actuator,0.5,0,0,0,0.5
80800152,visual,0,1,visual,visual,1.0,1,1,1,1.0
80800152,actuator,1,0,actuator,actuator,1.0,1,1,1,1.0
80800152,world,1,0,undetermined,world,0.5,0,0,1,0.5
80800152,visual,1,0,undetermined,world,0.5,0,0,0,0.5
80800152,actuator,1,1,actuator,actuator,1.0,1,1,1,1.0
80800152,world,1,1,world,world,1.0,1,1,1,1.0
80800152,visual,1,1,visual,visual,1.0,1,1,1,1.0
80800153,actuator,0,0,undetermined,actuator,0.3333333333333333,0,0,1,0.3333333333333333
80800153,world,0,0,undetermined,actuator,0.3333333333333333,0,0,0,0.3333333333333333
80800153,visual,0,0,undetermined,actuator,0.3333333333333333,0,0,0,0.3333333333333333
80800153,actuator,0,1,undetermined,actuator,0.5,0,0,1,0.5
80800153,world,0,1,undetermined,actuator,0.5,0,0,0,0.5
80800153,visual,0,1,visual,visual,1.0,1,1,1,1.0
80800153,actuator,1,0,actuator,actuator,1.0,1,1,1,1.0
80800153,world,1,0,undetermined,world,0.5,0,0,1,0.5
80800153,visual,1,0,undetermined,world,0.5,0,0,0,0.5
80800153,actuator,1,1,actuator,actuator,1.0,1,1,1,1.0
80800153,world,1,1,world,world,1.0,1,1,1,1.0
80800153,visual,1,1,visual,visual,1.0,1,1,1,1.0
80800154,actuator,0,0,undetermined,actuator,0.3333333333333333,0,0,1,0.3333333333333333
80800154,world,0,0,undetermined,actuator,0.3333333333333333,0,0,0,0.3333333333333333
80800154,visual,0,0,undetermined,actuator,0.3333333333333333,0,0,0,0.3333333333333333
80800154,actuator,0,1,undetermined,actuator,0.5,0,0,1,0.5
80800154,world,0,1,undetermined,actuator,0.5,0,0,0,0.5
80800154,visual,0,1,visual,visual,1.0,1,1,1,1.0
80800154,actuator,1,0,actuator,actuator,1.0,1,1,1,1.0
80800154,world,1,0,undetermined,world,0.5,0,0,1,0.5
80800154,visual,1,0,undetermined,world,0.5,0,0,0,0.5
80800154,actuator,1,1,actuator,actuator,1.0,1,1,1,1.0
80800154,world,1,1,world,world,1.0,1,1,1,1.0
80800154,visual,1,1,visual,visual,1.0,1,1,1,1.0
80800155,actuator,0,0,undetermined,actuator,0.3333333333333333,0,0,1,0.3333333333333333
80800155,world,0,0,undetermined,actuator,0.3333333333333333,0,0,0,0.3333333333333333
80800155,visual,0,0,undetermined,actuator,0.3333333333333333,0,0,0,0.3333333333333333
80800155,actuator,0,1,undetermined,actuator,0.5,0,0,1,0.5
80800155,world,0,1,undetermined,actuator,0.5,0,0,0,0.5
80800155,visual,0,1,visual,visual,1.0,1,1,1,1.0
80800155,actuator,1,0,actuator,actuator,1.0,1,1,1,1.0
80800155,world,1,0,undetermined,world,0.5,0,0,1,0.5
80800155,visual,1,0,undetermined,world,0.5,0,0,0,0.5
80800155,actuator,1,1,actuator,actuator,1.0,1,1,1,1.0
80800155,world,1,1,world,world,1.0,1,1,1,1.0
80800155,visual,1,1,visual,visual,1.0,1,1,1,1.0
80800156,actuator,0,0,undetermined,actuator,0.3333333333333333,0,0,1,0.3333333333333333
80800156,world,0,0,undetermined,actuator,0.3333333333333333,0,0,0,0.3333333333333333
80800156,visual,0,0,undetermined,actuator,0.3333333333333333,0,0,0,0.3333333333333333
80800156,actuator,0,1,undetermined,actuator,0.5,0,0,1,0.5
80800156,world,0,1,undetermined,actuator,0.5,0,0,0,0.5
80800156,visual,0,1,visual,visual,1.0,1,1,1,1.0
80800156,actuator,1,0,actuator,actuator,1.0,1,1,1,1.0
80800156,world,1,0,undetermined,world,0.5,0,0,1,0.5
80800156,visual,1,0,undetermined,world,0.5,0,0,0,0.5
80800156,actuator,1,1,actuator,actuator,1.0,1,1,1,1.0
80800156,world,1,1,world,world,1.0,1,1,1,1.0
80800156,visual,1,1,visual,visual,1.0,1,1,1,1.0
80800157,actuator,0,0,undetermined,actuator,0.3333333333333333,0,0,1,0.3333333333333333
80800157,world,0,0,undetermined,actuator,0.3333333333333333,0,0,0,0.3333333333333333
80800157,visual,0,0,undetermined,actuator,0.3333333333333333,0,0,0,0.3333333333333333
80800157,actuator,0,1,undetermined,actuator,0.5,0,0,1,0.5
80800157,world,0,1,undetermined,actuator,0.5,0,0,0,0.5
80800157,visual,0,1,visual,visual,1.0,1,1,1,1.0
80800157,actuator,1,0,actuator,actuator,1.0,1,1,1,1.0
80800157,world,1,0,undetermined,world,0.5,0,0,1,0.5
80800157,visual,1,0,undetermined,world,0.5,0,0,0,0.5
80800157,actuator,1,1,actuator,actuator,1.0,1,1,1,1.0
80800157,world,1,1,world,world,1.0,1,1,1,1.0
80800157,visual,1,1,visual,visual,1.0,1,1,1,1.0
80800158,actuator,0,0,undetermined,actuator,0.3333333333333333,0,0,1,0.3333333333333333
80800158,world,0,0,undetermined,actuator,0.3333333333333333,0,0,0,0.3333333333333333
80800158,visual,0,0,undetermined,actuator,0.3333333333333333,0,0,0,0.3333333333333333
80800158,actuator,0,1,undetermined,actuator,0.5,0,0,1,0.5
80800158,world,0,1,undetermined,actuator,0.5,0,0,0,0.5
80800158,visual,0,1,visual,visual,1.0,1,1,1,1.0
80800158,actuator,1,0,actuator,actuator,1.0,1,1,1,1.0
80800158,world,1,0,undetermined,world,0.5,0,0,1,0.5
80800158,visual,1,0,undetermined,world,0.5,0,0,0,0.5
80800158,actuator,1,1,actuator,actuator,1.0,1,1,1,1.0
80800158,world,1,1,world,world,1.0,1,1,1,1.0
80800158,visual,1,1,visual,visual,1.0,1,1,1,1.0
80800159,actuator,0,0,undetermined,actuator,0.3333333333333333,0,0,1,0.3333333333333333
80800159,world,0,0,undetermined,actuator,0.3333333333333333,0,0,0,0.3333333333333333
80800159,visual,0,0,undetermined,actuator,0.3333333333333333,0,0,0,0.3333333333333333
80800159,actuator,0,1,undetermined,actuator,0.5,0,0,1,0.5
80800159,world,0,1,undetermined,actuator,0.5,0,0,0,0.5
80800159,visual,0,1,visual,visual,1.0,1,1,1,1.0
80800159,actuator,1,0,actuator,actuator,1.0,1,1,1,1.0
80800159,world,1,0,undetermined,world,0.5,0,0,1,0.5
80800159,visual,1,0,undetermined,world,0.5,0,0,0,0.5
80800159,actuator,1,1,actuator,actuator,1.0,1,1,1,1.0
80800159,world,1,1,world,world,1.0,1,1,1,1.0
80800159,visual,1,1,visual,visual,1.0,1,1,1,1.0
80800160,actuator,0,0,undetermined,actuator,0.3333333333333333,0,0,1,0.3333333333333333
80800160,world,0,0,undetermined,actuator,0.3333333333333333,0,0,0,0.3333333333333333
80800160,visual,0,0,undetermined,actuator,0.3333333333333333,0,0,0,0.3333333333333333
80800160,actuator,0,1,undetermined,actuator,0.5,0,0,1,0.5
80800160,world,0,1,undetermined,actuator,0.5,0,0,0,0.5
80800160,visual,0,1,visual,visual,1.0,1,1,1,1.0
80800160,actuator,1,0,actuator,actuator,1.0,1,1,1,1.0
80800160,world,1,0,undetermined,world,0.5,0,0,1,0.5
80800160,visual,1,0,undetermined,world,0.5,0,0,0,0.5
80800160,actuator,1,1,actuator,actuator,1.0,1,1,1,1.0
80800160,world,1,1,world,world,1.0,1,1,1,1.0
80800160,visual,1,1,visual,visual,1.0,1,1,1,1.0
80800161,actuator,0,0,undetermined,actuator,0.3333333333333333,0,0,1,0.3333333333333333
80800161,world,0,0,undetermined,actuator,0.3333333333333333,0,0,0,0.3333333333333333
80800161,visual,0,0,undetermined,actuator,0.3333333333333333,0,0,0,0.3333333333333333
80800161,actuator,0,1,undetermined,actuator,0.5,0,0,1,0.5
80800161,world,0,1,undetermined,actuator,0.5,0,0,0,0.5
80800161,visual,0,1,visual,visual,1.0,1,1,1,1.0
80800161,actuator,1,0,actuator,actuator,1.0,1,1,1,1.0
80800161,world,1,0,undetermined,world,0.5,0,0,1,0.5
80800161,visual,1,0,undetermined,world,0.5,0,0,0,0.5
80800161,actuator,1,1,actuator,actuator,1.0,1,1,1,1.0
80800161,world,1,1,world,world,1.0,1,1,1,1.0
80800161,visual,1,1,visual,visual,1.0,1,1,1,1.0
80800162,actuator,0,0,undetermined,actuator,0.3333333333333333,0,0,1,0.3333333333333333
80800162,world,0,0,undetermined,actuator,0.3333333333333333,0,0,0,0.3333333333333333
80800162,visual,0,0,undetermined,actuator,0.3333333333333333,0,0,0,0.3333333333333333
80800162,actuator,0,1,undetermined,actuator,0.5,0,0,1,0.5
80800162,world,0,1,undetermined,actuator,0.5,0,0,0,0.5
80800162,visual,0,1,visual,visual,1.0,1,1,1,1.0
80800162,actuator,1,0,actuator,actuator,1.0,1,1,1,1.0
80800162,world,1,0,undetermined,world,0.5,0,0,1,0.5
80800162,visual,1,0,undetermined,world,0.5,0,0,0,0.5
80800162,actuator,1,1,actuator,actuator,1.0,1,1,1,1.0
80800162,world,1,1,world,world,1.0,1,1,1,1.0
80800162,visual,1,1,visual,visual,1.0,1,1,1,1.0
80800163,actuator,0,0,undetermined,actuator,0.3333333333333333,0,0,1,0.3333333333333333
80800163,world,0,0,undetermined,actuator,0.3333333333333333,0,0,0,0.3333333333333333
80800163,visual,0,0,undetermined,actuator,0.3333333333333333,0,0,0,0.3333333333333333
80800163,actuator,0,1,undetermined,actuator,0.5,0,0,1,0.5
80800163,world,0,1,undetermined,actuator,0.5,0,0,0,0.5
80800163,visual,0,1,visual,visual,1.0,1,1,1,1.0
80800163,actuator,1,0,actuator,actuator,1.0,1,1,1,1.0
80800163,world,1,0,undetermined,world,0.5,0,0,1,0.5
80800163,visual,1,0,undetermined,world,0.5,0,0,0,0.5
80800163,actuator,1,1,actuator,actuator,1.0,1,1,1,1.0
80800163,world,1,1,world,world,1.0,1,1,1,1.0
80800163,visual,1,1,visual,visual,1.0,1,1,1,1.0
80800164,actuator,0,0,undetermined,actuator,0.3333333333333333,0,0,1,0.3333333333333333
80800164,world,0,0,undetermined,actuator,0.3333333333333333,0,0,0,0.3333333333333333
80800164,visual,0,0,undetermined,actuator,0.3333333333333333,0,0,0,0.3333333333333333
80800164,actuator,0,1,undetermined,actuator,0.5,0,0,1,0.5
80800164,world,0,1,undetermined,actuator,0.5,0,0,0,0.5
80800164,visual,0,1,visual,visual,1.0,1,1,1,1.0
80800164,actuator,1,0,actuator,actuator,1.0,1,1,1,1.0
80800164,world,1,0,undetermined,world,0.5,0,0,1,0.5
80800164,visual,1,0,undetermined,world,0.5,0,0,0,0.5
80800164,actuator,1,1,actuator,actuator,1.0,1,1,1,1.0
80800164,world,1,1,world,world,1.0,1,1,1,1.0
80800164,visual,1,1,visual,visual,1.0,1,1,1,1.0
80800165,actuator,0,0,undetermined,actuator,0.3333333333333333,0,0,1,0.3333333333333333
80800165,world,0,0,undetermined,actuator,0.3333333333333333,0,0,0,0.3333333333333333
80800165,visual,0,0,undetermined,actuator,0.3333333333333333,0,0,0,0.3333333333333333
80800165,actuator,0,1,undetermined,actuator,0.5,0,0,1,0.5
80800165,world,0,1,undetermined,actuator,0.5,0,0,0,0.5
80800165,visual,0,1,visual,visual,1.0,1,1,1,1.0
80800165,actuator,1,0,actuator,actuator,1.0,1,1,1,1.0
80800165,world,1,0,undetermined,world,0.5,0,0,1,0.5
80800165,visual,1,0,undetermined,world,0.5,0,0,0,0.5
80800165,actuator,1,1,actuator,actuator,1.0,1,1,1,1.0
80800165,world,1,1,world,world,1.0,1,1,1,1.0
80800165,visual,1,1,visual,visual,1.0,1,1,1,1.0
80800166,actuator,0,0,undetermined,actuator,0.3333333333333333,0,0,1,0.3333333333333333
80800166,world,0,0,undetermined,actuator,0.3333333333333333,0,0,0,0.3333333333333333
80800166,visual,0,0,undetermined,actuator,0.3333333333333333,0,0,0,0.3333333333333333
80800166,actuator,0,1,undetermined,actuator,0.5,0,0,1,0.5
80800166,world,0,1,undetermined,actuator,0.5,0,0,0,0.5
80800166,visual,0,1,visual,visual,1.0,1,1,1,1.0
80800166,actuator,1,0,actuator,actuator,1.0,1,1,1,1.0
80800166,world,1,0,undetermined,world,0.5,0,0,1,0.5
80800166,visual,1,0,undetermined,world,0.5,0,0,0,0.5
80800166,actuator,1,1,actuator,actuator,1.0,1,1,1,1.0
80800166,world,1,1,world,world,1.0,1,1,1,1.0
80800166,visual,1,1,visual,visual,1.0,1,1,1,1.0
80800167,actuator,0,0,undetermined,actuator,0.3333333333333333,0,0,1,0.3333333333333333
80800167,world,0,0,undetermined,actuator,0.3333333333333333,0,0,0,0.3333333333333333
80800167,visual,0,0,undetermined,actuator,0.3333333333333333,0,0,0,0.3333333333333333
80800167,actuator,0,1,undetermined,actuator,0.5,0,0,1,0.5
80800167,world,0,1,undetermined,actuator,0.5,0,0,0,0.5
80800167,visual,0,1,visual,visual,1.0,1,1,1,1.0
80800167,actuator,1,0,actuator,actuator,1.0,1,1,1,1.0
80800167,world,1,0,undetermined,world,0.5,0,0,1,0.5
80800167,visual,1,0,undetermined,world,0.5,0,0,0,0.5
80800167,actuator,1,1,actuator,actuator,1.0,1,1,1,1.0
80800167,world,1,1,world,world,1.0,1,1,1,1.0
80800167,visual,1,1,visual,visual,1.0,1,1,1,1.0
80800168,actuator,0,0,undetermined,actuator,0.3333333333333333,0,0,1,0.3333333333333333
80800168,world,0,0,undetermined,actuator,0.3333333333333333,0,0,0,0.3333333333333333
80800168,visual,0,0,undetermined,actuator,0.3333333333333333,0,0,0,0.3333333333333333
80800168,actuator,0,1,undetermined,actuator,0.5,0,0,1,0.5
80800168,world,0,1,undetermined,actuator,0.5,0,0,0,0.5
80800168,visual,0,1,visual,visual,1.0,1,1,1,1.0
80800168,actuator,1,0,actuator,actuator,1.0,1,1,1,1.0
80800168,world,1,0,undetermined,world,0.5,0,0,1,0.5
80800168,visual,1,0,undetermined,world,0.5,0,0,0,0.5
80800168,actuator,1,1,actuator,actuator,1.0,1,1,1,1.0
80800168,world,1,1,world,world,1.0,1,1,1,1.0
80800168,visual,1,1,visual,visual,1.0,1,1,1,1.0
80800169,actuator,0,0,undetermined,actuator,0.3333333333333333,0,0,1,0.3333333333333333
80800169,world,0,0,undetermined,actuator,0.3333333333333333,0,0,0,0.3333333333333333
80800169,visual,0,0,undetermined,actuator,0.3333333333333333,0,0,0,0.3333333333333333
80800169,actuator,0,1,undetermined,actuator,0.5,0,0,1,0.5
80800169,world,0,1,undetermined,actuator,0.5,0,0,0,0.5
80800169,visual,0,1,visual,visual,1.0,1,1,1,1.0
80800169,actuator,1,0,actuator,actuator,1.0,1,1,1,1.0
80800169,world,1,0,undetermined,world,0.5,0,0,1,0.5
80800169,visual,1,0,undetermined,world,0.5,0,0,0,0.5
80800169,actuator,1,1,actuator,actuator,1.0,1,1,1,1.0
80800169,world,1,1,world,world,1.0,1,1,1,1.0
80800169,visual,1,1,visual,visual,1.0,1,1,1,1.0
80800170,actuator,0,0,undetermined,actuator,0.3333333333333333,0,0,1,0.3333333333333333
80800170,world,0,0,undetermined,actuator,0.3333333333333333,0,0,0,0.3333333333333333
80800170,visual,0,0,undetermined,actuator,0.3333333333333333,0,0,0,0.3333333333333333
80800170,actuator,0,1,undetermined,actuator,0.5,0,0,1,0.5
80800170,world,0,1,undetermined,actuator,0.5,0,0,0,0.5
80800170,visual,0,1,visual,visual,1.0,1,1,1,1.0
80800170,actuator,1,0,actuator,actuator,1.0,1,1,1,1.0
80800170,world,1,0,undetermined,world,0.5,0,0,1,0.5
80800170,visual,1,0,undetermined,world,0.5,0,0,0,0.5
80800170,actuator,1,1,actuator,actuator,1.0,1,1,1,1.0
80800170,world,1,1,world,world,1.0,1,1,1,1.0
80800170,visual,1,1,visual,visual,1.0,1,1,1,1.0
80800171,actuator,0,0,undetermined,actuator,0.3333333333333333,0,0,1,0.3333333333333333
80800171,world,0,0,undetermined,actuator,0.3333333333333333,0,0,0,0.3333333333333333
80800171,visual,0,0,undetermined,actuator,0.3333333333333333,0,0,0,0.3333333333333333
80800171,actuator,0,1,undetermined,actuator,0.5,0,0,1,0.5
80800171,world,0,1,undetermined,actuator,0.5,0,0,0,0.5
80800171,visual,0,1,visual,visual,1.0,1,1,1,1.0
80800171,actuator,1,0,actuator,actuator,1.0,1,1,1,1.0
80800171,world,1,0,undetermined,world,0.5,0,0,1,0.5
80800171,visual,1,0,undetermined,world,0.5,0,0,0,0.5
80800171,actuator,1,1,actuator,actuator,1.0,1,1,1,1.0
80800171,world,1,1,world,world,1.0,1,1,1,1.0
80800171,visual,1,1,visual,visual,1.0,1,1,1,1.0
80800172,actuator,0,0,undetermined,actuator,0.3333333333333333,0,0,1,0.3333333333333333
80800172,world,0,0,undetermined,actuator,0.3333333333333333,0,0,0,0.3333333333333333
80800172,visual,0,0,undetermined,actuator,0.3333333333333333,0,0,0,0.3333333333333333
80800172,actuator,0,1,undetermined,actuator,0.5,0,0,1,0.5
80800172,world,0,1,undetermined,actuator,0.5,0,0,0,0.5
80800172,visual,0,1,visual,visual,1.0,1,1,1,1.0
80800172,actuator,1,0,actuator,actuator,1.0,1,1,1,1.0
80800172,world,1,0,undetermined,world,0.5,0,0,1,0.5
80800172,visual,1,0,undetermined,world,0.5,0,0,0,0.5
80800172,actuator,1,1,actuator,actuator,1.0,1,1,1,1.0
80800172,world,1,1,world,world,1.0,1,1,1,1.0
80800172,visual,1,1,visual,visual,1.0,1,1,1,1.0
80800173,actuator,0,0,undetermined,actuator,0.3333333333333333,0,0,1,0.3333333333333333
80800173,world,0,0,undetermined,actuator,0.3333333333333333,0,0,0,0.3333333333333333
80800173,visual,0,0,undetermined,actuator,0.3333333333333333,0,0,0,0.3333333333333333
80800173,actuator,0,1,undetermined,actuator,0.5,0,0,1,0.5
80800173,world,0,1,undetermined,actuator,0.5,0,0,0,0.5
80800173,visual,0,1,visual,visual,1.0,1,1,1,1.0
80800173,actuator,1,0,actuator,actuator,1.0,1,1,1,1.0
80800173,world,1,0,undetermined,world,0.5,0,0,1,0.5
80800173,visual,1,0,undetermined,world,0.5,0,0,0,0.5
80800173,actuator,1,1,actuator,actuator,1.0,1,1,1,1.0
80800173,world,1,1,world,world,1.0,1,1,1,1.0
80800173,visual,1,1,visual,visual,1.0,1,1,1,1.0
80800174,actuator,0,0,undetermined,actuator,0.3333333333333333,0,0,1,0.3333333333333333
80800174,world,0,0,undetermined,actuator,0.3333333333333333,0,0,0,0.3333333333333333
80800174,visual,0,0,undetermined,actuator,0.3333333333333333,0,0,0,0.3333333333333333
80800174,actuator,0,1,undetermined,actuator,0.5,0,0,1,0.5
80800174,world,0,1,undetermined,actuator,0.5,0,0,0,0.5
80800174,visual,0,1,visual,visual,1.0,1,1,1,1.0
80800174,actuator,1,0,actuator,actuator,1.0,1,1,1,1.0
80800174,world,1,0,undetermined,world,0.5,0,0,1,0.5
80800174,visual,1,0,undetermined,world,0.5,0,0,0,0.5
80800174,actuator,1,1,actuator,actuator,1.0,1,1,1,1.0
80800174,world,1,1,world,world,1.0,1,1,1,1.0
80800174,visual,1,1,visual,visual,1.0,1,1,1,1.0
80800175,actuator,0,0,undetermined,actuator,0.3333333333333333,0,0,1,0.3333333333333333
80800175,world,0,0,undetermined,actuator,0.3333333333333333,0,0,0,0.3333333333333333
80800175,visual,0,0,undetermined,actuator,0.3333333333333333,0,0,0,0.3333333333333333
80800175,actuator,0,1,undetermined,actuator,0.5,0,0,1,0.5
80800175,world,0,1,undetermined,actuator,0.5,0,0,0,0.5
80800175,visual,0,1,visual,visual,1.0,1,1,1,1.0
80800175,actuator,1,0,actuator,actuator,1.0,1,1,1,1.0
80800175,world,1,0,undetermined,world,0.5,0,0,1,0.5
80800175,visual,1,0,undetermined,world,0.5,0,0,0,0.5
80800175,actuator,1,1,actuator,actuator,1.0,1,1,1,1.0
80800175,world,1,1,world,world,1.0,1,1,1,1.0
80800175,visual,1,1,visual,visual,1.0,1,1,1,1.0
80800176,actuator,0,0,undetermined,actuator,0.3333333333333333,0,0,1,0.3333333333333333
80800176,world,0,0,undetermined,actuator,0.3333333333333333,0,0,0,0.3333333333333333
80800176,visual,0,0,undetermined,actuator,0.3333333333333333,0,0,0,0.3333333333333333
80800176,actuator,0,1,undetermined,actuator,0.5,0,0,1,0.5
80800176,world,0,1,undetermined,actuator,0.5,0,0,0,0.5
80800176,visual,0,1,visual,visual,1.0,1,1,1,1.0
80800176,actuator,1,0,actuator,actuator,1.0,1,1,1,1.0
80800176,world,1,0,undetermined,world,0.5,0,0,1,0.5
80800176,visual,1,0,undetermined,world,0.5,0,0,0,0.5
80800176,actuator,1,1,actuator,actuator,1.0,1,1,1,1.0
80800176,world,1,1,world,world,1.0,1,1,1,1.0
80800176,visual,1,1,visual,visual,1.0,1,1,1,1.0
80800177,actuator,0,0,undetermined,actuator,0.3333333333333333,0,0,1,0.3333333333333333
80800177,world,0,0,undetermined,actuator,0.3333333333333333,0,0,0,0.3333333333333333
80800177,visual,0,0,undetermined,actuator,0.3333333333333333,0,0,0,0.3333333333333333
80800177,actuator,0,1,undetermined,actuator,0.5,0,0,1,0.5
80800177,world,0,1,undetermined,actuator,0.5,0,0,0,0.5
80800177,visual,0,1,visual,visual,1.0,1,1,1,1.0
80800177,actuator,1,0,actuator,actuator,1.0,1,1,1,1.0
80800177,world,1,0,undetermined,world,0.5,0,0,1,0.5
80800177,visual,1,0,undetermined,world,0.5,0,0,0,0.5
80800177,actuator,1,1,actuator,actuator,1.0,1,1,1,1.0
80800177,world,1,1,world,world,1.0,1,1,1,1.0
80800177,visual,1,1,visual,visual,1.0,1,1,1,1.0
80800178,actuator,0,0,undetermined,actuator,0.3333333333333333,0,0,1,0.3333333333333333
80800178,world,0,0,undetermined,actuator,0.3333333333333333,0,0,0,0.3333333333333333
80800178,visual,0,0,undetermined,actuator,0.3333333333333333,0,0,0,0.3333333333333333
80800178,actuator,0,1,undetermined,actuator,0.5,0,0,1,0.5
80800178,world,0,1,undetermined,actuator,0.5,0,0,0,0.5
80800178,visual,0,1,visual,visual,1.0,1,1,1,1.0
80800178,actuator,1,0,actuator,actuator,1.0,1,1,1,1.0
80800178,world,1,0,undetermined,world,0.5,0,0,1,0.5
80800178,visual,1,0,undetermined,world,0.5,0,0,0,0.5
80800178,actuator,1,1,actuator,actuator,1.0,1,1,1,1.0
80800178,world,1,1,world,world,1.0,1,1,1,1.0
80800178,visual,1,1,visual,visual,1.0,1,1,1,1.0
80800179,actuator,0,0,undetermined,actuator,0.3333333333333333,0,0,1,0.3333333333333333
80800179,world,0,0,undetermined,actuator,0.3333333333333333,0,0,0,0.3333333333333333
80800179,visual,0,0,undetermined,actuator,0.3333333333333333,0,0,0,0.3333333333333333
80800179,actuator,0,1,undetermined,actuator,0.5,0,0,1,0.5
80800179,world,0,1,undetermined,actuator,0.5,0,0,0,0.5
80800179,visual,0,1,visual,visual,1.0,1,1,1,1.0
80800179,actuator,1,0,actuator,actuator,1.0,1,1,1,1.0
80800179,world,1,0,undetermined,world,0.5,0,0,1,0.5
80800179,visual,1,0,undetermined,world,0.5,0,0,0,0.5
80800179,actuator,1,1,actuator,actuator,1.0,1,1,1,1.0
80800179,world,1,1,world,world,1.0,1,1,1,1.0
80800179,visual,1,1,visual,visual,1.0,1,1,1,1.0
80800180,actuator,0,0,undetermined,actuator,0.3333333333333333,0,0,1,0.3333333333333333
80800180,world,0,0,undetermined,actuator,0.3333333333333333,0,0,0,0.3333333333333333
80800180,visual,0,0,undetermined,actuator,0.3333333333333333,0,0,0,0.3333333333333333
80800180,actuator,0,1,undetermined,actuator,0.5,0,0,1,0.5
80800180,world,0,1,undetermined,actuator,0.5,0,0,0,0.5
80800180,visual,0,1,visual,visual,1.0,1,1,1,1.0
80800180,actuator,1,0,actuator,actuator,1.0,1,1,1,1.0
80800180,world,1,0,undetermined,world,0.5,0,0,1,0.5
80800180,visual,1,0,undetermined,world,0.5,0,0,0,0.5
80800180,actuator,1,1,actuator,actuator,1.0,1,1,1,1.0
80800180,world,1,1,world,world,1.0,1,1,1,1.0
80800180,visual,1,1,visual,visual,1.0,1,1,1,1.0
80800181,actuator,0,0,undetermined,actuator,0.3333333333333333,0,0,1,0.3333333333333333
80800181,world,0,0,undetermined,actuator,0.3333333333333333,0,0,0,0.3333333333333333
80800181,visual,0,0,undetermined,actuator,0.3333333333333333,0,0,0,0.3333333333333333
80800181,actuator,0,1,undetermined,actuator,0.5,0,0,1,0.5
80800181,world,0,1,undetermined,actuator,0.5,0,0,0,0.5
80800181,visual,0,1,visual,visual,1.0,1,1,1,1.0
80800181,actuator,1,0,actuator,actuator,1.0,1,1,1,1.0
80800181,world,1,0,undetermined,world,0.5,0,0,1,0.5
80800181,visual,1,0,undetermined,world,0.5,0,0,0,0.5
80800181,actuator,1,1,actuator,actuator,1.0,1,1,1,1.0
80800181,world,1,1,world,world,1.0,1,1,1,1.0
80800181,visual,1,1,visual,visual,1.0,1,1,1,1.0
80800182,actuator,0,0,undetermined,actuator,0.3333333333333333,0,0,1,0.3333333333333333
80800182,world,0,0,undetermined,actuator,0.3333333333333333,0,0,0,0.3333333333333333
80800182,visual,0,0,undetermined,actuator,0.3333333333333333,0,0,0,0.3333333333333333
80800182,actuator,0,1,undetermined,actuator,0.5,0,0,1,0.5
80800182,world,0,1,undetermined,actuator,0.5,0,0,0,0.5
80800182,visual,0,1,visual,visual,1.0,1,1,1,1.0
80800182,actuator,1,0,actuator,actuator,1.0,1,1,1,1.0
80800182,world,1,0,undetermined,world,0.5,0,0,1,0.5
80800182,visual,1,0,undetermined,world,0.5,0,0,0,0.5
80800182,actuator,1,1,actuator,actuator,1.0,1,1,1,1.0
80800182,world,1,1,world,world,1.0,1,1,1,1.0
80800182,visual,1,1,visual,visual,1.0,1,1,1,1.0
80800183,actuator,0,0,undetermined,actuator,0.3333333333333333,0,0,1,0.3333333333333333
80800183,world,0,0,undetermined,actuator,0.3333333333333333,0,0,0,0.3333333333333333
80800183,visual,0,0,undetermined,actuator,0.3333333333333333,0,0,0,0.3333333333333333
80800183,actuator,0,1,undetermined,actuator,0.5,0,0,1,0.5
80800183,world,0,1,undetermined,actuator,0.5,0,0,0,0.5
80800183,visual,0,1,visual,visual,1.0,1,1,1,1.0
80800183,actuator,1,0,actuator,actuator,1.0,1,1,1,1.0
80800183,world,1,0,undetermined,world,0.5,0,0,1,0.5
80800183,visual,1,0,undetermined,world,0.5,0,0,0,0.5
80800183,actuator,1,1,actuator,actuator,1.0,1,1,1,1.0
80800183,world,1,1,world,world,1.0,1,1,1,1.0
80800183,visual,1,1,visual,visual,1.0,1,1,1,1.0
80800184,actuator,0,0,undetermined,actuator,0.3333333333333333,0,0,1,0.3333333333333333
80800184,world,0,0,undetermined,actuator,0.3333333333333333,0,0,0,0.3333333333333333
80800184,visual,0,0,undetermined,actuator,0.3333333333333333,0,0,0,0.3333333333333333
80800184,actuator,0,1,undetermined,actuator,0.5,0,0,1,0.5
80800184,world,0,1,undetermined,actuator,0.5,0,0,0,0.5
80800184,visual,0,1,visual,visual,1.0,1,1,1,1.0
80800184,actuator,1,0,actuator,actuator,1.0,1,1,1,1.0
80800184,world,1,0,undetermined,world,0.5,0,0,1,0.5
80800184,visual,1,0,undetermined,world,0.5,0,0,0,0.5
80800184,actuator,1,1,actuator,actuator,1.0,1,1,1,1.0
80800184,world,1,1,world,world,1.0,1,1,1,1.0
80800184,visual,1,1,visual,visual,1.0,1,1,1,1.0
80800185,actuator,0,0,undetermined,actuator,0.3333333333333333,0,0,1,0.3333333333333333
80800185,world,0,0,undetermined,actuator,0.3333333333333333,0,0,0,0.3333333333333333
80800185,visual,0,0,undetermined,actuator,0.3333333333333333,0,0,0,0.3333333333333333
80800185,actuator,0,1,undetermined,actuator,0.5,0,0,1,0.5
80800185,world,0,1,undetermined,actuator,0.5,0,0,0,0.5
80800185,visual,0,1,visual,visual,1.0,1,1,1,1.0
80800185,actuator,1,0,actuator,actuator,1.0,1,1,1,1.0
80800185,world,1,0,undetermined,world,0.5,0,0,1,0.5
80800185,visual,1,0,undetermined,world,0.5,0,0,0,0.5
80800185,actuator,1,1,actuator,actuator,1.0,1,1,1,1.0
80800185,world,1,1,world,world,1.0,1,1,1,1.0
80800185,visual,1,1,visual,visual,1.0,1,1,1,1.0
80800186,actuator,0,0,undetermined,actuator,0.3333333333333333,0,0,1,0.3333333333333333
80800186,world,0,0,undetermined,actuator,0.3333333333333333,0,0,0,0.3333333333333333
80800186,visual,0,0,undetermined,actuator,0.3333333333333333,0,0,0,0.3333333333333333
80800186,actuator,0,1,undetermined,actuator,0.5,0,0,1,0.5
80800186,world,0,1,undetermined,actuator,0.5,0,0,0,0.5
80800186,visual,0,1,visual,visual,1.0,1,1,1,1.0
80800186,actuator,1,0,actuator,actuator,1.0,1,1,1,1.0
80800186,world,1,0,undetermined,world,0.5,0,0,1,0.5
80800186,visual,1,0,undetermined,world,0.5,0,0,0,0.5
80800186,actuator,1,1,actuator,actuator,1.0,1,1,1,1.0
80800186,world,1,1,world,world,1.0,1,1,1,1.0
80800186,visual,1,1,visual,visual,1.0,1,1,1,1.0
80800187,actuator,0,0,undetermined,actuator,0.3333333333333333,0,0,1,0.3333333333333333
80800187,world,0,0,undetermined,actuator,0.3333333333333333,0,0,0,0.3333333333333333
80800187,visual,0,0,undetermined,actuator,0.3333333333333333,0,0,0,0.3333333333333333
80800187,actuator,0,1,undetermined,actuator,0.5,0,0,1,0.5
80800187,world,0,1,undetermined,actuator,0.5,0,0,0,0.5
80800187,visual,0,1,visual,visual,1.0,1,1,1,1.0
80800187,actuator,1,0,actuator,actuator,1.0,1,1,1,1.0
80800187,world,1,0,undetermined,world,0.5,0,0,1,0.5
80800187,visual,1,0,undetermined,world,0.5,0,0,0,0.5
80800187,actuator,1,1,actuator,actuator,1.0,1,1,1,1.0
80800187,world,1,1,world,world,1.0,1,1,1,1.0
80800187,visual,1,1,visual,visual,1.0,1,1,1,1.0
80800188,actuator,0,0,undetermined,actuator,0.3333333333333333,0,0,1,0.3333333333333333
80800188,world,0,0,undetermined,actuator,0.3333333333333333,0,0,0,0.3333333333333333
80800188,visual,0,0,undetermined,actuator,0.3333333333333333,0,0,0,0.3333333333333333
80800188,actuator,0,1,undetermined,actuator,0.5,0,0,1,0.5
80800188,world,0,1,undetermined,actuator,0.5,0,0,0,0.5
80800188,visual,0,1,visual,visual,1.0,1,1,1,1.0
80800188,actuator,1,0,actuator,actuator,1.0,1,1,1,1.0
80800188,world,1,0,undetermined,world,0.5,0,0,1,0.5
80800188,visual,1,0,undetermined,world,0.5,0,0,0,0.5
80800188,actuator,1,1,actuator,actuator,1.0,1,1,1,1.0
80800188,world,1,1,world,world,1.0,1,1,1,1.0
80800188,visual,1,1,visual,visual,1.0,1,1,1,1.0
80800189,actuator,0,0,undetermined,actuator,0.3333333333333333,0,0,1,0.3333333333333333
80800189,world,0,0,undetermined,actuator,0.3333333333333333,0,0,0,0.3333333333333333
80800189,visual,0,0,undetermined,actuator,0.3333333333333333,0,0,0,0.3333333333333333
80800189,actuator,0,1,undetermined,actuator,0.5,0,0,1,0.5
80800189,world,0,1,undetermined,actuator,0.5,0,0,0,0.5
80800189,visual,0,1,visual,visual,1.0,1,1,1,1.0
80800189,actuator,1,0,actuator,actuator,1.0,1,1,1,1.0
80800189,world,1,0,undetermined,world,0.5,0,0,1,0.5
80800189,visual,1,0,undetermined,world,0.5,0,0,0,0.5
80800189,actuator,1,1,actuator,actuator,1.0,1,1,1,1.0
80800189,world,1,1,world,world,1.0,1,1,1,1.0
80800189,visual,1,1,visual,visual,1.0,1,1,1,1.0
80800190,actuator,0,0,undetermined,actuator,0.3333333333333333,0,0,1,0.3333333333333333
80800190,world,0,0,undetermined,actuator,0.3333333333333333,0,0,0,0.3333333333333333
80800190,visual,0,0,undetermined,actuator,0.3333333333333333,0,0,0,0.3333333333333333
80800190,actuator,0,1,undetermined,actuator,0.5,0,0,1,0.5
80800190,world,0,1,undetermined,actuator,0.5,0,0,0,0.5
80800190,visual,0,1,visual,visual,1.0,1,1,1,1.0
80800190,actuator,1,0,actuator,actuator,1.0,1,1,1,1.0
80800190,world,1,0,undetermined,world,0.5,0,0,1,0.5
80800190,visual,1,0,undetermined,world,0.5,0,0,0,0.5
80800190,actuator,1,1,actuator,actuator,1.0,1,1,1,1.0
80800190,world,1,1,world,world,1.0,1,1,1,1.0
80800190,visual,1,1,visual,visual,1.0,1,1,1,1.0
80800191,actuator,0,0,undetermined,actuator,0.3333333333333333,0,0,1,0.3333333333333333
80800191,world,0,0,undetermined,actuator,0.3333333333333333,0,0,0,0.3333333333333333
80800191,visual,0,0,undetermined,actuator,0.3333333333333333,0,0,0,0.3333333333333333
80800191,actuator,0,1,undetermined,actuator,0.5,0,0,1,0.5
80800191,world,0,1,undetermined,actuator,0.5,0,0,0,0.5
80800191,visual,0,1,visual,visual,1.0,1,1,1,1.0
80800191,actuator,1,0,actuator,actuator,1.0,1,1,1,1.0
80800191,world,1,0,undetermined,world,0.5,0,0,1,0.5
80800191,visual,1,0,undetermined,world,0.5,0,0,0,0.5
80800191,actuator,1,1,actuator,actuator,1.0,1,1,1,1.0
80800191,world,1,1,world,world,1.0,1,1,1,1.0
80800191,visual,1,1,visual,visual,1.0,1,1,1,1.0
