controller,environment,food,prequential_mse,seed,survival_fraction,valid_prediction_events
action_model,stable,4,0.619537025617942,24000003,1.0,41
shuffled_action,stable,0,0.9189568916092555,24000003,0.5,14
action_blind,stable,0,1.7543695555098746,24000003,0.8125,38
reset_memory,stable,0,1.124464104196986,24000003,0.8125,38
greedy,stable,4,,24000003,1.0,
comparator,stable,7,,24000003,1.0,
bayesian,stable,7,,24000003,1.0,
action_model,shift+dropout,3,1.3087721037045983,24000003,1.0,30
shuffled_action,shift+dropout,0,0.9146059716894287,24000003,0.54166667,12
action_blind,shift+dropout,0,1.560664067785852,24000003,0.79166667,25
reset_memory,shift+dropout,0,1.1031870825227088,24000003,0.79166667,25
greedy,shift+dropout,1,,24000003,0.70833333,
comparator,shift+dropout,4,,24000003,1.0,
bayesian,shift+dropout,6,,24000003,1.0,
action_model,stable,1,1.008556257306518,24000110,0.54166667,8
shuffled_action,stable,0,1.2306267543251086,24000110,0.66666667,26
action_blind,stable,0,1.5630367630900233,24000110,0.60416667,21
reset_memory,stable,0,1.0755719508725272,24000110,0.60416667,21
greedy,stable,7,,24000110,1.0,
comparator,stable,7,,24000110,1.0,
bayesian,stable,6,,24000110,1.0,
action_model,shift+dropout,1,0.9597069351563011,24000110,0.54166667,7
shuffled_action,shift+dropout,0,1.510538127718703,24000110,0.66666667,18
action_blind,shift+dropout,0,1.5258043725971622,24000110,0.625,17
reset_memory,shift+dropout,0,1.1042816515466918,24000110,0.625,17
greedy,shift+dropout,4,,24000110,0.89583333,
comparator,shift+dropout,5,,24000110,1.0,
bayesian,shift+dropout,5,,24000110,1.0,
action_model,stable,6,0.529841156613538,24000217,1.0,34
shuffled_action,stable,0,1.408048098201167,24000217,0.47916667,11
action_blind,stable,1,1.594397609227211,24000217,0.875,35
reset_memory,stable,1,0.9114528388951602,24000217,0.875,35
greedy,stable,0,,24000217,0.45833333,
comparator,stable,0,,24000217,0.5,
bayesian,stable,0,,24000217,0.41666667,
action_model,shift+dropout,0,1.1909588269745504,24000217,0.5625,16
shuffled_action,shift+dropout,0,1.4236020527859867,24000217,0.625,17
action_blind,shift+dropout,1,1.4882677261935457,24000217,0.875,29
reset_memory,shift+dropout,1,0.8869227330503764,24000217,0.875,29
greedy,shift+dropout,0,,24000217,0.5,
comparator,shift+dropout,1,,24000217,0.72916667,
bayesian,shift+dropout,1,,24000217,0.79166667,
action_model,stable,4,0.6491404399817674,24000324,1.0,34
shuffled_action,stable,1,0.92326263351133,24000324,0.72916667,23
action_blind,stable,0,1.429338091283734,24000324,0.72916667,31
reset_memory,stable,0,0.8853211635145318,24000324,0.72916667,31
greedy,stable,0,,24000324,0.41666667,
comparator,stable,5,,24000324,1.0,
bayesian,stable,4,,24000324,1.0,
action_model,shift+dropout,0,0.8850272917400078,24000324,0.64583333,20
shuffled_action,shift+dropout,0,1.224880559591827,24000324,0.79166667,24
action_blind,shift+dropout,0,1.7046325095059056,24000324,0.66666667,19
reset_memory,shift+dropout,0,1.0849280054923436,24000324,0.66666667,19
greedy,shift+dropout,0,,24000324,0.5,
comparator,shift+dropout,3,,24000324,1.0,
bayesian,shift+dropout,3,,24000324,1.0,
action_model,stable,6,0.39869783901868766,24000431,1.0,39
shuffled_action,stable,0,0.776624973442973,24000431,0.47916667,12
action_blind,stable,0,1.2579402937609216,24000431,0.79166667,36
reset_memory,stable,0,0.9130744932911438,24000431,0.79166667,36
greedy,stable,0,,24000431,0.5,
comparator,stable,2,,24000431,0.75,
bayesian,stable,7,,24000431,1.0,
action_model,shift+dropout,2,0.9432589656718013,24000431,0.9375,24
shuffled_action,shift+dropout,0,0.776624973442973,24000431,0.5,12
action_blind,shift+dropout,0,1.1834076284466815,24000431,0.75,27
reset_memory,shift+dropout,0,0.9156592545585712,24000431,0.75,27
greedy,shift+dropout,0,,24000431,0.6875,
comparator,shift+dropout,5,,24000431,1.0,
bayesian,shift+dropout,5,,24000431,1.0,
action_model,stable,6,0.3933588461701061,24000538,1.0,31
shuffled_action,stable,0,1.034185422780826,24000538,0.45833333,10
action_blind,stable,1,1.3258468227027778,24000538,0.85416667,33
reset_memory,stable,1,0.8116204265868656,24000538,0.85416667,33
greedy,stable,0,,24000538,0.39583333,
comparator,stable,2,,24000538,0.75,
bayesian,stable,2,,24000538,0.77083333,
action_model,shift+dropout,2,0.7268740354289175,24000538,1.0,37
shuffled_action,shift+dropout,1,0.9337286069221467,24000538,0.8125,22
action_blind,shift+dropout,1,1.3604174166884575,24000538,0.79166667,23
reset_memory,shift+dropout,1,0.9307311716289968,24000538,0.79166667,23
greedy,shift+dropout,0,,24000538,0.47916667,
comparator,shift+dropout,2,,24000538,0.8125,
bayesian,shift+dropout,2,,24000538,0.8125,
action_model,stable,0,0.7723014441822591,24000645,0.52083333,15
shuffled_action,stable,0,0.9252979249936784,24000645,0.4375,9
action_blind,stable,0,1.842654711476118,24000645,0.6875,28
reset_memory,stable,0,1.119847897896008,24000645,0.6875,28
greedy,stable,0,,24000645,0.47916667,
comparator,stable,5,,24000645,1.0,
bayesian,stable,3,,24000645,0.83333333,
action_model,shift+dropout,0,0.8464900956696022,24000645,0.70833333,20
shuffled_action,shift+dropout,0,0.7881947032523489,24000645,0.5,7
action_blind,shift+dropout,0,1.6849984787867867,24000645,0.75,22
reset_memory,shift+dropout,0,1.0487861367295173,24000645,0.75,22
greedy,shift+dropout,0,,24000645,0.625,
comparator,shift+dropout,1,,24000645,0.75,
bayesian,shift+dropout,0,,24000645,0.5,
action_model,stable,0,0.6125698913456054,24000752,0.47916667,11
shuffled_action,stable,0,1.20875469121032,24000752,0.45833333,10
action_blind,stable,0,1.6146543094437598,24000752,0.8125,38
reset_memory,stable,0,0.9853825227220592,24000752,0.8125,38
greedy,stable,0,,24000752,0.33333333,
comparator,stable,1,,24000752,0.5,
bayesian,stable,4,,24000752,1.0,
action_model,shift+dropout,2,0.9584721127099238,24000752,0.85416667,21
shuffled_action,shift+dropout,0,1.2713599328083518,24000752,0.47916667,8
action_blind,shift+dropout,0,1.8153984609205427,24000752,0.8125,33
reset_memory,shift+dropout,0,1.0879812331302798,24000752,0.8125,33
greedy,shift+dropout,0,,24000752,0.41666667,
comparator,shift+dropout,0,,24000752,0.4375,
bayesian,shift+dropout,0,,24000752,0.4375,
action_model,stable,1,0.6579092786729666,24000859,0.72916667,23
shuffled_action,stable,0,1.275794165643615,24000859,0.45833333,10
action_blind,stable,0,1.636580258430421,24000859,0.75,33
reset_memory,stable,0,1.0874154627445034,24000859,0.75,33
greedy,stable,6,,24000859,1.0,
comparator,stable,6,,24000859,1.0,
bayesian,stable,1,,24000859,0.60416667,
action_model,shift+dropout,0,1.5145197924509333,24000859,0.5625,12
shuffled_action,shift+dropout,0,1.2805278397529725,24000859,0.5,8
action_blind,shift+dropout,0,1.6978866781787056,24000859,0.75,24
reset_memory,shift+dropout,0,1.1969808307793512,24000859,0.75,24
greedy,shift+dropout,2,,24000859,0.8125,
comparator,shift+dropout,4,,24000859,1.0,
bayesian,shift+dropout,1,,24000859,0.5625,
action_model,stable,1,0.5484446371734388,24000966,0.72916667,23
shuffled_action,stable,0,1.1465281710667985,24000966,0.45833333,10
action_blind,stable,0,1.7284335031472118,24000966,0.60416667,22
reset_memory,stable,0,1.1258855717861154,24000966,0.60416667,22
greedy,stable,0,,24000966,0.54166667,
comparator,stable,6,,24000966,1.0,
bayesian,stable,8,,24000966,1.0,
action_model,shift+dropout,2,0.9520111350192462,24000966,1.0,32
shuffled_action,shift+dropout,0,1.1643980702172954,24000966,0.5,11
action_blind,shift+dropout,0,1.6130532273753098,24000966,0.625,20
reset_memory,shift+dropout,0,1.0100784569943637,24000966,0.625,20
greedy,shift+dropout,0,,24000966,0.625,
comparator,shift+dropout,4,,24000966,0.91666667,
bayesian,shift+dropout,4,,24000966,0.95833333,
action_model,stable,5,0.35161036709405935,24001073,1.0,35
shuffled_action,stable,0,0.9262995085641729,24001073,0.5625,18
action_blind,stable,0,2.0777325405823728,24001073,0.625,24
reset_memory,stable,0,1.1722817369583824,24001073,0.625,24
greedy,stable,0,,24001073,0.45833333,
comparator,stable,4,,24001073,1.0,
bayesian,stable,0,,24001073,0.375,
action_model,shift+dropout,0,1.354465348693848,24001073,0.47916667,7
shuffled_action,shift+dropout,1,0.9295657004008704,24001073,0.70833333,18
action_blind,shift+dropout,0,1.9961922483587278,24001073,0.66666667,21
reset_memory,shift+dropout,0,1.0498124325879563,24001073,0.66666667,21
greedy,shift+dropout,0,,24001073,0.66666667,
comparator,shift+dropout,3,,24001073,1.0,
bayesian,shift+dropout,4,,24001073,1.0,
action_model,stable,5,0.442713926748647,24001180,1.0,35
shuffled_action,stable,0,0.7886543931743855,24001180,0.4375,9
action_blind,stable,0,1.7644448896668512,24001180,0.8125,38
reset_memory,stable,0,1.064031903089193,24001180,0.8125,38
greedy,stable,0,,24001180,0.5,
comparator,stable,6,,24001180,1.0,
bayesian,stable,2,,24001180,0.75,
action_model,shift+dropout,3,0.7978597016348885,24001180,1.0,31
shuffled_action,shift+dropout,0,1.0249068694427041,24001180,0.5,8
action_blind,shift+dropout,0,1.5605938319641677,24001180,0.79166667,25
reset_memory,shift+dropout,0,0.9344306247269081,24001180,0.79166667,25
greedy,shift+dropout,0,,24001180,0.47916667,
comparator,shift+dropout,3,,24001180,1.0,
bayesian,shift+dropout,1,,24001180,0.66666667,
action_model,stable,5,0.8918324804284238,24001287,1.0,40
shuffled_action,stable,0,1.0211612584054999,24001287,0.54166667,16
action_blind,stable,0,1.6205092111684347,24001287,0.625,24
reset_memory,stable,0,1.054577306302914,24001287,0.625,24
greedy,stable,0,,24001287,0.4375,
comparator,stable,1,,24001287,0.58333333,
bayesian,stable,5,,24001287,1.0,
action_model,shift+dropout,0,1.513805398570881,24001287,0.75,20
shuffled_action,shift+dropout,0,1.2589057764707978,24001287,0.72916667,19
action_blind,shift+dropout,0,1.8268387599585352,24001287,0.60416667,13
reset_memory,shift+dropout,0,1.3308877572439854,24001287,0.60416667,13
greedy,shift+dropout,0,,24001287,0.5,
comparator,shift+dropout,2,,24001287,0.85416667,
bayesian,shift+dropout,5,,24001287,1.0,
action_model,stable,4,0.5000622277516276,24001394,1.0,42
shuffled_action,stable,1,1.3062390786377283,24001394,0.70833333,21
action_blind,stable,0,2.053892957889565,24001394,0.60416667,22
reset_memory,stable,0,1.1474858161990598,24001394,0.60416667,22
greedy,stable,0,,24001394,0.35416667,
comparator,stable,4,,24001394,1.0,
bayesian,stable,7,,24001394,1.0,
action_model,shift+dropout,1,0.9958523438835092,24001394,0.89583333,31
shuffled_action,shift+dropout,1,1.5152748594477585,24001394,0.83333333,20
action_blind,shift+dropout,0,2.2486436753333336,24001394,0.625,16
reset_memory,shift+dropout,0,1.4571205630681279,24001394,0.625,16
greedy,shift+dropout,0,,24001394,0.41666667,
comparator,shift+dropout,4,,24001394,1.0,
bayesian,shift+dropout,4,,24001394,1.0,
action_model,stable,3,0.5297201525394292,24001501,1.0,44
shuffled_action,stable,1,1.0677617747772317,24001501,1.0,46
action_blind,stable,0,1.5504982125424094,24001501,0.8125,38
reset_memory,stable,0,0.8761064767695329,24001501,0.8125,38
greedy,stable,0,,24001501,0.5,
comparator,stable,4,,24001501,1.0,
bayesian,stable,4,,24001501,1.0,
action_model,shift+dropout,0,0.7423387450699939,24001501,0.625,18
shuffled_action,shift+dropout,0,1.3145617900651065,24001501,0.72916667,24
action_blind,shift+dropout,0,1.69869018547941,24001501,0.8125,29
reset_memory,shift+dropout,0,0.9324383054015539,24001501,0.8125,29
greedy,shift+dropout,0,,24001501,0.60416667,
comparator,shift+dropout,3,,24001501,1.0,
bayesian,shift+dropout,3,,24001501,1.0,
action_model,stable,0,0.6339371616702368,24001608,0.47916667,11
shuffled_action,stable,0,1.0374850336252839,24001608,0.47916667,12
action_blind,stable,0,1.3645405577289094,24001608,0.60416667,21
reset_memory,stable,0,0.8623109050648056,24001608,0.60416667,21
greedy,stable,0,,24001608,0.35416667,
comparator,stable,1,,24001608,0.54166667,
bayesian,stable,4,,24001608,1.0,
action_model,shift+dropout,0,0.9436809204456494,24001608,0.47916667,7
shuffled_action,shift+dropout,0,1.0277861169326281,24001608,0.5625,10
action_blind,shift+dropout,0,1.4821568143556128,24001608,0.60416667,14
reset_memory,shift+dropout,0,1.0364268012656968,24001608,0.60416667,14
greedy,shift+dropout,2,,24001608,0.875,
comparator,shift+dropout,1,,24001608,0.66666667,
bayesian,shift+dropout,4,,24001608,1.0,
action_model,stable,1,0.8512887381090285,24001715,0.70833333,22
shuffled_action,stable,0,1.1413978044556072,24001715,0.47916667,11
action_blind,stable,0,2.094697252598371,24001715,0.6875,28
reset_memory,stable,0,1.2543025692414587,24001715,0.6875,28
greedy,stable,0,,24001715,0.4375,
comparator,stable,0,,24001715,0.47916667,
bayesian,stable,0,,24001715,0.47916667,
action_model,shift+dropout,1,0.9652892261239508,24001715,0.95833333,36
shuffled_action,shift+dropout,0,1.1413978044556072,24001715,0.47916667,11
action_blind,shift+dropout,0,2.2746601841706693,24001715,0.66666667,24
reset_memory,shift+dropout,0,1.321178059964849,24001715,0.66666667,24
greedy,shift+dropout,0,,24001715,0.4375,
comparator,shift+dropout,0,,24001715,0.47916667,
bayesian,shift+dropout,0,,24001715,0.47916667,
action_model,stable,0,0.5162095132506843,24001822,0.5,13
shuffled_action,stable,0,0.6651149556501846,24001822,0.54166667,16
action_blind,stable,0,1.6919882155858925,24001822,0.72916667,32
reset_memory,stable,0,0.9741373453054752,24001822,0.72916667,32
greedy,stable,0,,24001822,0.39583333,
comparator,stable,3,,24001822,1.0,
bayesian,stable,2,,24001822,0.77083333,
action_model,shift+dropout,1,0.9474627836567503,24001822,0.97916667,30
shuffled_action,shift+dropout,0,1.146166387808744,24001822,0.4375,5
action_blind,shift+dropout,0,1.44831071104273,24001822,0.72916667,28
reset_memory,shift+dropout,0,0.7853792812664475,24001822,0.72916667,28
greedy,shift+dropout,0,,24001822,0.39583333,
comparator,shift+dropout,2,,24001822,0.9375,
bayesian,shift+dropout,4,,24001822,1.0,
action_model,stable,0,0.3799485411645416,24001929,0.54166667,16
shuffled_action,stable,0,1.1049275231973588,24001929,0.4375,9
action_blind,stable,0,1.705691793661361,24001929,0.72916667,31
reset_memory,stable,0,1.0601394103368498,24001929,0.72916667,31
greedy,stable,0,,24001929,0.35416667,
comparator,stable,0,,24001929,0.4375,
bayesian,stable,0,,24001929,0.41666667,
action_model,shift+dropout,0,0.944096994686635,24001929,0.625,16
shuffled_action,shift+dropout,0,1.1049275231973588,24001929,0.4375,9
action_blind,shift+dropout,0,1.6770812194559013,24001929,0.6875,21
reset_memory,shift+dropout,0,1.0624210398318363,24001929,0.6875,21
greedy,shift+dropout,0,,24001929,0.35416667,
comparator,shift+dropout,0,,24001929,0.4375,
bayesian,shift+dropout,0,,24001929,0.41666667,
action_model,stable,2,0.5135754900511615,24002036,1.0,42
shuffled_action,stable,0,1.1692592934913602,24002036,0.47916667,12
action_blind,stable,1,1.8785845217851753,24002036,0.85416667,33
reset_memory,stable,1,1.1558234427981018,24002036,0.85416667,33
greedy,stable,0,,24002036,0.35416667,
comparator,stable,7,,24002036,1.0,
bayesian,stable,3,,24002036,0.89583333,
action_model,shift+dropout,2,1.0157233347232908,24002036,0.83333333,19
shuffled_action,shift+dropout,0,1.0424032233215428,24002036,0.5,12
action_blind,shift+dropout,1,1.6335380018876884,24002036,0.85416667,30
reset_memory,shift+dropout,1,1.0146562109671937,24002036,0.85416667,30
greedy,shift+dropout,0,,24002036,0.60416667,
comparator,shift+dropout,0,,24002036,0.41666667,
bayesian,shift+dropout,0,,24002036,0.39583333,
action_model,stable,3,0.4424619219559454,24002143,1.0,33
shuffled_action,stable,0,1.477317506669732,24002143,0.58333333,20
action_blind,stable,0,1.7764834934911833,24002143,0.75,33
reset_memory,stable,0,1.014233062886001,24002143,0.75,33
greedy,stable,0,,24002143,0.41666667,
comparator,stable,5,,24002143,1.0,
bayesian,stable,7,,24002143,1.0,
action_model,shift+dropout,0,0.9749936357130523,24002143,0.8125,28
shuffled_action,shift+dropout,0,1.1731121902674988,24002143,0.39583333,3
action_blind,shift+dropout,0,1.412900315227386,24002143,0.8125,28
reset_memory,shift+dropout,0,0.824247576908548,24002143,0.8125,28
greedy,shift+dropout,0,,24002143,0.41666667,
comparator,shift+dropout,0,,24002143,0.4375,
bayesian,shift+dropout,0,,24002143,0.41666667,
action_model,stable,3,0.6479546768580386,24002250,1.0,31
shuffled_action,stable,0,1.4033963516720296,24002250,0.41666667,7
action_blind,stable,0,1.5363442731221268,24002250,0.72916667,31
reset_memory,stable,0,0.945275492977236,24002250,0.72916667,31
greedy,stable,0,,24002250,0.375,
comparator,stable,2,,24002250,0.8125,
bayesian,stable,6,,24002250,1.0,
action_model,shift+dropout,0,0.8803989341313162,24002250,0.54166667,12
shuffled_action,shift+dropout,0,1.2999398671530822,24002250,0.4375,5
action_blind,shift+dropout,0,1.5722383704715726,24002250,0.66666667,21
reset_memory,shift+dropout,0,0.9805568153486441,24002250,0.66666667,21
greedy,shift+dropout,0,,24002250,0.41666667,
comparator,shift+dropout,1,,24002250,0.64583333,
bayesian,shift+dropout,1,,24002250,0.60416667,
action_model,stable,0,0.5427831233742284,24002357,0.54166667,16
shuffled_action,stable,0,1.231748547811277,24002357,0.39583333,5
action_blind,stable,0,1.326414506403576,24002357,0.66666667,27
reset_memory,stable,0,0.8480642189912162,24002357,0.66666667,27
greedy,stable,0,,24002357,0.47916667,
comparator,stable,0,,24002357,0.4375,
bayesian,stable,0,,24002357,0.45833333,
action_model,shift+dropout,0,0.7597993973504646,24002357,0.5625,16
shuffled_action,shift+dropout,0,1.2156503896789332,24002357,0.5,11
action_blind,shift+dropout,0,1.4223883311252603,24002357,0.6875,24
reset_memory,shift+dropout,0,0.980309376848291,24002357,0.6875,24
greedy,shift+dropout,0,,24002357,0.47916667,
comparator,shift+dropout,3,,24002357,0.91666667,
bayesian,shift+dropout,2,,24002357,0.8125,
action_model,stable,7,0.29755917829116924,24002464,1.0,38
shuffled_action,stable,0,1.43143370357515,24002464,0.70833333,30
action_blind,stable,0,2.0030459041881103,24002464,0.66666667,27
reset_memory,stable,0,1.082636683168266,24002464,0.66666667,27
greedy,stable,0,,24002464,0.41666667,
comparator,stable,3,,24002464,0.9375,
bayesian,stable,3,,24002464,0.875,
action_model,shift+dropout,1,0.619158573760546,24002464,0.79166667,22
shuffled_action,shift+dropout,0,0.9672798286197976,24002464,0.66666667,18
action_blind,shift+dropout,1,2.0245715620981044,24002464,0.89583333,28
reset_memory,shift+dropout,1,1.10688127756953,24002464,0.89583333,28
greedy,shift+dropout,0,,24002464,0.47916667,
comparator,shift+dropout,4,,24002464,1.0,
bayesian,shift+dropout,4,,24002464,1.0,
action_model,stable,2,0.5370661364185423,25000003,0.875,26
shuffled_action,stable,0,1.4289524789700248,25000003,0.41666667,7
action_blind,stable,1,1.7417098458956104,25000003,0.97916667,43
reset_memory,stable,1,1.007807178371894,25000003,0.97916667,43
greedy,stable,0,,25000003,0.39583333,
comparator,stable,2,,25000003,0.70833333,
bayesian,stable,2,,25000003,0.70833333,
action_model,shift+dropout,1,0.9550065175801973,25000003,1.0,31
shuffled_action,shift+dropout,0,1.5637487060706206,25000003,0.4375,5
action_blind,shift+dropout,2,1.687217018006844,25000003,1.0,26
reset_memory,shift+dropout,2,1.04076247837201,25000003,1.0,26
greedy,shift+dropout,0,,25000003,0.39583333,
comparator,shift+dropout,4,,25000003,1.0,
bayesian,shift+dropout,5,,25000003,1.0,
action_model,stable,2,0.6127922196994637,25000110,0.77083333,19
shuffled_action,stable,0,1.0790201591617323,25000110,0.60416667,21
action_blind,stable,0,1.9559449916908844,25000110,0.6875,28
reset_memory,stable,0,1.201268658673195,25000110,0.6875,28
greedy,stable,8,,25000110,1.0,
comparator,stable,2,,25000110,0.6875,
bayesian,stable,8,,25000110,1.0,
action_model,shift+dropout,0,0.965581354669733,25000110,0.66666667,18
shuffled_action,shift+dropout,0,1.257253572828689,25000110,0.6875,19
action_blind,shift+dropout,0,2.1077912449522374,25000110,0.64583333,17
reset_memory,shift+dropout,0,1.3327167983294514,25000110,0.64583333,17
greedy,shift+dropout,4,,25000110,0.89583333,
comparator,shift+dropout,3,,25000110,1.0,
bayesian,shift+dropout,6,,25000110,1.0,
action_model,stable,1,0.40980214083139826,25000217,0.85416667,33
shuffled_action,stable,0,1.1556672357607398,25000217,0.47916667,12
action_blind,stable,0,1.8134587450747783,25000217,0.79166667,36
reset_memory,stable,0,1.2586351495000627,25000217,0.79166667,36
greedy,stable,0,,25000217,0.375,
comparator,stable,4,,25000217,1.0,
bayesian,stable,4,,25000217,1.0,
action_model,shift+dropout,1,0.8301229130475234,25000217,0.89583333,26
shuffled_action,shift+dropout,0,1.15566723576074,25000217,0.5,12
action_blind,shift+dropout,0,2.1073868545306773,25000217,0.75,29
reset_memory,shift+dropout,0,1.3942538500818846,25000217,0.75,29
greedy,shift+dropout,0,,25000217,0.41666667,
comparator,shift+dropout,3,,25000217,1.0,
bayesian,shift+dropout,2,,25000217,0.95833333,
action_model,stable,0,0.4963175143646731,25000324,0.60416667,21
shuffled_action,stable,0,0.9731744079024093,25000324,0.45833333,10
action_blind,stable,0,1.7196234765083382,25000324,0.8125,38
reset_memory,stable,0,1.153591200098957,25000324,0.8125,38
greedy,stable,0,,25000324,0.5,
comparator,stable,6,,25000324,1.0,
bayesian,stable,5,,25000324,1.0,
action_model,shift+dropout,0,0.8779359142371964,25000324,0.8125,26
shuffled_action,shift+dropout,0,1.2353540021673743,25000324,0.75,23
action_blind,shift+dropout,0,2.013588427388693,25000324,0.8125,26
reset_memory,shift+dropout,0,1.3623837055316523,25000324,0.8125,26
greedy,shift+dropout,0,,25000324,0.5625,
comparator,shift+dropout,3,,25000324,1.0,
bayesian,shift+dropout,3,,25000324,1.0,
action_model,stable,6,0.44422988311448675,25000431,1.0,33
shuffled_action,stable,0,1.5746918513435242,25000431,0.47916667,11
action_blind,stable,1,1.767824512682779,25000431,0.91666667,38
reset_memory,stable,1,0.940031532942634,25000431,0.91666667,38
greedy,stable,0,,25000431,0.75,
comparator,stable,6,,25000431,1.0,
bayesian,stable,5,,25000431,0.875,
action_model,shift+dropout,1,1.3317285953471296,25000431,0.85416667,27
shuffled_action,shift+dropout,0,1.1623060290284262,25000431,0.5,10
action_blind,shift+dropout,2,2.0295544558847767,25000431,1.0,39
reset_memory,shift+dropout,2,1.2189115386389529,25000431,1.0,39
greedy,shift+dropout,0,,25000431,0.64583333,
comparator,shift+dropout,5,,25000431,1.0,
bayesian,shift+dropout,7,,25000431,1.0,
action_model,stable,7,0.341531910135288,25000538,1.0,36
shuffled_action,stable,1,1.0351459634882383,25000538,0.60416667,14
action_blind,stable,0,1.6109695968135593,25000538,0.6875,28
reset_memory,stable,0,0.9292134399435216,25000538,0.6875,28
greedy,stable,0,,25000538,0.375,
comparator,stable,3,,25000538,0.77083333,
bayesian,stable,2,,25000538,0.58333333,
action_model,shift+dropout,2,0.6478468807696938,25000538,0.79166667,20
shuffled_action,shift+dropout,1,1.1010298358418515,25000538,0.625,15
action_blind,shift+dropout,1,1.668097986318764,25000538,0.85416667,29
reset_memory,shift+dropout,1,0.9878022606958206,25000538,0.85416667,29
greedy,shift+dropout,0,,25000538,0.375,
comparator,shift+dropout,3,,25000538,0.77083333,
bayesian,shift+dropout,2,,25000538,0.60416667,
action_model,stable,5,0.46236424121801556,25000645,1.0,34
shuffled_action,stable,0,1.1526603925791326,25000645,0.45833333,10
action_blind,stable,0,1.6866601303761042,25000645,0.77083333,35
reset_memory,stable,0,0.9828977753251256,25000645,0.77083333,35
greedy,stable,4,,25000645,0.91666667,
comparator,stable,4,,25000645,0.97916667,
bayesian,stable,5,,25000645,1.0,
action_model,shift+dropout,2,0.8675409762536358,25000645,0.89583333,24
shuffled_action,shift+dropout,0,1.0323375574591083,25000645,0.5,12
action_blind,shift+dropout,0,1.689375303705576,25000645,0.8125,36
reset_memory,shift+dropout,0,1.0478138500067447,25000645,0.8125,36
greedy,shift+dropout,3,,25000645,1.0,
comparator,shift+dropout,4,,25000645,1.0,
bayesian,shift+dropout,4,,25000645,1.0,
action_model,stable,1,0.6200078167254187,25000752,0.66666667,18
shuffled_action,stable,0,1.1520180598181655,25000752,0.47916667,12
action_blind,stable,0,1.4849283637008028,25000752,0.79166667,37
reset_memory,stable,0,0.8632817701796897,25000752,0.79166667,37
greedy,stable,0,,25000752,0.41666667,
comparator,stable,2,,25000752,0.8125,
bayesian,stable,2,,25000752,0.8125,
action_model,shift+dropout,2,1.1107280802295867,25000752,1.0,26
shuffled_action,shift+dropout,0,0.9972780319199016,25000752,0.47916667,6
action_blind,shift+dropout,0,1.6776123073774998,25000752,0.75,21
reset_memory,shift+dropout,0,1.0285004020958726,25000752,0.75,21
greedy,shift+dropout,0,,25000752,0.47916667,
comparator,shift+dropout,4,,25000752,1.0,
bayesian,shift+dropout,4,,25000752,1.0,
action_model,stable,0,0.5517854359908269,25000859,0.66666667,27
shuffled_action,stable,0,1.0760029770828532,25000859,0.58333333,20
action_blind,stable,0,1.6457438155521587,25000859,0.75,33
reset_memory,stable,0,1.084426690410885,25000859,0.75,33
greedy,stable,0,,25000859,0.5,
comparator,stable,7,,25000859,1.0,
bayesian,stable,4,,25000859,1.0,
action_model,shift+dropout,0,0.7966407459538022,25000859,0.625,21
shuffled_action,shift+dropout,0,1.1213039849585773,25000859,0.6875,27
action_blind,shift+dropout,1,1.6833254254408008,25000859,0.91666667,31
reset_memory,shift+dropout,1,1.1291111748845712,25000859,0.91666667,31
greedy,shift+dropout,0,,25000859,0.60416667,
comparator,shift+dropout,4,,25000859,1.0,
bayesian,shift+dropout,6,,25000859,1.0,
action_model,stable,4,0.881384727975671,25000966,1.0,27
shuffled_action,stable,1,1.4893781506595103,25000966,0.77083333,27
action_blind,stable,0,1.78546530710114,25000966,0.66666667,26
reset_memory,stable,0,0.994320883475793,25000966,0.66666667,26
greedy,stable,0,,25000966,0.4375,
comparator,stable,8,,25000966,1.0,
bayesian,stable,8,,25000966,1.0,
action_model,shift+dropout,0,1.0227210992441975,25000966,0.77083333,31
shuffled_action,shift+dropout,0,1.0108259299969236,25000966,0.60416667,20
action_blind,shift+dropout,0,1.8226327818952142,25000966,0.72916667,26
reset_memory,shift+dropout,0,0.9939124029745131,25000966,0.72916667,26
greedy,shift+dropout,0,,25000966,0.4375,
comparator,shift+dropout,2,,25000966,0.79166667,
bayesian,shift+dropout,3,,25000966,0.97916667,
action_model,stable,0,0.8398000518047279,25001073,0.52083333,15
shuffled_action,stable,0,1.29385576358927,25001073,0.5,14
action_blind,stable,0,1.4328351039681797,25001073,0.79166667,36
reset_memory,stable,0,1.0092528747580318,25001073,0.79166667,36
greedy,stable,0,,25001073,0.5,
comparator,stable,5,,25001073,1.0,
bayesian,stable,5,,25001073,1.0,
action_model,shift+dropout,0,0.9912353901025192,25001073,0.6875,19
shuffled_action,shift+dropout,0,1.32548353134384,25001073,0.6875,19
action_blind,shift+dropout,0,1.6498366228684205,25001073,0.6875,19
reset_memory,shift+dropout,0,1.1165764417415462,25001073,0.6875,19
greedy,shift+dropout,0,,25001073,0.60416667,
comparator,shift+dropout,1,,25001073,0.77083333,
bayesian,shift+dropout,3,,25001073,1.0,
action_model,stable,4,0.41732737775360784,25001180,1.0,42
shuffled_action,stable,0,0.8419323090872962,25001180,0.6875,28
action_blind,stable,0,1.5028169968671041,25001180,0.79166667,36
reset_memory,stable,0,0.9453207656053303,25001180,0.79166667,36
greedy,stable,0,,25001180,0.41666667,
comparator,stable,5,,25001180,1.0,
bayesian,stable,4,,25001180,1.0,
action_model,shift+dropout,1,0.8720459769024851,25001180,0.77083333,20
shuffled_action,shift+dropout,0,1.3270350292524855,25001180,0.75,25
action_blind,shift+dropout,1,1.8153978539549556,25001180,0.9375,26
reset_memory,shift+dropout,1,1.2211401316987842,25001180,0.9375,26
greedy,shift+dropout,0,,25001180,0.5,
comparator,shift+dropout,2,,25001180,1.0,
bayesian,shift+dropout,3,,25001180,1.0,
action_model,stable,3,0.6882389570950562,25001287,1.0,35
shuffled_action,stable,0,0.9674619681385078,25001287,0.47916667,11
action_blind,stable,0,1.7085472218442315,25001287,0.79166667,36
reset_memory,stable,0,1.0979819457107367,25001287,0.79166667,36
greedy,stable,0,,25001287,0.4375,
comparator,stable,4,,25001287,1.0,
bayesian,stable,1,,25001287,0.60416667,
action_model,shift+dropout,2,1.0822041893084922,25001287,0.85416667,22
shuffled_action,shift+dropout,0,0.9674619681385078,25001287,0.47916667,11
action_blind,shift+dropout,0,1.816863049052876,25001287,0.79166667,34
reset_memory,shift+dropout,0,0.997899800039459,25001287,0.79166667,34
greedy,shift+dropout,0,,25001287,0.4375,
comparator,shift+dropout,1,,25001287,0.58333333,
bayesian,shift+dropout,1,,25001287,0.58333333,
action_model,stable,3,0.5686398995714546,25001394,1.0,42
shuffled_action,stable,0,1.084130855788327,25001394,0.41666667,7
action_blind,stable,0,1.6661455102425275,25001394,0.72916667,31
reset_memory,stable,0,0.9644054340403926,25001394,0.72916667,31
greedy,stable,0,,25001394,0.47916667,
comparator,stable,5,,25001394,1.0,
bayesian,stable,4,,25001394,1.0,
action_model,shift+dropout,2,0.7594365612408068,25001394,1.0,36
shuffled_action,shift+dropout,0,1.0502290694674887,25001394,0.5,9
action_blind,shift+dropout,0,1.513430813482403,25001394,0.72916667,25
reset_memory,shift+dropout,0,0.9484342432588069,25001394,0.72916667,25
greedy,shift+dropout,0,,25001394,0.54166667,
comparator,shift+dropout,4,,25001394,0.97916667,
bayesian,shift+dropout,4,,25001394,0.95833333,
action_model,stable,5,0.7211034354963058,25001501,1.0,37
shuffled_action,stable,1,0.936322856659307,25001501,0.64583333,17
action_blind,stable,0,2.08908689045956,25001501,0.79166667,36
reset_memory,stable,0,1.2410974163788948,25001501,0.79166667,36
greedy,stable,0,,25001501,0.54166667,
comparator,stable,5,,25001501,1.0,
bayesian,stable,1,,25001501,0.72916667,
action_model,shift+dropout,0,1.2264742293893396,25001501,0.6875,20
shuffled_action,shift+dropout,0,1.057873750283864,25001501,0.5625,14
action_blind,shift+dropout,0,1.5443549902494231,25001501,0.79166667,25
reset_memory,shift+dropout,0,0.8988487881071628,25001501,0.79166667,25
greedy,shift+dropout,0,,25001501,0.70833333,
comparator,shift+dropout,3,,25001501,1.0,
bayesian,shift+dropout,3,,25001501,1.0,
action_model,stable,1,0.6505284715226697,25001608,0.6875,20
shuffled_action,stable,0,0.8834086033474601,25001608,0.41666667,6
action_blind,stable,0,1.784142856322147,25001608,0.72916667,32
reset_memory,stable,0,1.0149023174931306,25001608,0.72916667,32
greedy,stable,0,,25001608,0.625,
comparator,stable,1,,25001608,0.64583333,
bayesian,stable,1,,25001608,0.64583333,
action_model,shift+dropout,1,1.0438015909902962,25001608,0.85416667,24
shuffled_action,shift+dropout,0,0.8834086033474601,25001608,0.41666667,6
action_blind,shift+dropout,0,1.514733840488396,25001608,0.72916667,25
reset_memory,shift+dropout,0,1.020133896123294,25001608,0.72916667,25
greedy,shift+dropout,0,,25001608,0.79166667,
comparator,shift+dropout,2,,25001608,0.875,
bayesian,shift+dropout,2,,25001608,0.83333333,
action_model,stable,1,0.8954525530765455,25001715,0.60416667,14
shuffled_action,stable,0,0.8803939843406798,25001715,0.39583333,5
action_blind,stable,0,1.5922277405379965,25001715,0.79166667,36
reset_memory,stable,0,0.936400256858736,25001715,0.79166667,36
greedy,stable,4,,25001715,0.95833333,
comparator,stable,4,,25001715,1.0,
bayesian,stable,7,,25001715,1.0,
action_model,shift+dropout,2,0.9729152764502453,25001715,0.9375,21
shuffled_action,shift+dropout,0,0.995174856808316,25001715,0.4375,6
action_blind,shift+dropout,0,1.895818428296925,25001715,0.79166667,26
reset_memory,shift+dropout,0,1.372288534067754,25001715,0.79166667,26
greedy,shift+dropout,3,,25001715,0.91666667,
comparator,shift+dropout,3,,25001715,1.0,
bayesian,shift+dropout,6,,25001715,1.0,
action_model,stable,3,0.4617999572639247,25001822,1.0,30
shuffled_action,stable,1,0.9830798160127202,25001822,0.75,25
action_blind,stable,1,1.7012413413742673,25001822,0.83333333,31
reset_memory,stable,1,0.993393635266865,25001822,0.83333333,31
greedy,stable,0,,25001822,0.4375,
comparator,stable,6,,25001822,1.0,
bayesian,stable,5,,25001822,1.0,
action_model,shift+dropout,2,0.8460377482598954,25001822,1.0,34
shuffled_action,shift+dropout,1,1.2573365073028528,25001822,0.77083333,23
action_blind,shift+dropout,1,1.731608978825004,25001822,0.85416667,29
reset_memory,shift+dropout,1,1.0653016621815514,25001822,0.85416667,29
greedy,shift+dropout,0,,25001822,0.4375,
comparator,shift+dropout,3,,25001822,1.0,
bayesian,shift+dropout,4,,25001822,1.0,
action_model,stable,0,1.1123977567313679,25001929,0.5,13
shuffled_action,stable,0,1.1333045072988326,25001929,0.4375,8
action_blind,stable,0,1.7897053046206368,25001929,0.79166667,36
reset_memory,stable,0,1.1087358221442907,25001929,0.79166667,36
greedy,stable,0,,25001929,0.41666667,
comparator,stable,0,,25001929,0.4375,
bayesian,stable,0,,25001929,0.4375,
action_model,shift+dropout,1,1.3936974216187155,25001929,0.77083333,18
shuffled_action,shift+dropout,0,1.7124059185470972,25001929,0.45833333,7
action_blind,shift+dropout,0,1.9647829001551729,25001929,0.79166667,26
reset_memory,shift+dropout,0,1.1305675816944591,25001929,0.79166667,26
greedy,shift+dropout,0,,25001929,0.4375,
comparator,shift+dropout,0,,25001929,0.4375,
bayesian,shift+dropout,0,,25001929,0.4375,
action_model,stable,4,0.3977905489181928,25002036,1.0,30
shuffled_action,stable,0,1.152993286445328,25002036,0.5625,18
action_blind,stable,0,1.5972122891395117,25002036,0.72916667,31
reset_memory,stable,0,1.0666620021796376,25002036,0.72916667,31
greedy,stable,0,,25002036,0.33333333,
comparator,stable,7,,25002036,1.0,
bayesian,stable,6,,25002036,1.0,
action_model,shift+dropout,2,0.8509827711836159,25002036,0.91666667,22
shuffled_action,shift+dropout,0,1.363666995438722,25002036,0.5625,18
action_blind,shift+dropout,0,1.5895994861430334,25002036,0.6875,27
reset_memory,shift+dropout,0,1.0163641979866327,25002036,0.6875,27
greedy,shift+dropout,0,,25002036,0.33333333,
comparator,shift+dropout,4,,25002036,1.0,
bayesian,shift+dropout,5,,25002036,1.0,
action_model,stable,4,0.6841241301152985,25002143,1.0,29
shuffled_action,stable,0,1.1523026296015162,25002143,0.41666667,7
action_blind,stable,0,1.82949896498535,25002143,0.5625,19
reset_memory,stable,0,1.1896801433976836,25002143,0.5625,19
greedy,stable,0,,25002143,0.375,
comparator,stable,5,,25002143,1.0,
bayesian,stable,3,,25002143,0.89583333,
action_model,shift+dropout,1,0.9349359227578936,25002143,0.95833333,26
shuffled_action,shift+dropout,0,1.1669736548472145,25002143,0.5,6
action_blind,shift+dropout,0,1.6399368161759023,25002143,0.625,14
reset_memory,shift+dropout,0,1.2589913053298882,25002143,0.625,14
greedy,shift+dropout,0,,25002143,0.375,
comparator,shift+dropout,3,,25002143,1.0,
bayesian,shift+dropout,4,,25002143,1.0,
action_model,stable,0,1.3468064156063786,25002250,0.47916667,11
shuffled_action,stable,0,1.606585385541604,25002250,0.625,24
action_blind,stable,0,1.7567760116515843,25002250,0.79166667,36
reset_memory,stable,0,1.180028982439219,25002250,0.79166667,36
greedy,stable,4,,25002250,1.0,
comparator,stable,6,,25002250,1.0,
bayesian,stable,2,,25002250,0.8125,
action_model,shift+dropout,0,0.8244444782277706,25002250,0.5,12
shuffled_action,shift+dropout,0,1.6691650462263457,25002250,0.58333333,16
action_blind,shift+dropout,0,1.4679001953857482,25002250,0.75,25
reset_memory,shift+dropout,0,0.9516492864334439,25002250,0.75,25
greedy,shift+dropout,1,,25002250,0.6875,
comparator,shift+dropout,2,,25002250,0.89583333,
bayesian,shift+dropout,2,,25002250,0.89583333,
action_model,stable,1,0.5434013123125133,25002357,0.72916667,23
shuffled_action,stable,0,0.9871503754095379,25002357,0.4375,9
action_blind,stable,0,1.4831388691352718,25002357,0.6875,28
reset_memory,stable,0,0.9548730970359112,25002357,0.6875,28
greedy,stable,0,,25002357,0.41666667,
comparator,stable,6,,25002357,1.0,
bayesian,stable,6,,25002357,1.0,
action_model,shift+dropout,0,1.2545042403306945,25002357,0.41666667,3
shuffled_action,shift+dropout,0,0.9788842224271513,25002357,0.47916667,8
action_blind,shift+dropout,0,1.692446085939581,25002357,0.75,26
reset_memory,shift+dropout,0,1.105461242410071,25002357,0.75,26
greedy,shift+dropout,0,,25002357,0.4375,
comparator,shift+dropout,5,,25002357,1.0,
bayesian,shift+dropout,6,,25002357,1.0,
action_model,stable,3,0.7234636352294734,25002464,1.0,35
shuffled_action,stable,0,1.4538051080840517,25002464,0.4375,9
action_blind,stable,0,1.6504275575102063,25002464,0.6875,28
reset_memory,stable,0,1.1672122159777782,25002464,0.6875,28
greedy,stable,3,,25002464,0.6875,
comparator,stable,6,,25002464,1.0,
bayesian,stable,6,,25002464,1.0,
action_model,shift+dropout,0,1.063710054201759,25002464,0.6875,22
shuffled_action,shift+dropout,0,1.0989823127256062,25002464,0.625,19
action_blind,shift+dropout,0,1.90201482545039,25002464,0.72916667,26
reset_memory,shift+dropout,0,1.242275434245274,25002464,0.72916667,26
greedy,shift+dropout,2,,25002464,0.95833333,
comparator,shift+dropout,1,,25002464,0.6875,
bayesian,shift+dropout,1,,25002464,0.66666667,
action_model,stable,4,0.6651548843845528,26000003,1.0,33
shuffled_action,stable,0,0.9034987069219913,26000003,0.54166667,17
action_blind,stable,0,2.2935968516857725,26000003,0.5,13
reset_memory,stable,0,1.2668586887893238,26000003,0.5,13
greedy,stable,8,,26000003,1.0,
comparator,stable,5,,26000003,1.0,
bayesian,stable,6,,26000003,1.0,
action_model,shift+dropout,1,1.1522218054556221,26000003,0.77083333,16
shuffled_action,shift+dropout,0,0.9015559834099115,26000003,0.4375,4
action_blind,shift+dropout,0,2.1267884913135,26000003,0.5,9
reset_memory,shift+dropout,0,1.0979397584838788,26000003,0.5,9
greedy,shift+dropout,2,,26000003,0.8125,
comparator,shift+dropout,5,,26000003,1.0,
bayesian,shift+dropout,6,,26000003,1.0,
action_model,stable,0,0.45687101395655216,26000110,0.8125,38
shuffled_action,stable,0,0.6420137729202018,26000110,0.52083333,15
action_blind,stable,0,1.6479849846916037,26000110,0.75,33
reset_memory,stable,0,1.0586039932796953,26000110,0.75,33
greedy,stable,0,,26000110,0.5,
comparator,stable,6,,26000110,1.0,
bayesian,stable,6,,26000110,1.0,
action_model,shift+dropout,0,0.8222083430188885,26000110,0.47916667,10
shuffled_action,shift+dropout,0,1.0955023164873623,26000110,0.66666667,22
action_blind,shift+dropout,0,2.0060328778647682,26000110,0.72916667,27
reset_memory,shift+dropout,0,1.1607698870605416,26000110,0.72916667,27
greedy,shift+dropout,0,,26000110,0.41666667,
comparator,shift+dropout,3,,26000110,1.0,
bayesian,shift+dropout,5,,26000110,1.0,
action_model,stable,1,0.576511471085736,26000217,0.70833333,21
shuffled_action,stable,0,1.1898001706312322,26000217,0.54166667,16
action_blind,stable,0,1.7126342128791954,26000217,0.6875,29
reset_memory,stable,0,1.0204846346993226,26000217,0.6875,29
greedy,stable,0,,26000217,0.5,
comparator,stable,1,,26000217,0.64583333,
bayesian,stable,1,,26000217,0.64583333,
action_model,shift+dropout,0,0.7203011319917506,26000217,0.54166667,9
shuffled_action,shift+dropout,0,0.9301072064785888,26000217,0.64583333,17
action_blind,shift+dropout,0,1.6133652036288917,26000217,0.6875,21
reset_memory,shift+dropout,0,0.9925376883358974,26000217,0.6875,21
greedy,shift+dropout,0,,26000217,0.6875,
comparator,shift+dropout,0,,26000217,0.54166667,
bayesian,shift+dropout,0,,26000217,0.54166667,
action_model,stable,2,0.8388420590145295,26000324,1.0,38
shuffled_action,stable,0,1.6520647718228503,26000324,0.5,13
action_blind,stable,0,1.2302911628146596,26000324,0.625,23
reset_memory,stable,0,0.9161582409385006,26000324,0.625,23
greedy,stable,0,,26000324,0.5625,
comparator,stable,1,,26000324,0.58333333,
bayesian,stable,1,,26000324,0.66666667,
action_model,shift+dropout,0,0.9727870205188629,26000324,0.64583333,21
shuffled_action,shift+dropout,0,1.4655875473920024,26000324,0.47916667,10
action_blind,shift+dropout,0,1.1935769924383237,26000324,0.5625,15
reset_memory,shift+dropout,0,0.8371107866609274,26000324,0.5625,15
greedy,shift+dropout,0,,26000324,0.66666667,
comparator,shift+dropout,4,,26000324,1.0,
bayesian,shift+dropout,1,,26000324,0.70833333,
action_model,stable,5,0.4551517885876169,26000431,1.0,37
shuffled_action,stable,0,0.9279603853530015,26000431,0.4375,8
action_blind,stable,0,1.5012528429361598,26000431,0.6875,28
reset_memory,stable,0,0.8857550223043036,26000431,0.6875,28
greedy,stable,0,,26000431,0.47916667,
comparator,stable,7,,26000431,1.0,
bayesian,stable,4,,26000431,0.97916667,
action_model,shift+dropout,2,0.8943681664482804,26000431,1.0,35
shuffled_action,shift+dropout,0,0.9287211467172986,26000431,0.625,20
action_blind,shift+dropout,0,1.6361777632932204,26000431,0.75,29
reset_memory,shift+dropout,0,0.9588745740874566,26000431,0.75,29
greedy,shift+dropout,0,,26000431,0.47916667,
comparator,shift+dropout,3,,26000431,1.0,
bayesian,shift+dropout,7,,26000431,1.0,
action_model,stable,0,0.7954897547646611,26000538,0.4375,8
shuffled_action,stable,0,1.3842730767908207,26000538,0.58333333,20
action_blind,stable,0,1.7119139309177733,26000538,0.6875,28
reset_memory,stable,0,1.0577506231270575,26000538,0.6875,28
greedy,stable,0,,26000538,0.33333333,
comparator,stable,6,,26000538,1.0,
bayesian,stable,2,,26000538,0.70833333,
action_model,shift+dropout,1,0.6801693032972735,26000538,0.89583333,25
shuffled_action,shift+dropout,0,1.0844540731219803,26000538,0.5625,11
action_blind,shift+dropout,0,1.0590214789430266,26000538,0.72916667,22
reset_memory,shift+dropout,0,0.7832693564636948,26000538,0.72916667,22
greedy,shift+dropout,0,,26000538,0.33333333,
comparator,shift+dropout,0,,26000538,0.35416667,
bayesian,shift+dropout,0,,26000538,0.35416667,
action_model,stable,2,0.5666163084754685,26000645,0.875,27
shuffled_action,stable,0,1.4336629447465405,26000645,0.60416667,21
action_blind,stable,0,1.5840570438335781,26000645,0.75,33
reset_memory,stable,0,0.9836454816652578,26000645,0.75,33
greedy,stable,0,,26000645,0.52083333,
comparator,stable,8,,26000645,1.0,
bayesian,stable,6,,26000645,1.0,
action_model,shift+dropout,1,1.1419208250109494,26000645,0.875,27
shuffled_action,shift+dropout,0,1.368812206536683,26000645,0.6875,24
action_blind,shift+dropout,0,1.5262619771424457,26000645,0.72916667,28
reset_memory,shift+dropout,0,0.8710129279390684,26000645,0.72916667,28
greedy,shift+dropout,0,,26000645,0.60416667,
comparator,shift+dropout,5,,26000645,1.0,
bayesian,shift+dropout,6,,26000645,1.0,
action_model,stable,1,0.3546152177598964,26000752,0.70833333,22
shuffled_action,stable,0,1.840481711694335,26000752,0.60416667,22
action_blind,stable,0,1.5010753056429964,26000752,0.5625,18
reset_memory,stable,0,0.9703928552152274,26000752,0.5625,18
greedy,stable,0,,26000752,0.375,
comparator,stable,4,,26000752,1.0,
bayesian,stable,6,,26000752,1.0,
action_model,shift+dropout,1,0.6258752122480784,26000752,1.0,34
shuffled_action,shift+dropout,0,1.3678383576297912,26000752,0.77083333,29
action_blind,shift+dropout,0,1.4378252926154944,26000752,0.625,21
reset_memory,shift+dropout,0,1.0772139557046938,26000752,0.625,21
greedy,shift+dropout,0,,26000752,0.4375,
comparator,shift+dropout,3,,26000752,1.0,
bayesian,shift+dropout,4,,26000752,1.0,
action_model,stable,4,0.6669811533227815,26000859,1.0,36
shuffled_action,stable,1,1.2411423859105803,26000859,0.85416667,34
action_blind,stable,0,1.4155149842035464,26000859,0.6875,28
reset_memory,stable,0,0.8974444728710316,26000859,0.6875,28
greedy,stable,1,,26000859,0.54166667,
comparator,stable,2,,26000859,0.79166667,
bayesian,stable,4,,26000859,1.0,
action_model,shift+dropout,2,1.0254584817223447,26000859,1.0,31
shuffled_action,shift+dropout,0,1.6978212550193383,26000859,0.47916667,5
action_blind,shift+dropout,1,1.4883616343714177,26000859,0.89583333,28
reset_memory,shift+dropout,1,0.9483322142888405,26000859,0.89583333,28
greedy,shift+dropout,2,,26000859,0.8125,
comparator,shift+dropout,4,,26000859,1.0,
bayesian,shift+dropout,4,,26000859,1.0,
action_model,stable,1,0.7062568660708044,26000966,0.60416667,14
shuffled_action,stable,0,1.1487495025339796,26000966,0.47916667,12
action_blind,stable,0,1.7227828739323894,26000966,0.75,33
reset_memory,stable,0,1.002698566387543,26000966,0.75,33
greedy,stable,2,,26000966,0.64583333,
comparator,stable,3,,26000966,0.9375,
bayesian,stable,3,,26000966,0.9375,
action_model,shift+dropout,0,1.0989913532045108,26000966,0.625,14
shuffled_action,shift+dropout,0,1.301966476752477,26000966,0.5,6
action_blind,shift+dropout,0,1.5661272786118108,26000966,0.72916667,19
reset_memory,shift+dropout,0,1.0200283541488588,26000966,0.72916667,19
greedy,shift+dropout,2,,26000966,0.75,
comparator,shift+dropout,6,,26000966,1.0,
bayesian,shift+dropout,5,,26000966,1.0,
action_model,stable,3,0.43667672947779346,26001073,1.0,34
shuffled_action,stable,0,1.3229484073144164,26001073,0.5625,18
action_blind,stable,0,2.0747622395016627,26001073,0.79166667,37
reset_memory,stable,0,1.1376653814112776,26001073,0.79166667,37
greedy,stable,0,,26001073,0.375,
comparator,stable,4,,26001073,1.0,
bayesian,stable,5,,26001073,1.0,
action_model,shift+dropout,1,0.7683734859149816,26001073,0.79166667,23
shuffled_action,shift+dropout,0,1.2017441227270758,26001073,0.60416667,17
action_blind,shift+dropout,0,1.9572493610367692,26001073,0.79166667,30
reset_memory,shift+dropout,0,1.1396696447499095,26001073,0.79166667,30
greedy,shift+dropout,0,,26001073,0.39583333,
comparator,shift+dropout,3,,26001073,1.0,
bayesian,shift+dropout,3,,26001073,1.0,
action_model,stable,0,0.73038106315224,26001180,0.60416667,21
shuffled_action,stable,0,2.376687485145337,26001180,0.625,23
action_blind,stable,1,1.6257550717803622,26001180,0.91666667,38
reset_memory,stable,1,1.1777022994664792,26001180,0.91666667,38
greedy,stable,0,,26001180,0.41666667,
comparator,stable,8,,26001180,1.0,
bayesian,stable,8,,26001180,1.0,
action_model,shift+dropout,1,0.7911211504152913,26001180,0.89583333,26
shuffled_action,shift+dropout,0,2.2577893674069274,26001180,0.5625,19
action_blind,shift+dropout,0,1.4265901590811794,26001180,0.6875,24
reset_memory,shift+dropout,0,0.9296171876381737,26001180,0.6875,24
greedy,shift+dropout,0,,26001180,0.4375,
comparator,shift+dropout,1,,26001180,0.83333333,
bayesian,shift+dropout,4,,26001180,1.0,
action_model,stable,2,0.8810151913340881,26001287,1.0,44
shuffled_action,stable,0,1.0344901377063258,26001287,0.45833333,10
action_blind,stable,0,1.8935036412485298,26001287,0.75,33
reset_memory,stable,0,1.1514224562949107,26001287,0.75,33
greedy,stable,8,,26001287,1.0,
comparator,stable,4,,26001287,1.0,
bayesian,stable,4,,26001287,1.0,
action_model,shift+dropout,1,0.9905367726537853,26001287,0.95833333,35
shuffled_action,shift+dropout,0,1.1597288448288563,26001287,0.60416667,18
action_blind,shift+dropout,0,1.7440357024131172,26001287,0.77083333,31
reset_memory,shift+dropout,0,1.157822088172493,26001287,0.77083333,31
greedy,shift+dropout,3,,26001287,0.9375,
comparator,shift+dropout,3,,26001287,1.0,
bayesian,shift+dropout,2,,26001287,1.0,
action_model,stable,5,0.4988383109601081,26001394,1.0,37
shuffled_action,stable,0,1.3701119419622774,26001394,0.5,14
action_blind,stable,0,1.6260482125170832,26001394,0.72916667,31
reset_memory,stable,0,0.9343164461010797,26001394,0.72916667,31
greedy,stable,0,,26001394,0.41666667,
comparator,stable,6,,26001394,1.0,
bayesian,stable,7,,26001394,1.0,
action_model,shift+dropout,2,0.9712535446383205,26001394,0.875,21
shuffled_action,shift+dropout,0,1.3701119419622774,26001394,0.52083333,14
action_blind,shift+dropout,0,1.2534392717806977,26001394,0.79166667,32
reset_memory,shift+dropout,0,0.8411225185506963,26001394,0.79166667,32
greedy,shift+dropout,0,,26001394,0.41666667,
comparator,shift+dropout,3,,26001394,0.97916667,
bayesian,shift+dropout,4,,26001394,1.0,
action_model,stable,3,0.4393812800332267,26001501,1.0,37
shuffled_action,stable,0,0.9680571685245233,26001501,0.4375,8
action_blind,stable,0,1.5424488325459782,26001501,0.79166667,36
reset_memory,stable,0,0.8935498735485338,26001501,0.79166667,36
greedy,stable,0,,26001501,0.45833333,
comparator,stable,4,,26001501,1.0,
bayesian,stable,3,,26001501,1.0,
action_model,shift+dropout,0,0.6902055260799698,26001501,0.64583333,19
shuffled_action,shift+dropout,0,0.9221905288122577,26001501,0.5,9
action_blind,shift+dropout,0,1.686518957665712,26001501,0.75,26
reset_memory,shift+dropout,0,1.0397799678129809,26001501,0.75,26
greedy,shift+dropout,0,,26001501,0.41666667,
comparator,shift+dropout,2,,26001501,1.0,
bayesian,shift+dropout,2,,26001501,1.0,
action_model,stable,1,0.7788769712047304,26001608,0.6875,20
shuffled_action,stable,0,0.9598333581384398,26001608,0.54166667,16
action_blind,stable,1,1.255165570831536,26001608,0.85416667,33
reset_memory,stable,1,0.8650984075448,26001608,0.85416667,33
greedy,stable,0,,26001608,0.47916667,
comparator,stable,0,,26001608,0.45833333,
bayesian,stable,0,,26001608,0.45833333,
action_model,shift+dropout,0,0.7518161501473469,26001608,0.60416667,19
shuffled_action,shift+dropout,0,0.889840780034157,26001608,0.625,20
action_blind,shift+dropout,1,1.4463236369767147,26001608,0.85416667,29
reset_memory,shift+dropout,1,1.02720328656478,26001608,0.85416667,29
greedy,shift+dropout,0,,26001608,0.41666667,
comparator,shift+dropout,0,,26001608,0.4375,
bayesian,shift+dropout,0,,26001608,0.58333333,
action_model,stable,3,0.37855326541711587,26001715,1.0,32
shuffled_action,stable,0,2.244327424950436,26001715,0.66666667,26
action_blind,stable,0,2.0910893414677196,26001715,0.6875,28
reset_memory,stable,0,1.2508870054425374,26001715,0.6875,28
greedy,stable,0,,26001715,0.4375,
comparator,stable,9,,26001715,1.0,
bayesian,stable,3,,26001715,0.89583333,
action_model,shift+dropout,0,1.5554803439657265,26001715,0.60416667,12
shuffled_action,shift+dropout,0,1.4398106759899107,26001715,0.5,8
action_blind,shift+dropout,0,1.8446577580830659,26001715,0.625,15
reset_memory,shift+dropout,0,1.2433989482827565,26001715,0.625,15
greedy,shift+dropout,0,,26001715,0.4375,
comparator,shift+dropout,2,,26001715,0.89583333,
bayesian,shift+dropout,3,,26001715,1.0,
action_model,stable,4,0.4675808771506495,26001822,1.0,27
shuffled_action,stable,0,1.0516497797224755,26001822,0.5625,19
action_blind,stable,1,1.3753748780420145,26001822,0.97916667,43
reset_memory,stable,1,0.7833136791897176,26001822,0.97916667,43
greedy,stable,0,,26001822,0.35416667,
comparator,stable,8,,26001822,1.0,
bayesian,stable,5,,26001822,1.0,
action_model,shift+dropout,2,0.8906961422384961,26001822,1.0,37
shuffled_action,shift+dropout,0,1.3346859120245003,26001822,0.72916667,27
action_blind,shift+dropout,1,1.7254293550524542,26001822,0.97916667,33
reset_memory,shift+dropout,1,1.11970292756441,26001822,0.97916667,33
greedy,shift+dropout,0,,26001822,0.35416667,
comparator,shift+dropout,5,,26001822,1.0,
bayesian,shift+dropout,3,,26001822,1.0,
action_model,stable,0,0.5137898287979068,26001929,0.58333333,20
shuffled_action,stable,0,0.9108182492646734,26001929,0.47916667,12
action_blind,stable,0,1.6303370564449535,26001929,0.6875,29
reset_memory,stable,0,0.9536713499658391,26001929,0.6875,29
greedy,stable,0,,26001929,0.4375,
comparator,stable,3,,26001929,0.91666667,
bayesian,stable,4,,26001929,1.0,
action_model,shift+dropout,2,0.7051516199593795,26001929,0.95833333,22
shuffled_action,shift+dropout,0,0.9220979451218526,26001929,0.5,9
action_blind,shift+dropout,0,1.4514981350908278,26001929,0.66666667,18
reset_memory,shift+dropout,0,0.9280416245434976,26001929,0.66666667,18
greedy,shift+dropout,0,,26001929,0.5,
comparator,shift+dropout,4,,26001929,1.0,
bayesian,shift+dropout,4,,26001929,1.0,
action_model,stable,0,0.573215019544848,26002036,0.72916667,31
shuffled_action,stable,0,1.0923492512777582,26002036,0.60416667,22
action_blind,stable,0,1.5328481866741295,26002036,0.6875,28
reset_memory,stable,0,0.9052223701067669,26002036,0.6875,28
greedy,stable,0,,26002036,0.47916667,
comparator,stable,0,,26002036,0.45833333,
bayesian,stable,0,,26002036,0.47916667,
action_model,shift+dropout,0,0.8959745136005978,26002036,0.6875,22
shuffled_action,shift+dropout,0,1.2203489752437393,26002036,0.6875,23
action_blind,shift+dropout,0,1.6867503988957626,26002036,0.66666667,21
reset_memory,shift+dropout,0,1.0418040882942423,26002036,0.66666667,21
greedy,shift+dropout,0,,26002036,0.47916667,
comparator,shift+dropout,0,,26002036,0.45833333,
bayesian,shift+dropout,0,,26002036,0.54166667,
action_model,stable,2,0.39893927726394307,26002143,0.79166667,20
shuffled_action,stable,0,1.6985013493245154,26002143,0.625,23
action_blind,stable,0,1.735322300990403,26002143,0.625,24
reset_memory,stable,0,1.0935035399019133,26002143,0.625,24
greedy,stable,5,,26002143,1.0,
comparator,stable,4,,26002143,1.0,
bayesian,stable,4,,26002143,1.0,
action_model,shift+dropout,1,0.9293389335751523,26002143,0.79166667,26
shuffled_action,shift+dropout,0,1.0299566610345392,26002143,0.4375,9
action_blind,shift+dropout,0,1.5495354330215179,26002143,0.72916667,29
reset_memory,shift+dropout,0,1.0223766748094,26002143,0.72916667,29
greedy,shift+dropout,2,,26002143,0.77083333,
comparator,shift+dropout,4,,26002143,1.0,
bayesian,shift+dropout,5,,26002143,1.0,
action_model,stable,1,0.9711758402422089,26002250,0.72916667,24
shuffled_action,stable,0,1.155552585670277,26002250,0.52083333,15
action_blind,stable,0,1.6120237994924689,26002250,0.66666667,26
reset_memory,stable,0,1.1294314765267524,26002250,0.66666667,26
greedy,stable,0,,26002250,0.5,
comparator,stable,2,,26002250,0.91666667,
bayesian,stable,5,,26002250,1.0,
action_model,shift+dropout,1,0.8024875398050794,26002250,0.79166667,23
shuffled_action,shift+dropout,0,1.4181281334312679,26002250,0.5625,14
action_blind,shift+dropout,0,1.5287812318770515,26002250,0.625,17
reset_memory,shift+dropout,0,1.0547052647955308,26002250,0.625,17
greedy,shift+dropout,0,,26002250,0.5,
comparator,shift+dropout,0,,26002250,0.54166667,
bayesian,shift+dropout,1,,26002250,0.72916667,
action_model,stable,0,0.7467378573338953,26002357,0.52083333,15
shuffled_action,stable,0,1.1590196496101342,26002357,0.4375,9
action_blind,stable,0,1.4407777766770284,26002357,0.72916667,31
reset_memory,stable,0,0.8564688826551259,26002357,0.72916667,31
greedy,stable,0,,26002357,0.41666667,
comparator,stable,0,,26002357,0.4375,
bayesian,stable,0,,26002357,0.4375,
action_model,shift+dropout,0,0.6539540554509505,26002357,0.5,12
shuffled_action,shift+dropout,0,1.0925622554972665,26002357,0.47916667,9
action_blind,shift+dropout,0,1.3211956239447389,26002357,0.6875,26
reset_memory,shift+dropout,0,0.8396581128618864,26002357,0.6875,26
greedy,shift+dropout,0,,26002357,0.41666667,
comparator,shift+dropout,1,,26002357,0.79166667,
bayesian,shift+dropout,1,,26002357,0.79166667,
action_model,stable,0,0.8484528064648017,26002464,0.5,13
shuffled_action,stable,0,1.2533698632307402,26002464,0.41666667,7
action_blind,stable,0,1.5015931580850175,26002464,0.75,33
reset_memory,stable,0,0.9716715069786728,26002464,0.75,33
greedy,stable,0,,26002464,0.54166667,
comparator,stable,6,,26002464,1.0,
bayesian,stable,1,,26002464,0.64583333,
action_model,shift+dropout,0,0.8484528064648017,26002464,0.5,13
shuffled_action,shift+dropout,0,1.2533698632307402,26002464,0.41666667,7
action_blind,shift+dropout,0,1.7543001966473406,26002464,0.75,28
reset_memory,shift+dropout,0,1.0851342957044152,26002464,0.75,28
greedy,shift+dropout,0,,26002464,0.5625,
comparator,shift+dropout,4,,26002464,1.0,
bayesian,shift+dropout,4,,26002464,1.0,
action_model,stable,0,0.7439987227571104,27000003,0.60416667,21
shuffled_action,stable,0,0.8985724504832454,27000003,0.52083333,15
action_blind,stable,0,1.8939282586537607,27000003,0.66666667,26
reset_memory,stable,0,1.1638279353220429,27000003,0.66666667,26
greedy,stable,0,,27000003,0.4375,
comparator,stable,3,,27000003,1.0,
bayesian,stable,3,,27000003,0.9375,
action_model,shift+dropout,0,0.7952591121018736,27000003,0.66666667,18
shuffled_action,shift+dropout,0,1.2757716143134756,27000003,0.5625,11
action_blind,shift+dropout,0,1.3968137215580438,27000003,0.64583333,16
reset_memory,shift+dropout,0,0.8744243854342939,27000003,0.64583333,16
greedy,shift+dropout,0,,27000003,0.4375,
comparator,shift+dropout,1,,27000003,0.85416667,
bayesian,shift+dropout,5,,27000003,1.0,
action_model,stable,0,0.5436727346820572,27000110,0.5,13
shuffled_action,stable,0,0.7806653228380745,27000110,0.5,13
action_blind,stable,0,1.7418639831986462,27000110,0.625,24
reset_memory,stable,0,1.151349399333346,27000110,0.625,24
greedy,stable,0,,27000110,0.41666667,
comparator,stable,0,,27000110,0.4375,
bayesian,stable,0,,27000110,0.375,
action_model,shift+dropout,1,1.0894306673977976,27000110,0.79166667,19
shuffled_action,shift+dropout,0,0.8548793919874035,27000110,0.60416667,14
action_blind,shift+dropout,0,1.6801446767716595,27000110,0.66666667,20
reset_memory,shift+dropout,0,0.9511847627068418,27000110,0.66666667,20
greedy,shift+dropout,0,,27000110,0.45833333,
comparator,shift+dropout,0,,27000110,0.4375,
bayesian,shift+dropout,0,,27000110,0.4375,
action_model,stable,2,0.9359461094095545,27000217,1.0,42
shuffled_action,stable,0,1.1655615507094284,27000217,0.4375,9
action_blind,stable,2,1.743460902068584,27000217,1.0,40
reset_memory,stable,2,1.0571665606314309,27000217,1.0,40
greedy,stable,0,,27000217,0.41666667,
comparator,stable,5,,27000217,1.0,
bayesian,stable,4,,27000217,1.0,
action_model,shift+dropout,0,1.09043940103241,27000217,0.45833333,5
shuffled_action,shift+dropout,0,1.1282636588762562,27000217,0.5,9
action_blind,shift+dropout,1,1.490764067784293,27000217,0.79166667,21
reset_memory,shift+dropout,1,1.1430864169371922,27000217,0.79166667,21
greedy,shift+dropout,0,,27000217,0.47916667,
comparator,shift+dropout,5,,27000217,1.0,
bayesian,shift+dropout,5,,27000217,1.0,
action_model,stable,0,0.7182559613276666,27000324,0.47916667,12
shuffled_action,stable,0,1.3141003055426683,27000324,0.60416667,22
action_blind,stable,0,1.8118381033737987,27000324,0.72916667,31
reset_memory,stable,0,1.0708611918862672,27000324,0.72916667,31
greedy,stable,0,,27000324,0.54166667,
comparator,stable,6,,27000324,1.0,
bayesian,stable,1,,27000324,0.60416667,
action_model,shift+dropout,0,1.2009318864079217,27000324,0.5625,14
shuffled_action,shift+dropout,0,0.7344727696428495,27000324,0.625,18
action_blind,shift+dropout,0,1.8046029456597126,27000324,0.75,27
reset_memory,shift+dropout,0,1.1315746919993337,27000324,0.75,27
greedy,shift+dropout,0,,27000324,0.625,
comparator,shift+dropout,5,,27000324,1.0,
bayesian,shift+dropout,5,,27000324,1.0,
action_model,stable,0,0.8870347156330195,27000431,0.5,14
shuffled_action,stable,0,1.233758465781004,27000431,0.54166667,17
action_blind,stable,0,1.8212523287557414,27000431,0.6875,28
reset_memory,stable,0,1.0840132344962383,27000431,0.6875,28
greedy,stable,0,,27000431,0.41666667,
comparator,stable,1,,27000431,0.70833333,
bayesian,stable,5,,27000431,1.0,
action_model,shift+dropout,0,0.8453831381981758,27000431,0.8125,30
shuffled_action,shift+dropout,0,1.2496247332206845,27000431,0.58333333,16
action_blind,shift+dropout,0,1.8035985271858852,27000431,0.75,25
reset_memory,shift+dropout,0,1.0881988838880472,27000431,0.75,25
greedy,shift+dropout,0,,27000431,0.5,
comparator,shift+dropout,0,,27000431,0.625,
bayesian,shift+dropout,6,,27000431,1.0,
action_model,stable,3,0.3894091286033622,27000538,1.0,42
shuffled_action,stable,0,1.7115089125707499,27000538,0.625,24
action_blind,stable,0,1.6094129662336019,27000538,0.625,23
reset_memory,stable,0,0.8766326984842057,27000538,0.625,23
greedy,stable,0,,27000538,0.47916667,
comparator,stable,4,,27000538,1.0,
bayesian,stable,4,,27000538,1.0,
action_model,shift+dropout,0,0.9962581639751801,27000538,0.8125,24
shuffled_action,shift+dropout,0,1.3304071761112597,27000538,0.6875,18
action_blind,shift+dropout,0,1.4642787585704318,27000538,0.625,13
reset_memory,shift+dropout,0,0.8243586491601994,27000538,0.625,13
greedy,shift+dropout,0,,27000538,0.47916667,
comparator,shift+dropout,4,,27000538,1.0,
bayesian,shift+dropout,3,,27000538,1.0,
action_model,stable,2,0.7890808607739033,27000645,0.83333333,23
shuffled_action,stable,0,1.1873400878333307,27000645,0.5,13
action_blind,stable,0,1.8518865954575676,27000645,0.625,23
reset_memory,stable,0,1.1671620084148404,27000645,0.625,23
greedy,stable,0,,27000645,0.41666667,
comparator,stable,8,,27000645,1.0,
bayesian,stable,0,,27000645,0.41666667,
action_model,shift+dropout,0,1.3186728169940858,27000645,0.47916667,9
shuffled_action,shift+dropout,0,1.1873400878333307,27000645,0.5,13
action_blind,shift+dropout,0,1.7149577297331289,27000645,0.6875,24
reset_memory,shift+dropout,0,1.0924311472179693,27000645,0.6875,24
greedy,shift+dropout,0,,27000645,0.4375,
comparator,shift+dropout,7,,27000645,1.0,
bayesian,shift+dropout,0,,27000645,0.4375,
action_model,stable,0,0.6275475889678996,27000752,0.8125,38
shuffled_action,stable,0,1.1233400121132506,27000752,0.4375,9
action_blind,stable,0,1.6930950970436853,27000752,0.72916667,31
reset_memory,stable,0,1.0407850796590983,27000752,0.72916667,31
greedy,stable,2,,27000752,0.83333333,
comparator,stable,3,,27000752,1.0,
bayesian,stable,2,,27000752,0.95833333,
action_model,shift+dropout,0,1.2863147077625252,27000752,0.72916667,27
shuffled_action,shift+dropout,0,1.1233400121132506,27000752,0.4375,9
action_blind,shift+dropout,0,1.7481506993146876,27000752,0.75,27
reset_memory,shift+dropout,0,1.1432009395471137,27000752,0.75,27
greedy,shift+dropout,1,,27000752,0.75,
comparator,shift+dropout,2,,27000752,1.0,
bayesian,shift+dropout,1,,27000752,0.89583333,
action_model,stable,3,0.30453500121922095,27000859,1.0,29
shuffled_action,stable,0,1.0685951706408203,27000859,0.41666667,7
action_blind,stable,1,1.5120147388398033,27000859,0.97916667,43
reset_memory,stable,1,0.8988466047911181,27000859,0.97916667,43
greedy,stable,6,,27000859,1.0,
comparator,stable,6,,27000859,1.0,
bayesian,stable,5,,27000859,1.0,
action_model,shift+dropout,1,0.8578071184955327,27000859,0.79166667,22
shuffled_action,shift+dropout,0,0.9760548372690286,27000859,0.5,8
action_blind,shift+dropout,0,1.4735254925096122,27000859,0.6875,20
reset_memory,shift+dropout,0,0.8821078619476086,27000859,0.6875,20
greedy,shift+dropout,3,,27000859,0.89583333,
comparator,shift+dropout,6,,27000859,1.0,
bayesian,shift+dropout,5,,27000859,1.0,
action_model,stable,5,0.7996940883210057,27000966,1.0,41
shuffled_action,stable,0,1.106343694087521,27000966,0.45833333,10
action_blind,stable,0,1.7691872856236377,27000966,0.66666667,26
reset_memory,stable,0,1.1471301570351466,27000966,0.66666667,26
greedy,stable,0,,27000966,0.47916667,
comparator,stable,4,,27000966,1.0,
bayesian,stable,0,,27000966,0.375,
action_model,shift+dropout,2,1.2004311170330129,27000966,0.9375,23
shuffled_action,shift+dropout,0,1.0815824858509084,27000966,0.45833333,10
action_blind,shift+dropout,0,2.069955532134194,27000966,0.625,21
reset_memory,shift+dropout,0,1.2831188382461622,27000966,0.625,21
greedy,shift+dropout,0,,27000966,0.4375,
comparator,shift+dropout,0,,27000966,0.41666667,
bayesian,shift+dropout,0,,27000966,0.41666667,
action_model,stable,0,0.752650721594685,27001073,0.4375,9
shuffled_action,stable,0,1.7683675289104546,27001073,0.45833333,10
action_blind,stable,0,1.619762562985743,27001073,0.75,33
reset_memory,stable,0,0.8926123890649913,27001073,0.75,33
greedy,stable,0,,27001073,0.45833333,
comparator,stable,4,,27001073,1.0,
bayesian,stable,4,,27001073,1.0,
action_model,shift+dropout,1,1.0421705255209253,27001073,0.64583333,12
shuffled_action,shift+dropout,0,1.1223945970750853,27001073,0.625,15
action_blind,shift+dropout,0,1.7476714567062297,27001073,0.6875,17
reset_memory,shift+dropout,0,1.0398657387805827,27001073,0.6875,17
greedy,shift+dropout,0,,27001073,0.4375,
comparator,shift+dropout,1,,27001073,0.60416667,
bayesian,shift+dropout,1,,27001073,0.60416667,
action_model,stable,2,0.5046528256240084,27001180,1.0,45
shuffled_action,stable,0,1.2276397413606774,27001180,0.625,23
action_blind,stable,2,1.705358666659953,27001180,1.0,44
reset_memory,stable,2,0.9321024261894109,27001180,1.0,44
greedy,stable,0,,27001180,0.47916667,
comparator,stable,4,,27001180,1.0,
bayesian,stable,4,,27001180,1.0,
action_model,shift+dropout,1,0.6588305481352205,27001180,0.79166667,22
shuffled_action,shift+dropout,0,0.961501007641418,27001180,0.75,27
action_blind,shift+dropout,1,1.7104269459611885,27001180,0.83333333,29
reset_memory,shift+dropout,1,0.9632506959733419,27001180,0.83333333,29
greedy,shift+dropout,0,,27001180,0.47916667,
comparator,shift+dropout,4,,27001180,1.0,
bayesian,shift+dropout,3,,27001180,1.0,
action_model,stable,1,0.7010711446368844,27001287,0.77083333,26
shuffled_action,stable,0,0.9789274125379425,27001287,0.41666667,6
action_blind,stable,0,1.2544400192670966,27001287,0.60416667,21
reset_memory,stable,0,0.877181641888408,27001287,0.60416667,21
greedy,stable,0,,27001287,0.47916667,
comparator,stable,4,,27001287,0.875,
bayesian,stable,2,,27001287,0.8125,
action_model,shift+dropout,1,1.0064150605306765,27001287,0.83333333,25
shuffled_action,shift+dropout,0,0.9710183100242632,27001287,0.45833333,7
action_blind,shift+dropout,0,1.518313392404915,27001287,0.625,21
reset_memory,shift+dropout,0,0.8825216394027612,27001287,0.625,21
greedy,shift+dropout,0,,27001287,0.47916667,
comparator,shift+dropout,5,,27001287,1.0,
bayesian,shift+dropout,5,,27001287,1.0,
action_model,stable,1,0.5729075341930381,27001394,0.64583333,16
shuffled_action,stable,0,1.4059145388428453,27001394,0.41666667,7
action_blind,stable,0,2.060156738972231,27001394,0.6875,28
reset_memory,stable,0,1.1339006449567401,27001394,0.6875,28
greedy,stable,0,,27001394,0.47916667,
comparator,stable,0,,27001394,0.39583333,
bayesian,stable,3,,27001394,0.95833333,
action_model,shift+dropout,0,1.3155590135972912,27001394,0.52083333,9
shuffled_action,shift+dropout,0,1.773309235373933,27001394,0.47916667,9
action_blind,shift+dropout,0,1.6185290942514485,27001394,0.75,25
reset_memory,shift+dropout,0,0.9392008349359843,27001394,0.75,25
greedy,shift+dropout,0,,27001394,0.47916667,
comparator,shift+dropout,0,,27001394,0.39583333,
bayesian,shift+dropout,3,,27001394,1.0,
action_model,stable,3,0.49589026563616706,27001501,1.0,41
shuffled_action,stable,0,1.0785736834281652,27001501,0.4375,9
action_blind,stable,1,1.4711499810778792,27001501,0.89583333,36
reset_memory,stable,1,0.9995325813997216,27001501,0.89583333,36
greedy,stable,0,,27001501,0.4375,
comparator,stable,6,,27001501,1.0,
bayesian,stable,7,,27001501,1.0,
action_model,shift+dropout,1,0.9918264541267676,27001501,0.75,21
shuffled_action,shift+dropout,0,1.0528448775249535,27001501,0.45833333,8
action_blind,shift+dropout,1,1.644625633127494,27001501,0.89583333,29
reset_memory,shift+dropout,1,1.093017815501129,27001501,0.89583333,29
greedy,shift+dropout,0,,27001501,0.47916667,
comparator,shift+dropout,3,,27001501,1.0,
bayesian,shift+dropout,5,,27001501,1.0,
action_model,stable,4,0.5775156210978892,27001608,1.0,43
shuffled_action,stable,0,0.627566695917378,27001608,0.39583333,5
action_blind,stable,0,2.037610048516705,27001608,0.66666667,26
reset_memory,stable,0,1.3005647673495342,27001608,0.66666667,26
greedy,stable,0,,27001608,0.5625,
comparator,stable,0,,27001608,0.52083333,
bayesian,stable,0,,27001608,0.5,
action_model,shift+dropout,0,1.0627036080535686,27001608,0.6875,27
shuffled_action,shift+dropout,0,0.9171997413350476,27001608,0.47916667,9
action_blind,shift+dropout,0,1.4186155699317762,27001608,0.60416667,20
reset_memory,shift+dropout,0,0.9428778723214546,27001608,0.60416667,20
greedy,shift+dropout,0,,27001608,0.625,
comparator,shift+dropout,0,,27001608,0.47916667,
bayesian,shift+dropout,4,,27001608,1.0,
action_model,stable,3,0.5312697875980962,27001715,1.0,38
shuffled_action,stable,0,1.0555500230293697,27001715,0.4375,9
action_blind,stable,0,1.6577231155657262,27001715,0.75,33
reset_memory,stable,0,0.9131565331899478,27001715,0.75,33
greedy,stable,0,,27001715,0.375,
comparator,stable,4,,27001715,1.0,
bayesian,stable,1,,27001715,0.70833333,
action_model,shift+dropout,0,0.5044868479785676,27001715,0.72916667,12
shuffled_action,shift+dropout,0,1.1433209301039302,27001715,0.66666667,12
action_blind,shift+dropout,0,1.7227513129740613,27001715,0.79166667,15
reset_memory,shift+dropout,0,1.0834146586743911,27001715,0.79166667,15
greedy,shift+dropout,0,,27001715,0.5,
comparator,shift+dropout,1,,27001715,0.91666667,
bayesian,shift+dropout,1,,27001715,0.91666667,
action_model,stable,5,0.5597759381614407,27001822,1.0,42
shuffled_action,stable,0,1.3284345574174323,27001822,0.72916667,31
action_blind,stable,0,1.4412383238048665,27001822,0.72916667,31
reset_memory,stable,0,0.9200869114702508,27001822,0.72916667,31
greedy,stable,0,,27001822,0.52083333,
comparator,stable,3,,27001822,0.875,
bayesian,stable,6,,27001822,1.0,
action_model,shift+dropout,1,1.028867290260288,27001822,0.97916667,31
shuffled_action,shift+dropout,0,1.1173414437430653,27001822,0.5,7
action_blind,shift+dropout,1,1.8591868256811261,27001822,0.91666667,26
reset_memory,shift+dropout,1,1.1234949766496674,27001822,0.91666667,26
greedy,shift+dropout,0,,27001822,0.52083333,
comparator,shift+dropout,3,,27001822,1.0,
bayesian,shift+dropout,3,,27001822,1.0,
action_model,stable,1,1.051584351139829,27001929,0.72916667,23
shuffled_action,stable,0,1.4321631470290985,27001929,0.375,4
action_blind,stable,0,1.6569487050784428,27001929,0.75,33
reset_memory,stable,0,1.0501593306446229,27001929,0.75,33
greedy,stable,0,,27001929,0.35416667,
comparator,stable,1,,27001929,0.64583333,
bayesian,stable,1,,27001929,0.58333333,
action_model,shift+dropout,1,0.9701299187911767,27001929,0.66666667,16
shuffled_action,shift+dropout,0,1.4321631470290985,27001929,0.375,4
action_blind,shift+dropout,0,1.8180004764454323,27001929,0.72916667,24
reset_memory,shift+dropout,0,1.13237655710521,27001929,0.72916667,24
greedy,shift+dropout,0,,27001929,0.35416667,
comparator,shift+dropout,1,,27001929,0.6875,
bayesian,shift+dropout,1,,27001929,0.60416667,
action_model,stable,1,1.136204619632343,27002036,0.72916667,23
shuffled_action,stable,0,1.2194284050243618,27002036,0.45833333,10
action_blind,stable,0,1.930577586979281,27002036,0.6875,28
reset_memory,stable,0,1.158085350303909,27002036,0.6875,28
greedy,stable,0,,27002036,0.4375,
comparator,stable,5,,27002036,1.0,
bayesian,stable,0,,27002036,0.4375,
action_model,shift+dropout,1,0.9423307438769177,27002036,0.77083333,25
shuffled_action,shift+dropout,0,1.258723396898887,27002036,0.47916667,10
action_blind,shift+dropout,0,1.8405260459425608,27002036,0.66666667,22
reset_memory,shift+dropout,0,1.1371550260210308,27002036,0.66666667,22
greedy,shift+dropout,0,,27002036,0.45833333,
comparator,shift+dropout,3,,27002036,1.0,
bayesian,shift+dropout,1,,27002036,0.66666667,
action_model,stable,7,0.3757950314056398,27002143,1.0,36
shuffled_action,stable,0,0.6932440704715438,27002143,0.47916667,12
action_blind,stable,0,1.7962209572743653,27002143,0.6875,28
reset_memory,stable,0,1.0676733161327474,27002143,0.6875,28
greedy,stable,0,,27002143,0.33333333,
comparator,stable,6,,27002143,1.0,
bayesian,stable,9,,27002143,1.0,
action_model,shift+dropout,1,1.0355465389019778,27002143,0.6875,14
shuffled_action,shift+dropout,1,1.1815951533750584,27002143,0.79166667,21
action_blind,shift+dropout,0,1.5445023185044873,27002143,0.72916667,22
reset_memory,shift+dropout,0,0.9340436715007957,27002143,0.72916667,22
greedy,shift+dropout,0,,27002143,0.33333333,
comparator,shift+dropout,5,,27002143,1.0,
bayesian,shift+dropout,5,,27002143,1.0,
action_model,stable,3,0.5301170647311397,27002250,1.0,34
shuffled_action,stable,0,1.4813119075154444,27002250,0.60416667,21
action_blind,stable,0,1.6632984328100198,27002250,0.75,33
reset_memory,stable,0,1.0238960708508238,27002250,0.75,33
greedy,stable,0,,27002250,0.41666667,
comparator,stable,3,,27002250,1.0,
bayesian,stable,3,,27002250,1.0,
action_model,shift+dropout,1,1.022032927142962,27002250,0.79166667,18
shuffled_action,shift+dropout,0,1.2620851745432193,27002250,0.5,11
action_blind,shift+dropout,0,1.9763719092243508,27002250,0.66666667,18
reset_memory,shift+dropout,0,1.1103896958703665,27002250,0.66666667,18
greedy,shift+dropout,0,,27002250,0.4375,
comparator,shift+dropout,3,,27002250,1.0,
bayesian,shift+dropout,3,,27002250,1.0,
action_model,stable,1,1.1755467258089405,27002357,0.70833333,21
shuffled_action,stable,1,1.3907906721669314,27002357,0.625,15
action_blind,stable,0,1.9711417158486124,27002357,0.72916667,31
reset_memory,stable,0,1.2062374526239976,27002357,0.72916667,31
greedy,stable,0,,27002357,0.54166667,
comparator,stable,3,,27002357,0.85416667,
bayesian,stable,3,,27002357,0.85416667,
action_model,shift+dropout,1,1.5838609312429428,27002357,0.75,18
shuffled_action,shift+dropout,0,1.7383040041863265,27002357,0.64583333,19
action_blind,shift+dropout,0,1.9011803237886862,27002357,0.8125,27
reset_memory,shift+dropout,0,1.1857694117395383,27002357,0.8125,27
greedy,shift+dropout,0,,27002357,0.54166667,
comparator,shift+dropout,4,,27002357,1.0,
bayesian,shift+dropout,3,,27002357,1.0,
action_model,stable,4,0.6195850559678434,27002464,1.0,37
shuffled_action,stable,0,1.066134969980548,27002464,0.47916667,11
action_blind,stable,0,2.0262911902563956,27002464,0.6875,29
reset_memory,stable,0,1.144260739150848,27002464,0.6875,29
greedy,stable,7,,27002464,1.0,
comparator,stable,6,,27002464,1.0,
bayesian,stable,6,,27002464,1.0,
action_model,shift+dropout,1,0.8112399991837799,27002464,1.0,33
shuffled_action,shift+dropout,0,1.1224835263145285,27002464,0.5,9
action_blind,shift+dropout,0,1.4944386044529212,27002464,0.66666667,20
reset_memory,shift+dropout,0,0.8480954423014986,27002464,0.66666667,20
greedy,shift+dropout,3,,27002464,0.95833333,
comparator,shift+dropout,4,,27002464,1.0,
bayesian,shift+dropout,5,,27002464,1.0,
action_model,stable,4,0.6533405341971213,28000003,1.0,35
shuffled_action,stable,0,0.8235595930140788,28000003,0.4375,8
action_blind,stable,0,1.741074396508125,28000003,0.5625,18
reset_memory,stable,0,1.1884568428491393,28000003,0.5625,18
greedy,stable,2,,28000003,0.6875,
comparator,stable,2,,28000003,0.72916667,
bayesian,stable,2,,28000003,0.72916667,
action_model,shift+dropout,0,0.969500726887797,28000003,0.5625,16
shuffled_action,shift+dropout,0,0.8235595930140788,28000003,0.4375,8
action_blind,shift+dropout,1,1.2482635110337705,28000003,0.70833333,19
reset_memory,shift+dropout,1,0.9822095457076642,28000003,0.70833333,19
greedy,shift+dropout,2,,28000003,0.79166667,
comparator,shift+dropout,2,,28000003,0.95833333,
bayesian,shift+dropout,2,,28000003,0.85416667,
action_model,stable,5,0.49174056807694694,28000110,1.0,41
shuffled_action,stable,0,1.0636347670572626,28000110,0.4375,9
action_blind,stable,0,1.581876443511029,28000110,0.60416667,22
reset_memory,stable,0,1.1726855737556932,28000110,0.60416667,22
greedy,stable,0,,28000110,0.41666667,
comparator,stable,7,,28000110,1.0,
bayesian,stable,8,,28000110,1.0,
action_model,shift+dropout,0,1.2023023847276182,28000110,0.66666667,20
shuffled_action,shift+dropout,0,0.877325246576228,28000110,0.47916667,8
action_blind,shift+dropout,0,1.2398823502750955,28000110,0.625,18
reset_memory,shift+dropout,0,0.9497616610492486,28000110,0.625,18
greedy,shift+dropout,0,,28000110,0.47916667,
comparator,shift+dropout,4,,28000110,1.0,
bayesian,shift+dropout,2,,28000110,0.875,
action_model,stable,2,0.42649780986721225,28000217,1.0,44
shuffled_action,stable,0,1.0697166564678056,28000217,0.54166667,16
action_blind,stable,0,1.4480914654360146,28000217,0.70833333,30
reset_memory,stable,0,0.8751568904527736,28000217,0.70833333,30
greedy,stable,0,,28000217,0.33333333,
comparator,stable,6,,28000217,1.0,
bayesian,stable,6,,28000217,1.0,
action_model,shift+dropout,1,0.9274511211457358,28000217,0.83333333,24
shuffled_action,shift+dropout,0,1.3628092404500993,28000217,0.60416667,17
action_blind,shift+dropout,0,1.6188236698467218,28000217,0.72916667,27
reset_memory,shift+dropout,0,1.1250652771608944,28000217,0.72916667,27
greedy,shift+dropout,0,,28000217,0.33333333,
comparator,shift+dropout,5,,28000217,1.0,
bayesian,shift+dropout,5,,28000217,1.0,
action_model,stable,1,0.4524477830254129,28000324,0.66666667,18
shuffled_action,stable,0,1.2443165887793213,28000324,0.625,23
action_blind,stable,0,1.381460746348495,28000324,0.66666667,26
reset_memory,stable,0,0.8305862784905416,28000324,0.66666667,26
greedy,stable,0,,28000324,0.41666667,
comparator,stable,3,,28000324,0.875,
bayesian,stable,1,,28000324,0.5625,
action_model,shift+dropout,1,0.9328910899346591,28000324,0.89583333,30
shuffled_action,shift+dropout,0,1.363323150450152,28000324,0.5625,14
action_blind,shift+dropout,0,1.4996135525333865,28000324,0.6875,22
reset_memory,shift+dropout,0,0.9328363309314067,28000324,0.6875,22
greedy,shift+dropout,0,,28000324,0.4375,
comparator,shift+dropout,0,,28000324,0.54166667,
bayesian,shift+dropout,0,,28000324,0.4375,
action_model,stable,0,0.5337027758107931,28000431,0.47916667,12
shuffled_action,stable,0,0.9402028692312108,28000431,0.4375,9
action_blind,stable,0,1.6629366528702278,28000431,0.66666667,26
reset_memory,stable,0,1.0889848174895622,28000431,0.66666667,26
greedy,stable,0,,28000431,0.625,
comparator,stable,0,,28000431,0.47916667,
bayesian,stable,5,,28000431,1.0,
action_model,shift+dropout,0,0.5337027758107931,28000431,0.47916667,12
shuffled_action,shift+dropout,0,0.9402028692312108,28000431,0.4375,9
action_blind,shift+dropout,0,1.597625824869948,28000431,0.66666667,24
reset_memory,shift+dropout,0,1.0337933683799279,28000431,0.66666667,24
greedy,shift+dropout,0,,28000431,0.625,
comparator,shift+dropout,0,,28000431,0.47916667,
bayesian,shift+dropout,5,,28000431,1.0,
action_model,stable,1,0.47699301557407825,28000538,0.64583333,16
shuffled_action,stable,0,1.1458390467557322,28000538,0.41666667,7
action_blind,stable,0,1.472953467318016,28000538,0.75,33
reset_memory,stable,0,0.9127814639630475,28000538,0.75,33
greedy,stable,0,,28000538,0.47916667,
comparator,stable,1,,28000538,0.54166667,
bayesian,stable,1,,28000538,0.54166667,
action_model,shift+dropout,0,0.6579670499682375,28000538,0.41666667,2
shuffled_action,shift+dropout,0,0.8380254946300684,28000538,0.5,6
action_blind,shift+dropout,0,1.5275450309068241,28000538,0.6875,14
reset_memory,shift+dropout,0,1.0323708943636853,28000538,0.6875,14
greedy,shift+dropout,0,,28000538,0.47916667,
comparator,shift+dropout,5,,28000538,1.0,
bayesian,shift+dropout,4,,28000538,1.0,
action_model,stable,0,1.2963369002018557,28000645,0.45833333,10
shuffled_action,stable,0,2.2690224064026157,28000645,0.54166667,16
action_blind,stable,0,1.8827036653089,28000645,0.72916667,31
reset_memory,stable,0,1.253312021294545,28000645,0.72916667,31
greedy,stable,0,,28000645,0.54166667,
comparator,stable,0,,28000645,0.45833333,
bayesian,stable,0,,28000645,0.45833333,
action_model,shift+dropout,0,1.2963369002018557,28000645,0.45833333,10
shuffled_action,shift+dropout,0,2.2352618962266124,28000645,0.54166667,16
action_blind,shift+dropout,0,1.8902212661162134,28000645,0.6875,26
reset_memory,shift+dropout,0,1.2714061447231424,28000645,0.6875,26
greedy,shift+dropout,0,,28000645,0.60416667,
comparator,shift+dropout,0,,28000645,0.47916667,
bayesian,shift+dropout,0,,28000645,0.47916667,
action_model,stable,3,0.7017591263937683,28000752,1.0,33
shuffled_action,stable,0,0.8044120444775573,28000752,0.47916667,11
action_blind,stable,0,1.6975565966982,28000752,0.75,33
reset_memory,stable,0,0.9791331837686067,28000752,0.75,33
greedy,stable,0,,28000752,0.47916667,
comparator,stable,5,,28000752,1.0,
bayesian,stable,3,,28000752,0.875,
action_model,shift+dropout,0,0.5011409302547347,28000752,0.47916667,10
shuffled_action,shift+dropout,0,0.8044120444775573,28000752,0.47916667,11
action_blind,shift+dropout,0,1.7370964119567955,28000752,0.72916667,26
reset_memory,shift+dropout,0,1.0232304213598435,28000752,0.72916667,26
greedy,shift+dropout,0,,28000752,0.5,
comparator,shift+dropout,4,,28000752,1.0,
bayesian,shift+dropout,4,,28000752,1.0,
action_model,stable,0,0.7085434595120906,28000859,0.54166667,16
shuffled_action,stable,0,2.1170350034298915,28000859,0.4375,8
action_blind,stable,0,1.9881687664362464,28000859,0.6875,28
reset_memory,stable,0,1.1514772931733976,28000859,0.6875,28
greedy,stable,0,,28000859,0.35416667,
comparator,stable,4,,28000859,1.0,
bayesian,stable,4,,28000859,1.0,
action_model,shift+dropout,0,1.4139214520430299,28000859,0.60416667,19
shuffled_action,shift+dropout,0,2.06627124365444,28000859,0.45833333,9
action_blind,shift+dropout,0,2.040325712485272,28000859,0.6875,25
reset_memory,shift+dropout,0,1.2013338719203346,28000859,0.6875,25
greedy,shift+dropout,0,,28000859,0.375,
comparator,shift+dropout,3,,28000859,1.0,
bayesian,shift+dropout,4,,28000859,1.0,
action_model,stable,4,0.7469774222246581,28000966,1.0,43
shuffled_action,stable,0,1.0664175873463535,28000966,0.4375,9
action_blind,stable,1,1.657332997004846,28000966,0.97916667,43
reset_memory,stable,1,1.1343771226051678,28000966,0.97916667,43
greedy,stable,0,,28000966,0.41666667,
comparator,stable,5,,28000966,1.0,
bayesian,stable,5,,28000966,1.0,
action_model,shift+dropout,1,1.0707591279357715,28000966,0.77083333,22
shuffled_action,shift+dropout,0,1.0664175873463535,28000966,0.4375,9
action_blind,shift+dropout,0,1.5344646983518448,28000966,0.66666667,26
reset_memory,shift+dropout,0,1.0112249938452305,28000966,0.66666667,26
greedy,shift+dropout,0,,28000966,0.41666667,
comparator,shift+dropout,3,,28000966,1.0,
bayesian,shift+dropout,4,,28000966,1.0,
action_model,stable,0,1.075164266332519,28001073,0.5625,18
shuffled_action,stable,0,1.6749655557658296,28001073,0.5625,18
action_blind,stable,0,1.9164915081954674,28001073,0.64583333,25
reset_memory,stable,0,1.0903783474934086,28001073,0.64583333,25
greedy,stable,1,,28001073,0.60416667,
comparator,stable,5,,28001073,1.0,
bayesian,stable,5,,28001073,1.0,
action_model,shift+dropout,1,0.9510781325338296,28001073,0.97916667,29
shuffled_action,shift+dropout,0,1.108050876959804,28001073,0.60416667,14
action_blind,shift+dropout,0,1.8019259970986803,28001073,0.6875,19
reset_memory,shift+dropout,0,1.134204869671807,28001073,0.6875,19
greedy,shift+dropout,1,,28001073,0.89583333,
comparator,shift+dropout,4,,28001073,1.0,
bayesian,shift+dropout,5,,28001073,1.0,
action_model,stable,2,0.7072116841623365,28001180,1.0,44
shuffled_action,stable,0,1.3877562853725036,28001180,0.66666667,26
action_blind,stable,0,1.4581969081964514,28001180,0.60416667,21
reset_memory,stable,0,0.954207975629761,28001180,0.60416667,21
greedy,stable,0,,28001180,0.47916667,
comparator,stable,5,,28001180,1.0,
bayesian,stable,4,,28001180,1.0,
action_model,shift+dropout,1,0.8775556024723982,28001180,0.85416667,27
shuffled_action,shift+dropout,0,0.9254146868677563,28001180,0.52083333,11
action_blind,shift+dropout,0,1.132527392393551,28001180,0.60416667,16
reset_memory,shift+dropout,0,0.7252714548752561,28001180,0.60416667,16
greedy,shift+dropout,0,,28001180,0.54166667,
comparator,shift+dropout,3,,28001180,1.0,
bayesian,shift+dropout,3,,28001180,1.0,
action_model,stable,1,0.9169140761778025,28001287,0.64583333,17
shuffled_action,stable,0,1.466033068088221,28001287,0.54166667,16
action_blind,stable,0,1.6529630627840228,28001287,0.60416667,21
reset_memory,stable,0,1.0313524629566164,28001287,0.60416667,21
greedy,stable,0,,28001287,0.41666667,
comparator,stable,5,,28001287,1.0,
bayesian,stable,5,,28001287,1.0,
action_model,shift+dropout,0,1.1478557976644175,28001287,0.60416667,14
shuffled_action,shift+dropout,0,1.819526203210068,28001287,0.625,17
action_blind,shift+dropout,0,1.3622003930273514,28001287,0.625,18
reset_memory,shift+dropout,0,0.9271012829759013,28001287,0.625,18
greedy,shift+dropout,0,,28001287,0.41666667,
comparator,shift+dropout,3,,28001287,1.0,
bayesian,shift+dropout,4,,28001287,1.0,
action_model,stable,0,0.8769972020600699,28001394,0.375,3
shuffled_action,stable,0,1.1104000404345666,28001394,0.39583333,5
action_blind,stable,0,1.3594661971431956,28001394,0.72916667,31
reset_memory,stable,0,0.8656166900096279,28001394,0.72916667,31
greedy,stable,4,,28001394,0.89583333,
comparator,stable,6,,28001394,1.0,
bayesian,stable,6,,28001394,1.0,
action_model,shift+dropout,0,0.8769972020600699,28001394,0.375,3
shuffled_action,shift+dropout,0,1.1104000404345666,28001394,0.39583333,5
action_blind,shift+dropout,0,1.462618675769938,28001394,0.79166667,30
reset_memory,shift+dropout,0,0.8598283741650398,28001394,0.79166667,30
greedy,shift+dropout,4,,28001394,0.9375,
comparator,shift+dropout,4,,28001394,1.0,
bayesian,shift+dropout,3,,28001394,0.875,
action_model,stable,7,0.4890156901677563,28001501,1.0,41
shuffled_action,stable,0,0.9647353410844225,28001501,0.625,23
action_blind,stable,0,1.6375278379682956,28001501,0.625,23
reset_memory,stable,0,1.0505517047747464,28001501,0.625,23
greedy,stable,0,,28001501,0.4375,
comparator,stable,1,,28001501,0.72916667,
bayesian,stable,1,,28001501,0.72916667,
action_model,shift+dropout,1,0.775877766534353,28001501,0.79166667,22
shuffled_action,shift+dropout,0,0.7884232455037499,28001501,0.625,16
action_blind,shift+dropout,0,1.890469294364464,28001501,0.6875,20
reset_memory,shift+dropout,0,1.1497460627656944,28001501,0.6875,20
greedy,shift+dropout,0,,28001501,0.5,
comparator,shift+dropout,2,,28001501,1.0,
bayesian,shift+dropout,2,,28001501,0.875,
action_model,stable,1,0.5004397119063787,28001608,0.72916667,23
shuffled_action,stable,0,1.0613985834588633,28001608,0.45833333,10
action_blind,stable,0,1.6549825287070141,28001608,0.6875,28
reset_memory,stable,0,0.8987103527992585,28001608,0.6875,28
greedy,stable,0,,28001608,0.33333333,
comparator,stable,4,,28001608,1.0,
bayesian,stable,3,,28001608,0.8125,
action_model,shift+dropout,2,0.9444887197749903,28001608,1.0,32
shuffled_action,shift+dropout,0,1.0934227944546273,28001608,0.5,13
action_blind,shift+dropout,0,1.9299531006851631,28001608,0.66666667,22
reset_memory,shift+dropout,0,1.016721267895204,28001608,0.66666667,22
greedy,shift+dropout,0,,28001608,0.35416667,
comparator,shift+dropout,4,,28001608,1.0,
bayesian,shift+dropout,4,,28001608,1.0,
action_model,stable,1,0.5404367522899632,28001715,0.79166667,29
shuffled_action,stable,0,1.2131903104225708,28001715,0.45833333,10
action_blind,stable,0,1.5587066155290537,28001715,0.70833333,30
reset_memory,stable,0,0.8810045842484733,28001715,0.70833333,30
greedy,stable,0,,28001715,0.41666667,
comparator,stable,2,,28001715,0.77083333,
bayesian,stable,2,,28001715,0.8125,
action_model,shift+dropout,0,0.9426585151243526,28001715,0.72916667,16
shuffled_action,shift+dropout,0,0.9688628187377335,28001715,0.5625,8
action_blind,shift+dropout,0,1.1700724186644993,28001715,0.72916667,16
reset_memory,shift+dropout,0,0.6848953984849251,28001715,0.72916667,16
greedy,shift+dropout,0,,28001715,0.47916667,
comparator,shift+dropout,2,,28001715,1.0,
bayesian,shift+dropout,2,,28001715,0.9375,
action_model,stable,0,1.0925932348048324,28001822,0.41666667,7
shuffled_action,stable,0,1.2890725584692089,28001822,0.47916667,12
action_blind,stable,0,2.1245816453282997,28001822,0.5625,19
reset_memory,stable,0,1.258959064062173,28001822,0.5625,19
greedy,stable,0,,28001822,0.41666667,
comparator,stable,0,,28001822,0.39583333,
bayesian,stable,0,,28001822,0.39583333,
action_model,shift+dropout,0,0.6669790996194098,28001822,0.5,10
shuffled_action,shift+dropout,0,0.8225908716366456,28001822,0.5,11
action_blind,shift+dropout,0,1.9323298299437905,28001822,0.5625,14
reset_memory,shift+dropout,0,1.1735772074522808,28001822,0.5625,14
greedy,shift+dropout,0,,28001822,0.45833333,
comparator,shift+dropout,0,,28001822,0.4375,
bayesian,shift+dropout,0,,28001822,0.4375,
action_model,stable,1,0.5497663660501609,28001929,1.0,46
shuffled_action,stable,0,0.788412244006546,28001929,0.66666667,26
action_blind,stable,0,1.849020851870842,28001929,0.6875,28
reset_memory,stable,0,1.128562611430587,28001929,0.6875,28
greedy,stable,0,,28001929,0.4375,
comparator,stable,6,,28001929,1.0,
bayesian,stable,6,,28001929,1.0,
action_model,shift+dropout,2,0.9741580737273177,28001929,1.0,29
shuffled_action,shift+dropout,0,0.6302660874712612,28001929,0.72916667,21
action_blind,shift+dropout,0,1.734696359724206,28001929,0.75,22
reset_memory,shift+dropout,0,1.0417033913759384,28001929,0.75,22
greedy,shift+dropout,0,,28001929,0.4375,
comparator,shift+dropout,2,,28001929,0.72916667,
bayesian,shift+dropout,2,,28001929,0.70833333,
action_model,stable,0,1.078343039221111,28002036,0.45833333,10
shuffled_action,stable,1,0.8449985510699168,28002036,0.64583333,16
action_blind,stable,0,1.3657148781799098,28002036,0.625,24
reset_memory,stable,0,0.7717069563541633,28002036,0.625,24
greedy,stable,0,,28002036,0.4375,
comparator,stable,5,,28002036,1.0,
bayesian,stable,2,,28002036,0.8125,
action_model,shift+dropout,0,0.9113574120745739,28002036,0.75,23
shuffled_action,shift+dropout,0,1.0870794038762044,28002036,0.66666667,16
action_blind,shift+dropout,0,1.5402111530531253,28002036,0.66666667,17
reset_memory,shift+dropout,0,0.943808604543802,28002036,0.66666667,17
greedy,shift+dropout,0,,28002036,0.54166667,
comparator,shift+dropout,0,,28002036,0.60416667,
bayesian,shift+dropout,0,,28002036,0.60416667,
action_model,stable,0,0.7917607771789757,28002143,0.47916667,12
shuffled_action,stable,0,1.054482576328877,28002143,0.45833333,10
action_blind,stable,0,1.5967033655320009,28002143,0.75,33
reset_memory,stable,0,0.9113214476644313,28002143,0.75,33
greedy,stable,0,,28002143,0.45833333,
comparator,stable,4,,28002143,1.0,
bayesian,stable,2,,28002143,0.64583333,
action_model,shift+dropout,2,0.9501338029354507,28002143,0.83333333,18
shuffled_action,shift+dropout,0,1.2355959890590837,28002143,0.5625,13
action_blind,shift+dropout,0,1.7105421679233175,28002143,0.72916667,22
reset_memory,shift+dropout,0,1.0687190518456147,28002143,0.72916667,22
greedy,shift+dropout,0,,28002143,0.5,
comparator,shift+dropout,4,,28002143,1.0,
bayesian,shift+dropout,2,,28002143,0.77083333,
action_model,stable,0,0.7427918499606797,28002250,0.4375,9
shuffled_action,stable,0,1.251410431227382,28002250,0.39583333,5
action_blind,stable,0,1.5551909654663445,28002250,0.75,33
reset_memory,stable,0,0.9466301461590813,28002250,0.75,33
greedy,stable,0,,28002250,0.35416667,
comparator,stable,6,,28002250,1.0,
bayesian,stable,6,,28002250,1.0,
action_model,shift+dropout,1,0.8485512111665685,28002250,0.97916667,37
shuffled_action,shift+dropout,0,1.0176222063495381,28002250,0.60416667,11
action_blind,shift+dropout,0,1.7656538409415827,28002250,0.70833333,17
reset_memory,shift+dropout,0,1.0302783031947922,28002250,0.70833333,17
greedy,shift+dropout,0,,28002250,0.35416667,
comparator,shift+dropout,4,,28002250,1.0,
bayesian,shift+dropout,4,,28002250,1.0,
action_model,stable,3,0.44804611080839657,28002357,1.0,28
shuffled_action,stable,0,1.231730251378746,28002357,0.5,14
action_blind,stable,0,1.4259405389482391,28002357,0.72916667,31
reset_memory,stable,0,0.8624786013374425,28002357,0.72916667,31
greedy,stable,0,,28002357,0.4375,
comparator,stable,2,,28002357,0.83333333,
bayesian,stable,1,,28002357,0.58333333,
action_model,shift+dropout,1,0.825391156368453,28002357,0.83333333,25
shuffled_action,shift+dropout,0,1.1649437120249597,28002357,0.625,18
action_blind,shift+dropout,0,1.5772653012385403,28002357,0.72916667,23
reset_memory,shift+dropout,0,0.9749343044478946,28002357,0.72916667,23
greedy,shift+dropout,0,,28002357,0.4375,
comparator,shift+dropout,3,,28002357,1.0,
bayesian,shift+dropout,2,,28002357,0.875,
action_model,stable,0,0.9524871816281004,28002464,0.5,14
shuffled_action,stable,0,0.9570280502921013,28002464,0.5,13
action_blind,stable,0,1.4045290576958671,28002464,0.625,24
reset_memory,stable,0,0.8529396074454487,28002464,0.625,24
greedy,stable,0,,28002464,0.60416667,
comparator,stable,0,,28002464,0.4375,
bayesian,stable,5,,28002464,1.0,
action_model,shift+dropout,0,0.9579103921811787,28002464,0.5625,13
shuffled_action,shift+dropout,0,0.9636521848400317,28002464,0.5,11
action_blind,shift+dropout,0,1.4768498719462684,28002464,0.6875,23
reset_memory,shift+dropout,0,0.8930093664190641,28002464,0.6875,23
greedy,shift+dropout,0,,28002464,0.6875,
comparator,shift+dropout,0,,28002464,0.4375,
bayesian,shift+dropout,4,,28002464,1.0,
action_model,stable,3,0.5624479238048471,29000003,1.0,38
shuffled_action,stable,0,1.188895352420667,29000003,0.66666667,26
action_blind,stable,0,1.4340130380244702,29000003,0.625,23
reset_memory,stable,0,0.9531302517098731,29000003,0.625,23
greedy,stable,0,,29000003,0.375,
comparator,stable,5,,29000003,1.0,
bayesian,stable,5,,29000003,1.0,
action_model,shift+dropout,1,0.7772179577857982,29000003,0.91666667,30
shuffled_action,shift+dropout,0,1.220066602372359,29000003,0.6875,21
action_blind,shift+dropout,0,1.4221264814181152,29000003,0.625,15
reset_memory,shift+dropout,0,0.9921911458418748,29000003,0.625,15
greedy,shift+dropout,0,,29000003,0.375,
comparator,shift+dropout,4,,29000003,1.0,
bayesian,shift+dropout,3,,29000003,0.91666667,
action_model,stable,1,0.4540148579568434,29000110,0.72916667,23
shuffled_action,stable,0,1.3824708285820497,29000110,0.47916667,11
action_blind,stable,0,1.5696907058788043,29000110,0.6875,28
reset_memory,stable,0,0.9480241362717906,29000110,0.6875,28
greedy,stable,0,,29000110,0.35416667,
comparator,stable,4,,29000110,1.0,
bayesian,stable,2,,29000110,0.72916667,
action_model,shift+dropout,1,0.7656336334246283,29000110,0.77083333,25
shuffled_action,shift+dropout,0,1.3824708285820497,29000110,0.47916667,11
action_blind,shift+dropout,0,1.4910343417150336,29000110,0.6875,25
reset_memory,shift+dropout,0,0.9613062789485772,29000110,0.6875,25
greedy,shift+dropout,0,,29000110,0.35416667,
comparator,shift+dropout,4,,29000110,1.0,
bayesian,shift+dropout,2,,29000110,0.8125,
action_model,stable,6,0.5210965918984594,29000217,1.0,42
shuffled_action,stable,0,1.9312633844281208,29000217,0.60416667,21
action_blind,stable,0,1.781351469261912,29000217,0.6875,28
reset_memory,stable,0,1.1927781464270013,29000217,0.6875,28
greedy,stable,0,,29000217,0.47916667,
comparator,stable,6,,29000217,1.0,
bayesian,stable,6,,29000217,1.0,
action_model,shift+dropout,2,0.891790696869474,29000217,0.9375,32
shuffled_action,shift+dropout,0,1.8051115454863378,29000217,0.60416667,19
action_blind,shift+dropout,0,1.744485367600415,29000217,0.66666667,24
reset_memory,shift+dropout,0,1.2213255759261776,29000217,0.66666667,24
greedy,shift+dropout,0,,29000217,0.47916667,
comparator,shift+dropout,4,,29000217,1.0,
bayesian,shift+dropout,5,,29000217,1.0,
action_model,stable,0,0.5193932705132881,29000324,0.5,13
shuffled_action,stable,0,1.2313864266244223,29000324,0.5625,18
action_blind,stable,0,1.6953680373398492,29000324,0.75,33
reset_memory,stable,0,1.1831975971005644,29000324,0.75,33
greedy,stable,0,,29000324,0.5,
comparator,stable,0,,29000324,0.41666667,
bayesian,stable,0,,29000324,0.41666667,
action_model,shift+dropout,0,1.0203634300591142,29000324,0.54166667,12
shuffled_action,shift+dropout,0,0.8510636993353057,29000324,0.54166667,12
action_blind,shift+dropout,0,1.978971632078907,29000324,0.72916667,26
reset_memory,shift+dropout,0,1.3090871507328237,29000324,0.72916667,26
greedy,shift+dropout,0,,29000324,0.5,
comparator,shift+dropout,0,,29000324,0.4375,
bayesian,shift+dropout,0,,29000324,0.4375,
action_model,stable,0,0.5587978666651068,29000431,0.8125,38
shuffled_action,stable,0,1.2282478835738146,29000431,0.5,13
action_blind,stable,0,1.7193901814051047,29000431,0.8125,38
reset_memory,stable,0,1.0153697153809174,29000431,0.8125,38
greedy,stable,7,,29000431,1.0,
comparator,stable,3,,29000431,0.875,
bayesian,stable,5,,29000431,1.0,
action_model,shift+dropout,0,0.779777865255475,29000431,0.6875,20
shuffled_action,shift+dropout,0,1.3452205465318774,29000431,0.54166667,14
action_blind,shift+dropout,1,1.4621873123765945,29000431,0.95833333,33
reset_memory,shift+dropout,1,0.9839732788395806,29000431,0.95833333,33
greedy,shift+dropout,2,,29000431,0.89583333,
comparator,shift+dropout,3,,29000431,1.0,
bayesian,shift+dropout,2,,29000431,0.8125,
action_model,stable,2,0.5123718181150254,29000538,1.0,38
shuffled_action,stable,0,1.2386735239830804,29000538,0.375,4
action_blind,stable,1,1.9807877352911971,29000538,0.83333333,31
reset_memory,stable,1,1.0556315436625219,29000538,0.83333333,31
greedy,stable,7,,29000538,1.0,
comparator,stable,5,,29000538,1.0,
bayesian,stable,7,,29000538,1.0,
action_model,shift+dropout,1,0.6056267577270652,29000538,0.77083333,19
shuffled_action,shift+dropout,0,1.14953323938493,29000538,0.54166667,12
action_blind,shift+dropout,1,1.7343497760833317,29000538,0.89583333,30
reset_memory,shift+dropout,1,0.9482182285242295,29000538,0.89583333,30
greedy,shift+dropout,3,,29000538,0.89583333,
comparator,shift+dropout,4,,29000538,1.0,
bayesian,shift+dropout,6,,29000538,1.0,
action_model,stable,3,0.6130587833641067,29000645,1.0,38
shuffled_action,stable,0,1.274669033043132,29000645,0.4375,9
action_blind,stable,2,1.8083942443008716,29000645,1.0,42
reset_memory,stable,2,1.0657578198088307,29000645,1.0,42
greedy,stable,0,,29000645,0.47916667,
comparator,stable,6,,29000645,1.0,
bayesian,stable,7,,29000645,1.0,
action_model,shift+dropout,1,0.8965904091233718,29000645,0.95833333,33
shuffled_action,shift+dropout,0,1.325201367162059,29000645,0.5,9
action_blind,shift+dropout,1,1.870394443436089,29000645,0.91666667,31
reset_memory,shift+dropout,1,1.194514655846149,29000645,0.91666667,31
greedy,shift+dropout,0,,29000645,0.47916667,
comparator,shift+dropout,6,,29000645,1.0,
bayesian,shift+dropout,5,,29000645,1.0,
action_model,stable,0,0.5572018287925503,29000752,0.47916667,11
shuffled_action,stable,0,0.8462898081888545,29000752,0.5,14
action_blind,stable,0,1.690030122401186,29000752,0.64583333,25
reset_memory,stable,0,1.0354245562971531,29000752,0.64583333,25
greedy,stable,2,,29000752,0.70833333,
comparator,stable,2,,29000752,0.75,
bayesian,stable,0,,29000752,0.41666667,
action_model,shift+dropout,1,1.0452547472981788,29000752,0.77083333,21
shuffled_action,shift+dropout,0,1.0724819335900437,29000752,0.5625,16
action_blind,shift+dropout,0,1.794774061317133,29000752,0.66666667,25
reset_memory,shift+dropout,0,1.1173039465842605,29000752,0.66666667,25
greedy,shift+dropout,2,,29000752,0.8125,
comparator,shift+dropout,2,,29000752,0.89583333,
bayesian,shift+dropout,2,,29000752,0.875,
action_model,stable,4,0.6331635776859471,29000859,1.0,37
shuffled_action,stable,0,0.9280551863618468,29000859,0.4375,9
action_blind,stable,2,1.6011713191279275,29000859,1.0,45
reset_memory,stable,2,1.0678143279845267,29000859,1.0,45
greedy,stable,0,,29000859,0.39583333,
comparator,stable,6,,29000859,1.0,
bayesian,stable,7,,29000859,1.0,
action_model,shift+dropout,3,1.1569373353118488,29000859,1.0,29
shuffled_action,shift+dropout,0,1.024999936399919,29000859,0.45833333,8
action_blind,shift+dropout,1,1.5533848318206853,29000859,1.0,36
reset_memory,shift+dropout,1,0.9309317628209235,29000859,1.0,36
greedy,shift+dropout,0,,29000859,0.41666667,
comparator,shift+dropout,6,,29000859,1.0,
bayesian,shift+dropout,5,,29000859,1.0,
action_model,stable,0,1.0035074772996928,29000966,0.45833333,10
shuffled_action,stable,0,2.079497753587676,29000966,0.6875,28
action_blind,stable,0,1.6445165624171683,29000966,0.79166667,36
reset_memory,stable,0,1.119832514484414,29000966,0.79166667,36
greedy,stable,0,,29000966,0.47916667,
comparator,stable,4,,29000966,1.0,
bayesian,stable,3,,29000966,1.0,
action_model,shift+dropout,0,1.4695024520142186,29000966,0.47916667,8
shuffled_action,shift+dropout,0,1.74964028382082,29000966,0.60416667,17
action_blind,shift+dropout,0,1.9969904736801498,29000966,0.72916667,25
reset_memory,shift+dropout,0,1.4422279238665854,29000966,0.72916667,25
greedy,shift+dropout,0,,29000966,0.66666667,
comparator,shift+dropout,2,,29000966,1.0,
bayesian,shift+dropout,4,,29000966,1.0,
action_model,stable,4,0.46354146099938326,29001073,1.0,34
shuffled_action,stable,1,1.1506452649168695,29001073,0.58333333,11
action_blind,stable,0,2.1209017995221604,29001073,0.72916667,31
reset_memory,stable,0,1.2293166168851668,29001073,0.72916667,31
greedy,stable,0,,29001073,0.33333333,
comparator,stable,0,,29001073,0.4375,
bayesian,stable,0,,29001073,0.41666667,
action_model,shift+dropout,1,1.1460605059084807,29001073,0.79166667,26
shuffled_action,shift+dropout,1,1.0557638627764716,29001073,0.66666667,13
action_blind,shift+dropout,0,1.6763705354337501,29001073,0.75,31
reset_memory,shift+dropout,0,1.04259057707979,29001073,0.75,31
greedy,shift+dropout,0,,29001073,0.33333333,
comparator,shift+dropout,0,,29001073,0.4375,
bayesian,shift+dropout,0,,29001073,0.41666667,
action_model,stable,3,0.5295862788303342,29001180,1.0,37
shuffled_action,stable,0,1.229923006477659,29001180,0.58333333,20
action_blind,stable,0,1.4478065393990536,29001180,0.6875,28
reset_memory,stable,0,0.929218103279073,29001180,0.6875,28
greedy,stable,9,,29001180,1.0,
comparator,stable,5,,29001180,1.0,
bayesian,stable,5,,29001180,1.0,
action_model,shift+dropout,1,0.9488246918761987,29001180,0.72916667,15
shuffled_action,shift+dropout,0,1.505358522301473,29001180,0.5625,11
action_blind,shift+dropout,0,1.6776462311129055,29001180,0.66666667,20
reset_memory,shift+dropout,0,0.9840927980796585,29001180,0.66666667,20
greedy,shift+dropout,3,,29001180,1.0,
comparator,shift+dropout,3,,29001180,1.0,
bayesian,shift+dropout,2,,29001180,1.0,
action_model,stable,3,0.37729305921867845,29001287,1.0,38
shuffled_action,stable,0,0.8863691911587201,29001287,0.39583333,5
action_blind,stable,0,1.6404495448432472,29001287,0.66666667,26
reset_memory,stable,0,0.9559061550232753,29001287,0.66666667,26
greedy,stable,0,,29001287,0.47916667,
comparator,stable,3,,29001287,1.0,
bayesian,stable,3,,29001287,0.85416667,
action_model,shift+dropout,2,0.8306953888400249,29001287,1.0,35
shuffled_action,shift+dropout,0,1.0258835229995944,29001287,0.41666667,5
action_blind,shift+dropout,0,1.74325184239489,29001287,0.66666667,23
reset_memory,shift+dropout,0,0.9665123368662564,29001287,0.66666667,23
greedy,shift+dropout,0,,29001287,0.47916667,
comparator,shift+dropout,2,,29001287,1.0,
bayesian,shift+dropout,2,,29001287,0.89583333,
action_model,stable,2,0.8135786583774094,29001394,0.72916667,15
shuffled_action,stable,0,1.0970117823953658,29001394,0.5625,18
action_blind,stable,0,1.8390857902467943,29001394,0.625,23
reset_memory,stable,0,1.2990311037069986,29001394,0.625,23
greedy,stable,2,,29001394,0.58333333,
comparator,stable,2,,29001394,0.6875,
bayesian,stable,1,,29001394,0.5,
action_model,shift+dropout,0,0.8673338215209695,29001394,0.5625,14
shuffled_action,shift+dropout,0,1.268705032575645,29001394,0.625,16
action_blind,shift+dropout,0,1.4104864507343038,29001394,0.60416667,14
reset_memory,shift+dropout,0,1.1356220005049682,29001394,0.60416667,14
greedy,shift+dropout,1,,29001394,0.625,
comparator,shift+dropout,1,,29001394,0.5625,
bayesian,shift+dropout,1,,29001394,0.58333333,
action_model,stable,2,0.5078245099629648,29001501,0.83333333,23
shuffled_action,stable,0,0.9931061232233729,29001501,0.45833333,10
action_blind,stable,0,1.516906426443052,29001501,0.625,23
reset_memory,stable,0,0.9639289168484911,29001501,0.625,23
greedy,stable,0,,29001501,0.33333333,
comparator,stable,2,,29001501,0.77083333,
bayesian,stable,2,,29001501,0.77083333,
action_model,shift+dropout,0,0.9287694092044394,29001501,0.60416667,20
shuffled_action,shift+dropout,0,1.0235198054882626,29001501,0.45833333,9
action_blind,shift+dropout,0,1.830264447631433,29001501,0.66666667,24
reset_memory,shift+dropout,0,1.0728772010635472,29001501,0.66666667,24
greedy,shift+dropout,0,,29001501,0.4375,
comparator,shift+dropout,2,,29001501,0.85416667,
bayesian,shift+dropout,2,,29001501,0.83333333,
action_model,stable,1,0.22146634153943773,29001608,0.6875,20
shuffled_action,stable,0,1.344269827555151,29001608,0.47916667,11
action_blind,stable,0,1.5048634837586028,29001608,0.625,23
reset_memory,stable,0,0.959126444333193,29001608,0.625,23
greedy,stable,0,,29001608,0.4375,
comparator,stable,8,,29001608,1.0,
bayesian,stable,5,,29001608,1.0,
action_model,shift+dropout,0,1.3231643445842247,29001608,0.6875,19
shuffled_action,shift+dropout,0,1.0745598297886527,29001608,0.5,9
action_blind,shift+dropout,0,1.3860868058928428,29001608,0.625,16
reset_memory,shift+dropout,0,0.8050576869944364,29001608,0.625,16
greedy,shift+dropout,0,,29001608,0.72916667,
comparator,shift+dropout,5,,29001608,1.0,
bayesian,shift+dropout,7,,29001608,1.0,
action_model,stable,2,0.566574238211932,29001715,1.0,38
shuffled_action,stable,0,1.2383175118540277,29001715,0.52083333,15
action_blind,stable,0,1.4461166009781274,29001715,0.72916667,31
reset_memory,stable,0,0.8777445696726857,29001715,0.72916667,31
greedy,stable,7,,29001715,1.0,
comparator,stable,3,,29001715,0.875,
bayesian,stable,3,,29001715,0.875,
action_model,shift+dropout,1,0.8979321137187192,29001715,0.83333333,29
shuffled_action,shift+dropout,0,1.1434024258393125,29001715,0.60416667,17
action_blind,shift+dropout,0,1.4207049602949235,29001715,0.75,29
reset_memory,shift+dropout,0,0.8851052272100515,29001715,0.75,29
greedy,shift+dropout,2,,29001715,0.70833333,
comparator,shift+dropout,2,,29001715,0.70833333,
bayesian,shift+dropout,2,,29001715,0.70833333,
action_model,stable,5,0.3922432028466378,29001822,1.0,40
shuffled_action,stable,0,0.6664342712508807,29001822,0.6875,28
action_blind,stable,0,1.6947419878850796,29001822,0.72916667,31
reset_memory,stable,0,1.047217252147292,29001822,0.72916667,31
greedy,stable,0,,29001822,0.33333333,
comparator,stable,1,,29001822,0.52083333,
bayesian,stable,1,,29001822,0.52083333,
action_model,shift+dropout,1,0.8276843368454192,29001822,0.83333333,25
shuffled_action,shift+dropout,0,1.1545364824747186,29001822,0.70833333,26
action_blind,shift+dropout,0,1.7364179137964848,29001822,0.72916667,27
reset_memory,shift+dropout,0,1.1269705836589554,29001822,0.72916667,27
greedy,shift+dropout,0,,29001822,0.41666667,
comparator,shift+dropout,1,,29001822,0.66666667,
bayesian,shift+dropout,4,,29001822,1.0,
action_model,stable,0,0.687779976674345,29001929,0.79166667,36
shuffled_action,stable,0,2.471769801740504,29001929,0.6875,28
action_blind,stable,0,1.8739315205101472,29001929,0.75,33
reset_memory,stable,0,1.1986681898836948,29001929,0.75,33
greedy,stable,0,,29001929,0.4375,
comparator,stable,1,,29001929,0.58333333,
bayesian,stable,1,,29001929,0.60416667,
action_model,shift+dropout,0,0.9617966034692461,29001929,0.5625,14
shuffled_action,shift+dropout,0,1.240238401257777,29001929,0.41666667,4
action_blind,shift+dropout,0,1.579652221356148,29001929,0.79166667,29
reset_memory,shift+dropout,0,0.9630851142401768,29001929,0.79166667,29
greedy,shift+dropout,0,,29001929,0.4375,
comparator,shift+dropout,1,,29001929,0.60416667,
bayesian,shift+dropout,1,,29001929,0.58333333,
action_model,stable,1,0.5641414512872164,29002036,0.91666667,38
shuffled_action,stable,0,1.5130126553549723,29002036,0.54166667,17
action_blind,stable,0,1.5604512569707896,29002036,0.6875,28
reset_memory,stable,0,1.1081836121369653,29002036,0.6875,28
greedy,stable,0,,29002036,0.41666667,
comparator,stable,3,,29002036,1.0,
bayesian,stable,4,,29002036,1.0,
action_model,shift+dropout,2,0.7618116381851586,29002036,0.89583333,24
shuffled_action,shift+dropout,0,1.5248433618634016,29002036,0.70833333,22
action_blind,shift+dropout,0,1.4284962544153172,29002036,0.625,16
reset_memory,shift+dropout,0,0.8530687097534586,29002036,0.625,16
greedy,shift+dropout,0,,29002036,0.47916667,
comparator,shift+dropout,3,,29002036,1.0,
bayesian,shift+dropout,3,,29002036,1.0,
action_model,stable,0,0.6271741071095543,29002143,0.4375,8
shuffled_action,stable,0,1.5038239782829192,29002143,0.52083333,15
action_blind,stable,0,2.041113769080939,29002143,0.47916667,12
reset_memory,stable,0,1.1363919115007712,29002143,0.47916667,12
greedy,stable,0,,29002143,0.625,
comparator,stable,0,,29002143,0.35416667,
bayesian,stable,0,,29002143,0.35416667,
action_model,shift+dropout,0,0.6271741071095543,29002143,0.4375,8
shuffled_action,shift+dropout,0,1.3074378632725177,29002143,0.5625,16
action_blind,shift+dropout,0,2.041113769080939,29002143,0.47916667,12
reset_memory,shift+dropout,0,1.1363919115007712,29002143,0.47916667,12
greedy,shift+dropout,0,,29002143,0.66666667,
comparator,shift+dropout,0,,29002143,0.35416667,
bayesian,shift+dropout,0,,29002143,0.35416667,
action_model,stable,3,0.5369027100075089,29002250,0.9375,24
shuffled_action,stable,0,1.2410743157026884,29002250,0.625,23
action_blind,stable,0,1.2639709283641472,29002250,0.54166667,16
reset_memory,stable,0,1.0115837319137828,29002250,0.54166667,16
greedy,stable,0,,29002250,0.6875,
comparator,stable,4,,29002250,1.0,
bayesian,stable,6,,29002250,1.0,
action_model,shift+dropout,1,1.4926102311202099,29002250,0.79166667,19
shuffled_action,shift+dropout,0,1.328673052291027,29002250,0.6875,20
action_blind,shift+dropout,0,1.4240425128286178,29002250,0.54166667,13
reset_memory,shift+dropout,0,1.0092100217877962,29002250,0.54166667,13
greedy,shift+dropout,0,,29002250,0.35416667,
comparator,shift+dropout,5,,29002250,1.0,
bayesian,shift+dropout,4,,29002250,1.0,
action_model,stable,3,0.5586147012773707,29002357,1.0,29
shuffled_action,stable,1,0.9285294297069981,29002357,0.72916667,23
action_blind,stable,0,1.3097458203815233,29002357,0.6875,28
reset_memory,stable,0,0.8773044465899368,29002357,0.6875,28
greedy,stable,0,,29002357,0.45833333,
comparator,stable,1,,29002357,0.72916667,
bayesian,stable,2,,29002357,0.79166667,
action_model,shift+dropout,1,0.9119228028773195,29002357,0.77083333,27
shuffled_action,shift+dropout,1,0.9607934173728853,29002357,0.66666667,19
action_blind,shift+dropout,0,1.2238795503195503,29002357,0.75,26
reset_memory,shift+dropout,0,0.8613743968382572,29002357,0.75,26
greedy,shift+dropout,0,,29002357,0.45833333,
comparator,shift+dropout,3,,29002357,1.0,
bayesian,shift+dropout,2,,29002357,0.79166667,
action_model,stable,2,0.6200609174110103,29002464,1.0,45
shuffled_action,stable,0,1.0690264146006727,29002464,0.5,14
action_blind,stable,0,2.057210820792697,29002464,0.8125,38
reset_memory,stable,0,1.2230236717624923,29002464,0.8125,38
greedy,stable,0,,29002464,0.47916667,
comparator,stable,4,,29002464,1.0,
bayesian,stable,6,,29002464,1.0,
action_model,shift+dropout,2,0.8917387182136788,29002464,1.0,31
shuffled_action,shift+dropout,0,1.4003711529196319,29002464,0.58333333,14
action_blind,shift+dropout,0,2.0980489522513115,29002464,0.6875,22
reset_memory,shift+dropout,0,1.2411836163849486,29002464,0.6875,22
greedy,shift+dropout,0,,29002464,0.54166667,
comparator,shift+dropout,2,,29002464,0.95833333,
bayesian,shift+dropout,3,,29002464,1.0,
