seed,cause,policy,reference,noise,phase,model,n_steps,mean_range_sqerr
9100001,external,random,1,0.13,counterfactual,action_blind,5,0.01772414668570379
9100001,external,random,1,0.13,counterfactual,adaptive_nonlinear,5,0.025779479068555662
9100001,external,random,1,0.13,counterfactual,knn_all,5,0.03520286882531859
9100001,external,random,1,0.13,counterfactual,knn_recent,5,0.03465201451346146
9100001,external,random,1,0.13,counterfactual,linear,5,0.039348879575375785
9100001,external,random,1,0.13,counterfactual,nonlinear,5,0.02331885037808451
9100001,external,random,1,0.13,counterfactual,zero,5,0.01877982682530702
9100001,external,random,1,0.13,early,action_blind,19,0.08485842032707858
9100001,external,random,1,0.13,early,adaptive_nonlinear,19,0.06068528112554582
9100001,external,random,1,0.13,early,knn_all,19,0.05685337628718277
9100001,external,random,1,0.13,early,knn_recent,19,0.05702404114722204
9100001,external,random,1,0.13,early,linear,19,0.05772830881775979
9100001,external,random,1,0.13,early,nonlinear,19,0.05918477755631459
9100001,external,random,1,0.13,early,zero,19,0.08747093389262554
9100001,external,random,1,0.13,late,action_blind,35,0.049179427972169405
9100001,external,random,1,0.13,late,adaptive_nonlinear,35,0.05332649590480987
9100001,external,random,1,0.13,late,knn_all,35,0.054808125096224576
9100001,external,random,1,0.13,late,knn_recent,35,0.05481788180295752
9100001,external,random,1,0.13,late,linear,35,0.07315035028795654
9100001,external,random,1,0.13,late,nonlinear,35,0.05311043722448294
9100001,external,random,1,0.13,late,zero,35,0.05132802482751853
9100001,external,random,1,0.13,pre,action_blind,35,0.07996053755348093
9100001,external,random,1,0.13,pre,adaptive_nonlinear,35,0.04092583726856804
9100001,external,random,1,0.13,pre,knn_all,35,0.04131450506451048
9100001,external,random,1,0.13,pre,knn_recent,35,0.041541127724193924
9100001,external,random,1,0.13,pre,linear,35,0.03819659532499353
9100001,external,random,1,0.13,pre,nonlinear,35,0.040679727356126814
9100001,external,random,1,0.13,pre,zero,35,0.08003883548655216
9100001,motor,random,1,0.13,counterfactual,action_blind,5,0.11594873498304595
9100001,motor,random,1,0.13,counterfactual,adaptive_nonlinear,5,0.035739329936711826
9100001,motor,random,1,0.13,counterfactual,knn_all,5,0.02942996106710875
9100001,motor,random,1,0.13,counterfactual,knn_recent,5,0.024968962819255813
9100001,motor,random,1,0.13,counterfactual,linear,5,0.05811790873812853
9100001,motor,random,1,0.13,counterfactual,nonlinear,5,0.03195859829278119
9100001,motor,random,1,0.13,counterfactual,zero,5,0.09660391852464349
9100001,motor,random,1,0.13,early,action_blind,19,0.06814007060166881
9100001,motor,random,1,0.13,early,adaptive_nonlinear,19,0.05808623661831811
9100001,motor,random,1,0.13,early,knn_all,19,0.07130895076200502
9100001,motor,random,1,0.13,early,knn_recent,19,0.06048247704994588
9100001,motor,random,1,0.13,early,linear,19,0.07587049069971069
9100001,motor,random,1,0.13,early,nonlinear,19,0.06786194588486859
9100001,motor,random,1,0.13,early,zero,19,0.06885547982020011
9100001,motor,random,1,0.13,late,action_blind,35,0.0954569025333385
9100001,motor,random,1,0.13,late,adaptive_nonlinear,35,0.05158075344095063
9100001,motor,random,1,0.13,late,knn_all,35,0.05084714518211188
9100001,motor,random,1,0.13,late,knn_recent,35,0.04977995706396953
9100001,motor,random,1,0.13,late,linear,35,0.06000377531274149
9100001,motor,random,1,0.13,late,nonlinear,35,0.05148123248401711
9100001,motor,random,1,0.13,late,zero,35,0.08749442473750109
9100001,motor,random,1,0.13,pre,action_blind,35,0.07996053755348093
9100001,motor,random,1,0.13,pre,adaptive_nonlinear,35,0.04092583726856804
9100001,motor,random,1,0.13,pre,knn_all,35,0.04131450506451048
9100001,motor,random,1,0.13,pre,knn_recent,35,0.041541127724193924
9100001,motor,random,1,0.13,pre,linear,35,0.03819659532499353
9100001,motor,random,1,0.13,pre,nonlinear,35,0.040679727356126814
9100001,motor,random,1,0.13,pre,zero,35,0.08003883548655216
9100001,motor_external,random,1,0.13,counterfactual,action_blind,5,0.04323194348866305
9100001,motor_external,random,1,0.13,counterfactual,adaptive_nonlinear,5,0.04298616187193008
9100001,motor_external,random,1,0.13,counterfactual,knn_all,5,0.027592432360710545
9100001,motor_external,random,1,0.13,counterfactual,knn_recent,5,0.02721538398441336
9100001,motor_external,random,1,0.13,counterfactual,linear,5,0.03312446442386465
9100001,motor_external,random,1,0.13,counterfactual,nonlinear,5,0.02347173448072827
9100001,motor_external,random,1,0.13,counterfactual,zero,5,0.019681931659039465
9100001,motor_external,random,1,0.13,early,action_blind,19,0.11724035942916115
9100001,motor_external,random,1,0.13,early,adaptive_nonlinear,19,0.09342829362929927
9100001,motor_external,random,1,0.13,early,knn_all,19,0.08639032178944514
9100001,motor_external,random,1,0.13,early,knn_recent,19,0.08264495466907498
9100001,motor_external,random,1,0.13,early,linear,19,0.10663398100394306
9100001,motor_external,random,1,0.13,early,nonlinear,19,0.08904157884373624
9100001,motor_external,random,1,0.13,early,zero,19,0.11453126201516681
9100001,motor_external,random,1,0.13,late,action_blind,35,0.047003380287371756
9100001,motor_external,random,1,0.13,late,adaptive_nonlinear,35,0.055488884263746326
9100001,motor_external,random,1,0.13,late,knn_all,35,0.05307717833781797
9100001,motor_external,random,1,0.13,late,knn_recent,35,0.05317689151027425
9100001,motor_external,random,1,0.13,late,linear,35,0.05983540217665404
9100001,motor_external,random,1,0.13,late,nonlinear,35,0.05242404102787007
9100001,motor_external,random,1,0.13,late,zero,35,0.04910118708094061
9100001,motor_external,random,1,0.13,pre,action_blind,35,0.07996053755348093
9100001,motor_external,random,1,0.13,pre,adaptive_nonlinear,35,0.04092583726856804
9100001,motor_external,random,1,0.13,pre,knn_all,35,0.04131450506451048
9100001,motor_external,random,1,0.13,pre,knn_recent,35,0.041541127724193924
9100001,motor_external,random,1,0.13,pre,linear,35,0.03819659532499353
9100001,motor_external,random,1,0.13,pre,nonlinear,35,0.040679727356126814
9100001,motor_external,random,1,0.13,pre,zero,35,0.08003883548655216
9100001,none,random,1,0.13,counterfactual,action_blind,5,0.061866236774053396
9100001,none,random,1,0.13,counterfactual,adaptive_nonlinear,5,0.014612426756822056
9100001,none,random,1,0.13,counterfactual,knn_all,5,0.014466551658408943
9100001,none,random,1,0.13,counterfactual,knn_recent,5,0.022316273602437507
9100001,none,random,1,0.13,counterfactual,linear,5,0.013702541848761903
9100001,none,random,1,0.13,counterfactual,nonlinear,5,0.014719944488185727
9100001,none,random,1,0.13,counterfactual,zero,5,0.059912531670351155
9100001,none,random,1,0.13,early,action_blind,19,0.08470607789588855
9100001,none,random,1,0.13,early,adaptive_nonlinear,19,0.033558200154278926
9100001,none,random,1,0.13,early,knn_all,19,0.03691485276898992
9100001,none,random,1,0.13,early,knn_recent,19,0.03780291538436926
9100001,none,random,1,0.13,early,linear,19,0.035083421399243676
9100001,none,random,1,0.13,early,nonlinear,19,0.03318715881623213
9100001,none,random,1,0.13,early,zero,19,0.08314862490626397
9100001,none,random,1,0.13,late,action_blind,35,0.09671808788414664
9100001,none,random,1,0.13,late,adaptive_nonlinear,35,0.036429337320707945
9100001,none,random,1,0.13,late,knn_all,35,0.04501038776994202
9100001,none,random,1,0.13,late,knn_recent,35,0.04604945530589807
9100001,none,random,1,0.13,late,linear,35,0.041113778210744384
9100001,none,random,1,0.13,late,nonlinear,35,0.03651844814921485
9100001,none,random,1,0.13,late,zero,35,0.09243846214518665
9100001,none,random,1,0.13,pre,action_blind,35,0.07996053755348093
9100001,none,random,1,0.13,pre,adaptive_nonlinear,35,0.04092583726856804
9100001,none,random,1,0.13,pre,knn_all,35,0.04131450506451048
9100001,none,random,1,0.13,pre,knn_recent,35,0.041541127724193924
9100001,none,random,1,0.13,pre,linear,35,0.03819659532499353
9100001,none,random,1,0.13,pre,nonlinear,35,0.040679727356126814
9100001,none,random,1,0.13,pre,zero,35,0.08003883548655216
9100001,sensor,random,1,0.13,counterfactual,action_blind,5,0.05486884997204021
9100001,sensor,random,1,0.13,counterfactual,adaptive_nonlinear,5,0.011059205583702459
9100001,sensor,random,1,0.13,counterfactual,knn_all,5,0.01691924429885447
9100001,sensor,random,1,0.13,counterfactual,knn_recent,5,0.022316273602437497
9100001,sensor,random,1,0.13,counterfactual,linear,5,0.014195141352452057
9100001,sensor,random,1,0.13,counterfactual,nonlinear,5,0.010636158391278754
9100001,sensor,random,1,0.13,counterfactual,zero,5,0.059912531670351155
9100001,sensor,random,1,0.13,early,action_blind,19,0.08424054757598098
9100001,sensor,random,1,0.13,early,adaptive_nonlinear,19,0.035426622741181725
9100001,sensor,random,1,0.13,early,knn_all,19,0.03708116383853112
9100001,sensor,random,1,0.13,early,knn_recent,19,0.038085100826419964
9100001,sensor,random,1,0.13,early,linear,19,0.0351623922442594
9100001,sensor,random,1,0.13,early,nonlinear,19,0.03418928678551242
9100001,sensor,random,1,0.13,early,zero,19,0.08314862490626398
9100001,sensor,random,1,0.13,late,action_blind,35,0.0966058099537775
9100001,sensor,random,1,0.13,late,adaptive_nonlinear,35,0.03717942593354028
9100001,sensor,random,1,0.13,late,knn_all,35,0.043118731799223264
9100001,sensor,random,1,0.13,late,knn_recent,35,0.04604945530589807
9100001,sensor,random,1,0.13,late,linear,35,0.04114321408867079
9100001,sensor,random,1,0.13,late,nonlinear,35,0.03686713230550644
9100001,sensor,random,1,0.13,late,zero,35,0.09243846214518665
9100001,sensor,random,1,0.13,pre,action_blind,35,0.07996053755348093
9100001,sensor,random,1,0.13,pre,adaptive_nonlinear,35,0.04092583726856804
9100001,sensor,random,1,0.13,pre,knn_all,35,0.04131450506451048
9100001,sensor,random,1,0.13,pre,knn_recent,35,0.041541127724193924
9100001,sensor,random,1,0.13,pre,linear,35,0.03819659532499353
9100001,sensor,random,1,0.13,pre,nonlinear,35,0.040679727356126814
9100001,sensor,random,1,0.13,pre,zero,35,0.08003883548655216
9100001,unknown_nonlinear,random,1,0.13,counterfactual,action_blind,5,0.035057495353541815
9100001,unknown_nonlinear,random,1,0.13,counterfactual,adaptive_nonlinear,5,0.011943444046343624
9100001,unknown_nonlinear,random,1,0.13,counterfactual,knn_all,5,0.022969149275275345
9100001,unknown_nonlinear,random,1,0.13,counterfactual,knn_recent,5,0.026957633162917938
9100001,unknown_nonlinear,random,1,0.13,counterfactual,linear,5,0.023082826143162396
9100001,unknown_nonlinear,random,1,0.13,counterfactual,nonlinear,5,0.011800657590494005
9100001,unknown_nonlinear,random,1,0.13,counterfactual,zero,5,0.04331226020453732
9100001,unknown_nonlinear,random,1,0.13,early,action_blind,19,0.08022775680910005
9100001,unknown_nonlinear,random,1,0.13,early,adaptive_nonlinear,19,0.03584010283988593
9100001,unknown_nonlinear,random,1,0.13,early,knn_all,19,0.038174468429212065
9100001,unknown_nonlinear,random,1,0.13,early,knn_recent,19,0.038466861586060254
9100001,unknown_nonlinear,random,1,0.13,early,linear,19,0.03393154251849854
9100001,unknown_nonlinear,random,1,0.13,early,nonlinear,19,0.0345670626668326
9100001,unknown_nonlinear,random,1,0.13,early,zero,19,0.07273295577718275
9100001,unknown_nonlinear,random,1,0.13,late,action_blind,35,0.06508895617429587
9100001,unknown_nonlinear,random,1,0.13,late,adaptive_nonlinear,35,0.034026247458633314
9100001,unknown_nonlinear,random,1,0.13,late,knn_all,35,0.039841913741769326
9100001,unknown_nonlinear,random,1,0.13,late,knn_recent,35,0.046343378585984155
9100001,unknown_nonlinear,random,1,0.13,late,linear,35,0.039739291332609915
9100001,unknown_nonlinear,random,1,0.13,late,nonlinear,35,0.03429141925114947
9100001,unknown_nonlinear,random,1,0.13,late,zero,35,0.06845950825928071
9100001,unknown_nonlinear,random,1,0.13,pre,action_blind,35,0.07996053755348093
9100001,unknown_nonlinear,random,1,0.13,pre,adaptive_nonlinear,35,0.04092583726856804
9100001,unknown_nonlinear,random,1,0.13,pre,knn_all,35,0.04131450506451048
9100001,unknown_nonlinear,random,1,0.13,pre,knn_recent,35,0.041541127724193924
9100001,unknown_nonlinear,random,1,0.13,pre,linear,35,0.03819659532499353
9100001,unknown_nonlinear,random,1,0.13,pre,nonlinear,35,0.040679727356126814
9100001,unknown_nonlinear,random,1,0.13,pre,zero,35,0.08003883548655216
9100102,external,random,1,0.13,counterfactual,action_blind,5,0.09253752448621347
9100102,external,random,1,0.13,counterfactual,adaptive_nonlinear,5,0.06179666390929963
9100102,external,random,1,0.13,counterfactual,knn_all,5,0.07057579171540206
9100102,external,random,1,0.13,counterfactual,knn_recent,5,0.07234160929263705
9100102,external,random,1,0.13,counterfactual,linear,5,0.08146354670140522
9100102,external,random,1,0.13,counterfactual,nonlinear,5,0.06541036099846007
9100102,external,random,1,0.13,counterfactual,zero,5,0.10068193859734313
9100102,external,random,1,0.13,early,action_blind,19,0.1329532197884388
9100102,external,random,1,0.13,early,adaptive_nonlinear,19,0.06545320149333418
9100102,external,random,1,0.13,early,knn_all,19,0.06268192730866855
9100102,external,random,1,0.13,early,knn_recent,19,0.07008712308262166
9100102,external,random,1,0.13,early,linear,19,0.06843100343083727
9100102,external,random,1,0.13,early,nonlinear,19,0.06595386831948337
9100102,external,random,1,0.13,early,zero,19,0.12858814050534043
9100102,external,random,1,0.13,late,action_blind,35,0.07529181953499912
9100102,external,random,1,0.13,late,adaptive_nonlinear,35,0.05587627647921052
9100102,external,random,1,0.13,late,knn_all,35,0.05091726782430914
9100102,external,random,1,0.13,late,knn_recent,35,0.05165587125261507
9100102,external,random,1,0.13,late,linear,35,0.05850724877050852
9100102,external,random,1,0.13,late,nonlinear,35,0.054178694919498505
9100102,external,random,1,0.13,late,zero,35,0.07875316953526869
9100102,external,random,1,0.13,pre,action_blind,35,0.08544498263419356
9100102,external,random,1,0.13,pre,adaptive_nonlinear,35,0.036349667799301884
9100102,external,random,1,0.13,pre,knn_all,35,0.04120636028405475
9100102,external,random,1,0.13,pre,knn_recent,35,0.042322413964646664
9100102,external,random,1,0.13,pre,linear,35,0.034922891270277596
9100102,external,random,1,0.13,pre,nonlinear,35,0.03610746926142623
9100102,external,random,1,0.13,pre,zero,35,0.08635179422312461
9100102,motor,random,1,0.13,counterfactual,action_blind,5,0.11894934818174596
9100102,motor,random,1,0.13,counterfactual,adaptive_nonlinear,5,0.04722787661227509
9100102,motor,random,1,0.13,counterfactual,knn_all,5,0.04359669283975519
9100102,motor,random,1,0.13,counterfactual,knn_recent,5,0.049505161788064724
9100102,motor,random,1,0.13,counterfactual,linear,5,0.0704949075405339
9100102,motor,random,1,0.13,counterfactual,nonlinear,5,0.0443229296040057
9100102,motor,random,1,0.13,counterfactual,zero,5,0.10555087249954778
9100102,motor,random,1,0.13,early,action_blind,19,0.12479822378745668
9100102,motor,random,1,0.13,early,adaptive_nonlinear,19,0.061916820221995704
9100102,motor,random,1,0.13,early,knn_all,19,0.0728010780701084
9100102,motor,random,1,0.13,early,knn_recent,19,0.07256736625767309
9100102,motor,random,1,0.13,early,linear,19,0.12896706511976885
9100102,motor,random,1,0.13,early,nonlinear,19,0.0661057695778142
9100102,motor,random,1,0.13,early,zero,19,0.12284240653761642
9100102,motor,random,1,0.13,late,action_blind,35,0.0982329588158593
9100102,motor,random,1,0.13,late,adaptive_nonlinear,35,0.04040244373107378
9100102,motor,random,1,0.13,late,knn_all,35,0.040224213710588874
9100102,motor,random,1,0.13,late,knn_recent,35,0.04130225993906023
9100102,motor,random,1,0.13,late,linear,35,0.05542779374691553
9100102,motor,random,1,0.13,late,nonlinear,35,0.04107943213924612
9100102,motor,random,1,0.13,late,zero,35,0.09708058698546546
9100102,motor,random,1,0.13,pre,action_blind,35,0.08544498263419356
9100102,motor,random,1,0.13,pre,adaptive_nonlinear,35,0.036349667799301884
9100102,motor,random,1,0.13,pre,knn_all,35,0.04120636028405475
9100102,motor,random,1,0.13,pre,knn_recent,35,0.042322413964646664
9100102,motor,random,1,0.13,pre,linear,35,0.034922891270277596
9100102,motor,random,1,0.13,pre,nonlinear,35,0.03610746926142623
9100102,motor,random,1,0.13,pre,zero,35,0.08635179422312461
9100102,motor_external,random,1,0.13,counterfactual,action_blind,5,0.07403203192417125
9100102,motor_external,random,1,0.13,counterfactual,adaptive_nonlinear,5,0.06923277257438731
9100102,motor_external,random,1,0.13,counterfactual,knn_all,5,0.043023723768546
9100102,motor_external,random,1,0.13,counterfactual,knn_recent,5,0.05593058106772235
9100102,motor_external,random,1,0.13,counterfactual,linear,5,0.05834666545175747
9100102,motor_external,random,1,0.13,counterfactual,nonlinear,5,0.07356089559215181
9100102,motor_external,random,1,0.13,counterfactual,zero,5,0.07056674278465662
9100102,motor_external,random,1,0.13,early,action_blind,19,0.12552398293902234
9100102,motor_external,random,1,0.13,early,adaptive_nonlinear,19,0.12380927892005715
9100102,motor_external,random,1,0.13,early,knn_all,19,0.1559852473281218
9100102,motor_external,random,1,0.13,early,knn_recent,19,0.12880371472982785
9100102,motor_external,random,1,0.13,early,linear,19,0.1355698659354368
9100102,motor_external,random,1,0.13,early,nonlinear,19,0.15045877283823356
9100102,motor_external,random,1,0.13,early,zero,19,0.12393746296175145
9100102,motor_external,random,1,0.13,late,action_blind,35,0.07743249666869673
9100102,motor_external,random,1,0.13,late,adaptive_nonlinear,35,0.0503813769309762
9100102,motor_external,random,1,0.13,late,knn_all,35,0.045203323985524235
9100102,motor_external,random,1,0.13,late,knn_recent,35,0.04786861246485334
9100102,motor_external,random,1,0.13,late,linear,35,0.05963087907943239
9100102,motor_external,random,1,0.13,late,nonlinear,35,0.05409304528561243
9100102,motor_external,random,1,0.13,late,zero,35,0.08280571702996714
9100102,motor_external,random,1,0.13,pre,action_blind,35,0.08544498263419356
9100102,motor_external,random,1,0.13,pre,adaptive_nonlinear,35,0.036349667799301884
9100102,motor_external,random,1,0.13,pre,knn_all,35,0.04120636028405475
9100102,motor_external,random,1,0.13,pre,knn_recent,35,0.042322413964646664
9100102,motor_external,random,1,0.13,pre,linear,35,0.034922891270277596
9100102,motor_external,random,1,0.13,pre,nonlinear,35,0.03610746926142623
9100102,motor_external,random,1,0.13,pre,zero,35,0.08635179422312461
9100102,none,random,1,0.13,counterfactual,action_blind,5,0.08406464964497565
9100102,none,random,1,0.13,counterfactual,adaptive_nonlinear,5,0.029624867751898275
9100102,none,random,1,0.13,counterfactual,knn_all,5,0.029839954133995216
9100102,none,random,1,0.13,counterfactual,knn_recent,5,0.04424603531419978
9100102,none,random,1,0.13,counterfactual,linear,5,0.029289844771468638
9100102,none,random,1,0.13,counterfactual,nonlinear,5,0.02857928855966741
9100102,none,random,1,0.13,counterfactual,zero,5,0.07630364259674878
9100102,none,random,1,0.13,early,action_blind,19,0.1196652650174227
9100102,none,random,1,0.13,early,adaptive_nonlinear,19,0.041139575425521276
9100102,none,random,1,0.13,early,knn_all,19,0.04631498016432546
9100102,none,random,1,0.13,early,knn_recent,19,0.04826194934636172
9100102,none,random,1,0.13,early,linear,19,0.0408040760802734
9100102,none,random,1,0.13,early,nonlinear,19,0.0413644379786344
9100102,none,random,1,0.13,early,zero,19,0.12506608564702207
9100102,none,random,1,0.13,late,action_blind,35,0.0895285724703533
9100102,none,random,1,0.13,late,adaptive_nonlinear,35,0.02726001590965455
9100102,none,random,1,0.13,late,knn_all,35,0.03344621062898508
9100102,none,random,1,0.13,late,knn_recent,35,0.03971127209727785
9100102,none,random,1,0.13,late,linear,35,0.03184665805355058
9100102,none,random,1,0.13,late,nonlinear,35,0.027581733673115148
9100102,none,random,1,0.13,late,zero,35,0.09342488175241757
9100102,none,random,1,0.13,pre,action_blind,35,0.08544498263419356
9100102,none,random,1,0.13,pre,adaptive_nonlinear,35,0.036349667799301884
9100102,none,random,1,0.13,pre,knn_all,35,0.04120636028405475
9100102,none,random,1,0.13,pre,knn_recent,35,0.042322413964646664
9100102,none,random,1,0.13,pre,linear,35,0.034922891270277596
9100102,none,random,1,0.13,pre,nonlinear,35,0.03610746926142623
9100102,none,random,1,0.13,pre,zero,35,0.08635179422312461
9100102,sensor,random,1,0.13,counterfactual,action_blind,5,0.07884385476846505
9100102,sensor,random,1,0.13,counterfactual,adaptive_nonlinear,5,0.030497541589389082
9100102,sensor,random,1,0.13,counterfactual,knn_all,5,0.029984528290512465
9100102,sensor,random,1,0.13,counterfactual,knn_recent,5,0.04424603531419978
9100102,sensor,random,1,0.13,counterfactual,linear,5,0.028926256339702843
9100102,sensor,random,1,0.13,counterfactual,nonlinear,5,0.029084973521401807
9100102,sensor,random,1,0.13,counterfactual,zero,5,0.07630364259674878
9100102,sensor,random,1,0.13,early,action_blind,19,0.12088309759880507
9100102,sensor,random,1,0.13,early,adaptive_nonlinear,19,0.043160592253132624
9100102,sensor,random,1,0.13,early,knn_all,19,0.04940099165248746
9100102,sensor,random,1,0.13,early,knn_recent,19,0.051584398423430516
9100102,sensor,random,1,0.13,early,linear,19,0.04116900538273268
9100102,sensor,random,1,0.13,early,nonlinear,19,0.04316857776107869
9100102,sensor,random,1,0.13,early,zero,19,0.12506608564702207
9100102,sensor,random,1,0.13,late,action_blind,35,0.08809215253947927
9100102,sensor,random,1,0.13,late,adaptive_nonlinear,35,0.02880381698214735
9100102,sensor,random,1,0.13,late,knn_all,35,0.03523349001660388
9100102,sensor,random,1,0.13,late,knn_recent,35,0.03971127209727785
9100102,sensor,random,1,0.13,late,linear,35,0.03188064097234687
9100102,sensor,random,1,0.13,late,nonlinear,35,0.028776077386287558
9100102,sensor,random,1,0.13,late,zero,35,0.09342488175241757
9100102,sensor,random,1,0.13,pre,action_blind,35,0.08544498263419356
9100102,sensor,random,1,0.13,pre,adaptive_nonlinear,35,0.036349667799301884
9100102,sensor,random,1,0.13,pre,knn_all,35,0.04120636028405475
9100102,sensor,random,1,0.13,pre,knn_recent,35,0.042322413964646664
9100102,sensor,random,1,0.13,pre,linear,35,0.034922891270277596
9100102,sensor,random,1,0.13,pre,nonlinear,35,0.03610746926142623
9100102,sensor,random,1,0.13,pre,zero,35,0.08635179422312461
9100102,unknown_nonlinear,random,1,0.13,counterfactual,action_blind,5,0.10230991451358336
9100102,unknown_nonlinear,random,1,0.13,counterfactual,adaptive_nonlinear,5,0.02266205793810201
9100102,unknown_nonlinear,random,1,0.13,counterfactual,knn_all,5,0.02628159393689284
9100102,unknown_nonlinear,random,1,0.13,counterfactual,knn_recent,5,0.03445013744649642
9100102,unknown_nonlinear,random,1,0.13,counterfactual,linear,5,0.023499786979160935
9100102,unknown_nonlinear,random,1,0.13,counterfactual,nonlinear,5,0.022180441880953486
9100102,unknown_nonlinear,random,1,0.13,counterfactual,zero,5,0.10184869963963124
9100102,unknown_nonlinear,random,1,0.13,early,action_blind,19,0.11630776410379375
9100102,unknown_nonlinear,random,1,0.13,early,adaptive_nonlinear,19,0.0528029225701004
9100102,unknown_nonlinear,random,1,0.13,early,knn_all,19,0.05340846022109906
9100102,unknown_nonlinear,random,1,0.13,early,knn_recent,19,0.05422862389504273
9100102,unknown_nonlinear,random,1,0.13,early,linear,19,0.04535852793613344
9100102,unknown_nonlinear,random,1,0.13,early,nonlinear,19,0.05270802694566918
9100102,unknown_nonlinear,random,1,0.13,early,zero,19,0.11617554119009899
9100102,unknown_nonlinear,random,1,0.13,late,action_blind,35,0.12418340114811949
9100102,unknown_nonlinear,random,1,0.13,late,adaptive_nonlinear,35,0.03315503231168427
9100102,unknown_nonlinear,random,1,0.13,late,knn_all,35,0.03823138791575652
9100102,unknown_nonlinear,random,1,0.13,late,knn_recent,35,0.04102078987803418
9100102,unknown_nonlinear,random,1,0.13,late,linear,35,0.03728012651250949
9100102,unknown_nonlinear,random,1,0.13,late,nonlinear,35,0.03398673389473087
9100102,unknown_nonlinear,random,1,0.13,late,zero,35,0.13183849950849225
9100102,unknown_nonlinear,random,1,0.13,pre,action_blind,35,0.08544498263419356
9100102,unknown_nonlinear,random,1,0.13,pre,adaptive_nonlinear,35,0.036349667799301884
9100102,unknown_nonlinear,random,1,0.13,pre,knn_all,35,0.04120636028405475
9100102,unknown_nonlinear,random,1,0.13,pre,knn_recent,35,0.042322413964646664
9100102,unknown_nonlinear,random,1,0.13,pre,linear,35,0.034922891270277596
9100102,unknown_nonlinear,random,1,0.13,pre,nonlinear,35,0.03610746926142623
9100102,unknown_nonlinear,random,1,0.13,pre,zero,35,0.08635179422312461
9100203,external,random,1,0.13,counterfactual,action_blind,5,0.05324252848028318
9100203,external,random,1,0.13,counterfactual,adaptive_nonlinear,5,0.02671092969732016
9100203,external,random,1,0.13,counterfactual,knn_all,5,0.02404954978261768
9100203,external,random,1,0.13,counterfactual,knn_recent,5,0.023880477157808555
9100203,external,random,1,0.13,counterfactual,linear,5,0.04846156499381109
9100203,external,random,1,0.13,counterfactual,nonlinear,5,0.026784314462567814
9100203,external,random,1,0.13,counterfactual,zero,5,0.05695645336128872
9100203,external,random,1,0.13,early,action_blind,19,0.06979100675269355
9100203,external,random,1,0.13,early,adaptive_nonlinear,19,0.061240523222449654
9100203,external,random,1,0.13,early,knn_all,19,0.06171872679444296
9100203,external,random,1,0.13,early,knn_recent,19,0.06216310795815706
9100203,external,random,1,0.13,early,linear,19,0.07632349678988369
9100203,external,random,1,0.13,early,nonlinear,19,0.060985171753225764
9100203,external,random,1,0.13,early,zero,19,0.07388004818188461
9100203,external,random,1,0.13,late,action_blind,35,0.045953351500662334
9100203,external,random,1,0.13,late,adaptive_nonlinear,35,0.041555591033190564
9100203,external,random,1,0.13,late,knn_all,35,0.04550591623443872
9100203,external,random,1,0.13,late,knn_recent,35,0.04570374920001753
9100203,external,random,1,0.13,late,linear,35,0.053132285451025794
9100203,external,random,1,0.13,late,nonlinear,35,0.04185089151483461
9100203,external,random,1,0.13,late,zero,35,0.04716143696266959
9100203,external,random,1,0.13,pre,action_blind,35,0.08216626049129297
9100203,external,random,1,0.13,pre,adaptive_nonlinear,35,0.03709102290518976
9100203,external,random,1,0.13,pre,knn_all,35,0.03882806031693393
9100203,external,random,1,0.13,pre,knn_recent,35,0.040745438218612456
9100203,external,random,1,0.13,pre,linear,35,0.033409698071756644
9100203,external,random,1,0.13,pre,nonlinear,35,0.03701487699770237
9100203,external,random,1,0.13,pre,zero,35,0.07973540098453526
9100203,motor,random,1,0.13,counterfactual,action_blind,5,0.08369754498207922
9100203,motor,random,1,0.13,counterfactual,adaptive_nonlinear,5,0.03691984395454062
9100203,motor,random,1,0.13,counterfactual,knn_all,5,0.035958013146486126
9100203,motor,random,1,0.13,counterfactual,knn_recent,5,0.03547004534485444
9100203,motor,random,1,0.13,counterfactual,linear,5,0.04974183741975931
9100203,motor,random,1,0.13,counterfactual,nonlinear,5,0.03597251663573836
9100203,motor,random,1,0.13,counterfactual,zero,5,0.07506228799222565
9100203,motor,random,1,0.13,early,action_blind,19,0.08430471033780035
9100203,motor,random,1,0.13,early,adaptive_nonlinear,19,0.04965558054457711
9100203,motor,random,1,0.13,early,knn_all,19,0.05413027466670983
9100203,motor,random,1,0.13,early,knn_recent,19,0.05422353783393974
9100203,motor,random,1,0.13,early,linear,19,0.10547967048675953
9100203,motor,random,1,0.13,early,nonlinear,19,0.04955364259648764
9100203,motor,random,1,0.13,early,zero,19,0.08424480725668815
9100203,motor,random,1,0.13,late,action_blind,35,0.05422234112852286
9100203,motor,random,1,0.13,late,adaptive_nonlinear,35,0.04153860890195044
9100203,motor,random,1,0.13,late,knn_all,35,0.0399018552892738
9100203,motor,random,1,0.13,late,knn_recent,35,0.04098383416290604
9100203,motor,random,1,0.13,late,linear,35,0.045207722884023506
9100203,motor,random,1,0.13,late,nonlinear,35,0.04168491415013121
9100203,motor,random,1,0.13,late,zero,35,0.054958661740958946
9100203,motor,random,1,0.13,pre,action_blind,35,0.08216626049129297
9100203,motor,random,1,0.13,pre,adaptive_nonlinear,35,0.03709102290518976
9100203,motor,random,1,0.13,pre,knn_all,35,0.03882806031693393
9100203,motor,random,1,0.13,pre,knn_recent,35,0.040745438218612456
9100203,motor,random,1,0.13,pre,linear,35,0.033409698071756644
9100203,motor,random,1,0.13,pre,nonlinear,35,0.03701487699770237
9100203,motor,random,1,0.13,pre,zero,35,0.07973540098453526
9100203,motor_external,random,1,0.13,counterfactual,action_blind,5,0.019989281291620593
9100203,motor_external,random,1,0.13,counterfactual,adaptive_nonlinear,5,0.02617919661524538
9100203,motor_external,random,1,0.13,counterfactual,knn_all,5,0.02835803415652874
9100203,motor_external,random,1,0.13,counterfactual,knn_recent,5,0.0285212982348801
9100203,motor_external,random,1,0.13,counterfactual,linear,5,0.02255545398395197
9100203,motor_external,random,1,0.13,counterfactual,nonlinear,5,0.02625476009243425
9100203,motor_external,random,1,0.13,counterfactual,zero,5,0.017344087256329573
9100203,motor_external,random,1,0.13,early,action_blind,19,0.08796131672243691
9100203,motor_external,random,1,0.13,early,adaptive_nonlinear,19,0.07971990561061357
9100203,motor_external,random,1,0.13,early,knn_all,19,0.07371766016461698
9100203,motor_external,random,1,0.13,early,knn_recent,19,0.07489059318603301
9100203,motor_external,random,1,0.13,early,linear,19,0.11115618056871696
9100203,motor_external,random,1,0.13,early,nonlinear,19,0.07659657022549053
9100203,motor_external,random,1,0.13,early,zero,19,0.08777507713619845
9100203,motor_external,random,1,0.13,late,action_blind,35,0.030027582287437304
9100203,motor_external,random,1,0.13,late,adaptive_nonlinear,35,0.037628577457635044
9100203,motor_external,random,1,0.13,late,knn_all,35,0.04046852047826225
9100203,motor_external,random,1,0.13,late,knn_recent,35,0.04019379306467146
9100203,motor_external,random,1,0.13,late,linear,35,0.04681267172103902
9100203,motor_external,random,1,0.13,late,nonlinear,35,0.039292784954520495
9100203,motor_external,random,1,0.13,late,zero,35,0.03400225820231017
9100203,motor_external,random,1,0.13,pre,action_blind,35,0.08216626049129297
9100203,motor_external,random,1,0.13,pre,adaptive_nonlinear,35,0.03709102290518976
9100203,motor_external,random,1,0.13,pre,knn_all,35,0.03882806031693393
9100203,motor_external,random,1,0.13,pre,knn_recent,35,0.040745438218612456
9100203,motor_external,random,1,0.13,pre,linear,35,0.033409698071756644
9100203,motor_external,random,1,0.13,pre,nonlinear,35,0.03701487699770237
9100203,motor_external,random,1,0.13,pre,zero,35,0.07973540098453526
9100203,none,random,1,0.13,counterfactual,action_blind,5,0.06582776067658319
9100203,none,random,1,0.13,counterfactual,adaptive_nonlinear,5,0.02802859283718847
9100203,none,random,1,0.13,counterfactual,knn_all,5,0.029146176490916408
9100203,none,random,1,0.13,counterfactual,knn_recent,5,0.024666760655572946
9100203,none,random,1,0.13,counterfactual,linear,5,0.02091065981791056
9100203,none,random,1,0.13,counterfactual,nonlinear,5,0.027916885989706885
9100203,none,random,1,0.13,counterfactual,zero,5,0.04709190559914429
9100203,none,random,1,0.13,early,action_blind,19,0.061497489410128864
9100203,none,random,1,0.13,early,adaptive_nonlinear,19,0.038697509002762996
9100203,none,random,1,0.13,early,knn_all,19,0.043369060988209425
9100203,none,random,1,0.13,early,knn_recent,19,0.04380472528577817
9100203,none,random,1,0.13,early,linear,19,0.04508695952855943
9100203,none,random,1,0.13,early,nonlinear,19,0.038603050824531
9100203,none,random,1,0.13,early,zero,19,0.05910662380731145
9100203,none,random,1,0.13,late,action_blind,35,0.0667564454168256
9100203,none,random,1,0.13,late,adaptive_nonlinear,35,0.03398531665676031
9100203,none,random,1,0.13,late,knn_all,35,0.03901246976774843
9100203,none,random,1,0.13,late,knn_recent,35,0.039267879372792434
9100203,none,random,1,0.13,late,linear,35,0.03404403302180752
9100203,none,random,1,0.13,late,nonlinear,35,0.03397456613410321
9100203,none,random,1,0.13,late,zero,35,0.062040876516792055
9100203,none,random,1,0.13,pre,action_blind,35,0.08216626049129297
9100203,none,random,1,0.13,pre,adaptive_nonlinear,35,0.03709102290518976
9100203,none,random,1,0.13,pre,knn_all,35,0.03882806031693393
9100203,none,random,1,0.13,pre,knn_recent,35,0.040745438218612456
9100203,none,random,1,0.13,pre,linear,35,0.033409698071756644
9100203,none,random,1,0.13,pre,nonlinear,35,0.03701487699770237
9100203,none,random,1,0.13,pre,zero,35,0.07973540098453526
9100203,sensor,random,1,0.13,counterfactual,action_blind,5,0.06326055312363266
9100203,sensor,random,1,0.13,counterfactual,adaptive_nonlinear,5,0.026296048933525207
9100203,sensor,random,1,0.13,counterfactual,knn_all,5,0.0285089084614637
9100203,sensor,random,1,0.13,counterfactual,knn_recent,5,0.024666760655572946
9100203,sensor,random,1,0.13,counterfactual,linear,5,0.021118320227792538
9100203,sensor,random,1,0.13,counterfactual,nonlinear,5,0.025919097733015088
9100203,sensor,random,1,0.13,counterfactual,zero,5,0.04709190559914429
9100203,sensor,random,1,0.13,early,action_blind,19,0.060442126190905575
9100203,sensor,random,1,0.13,early,adaptive_nonlinear,19,0.03901464140793193
9100203,sensor,random,1,0.13,early,knn_all,19,0.04490207650548034
9100203,sensor,random,1,0.13,early,knn_recent,19,0.04509781767080544
9100203,sensor,random,1,0.13,early,linear,19,0.04614105323288844
9100203,sensor,random,1,0.13,early,nonlinear,19,0.03863794220007157
9100203,sensor,random,1,0.13,early,zero,19,0.05910662380731145
9100203,sensor,random,1,0.13,late,action_blind,35,0.06742280054410871
9100203,sensor,random,1,0.13,late,adaptive_nonlinear,35,0.03399076234019115
9100203,sensor,random,1,0.13,late,knn_all,35,0.039828266853583615
9100203,sensor,random,1,0.13,late,knn_recent,35,0.039267879372792434
9100203,sensor,random,1,0.13,late,linear,35,0.034357877673368134
9100203,sensor,random,1,0.13,late,nonlinear,35,0.03393599337073042
9100203,sensor,random,1,0.13,late,zero,35,0.062040876516792055
9100203,sensor,random,1,0.13,pre,action_blind,35,0.08216626049129297
9100203,sensor,random,1,0.13,pre,adaptive_nonlinear,35,0.03709102290518976
9100203,sensor,random,1,0.13,pre,knn_all,35,0.03882806031693393
9100203,sensor,random,1,0.13,pre,knn_recent,35,0.040745438218612456
9100203,sensor,random,1,0.13,pre,linear,35,0.033409698071756644
9100203,sensor,random,1,0.13,pre,nonlinear,35,0.03701487699770237
9100203,sensor,random,1,0.13,pre,zero,35,0.07973540098453526
9100203,unknown_nonlinear,random,1,0.13,counterfactual,action_blind,5,0.06723029739921593
9100203,unknown_nonlinear,random,1,0.13,counterfactual,adaptive_nonlinear,5,0.02630577740762934
9100203,unknown_nonlinear,random,1,0.13,counterfactual,knn_all,5,0.029275217407919413
9100203,unknown_nonlinear,random,1,0.13,counterfactual,knn_recent,5,0.03089906816730546
9100203,unknown_nonlinear,random,1,0.13,counterfactual,linear,5,0.0330247694074588
9100203,unknown_nonlinear,random,1,0.13,counterfactual,nonlinear,5,0.02637061102681671
9100203,unknown_nonlinear,random,1,0.13,counterfactual,zero,5,0.07654946600920925
9100203,unknown_nonlinear,random,1,0.13,early,action_blind,19,0.07305962403722029
9100203,unknown_nonlinear,random,1,0.13,early,adaptive_nonlinear,19,0.041789535603117295
9100203,unknown_nonlinear,random,1,0.13,early,knn_all,19,0.04366241200869995
9100203,unknown_nonlinear,random,1,0.13,early,knn_recent,19,0.04455802144037089
9100203,unknown_nonlinear,random,1,0.13,early,linear,19,0.048708589228527895
9100203,unknown_nonlinear,random,1,0.13,early,nonlinear,19,0.041832239350700594
9100203,unknown_nonlinear,random,1,0.13,early,zero,19,0.07374687556179968
9100203,unknown_nonlinear,random,1,0.13,late,action_blind,35,0.07307666061847538
9100203,unknown_nonlinear,random,1,0.13,late,adaptive_nonlinear,35,0.034499238055467306
9100203,unknown_nonlinear,random,1,0.13,late,knn_all,35,0.03679377191004807
9100203,unknown_nonlinear,random,1,0.13,late,knn_recent,35,0.03728088585976263
9100203,unknown_nonlinear,random,1,0.13,late,linear,35,0.036075715220686054
9100203,unknown_nonlinear,random,1,0.13,late,nonlinear,35,0.03450346058747248
9100203,unknown_nonlinear,random,1,0.13,late,zero,35,0.07344968770342955
9100203,unknown_nonlinear,random,1,0.13,pre,action_blind,35,0.08216626049129297
9100203,unknown_nonlinear,random,1,0.13,pre,adaptive_nonlinear,35,0.03709102290518976
9100203,unknown_nonlinear,random,1,0.13,pre,knn_all,35,0.03882806031693393
9100203,unknown_nonlinear,random,1,0.13,pre,knn_recent,35,0.040745438218612456
9100203,unknown_nonlinear,random,1,0.13,pre,linear,35,0.033409698071756644
9100203,unknown_nonlinear,random,1,0.13,pre,nonlinear,35,0.03701487699770237
9100203,unknown_nonlinear,random,1,0.13,pre,zero,35,0.07973540098453526
9100304,external,random,1,0.13,counterfactual,action_blind,5,0.06462783313493645
9100304,external,random,1,0.13,counterfactual,adaptive_nonlinear,5,0.05216930151559083
9100304,external,random,1,0.13,counterfactual,knn_all,5,0.04918060433033421
9100304,external,random,1,0.13,counterfactual,knn_recent,5,0.049123949703691085
9100304,external,random,1,0.13,counterfactual,linear,5,0.05661479863590078
9100304,external,random,1,0.13,counterfactual,nonlinear,5,0.05358364092061132
9100304,external,random,1,0.13,counterfactual,zero,5,0.058171627461949794
9100304,external,random,1,0.13,early,action_blind,19,0.0636863996924668
9100304,external,random,1,0.13,early,adaptive_nonlinear,19,0.04740364275610185
9100304,external,random,1,0.13,early,knn_all,19,0.04771291932458389
9100304,external,random,1,0.13,early,knn_recent,19,0.05188343596061333
9100304,external,random,1,0.13,early,linear,19,0.045923427328217706
9100304,external,random,1,0.13,early,nonlinear,19,0.04791379247930513
9100304,external,random,1,0.13,early,zero,19,0.061772687115580184
9100304,external,random,1,0.13,late,action_blind,35,0.04423527242390866
9100304,external,random,1,0.13,late,adaptive_nonlinear,35,0.0439024666019066
9100304,external,random,1,0.13,late,knn_all,35,0.048150101000466364
9100304,external,random,1,0.13,late,knn_recent,35,0.04830327187611121
9100304,external,random,1,0.13,late,linear,35,0.05924292447659118
9100304,external,random,1,0.13,late,nonlinear,35,0.04486478196462143
9100304,external,random,1,0.13,late,zero,35,0.046972602418984204
9100304,external,random,1,0.13,pre,action_blind,35,0.07381397198325516
9100304,external,random,1,0.13,pre,adaptive_nonlinear,35,0.04442027724067891
9100304,external,random,1,0.13,pre,knn_all,35,0.05022297147232244
9100304,external,random,1,0.13,pre,knn_recent,35,0.050168774291541325
9100304,external,random,1,0.13,pre,linear,35,0.04322463328909032
9100304,external,random,1,0.13,pre,nonlinear,35,0.04430499125132172
9100304,external,random,1,0.13,pre,zero,35,0.07614476123574968
9100304,motor,random,1,0.13,counterfactual,action_blind,5,0.05029725112338448
9100304,motor,random,1,0.13,counterfactual,adaptive_nonlinear,5,0.027542988250792072
9100304,motor,random,1,0.13,counterfactual,knn_all,5,0.028319625192570724
9100304,motor,random,1,0.13,counterfactual,knn_recent,5,0.028935796861327252
9100304,motor,random,1,0.13,counterfactual,linear,5,0.055193335701468726
9100304,motor,random,1,0.13,counterfactual,nonlinear,5,0.029144821001787512
9100304,motor,random,1,0.13,counterfactual,zero,5,0.06079515953148631
9100304,motor,random,1,0.13,early,action_blind,19,0.0423647049899061
9100304,motor,random,1,0.13,early,adaptive_nonlinear,19,0.04191101957032837
9100304,motor,random,1,0.13,early,knn_all,19,0.04908598512389923
9100304,motor,random,1,0.13,early,knn_recent,19,0.05043742838794263
9100304,motor,random,1,0.13,early,linear,19,0.05475131233978188
9100304,motor,random,1,0.13,early,nonlinear,19,0.04371029697763939
9100304,motor,random,1,0.13,early,zero,19,0.037718345756782845
9100304,motor,random,1,0.13,late,action_blind,35,0.041361311132883154
9100304,motor,random,1,0.13,late,adaptive_nonlinear,35,0.030099682994249078
9100304,motor,random,1,0.13,late,knn_all,35,0.03605668876837028
9100304,motor,random,1,0.13,late,knn_recent,35,0.03512911586478421
9100304,motor,random,1,0.13,late,linear,35,0.0479194929233911
9100304,motor,random,1,0.13,late,nonlinear,35,0.031417005731828075
9100304,motor,random,1,0.13,late,zero,35,0.047518682269887494
9100304,motor,random,1,0.13,pre,action_blind,35,0.07381397198325516
9100304,motor,random,1,0.13,pre,adaptive_nonlinear,35,0.04442027724067891
9100304,motor,random,1,0.13,pre,knn_all,35,0.05022297147232244
9100304,motor,random,1,0.13,pre,knn_recent,35,0.050168774291541325
9100304,motor,random,1,0.13,pre,linear,35,0.04322463328909032
9100304,motor,random,1,0.13,pre,nonlinear,35,0.04430499125132172
9100304,motor,random,1,0.13,pre,zero,35,0.07614476123574968
9100304,motor_external,random,1,0.13,counterfactual,action_blind,5,0.0745330737083447
9100304,motor_external,random,1,0.13,counterfactual,adaptive_nonlinear,5,0.06761668971745903
9100304,motor_external,random,1,0.13,counterfactual,knn_all,5,0.06747677947111838
9100304,motor_external,random,1,0.13,counterfactual,knn_recent,5,0.06742622192396905
9100304,motor_external,random,1,0.13,counterfactual,linear,5,0.08713903732595667
9100304,motor_external,random,1,0.13,counterfactual,nonlinear,5,0.070052507617447
9100304,motor_external,random,1,0.13,counterfactual,zero,5,0.08004919302505704
9100304,motor_external,random,1,0.13,early,action_blind,19,0.07070911377891705
9100304,motor_external,random,1,0.13,early,adaptive_nonlinear,19,0.06014641555228415
9100304,motor_external,random,1,0.13,early,knn_all,19,0.06755104719080018
9100304,motor_external,random,1,0.13,early,knn_recent,19,0.0693800500221059
9100304,motor_external,random,1,0.13,early,linear,19,0.09462877949527435
9100304,motor_external,random,1,0.13,early,nonlinear,19,0.060315470755346004
9100304,motor_external,random,1,0.13,early,zero,19,0.08417511707270718
9100304,motor_external,random,1,0.13,late,action_blind,35,0.076494366330306
9100304,motor_external,random,1,0.13,late,adaptive_nonlinear,35,0.04917409047915097
9100304,motor_external,random,1,0.13,late,knn_all,35,0.052724602986351746
9100304,motor_external,random,1,0.13,late,knn_recent,35,0.05268827468246054
9100304,motor_external,random,1,0.13,late,linear,35,0.07574381364077036
9100304,motor_external,random,1,0.13,late,nonlinear,35,0.0496803642935756
9100304,motor_external,random,1,0.13,late,zero,35,0.0748645171121829
9100304,motor_external,random,1,0.13,pre,action_blind,35,0.07381397198325516
9100304,motor_external,random,1,0.13,pre,adaptive_nonlinear,35,0.04442027724067891
9100304,motor_external,random,1,0.13,pre,knn_all,35,0.05022297147232244
9100304,motor_external,random,1,0.13,pre,knn_recent,35,0.050168774291541325
9100304,motor_external,random,1,0.13,pre,linear,35,0.04322463328909032
9100304,motor_external,random,1,0.13,pre,nonlinear,35,0.04430499125132172
9100304,motor_external,random,1,0.13,pre,zero,35,0.07614476123574968
9100304,none,random,1,0.13,counterfactual,action_blind,5,0.06402274944413464
9100304,none,random,1,0.13,counterfactual,adaptive_nonlinear,5,0.028986361618400867
9100304,none,random,1,0.13,counterfactual,knn_all,5,0.03677102049588914
9100304,none,random,1,0.13,counterfactual,knn_recent,5,0.03694943124871379
9100304,none,random,1,0.13,counterfactual,linear,5,0.0326193447680643
9100304,none,random,1,0.13,counterfactual,nonlinear,5,0.02914577882517582
9100304,none,random,1,0.13,counterfactual,zero,5,0.06817719767820911
9100304,none,random,1,0.13,early,action_blind,19,0.045076799071939885
9100304,none,random,1,0.13,early,adaptive_nonlinear,19,0.028569188858673423
9100304,none,random,1,0.13,early,knn_all,19,0.03301990520571504
9100304,none,random,1,0.13,early,knn_recent,19,0.034603687756791436
9100304,none,random,1,0.13,early,linear,19,0.024176717599240463
9100304,none,random,1,0.13,early,nonlinear,19,0.028499908273211333
9100304,none,random,1,0.13,early,zero,19,0.04260981283975459
9100304,none,random,1,0.13,late,action_blind,35,0.05080159846630716
9100304,none,random,1,0.13,late,adaptive_nonlinear,35,0.036358348999527224
9100304,none,random,1,0.13,late,knn_all,35,0.03950645294774868
9100304,none,random,1,0.13,late,knn_recent,35,0.03974513221128869
9100304,none,random,1,0.13,late,linear,35,0.03383136270267486
9100304,none,random,1,0.13,late,nonlinear,35,0.03617854199199307
9100304,none,random,1,0.13,late,zero,35,0.05231251659880523
9100304,none,random,1,0.13,pre,action_blind,35,0.07381397198325516
9100304,none,random,1,0.13,pre,adaptive_nonlinear,35,0.04442027724067891
9100304,none,random,1,0.13,pre,knn_all,35,0.05022297147232244
9100304,none,random,1,0.13,pre,knn_recent,35,0.050168774291541325
9100304,none,random,1,0.13,pre,linear,35,0.04322463328909032
9100304,none,random,1,0.13,pre,nonlinear,35,0.04430499125132172
9100304,none,random,1,0.13,pre,zero,35,0.07614476123574968
9100304,sensor,random,1,0.13,counterfactual,action_blind,5,0.05997698365570744
9100304,sensor,random,1,0.13,counterfactual,adaptive_nonlinear,5,0.026613074123444297
9100304,sensor,random,1,0.13,counterfactual,knn_all,5,0.03675265367412513
9100304,sensor,random,1,0.13,counterfactual,knn_recent,5,0.03694943124871379
9100304,sensor,random,1,0.13,counterfactual,linear,5,0.0319811540568683
9100304,sensor,random,1,0.13,counterfactual,nonlinear,5,0.026918461146211613
9100304,sensor,random,1,0.13,counterfactual,zero,5,0.06817719767820911
9100304,sensor,random,1,0.13,early,action_blind,19,0.044469525757962446
9100304,sensor,random,1,0.13,early,adaptive_nonlinear,19,0.02844300908453235
9100304,sensor,random,1,0.13,early,knn_all,19,0.033615417721832304
9100304,sensor,random,1,0.13,early,knn_recent,19,0.0359573699654757
9100304,sensor,random,1,0.13,early,linear,19,0.024591897258626896
9100304,sensor,random,1,0.13,early,nonlinear,19,0.02812011193591678
9100304,sensor,random,1,0.13,early,zero,19,0.04260981283975459
9100304,sensor,random,1,0.13,late,action_blind,35,0.05218398121210619
9100304,sensor,random,1,0.13,late,adaptive_nonlinear,35,0.037606958066169344
9100304,sensor,random,1,0.13,late,knn_all,35,0.039509404885841266
9100304,sensor,random,1,0.13,late,knn_recent,35,0.039746742406881426
9100304,sensor,random,1,0.13,late,linear,35,0.03393063535190568
9100304,sensor,random,1,0.13,late,nonlinear,35,0.03726363896377337
9100304,sensor,random,1,0.13,late,zero,35,0.05231251659880523
9100304,sensor,random,1,0.13,pre,action_blind,35,0.07381397198325516
9100304,sensor,random,1,0.13,pre,adaptive_nonlinear,35,0.04442027724067891
9100304,sensor,random,1,0.13,pre,knn_all,35,0.05022297147232244
9100304,sensor,random,1,0.13,pre,knn_recent,35,0.050168774291541325
9100304,sensor,random,1,0.13,pre,linear,35,0.04322463328909032
9100304,sensor,random,1,0.13,pre,nonlinear,35,0.04430499125132172
9100304,sensor,random,1,0.13,pre,zero,35,0.07614476123574968
9100304,unknown_nonlinear,random,1,0.13,counterfactual,action_blind,5,0.06271994206140538
9100304,unknown_nonlinear,random,1,0.13,counterfactual,adaptive_nonlinear,5,0.028453896676735896
9100304,unknown_nonlinear,random,1,0.13,counterfactual,knn_all,5,0.03319656549382759
9100304,unknown_nonlinear,random,1,0.13,counterfactual,knn_recent,5,0.03304581334893876
9100304,unknown_nonlinear,random,1,0.13,counterfactual,linear,5,0.03163373880472238
9100304,unknown_nonlinear,random,1,0.13,counterfactual,nonlinear,5,0.028856521123896844
9100304,unknown_nonlinear,random,1,0.13,counterfactual,zero,5,0.07087662773962379
9100304,unknown_nonlinear,random,1,0.13,early,action_blind,19,0.060945661179717
9100304,unknown_nonlinear,random,1,0.13,early,adaptive_nonlinear,19,0.04135973493171551
9100304,unknown_nonlinear,random,1,0.13,early,knn_all,19,0.03946126242714372
9100304,unknown_nonlinear,random,1,0.13,early,knn_recent,19,0.0438613589064458
9100304,unknown_nonlinear,random,1,0.13,early,linear,19,0.031853656965249326
9100304,unknown_nonlinear,random,1,0.13,early,nonlinear,19,0.040681313134199926
9100304,unknown_nonlinear,random,1,0.13,early,zero,19,0.0544584756711408
9100304,unknown_nonlinear,random,1,0.13,late,action_blind,35,0.06261280012391182
9100304,unknown_nonlinear,random,1,0.13,late,adaptive_nonlinear,35,0.03620574059209703
9100304,unknown_nonlinear,random,1,0.13,late,knn_all,35,0.03544313888095987
9100304,unknown_nonlinear,random,1,0.13,late,knn_recent,35,0.03535736727082603
9100304,unknown_nonlinear,random,1,0.13,late,linear,35,0.03444377344634057
9100304,unknown_nonlinear,random,1,0.13,late,nonlinear,35,0.03595581700124392
9100304,unknown_nonlinear,random,1,0.13,late,zero,35,0.061743434503594076
9100304,unknown_nonlinear,random,1,0.13,pre,action_blind,35,0.07381397198325516
9100304,unknown_nonlinear,random,1,0.13,pre,adaptive_nonlinear,35,0.04442027724067891
9100304,unknown_nonlinear,random,1,0.13,pre,knn_all,35,0.05022297147232244
9100304,unknown_nonlinear,random,1,0.13,pre,knn_recent,35,0.050168774291541325
9100304,unknown_nonlinear,random,1,0.13,pre,linear,35,0.04322463328909032
9100304,unknown_nonlinear,random,1,0.13,pre,nonlinear,35,0.04430499125132172
9100304,unknown_nonlinear,random,1,0.13,pre,zero,35,0.07614476123574968
9100405,external,random,1,0.13,counterfactual,action_blind,5,0.03745594042884137
9100405,external,random,1,0.13,counterfactual,adaptive_nonlinear,5,0.005805954645430464
9100405,external,random,1,0.13,counterfactual,knn_all,5,0.0074201506605788056
9100405,external,random,1,0.13,counterfactual,knn_recent,5,0.00741355439814019
9100405,external,random,1,0.13,counterfactual,linear,5,0.01200347758047442
9100405,external,random,1,0.13,counterfactual,nonlinear,5,0.006330166609570889
9100405,external,random,1,0.13,counterfactual,zero,5,0.0377784811749591
9100405,external,random,1,0.13,early,action_blind,19,0.08220570706493825
9100405,external,random,1,0.13,early,adaptive_nonlinear,19,0.06040580517695916
9100405,external,random,1,0.13,early,knn_all,19,0.06482364426088068
9100405,external,random,1,0.13,early,knn_recent,19,0.06482598288980639
9100405,external,random,1,0.13,early,linear,19,0.05777335521471407
9100405,external,random,1,0.13,early,nonlinear,19,0.059616265519040375
9100405,external,random,1,0.13,early,zero,19,0.07420249494144927
9100405,external,random,1,0.13,late,action_blind,35,0.08083120987327765
9100405,external,random,1,0.13,late,adaptive_nonlinear,35,0.04415803720535842
9100405,external,random,1,0.13,late,knn_all,35,0.04502724242480821
9100405,external,random,1,0.13,late,knn_recent,35,0.04503930095493802
9100405,external,random,1,0.13,late,linear,35,0.045534751573620226
9100405,external,random,1,0.13,late,nonlinear,35,0.043682353559945875
9100405,external,random,1,0.13,late,zero,35,0.08099432775056838
9100405,external,random,1,0.13,pre,action_blind,35,0.08090737229956244
9100405,external,random,1,0.13,pre,adaptive_nonlinear,35,0.04296992949295516
9100405,external,random,1,0.13,pre,knn_all,35,0.04600444228283038
9100405,external,random,1,0.13,pre,knn_recent,35,0.04946874598473758
9100405,external,random,1,0.13,pre,linear,35,0.041405329266610766
9100405,external,random,1,0.13,pre,nonlinear,35,0.042336822573933064
9100405,external,random,1,0.13,pre,zero,35,0.07898318380353844
9100405,motor,random,1,0.13,counterfactual,action_blind,5,0.029804471857880356
9100405,motor,random,1,0.13,counterfactual,adaptive_nonlinear,5,0.010063576170538487
9100405,motor,random,1,0.13,counterfactual,knn_all,5,0.011017140926032627
9100405,motor,random,1,0.13,counterfactual,knn_recent,5,0.011846780393663206
9100405,motor,random,1,0.13,counterfactual,linear,5,0.023515803698642947
9100405,motor,random,1,0.13,counterfactual,nonlinear,5,0.009371911491023396
9100405,motor,random,1,0.13,counterfactual,zero,5,0.03131426080004626
9100405,motor,random,1,0.13,early,action_blind,19,0.07776001420867922
9100405,motor,random,1,0.13,early,adaptive_nonlinear,19,0.07084977388030003
9100405,motor,random,1,0.13,early,knn_all,19,0.08214744838934941
9100405,motor,random,1,0.13,early,knn_recent,19,0.07928915351816981
9100405,motor,random,1,0.13,early,linear,19,0.09580727634037348
9100405,motor,random,1,0.13,early,nonlinear,19,0.07778308564054852
9100405,motor,random,1,0.13,early,zero,19,0.07476115431112626
9100405,motor,random,1,0.13,late,action_blind,35,0.0639209044193203
9100405,motor,random,1,0.13,late,adaptive_nonlinear,35,0.04038231104029613
9100405,motor,random,1,0.13,late,knn_all,35,0.04483068645344633
9100405,motor,random,1,0.13,late,knn_recent,35,0.04190775751904059
9100405,motor,random,1,0.13,late,linear,35,0.04904064962414655
9100405,motor,random,1,0.13,late,nonlinear,35,0.03937642172462341
9100405,motor,random,1,0.13,late,zero,35,0.06401794242419122
9100405,motor,random,1,0.13,pre,action_blind,35,0.08090737229956244
9100405,motor,random,1,0.13,pre,adaptive_nonlinear,35,0.04296992949295516
9100405,motor,random,1,0.13,pre,knn_all,35,0.04600444228283038
9100405,motor,random,1,0.13,pre,knn_recent,35,0.04946874598473758
9100405,motor,random,1,0.13,pre,linear,35,0.041405329266610766
9100405,motor,random,1,0.13,pre,nonlinear,35,0.042336822573933064
9100405,motor,random,1,0.13,pre,zero,35,0.07898318380353844
9100405,motor_external,random,1,0.13,counterfactual,action_blind,5,0.04235261097228159
9100405,motor_external,random,1,0.13,counterfactual,adaptive_nonlinear,5,0.005628172626337255
9100405,motor_external,random,1,0.13,counterfactual,knn_all,5,0.007014525762548319
9100405,motor_external,random,1,0.13,counterfactual,knn_recent,5,0.006838541361437236
9100405,motor_external,random,1,0.13,counterfactual,linear,5,0.026628067179133706
9100405,motor_external,random,1,0.13,counterfactual,nonlinear,5,0.006406282853269241
9100405,motor_external,random,1,0.13,counterfactual,zero,5,0.04222196705823384
9100405,motor_external,random,1,0.13,early,action_blind,19,0.1038649070414273
9100405,motor_external,random,1,0.13,early,adaptive_nonlinear,19,0.08264209614416146
9100405,motor_external,random,1,0.13,early,knn_all,19,0.08900042670887007
9100405,motor_external,random,1,0.13,early,knn_recent,19,0.08396137600912972
9100405,motor_external,random,1,0.13,early,linear,19,0.12229763281484989
9100405,motor_external,random,1,0.13,early,nonlinear,19,0.08178043731782444
9100405,motor_external,random,1,0.13,early,zero,19,0.09631608808796746
9100405,motor_external,random,1,0.13,late,action_blind,35,0.07126341453479408
9100405,motor_external,random,1,0.13,late,adaptive_nonlinear,35,0.04544784233007675
9100405,motor_external,random,1,0.13,late,knn_all,35,0.04546567288371543
9100405,motor_external,random,1,0.13,late,knn_recent,35,0.045535138320462396
9100405,motor_external,random,1,0.13,late,linear,35,0.05109233588485382
9100405,motor_external,random,1,0.13,late,nonlinear,35,0.043185321798526514
9100405,motor_external,random,1,0.13,late,zero,35,0.07095080641768793
9100405,motor_external,random,1,0.13,pre,action_blind,35,0.08090737229956244
9100405,motor_external,random,1,0.13,pre,adaptive_nonlinear,35,0.04296992949295516
9100405,motor_external,random,1,0.13,pre,knn_all,35,0.04600444228283038
9100405,motor_external,random,1,0.13,pre,knn_recent,35,0.04946874598473758
9100405,motor_external,random,1,0.13,pre,linear,35,0.041405329266610766
9100405,motor_external,random,1,0.13,pre,nonlinear,35,0.042336822573933064
9100405,motor_external,random,1,0.13,pre,zero,35,0.07898318380353844
9100405,none,random,1,0.13,counterfactual,action_blind,5,0.050545533377155324
9100405,none,random,1,0.13,counterfactual,adaptive_nonlinear,5,0.00907734069729128
9100405,none,random,1,0.13,counterfactual,knn_all,5,0.011046256390559468
9100405,none,random,1,0.13,counterfactual,knn_recent,5,0.011915924833952745
9100405,none,random,1,0.13,counterfactual,linear,5,0.006466621125540947
9100405,none,random,1,0.13,counterfactual,nonlinear,5,0.008488315123196807
9100405,none,random,1,0.13,counterfactual,zero,5,0.05181560626496906
9100405,none,random,1,0.13,early,action_blind,19,0.08591961305442526
9100405,none,random,1,0.13,early,adaptive_nonlinear,19,0.04147278453008442
9100405,none,random,1,0.13,early,knn_all,19,0.04712046492561301
9100405,none,random,1,0.13,early,knn_recent,19,0.04668373071110668
9100405,none,random,1,0.13,early,linear,19,0.04207456882981196
9100405,none,random,1,0.13,early,nonlinear,19,0.04161376553322043
9100405,none,random,1,0.13,early,zero,19,0.0804461666542155
9100405,none,random,1,0.13,late,action_blind,35,0.0788985469256691
9100405,none,random,1,0.13,late,adaptive_nonlinear,35,0.04428662716335285
9100405,none,random,1,0.13,late,knn_all,35,0.04422862453824115
9100405,none,random,1,0.13,late,knn_recent,35,0.04418211732753982
9100405,none,random,1,0.13,late,linear,35,0.039792304183292826
9100405,none,random,1,0.13,late,nonlinear,35,0.04352399838711453
9100405,none,random,1,0.13,late,zero,35,0.08040142186529474
9100405,none,random,1,0.13,pre,action_blind,35,0.08090737229956244
9100405,none,random,1,0.13,pre,adaptive_nonlinear,35,0.04296992949295516
9100405,none,random,1,0.13,pre,knn_all,35,0.04600444228283038
9100405,none,random,1,0.13,pre,knn_recent,35,0.04946874598473758
9100405,none,random,1,0.13,pre,linear,35,0.041405329266610766
9100405,none,random,1,0.13,pre,nonlinear,35,0.042336822573933064
9100405,none,random,1,0.13,pre,zero,35,0.07898318380353844
9100405,sensor,random,1,0.13,counterfactual,action_blind,5,0.05031095868865373
9100405,sensor,random,1,0.13,counterfactual,adaptive_nonlinear,5,0.007518157368284334
9100405,sensor,random,1,0.13,counterfactual,knn_all,5,0.011312070564038938
9100405,sensor,random,1,0.13,counterfactual,knn_recent,5,0.01191592483395274
9100405,sensor,random,1,0.13,counterfactual,linear,5,0.006412139143477219
9100405,sensor,random,1,0.13,counterfactual,nonlinear,5,0.007666445730775041
9100405,sensor,random,1,0.13,counterfactual,zero,5,0.05181560626496906
9100405,sensor,random,1,0.13,early,action_blind,19,0.08766261922751716
9100405,sensor,random,1,0.13,early,adaptive_nonlinear,19,0.0448085614907361
9100405,sensor,random,1,0.13,early,knn_all,19,0.05005400374336277
9100405,sensor,random,1,0.13,early,knn_recent,19,0.0497544418394894
9100405,sensor,random,1,0.13,early,linear,19,0.042152437320059
9100405,sensor,random,1,0.13,early,nonlinear,19,0.044284127315150204
9100405,sensor,random,1,0.13,early,zero,19,0.0804461666542155
9100405,sensor,random,1,0.13,late,action_blind,35,0.07816470270141901
9100405,sensor,random,1,0.13,late,adaptive_nonlinear,35,0.04350901974666904
9100405,sensor,random,1,0.13,late,knn_all,35,0.04410172742260184
9100405,sensor,random,1,0.13,late,knn_recent,35,0.04418211732753982
9100405,sensor,random,1,0.13,late,linear,35,0.03977412747487052
9100405,sensor,random,1,0.13,late,nonlinear,35,0.04292127396298085
9100405,sensor,random,1,0.13,late,zero,35,0.08040142186529474
9100405,sensor,random,1,0.13,pre,action_blind,35,0.08090737229956244
9100405,sensor,random,1,0.13,pre,adaptive_nonlinear,35,0.04296992949295516
9100405,sensor,random,1,0.13,pre,knn_all,35,0.04600444228283038
9100405,sensor,random,1,0.13,pre,knn_recent,35,0.04946874598473758
9100405,sensor,random,1,0.13,pre,linear,35,0.041405329266610766
9100405,sensor,random,1,0.13,pre,nonlinear,35,0.042336822573933064
9100405,sensor,random,1,0.13,pre,zero,35,0.07898318380353844
9100405,unknown_nonlinear,random,1,0.13,counterfactual,action_blind,5,0.05178463891159213
9100405,unknown_nonlinear,random,1,0.13,counterfactual,adaptive_nonlinear,5,0.017107369680307728
9100405,unknown_nonlinear,random,1,0.13,counterfactual,knn_all,5,0.008786593316428979
9100405,unknown_nonlinear,random,1,0.13,counterfactual,knn_recent,5,0.009254138179785484
9100405,unknown_nonlinear,random,1,0.13,counterfactual,linear,5,0.01988083938939647
9100405,unknown_nonlinear,random,1,0.13,counterfactual,nonlinear,5,0.017331859974942652
9100405,unknown_nonlinear,random,1,0.13,counterfactual,zero,5,0.05162618508544507
9100405,unknown_nonlinear,random,1,0.13,early,action_blind,19,0.11825195416557675
9100405,unknown_nonlinear,random,1,0.13,early,adaptive_nonlinear,19,0.04345761971695866
9100405,unknown_nonlinear,random,1,0.13,early,knn_all,19,0.051470551476331595
9100405,unknown_nonlinear,random,1,0.13,early,knn_recent,19,0.049941531678258856
9100405,unknown_nonlinear,random,1,0.13,early,linear,19,0.04642687304011571
9100405,unknown_nonlinear,random,1,0.13,early,nonlinear,19,0.04293930637227946
9100405,unknown_nonlinear,random,1,0.13,early,zero,19,0.1035778717434321
9100405,unknown_nonlinear,random,1,0.13,late,action_blind,35,0.08161929808296893
9100405,unknown_nonlinear,random,1,0.13,late,adaptive_nonlinear,35,0.04981209852316555
9100405,unknown_nonlinear,random,1,0.13,late,knn_all,35,0.04660600778039229
9100405,unknown_nonlinear,random,1,0.13,late,knn_recent,35,0.04672015594824466
9100405,unknown_nonlinear,random,1,0.13,late,linear,35,0.04711059957537257
9100405,unknown_nonlinear,random,1,0.13,late,nonlinear,35,0.04781978641967195
9100405,unknown_nonlinear,random,1,0.13,late,zero,35,0.0786303800781368
9100405,unknown_nonlinear,random,1,0.13,pre,action_blind,35,0.08090737229956244
9100405,unknown_nonlinear,random,1,0.13,pre,adaptive_nonlinear,35,0.04296992949295516
9100405,unknown_nonlinear,random,1,0.13,pre,knn_all,35,0.04600444228283038
9100405,unknown_nonlinear,random,1,0.13,pre,knn_recent,35,0.04946874598473758
9100405,unknown_nonlinear,random,1,0.13,pre,linear,35,0.041405329266610766
9100405,unknown_nonlinear,random,1,0.13,pre,nonlinear,35,0.042336822573933064
9100405,unknown_nonlinear,random,1,0.13,pre,zero,35,0.07898318380353844
9100506,external,random,1,0.13,counterfactual,action_blind,5,0.028416390331054652
9100506,external,random,1,0.13,counterfactual,adaptive_nonlinear,5,0.019991445928360725
9100506,external,random,1,0.13,counterfactual,knn_all,5,0.016622779226895187
9100506,external,random,1,0.13,counterfactual,knn_recent,5,0.016646368228088584
9100506,external,random,1,0.13,counterfactual,linear,5,0.04383733724452296
9100506,external,random,1,0.13,counterfactual,nonlinear,5,0.018529597930534412
9100506,external,random,1,0.13,counterfactual,zero,5,0.027891762244991868
9100506,external,random,1,0.13,early,action_blind,19,0.12990852256491459
9100506,external,random,1,0.13,early,adaptive_nonlinear,19,0.06625681147134933
9100506,external,random,1,0.13,early,knn_all,19,0.07284753891005605
9100506,external,random,1,0.13,early,knn_recent,19,0.07210658700211708
9100506,external,random,1,0.13,early,linear,19,0.10674950683522699
9100506,external,random,1,0.13,early,nonlinear,19,0.06697878915293112
9100506,external,random,1,0.13,early,zero,19,0.15756037683951588
9100506,external,random,1,0.13,late,action_blind,35,0.06358330191781669
9100506,external,random,1,0.13,late,adaptive_nonlinear,35,0.04832497886639632
9100506,external,random,1,0.13,late,knn_all,35,0.0426074342590648
9100506,external,random,1,0.13,late,knn_recent,35,0.04512702347910115
9100506,external,random,1,0.13,late,linear,35,0.08034646604919882
9100506,external,random,1,0.13,late,nonlinear,35,0.05090583702968984
9100506,external,random,1,0.13,late,zero,35,0.07150345347396236
9100506,external,random,1,0.13,pre,action_blind,35,0.08906139690470882
9100506,external,random,1,0.13,pre,adaptive_nonlinear,35,0.038288893606806956
9100506,external,random,1,0.13,pre,knn_all,35,0.03965081251612207
9100506,external,random,1,0.13,pre,knn_recent,35,0.04096312434240403
9100506,external,random,1,0.13,pre,linear,35,0.03828013369266553
9100506,external,random,1,0.13,pre,nonlinear,35,0.038192196041859285
9100506,external,random,1,0.13,pre,zero,35,0.08714247119462029
9100506,motor,random,1,0.13,counterfactual,action_blind,5,0.04569645319742027
9100506,motor,random,1,0.13,counterfactual,adaptive_nonlinear,5,0.017116896297198154
9100506,motor,random,1,0.13,counterfactual,knn_all,5,0.020152786036573587
9100506,motor,random,1,0.13,counterfactual,knn_recent,5,0.02006015434836651
9100506,motor,random,1,0.13,counterfactual,linear,5,0.04502870109679304
9100506,motor,random,1,0.13,counterfactual,nonlinear,5,0.018689543734055743
9100506,motor,random,1,0.13,counterfactual,zero,5,0.048434074847916994
9100506,motor,random,1,0.13,early,action_blind,19,0.06653907263340797
9100506,motor,random,1,0.13,early,adaptive_nonlinear,19,0.05186653683357628
9100506,motor,random,1,0.13,early,knn_all,19,0.05437952860420785
9100506,motor,random,1,0.13,early,knn_recent,19,0.049964175327076636
9100506,motor,random,1,0.13,early,linear,19,0.07356978767486205
9100506,motor,random,1,0.13,early,nonlinear,19,0.05302038984629618
9100506,motor,random,1,0.13,early,zero,19,0.06250088074274467
9100506,motor,random,1,0.13,late,action_blind,35,0.08473089303579397
9100506,motor,random,1,0.13,late,adaptive_nonlinear,35,0.04019127154159632
9100506,motor,random,1,0.13,late,knn_all,35,0.04544189367641224
9100506,motor,random,1,0.13,late,knn_recent,35,0.04516713994200374
9100506,motor,random,1,0.13,late,linear,35,0.06243476087273773
9100506,motor,random,1,0.13,late,nonlinear,35,0.04067061267911142
9100506,motor,random,1,0.13,late,zero,35,0.08037294881407939
9100506,motor,random,1,0.13,pre,action_blind,35,0.08906139690470882
9100506,motor,random,1,0.13,pre,adaptive_nonlinear,35,0.038288893606806956
9100506,motor,random,1,0.13,pre,knn_all,35,0.03965081251612207
9100506,motor,random,1,0.13,pre,knn_recent,35,0.04096312434240403
9100506,motor,random,1,0.13,pre,linear,35,0.03828013369266553
9100506,motor,random,1,0.13,pre,nonlinear,35,0.038192196041859285
9100506,motor,random,1,0.13,pre,zero,35,0.08714247119462029
9100506,motor_external,random,1,0.13,counterfactual,action_blind,5,0.08934739420173096
9100506,motor_external,random,1,0.13,counterfactual,adaptive_nonlinear,5,0.029496633390747373
9100506,motor_external,random,1,0.13,counterfactual,knn_all,5,0.030300651526332795
9100506,motor_external,random,1,0.13,counterfactual,knn_recent,5,0.030548866146531194
9100506,motor_external,random,1,0.13,counterfactual,linear,5,0.05956004583220772
9100506,motor_external,random,1,0.13,counterfactual,nonlinear,5,0.026608002251626996
9100506,motor_external,random,1,0.13,counterfactual,zero,5,0.07243913903245477
9100506,motor_external,random,1,0.13,early,action_blind,19,0.08740113187378859
9100506,motor_external,random,1,0.13,early,adaptive_nonlinear,19,0.06857843446621195
9100506,motor_external,random,1,0.13,early,knn_all,19,0.06887057771486331
9100506,motor_external,random,1,0.13,early,knn_recent,19,0.06705630729102142
9100506,motor_external,random,1,0.13,early,linear,19,0.09647751893507821
9100506,motor_external,random,1,0.13,early,nonlinear,19,0.069980289119106
9100506,motor_external,random,1,0.13,early,zero,19,0.10666074330553248
9100506,motor_external,random,1,0.13,late,action_blind,35,0.08618810800661181
9100506,motor_external,random,1,0.13,late,adaptive_nonlinear,35,0.06342117510059016
9100506,motor_external,random,1,0.13,late,knn_all,35,0.05959461844878286
9100506,motor_external,random,1,0.13,late,knn_recent,35,0.05934679922858881
9100506,motor_external,random,1,0.13,late,linear,35,0.07231706977816882
9100506,motor_external,random,1,0.13,late,nonlinear,35,0.0619630081051068
9100506,motor_external,random,1,0.13,late,zero,35,0.08390402160004812
9100506,motor_external,random,1,0.13,pre,action_blind,35,0.08906139690470882
9100506,motor_external,random,1,0.13,pre,adaptive_nonlinear,35,0.038288893606806956
9100506,motor_external,random,1,0.13,pre,knn_all,35,0.03965081251612207
9100506,motor_external,random,1,0.13,pre,knn_recent,35,0.04096312434240403
9100506,motor_external,random,1,0.13,pre,linear,35,0.03828013369266553
9100506,motor_external,random,1,0.13,pre,nonlinear,35,0.038192196041859285
9100506,motor_external,random,1,0.13,pre,zero,35,0.08714247119462029
9100506,none,random,1,0.13,counterfactual,action_blind,5,0.0710680608652822
9100506,none,random,1,0.13,counterfactual,adaptive_nonlinear,5,0.02550461047231977
9100506,none,random,1,0.13,counterfactual,knn_all,5,0.02873487297482668
9100506,none,random,1,0.13,counterfactual,knn_recent,5,0.028911495884245915
9100506,none,random,1,0.13,counterfactual,linear,5,0.03573436974683549
9100506,none,random,1,0.13,counterfactual,nonlinear,5,0.026393506502105146
9100506,none,random,1,0.13,counterfactual,zero,5,0.07115213427759895
9100506,none,random,1,0.13,early,action_blind,19,0.11684637680136624
9100506,none,random,1,0.13,early,adaptive_nonlinear,19,0.04773655445320296
9100506,none,random,1,0.13,early,knn_all,19,0.051137149498450565
9100506,none,random,1,0.13,early,knn_recent,19,0.05026485706899524
9100506,none,random,1,0.13,early,linear,19,0.05202615832760145
9100506,none,random,1,0.13,early,nonlinear,19,0.04793909371550223
9100506,none,random,1,0.13,early,zero,19,0.11145176200480003
9100506,none,random,1,0.13,late,action_blind,35,0.11603927053167022
9100506,none,random,1,0.13,late,adaptive_nonlinear,35,0.04181373423470763
9100506,none,random,1,0.13,late,knn_all,35,0.04584501706045188
9100506,none,random,1,0.13,late,knn_recent,35,0.04527424392266225
9100506,none,random,1,0.13,late,linear,35,0.050109838121284826
9100506,none,random,1,0.13,late,nonlinear,35,0.04108394916167403
9100506,none,random,1,0.13,late,zero,35,0.10682238406493981
9100506,none,random,1,0.13,pre,action_blind,35,0.08906139690470882
9100506,none,random,1,0.13,pre,adaptive_nonlinear,35,0.038288893606806956
9100506,none,random,1,0.13,pre,knn_all,35,0.03965081251612207
9100506,none,random,1,0.13,pre,knn_recent,35,0.04096312434240403
9100506,none,random,1,0.13,pre,linear,35,0.03828013369266553
9100506,none,random,1,0.13,pre,nonlinear,35,0.038192196041859285
9100506,none,random,1,0.13,pre,zero,35,0.08714247119462029
9100506,sensor,random,1,0.13,counterfactual,action_blind,5,0.07141508073593769
9100506,sensor,random,1,0.13,counterfactual,adaptive_nonlinear,5,0.027852121461727587
9100506,sensor,random,1,0.13,counterfactual,knn_all,5,0.02869825917349872
9100506,sensor,random,1,0.13,counterfactual,knn_recent,5,0.028911495884245915
9100506,sensor,random,1,0.13,counterfactual,linear,5,0.0356081132317618
9100506,sensor,random,1,0.13,counterfactual,nonlinear,5,0.02886838554658196
9100506,sensor,random,1,0.13,counterfactual,zero,5,0.07115213427759895
9100506,sensor,random,1,0.13,early,action_blind,19,0.1169614435624857
9100506,sensor,random,1,0.13,early,adaptive_nonlinear,19,0.046080474790794156
9100506,sensor,random,1,0.13,early,knn_all,19,0.04875181250073447
9100506,sensor,random,1,0.13,early,knn_recent,19,0.04798217025489857
9100506,sensor,random,1,0.13,early,linear,19,0.05171947784654072
9100506,sensor,random,1,0.13,early,nonlinear,19,0.04639217222085969
9100506,sensor,random,1,0.13,early,zero,19,0.11145176200480006
9100506,sensor,random,1,0.13,late,action_blind,35,0.11554228455888087
9100506,sensor,random,1,0.13,late,adaptive_nonlinear,35,0.04277215162068005
9100506,sensor,random,1,0.13,late,knn_all,35,0.04591770363050873
9100506,sensor,random,1,0.13,late,knn_recent,35,0.04527424392266225
9100506,sensor,random,1,0.13,late,linear,35,0.05009146801339602
9100506,sensor,random,1,0.13,late,nonlinear,35,0.04185536091693044
9100506,sensor,random,1,0.13,late,zero,35,0.10682238406493981
9100506,sensor,random,1,0.13,pre,action_blind,35,0.08906139690470882
9100506,sensor,random,1,0.13,pre,adaptive_nonlinear,35,0.038288893606806956
9100506,sensor,random,1,0.13,pre,knn_all,35,0.03965081251612207
9100506,sensor,random,1,0.13,pre,knn_recent,35,0.04096312434240403
9100506,sensor,random,1,0.13,pre,linear,35,0.03828013369266553
9100506,sensor,random,1,0.13,pre,nonlinear,35,0.038192196041859285
9100506,sensor,random,1,0.13,pre,zero,35,0.08714247119462029
9100506,unknown_nonlinear,random,1,0.13,counterfactual,action_blind,5,0.04393567043321188
9100506,unknown_nonlinear,random,1,0.13,counterfactual,adaptive_nonlinear,5,0.035609122612761376
9100506,unknown_nonlinear,random,1,0.13,counterfactual,knn_all,5,0.05303122651318465
9100506,unknown_nonlinear,random,1,0.13,counterfactual,knn_recent,5,0.05439080466726748
9100506,unknown_nonlinear,random,1,0.13,counterfactual,linear,5,0.04656711231563151
9100506,unknown_nonlinear,random,1,0.13,counterfactual,nonlinear,5,0.032437209277079423
9100506,unknown_nonlinear,random,1,0.13,counterfactual,zero,5,0.041820833811986376
9100506,unknown_nonlinear,random,1,0.13,early,action_blind,19,0.1727401681356566
9100506,unknown_nonlinear,random,1,0.13,early,adaptive_nonlinear,19,0.05982528771462573
9100506,unknown_nonlinear,random,1,0.13,early,knn_all,19,0.05600710825881033
9100506,unknown_nonlinear,random,1,0.13,early,knn_recent,19,0.054842306915407694
9100506,unknown_nonlinear,random,1,0.13,early,linear,19,0.06620556085186531
9100506,unknown_nonlinear,random,1,0.13,early,nonlinear,19,0.06001001153557665
9100506,unknown_nonlinear,random,1,0.13,early,zero,19,0.16071518846400246
9100506,unknown_nonlinear,random,1,0.13,late,action_blind,35,0.07110785010327543
9100506,unknown_nonlinear,random,1,0.13,late,adaptive_nonlinear,35,0.04430782670728255
9100506,unknown_nonlinear,random,1,0.13,late,knn_all,35,0.04373218581729714
9100506,unknown_nonlinear,random,1,0.13,late,knn_recent,35,0.043909437599470955
9100506,unknown_nonlinear,random,1,0.13,late,linear,35,0.06998377710985114
9100506,unknown_nonlinear,random,1,0.13,late,nonlinear,35,0.042161053945235796
9100506,unknown_nonlinear,random,1,0.13,late,zero,35,0.0746123777931981
9100506,unknown_nonlinear,random,1,0.13,pre,action_blind,35,0.08906139690470882
9100506,unknown_nonlinear,random,1,0.13,pre,adaptive_nonlinear,35,0.038288893606806956
9100506,unknown_nonlinear,random,1,0.13,pre,knn_all,35,0.03965081251612207
9100506,unknown_nonlinear,random,1,0.13,pre,knn_recent,35,0.04096312434240403
9100506,unknown_nonlinear,random,1,0.13,pre,linear,35,0.03828013369266553
9100506,unknown_nonlinear,random,1,0.13,pre,nonlinear,35,0.038192196041859285
9100506,unknown_nonlinear,random,1,0.13,pre,zero,35,0.08714247119462029
9100607,external,random,1,0.13,counterfactual,action_blind,5,0.030188236114960205
9100607,external,random,1,0.13,counterfactual,adaptive_nonlinear,5,0.04836515759434124
9100607,external,random,1,0.13,counterfactual,knn_all,5,0.06566573786514099
9100607,external,random,1,0.13,counterfactual,knn_recent,5,0.0656727275910747
9100607,external,random,1,0.13,counterfactual,linear,5,0.06996791604620639
9100607,external,random,1,0.13,counterfactual,nonlinear,5,0.05441952301747949
9100607,external,random,1,0.13,counterfactual,zero,5,0.0467344818107434
9100607,external,random,1,0.13,early,action_blind,19,0.10312171829596713
9100607,external,random,1,0.13,early,adaptive_nonlinear,19,0.1401200829277946
9100607,external,random,1,0.13,early,knn_all,19,0.11107815062031424
9100607,external,random,1,0.13,early,knn_recent,19,0.11548436427402665
9100607,external,random,1,0.13,early,linear,19,0.10119465506184532
9100607,external,random,1,0.13,early,nonlinear,19,0.11924426816526
9100607,external,random,1,0.13,early,zero,19,0.1096379534388654
9100607,external,random,1,0.13,late,action_blind,35,0.03555233530420518
9100607,external,random,1,0.13,late,adaptive_nonlinear,35,0.033190752246320544
9100607,external,random,1,0.13,late,knn_all,35,0.03682448088480823
9100607,external,random,1,0.13,late,knn_recent,35,0.03670621546268749
9100607,external,random,1,0.13,late,linear,35,0.0456207303427161
9100607,external,random,1,0.13,late,nonlinear,35,0.03422910667416751
9100607,external,random,1,0.13,late,zero,35,0.04015104166582487
9100607,external,random,1,0.13,pre,action_blind,35,0.07730323343292422
9100607,external,random,1,0.13,pre,adaptive_nonlinear,35,0.038170457094523706
9100607,external,random,1,0.13,pre,knn_all,35,0.0411867241761626
9100607,external,random,1,0.13,pre,knn_recent,35,0.04145314120043964
9100607,external,random,1,0.13,pre,linear,35,0.03697991751503265
9100607,external,random,1,0.13,pre,nonlinear,35,0.0379353798095962
9100607,external,random,1,0.13,pre,zero,35,0.07806798596064853
9100607,motor,random,1,0.13,counterfactual,action_blind,5,0.047839325087060056
9100607,motor,random,1,0.13,counterfactual,adaptive_nonlinear,5,0.023373294216724322
9100607,motor,random,1,0.13,counterfactual,knn_all,5,0.04055865490138433
9100607,motor,random,1,0.13,counterfactual,knn_recent,5,0.03944074981524144
9100607,motor,random,1,0.13,counterfactual,linear,5,0.04904337401837468
9100607,motor,random,1,0.13,counterfactual,nonlinear,5,0.028383696957083322
9100607,motor,random,1,0.13,counterfactual,zero,5,0.05807887858872611
9100607,motor,random,1,0.13,early,action_blind,19,0.0746282572082841
9100607,motor,random,1,0.13,early,adaptive_nonlinear,19,0.07248768655841194
9100607,motor,random,1,0.13,early,knn_all,19,0.08578179506066641
9100607,motor,random,1,0.13,early,knn_recent,19,0.08893682268143181
9100607,motor,random,1,0.13,early,linear,19,0.09584867560924025
9100607,motor,random,1,0.13,early,nonlinear,19,0.07864557052747838
9100607,motor,random,1,0.13,early,zero,19,0.08516761060615957
9100607,motor,random,1,0.13,late,action_blind,35,0.06282696858968995
9100607,motor,random,1,0.13,late,adaptive_nonlinear,35,0.03611696553722874
9100607,motor,random,1,0.13,late,knn_all,35,0.04632623389725937
9100607,motor,random,1,0.13,late,knn_recent,35,0.039241794221282315
9100607,motor,random,1,0.13,late,linear,35,0.04845251957882333
9100607,motor,random,1,0.13,late,nonlinear,35,0.0371800769997701
9100607,motor,random,1,0.13,late,zero,35,0.06392729546748677
9100607,motor,random,1,0.13,pre,action_blind,35,0.07730323343292422
9100607,motor,random,1,0.13,pre,adaptive_nonlinear,35,0.038170457094523706
9100607,motor,random,1,0.13,pre,knn_all,35,0.0411867241761626
9100607,motor,random,1,0.13,pre,knn_recent,35,0.04145314120043964
9100607,motor,random,1,0.13,pre,linear,35,0.03697991751503265
9100607,motor,random,1,0.13,pre,nonlinear,35,0.0379353798095962
9100607,motor,random,1,0.13,pre,zero,35,0.07806798596064853
9100607,motor_external,random,1,0.13,counterfactual,action_blind,5,0.029915704113795672
9100607,motor_external,random,1,0.13,counterfactual,adaptive_nonlinear,5,0.028496389661753486
9100607,motor_external,random,1,0.13,counterfactual,knn_all,5,0.05066970166192969
9100607,motor_external,random,1,0.13,counterfactual,knn_recent,5,0.05071410089888826
9100607,motor_external,random,1,0.13,counterfactual,linear,5,0.04885691802077027
9100607,motor_external,random,1,0.13,counterfactual,nonlinear,5,0.03114319925184999
9100607,motor_external,random,1,0.13,counterfactual,zero,5,0.03927605883692927
9100607,motor_external,random,1,0.13,early,action_blind,19,0.12186579249065543
9100607,motor_external,random,1,0.13,early,adaptive_nonlinear,19,0.1425484988786219
9100607,motor_external,random,1,0.13,early,knn_all,19,0.13311971851179819
9100607,motor_external,random,1,0.13,early,knn_recent,19,0.1369527825968685
9100607,motor_external,random,1,0.13,early,linear,19,0.14025852193994914
9100607,motor_external,random,1,0.13,early,nonlinear,19,0.12645011179082896
9100607,motor_external,random,1,0.13,early,zero,19,0.13199491626943036
9100607,motor_external,random,1,0.13,late,action_blind,35,0.05050576321568012
9100607,motor_external,random,1,0.13,late,adaptive_nonlinear,35,0.039881357949150056
9100607,motor_external,random,1,0.13,late,knn_all,35,0.03978068624287214
9100607,motor_external,random,1,0.13,late,knn_recent,35,0.03952114297008173
9100607,motor_external,random,1,0.13,late,linear,35,0.042968006400029464
9100607,motor_external,random,1,0.13,late,nonlinear,35,0.03578399293494183
9100607,motor_external,random,1,0.13,late,zero,35,0.04687657290779558
9100607,motor_external,random,1,0.13,pre,action_blind,35,0.07730323343292422
9100607,motor_external,random,1,0.13,pre,adaptive_nonlinear,35,0.038170457094523706
9100607,motor_external,random,1,0.13,pre,knn_all,35,0.0411867241761626
9100607,motor_external,random,1,0.13,pre,knn_recent,35,0.04145314120043964
9100607,motor_external,random,1,0.13,pre,linear,35,0.03697991751503265
9100607,motor_external,random,1,0.13,pre,nonlinear,35,0.0379353798095962
9100607,motor_external,random,1,0.13,pre,zero,35,0.07806798596064853
9100607,none,random,1,0.13,counterfactual,action_blind,5,0.04932916802889755
9100607,none,random,1,0.13,counterfactual,adaptive_nonlinear,5,0.024340535248107822
9100607,none,random,1,0.13,counterfactual,knn_all,5,0.040782216946033636
9100607,none,random,1,0.13,counterfactual,knn_recent,5,0.041040777776157195
9100607,none,random,1,0.13,counterfactual,linear,5,0.03013707878887627
9100607,none,random,1,0.13,counterfactual,nonlinear,5,0.02356317138541135
9100607,none,random,1,0.13,counterfactual,zero,5,0.0604977949196535
9100607,none,random,1,0.13,early,action_blind,19,0.08198641744844194
9100607,none,random,1,0.13,early,adaptive_nonlinear,19,0.0671488916706344
9100607,none,random,1,0.13,early,knn_all,19,0.07276410860543263
9100607,none,random,1,0.13,early,knn_recent,19,0.07523831192002332
9100607,none,random,1,0.13,early,linear,19,0.0604486282849926
9100607,none,random,1,0.13,early,nonlinear,19,0.06427112602692868
9100607,none,random,1,0.13,early,zero,19,0.08753553915176852
9100607,none,random,1,0.13,late,action_blind,35,0.06277843818699247
9100607,none,random,1,0.13,late,adaptive_nonlinear,35,0.032993541953077396
9100607,none,random,1,0.13,late,knn_all,35,0.03671611650832692
9100607,none,random,1,0.13,late,knn_recent,35,0.037260350262151375
9100607,none,random,1,0.13,late,linear,35,0.0368906374578811
9100607,none,random,1,0.13,late,nonlinear,35,0.03307456732510555
9100607,none,random,1,0.13,late,zero,35,0.06646194377356514
9100607,none,random,1,0.13,pre,action_blind,35,0.07730323343292422
9100607,none,random,1,0.13,pre,adaptive_nonlinear,35,0.038170457094523706
9100607,none,random,1,0.13,pre,knn_all,35,0.0411867241761626
9100607,none,random,1,0.13,pre,knn_recent,35,0.04145314120043964
9100607,none,random,1,0.13,pre,linear,35,0.03697991751503265
9100607,none,random,1,0.13,pre,nonlinear,35,0.0379353798095962
9100607,none,random,1,0.13,pre,zero,35,0.07806798596064853
9100607,sensor,random,1,0.13,counterfactual,action_blind,5,0.050804364027410565
9100607,sensor,random,1,0.13,counterfactual,adaptive_nonlinear,5,0.026881116744024526
9100607,sensor,random,1,0.13,counterfactual,knn_all,5,0.040782216946033636
9100607,sensor,random,1,0.13,counterfactual,knn_recent,5,0.041040777776157195
9100607,sensor,random,1,0.13,counterfactual,linear,5,0.029659318249079185
9100607,sensor,random,1,0.13,counterfactual,nonlinear,5,0.024097453489072412
9100607,sensor,random,1,0.13,counterfactual,zero,5,0.0604977949196535
9100607,sensor,random,1,0.13,early,action_blind,19,0.08242552466430245
9100607,sensor,random,1,0.13,early,adaptive_nonlinear,19,0.06809803469350084
9100607,sensor,random,1,0.13,early,knn_all,19,0.07438882267133269
9100607,sensor,random,1,0.13,early,knn_recent,19,0.07693809956596759
9100607,sensor,random,1,0.13,early,linear,19,0.06042996607467306
9100607,sensor,random,1,0.13,early,nonlinear,19,0.06469531327463252
9100607,sensor,random,1,0.13,early,zero,19,0.08753553915176852
9100607,sensor,random,1,0.13,late,action_blind,35,0.06376324719822277
9100607,sensor,random,1,0.13,late,adaptive_nonlinear,35,0.033444954920029524
9100607,sensor,random,1,0.13,late,knn_all,35,0.036723437116411524
9100607,sensor,random,1,0.13,late,knn_recent,35,0.037260350262151375
9100607,sensor,random,1,0.13,late,linear,35,0.036830350232532526
9100607,sensor,random,1,0.13,late,nonlinear,35,0.033394217646951836
9100607,sensor,random,1,0.13,late,zero,35,0.06646194377356514
9100607,sensor,random,1,0.13,pre,action_blind,35,0.07730323343292422
9100607,sensor,random,1,0.13,pre,adaptive_nonlinear,35,0.038170457094523706
9100607,sensor,random,1,0.13,pre,knn_all,35,0.0411867241761626
9100607,sensor,random,1,0.13,pre,knn_recent,35,0.04145314120043964
9100607,sensor,random,1,0.13,pre,linear,35,0.03697991751503265
9100607,sensor,random,1,0.13,pre,nonlinear,35,0.0379353798095962
9100607,sensor,random,1,0.13,pre,zero,35,0.07806798596064853
9100607,unknown_nonlinear,random,1,0.13,counterfactual,action_blind,5,0.05328205830869165
9100607,unknown_nonlinear,random,1,0.13,counterfactual,adaptive_nonlinear,5,0.037015159972279006
9100607,unknown_nonlinear,random,1,0.13,counterfactual,knn_all,5,0.04323098624759265
9100607,unknown_nonlinear,random,1,0.13,counterfactual,knn_recent,5,0.044706857752934516
9100607,unknown_nonlinear,random,1,0.13,counterfactual,linear,5,0.03805929258814666
9100607,unknown_nonlinear,random,1,0.13,counterfactual,nonlinear,5,0.033538361016674206
9100607,unknown_nonlinear,random,1,0.13,counterfactual,zero,5,0.06715423018470064
9100607,unknown_nonlinear,random,1,0.13,early,action_blind,19,0.08241382541263413
9100607,unknown_nonlinear,random,1,0.13,early,adaptive_nonlinear,19,0.07430995385521588
9100607,unknown_nonlinear,random,1,0.13,early,knn_all,19,0.07781960859771457
9100607,unknown_nonlinear,random,1,0.13,early,knn_recent,19,0.080805167510758
9100607,unknown_nonlinear,random,1,0.13,early,linear,19,0.06381610560841755
9100607,unknown_nonlinear,random,1,0.13,early,nonlinear,19,0.07080097686978529
9100607,unknown_nonlinear,random,1,0.13,early,zero,19,0.08738391952011029
9100607,unknown_nonlinear,random,1,0.13,late,action_blind,35,0.05150128660979056
9100607,unknown_nonlinear,random,1,0.13,late,adaptive_nonlinear,35,0.029069460736633777
9100607,unknown_nonlinear,random,1,0.13,late,knn_all,35,0.03460248746854473
9100607,unknown_nonlinear,random,1,0.13,late,knn_recent,35,0.03673247939136739
9100607,unknown_nonlinear,random,1,0.13,late,linear,35,0.03286037882684213
9100607,unknown_nonlinear,random,1,0.13,late,nonlinear,35,0.029716770327578575
9100607,unknown_nonlinear,random,1,0.13,late,zero,35,0.05736615965191449
9100607,unknown_nonlinear,random,1,0.13,pre,action_blind,35,0.07730323343292422
9100607,unknown_nonlinear,random,1,0.13,pre,adaptive_nonlinear,35,0.038170457094523706
9100607,unknown_nonlinear,random,1,0.13,pre,knn_all,35,0.0411867241761626
9100607,unknown_nonlinear,random,1,0.13,pre,knn_recent,35,0.04145314120043964
9100607,unknown_nonlinear,random,1,0.13,pre,linear,35,0.03697991751503265
9100607,unknown_nonlinear,random,1,0.13,pre,nonlinear,35,0.0379353798095962
9100607,unknown_nonlinear,random,1,0.13,pre,zero,35,0.07806798596064853
9100708,external,random,1,0.13,counterfactual,action_blind,5,0.09559426320582327
9100708,external,random,1,0.13,counterfactual,adaptive_nonlinear,5,0.0170688344927051
9100708,external,random,1,0.13,counterfactual,knn_all,5,0.040427078703111345
9100708,external,random,1,0.13,counterfactual,knn_recent,5,0.04517835307809047
9100708,external,random,1,0.13,counterfactual,linear,5,0.06350620000068913
9100708,external,random,1,0.13,counterfactual,nonlinear,5,0.02205640254142698
9100708,external,random,1,0.13,counterfactual,zero,5,0.10346137704562837
9100708,external,random,1,0.13,early,action_blind,19,0.1622485253141314
9100708,external,random,1,0.13,early,adaptive_nonlinear,19,0.04962470590152929
9100708,external,random,1,0.13,early,knn_all,19,0.04866965066303072
9100708,external,random,1,0.13,early,knn_recent,19,0.051314851912013223
9100708,external,random,1,0.13,early,linear,19,0.0527452026769038
9100708,external,random,1,0.13,early,nonlinear,19,0.04944708178140704
9100708,external,random,1,0.13,early,zero,19,0.13546373050860513
9100708,external,random,1,0.13,late,action_blind,35,0.07389894795698863
9100708,external,random,1,0.13,late,adaptive_nonlinear,35,0.04901580869115309
9100708,external,random,1,0.13,late,knn_all,35,0.054589716930986555
9100708,external,random,1,0.13,late,knn_recent,35,0.056029050527122225
9100708,external,random,1,0.13,late,linear,35,0.0738458860475705
9100708,external,random,1,0.13,late,nonlinear,35,0.049819064661573376
9100708,external,random,1,0.13,late,zero,35,0.07483270089230747
9100708,external,random,1,0.13,pre,action_blind,35,0.14221769853285104
9100708,external,random,1,0.13,pre,adaptive_nonlinear,35,0.043099667653405956
9100708,external,random,1,0.13,pre,knn_all,35,0.041279749890611596
9100708,external,random,1,0.13,pre,knn_recent,35,0.042217946689859766
9100708,external,random,1,0.13,pre,linear,35,0.040767459411703025
9100708,external,random,1,0.13,pre,nonlinear,35,0.043099667653405956
9100708,external,random,1,0.13,pre,zero,35,0.1390278651767124
9100708,motor,random,1,0.13,counterfactual,action_blind,5,0.06530750709848787
9100708,motor,random,1,0.13,counterfactual,adaptive_nonlinear,5,0.024221539831139744
9100708,motor,random,1,0.13,counterfactual,knn_all,5,0.08359371294851821
9100708,motor,random,1,0.13,counterfactual,knn_recent,5,0.014743320049901743
9100708,motor,random,1,0.13,counterfactual,linear,5,0.05615655930708524
9100708,motor,random,1,0.13,counterfactual,nonlinear,5,0.06996748446704908
9100708,motor,random,1,0.13,counterfactual,zero,5,0.06033339255496238
9100708,motor,random,1,0.13,early,action_blind,19,0.13065530119850943
9100708,motor,random,1,0.13,early,adaptive_nonlinear,19,0.10942823423961026
9100708,motor,random,1,0.13,early,knn_all,19,0.14879101067561584
9100708,motor,random,1,0.13,early,knn_recent,19,0.09856210324830793
9100708,motor,random,1,0.13,early,linear,19,0.15002456417277865
9100708,motor,random,1,0.13,early,nonlinear,19,0.12379687611532997
9100708,motor,random,1,0.13,early,zero,19,0.12306762789690529
9100708,motor,random,1,0.13,late,action_blind,35,0.08235872769368967
9100708,motor,random,1,0.13,late,adaptive_nonlinear,35,0.0475838522061112
9100708,motor,random,1,0.13,late,knn_all,35,0.09277962323658097
9100708,motor,random,1,0.13,late,knn_recent,35,0.040733859305835875
9100708,motor,random,1,0.13,late,linear,35,0.0738753688950601
9100708,motor,random,1,0.13,late,nonlinear,35,0.08327085136009028
9100708,motor,random,1,0.13,late,zero,35,0.08324256977314208
9100708,motor,random,1,0.13,pre,action_blind,35,0.14221769853285104
9100708,motor,random,1,0.13,pre,adaptive_nonlinear,35,0.043099667653405956
9100708,motor,random,1,0.13,pre,knn_all,35,0.041279749890611596
9100708,motor,random,1,0.13,pre,knn_recent,35,0.042217946689859766
9100708,motor,random,1,0.13,pre,linear,35,0.040767459411703025
9100708,motor,random,1,0.13,pre,nonlinear,35,0.043099667653405956
9100708,motor,random,1,0.13,pre,zero,35,0.1390278651767124
9100708,motor_external,random,1,0.13,counterfactual,action_blind,5,0.05251115606584641
9100708,motor_external,random,1,0.13,counterfactual,adaptive_nonlinear,5,0.022021461619398535
9100708,motor_external,random,1,0.13,counterfactual,knn_all,5,0.02024407794320381
9100708,motor_external,random,1,0.13,counterfactual,knn_recent,5,0.020236657834882606
9100708,motor_external,random,1,0.13,counterfactual,linear,5,0.05485288973519999
9100708,motor_external,random,1,0.13,counterfactual,nonlinear,5,0.022935275845555568
9100708,motor_external,random,1,0.13,counterfactual,zero,5,0.03818253716277832
9100708,motor_external,random,1,0.13,early,action_blind,19,0.19932271615559255
9100708,motor_external,random,1,0.13,early,adaptive_nonlinear,19,0.11187560202900591
9100708,motor_external,random,1,0.13,early,knn_all,19,0.1219051523448073
9100708,motor_external,random,1,0.13,early,knn_recent,19,0.10746609161306339
9100708,motor_external,random,1,0.13,early,linear,19,0.18786578504713664
9100708,motor_external,random,1,0.13,early,nonlinear,19,0.1241691344770338
9100708,motor_external,random,1,0.13,early,zero,19,0.1824561251082999
9100708,motor_external,random,1,0.13,late,action_blind,35,0.06610930647569514
9100708,motor_external,random,1,0.13,late,adaptive_nonlinear,35,0.03675155663711984
9100708,motor_external,random,1,0.13,late,knn_all,35,0.038858548747325396
9100708,motor_external,random,1,0.13,late,knn_recent,35,0.03948811655351611
9100708,motor_external,random,1,0.13,late,linear,35,0.06793488184572904
9100708,motor_external,random,1,0.13,late,nonlinear,35,0.036079296765966294
9100708,motor_external,random,1,0.13,late,zero,35,0.06576957895576857
9100708,motor_external,random,1,0.13,pre,action_blind,35,0.14221769853285104
9100708,motor_external,random,1,0.13,pre,adaptive_nonlinear,35,0.043099667653405956
9100708,motor_external,random,1,0.13,pre,knn_all,35,0.041279749890611596
9100708,motor_external,random,1,0.13,pre,knn_recent,35,0.042217946689859766
9100708,motor_external,random,1,0.13,pre,linear,35,0.040767459411703025
9100708,motor_external,random,1,0.13,pre,nonlinear,35,0.043099667653405956
9100708,motor_external,random,1,0.13,pre,zero,35,0.1390278651767124
9100708,none,random,1,0.13,counterfactual,action_blind,5,0.04649513812349852
9100708,none,random,1,0.13,counterfactual,adaptive_nonlinear,5,0.021658838262391643
9100708,none,random,1,0.13,counterfactual,knn_all,5,0.01439866263513131
9100708,none,random,1,0.13,counterfactual,knn_recent,5,0.013101999466135189
9100708,none,random,1,0.13,counterfactual,linear,5,0.02111201989351047
9100708,none,random,1,0.13,counterfactual,nonlinear,5,0.021706920073691873
9100708,none,random,1,0.13,counterfactual,zero,5,0.046967608953272164
9100708,none,random,1,0.13,early,action_blind,19,0.09739438167504126
9100708,none,random,1,0.13,early,adaptive_nonlinear,19,0.04104215886433238
9100708,none,random,1,0.13,early,knn_all,19,0.042163015053375316
9100708,none,random,1,0.13,early,knn_recent,19,0.04312603279450443
9100708,none,random,1,0.13,early,linear,19,0.040363029841064525
9100708,none,random,1,0.13,early,nonlinear,19,0.04104215886433238
9100708,none,random,1,0.13,early,zero,19,0.08856572122970664
9100708,none,random,1,0.13,late,action_blind,35,0.06743171158739361
9100708,none,random,1,0.13,late,adaptive_nonlinear,35,0.037635477577400135
9100708,none,random,1,0.13,late,knn_all,35,0.0416665459922481
9100708,none,random,1,0.13,late,knn_recent,35,0.041862629323584
9100708,none,random,1,0.13,late,linear,35,0.04998249398171283
9100708,none,random,1,0.13,late,nonlinear,35,0.037590671146047284
9100708,none,random,1,0.13,late,zero,35,0.06580288231154026
9100708,none,random,1,0.13,pre,action_blind,35,0.14221769853285104
9100708,none,random,1,0.13,pre,adaptive_nonlinear,35,0.043099667653405956
9100708,none,random,1,0.13,pre,knn_all,35,0.041279749890611596
9100708,none,random,1,0.13,pre,knn_recent,35,0.042217946689859766
9100708,none,random,1,0.13,pre,linear,35,0.040767459411703025
9100708,none,random,1,0.13,pre,nonlinear,35,0.043099667653405956
9100708,none,random,1,0.13,pre,zero,35,0.1390278651767124
9100708,sensor,random,1,0.13,counterfactual,action_blind,5,0.043433905893338634
9100708,sensor,random,1,0.13,counterfactual,adaptive_nonlinear,5,0.019827129992637825
9100708,sensor,random,1,0.13,counterfactual,knn_all,5,0.013848103514545731
9100708,sensor,random,1,0.13,counterfactual,knn_recent,5,0.013101999466135189
9100708,sensor,random,1,0.13,counterfactual,linear,5,0.02136717547475199
9100708,sensor,random,1,0.13,counterfactual,nonlinear,5,0.0200117226291777
9100708,sensor,random,1,0.13,counterfactual,zero,5,0.046967608953272164
9100708,sensor,random,1,0.13,early,action_blind,19,0.09298774351988577
9100708,sensor,random,1,0.13,early,adaptive_nonlinear,19,0.04228317835085571
9100708,sensor,random,1,0.13,early,knn_all,19,0.04308563676584959
9100708,sensor,random,1,0.13,early,knn_recent,19,0.043139463770003175
9100708,sensor,random,1,0.13,early,linear,19,0.040869554508190575
9100708,sensor,random,1,0.13,early,nonlinear,19,0.04230670575208117
9100708,sensor,random,1,0.13,early,zero,19,0.08856572122970664
9100708,sensor,random,1,0.13,late,action_blind,35,0.06735938299160157
9100708,sensor,random,1,0.13,late,adaptive_nonlinear,35,0.03768194072913078
9100708,sensor,random,1,0.13,late,knn_all,35,0.04157022241842416
9100708,sensor,random,1,0.13,late,knn_recent,35,0.041862629323584
9100708,sensor,random,1,0.13,late,linear,35,0.050132331871369416
9100708,sensor,random,1,0.13,late,nonlinear,35,0.037648173675027034
9100708,sensor,random,1,0.13,late,zero,35,0.06580288231154026
9100708,sensor,random,1,0.13,pre,action_blind,35,0.14221769853285104
9100708,sensor,random,1,0.13,pre,adaptive_nonlinear,35,0.043099667653405956
9100708,sensor,random,1,0.13,pre,knn_all,35,0.041279749890611596
9100708,sensor,random,1,0.13,pre,knn_recent,35,0.042217946689859766
9100708,sensor,random,1,0.13,pre,linear,35,0.040767459411703025
9100708,sensor,random,1,0.13,pre,nonlinear,35,0.043099667653405956
9100708,sensor,random,1,0.13,pre,zero,35,0.1390278651767124
9100708,unknown_nonlinear,random,1,0.13,counterfactual,action_blind,5,0.03851915135565195
9100708,unknown_nonlinear,random,1,0.13,counterfactual,adaptive_nonlinear,5,0.01688873841002026
9100708,unknown_nonlinear,random,1,0.13,counterfactual,knn_all,5,0.014966562884236232
9100708,unknown_nonlinear,random,1,0.13,counterfactual,knn_recent,5,0.014291449757276687
9100708,unknown_nonlinear,random,1,0.13,counterfactual,linear,5,0.020231071990179587
9100708,unknown_nonlinear,random,1,0.13,counterfactual,nonlinear,5,0.015010718871220888
9100708,unknown_nonlinear,random,1,0.13,counterfactual,zero,5,0.04255871253332215
9100708,unknown_nonlinear,random,1,0.13,early,action_blind,19,0.09830649555139248
9100708,unknown_nonlinear,random,1,0.13,early,adaptive_nonlinear,19,0.053695962438602196
9100708,unknown_nonlinear,random,1,0.13,early,knn_all,19,0.05107593044868436
9100708,unknown_nonlinear,random,1,0.13,early,knn_recent,19,0.052675673126516144
9100708,unknown_nonlinear,random,1,0.13,early,linear,19,0.05238547370140726
9100708,unknown_nonlinear,random,1,0.13,early,nonlinear,19,0.05355364473307317
9100708,unknown_nonlinear,random,1,0.13,early,zero,19,0.0867974653532238
9100708,unknown_nonlinear,random,1,0.13,late,action_blind,35,0.07125415343116971
9100708,unknown_nonlinear,random,1,0.13,late,adaptive_nonlinear,35,0.03843429706611042
9100708,unknown_nonlinear,random,1,0.13,late,knn_all,35,0.03913122666619843
9100708,unknown_nonlinear,random,1,0.13,late,knn_recent,35,0.03973038685197938
9100708,unknown_nonlinear,random,1,0.13,late,linear,35,0.04539945665225815
9100708,unknown_nonlinear,random,1,0.13,late,nonlinear,35,0.03817417571193045
9100708,unknown_nonlinear,random,1,0.13,late,zero,35,0.07124100500499968
9100708,unknown_nonlinear,random,1,0.13,pre,action_blind,35,0.14221769853285104
9100708,unknown_nonlinear,random,1,0.13,pre,adaptive_nonlinear,35,0.043099667653405956
9100708,unknown_nonlinear,random,1,0.13,pre,knn_all,35,0.041279749890611596
9100708,unknown_nonlinear,random,1,0.13,pre,knn_recent,35,0.042217946689859766
9100708,unknown_nonlinear,random,1,0.13,pre,linear,35,0.040767459411703025
9100708,unknown_nonlinear,random,1,0.13,pre,nonlinear,35,0.043099667653405956
9100708,unknown_nonlinear,random,1,0.13,pre,zero,35,0.1390278651767124
9100809,external,random,1,0.13,counterfactual,action_blind,5,0.04487120937972674
9100809,external,random,1,0.13,counterfactual,adaptive_nonlinear,5,0.029081012980836103
9100809,external,random,1,0.13,counterfactual,knn_all,5,0.037373266966885255
9100809,external,random,1,0.13,counterfactual,knn_recent,5,0.03807201783021493
9100809,external,random,1,0.13,counterfactual,linear,5,0.03399157865052346
9100809,external,random,1,0.13,counterfactual,nonlinear,5,0.023658175833522217
9100809,external,random,1,0.13,counterfactual,zero,5,0.04077984032586773
9100809,external,random,1,0.13,early,action_blind,19,0.10095602817164039
9100809,external,random,1,0.13,early,adaptive_nonlinear,19,0.07033821322099242
9100809,external,random,1,0.13,early,knn_all,19,0.06995488453812146
9100809,external,random,1,0.13,early,knn_recent,19,0.0707660131049578
9100809,external,random,1,0.13,early,linear,19,0.07352912960562213
9100809,external,random,1,0.13,early,nonlinear,19,0.05980059663699949
9100809,external,random,1,0.13,early,zero,19,0.09316761112552058
9100809,external,random,1,0.13,late,action_blind,35,0.11077874608942292
9100809,external,random,1,0.13,late,adaptive_nonlinear,35,0.07153382476666224
9100809,external,random,1,0.13,late,knn_all,35,0.06665710309228985
9100809,external,random,1,0.13,late,knn_recent,35,0.06667259288836694
9100809,external,random,1,0.13,late,linear,35,0.09334482590292484
9100809,external,random,1,0.13,late,nonlinear,35,0.06905873806419577
9100809,external,random,1,0.13,late,zero,35,0.10427239717642157
9100809,external,random,1,0.13,pre,action_blind,35,0.08884082060433363
9100809,external,random,1,0.13,pre,adaptive_nonlinear,35,0.03937269340308633
9100809,external,random,1,0.13,pre,knn_all,35,0.04934630331852209
9100809,external,random,1,0.13,pre,knn_recent,35,0.051345077934724086
9100809,external,random,1,0.13,pre,linear,35,0.04204110836998886
9100809,external,random,1,0.13,pre,nonlinear,35,0.039051333151066375
9100809,external,random,1,0.13,pre,zero,35,0.09311885611210444
9100809,motor,random,1,0.13,counterfactual,action_blind,5,0.1090418974079573
9100809,motor,random,1,0.13,counterfactual,adaptive_nonlinear,5,0.04198210870048964
9100809,motor,random,1,0.13,counterfactual,knn_all,5,0.0690875951005074
9100809,motor,random,1,0.13,counterfactual,knn_recent,5,0.022973667676163424
9100809,motor,random,1,0.13,counterfactual,linear,5,0.049028535507092616
9100809,motor,random,1,0.13,counterfactual,nonlinear,5,0.04489790489246599
9100809,motor,random,1,0.13,counterfactual,zero,5,0.10298851416315921
9100809,motor,random,1,0.13,early,action_blind,19,0.14925964747298232
9100809,motor,random,1,0.13,early,adaptive_nonlinear,19,0.06351208255736887
9100809,motor,random,1,0.13,early,knn_all,19,0.07870749817654385
9100809,motor,random,1,0.13,early,knn_recent,19,0.07066138080467947
9100809,motor,random,1,0.13,early,linear,19,0.1291193652260637
9100809,motor,random,1,0.13,early,nonlinear,19,0.06235918814999553
9100809,motor,random,1,0.13,early,zero,19,0.12525366105072386
9100809,motor,random,1,0.13,late,action_blind,35,0.14197874810594704
9100809,motor,random,1,0.13,late,adaptive_nonlinear,35,0.0431708637953328
9100809,motor,random,1,0.13,late,knn_all,35,0.05388935324863931
9100809,motor,random,1,0.13,late,knn_recent,35,0.05169856889854499
9100809,motor,random,1,0.13,late,linear,35,0.06813432745283868
9100809,motor,random,1,0.13,late,nonlinear,35,0.05262685344876488
9100809,motor,random,1,0.13,late,zero,35,0.14225718285714212
9100809,motor,random,1,0.13,pre,action_blind,35,0.08884082060433363
9100809,motor,random,1,0.13,pre,adaptive_nonlinear,35,0.03937269340308633
9100809,motor,random,1,0.13,pre,knn_all,35,0.04934630331852209
9100809,motor,random,1,0.13,pre,knn_recent,35,0.051345077934724086
9100809,motor,random,1,0.13,pre,linear,35,0.04204110836998886
9100809,motor,random,1,0.13,pre,nonlinear,35,0.039051333151066375
9100809,motor,random,1,0.13,pre,zero,35,0.09311885611210444
9100809,motor_external,random,1,0.13,counterfactual,action_blind,5,0.08160716993764902
9100809,motor_external,random,1,0.13,counterfactual,adaptive_nonlinear,5,0.05806191276834512
9100809,motor_external,random,1,0.13,counterfactual,knn_all,5,0.06975344426526942
9100809,motor_external,random,1,0.13,counterfactual,knn_recent,5,0.06959225708963823
9100809,motor_external,random,1,0.13,counterfactual,linear,5,0.1090448114179812
9100809,motor_external,random,1,0.13,counterfactual,nonlinear,5,0.030316520221806947
9100809,motor_external,random,1,0.13,counterfactual,zero,5,0.07579527498697923
9100809,motor_external,random,1,0.13,early,action_blind,19,0.07922549204626328
9100809,motor_external,random,1,0.13,early,adaptive_nonlinear,19,0.07880451772664025
9100809,motor_external,random,1,0.13,early,knn_all,19,0.0611898380605086
9100809,motor_external,random,1,0.13,early,knn_recent,19,0.061656505671661824
9100809,motor_external,random,1,0.13,early,linear,19,0.0962471766602177
9100809,motor_external,random,1,0.13,early,nonlinear,19,0.06617182566667629
9100809,motor_external,random,1,0.13,early,zero,19,0.06838541531886837
9100809,motor_external,random,1,0.13,late,action_blind,35,0.0964156962456474
9100809,motor_external,random,1,0.13,late,adaptive_nonlinear,35,0.0991042433177572
9100809,motor_external,random,1,0.13,late,knn_all,35,0.07789502643558162
9100809,motor_external,random,1,0.13,late,knn_recent,35,0.07749748318994834
9100809,motor_external,random,1,0.13,late,linear,35,0.09754748106409923
9100809,motor_external,random,1,0.13,late,nonlinear,35,0.0864518375111558
9100809,motor_external,random,1,0.13,late,zero,35,0.09270284690334557
9100809,motor_external,random,1,0.13,pre,action_blind,35,0.08884082060433363
9100809,motor_external,random,1,0.13,pre,adaptive_nonlinear,35,0.03937269340308633
9100809,motor_external,random,1,0.13,pre,knn_all,35,0.04934630331852209
9100809,motor_external,random,1,0.13,pre,knn_recent,35,0.051345077934724086
9100809,motor_external,random,1,0.13,pre,linear,35,0.04204110836998886
9100809,motor_external,random,1,0.13,pre,nonlinear,35,0.039051333151066375
9100809,motor_external,random,1,0.13,pre,zero,35,0.09311885611210444
9100809,none,random,1,0.13,counterfactual,action_blind,5,0.10868822027633691
9100809,none,random,1,0.13,counterfactual,adaptive_nonlinear,5,0.02292924695780301
9100809,none,random,1,0.13,counterfactual,knn_all,5,0.027701906482640704
9100809,none,random,1,0.13,counterfactual,knn_recent,5,0.025110630215182013
9100809,none,random,1,0.13,counterfactual,linear,5,0.02200769468428322
9100809,none,random,1,0.13,counterfactual,nonlinear,5,0.02188266994062734
9100809,none,random,1,0.13,counterfactual,zero,5,0.1078687648030403
9100809,none,random,1,0.13,early,action_blind,19,0.11381977504525591
9100809,none,random,1,0.13,early,adaptive_nonlinear,19,0.04440718349948767
9100809,none,random,1,0.13,early,knn_all,19,0.04851235395366625
9100809,none,random,1,0.13,early,knn_recent,19,0.056971307604578754
9100809,none,random,1,0.13,early,linear,19,0.04413681529965536
9100809,none,random,1,0.13,early,nonlinear,19,0.04297845664828527
9100809,none,random,1,0.13,early,zero,19,0.1110645759484491
9100809,none,random,1,0.13,late,action_blind,35,0.12466933697280115
9100809,none,random,1,0.13,late,adaptive_nonlinear,35,0.04129663967545724
9100809,none,random,1,0.13,late,knn_all,35,0.04632845507007583
9100809,none,random,1,0.13,late,knn_recent,35,0.05211824785217659
9100809,none,random,1,0.13,late,linear,35,0.04656600404448286
9100809,none,random,1,0.13,late,nonlinear,35,0.04106655954861159
9100809,none,random,1,0.13,late,zero,35,0.12088859415054293
9100809,none,random,1,0.13,pre,action_blind,35,0.08884082060433363
9100809,none,random,1,0.13,pre,adaptive_nonlinear,35,0.03937269340308633
9100809,none,random,1,0.13,pre,knn_all,35,0.04934630331852209
9100809,none,random,1,0.13,pre,knn_recent,35,0.051345077934724086
9100809,none,random,1,0.13,pre,linear,35,0.04204110836998886
9100809,none,random,1,0.13,pre,nonlinear,35,0.039051333151066375
9100809,none,random,1,0.13,pre,zero,35,0.09311885611210444
9100809,sensor,random,1,0.13,counterfactual,action_blind,5,0.11041537056432951
9100809,sensor,random,1,0.13,counterfactual,adaptive_nonlinear,5,0.025174917523598156
9100809,sensor,random,1,0.13,counterfactual,knn_all,5,0.0276882134509652
9100809,sensor,random,1,0.13,counterfactual,knn_recent,5,0.025110630215182013
9100809,sensor,random,1,0.13,counterfactual,linear,5,0.021708637436986217
9100809,sensor,random,1,0.13,counterfactual,nonlinear,5,0.024538006715221123
9100809,sensor,random,1,0.13,counterfactual,zero,5,0.1078687648030403
9100809,sensor,random,1,0.13,early,action_blind,19,0.1147486531424231
9100809,sensor,random,1,0.13,early,adaptive_nonlinear,19,0.04762215634789436
9100809,sensor,random,1,0.13,early,knn_all,19,0.04860674928721407
9100809,sensor,random,1,0.13,early,knn_recent,19,0.05702293601330227
9100809,sensor,random,1,0.13,early,linear,19,0.044080357408876614
9100809,sensor,random,1,0.13,early,nonlinear,19,0.043827758262053394
9100809,sensor,random,1,0.13,early,zero,19,0.1110645759484491
9100809,sensor,random,1,0.13,late,action_blind,35,0.1266001388803776
9100809,sensor,random,1,0.13,late,adaptive_nonlinear,35,0.04302722608056759
9100809,sensor,random,1,0.13,late,knn_all,35,0.046492689230083366
9100809,sensor,random,1,0.13,late,knn_recent,35,0.05211824785217659
9100809,sensor,random,1,0.13,late,linear,35,0.04655821192829221
9100809,sensor,random,1,0.13,late,nonlinear,35,0.0419967577464129
9100809,sensor,random,1,0.13,late,zero,35,0.12088859415054293
9100809,sensor,random,1,0.13,pre,action_blind,35,0.08884082060433363
9100809,sensor,random,1,0.13,pre,adaptive_nonlinear,35,0.03937269340308633
9100809,sensor,random,1,0.13,pre,knn_all,35,0.04934630331852209
9100809,sensor,random,1,0.13,pre,knn_recent,35,0.051345077934724086
9100809,sensor,random,1,0.13,pre,linear,35,0.04204110836998886
9100809,sensor,random,1,0.13,pre,nonlinear,35,0.039051333151066375
9100809,sensor,random,1,0.13,pre,zero,35,0.09311885611210444
9100809,unknown_nonlinear,random,1,0.13,counterfactual,action_blind,5,0.09029242766813385
9100809,unknown_nonlinear,random,1,0.13,counterfactual,adaptive_nonlinear,5,0.021162849851856194
9100809,unknown_nonlinear,random,1,0.13,counterfactual,knn_all,5,0.026337602036666997
9100809,unknown_nonlinear,random,1,0.13,counterfactual,knn_recent,5,0.026414139951336856
9100809,unknown_nonlinear,random,1,0.13,counterfactual,linear,5,0.03025735643439223
9100809,unknown_nonlinear,random,1,0.13,counterfactual,nonlinear,5,0.0240296723603207
9100809,unknown_nonlinear,random,1,0.13,counterfactual,zero,5,0.09318480176293997
9100809,unknown_nonlinear,random,1,0.13,early,action_blind,19,0.12082770546379833
9100809,unknown_nonlinear,random,1,0.13,early,adaptive_nonlinear,19,0.05723543481289726
9100809,unknown_nonlinear,random,1,0.13,early,knn_all,19,0.05542745343764768
9100809,unknown_nonlinear,random,1,0.13,early,knn_recent,19,0.06233473919712837
9100809,unknown_nonlinear,random,1,0.13,early,linear,19,0.05386657077480686
9100809,unknown_nonlinear,random,1,0.13,early,nonlinear,19,0.053596928529783615
9100809,unknown_nonlinear,random,1,0.13,early,zero,19,0.11594183180227977
9100809,unknown_nonlinear,random,1,0.13,late,action_blind,35,0.09228853788169
9100809,unknown_nonlinear,random,1,0.13,late,adaptive_nonlinear,35,0.050886150608979844
9100809,unknown_nonlinear,random,1,0.13,late,knn_all,35,0.05100432109099034
9100809,unknown_nonlinear,random,1,0.13,late,knn_recent,35,0.05162281136031225
9100809,unknown_nonlinear,random,1,0.13,late,linear,35,0.05258212622884815
9100809,unknown_nonlinear,random,1,0.13,late,nonlinear,35,0.047194730176953144
9100809,unknown_nonlinear,random,1,0.13,late,zero,35,0.09383321493464304
9100809,unknown_nonlinear,random,1,0.13,pre,action_blind,35,0.08884082060433363
9100809,unknown_nonlinear,random,1,0.13,pre,adaptive_nonlinear,35,0.03937269340308633
9100809,unknown_nonlinear,random,1,0.13,pre,knn_all,35,0.04934630331852209
9100809,unknown_nonlinear,random,1,0.13,pre,knn_recent,35,0.051345077934724086
9100809,unknown_nonlinear,random,1,0.13,pre,linear,35,0.04204110836998886
9100809,unknown_nonlinear,random,1,0.13,pre,nonlinear,35,0.039051333151066375
9100809,unknown_nonlinear,random,1,0.13,pre,zero,35,0.09311885611210444
9100910,external,random,1,0.13,counterfactual,action_blind,5,0.036945674506895475
9100910,external,random,1,0.13,counterfactual,adaptive_nonlinear,5,0.05098694132047582
9100910,external,random,1,0.13,counterfactual,knn_all,5,0.049237838842285615
9100910,external,random,1,0.13,counterfactual,knn_recent,5,0.04913850320899991
9100910,external,random,1,0.13,counterfactual,linear,5,0.04977862437987065
9100910,external,random,1,0.13,counterfactual,nonlinear,5,0.04880707209217403
9100910,external,random,1,0.13,counterfactual,zero,5,0.04114128809090438
9100910,external,random,1,0.13,early,action_blind,19,0.09532973203780959
9100910,external,random,1,0.13,early,adaptive_nonlinear,19,0.07397363876601999
9100910,external,random,1,0.13,early,knn_all,19,0.07635589302403417
9100910,external,random,1,0.13,early,knn_recent,19,0.07808165072076191
9100910,external,random,1,0.13,early,linear,19,0.08162375902027454
9100910,external,random,1,0.13,early,nonlinear,19,0.07445666557496317
9100910,external,random,1,0.13,early,zero,19,0.10807173010252047
9100910,external,random,1,0.13,late,action_blind,35,0.05151525728896543
9100910,external,random,1,0.13,late,adaptive_nonlinear,35,0.055258306153966395
9100910,external,random,1,0.13,late,knn_all,35,0.05951632564859745
9100910,external,random,1,0.13,late,knn_recent,35,0.05979272559451927
9100910,external,random,1,0.13,late,linear,35,0.0704372724022099
9100910,external,random,1,0.13,late,nonlinear,35,0.05499526912146593
9100910,external,random,1,0.13,late,zero,35,0.05469639690999328
9100910,external,random,1,0.13,pre,action_blind,35,0.0731815887374774
9100910,external,random,1,0.13,pre,adaptive_nonlinear,35,0.03710069329941279
9100910,external,random,1,0.13,pre,knn_all,35,0.04211432580323521
9100910,external,random,1,0.13,pre,knn_recent,35,0.04603838836423013
9100910,external,random,1,0.13,pre,linear,35,0.03611677611301693
9100910,external,random,1,0.13,pre,nonlinear,35,0.03627669243438562
9100910,external,random,1,0.13,pre,zero,35,0.07447109129631688
9100910,motor,random,1,0.13,counterfactual,action_blind,5,0.09613869387665039
9100910,motor,random,1,0.13,counterfactual,adaptive_nonlinear,5,0.07378300666438778
9100910,motor,random,1,0.13,counterfactual,knn_all,5,0.12231628848860814
9100910,motor,random,1,0.13,counterfactual,knn_recent,5,0.06562780634892165
9100910,motor,random,1,0.13,counterfactual,linear,5,0.06767657658896128
9100910,motor,random,1,0.13,counterfactual,nonlinear,5,0.0875779684089422
9100910,motor,random,1,0.13,counterfactual,zero,5,0.08451270852861238
9100910,motor,random,1,0.13,early,action_blind,19,0.08814465148935093
9100910,motor,random,1,0.13,early,adaptive_nonlinear,19,0.07665689991413743
9100910,motor,random,1,0.13,early,knn_all,19,0.11107690683795136
9100910,motor,random,1,0.13,early,knn_recent,19,0.10359299039798982
9100910,motor,random,1,0.13,early,linear,19,0.1116937028861942
9100910,motor,random,1,0.13,early,nonlinear,19,0.09213977858206379
9100910,motor,random,1,0.13,early,zero,19,0.09638589077157683
9100910,motor,random,1,0.13,late,action_blind,35,0.06863485228297588
9100910,motor,random,1,0.13,late,adaptive_nonlinear,35,0.05797463111420129
9100910,motor,random,1,0.13,late,knn_all,35,0.09337931787197469
9100910,motor,random,1,0.13,late,knn_recent,35,0.05642579977952179
9100910,motor,random,1,0.13,late,linear,35,0.06091177595440577
9100910,motor,random,1,0.13,late,nonlinear,35,0.07468184474178723
9100910,motor,random,1,0.13,late,zero,35,0.0733568464741216
9100910,motor,random,1,0.13,pre,action_blind,35,0.0731815887374774
9100910,motor,random,1,0.13,pre,adaptive_nonlinear,35,0.03710069329941279
9100910,motor,random,1,0.13,pre,knn_all,35,0.04211432580323521
9100910,motor,random,1,0.13,pre,knn_recent,35,0.04603838836423013
9100910,motor,random,1,0.13,pre,linear,35,0.03611677611301693
9100910,motor,random,1,0.13,pre,nonlinear,35,0.03627669243438562
9100910,motor,random,1,0.13,pre,zero,35,0.07447109129631688
9100910,motor_external,random,1,0.13,counterfactual,action_blind,5,0.048003476583172874
9100910,motor_external,random,1,0.13,counterfactual,adaptive_nonlinear,5,0.0828272863345444
9100910,motor_external,random,1,0.13,counterfactual,knn_all,5,0.07311013736027741
9100910,motor_external,random,1,0.13,counterfactual,knn_recent,5,0.07121719249554966
9100910,motor_external,random,1,0.13,counterfactual,linear,5,0.06370023353002596
9100910,motor_external,random,1,0.13,counterfactual,nonlinear,5,0.07996523814783059
9100910,motor_external,random,1,0.13,counterfactual,zero,5,0.07556975656688775
9100910,motor_external,random,1,0.13,early,action_blind,19,0.1320094116372203
9100910,motor_external,random,1,0.13,early,adaptive_nonlinear,19,0.08782035573268002
9100910,motor_external,random,1,0.13,early,knn_all,19,0.1087869379851429
9100910,motor_external,random,1,0.13,early,knn_recent,19,0.09820740282428761
9100910,motor_external,random,1,0.13,early,linear,19,0.137364483025659
9100910,motor_external,random,1,0.13,early,nonlinear,19,0.09064117272188016
9100910,motor_external,random,1,0.13,early,zero,19,0.12406961336554548
9100910,motor_external,random,1,0.13,late,action_blind,35,0.048625408694048404
9100910,motor_external,random,1,0.13,late,adaptive_nonlinear,35,0.06122778914230078
9100910,motor_external,random,1,0.13,late,knn_all,35,0.060939979588076766
9100910,motor_external,random,1,0.13,late,knn_recent,35,0.06102825527348795
9100910,motor_external,random,1,0.13,late,linear,35,0.06189452220601594
9100910,motor_external,random,1,0.13,late,nonlinear,35,0.055932474853738305
9100910,motor_external,random,1,0.13,late,zero,35,0.048816880992720545
9100910,motor_external,random,1,0.13,pre,action_blind,35,0.0731815887374774
9100910,motor_external,random,1,0.13,pre,adaptive_nonlinear,35,0.03710069329941279
9100910,motor_external,random,1,0.13,pre,knn_all,35,0.04211432580323521
9100910,motor_external,random,1,0.13,pre,knn_recent,35,0.04603838836423013
9100910,motor_external,random,1,0.13,pre,linear,35,0.03611677611301693
9100910,motor_external,random,1,0.13,pre,nonlinear,35,0.03627669243438562
9100910,motor_external,random,1,0.13,pre,zero,35,0.07447109129631688
9100910,none,random,1,0.13,counterfactual,action_blind,5,0.05949052918896195
9100910,none,random,1,0.13,counterfactual,adaptive_nonlinear,5,0.05979622723029261
9100910,none,random,1,0.13,counterfactual,knn_all,5,0.05309200391416487
9100910,none,random,1,0.13,counterfactual,knn_recent,5,0.05853898714814611
9100910,none,random,1,0.13,counterfactual,linear,5,0.04670050502888723
9100910,none,random,1,0.13,counterfactual,nonlinear,5,0.054885899129325524
9100910,none,random,1,0.13,counterfactual,zero,5,0.06817639727235496
9100910,none,random,1,0.13,early,action_blind,19,0.05772557444564378
9100910,none,random,1,0.13,early,adaptive_nonlinear,19,0.03547493330153846
9100910,none,random,1,0.13,early,knn_all,19,0.04567486892511187
9100910,none,random,1,0.13,early,knn_recent,19,0.05124909261248627
9100910,none,random,1,0.13,early,linear,19,0.042258387331979154
9100910,none,random,1,0.13,early,nonlinear,19,0.036378157323580955
9100910,none,random,1,0.13,early,zero,19,0.0690026778497596
9100910,none,random,1,0.13,late,action_blind,35,0.07323425673565177
9100910,none,random,1,0.13,late,adaptive_nonlinear,35,0.04952820359250113
9100910,none,random,1,0.13,late,knn_all,35,0.05298678675145944
9100910,none,random,1,0.13,late,knn_recent,35,0.056007994762273916
9100910,none,random,1,0.13,late,linear,35,0.04632159679583598
9100910,none,random,1,0.13,late,nonlinear,35,0.04810215505161153
9100910,none,random,1,0.13,late,zero,35,0.06665689564921558
9100910,none,random,1,0.13,pre,action_blind,35,0.0731815887374774
9100910,none,random,1,0.13,pre,adaptive_nonlinear,35,0.03710069329941279
9100910,none,random,1,0.13,pre,knn_all,35,0.04211432580323521
9100910,none,random,1,0.13,pre,knn_recent,35,0.04603838836423013
9100910,none,random,1,0.13,pre,linear,35,0.03611677611301693
9100910,none,random,1,0.13,pre,nonlinear,35,0.03627669243438562
9100910,none,random,1,0.13,pre,zero,35,0.07447109129631688
9100910,sensor,random,1,0.13,counterfactual,action_blind,5,0.05346703946775311
9100910,sensor,random,1,0.13,counterfactual,adaptive_nonlinear,5,0.05776232785425776
9100910,sensor,random,1,0.13,counterfactual,knn_all,5,0.058082227721024705
9100910,sensor,random,1,0.13,counterfactual,knn_recent,5,0.05853898714814611
9100910,sensor,random,1,0.13,counterfactual,linear,5,0.04706975463736883
9100910,sensor,random,1,0.13,counterfactual,nonlinear,5,0.054018719001930615
9100910,sensor,random,1,0.13,counterfactual,zero,5,0.06817639727235496
9100910,sensor,random,1,0.13,early,action_blind,19,0.06157449029509883
9100910,sensor,random,1,0.13,early,adaptive_nonlinear,19,0.03951600216977998
9100910,sensor,random,1,0.13,early,knn_all,19,0.044571533721910826
9100910,sensor,random,1,0.13,early,knn_recent,19,0.04880532427507358
9100910,sensor,random,1,0.13,early,linear,19,0.042269815966062996
9100910,sensor,random,1,0.13,early,nonlinear,19,0.03902414107035838
9100910,sensor,random,1,0.13,early,zero,19,0.0690026778497596
9100910,sensor,random,1,0.13,late,action_blind,35,0.07237990730699781
9100910,sensor,random,1,0.13,late,adaptive_nonlinear,35,0.05120703668008087
9100910,sensor,random,1,0.13,late,knn_all,35,0.05375391884264739
9100910,sensor,random,1,0.13,late,knn_recent,35,0.055832054651703864
9100910,sensor,random,1,0.13,late,linear,35,0.04575635587155041
9100910,sensor,random,1,0.13,late,nonlinear,35,0.05007364205472303
9100910,sensor,random,1,0.13,late,zero,35,0.06665689564921558
9100910,sensor,random,1,0.13,pre,action_blind,35,0.0731815887374774
9100910,sensor,random,1,0.13,pre,adaptive_nonlinear,35,0.03710069329941279
9100910,sensor,random,1,0.13,pre,knn_all,35,0.04211432580323521
9100910,sensor,random,1,0.13,pre,knn_recent,35,0.04603838836423013
9100910,sensor,random,1,0.13,pre,linear,35,0.03611677611301693
9100910,sensor,random,1,0.13,pre,nonlinear,35,0.03627669243438562
9100910,sensor,random,1,0.13,pre,zero,35,0.07447109129631688
9100910,unknown_nonlinear,random,1,0.13,counterfactual,action_blind,5,0.07522328780920921
9100910,unknown_nonlinear,random,1,0.13,counterfactual,adaptive_nonlinear,5,0.06821368876120756
9100910,unknown_nonlinear,random,1,0.13,counterfactual,knn_all,5,0.0698651887306094
9100910,unknown_nonlinear,random,1,0.13,counterfactual,knn_recent,5,0.08760805925607382
9100910,unknown_nonlinear,random,1,0.13,counterfactual,linear,5,0.07045981762125023
9100910,unknown_nonlinear,random,1,0.13,counterfactual,nonlinear,5,0.06738843974279211
9100910,unknown_nonlinear,random,1,0.13,counterfactual,zero,5,0.10238388280572282
9100910,unknown_nonlinear,random,1,0.13,early,action_blind,19,0.07878416008480481
9100910,unknown_nonlinear,random,1,0.13,early,adaptive_nonlinear,19,0.04070226226704503
9100910,unknown_nonlinear,random,1,0.13,early,knn_all,19,0.04051938041992482
9100910,unknown_nonlinear,random,1,0.13,early,knn_recent,19,0.047881972158706834
9100910,unknown_nonlinear,random,1,0.13,early,linear,19,0.04669929185646321
9100910,unknown_nonlinear,random,1,0.13,early,nonlinear,19,0.04131449474513061
9100910,unknown_nonlinear,random,1,0.13,early,zero,19,0.08393425720851709
9100910,unknown_nonlinear,random,1,0.13,late,action_blind,35,0.08296085169646773
9100910,unknown_nonlinear,random,1,0.13,late,adaptive_nonlinear,35,0.06780974764390003
9100910,unknown_nonlinear,random,1,0.13,late,knn_all,35,0.061521695149250696
9100910,unknown_nonlinear,random,1,0.13,late,knn_recent,35,0.06673509746699988
9100910,unknown_nonlinear,random,1,0.13,late,linear,35,0.06015079969168911
9100910,unknown_nonlinear,random,1,0.13,late,nonlinear,35,0.062207260714529346
9100910,unknown_nonlinear,random,1,0.13,late,zero,35,0.08417440236795296
9100910,unknown_nonlinear,random,1,0.13,pre,action_blind,35,0.0731815887374774
9100910,unknown_nonlinear,random,1,0.13,pre,adaptive_nonlinear,35,0.03710069329941279
9100910,unknown_nonlinear,random,1,0.13,pre,knn_all,35,0.04211432580323521
9100910,unknown_nonlinear,random,1,0.13,pre,knn_recent,35,0.04603838836423013
9100910,unknown_nonlinear,random,1,0.13,pre,linear,35,0.03611677611301693
9100910,unknown_nonlinear,random,1,0.13,pre,nonlinear,35,0.03627669243438562
9100910,unknown_nonlinear,random,1,0.13,pre,zero,35,0.07447109129631688
9101011,external,random,1,0.13,counterfactual,action_blind,5,0.09957448742397346
9101011,external,random,1,0.13,counterfactual,adaptive_nonlinear,5,0.06030076187365888
9101011,external,random,1,0.13,counterfactual,knn_all,5,0.06477815334569884
9101011,external,random,1,0.13,counterfactual,knn_recent,5,0.06481514885142732
9101011,external,random,1,0.13,counterfactual,linear,5,0.06537320322815579
9101011,external,random,1,0.13,counterfactual,nonlinear,5,0.053002662560962845
9101011,external,random,1,0.13,counterfactual,zero,5,0.0916313099318589
9101011,external,random,1,0.13,early,action_blind,19,0.09695240101802197
9101011,external,random,1,0.13,early,adaptive_nonlinear,19,0.06966375383607608
9101011,external,random,1,0.13,early,knn_all,19,0.07341017057647814
9101011,external,random,1,0.13,early,knn_recent,19,0.07281048214843597
9101011,external,random,1,0.13,early,linear,19,0.0732664828025592
9101011,external,random,1,0.13,early,nonlinear,19,0.06946224767092135
9101011,external,random,1,0.13,early,zero,19,0.0928253072226675
9101011,external,random,1,0.13,late,action_blind,35,0.09247904542603505
9101011,external,random,1,0.13,late,adaptive_nonlinear,35,0.04946235130833325
9101011,external,random,1,0.13,late,knn_all,35,0.05251954607741791
9101011,external,random,1,0.13,late,knn_recent,35,0.05266338723197101
9101011,external,random,1,0.13,late,linear,35,0.05544134978810193
9101011,external,random,1,0.13,late,nonlinear,35,0.04890097713718029
9101011,external,random,1,0.13,late,zero,35,0.09985836780137591
9101011,external,random,1,0.13,pre,action_blind,35,0.11307551103303425
9101011,external,random,1,0.13,pre,adaptive_nonlinear,35,0.04121497260108365
9101011,external,random,1,0.13,pre,knn_all,35,0.04619952702651908
9101011,external,random,1,0.13,pre,knn_recent,35,0.047210302521406795
9101011,external,random,1,0.13,pre,linear,35,0.037904517658389425
9101011,external,random,1,0.13,pre,nonlinear,35,0.04071874959606946
9101011,external,random,1,0.13,pre,zero,35,0.1035842926288242
9101011,motor,random,1,0.13,counterfactual,action_blind,5,0.09539018599238636
9101011,motor,random,1,0.13,counterfactual,adaptive_nonlinear,5,0.04843635616956364
9101011,motor,random,1,0.13,counterfactual,knn_all,5,0.08010032920843316
9101011,motor,random,1,0.13,counterfactual,knn_recent,5,0.06594470259182225
9101011,motor,random,1,0.13,counterfactual,linear,5,0.10243437402802122
9101011,motor,random,1,0.13,counterfactual,nonlinear,5,0.06316231439840904
9101011,motor,random,1,0.13,counterfactual,zero,5,0.11259747038368481
9101011,motor,random,1,0.13,early,action_blind,19,0.07977151135631168
9101011,motor,random,1,0.13,early,adaptive_nonlinear,19,0.07124803019625235
9101011,motor,random,1,0.13,early,knn_all,19,0.09312292893905846
9101011,motor,random,1,0.13,early,knn_recent,19,0.07846184043638257
9101011,motor,random,1,0.13,early,linear,19,0.11590989807080107
9101011,motor,random,1,0.13,early,nonlinear,19,0.08435614073784566
9101011,motor,random,1,0.13,early,zero,19,0.08374007147108574
9101011,motor,random,1,0.13,late,action_blind,35,0.12028977790037751
9101011,motor,random,1,0.13,late,adaptive_nonlinear,35,0.06006764488149063
9101011,motor,random,1,0.13,late,knn_all,35,0.09453635077125384
9101011,motor,random,1,0.13,late,knn_recent,35,0.05041440310856519
9101011,motor,random,1,0.13,late,linear,35,0.09007257335262835
9101011,motor,random,1,0.13,late,nonlinear,35,0.09800637418760257
9101011,motor,random,1,0.13,late,zero,35,0.12064942963956583
9101011,motor,random,1,0.13,pre,action_blind,35,0.11307551103303425
9101011,motor,random,1,0.13,pre,adaptive_nonlinear,35,0.04121497260108365
9101011,motor,random,1,0.13,pre,knn_all,35,0.04619952702651908
9101011,motor,random,1,0.13,pre,knn_recent,35,0.047210302521406795
9101011,motor,random,1,0.13,pre,linear,35,0.037904517658389425
9101011,motor,random,1,0.13,pre,nonlinear,35,0.04071874959606946
9101011,motor,random,1,0.13,pre,zero,35,0.1035842926288242
9101011,motor_external,random,1,0.13,counterfactual,action_blind,5,0.08924802310250751
9101011,motor_external,random,1,0.13,counterfactual,adaptive_nonlinear,5,0.05499053349197971
9101011,motor_external,random,1,0.13,counterfactual,knn_all,5,0.0655181682610601
9101011,motor_external,random,1,0.13,counterfactual,knn_recent,5,0.06556425571859595
9101011,motor_external,random,1,0.13,counterfactual,linear,5,0.08836767170749574
9101011,motor_external,random,1,0.13,counterfactual,nonlinear,5,0.05906713588737829
9101011,motor_external,random,1,0.13,counterfactual,zero,5,0.08918148125053689
9101011,motor_external,random,1,0.13,early,action_blind,19,0.1360863915214923
9101011,motor_external,random,1,0.13,early,adaptive_nonlinear,19,0.12251265929719132
9101011,motor_external,random,1,0.13,early,knn_all,19,0.1239302393481518
9101011,motor_external,random,1,0.13,early,knn_recent,19,0.12588573906667166
9101011,motor_external,random,1,0.13,early,linear,19,0.13526910276172135
9101011,motor_external,random,1,0.13,early,nonlinear,19,0.11792502693658563
9101011,motor_external,random,1,0.13,early,zero,19,0.12236138460955302
9101011,motor_external,random,1,0.13,late,action_blind,35,0.08331169909070701
9101011,motor_external,random,1,0.13,late,adaptive_nonlinear,35,0.054595904774167335
9101011,motor_external,random,1,0.13,late,knn_all,35,0.05157375399781079
9101011,motor_external,random,1,0.13,late,knn_recent,35,0.0514105786976463
9101011,motor_external,random,1,0.13,late,linear,35,0.07197084215778203
9101011,motor_external,random,1,0.13,late,nonlinear,35,0.04975142288837091
9101011,motor_external,random,1,0.13,late,zero,35,0.07988691639996688
9101011,motor_external,random,1,0.13,pre,action_blind,35,0.11307551103303425
9101011,motor_external,random,1,0.13,pre,adaptive_nonlinear,35,0.04121497260108365
9101011,motor_external,random,1,0.13,pre,knn_all,35,0.04619952702651908
9101011,motor_external,random,1,0.13,pre,knn_recent,35,0.047210302521406795
9101011,motor_external,random,1,0.13,pre,linear,35,0.037904517658389425
9101011,motor_external,random,1,0.13,pre,nonlinear,35,0.04071874959606946
9101011,motor_external,random,1,0.13,pre,zero,35,0.1035842926288242
9101011,none,random,1,0.13,counterfactual,action_blind,5,0.14954701052622071
9101011,none,random,1,0.13,counterfactual,adaptive_nonlinear,5,0.056284390456358316
9101011,none,random,1,0.13,counterfactual,knn_all,5,0.0665463841848429
9101011,none,random,1,0.13,counterfactual,knn_recent,5,0.06697896148912667
9101011,none,random,1,0.13,counterfactual,linear,5,0.05960022442888134
9101011,none,random,1,0.13,counterfactual,nonlinear,5,0.055336314119616294
9101011,none,random,1,0.13,counterfactual,zero,5,0.1446686636366995
9101011,none,random,1,0.13,early,action_blind,19,0.12064503650267525
9101011,none,random,1,0.13,early,adaptive_nonlinear,19,0.04971953271458035
9101011,none,random,1,0.13,early,knn_all,19,0.05463885847732851
9101011,none,random,1,0.13,early,knn_recent,19,0.054745465224323026
9101011,none,random,1,0.13,early,linear,19,0.05325425800480846
9101011,none,random,1,0.13,early,nonlinear,19,0.049387933584886023
9101011,none,random,1,0.13,early,zero,19,0.11580178741261442
9101011,none,random,1,0.13,late,action_blind,35,0.12609640969418273
9101011,none,random,1,0.13,late,adaptive_nonlinear,35,0.041626783518589325
9101011,none,random,1,0.13,late,knn_all,35,0.0503526343242922
9101011,none,random,1,0.13,late,knn_recent,35,0.05131041313451968
9101011,none,random,1,0.13,late,linear,35,0.04850720271568544
9101011,none,random,1,0.13,late,nonlinear,35,0.04216165442561225
9101011,none,random,1,0.13,late,zero,35,0.1350546063085945
9101011,none,random,1,0.13,pre,action_blind,35,0.11307551103303425
9101011,none,random,1,0.13,pre,adaptive_nonlinear,35,0.04121497260108365
9101011,none,random,1,0.13,pre,knn_all,35,0.04619952702651908
9101011,none,random,1,0.13,pre,knn_recent,35,0.047210302521406795
9101011,none,random,1,0.13,pre,linear,35,0.037904517658389425
9101011,none,random,1,0.13,pre,nonlinear,35,0.04071874959606946
9101011,none,random,1,0.13,pre,zero,35,0.1035842926288242
9101011,sensor,random,1,0.13,counterfactual,action_blind,5,0.1386767920474106
9101011,sensor,random,1,0.13,counterfactual,adaptive_nonlinear,5,0.05426072316544228
9101011,sensor,random,1,0.13,counterfactual,knn_all,5,0.06659004782321976
9101011,sensor,random,1,0.13,counterfactual,knn_recent,5,0.06697896148912667
9101011,sensor,random,1,0.13,counterfactual,linear,5,0.06100828327402543
9101011,sensor,random,1,0.13,counterfactual,nonlinear,5,0.05220967386797211
9101011,sensor,random,1,0.13,counterfactual,zero,5,0.1446686636366995
9101011,sensor,random,1,0.13,early,action_blind,19,0.11595381434811342
9101011,sensor,random,1,0.13,early,adaptive_nonlinear,19,0.050099967418358336
9101011,sensor,random,1,0.13,early,knn_all,19,0.05366694909434471
9101011,sensor,random,1,0.13,early,knn_recent,19,0.05402403757133936
9101011,sensor,random,1,0.13,early,linear,19,0.052851851435410324
9101011,sensor,random,1,0.13,early,nonlinear,19,0.0495958968818721
9101011,sensor,random,1,0.13,early,zero,19,0.11580178741261442
9101011,sensor,random,1,0.13,late,action_blind,35,0.1276501831793046
9101011,sensor,random,1,0.13,late,adaptive_nonlinear,35,0.04239471570464667
9101011,sensor,random,1,0.13,late,knn_all,35,0.04991250498901005
9101011,sensor,random,1,0.13,late,knn_recent,35,0.05131041313451968
9101011,sensor,random,1,0.13,late,linear,35,0.048733539572501726
9101011,sensor,random,1,0.13,late,nonlinear,35,0.042824089913864605
9101011,sensor,random,1,0.13,late,zero,35,0.1350546063085945
9101011,sensor,random,1,0.13,pre,action_blind,35,0.11307551103303425
9101011,sensor,random,1,0.13,pre,adaptive_nonlinear,35,0.04121497260108365
9101011,sensor,random,1,0.13,pre,knn_all,35,0.04619952702651908
9101011,sensor,random,1,0.13,pre,knn_recent,35,0.047210302521406795
9101011,sensor,random,1,0.13,pre,linear,35,0.037904517658389425
9101011,sensor,random,1,0.13,pre,nonlinear,35,0.04071874959606946
9101011,sensor,random,1,0.13,pre,zero,35,0.1035842926288242
9101011,unknown_nonlinear,random,1,0.13,counterfactual,action_blind,5,0.14354415332407924
9101011,unknown_nonlinear,random,1,0.13,counterfactual,adaptive_nonlinear,5,0.061757940858994796
9101011,unknown_nonlinear,random,1,0.13,counterfactual,knn_all,5,0.06736609138523973
9101011,unknown_nonlinear,random,1,0.13,counterfactual,knn_recent,5,0.06795130612302674
9101011,unknown_nonlinear,random,1,0.13,counterfactual,linear,5,0.06301859426332938
9101011,unknown_nonlinear,random,1,0.13,counterfactual,nonlinear,5,0.0618246806813615
9101011,unknown_nonlinear,random,1,0.13,counterfactual,zero,5,0.13321377945916785
9101011,unknown_nonlinear,random,1,0.13,early,action_blind,19,0.12148948793697557
9101011,unknown_nonlinear,random,1,0.13,early,adaptive_nonlinear,19,0.04919206588568247
9101011,unknown_nonlinear,random,1,0.13,early,knn_all,19,0.052306496848449895
9101011,unknown_nonlinear,random,1,0.13,early,knn_recent,19,0.05273410279374479
9101011,unknown_nonlinear,random,1,0.13,early,linear,19,0.052309419145706595
9101011,unknown_nonlinear,random,1,0.13,early,nonlinear,19,0.04885111187558075
9101011,unknown_nonlinear,random,1,0.13,early,zero,19,0.11826368715985718
9101011,unknown_nonlinear,random,1,0.13,late,action_blind,35,0.11323969408000549
9101011,unknown_nonlinear,random,1,0.13,late,adaptive_nonlinear,35,0.058519217068797924
9101011,unknown_nonlinear,random,1,0.13,late,knn_all,35,0.06122993124115977
9101011,unknown_nonlinear,random,1,0.13,late,knn_recent,35,0.05872640575660267
9101011,unknown_nonlinear,random,1,0.13,late,linear,35,0.061285129043760135
9101011,unknown_nonlinear,random,1,0.13,late,nonlinear,35,0.05593805161037716
9101011,unknown_nonlinear,random,1,0.13,late,zero,35,0.11159467367946294
9101011,unknown_nonlinear,random,1,0.13,pre,action_blind,35,0.11307551103303425
9101011,unknown_nonlinear,random,1,0.13,pre,adaptive_nonlinear,35,0.04121497260108365
9101011,unknown_nonlinear,random,1,0.13,pre,knn_all,35,0.04619952702651908
9101011,unknown_nonlinear,random,1,0.13,pre,knn_recent,35,0.047210302521406795
9101011,unknown_nonlinear,random,1,0.13,pre,linear,35,0.037904517658389425
9101011,unknown_nonlinear,random,1,0.13,pre,nonlinear,35,0.04071874959606946
9101011,unknown_nonlinear,random,1,0.13,pre,zero,35,0.1035842926288242
9101112,external,random,1,0.13,counterfactual,action_blind,5,0.06533298920184882
9101112,external,random,1,0.13,counterfactual,adaptive_nonlinear,5,0.07861434154513317
9101112,external,random,1,0.13,counterfactual,knn_all,5,0.06482884932166168
9101112,external,random,1,0.13,counterfactual,knn_recent,5,0.06226360746540625
9101112,external,random,1,0.13,counterfactual,linear,5,0.06817153695188254
9101112,external,random,1,0.13,counterfactual,nonlinear,5,0.07835088629111689
9101112,external,random,1,0.13,counterfactual,zero,5,0.04784071065344651
9101112,external,random,1,0.13,early,action_blind,19,0.12245770915313103
9101112,external,random,1,0.13,early,adaptive_nonlinear,19,0.06921958217276587
9101112,external,random,1,0.13,early,knn_all,19,0.06568001802163698
9101112,external,random,1,0.13,early,knn_recent,19,0.06633977679610045
9101112,external,random,1,0.13,early,linear,19,0.0716806255569928
9101112,external,random,1,0.13,early,nonlinear,19,0.06870715693060711
9101112,external,random,1,0.13,early,zero,19,0.11394078565898287
9101112,external,random,1,0.13,late,action_blind,35,0.03835182652253506
9101112,external,random,1,0.13,late,adaptive_nonlinear,35,0.03962707517730131
9101112,external,random,1,0.13,late,knn_all,35,0.0459124859908161
9101112,external,random,1,0.13,late,knn_recent,35,0.04654894312507883
9101112,external,random,1,0.13,late,linear,35,0.058767719799446984
9101112,external,random,1,0.13,late,nonlinear,35,0.03973063015324812
9101112,external,random,1,0.13,late,zero,35,0.039023551615786314
9101112,external,random,1,0.13,pre,action_blind,35,0.11246144252783703
9101112,external,random,1,0.13,pre,adaptive_nonlinear,35,0.03763103020954113
9101112,external,random,1,0.13,pre,knn_all,35,0.040272398489355134
9101112,external,random,1,0.13,pre,knn_recent,35,0.040281615907079196
9101112,external,random,1,0.13,pre,linear,35,0.035153662431665546
9101112,external,random,1,0.13,pre,nonlinear,35,0.03763103020954113
9101112,external,random,1,0.13,pre,zero,35,0.10961220563358706
9101112,motor,random,1,0.13,counterfactual,action_blind,5,0.07346329747133432
9101112,motor,random,1,0.13,counterfactual,adaptive_nonlinear,5,0.06091749106024834
9101112,motor,random,1,0.13,counterfactual,knn_all,5,0.048557519754916637
9101112,motor,random,1,0.13,counterfactual,knn_recent,5,0.050153728392492616
9101112,motor,random,1,0.13,counterfactual,linear,5,0.0746217205181464
9101112,motor,random,1,0.13,counterfactual,nonlinear,5,0.05712453910469548
9101112,motor,random,1,0.13,counterfactual,zero,5,0.07163931772201135
9101112,motor,random,1,0.13,early,action_blind,19,0.09267171597740105
9101112,motor,random,1,0.13,early,adaptive_nonlinear,19,0.0799765898292437
9101112,motor,random,1,0.13,early,knn_all,19,0.08966138950658042
9101112,motor,random,1,0.13,early,knn_recent,19,0.0879260601901683
9101112,motor,random,1,0.13,early,linear,19,0.1468268395339886
9101112,motor,random,1,0.13,early,nonlinear,19,0.09033742695370127
9101112,motor,random,1,0.13,early,zero,19,0.08508936699166743
9101112,motor,random,1,0.13,late,action_blind,35,0.05927292682975681
9101112,motor,random,1,0.13,late,adaptive_nonlinear,35,0.037233986394606386
9101112,motor,random,1,0.13,late,knn_all,35,0.03801077489027318
9101112,motor,random,1,0.13,late,knn_recent,35,0.03862005616511607
9101112,motor,random,1,0.13,late,linear,35,0.054611179965273024
9101112,motor,random,1,0.13,late,nonlinear,35,0.03664297202991677
9101112,motor,random,1,0.13,late,zero,35,0.05871972789884046
9101112,motor,random,1,0.13,pre,action_blind,35,0.11246144252783703
9101112,motor,random,1,0.13,pre,adaptive_nonlinear,35,0.03763103020954113
9101112,motor,random,1,0.13,pre,knn_all,35,0.040272398489355134
9101112,motor,random,1,0.13,pre,knn_recent,35,0.040281615907079196
9101112,motor,random,1,0.13,pre,linear,35,0.035153662431665546
9101112,motor,random,1,0.13,pre,nonlinear,35,0.03763103020954113
9101112,motor,random,1,0.13,pre,zero,35,0.10961220563358706
9101112,motor_external,random,1,0.13,counterfactual,action_blind,5,0.07875549199807814
9101112,motor_external,random,1,0.13,counterfactual,adaptive_nonlinear,5,0.08653821532558345
9101112,motor_external,random,1,0.13,counterfactual,knn_all,5,0.07216460462546898
9101112,motor_external,random,1,0.13,counterfactual,knn_recent,5,0.07281208997262953
9101112,motor_external,random,1,0.13,counterfactual,linear,5,0.07628031626038377
9101112,motor_external,random,1,0.13,counterfactual,nonlinear,5,0.08450586243872119
9101112,motor_external,random,1,0.13,counterfactual,zero,5,0.06597458885142525
9101112,motor_external,random,1,0.13,early,action_blind,19,0.1264920119226742
9101112,motor_external,random,1,0.13,early,adaptive_nonlinear,19,0.09273893093114413
9101112,motor_external,random,1,0.13,early,knn_all,19,0.11810134952776993
9101112,motor_external,random,1,0.13,early,knn_recent,19,0.11393658134460245
9101112,motor_external,random,1,0.13,early,linear,19,0.16002355101588342
9101112,motor_external,random,1,0.13,early,nonlinear,19,0.10028677769819377
9101112,motor_external,random,1,0.13,early,zero,19,0.11166700356111932
9101112,motor_external,random,1,0.13,late,action_blind,35,0.04649272180772198
9101112,motor_external,random,1,0.13,late,adaptive_nonlinear,35,0.04086606787474645
9101112,motor_external,random,1,0.13,late,knn_all,35,0.04313885849903364
9101112,motor_external,random,1,0.13,late,knn_recent,35,0.04406067655616159
9101112,motor_external,random,1,0.13,late,linear,35,0.04997242524321374
9101112,motor_external,random,1,0.13,late,nonlinear,35,0.040639147996755796
9101112,motor_external,random,1,0.13,late,zero,35,0.04522088120434752
9101112,motor_external,random,1,0.13,pre,action_blind,35,0.11246144252783703
9101112,motor_external,random,1,0.13,pre,adaptive_nonlinear,35,0.03763103020954113
9101112,motor_external,random,1,0.13,pre,knn_all,35,0.040272398489355134
9101112,motor_external,random,1,0.13,pre,knn_recent,35,0.040281615907079196
9101112,motor_external,random,1,0.13,pre,linear,35,0.035153662431665546
9101112,motor_external,random,1,0.13,pre,nonlinear,35,0.03763103020954113
9101112,motor_external,random,1,0.13,pre,zero,35,0.10961220563358706
9101112,none,random,1,0.13,counterfactual,action_blind,5,0.06652550618315628
9101112,none,random,1,0.13,counterfactual,adaptive_nonlinear,5,0.03721538483662588
9101112,none,random,1,0.13,counterfactual,knn_all,5,0.044369910168115874
9101112,none,random,1,0.13,counterfactual,knn_recent,5,0.043854066176037126
9101112,none,random,1,0.13,counterfactual,linear,5,0.04533817705470307
9101112,none,random,1,0.13,counterfactual,nonlinear,5,0.036692017086989284
9101112,none,random,1,0.13,counterfactual,zero,5,0.0768206883947909
9101112,none,random,1,0.13,early,action_blind,19,0.07490765098956137
9101112,none,random,1,0.13,early,adaptive_nonlinear,19,0.05667278586811336
9101112,none,random,1,0.13,early,knn_all,19,0.05603906588512492
9101112,none,random,1,0.13,early,knn_recent,19,0.05623588997222004
9101112,none,random,1,0.13,early,linear,19,0.060208933174359824
9101112,none,random,1,0.13,early,nonlinear,19,0.05596181537413535
9101112,none,random,1,0.13,early,zero,19,0.06858653000045971
9101112,none,random,1,0.13,late,action_blind,35,0.06644213102896954
9101112,none,random,1,0.13,late,adaptive_nonlinear,35,0.035409825638404
9101112,none,random,1,0.13,late,knn_all,35,0.04046219809363989
9101112,none,random,1,0.13,late,knn_recent,35,0.03955322760183714
9101112,none,random,1,0.13,late,linear,35,0.03893764109547242
9101112,none,random,1,0.13,late,nonlinear,35,0.0351843696079872
9101112,none,random,1,0.13,late,zero,35,0.06392605209356031
9101112,none,random,1,0.13,pre,action_blind,35,0.11246144252783703
9101112,none,random,1,0.13,pre,adaptive_nonlinear,35,0.03763103020954113
9101112,none,random,1,0.13,pre,knn_all,35,0.040272398489355134
9101112,none,random,1,0.13,pre,knn_recent,35,0.040281615907079196
9101112,none,random,1,0.13,pre,linear,35,0.035153662431665546
9101112,none,random,1,0.13,pre,nonlinear,35,0.03763103020954113
9101112,none,random,1,0.13,pre,zero,35,0.10961220563358706
9101112,sensor,random,1,0.13,counterfactual,action_blind,5,0.07077584812327029
9101112,sensor,random,1,0.13,counterfactual,adaptive_nonlinear,5,0.03899845962665629
9101112,sensor,random,1,0.13,counterfactual,knn_all,5,0.04467531879867735
9101112,sensor,random,1,0.13,counterfactual,knn_recent,5,0.04385406617603713
9101112,sensor,random,1,0.13,counterfactual,linear,5,0.04488638590649284
9101112,sensor,random,1,0.13,counterfactual,nonlinear,5,0.03828163473739411
9101112,sensor,random,1,0.13,counterfactual,zero,5,0.0768206883947909
9101112,sensor,random,1,0.13,early,action_blind,19,0.07408070934447178
9101112,sensor,random,1,0.13,early,adaptive_nonlinear,19,0.056883622326112604
9101112,sensor,random,1,0.13,early,knn_all,19,0.05495045206283827
9101112,sensor,random,1,0.13,early,knn_recent,19,0.05518112797103687
9101112,sensor,random,1,0.13,early,linear,19,0.059668146654293104
9101112,sensor,random,1,0.13,early,nonlinear,19,0.05572834608697115
9101112,sensor,random,1,0.13,early,zero,19,0.06858653000045971
9101112,sensor,random,1,0.13,late,action_blind,35,0.06623984768943415
9101112,sensor,random,1,0.13,late,adaptive_nonlinear,35,0.03538000597877115
9101112,sensor,random,1,0.13,late,knn_all,35,0.04043033887309381
9101112,sensor,random,1,0.13,late,knn_recent,35,0.03955322760183714
9101112,sensor,random,1,0.13,late,linear,35,0.03881905208738475
9101112,sensor,random,1,0.13,late,nonlinear,35,0.03499218992325026
9101112,sensor,random,1,0.13,late,zero,35,0.06392605209356031
9101112,sensor,random,1,0.13,pre,action_blind,35,0.11246144252783703
9101112,sensor,random,1,0.13,pre,adaptive_nonlinear,35,0.03763103020954113
9101112,sensor,random,1,0.13,pre,knn_all,35,0.040272398489355134
9101112,sensor,random,1,0.13,pre,knn_recent,35,0.040281615907079196
9101112,sensor,random,1,0.13,pre,linear,35,0.035153662431665546
9101112,sensor,random,1,0.13,pre,nonlinear,35,0.03763103020954113
9101112,sensor,random,1,0.13,pre,zero,35,0.10961220563358706
9101112,unknown_nonlinear,random,1,0.13,counterfactual,action_blind,5,0.06879373959570244
9101112,unknown_nonlinear,random,1,0.13,counterfactual,adaptive_nonlinear,5,0.04959821744075929
9101112,unknown_nonlinear,random,1,0.13,counterfactual,knn_all,5,0.04742134023437783
9101112,unknown_nonlinear,random,1,0.13,counterfactual,knn_recent,5,0.047840967690942975
9101112,unknown_nonlinear,random,1,0.13,counterfactual,linear,5,0.05440366193923281
9101112,unknown_nonlinear,random,1,0.13,counterfactual,nonlinear,5,0.049650782412762315
9101112,unknown_nonlinear,random,1,0.13,counterfactual,zero,5,0.07936962598498612
9101112,unknown_nonlinear,random,1,0.13,early,action_blind,19,0.08054681702665474
9101112,unknown_nonlinear,random,1,0.13,early,adaptive_nonlinear,19,0.05608703062946237
9101112,unknown_nonlinear,random,1,0.13,early,knn_all,19,0.05598533259187386
9101112,unknown_nonlinear,random,1,0.13,early,knn_recent,19,0.05577001261781994
9101112,unknown_nonlinear,random,1,0.13,early,linear,19,0.055124406106854644
9101112,unknown_nonlinear,random,1,0.13,early,nonlinear,19,0.05438433259748105
9101112,unknown_nonlinear,random,1,0.13,early,zero,19,0.07649310029551123
9101112,unknown_nonlinear,random,1,0.13,late,action_blind,35,0.061060962707476005
9101112,unknown_nonlinear,random,1,0.13,late,adaptive_nonlinear,35,0.03937158990112477
9101112,unknown_nonlinear,random,1,0.13,late,knn_all,35,0.04224928480516016
9101112,unknown_nonlinear,random,1,0.13,late,knn_recent,35,0.04198341773087004
9101112,unknown_nonlinear,random,1,0.13,late,linear,35,0.04427133611291397
9101112,unknown_nonlinear,random,1,0.13,late,nonlinear,35,0.03919283133153947
9101112,unknown_nonlinear,random,1,0.13,late,zero,35,0.06049574833569593
9101112,unknown_nonlinear,random,1,0.13,pre,action_blind,35,0.11246144252783703
9101112,unknown_nonlinear,random,1,0.13,pre,adaptive_nonlinear,35,0.03763103020954113
9101112,unknown_nonlinear,random,1,0.13,pre,knn_all,35,0.040272398489355134
9101112,unknown_nonlinear,random,1,0.13,pre,knn_recent,35,0.040281615907079196
9101112,unknown_nonlinear,random,1,0.13,pre,linear,35,0.035153662431665546
9101112,unknown_nonlinear,random,1,0.13,pre,nonlinear,35,0.03763103020954113
9101112,unknown_nonlinear,random,1,0.13,pre,zero,35,0.10961220563358706
9101213,external,random,1,0.13,counterfactual,action_blind,5,0.018288269048170935
9101213,external,random,1,0.13,counterfactual,adaptive_nonlinear,5,0.0293534695017736
9101213,external,random,1,0.13,counterfactual,knn_all,5,0.03274266091186388
9101213,external,random,1,0.13,counterfactual,knn_recent,5,0.033079918912299146
9101213,external,random,1,0.13,counterfactual,linear,5,0.047343408088341185
9101213,external,random,1,0.13,counterfactual,nonlinear,5,0.029110086606317843
9101213,external,random,1,0.13,counterfactual,zero,5,0.021545622854252273
9101213,external,random,1,0.13,early,action_blind,19,0.10095559846980562
9101213,external,random,1,0.13,early,adaptive_nonlinear,19,0.05513281356241791
9101213,external,random,1,0.13,early,knn_all,19,0.059817055340290005
9101213,external,random,1,0.13,early,knn_recent,19,0.05897825437961017
9101213,external,random,1,0.13,early,linear,19,0.07262682097752551
9101213,external,random,1,0.13,early,nonlinear,19,0.054215365670269064
9101213,external,random,1,0.13,early,zero,19,0.11954641487621921
9101213,external,random,1,0.13,late,action_blind,35,0.03793002807399575
9101213,external,random,1,0.13,late,adaptive_nonlinear,35,0.04370728819853963
9101213,external,random,1,0.13,late,knn_all,35,0.041591379257211035
9101213,external,random,1,0.13,late,knn_recent,35,0.04199371680951007
9101213,external,random,1,0.13,late,linear,35,0.06721294021630791
9101213,external,random,1,0.13,late,nonlinear,35,0.04419512447593573
9101213,external,random,1,0.13,late,zero,35,0.041061171574865364
9101213,external,random,1,0.13,pre,action_blind,35,0.08726460848452693
9101213,external,random,1,0.13,pre,adaptive_nonlinear,35,0.03761565681697667
9101213,external,random,1,0.13,pre,knn_all,35,0.03954404285546288
9101213,external,random,1,0.13,pre,knn_recent,35,0.0396642303863521
9101213,external,random,1,0.13,pre,linear,35,0.033730637515999064
9101213,external,random,1,0.13,pre,nonlinear,35,0.036874137806383794
9101213,external,random,1,0.13,pre,zero,35,0.07675932986869669
9101213,motor,random,1,0.13,counterfactual,action_blind,5,0.0752666625755038
9101213,motor,random,1,0.13,counterfactual,adaptive_nonlinear,5,0.023067736389976824
9101213,motor,random,1,0.13,counterfactual,knn_all,5,0.026530976631449175
9101213,motor,random,1,0.13,counterfactual,knn_recent,5,0.03266404374791053
9101213,motor,random,1,0.13,counterfactual,linear,5,0.05489880370742585
9101213,motor,random,1,0.13,counterfactual,nonlinear,5,0.03028405582434327
9101213,motor,random,1,0.13,counterfactual,zero,5,0.08796837669623167
9101213,motor,random,1,0.13,early,action_blind,19,0.1376666582985548
9101213,motor,random,1,0.13,early,adaptive_nonlinear,19,0.03766737907932492
9101213,motor,random,1,0.13,early,knn_all,19,0.05349081331158475
9101213,motor,random,1,0.13,early,knn_recent,19,0.04820426582638169
9101213,motor,random,1,0.13,early,linear,19,0.13119143912698658
9101213,motor,random,1,0.13,early,nonlinear,19,0.04063748708585948
9101213,motor,random,1,0.13,early,zero,19,0.12052382543702755
9101213,motor,random,1,0.13,late,action_blind,35,0.08619750467602116
9101213,motor,random,1,0.13,late,adaptive_nonlinear,35,0.03603205924406088
9101213,motor,random,1,0.13,late,knn_all,35,0.03867368744602777
9101213,motor,random,1,0.13,late,knn_recent,35,0.038911164951707086
9101213,motor,random,1,0.13,late,linear,35,0.05524342493369169
9101213,motor,random,1,0.13,late,nonlinear,35,0.04081283223366655
9101213,motor,random,1,0.13,late,zero,35,0.09226101844183071
9101213,motor,random,1,0.13,pre,action_blind,35,0.08726460848452693
9101213,motor,random,1,0.13,pre,adaptive_nonlinear,35,0.03761565681697667
9101213,motor,random,1,0.13,pre,knn_all,35,0.03954404285546288
9101213,motor,random,1,0.13,pre,knn_recent,35,0.0396642303863521
9101213,motor,random,1,0.13,pre,linear,35,0.033730637515999064
9101213,motor,random,1,0.13,pre,nonlinear,35,0.036874137806383794
9101213,motor,random,1,0.13,pre,zero,35,0.07675932986869669
9101213,motor_external,random,1,0.13,counterfactual,action_blind,5,0.03230945934518875
9101213,motor_external,random,1,0.13,counterfactual,adaptive_nonlinear,5,0.04662191779697334
9101213,motor_external,random,1,0.13,counterfactual,knn_all,5,0.05355341787854986
9101213,motor_external,random,1,0.13,counterfactual,knn_recent,5,0.055199459677234254
9101213,motor_external,random,1,0.13,counterfactual,linear,5,0.04687285211320901
9101213,motor_external,random,1,0.13,counterfactual,nonlinear,5,0.058535815327512994
9101213,motor_external,random,1,0.13,counterfactual,zero,5,0.04020918523253442
9101213,motor_external,random,1,0.13,early,action_blind,19,0.15293768776951322
9101213,motor_external,random,1,0.13,early,adaptive_nonlinear,19,0.12799661692615122
9101213,motor_external,random,1,0.13,early,knn_all,19,0.14977834522028804
9101213,motor_external,random,1,0.13,early,knn_recent,19,0.06863247429064474
9101213,motor_external,random,1,0.13,early,linear,19,0.15153102276163266
9101213,motor_external,random,1,0.13,early,nonlinear,19,0.18413526673322606
9101213,motor_external,random,1,0.13,early,zero,19,0.15383100254261817
9101213,motor_external,random,1,0.13,late,action_blind,35,0.03854660802911468
9101213,motor_external,random,1,0.13,late,adaptive_nonlinear,35,0.04860899969034303
9101213,motor_external,random,1,0.13,late,knn_all,35,0.04922365274721623
9101213,motor_external,random,1,0.13,late,knn_recent,35,0.049911676559724734
9101213,motor_external,random,1,0.13,late,linear,35,0.0558061483252419
9101213,motor_external,random,1,0.13,late,nonlinear,35,0.057089605830345135
9101213,motor_external,random,1,0.13,late,zero,35,0.039758737665958686
9101213,motor_external,random,1,0.13,pre,action_blind,35,0.08726460848452693
9101213,motor_external,random,1,0.13,pre,adaptive_nonlinear,35,0.03761565681697667
9101213,motor_external,random,1,0.13,pre,knn_all,35,0.03954404285546288
9101213,motor_external,random,1,0.13,pre,knn_recent,35,0.0396642303863521
9101213,motor_external,random,1,0.13,pre,linear,35,0.033730637515999064
9101213,motor_external,random,1,0.13,pre,nonlinear,35,0.036874137806383794
9101213,motor_external,random,1,0.13,pre,zero,35,0.07675932986869669
9101213,none,random,1,0.13,counterfactual,action_blind,5,0.06124943853720274
9101213,none,random,1,0.13,counterfactual,adaptive_nonlinear,5,0.021131255026429888
9101213,none,random,1,0.13,counterfactual,knn_all,5,0.029267310304482597
9101213,none,random,1,0.13,counterfactual,knn_recent,5,0.031147012383700684
9101213,none,random,1,0.13,counterfactual,linear,5,0.023951696223826945
9101213,none,random,1,0.13,counterfactual,nonlinear,5,0.021546344026133167
9101213,none,random,1,0.13,counterfactual,zero,5,0.05794839506784427
9101213,none,random,1,0.13,early,action_blind,19,0.10813819784722324
9101213,none,random,1,0.13,early,adaptive_nonlinear,19,0.03196687274420138
9101213,none,random,1,0.13,early,knn_all,19,0.039055315107169516
9101213,none,random,1,0.13,early,knn_recent,19,0.04387716769230974
9101213,none,random,1,0.13,early,linear,19,0.03141985746337131
9101213,none,random,1,0.13,early,nonlinear,19,0.031996276826894154
9101213,none,random,1,0.13,early,zero,19,0.10054729670782028
9101213,none,random,1,0.13,late,action_blind,35,0.0687347164883632
9101213,none,random,1,0.13,late,adaptive_nonlinear,35,0.03421151778454491
9101213,none,random,1,0.13,late,knn_all,35,0.038214430747818426
9101213,none,random,1,0.13,late,knn_recent,35,0.03936049795781067
9101213,none,random,1,0.13,late,linear,35,0.038134525690094075
9101213,none,random,1,0.13,late,nonlinear,35,0.034422036557973816
9101213,none,random,1,0.13,late,zero,35,0.0706479780235474
9101213,none,random,1,0.13,pre,action_blind,35,0.08726460848452693
9101213,none,random,1,0.13,pre,adaptive_nonlinear,35,0.03761565681697667
9101213,none,random,1,0.13,pre,knn_all,35,0.03954404285546288
9101213,none,random,1,0.13,pre,knn_recent,35,0.0396642303863521
9101213,none,random,1,0.13,pre,linear,35,0.033730637515999064
9101213,none,random,1,0.13,pre,nonlinear,35,0.036874137806383794
9101213,none,random,1,0.13,pre,zero,35,0.07675932986869669
9101213,sensor,random,1,0.13,counterfactual,action_blind,5,0.06385739022740781
9101213,sensor,random,1,0.13,counterfactual,adaptive_nonlinear,5,0.024679676476327912
9101213,sensor,random,1,0.13,counterfactual,knn_all,5,0.029691068928162555
9101213,sensor,random,1,0.13,counterfactual,knn_recent,5,0.031147012383700684
9101213,sensor,random,1,0.13,counterfactual,linear,5,0.023077180451498654
9101213,sensor,random,1,0.13,counterfactual,nonlinear,5,0.02469740561387394
9101213,sensor,random,1,0.13,counterfactual,zero,5,0.05794839506784427
9101213,sensor,random,1,0.13,early,action_blind,19,0.1116421696402615
9101213,sensor,random,1,0.13,early,adaptive_nonlinear,19,0.0343756201073408
9101213,sensor,random,1,0.13,early,knn_all,19,0.03896120041921589
9101213,sensor,random,1,0.13,early,knn_recent,19,0.04395997033382189
9101213,sensor,random,1,0.13,early,linear,19,0.0313839528036418
9101213,sensor,random,1,0.13,early,nonlinear,19,0.03410332901111971
9101213,sensor,random,1,0.13,early,zero,19,0.10054729670782028
9101213,sensor,random,1,0.13,late,action_blind,35,0.06639145998348675
9101213,sensor,random,1,0.13,late,adaptive_nonlinear,35,0.035072260945865796
9101213,sensor,random,1,0.13,late,knn_all,35,0.038404077535251754
9101213,sensor,random,1,0.13,late,knn_recent,35,0.03936049795781067
9101213,sensor,random,1,0.13,late,linear,35,0.037967675306858024
9101213,sensor,random,1,0.13,late,nonlinear,35,0.0351946817466941
9101213,sensor,random,1,0.13,late,zero,35,0.0706479780235474
9101213,sensor,random,1,0.13,pre,action_blind,35,0.08726460848452693
9101213,sensor,random,1,0.13,pre,adaptive_nonlinear,35,0.03761565681697667
9101213,sensor,random,1,0.13,pre,knn_all,35,0.03954404285546288
9101213,sensor,random,1,0.13,pre,knn_recent,35,0.0396642303863521
9101213,sensor,random,1,0.13,pre,linear,35,0.033730637515999064
9101213,sensor,random,1,0.13,pre,nonlinear,35,0.036874137806383794
9101213,sensor,random,1,0.13,pre,zero,35,0.07675932986869669
9101213,unknown_nonlinear,random,1,0.13,counterfactual,action_blind,5,0.09347472728989219
9101213,unknown_nonlinear,random,1,0.13,counterfactual,adaptive_nonlinear,5,0.0268955334082562
9101213,unknown_nonlinear,random,1,0.13,counterfactual,knn_all,5,0.02578036402572274
9101213,unknown_nonlinear,random,1,0.13,counterfactual,knn_recent,5,0.035963990985359094
9101213,unknown_nonlinear,random,1,0.13,counterfactual,linear,5,0.024372081319573385
9101213,unknown_nonlinear,random,1,0.13,counterfactual,nonlinear,5,0.027536313876292313
9101213,unknown_nonlinear,random,1,0.13,counterfactual,zero,5,0.09881915460158333
9101213,unknown_nonlinear,random,1,0.13,early,action_blind,19,0.08657301756680073
9101213,unknown_nonlinear,random,1,0.13,early,adaptive_nonlinear,19,0.03119781914268722
9101213,unknown_nonlinear,random,1,0.13,early,knn_all,19,0.041605316463979455
9101213,unknown_nonlinear,random,1,0.13,early,knn_recent,19,0.04358882342249528
9101213,unknown_nonlinear,random,1,0.13,early,linear,19,0.03576724077381142
9101213,unknown_nonlinear,random,1,0.13,early,nonlinear,19,0.031938687645418566
9101213,unknown_nonlinear,random,1,0.13,early,zero,19,0.08868418341668712
9101213,unknown_nonlinear,random,1,0.13,late,action_blind,35,0.13680023954371667
9101213,unknown_nonlinear,random,1,0.13,late,adaptive_nonlinear,35,0.04225697211619791
9101213,unknown_nonlinear,random,1,0.13,late,knn_all,35,0.04346139134117917
9101213,unknown_nonlinear,random,1,0.13,late,knn_recent,35,0.04494961025105685
9101213,unknown_nonlinear,random,1,0.13,late,linear,35,0.05103124812839667
9101213,unknown_nonlinear,random,1,0.13,late,nonlinear,35,0.04247947695705793
9101213,unknown_nonlinear,random,1,0.13,late,zero,35,0.13250536579066105
9101213,unknown_nonlinear,random,1,0.13,pre,action_blind,35,0.08726460848452693
9101213,unknown_nonlinear,random,1,0.13,pre,adaptive_nonlinear,35,0.03761565681697667
9101213,unknown_nonlinear,random,1,0.13,pre,knn_all,35,0.03954404285546288
9101213,unknown_nonlinear,random,1,0.13,pre,knn_recent,35,0.0396642303863521
9101213,unknown_nonlinear,random,1,0.13,pre,linear,35,0.033730637515999064
9101213,unknown_nonlinear,random,1,0.13,pre,nonlinear,35,0.036874137806383794
9101213,unknown_nonlinear,random,1,0.13,pre,zero,35,0.07675932986869669
9101314,external,random,1,0.13,counterfactual,action_blind,5,0.07480634299110506
9101314,external,random,1,0.13,counterfactual,adaptive_nonlinear,5,0.023191039977620495
9101314,external,random,1,0.13,counterfactual,knn_all,5,0.026584540284936713
9101314,external,random,1,0.13,counterfactual,knn_recent,5,0.02633085638301045
9101314,external,random,1,0.13,counterfactual,linear,5,0.03052069883136444
9101314,external,random,1,0.13,counterfactual,nonlinear,5,0.021759132310121988
9101314,external,random,1,0.13,counterfactual,zero,5,0.06834803051955976
9101314,external,random,1,0.13,early,action_blind,19,0.11398501587752304
9101314,external,random,1,0.13,early,adaptive_nonlinear,19,0.07313254911721269
9101314,external,random,1,0.13,early,knn_all,19,0.07790388311845775
9101314,external,random,1,0.13,early,knn_recent,19,0.07824917532009763
9101314,external,random,1,0.13,early,linear,19,0.08663665275331557
9101314,external,random,1,0.13,early,nonlinear,19,0.07317837171258908
9101314,external,random,1,0.13,early,zero,19,0.10728189636294437
9101314,external,random,1,0.13,late,action_blind,35,0.07013135937859302
9101314,external,random,1,0.13,late,adaptive_nonlinear,35,0.0458749588644853
9101314,external,random,1,0.13,late,knn_all,35,0.04459713704863091
9101314,external,random,1,0.13,late,knn_recent,35,0.04477937073985601
9101314,external,random,1,0.13,late,linear,35,0.05296489553089114
9101314,external,random,1,0.13,late,nonlinear,35,0.04473785030022537
9101314,external,random,1,0.13,late,zero,35,0.06940720886005808
9101314,external,random,1,0.13,pre,action_blind,35,0.10634699955482992
9101314,external,random,1,0.13,pre,adaptive_nonlinear,35,0.04251105418539829
9101314,external,random,1,0.13,pre,knn_all,35,0.04500201919728647
9101314,external,random,1,0.13,pre,knn_recent,35,0.045949188051726764
9101314,external,random,1,0.13,pre,linear,35,0.039593121343060755
9101314,external,random,1,0.13,pre,nonlinear,35,0.04228036109541734
9101314,external,random,1,0.13,pre,zero,35,0.09983422058608095
9101314,motor,random,1,0.13,counterfactual,action_blind,5,0.09363834181823176
9101314,motor,random,1,0.13,counterfactual,adaptive_nonlinear,5,0.027580991003482748
9101314,motor,random,1,0.13,counterfactual,knn_all,5,0.027349386741704822
9101314,motor,random,1,0.13,counterfactual,knn_recent,5,0.026787727599285098
9101314,motor,random,1,0.13,counterfactual,linear,5,0.06194866096915689
9101314,motor,random,1,0.13,counterfactual,nonlinear,5,0.03328994991116585
9101314,motor,random,1,0.13,counterfactual,zero,5,0.07933277482010422
9101314,motor,random,1,0.13,early,action_blind,19,0.11212459032844706
9101314,motor,random,1,0.13,early,adaptive_nonlinear,19,0.0875341570329145
9101314,motor,random,1,0.13,early,knn_all,19,0.09141766943231434
9101314,motor,random,1,0.13,early,knn_recent,19,0.09115028106367729
9101314,motor,random,1,0.13,early,linear,19,0.13392685049530764
9101314,motor,random,1,0.13,early,nonlinear,19,0.08951924484441727
9101314,motor,random,1,0.13,early,zero,19,0.10888587462934962
9101314,motor,random,1,0.13,late,action_blind,35,0.10129242632304435
9101314,motor,random,1,0.13,late,adaptive_nonlinear,35,0.03876353800967727
9101314,motor,random,1,0.13,late,knn_all,35,0.03891369702657391
9101314,motor,random,1,0.13,late,knn_recent,35,0.03328758497377952
9101314,motor,random,1,0.13,late,linear,35,0.07137666803671189
9101314,motor,random,1,0.13,late,nonlinear,35,0.042465993454816435
9101314,motor,random,1,0.13,late,zero,35,0.09796695757751839
9101314,motor,random,1,0.13,pre,action_blind,35,0.10634699955482992
9101314,motor,random,1,0.13,pre,adaptive_nonlinear,35,0.04251105418539829
9101314,motor,random,1,0.13,pre,knn_all,35,0.04500201919728647
9101314,motor,random,1,0.13,pre,knn_recent,35,0.045949188051726764
9101314,motor,random,1,0.13,pre,linear,35,0.039593121343060755
9101314,motor,random,1,0.13,pre,nonlinear,35,0.04228036109541734
9101314,motor,random,1,0.13,pre,zero,35,0.09983422058608095
9101314,motor_external,random,1,0.13,counterfactual,action_blind,5,0.061700307557766045
9101314,motor_external,random,1,0.13,counterfactual,adaptive_nonlinear,5,0.023583889800088638
9101314,motor_external,random,1,0.13,counterfactual,knn_all,5,0.028421947112516277
9101314,motor_external,random,1,0.13,counterfactual,knn_recent,5,0.028323700720087754
9101314,motor_external,random,1,0.13,counterfactual,linear,5,0.054615439465425596
9101314,motor_external,random,1,0.13,counterfactual,nonlinear,5,0.022560159519545105
9101314,motor_external,random,1,0.13,counterfactual,zero,5,0.06826077104219448
9101314,motor_external,random,1,0.13,early,action_blind,19,0.11016342238230659
9101314,motor_external,random,1,0.13,early,adaptive_nonlinear,19,0.08880570660846765
9101314,motor_external,random,1,0.13,early,knn_all,19,0.09297431906655297
9101314,motor_external,random,1,0.13,early,knn_recent,19,0.09312091815552048
9101314,motor_external,random,1,0.13,early,linear,19,0.12575171183573516
9101314,motor_external,random,1,0.13,early,nonlinear,19,0.08565072011755363
9101314,motor_external,random,1,0.13,early,zero,19,0.10446129251205345
9101314,motor_external,random,1,0.13,late,action_blind,35,0.08357405555512014
9101314,motor_external,random,1,0.13,late,adaptive_nonlinear,35,0.03697799013740217
9101314,motor_external,random,1,0.13,late,knn_all,35,0.037904744869994136
9101314,motor_external,random,1,0.13,late,knn_recent,35,0.037920110640475214
9101314,motor_external,random,1,0.13,late,linear,35,0.06856912691046964
9101314,motor_external,random,1,0.13,late,nonlinear,35,0.038874561125915696
9101314,motor_external,random,1,0.13,late,zero,35,0.08246803489432335
9101314,motor_external,random,1,0.13,pre,action_blind,35,0.10634699955482992
9101314,motor_external,random,1,0.13,pre,adaptive_nonlinear,35,0.04251105418539829
9101314,motor_external,random,1,0.13,pre,knn_all,35,0.04500201919728647
9101314,motor_external,random,1,0.13,pre,knn_recent,35,0.045949188051726764
9101314,motor_external,random,1,0.13,pre,linear,35,0.039593121343060755
9101314,motor_external,random,1,0.13,pre,nonlinear,35,0.04228036109541734
9101314,motor_external,random,1,0.13,pre,zero,35,0.09983422058608095
9101314,none,random,1,0.13,counterfactual,action_blind,5,0.08205983003479869
9101314,none,random,1,0.13,counterfactual,adaptive_nonlinear,5,0.02506923056423348
9101314,none,random,1,0.13,counterfactual,knn_all,5,0.03271513543487118
9101314,none,random,1,0.13,counterfactual,knn_recent,5,0.03152754048331214
9101314,none,random,1,0.13,counterfactual,linear,5,0.022386845250271386
9101314,none,random,1,0.13,counterfactual,nonlinear,5,0.02373526903271801
9101314,none,random,1,0.13,counterfactual,zero,5,0.09071419195548804
9101314,none,random,1,0.13,early,action_blind,19,0.11850378781524128
9101314,none,random,1,0.13,early,adaptive_nonlinear,19,0.048987516021241365
9101314,none,random,1,0.13,early,knn_all,19,0.05727074694887492
9101314,none,random,1,0.13,early,knn_recent,19,0.05720914409325657
9101314,none,random,1,0.13,early,linear,19,0.06085350024883016
9101314,none,random,1,0.13,early,nonlinear,19,0.0480322380880028
9101314,none,random,1,0.13,early,zero,19,0.10839649681531283
9101314,none,random,1,0.13,late,action_blind,35,0.0806982800457591
9101314,none,random,1,0.13,late,adaptive_nonlinear,35,0.03140840866264649
9101314,none,random,1,0.13,late,knn_all,35,0.033489914173998096
9101314,none,random,1,0.13,late,knn_recent,35,0.03374327033577411
9101314,none,random,1,0.13,late,linear,35,0.035598738412544684
9101314,none,random,1,0.13,late,nonlinear,35,0.03147716616250727
9101314,none,random,1,0.13,late,zero,35,0.08081618995158386
9101314,none,random,1,0.13,pre,action_blind,35,0.10634699955482992
9101314,none,random,1,0.13,pre,adaptive_nonlinear,35,0.04251105418539829
9101314,none,random,1,0.13,pre,knn_all,35,0.04500201919728647
9101314,none,random,1,0.13,pre,knn_recent,35,0.045949188051726764
9101314,none,random,1,0.13,pre,linear,35,0.039593121343060755
9101314,none,random,1,0.13,pre,nonlinear,35,0.04228036109541734
9101314,none,random,1,0.13,pre,zero,35,0.09983422058608095
9101314,sensor,random,1,0.13,counterfactual,action_blind,5,0.08339784319108431
9101314,sensor,random,1,0.13,counterfactual,adaptive_nonlinear,5,0.02680905861671016
9101314,sensor,random,1,0.13,counterfactual,knn_all,5,0.03261430199714828
9101314,sensor,random,1,0.13,counterfactual,knn_recent,5,0.03152754048331214
9101314,sensor,random,1,0.13,counterfactual,linear,5,0.021515408680346196
9101314,sensor,random,1,0.13,counterfactual,nonlinear,5,0.024946361764255243
9101314,sensor,random,1,0.13,counterfactual,zero,5,0.09071419195548804
9101314,sensor,random,1,0.13,early,action_blind,19,0.1213347978405519
9101314,sensor,random,1,0.13,early,adaptive_nonlinear,19,0.05083138344031265
9101314,sensor,random,1,0.13,early,knn_all,19,0.05841391282158464
9101314,sensor,random,1,0.13,early,knn_recent,19,0.05840732659926199
9101314,sensor,random,1,0.13,early,linear,19,0.061050672997656694
9101314,sensor,random,1,0.13,early,nonlinear,19,0.04892713991467503
9101314,sensor,random,1,0.13,early,zero,19,0.10839649681531283
9101314,sensor,random,1,0.13,late,action_blind,35,0.08125197397512518
9101314,sensor,random,1,0.13,late,adaptive_nonlinear,35,0.031603804843403846
9101314,sensor,random,1,0.13,late,knn_all,35,0.03308412327277851
9101314,sensor,random,1,0.13,late,knn_recent,35,0.03369491936785031
9101314,sensor,random,1,0.13,late,linear,35,0.03559791616876387
9101314,sensor,random,1,0.13,late,nonlinear,35,0.031574550417818974
9101314,sensor,random,1,0.13,late,zero,35,0.08081618995158386
9101314,sensor,random,1,0.13,pre,action_blind,35,0.10634699955482992
9101314,sensor,random,1,0.13,pre,adaptive_nonlinear,35,0.04251105418539829
9101314,sensor,random,1,0.13,pre,knn_all,35,0.04500201919728647
9101314,sensor,random,1,0.13,pre,knn_recent,35,0.045949188051726764
9101314,sensor,random,1,0.13,pre,linear,35,0.039593121343060755
9101314,sensor,random,1,0.13,pre,nonlinear,35,0.04228036109541734
9101314,sensor,random,1,0.13,pre,zero,35,0.09983422058608095
9101314,unknown_nonlinear,random,1,0.13,counterfactual,action_blind,5,0.08429636739608584
9101314,unknown_nonlinear,random,1,0.13,counterfactual,adaptive_nonlinear,5,0.03422889867290609
9101314,unknown_nonlinear,random,1,0.13,counterfactual,knn_all,5,0.036115688502849914
9101314,unknown_nonlinear,random,1,0.13,counterfactual,knn_recent,5,0.034788027325684756
9101314,unknown_nonlinear,random,1,0.13,counterfactual,linear,5,0.022574742741776087
9101314,unknown_nonlinear,random,1,0.13,counterfactual,nonlinear,5,0.03466773136967739
9101314,unknown_nonlinear,random,1,0.13,counterfactual,zero,5,0.06849227266835126
9101314,unknown_nonlinear,random,1,0.13,early,action_blind,19,0.1275818269893996
9101314,unknown_nonlinear,random,1,0.13,early,adaptive_nonlinear,19,0.057746422202630356
9101314,unknown_nonlinear,random,1,0.13,early,knn_all,19,0.06679767926946716
9101314,unknown_nonlinear,random,1,0.13,early,knn_recent,19,0.06677110530726921
9101314,unknown_nonlinear,random,1,0.13,early,linear,19,0.07412760387659487
9101314,unknown_nonlinear,random,1,0.13,early,nonlinear,19,0.05731026106305195
9101314,unknown_nonlinear,random,1,0.13,early,zero,19,0.11775004301490483
9101314,unknown_nonlinear,random,1,0.13,late,action_blind,35,0.08169254481896382
9101314,unknown_nonlinear,random,1,0.13,late,adaptive_nonlinear,35,0.03662056771508626
9101314,unknown_nonlinear,random,1,0.13,late,knn_all,35,0.03897867567361065
9101314,unknown_nonlinear,random,1,0.13,late,knn_recent,35,0.038948485444852604
9101314,unknown_nonlinear,random,1,0.13,late,linear,35,0.038335952775690005
9101314,unknown_nonlinear,random,1,0.13,late,nonlinear,35,0.03667398009700892
9101314,unknown_nonlinear,random,1,0.13,late,zero,35,0.0762472273835692
9101314,unknown_nonlinear,random,1,0.13,pre,action_blind,35,0.10634699955482992
9101314,unknown_nonlinear,random,1,0.13,pre,adaptive_nonlinear,35,0.04251105418539829
9101314,unknown_nonlinear,random,1,0.13,pre,knn_all,35,0.04500201919728647
9101314,unknown_nonlinear,random,1,0.13,pre,knn_recent,35,0.045949188051726764
9101314,unknown_nonlinear,random,1,0.13,pre,linear,35,0.039593121343060755
9101314,unknown_nonlinear,random,1,0.13,pre,nonlinear,35,0.04228036109541734
9101314,unknown_nonlinear,random,1,0.13,pre,zero,35,0.09983422058608095
9101415,external,random,1,0.13,counterfactual,action_blind,5,0.12060907896508281
9101415,external,random,1,0.13,counterfactual,adaptive_nonlinear,5,0.10497687995140606
9101415,external,random,1,0.13,counterfactual,knn_all,5,0.09964978408567692
9101415,external,random,1,0.13,counterfactual,knn_recent,5,0.09964978408567692
9101415,external,random,1,0.13,counterfactual,linear,5,0.11330668410727751
9101415,external,random,1,0.13,counterfactual,nonlinear,5,0.10326753391269741
9101415,external,random,1,0.13,counterfactual,zero,5,0.09399415972005123
9101415,external,random,1,0.13,early,action_blind,19,0.10429026172512244
9101415,external,random,1,0.13,early,adaptive_nonlinear,19,0.08981123411226542
9101415,external,random,1,0.13,early,knn_all,19,0.0944771844562762
9101415,external,random,1,0.13,early,knn_recent,19,0.09693512339200291
9101415,external,random,1,0.13,early,linear,19,0.10112419725498682
9101415,external,random,1,0.13,early,nonlinear,19,0.09103474041024001
9101415,external,random,1,0.13,early,zero,19,0.0877699051644029
9101415,external,random,1,0.13,late,action_blind,35,0.0742087137699016
9101415,external,random,1,0.13,late,adaptive_nonlinear,35,0.05900835831859563
9101415,external,random,1,0.13,late,knn_all,35,0.05825835287029873
9101415,external,random,1,0.13,late,knn_recent,35,0.06154028444081681
9101415,external,random,1,0.13,late,linear,35,0.06917870046055953
9101415,external,random,1,0.13,late,nonlinear,35,0.05703630434237865
9101415,external,random,1,0.13,late,zero,35,0.07796520242378946
9101415,external,random,1,0.13,pre,action_blind,35,0.12741507360970641
9101415,external,random,1,0.13,pre,adaptive_nonlinear,35,0.03954302485252351
9101415,external,random,1,0.13,pre,knn_all,35,0.045438472537456163
9101415,external,random,1,0.13,pre,knn_recent,35,0.04573143951647607
9101415,external,random,1,0.13,pre,linear,35,0.04336178785959454
9101415,external,random,1,0.13,pre,nonlinear,35,0.03893574958604096
9101415,external,random,1,0.13,pre,zero,35,0.11657654764954535
9101415,motor,random,1,0.13,counterfactual,action_blind,5,0.11715120480314407
9101415,motor,random,1,0.13,counterfactual,adaptive_nonlinear,5,0.10078137793691959
9101415,motor,random,1,0.13,counterfactual,knn_all,5,0.10429718759322262
9101415,motor,random,1,0.13,counterfactual,knn_recent,5,0.10615411155239984
9101415,motor,random,1,0.13,counterfactual,linear,5,0.10623674697022327
9101415,motor,random,1,0.13,counterfactual,nonlinear,5,0.0903547508314997
9101415,motor,random,1,0.13,counterfactual,zero,5,0.11086912710395133
9101415,motor,random,1,0.13,early,action_blind,19,0.06913004639712947
9101415,motor,random,1,0.13,early,adaptive_nonlinear,19,0.05359762337967027
9101415,motor,random,1,0.13,early,knn_all,19,0.07180396384262848
9101415,motor,random,1,0.13,early,knn_recent,19,0.07432847909109479
9101415,motor,random,1,0.13,early,linear,19,0.11862009649458305
9101415,motor,random,1,0.13,early,nonlinear,19,0.053661292444519657
9101415,motor,random,1,0.13,early,zero,19,0.0664127634556559
9101415,motor,random,1,0.13,late,action_blind,35,0.05389680966702054
9101415,motor,random,1,0.13,late,adaptive_nonlinear,35,0.044553400038611815
9101415,motor,random,1,0.13,late,knn_all,35,0.05049203666941568
9101415,motor,random,1,0.13,late,knn_recent,35,0.05066204312258333
9101415,motor,random,1,0.13,late,linear,35,0.05745409426624598
9101415,motor,random,1,0.13,late,nonlinear,35,0.04456726263338731
9101415,motor,random,1,0.13,late,zero,35,0.05759984168780145
9101415,motor,random,1,0.13,pre,action_blind,35,0.12741507360970641
9101415,motor,random,1,0.13,pre,adaptive_nonlinear,35,0.03954302485252351
9101415,motor,random,1,0.13,pre,knn_all,35,0.045438472537456163
9101415,motor,random,1,0.13,pre,knn_recent,35,0.04573143951647607
9101415,motor,random,1,0.13,pre,linear,35,0.04336178785959454
9101415,motor,random,1,0.13,pre,nonlinear,35,0.03893574958604096
9101415,motor,random,1,0.13,pre,zero,35,0.11657654764954535
9101415,motor_external,random,1,0.13,counterfactual,action_blind,5,0.09602562325814522
9101415,motor_external,random,1,0.13,counterfactual,adaptive_nonlinear,5,0.08602604060890809
9101415,motor_external,random,1,0.13,counterfactual,knn_all,5,0.0966483233638054
9101415,motor_external,random,1,0.13,counterfactual,knn_recent,5,0.0966483233638054
9101415,motor_external,random,1,0.13,counterfactual,linear,5,0.12095956861111748
9101415,motor_external,random,1,0.13,counterfactual,nonlinear,5,0.09157498289461777
9101415,motor_external,random,1,0.13,counterfactual,zero,5,0.1255810458939693
9101415,motor_external,random,1,0.13,early,action_blind,19,0.12161760321426658
9101415,motor_external,random,1,0.13,early,adaptive_nonlinear,19,0.0965760386603841
9101415,motor_external,random,1,0.13,early,knn_all,19,0.11658761571480204
9101415,motor_external,random,1,0.13,early,knn_recent,19,0.12131725053324219
9101415,motor_external,random,1,0.13,early,linear,19,0.1557933674914953
9101415,motor_external,random,1,0.13,early,nonlinear,19,0.09481150784818687
9101415,motor_external,random,1,0.13,early,zero,19,0.10315253833857885
9101415,motor_external,random,1,0.13,late,action_blind,35,0.0731075626349339
9101415,motor_external,random,1,0.13,late,adaptive_nonlinear,35,0.05524365420435834
9101415,motor_external,random,1,0.13,late,knn_all,35,0.05591422500254481
9101415,motor_external,random,1,0.13,late,knn_recent,35,0.05610907050497351
9101415,motor_external,random,1,0.13,late,linear,35,0.07097609887983124
9101415,motor_external,random,1,0.13,late,nonlinear,35,0.056829032518958766
9101415,motor_external,random,1,0.13,late,zero,35,0.07216037397899924
9101415,motor_external,random,1,0.13,pre,action_blind,35,0.12741507360970641
9101415,motor_external,random,1,0.13,pre,adaptive_nonlinear,35,0.03954302485252351
9101415,motor_external,random,1,0.13,pre,knn_all,35,0.045438472537456163
9101415,motor_external,random,1,0.13,pre,knn_recent,35,0.04573143951647607
9101415,motor_external,random,1,0.13,pre,linear,35,0.04336178785959454
9101415,motor_external,random,1,0.13,pre,nonlinear,35,0.03893574958604096
9101415,motor_external,random,1,0.13,pre,zero,35,0.11657654764954535
9101415,none,random,1,0.13,counterfactual,action_blind,5,0.14111293123871457
9101415,none,random,1,0.13,counterfactual,adaptive_nonlinear,5,0.08632220268367155
9101415,none,random,1,0.13,counterfactual,knn_all,5,0.09492198866815711
9101415,none,random,1,0.13,counterfactual,knn_recent,5,0.09788956924221295
9101415,none,random,1,0.13,counterfactual,linear,5,0.0929918658515978
9101415,none,random,1,0.13,counterfactual,nonlinear,5,0.08548001554929145
9101415,none,random,1,0.13,counterfactual,zero,5,0.1103437324789307
9101415,none,random,1,0.13,early,action_blind,19,0.08773469778398157
9101415,none,random,1,0.13,early,adaptive_nonlinear,19,0.04778878966699832
9101415,none,random,1,0.13,early,knn_all,19,0.05183951377702512
9101415,none,random,1,0.13,early,knn_recent,19,0.052795281936505865
9101415,none,random,1,0.13,early,linear,19,0.05765083605833107
9101415,none,random,1,0.13,early,nonlinear,19,0.04802631445854372
9101415,none,random,1,0.13,early,zero,19,0.09035700425579869
9101415,none,random,1,0.13,late,action_blind,35,0.08131251378765185
9101415,none,random,1,0.13,late,adaptive_nonlinear,35,0.049668451935053655
9101415,none,random,1,0.13,late,knn_all,35,0.05428292280392369
9101415,none,random,1,0.13,late,knn_recent,35,0.054686478627187736
9101415,none,random,1,0.13,late,linear,35,0.05096337682317896
9101415,none,random,1,0.13,late,nonlinear,35,0.04850061895056062
9101415,none,random,1,0.13,late,zero,35,0.07722431755718273
9101415,none,random,1,0.13,pre,action_blind,35,0.12741507360970641
9101415,none,random,1,0.13,pre,adaptive_nonlinear,35,0.03954302485252351
9101415,none,random,1,0.13,pre,knn_all,35,0.045438472537456163
9101415,none,random,1,0.13,pre,knn_recent,35,0.04573143951647607
9101415,none,random,1,0.13,pre,linear,35,0.04336178785959454
9101415,none,random,1,0.13,pre,nonlinear,35,0.03893574958604096
9101415,none,random,1,0.13,pre,zero,35,0.11657654764954535
9101415,sensor,random,1,0.13,counterfactual,action_blind,5,0.1573234746238889
9101415,sensor,random,1,0.13,counterfactual,adaptive_nonlinear,5,0.09058827712476152
9101415,sensor,random,1,0.13,counterfactual,knn_all,5,0.09492198866815711
9101415,sensor,random,1,0.13,counterfactual,knn_recent,5,0.09788956924221295
9101415,sensor,random,1,0.13,counterfactual,linear,5,0.09421476115890362
9101415,sensor,random,1,0.13,counterfactual,nonlinear,5,0.08897311318267001
9101415,sensor,random,1,0.13,counterfactual,zero,5,0.1103437324789307
9101415,sensor,random,1,0.13,early,action_blind,19,0.08865382867303367
9101415,sensor,random,1,0.13,early,adaptive_nonlinear,19,0.04972038954047983
9101415,sensor,random,1,0.13,early,knn_all,19,0.05303466684895065
9101415,sensor,random,1,0.13,early,knn_recent,19,0.05416525234626671
9101415,sensor,random,1,0.13,early,linear,19,0.057631197701759104
9101415,sensor,random,1,0.13,early,nonlinear,19,0.04982810068114021
9101415,sensor,random,1,0.13,early,zero,19,0.09035700425579869
9101415,sensor,random,1,0.13,late,action_blind,35,0.08266289201472898
9101415,sensor,random,1,0.13,late,adaptive_nonlinear,35,0.049941948912962705
9101415,sensor,random,1,0.13,late,knn_all,35,0.054195323976560336
9101415,sensor,random,1,0.13,late,knn_recent,35,0.054686478627187736
9101415,sensor,random,1,0.13,late,linear,35,0.051027205080602246
9101415,sensor,random,1,0.13,late,nonlinear,35,0.048570025623528995
9101415,sensor,random,1,0.13,late,zero,35,0.07722431755718273
9101415,sensor,random,1,0.13,pre,action_blind,35,0.12741507360970641
9101415,sensor,random,1,0.13,pre,adaptive_nonlinear,35,0.03954302485252351
9101415,sensor,random,1,0.13,pre,knn_all,35,0.045438472537456163
9101415,sensor,random,1,0.13,pre,knn_recent,35,0.04573143951647607
9101415,sensor,random,1,0.13,pre,linear,35,0.04336178785959454
9101415,sensor,random,1,0.13,pre,nonlinear,35,0.03893574958604096
9101415,sensor,random,1,0.13,pre,zero,35,0.11657654764954535
9101415,unknown_nonlinear,random,1,0.13,counterfactual,action_blind,5,0.1284302576749726
9101415,unknown_nonlinear,random,1,0.13,counterfactual,adaptive_nonlinear,5,0.08623419124789206
9101415,unknown_nonlinear,random,1,0.13,counterfactual,knn_all,5,0.08598707756009945
9101415,unknown_nonlinear,random,1,0.13,counterfactual,knn_recent,5,0.08899235638328998
9101415,unknown_nonlinear,random,1,0.13,counterfactual,linear,5,0.08809251338085802
9101415,unknown_nonlinear,random,1,0.13,counterfactual,nonlinear,5,0.07851349586075099
9101415,unknown_nonlinear,random,1,0.13,counterfactual,zero,5,0.10296845875070995
9101415,unknown_nonlinear,random,1,0.13,early,action_blind,19,0.06932903193592217
9101415,unknown_nonlinear,random,1,0.13,early,adaptive_nonlinear,19,0.06286982099122537
9101415,unknown_nonlinear,random,1,0.13,early,knn_all,19,0.0653063407246224
9101415,unknown_nonlinear,random,1,0.13,early,knn_recent,19,0.06650776674344329
9101415,unknown_nonlinear,random,1,0.13,early,linear,19,0.07467331697816104
9101415,unknown_nonlinear,random,1,0.13,early,nonlinear,19,0.061898651014779954
9101415,unknown_nonlinear,random,1,0.13,early,zero,19,0.07324018550129434
9101415,unknown_nonlinear,random,1,0.13,late,action_blind,35,0.07863305736662185
9101415,unknown_nonlinear,random,1,0.13,late,adaptive_nonlinear,35,0.053726127419791415
9101415,unknown_nonlinear,random,1,0.13,late,knn_all,35,0.04937118809896357
9101415,unknown_nonlinear,random,1,0.13,late,knn_recent,35,0.050488305566610284
9101415,unknown_nonlinear,random,1,0.13,late,linear,35,0.05342392897180475
9101415,unknown_nonlinear,random,1,0.13,late,nonlinear,35,0.05157045624889398
9101415,unknown_nonlinear,random,1,0.13,late,zero,35,0.07305929418951328
9101415,unknown_nonlinear,random,1,0.13,pre,action_blind,35,0.12741507360970641
9101415,unknown_nonlinear,random,1,0.13,pre,adaptive_nonlinear,35,0.03954302485252351
9101415,unknown_nonlinear,random,1,0.13,pre,knn_all,35,0.045438472537456163
9101415,unknown_nonlinear,random,1,0.13,pre,knn_recent,35,0.04573143951647607
9101415,unknown_nonlinear,random,1,0.13,pre,linear,35,0.04336178785959454
9101415,unknown_nonlinear,random,1,0.13,pre,nonlinear,35,0.03893574958604096
9101415,unknown_nonlinear,random,1,0.13,pre,zero,35,0.11657654764954535
9101516,external,random,1,0.13,counterfactual,action_blind,5,0.10448225684264881
9101516,external,random,1,0.13,counterfactual,adaptive_nonlinear,5,0.06169704473073061
9101516,external,random,1,0.13,counterfactual,knn_all,5,0.05871098892344169
9101516,external,random,1,0.13,counterfactual,knn_recent,5,0.058918817482952565
9101516,external,random,1,0.13,counterfactual,linear,5,0.061180935699167896
9101516,external,random,1,0.13,counterfactual,nonlinear,5,0.06025384459676262
9101516,external,random,1,0.13,counterfactual,zero,5,0.08870050223456039
9101516,external,random,1,0.13,early,action_blind,19,0.11225234220361002
9101516,external,random,1,0.13,early,adaptive_nonlinear,19,0.04946771614201913
9101516,external,random,1,0.13,early,knn_all,19,0.04847059180938681
9101516,external,random,1,0.13,early,knn_recent,19,0.04895184772107776
9101516,external,random,1,0.13,early,linear,19,0.05612999740210548
9101516,external,random,1,0.13,early,nonlinear,19,0.04839881854530117
9101516,external,random,1,0.13,early,zero,19,0.0962046265257569
9101516,external,random,1,0.13,late,action_blind,35,0.04771488771823116
9101516,external,random,1,0.13,late,adaptive_nonlinear,35,0.03462295028161691
9101516,external,random,1,0.13,late,knn_all,35,0.039729468004235706
9101516,external,random,1,0.13,late,knn_recent,35,0.03969574988408324
9101516,external,random,1,0.13,late,linear,35,0.04873753662502372
9101516,external,random,1,0.13,late,nonlinear,35,0.035024611431045675
9101516,external,random,1,0.13,late,zero,35,0.04933830303529476
9101516,external,random,1,0.13,pre,action_blind,35,0.08155060044033043
9101516,external,random,1,0.13,pre,adaptive_nonlinear,35,0.036769175226748455
9101516,external,random,1,0.13,pre,knn_all,35,0.0406008072926877
9101516,external,random,1,0.13,pre,knn_recent,35,0.04115464275264031
9101516,external,random,1,0.13,pre,linear,35,0.04053897684155531
9101516,external,random,1,0.13,pre,nonlinear,35,0.036932365796431346
9101516,external,random,1,0.13,pre,zero,35,0.08417840192798365
9101516,motor,random,1,0.13,counterfactual,action_blind,5,0.08605279442369936
9101516,motor,random,1,0.13,counterfactual,adaptive_nonlinear,5,0.043056434957221563
9101516,motor,random,1,0.13,counterfactual,knn_all,5,0.06899465604249062
9101516,motor,random,1,0.13,counterfactual,knn_recent,5,0.06291646619489263
9101516,motor,random,1,0.13,counterfactual,linear,5,0.07202059282641152
9101516,motor,random,1,0.13,counterfactual,nonlinear,5,0.04459337424181886
9101516,motor,random,1,0.13,counterfactual,zero,5,0.10929205478732225
9101516,motor,random,1,0.13,early,action_blind,19,0.10389558258780573
9101516,motor,random,1,0.13,early,adaptive_nonlinear,19,0.06666131849251454
9101516,motor,random,1,0.13,early,knn_all,19,0.06410622043351179
9101516,motor,random,1,0.13,early,knn_recent,19,0.05186905728086561
9101516,motor,random,1,0.13,early,linear,19,0.1028149418626022
9101516,motor,random,1,0.13,early,nonlinear,19,0.06394064273770579
9101516,motor,random,1,0.13,early,zero,19,0.09326329771664503
9101516,motor,random,1,0.13,late,action_blind,35,0.09384870416403662
9101516,motor,random,1,0.13,late,adaptive_nonlinear,35,0.03682539001663595
9101516,motor,random,1,0.13,late,knn_all,35,0.05685695449150498
9101516,motor,random,1,0.13,late,knn_recent,35,0.04304623693720054
9101516,motor,random,1,0.13,late,linear,35,0.04885178816021599
9101516,motor,random,1,0.13,late,nonlinear,35,0.044547171715210936
9101516,motor,random,1,0.13,late,zero,35,0.0831221206597658
9101516,motor,random,1,0.13,pre,action_blind,35,0.08155060044033043
9101516,motor,random,1,0.13,pre,adaptive_nonlinear,35,0.036769175226748455
9101516,motor,random,1,0.13,pre,knn_all,35,0.0406008072926877
9101516,motor,random,1,0.13,pre,knn_recent,35,0.04115464275264031
9101516,motor,random,1,0.13,pre,linear,35,0.04053897684155531
9101516,motor,random,1,0.13,pre,nonlinear,35,0.036932365796431346
9101516,motor,random,1,0.13,pre,zero,35,0.08417840192798365
9101516,motor_external,random,1,0.13,counterfactual,action_blind,5,0.09249298334624886
9101516,motor_external,random,1,0.13,counterfactual,adaptive_nonlinear,5,0.0903620684647981
9101516,motor_external,random,1,0.13,counterfactual,knn_all,5,0.09116444707285586
9101516,motor_external,random,1,0.13,counterfactual,knn_recent,5,0.0913543508079444
9101516,motor_external,random,1,0.13,counterfactual,linear,5,0.08841146959400249
9101516,motor_external,random,1,0.13,counterfactual,nonlinear,5,0.09789692695444982
9101516,motor_external,random,1,0.13,counterfactual,zero,5,0.1066122779953278
9101516,motor_external,random,1,0.13,early,action_blind,19,0.09686239114243429
9101516,motor_external,random,1,0.13,early,adaptive_nonlinear,19,0.10741074367096316
9101516,motor_external,random,1,0.13,early,knn_all,19,0.06717046992129859
9101516,motor_external,random,1,0.13,early,knn_recent,19,0.06397152215346553
9101516,motor_external,random,1,0.13,early,linear,19,0.11932494212365787
9101516,motor_external,random,1,0.13,early,nonlinear,19,0.10085776833904145
9101516,motor_external,random,1,0.13,early,zero,19,0.10936547635819975
9101516,motor_external,random,1,0.13,late,action_blind,35,0.04113450398130475
9101516,motor_external,random,1,0.13,late,adaptive_nonlinear,35,0.03450731132401547
9101516,motor_external,random,1,0.13,late,knn_all,35,0.0374295608651935
9101516,motor_external,random,1,0.13,late,knn_recent,35,0.037635133487577306
9101516,motor_external,random,1,0.13,late,linear,35,0.04253100116285356
9101516,motor_external,random,1,0.13,late,nonlinear,35,0.034526516898412345
9101516,motor_external,random,1,0.13,late,zero,35,0.043083447354180265
9101516,motor_external,random,1,0.13,pre,action_blind,35,0.08155060044033043
9101516,motor_external,random,1,0.13,pre,adaptive_nonlinear,35,0.036769175226748455
9101516,motor_external,random,1,0.13,pre,knn_all,35,0.0406008072926877
9101516,motor_external,random,1,0.13,pre,knn_recent,35,0.04115464275264031
9101516,motor_external,random,1,0.13,pre,linear,35,0.04053897684155531
9101516,motor_external,random,1,0.13,pre,nonlinear,35,0.036932365796431346
9101516,motor_external,random,1,0.13,pre,zero,35,0.08417840192798365
9101516,none,random,1,0.13,counterfactual,action_blind,5,0.07658467207652078
9101516,none,random,1,0.13,counterfactual,adaptive_nonlinear,5,0.04675428693605681
9101516,none,random,1,0.13,counterfactual,knn_all,5,0.06325489543423775
9101516,none,random,1,0.13,counterfactual,knn_recent,5,0.07146102045512884
9101516,none,random,1,0.13,counterfactual,linear,5,0.05996003457875805
9101516,none,random,1,0.13,counterfactual,nonlinear,5,0.047153319563792664
9101516,none,random,1,0.13,counterfactual,zero,5,0.0889409445931767
9101516,none,random,1,0.13,early,action_blind,19,0.07050361784965471
9101516,none,random,1,0.13,early,adaptive_nonlinear,19,0.04703398058163374
9101516,none,random,1,0.13,early,knn_all,19,0.04113730674701179
9101516,none,random,1,0.13,early,knn_recent,19,0.039092888314851734
9101516,none,random,1,0.13,early,linear,19,0.04166487172785584
9101516,none,random,1,0.13,early,nonlinear,19,0.046847299246975234
9101516,none,random,1,0.13,early,zero,19,0.059873972900891456
9101516,none,random,1,0.13,late,action_blind,35,0.05834422759845215
9101516,none,random,1,0.13,late,adaptive_nonlinear,35,0.03274808933017036
9101516,none,random,1,0.13,late,knn_all,35,0.039575637140448996
9101516,none,random,1,0.13,late,knn_recent,35,0.04138281007450632
9101516,none,random,1,0.13,late,linear,35,0.034478736287240436
9101516,none,random,1,0.13,late,nonlinear,35,0.032682357897856035
9101516,none,random,1,0.13,late,zero,35,0.05548282502532425
9101516,none,random,1,0.13,pre,action_blind,35,0.08155060044033043
9101516,none,random,1,0.13,pre,adaptive_nonlinear,35,0.036769175226748455
9101516,none,random,1,0.13,pre,knn_all,35,0.0406008072926877
9101516,none,random,1,0.13,pre,knn_recent,35,0.04115464275264031
9101516,none,random,1,0.13,pre,linear,35,0.04053897684155531
9101516,none,random,1,0.13,pre,nonlinear,35,0.036932365796431346
9101516,none,random,1,0.13,pre,zero,35,0.08417840192798365
9101516,sensor,random,1,0.13,counterfactual,action_blind,5,0.0851129721636692
9101516,sensor,random,1,0.13,counterfactual,adaptive_nonlinear,5,0.05051968017114661
9101516,sensor,random,1,0.13,counterfactual,knn_all,5,0.06353274789611893
9101516,sensor,random,1,0.13,counterfactual,knn_recent,5,0.07146102045512884
9101516,sensor,random,1,0.13,counterfactual,linear,5,0.06048561987537164
9101516,sensor,random,1,0.13,counterfactual,nonlinear,5,0.05020219247926213
9101516,sensor,random,1,0.13,counterfactual,zero,5,0.0889409445931767
9101516,sensor,random,1,0.13,early,action_blind,19,0.06366411299284926
9101516,sensor,random,1,0.13,early,adaptive_nonlinear,19,0.044879589694270236
9101516,sensor,random,1,0.13,early,knn_all,19,0.03882502431592982
9101516,sensor,random,1,0.13,early,knn_recent,19,0.038277382504254845
9101516,sensor,random,1,0.13,early,linear,19,0.04097863058226142
9101516,sensor,random,1,0.13,early,nonlinear,19,0.04477545479886119
9101516,sensor,random,1,0.13,early,zero,19,0.059873972900891456
9101516,sensor,random,1,0.13,late,action_blind,35,0.06001692584034059
9101516,sensor,random,1,0.13,late,adaptive_nonlinear,35,0.03325830992659164
9101516,sensor,random,1,0.13,late,knn_all,35,0.03982055815520287
9101516,sensor,random,1,0.13,late,knn_recent,35,0.04138281007450632
9101516,sensor,random,1,0.13,late,linear,35,0.03425937702875046
9101516,sensor,random,1,0.13,late,nonlinear,35,0.033119129491838234
9101516,sensor,random,1,0.13,late,zero,35,0.05548282502532425
9101516,sensor,random,1,0.13,pre,action_blind,35,0.08155060044033043
9101516,sensor,random,1,0.13,pre,adaptive_nonlinear,35,0.036769175226748455
9101516,sensor,random,1,0.13,pre,knn_all,35,0.0406008072926877
9101516,sensor,random,1,0.13,pre,knn_recent,35,0.04115464275264031
9101516,sensor,random,1,0.13,pre,linear,35,0.04053897684155531
9101516,sensor,random,1,0.13,pre,nonlinear,35,0.036932365796431346
9101516,sensor,random,1,0.13,pre,zero,35,0.08417840192798365
9101516,unknown_nonlinear,random,1,0.13,counterfactual,action_blind,5,0.16551341079492501
9101516,unknown_nonlinear,random,1,0.13,counterfactual,adaptive_nonlinear,5,0.07872107829029565
9101516,unknown_nonlinear,random,1,0.13,counterfactual,knn_all,5,0.055515472404396596
9101516,unknown_nonlinear,random,1,0.13,counterfactual,knn_recent,5,0.07254951705758164
9101516,unknown_nonlinear,random,1,0.13,counterfactual,linear,5,0.05019327844991082
9101516,unknown_nonlinear,random,1,0.13,counterfactual,nonlinear,5,0.07710489291349246
9101516,unknown_nonlinear,random,1,0.13,counterfactual,zero,5,0.1077235471015415
9101516,unknown_nonlinear,random,1,0.13,early,action_blind,19,0.06710276266027851
9101516,unknown_nonlinear,random,1,0.13,early,adaptive_nonlinear,19,0.0411912374851671
9101516,unknown_nonlinear,random,1,0.13,early,knn_all,19,0.04120299168910677
9101516,unknown_nonlinear,random,1,0.13,early,knn_recent,19,0.03794301967262809
9101516,unknown_nonlinear,random,1,0.13,early,linear,19,0.04299093427833606
9101516,unknown_nonlinear,random,1,0.13,early,nonlinear,19,0.041247810553802555
9101516,unknown_nonlinear,random,1,0.13,early,zero,19,0.07184434097309332
9101516,unknown_nonlinear,random,1,0.13,late,action_blind,35,0.0733640373876388
9101516,unknown_nonlinear,random,1,0.13,late,adaptive_nonlinear,35,0.04319213950453082
9101516,unknown_nonlinear,random,1,0.13,late,knn_all,35,0.044487650166712654
9101516,unknown_nonlinear,random,1,0.13,late,knn_recent,35,0.04791730717019053
9101516,unknown_nonlinear,random,1,0.13,late,linear,35,0.0461625567495638
9101516,unknown_nonlinear,random,1,0.13,late,nonlinear,35,0.04275866618022668
9101516,unknown_nonlinear,random,1,0.13,late,zero,35,0.06941053973984522
9101516,unknown_nonlinear,random,1,0.13,pre,action_blind,35,0.08155060044033043
9101516,unknown_nonlinear,random,1,0.13,pre,adaptive_nonlinear,35,0.036769175226748455
9101516,unknown_nonlinear,random,1,0.13,pre,knn_all,35,0.0406008072926877
9101516,unknown_nonlinear,random,1,0.13,pre,knn_recent,35,0.04115464275264031
9101516,unknown_nonlinear,random,1,0.13,pre,linear,35,0.04053897684155531
9101516,unknown_nonlinear,random,1,0.13,pre,nonlinear,35,0.036932365796431346
9101516,unknown_nonlinear,random,1,0.13,pre,zero,35,0.08417840192798365
9101617,external,random,1,0.13,counterfactual,action_blind,5,0.12775544431485514
9101617,external,random,1,0.13,counterfactual,adaptive_nonlinear,5,0.031248907943543968
9101617,external,random,1,0.13,counterfactual,knn_all,5,0.03599137548041824
9101617,external,random,1,0.13,counterfactual,knn_recent,5,0.036693821195853446
9101617,external,random,1,0.13,counterfactual,linear,5,0.04900995127646873
9101617,external,random,1,0.13,counterfactual,nonlinear,5,0.03145919113424098
9101617,external,random,1,0.13,counterfactual,zero,5,0.13190272488077484
9101617,external,random,1,0.13,early,action_blind,19,0.1053268010973025
9101617,external,random,1,0.13,early,adaptive_nonlinear,19,0.038014457395119446
9101617,external,random,1,0.13,early,knn_all,19,0.04371627191638878
9101617,external,random,1,0.13,early,knn_recent,19,0.040817790050369986
9101617,external,random,1,0.13,early,linear,19,0.048470235295844724
9101617,external,random,1,0.13,early,nonlinear,19,0.038408751694470215
9101617,external,random,1,0.13,early,zero,19,0.10156422747426522
9101617,external,random,1,0.13,late,action_blind,35,0.09569230491162593
9101617,external,random,1,0.13,late,adaptive_nonlinear,35,0.058461610607140155
9101617,external,random,1,0.13,late,knn_all,35,0.06120651068500715
9101617,external,random,1,0.13,late,knn_recent,35,0.06222326152859999
9101617,external,random,1,0.13,late,linear,35,0.0673623474843138
9101617,external,random,1,0.13,late,nonlinear,35,0.058119987563265446
9101617,external,random,1,0.13,late,zero,35,0.09020737874607788
9101617,external,random,1,0.13,pre,action_blind,35,0.07282801860015709
9101617,external,random,1,0.13,pre,adaptive_nonlinear,35,0.04361831217176604
9101617,external,random,1,0.13,pre,knn_all,35,0.04888498744880035
9101617,external,random,1,0.13,pre,knn_recent,35,0.04926959472542701
9101617,external,random,1,0.13,pre,linear,35,0.04009606187303466
9101617,external,random,1,0.13,pre,nonlinear,35,0.04361831217176604
9101617,external,random,1,0.13,pre,zero,35,0.06931141027755255
9101617,motor,random,1,0.13,counterfactual,action_blind,5,0.05688062530920697
9101617,motor,random,1,0.13,counterfactual,adaptive_nonlinear,5,0.036504811459983445
9101617,motor,random,1,0.13,counterfactual,knn_all,5,0.03519037422364958
9101617,motor,random,1,0.13,counterfactual,knn_recent,5,0.035959322176465344
9101617,motor,random,1,0.13,counterfactual,linear,5,0.06301445056296608
9101617,motor,random,1,0.13,counterfactual,nonlinear,5,0.039003746873637474
9101617,motor,random,1,0.13,counterfactual,zero,5,0.05278678471271059
9101617,motor,random,1,0.13,early,action_blind,19,0.04701631213423903
9101617,motor,random,1,0.13,early,adaptive_nonlinear,19,0.04255640405976063
9101617,motor,random,1,0.13,early,knn_all,19,0.04838643165798787
9101617,motor,random,1,0.13,early,knn_recent,19,0.047594650118756576
9101617,motor,random,1,0.13,early,linear,19,0.05232286634891084
9101617,motor,random,1,0.13,early,nonlinear,19,0.04362985960388221
9101617,motor,random,1,0.13,early,zero,19,0.050976430640080436
9101617,motor,random,1,0.13,late,action_blind,35,0.05412008801315374
9101617,motor,random,1,0.13,late,adaptive_nonlinear,35,0.0428701302145623
9101617,motor,random,1,0.13,late,knn_all,35,0.04781637590407939
9101617,motor,random,1,0.13,late,knn_recent,35,0.04851891865414034
9101617,motor,random,1,0.13,late,linear,35,0.057808593457400005
9101617,motor,random,1,0.13,late,nonlinear,35,0.04217179705166673
9101617,motor,random,1,0.13,late,zero,35,0.054028180181100185
9101617,motor,random,1,0.13,pre,action_blind,35,0.07282801860015709
9101617,motor,random,1,0.13,pre,adaptive_nonlinear,35,0.04361831217176604
9101617,motor,random,1,0.13,pre,knn_all,35,0.04888498744880035
9101617,motor,random,1,0.13,pre,knn_recent,35,0.04926959472542701
9101617,motor,random,1,0.13,pre,linear,35,0.04009606187303466
9101617,motor,random,1,0.13,pre,nonlinear,35,0.04361831217176604
9101617,motor,random,1,0.13,pre,zero,35,0.06931141027755255
9101617,motor_external,random,1,0.13,counterfactual,action_blind,5,0.042999935917883196
9101617,motor_external,random,1,0.13,counterfactual,adaptive_nonlinear,5,0.029191857323177067
9101617,motor_external,random,1,0.13,counterfactual,knn_all,5,0.04260674542751402
9101617,motor_external,random,1,0.13,counterfactual,knn_recent,5,0.04341184987630391
9101617,motor_external,random,1,0.13,counterfactual,linear,5,0.048985074087245895
9101617,motor_external,random,1,0.13,counterfactual,nonlinear,5,0.029404279774833276
9101617,motor_external,random,1,0.13,counterfactual,zero,5,0.061316946220545135
9101617,motor_external,random,1,0.13,early,action_blind,19,0.08739553537023578
9101617,motor_external,random,1,0.13,early,adaptive_nonlinear,19,0.0534184150926963
9101617,motor_external,random,1,0.13,early,knn_all,19,0.05756550848459778
9101617,motor_external,random,1,0.13,early,knn_recent,19,0.051387671080159486
9101617,motor_external,random,1,0.13,early,linear,19,0.07521447845936749
9101617,motor_external,random,1,0.13,early,nonlinear,19,0.057984556209286886
9101617,motor_external,random,1,0.13,early,zero,19,0.07441677083643622
9101617,motor_external,random,1,0.13,late,action_blind,35,0.04109187667170054
9101617,motor_external,random,1,0.13,late,adaptive_nonlinear,35,0.057162648662694715
9101617,motor_external,random,1,0.13,late,knn_all,35,0.06289787879751124
9101617,motor_external,random,1,0.13,late,knn_recent,35,0.06361153521675066
9101617,motor_external,random,1,0.13,late,linear,35,0.054113046000032916
9101617,motor_external,random,1,0.13,late,nonlinear,35,0.05545651558978394
9101617,motor_external,random,1,0.13,late,zero,35,0.04427426695110561
9101617,motor_external,random,1,0.13,pre,action_blind,35,0.07282801860015709
9101617,motor_external,random,1,0.13,pre,adaptive_nonlinear,35,0.04361831217176604
9101617,motor_external,random,1,0.13,pre,knn_all,35,0.04888498744880035
9101617,motor_external,random,1,0.13,pre,knn_recent,35,0.04926959472542701
9101617,motor_external,random,1,0.13,pre,linear,35,0.04009606187303466
9101617,motor_external,random,1,0.13,pre,nonlinear,35,0.04361831217176604
9101617,motor_external,random,1,0.13,pre,zero,35,0.06931141027755255
9101617,none,random,1,0.13,counterfactual,action_blind,5,0.06591758086371821
9101617,none,random,1,0.13,counterfactual,adaptive_nonlinear,5,0.03610549655181212
9101617,none,random,1,0.13,counterfactual,knn_all,5,0.03726503848761562
9101617,none,random,1,0.13,counterfactual,knn_recent,5,0.037941730297858633
9101617,none,random,1,0.13,counterfactual,linear,5,0.033683052680866354
9101617,none,random,1,0.13,counterfactual,nonlinear,5,0.036296769458832076
9101617,none,random,1,0.13,counterfactual,zero,5,0.06812991343417071
9101617,none,random,1,0.13,early,action_blind,19,0.05523397328560469
9101617,none,random,1,0.13,early,adaptive_nonlinear,19,0.026111330814593398
9101617,none,random,1,0.13,early,knn_all,19,0.029192668713091504
9101617,none,random,1,0.13,early,knn_recent,19,0.029708761268422805
9101617,none,random,1,0.13,early,linear,19,0.02774474617331101
9101617,none,random,1,0.13,early,nonlinear,19,0.02601620048714699
9101617,none,random,1,0.13,early,zero,19,0.05706579849048234
9101617,none,random,1,0.13,late,action_blind,35,0.0680770659210803
9101617,none,random,1,0.13,late,adaptive_nonlinear,35,0.03695959559426236
9101617,none,random,1,0.13,late,knn_all,35,0.04291955148191974
9101617,none,random,1,0.13,late,knn_recent,35,0.04426681765753283
9101617,none,random,1,0.13,late,linear,35,0.03912886910181355
9101617,none,random,1,0.13,late,nonlinear,35,0.03683049865127326
9101617,none,random,1,0.13,late,zero,35,0.07051587795034152
9101617,none,random,1,0.13,pre,action_blind,35,0.07282801860015709
9101617,none,random,1,0.13,pre,adaptive_nonlinear,35,0.04361831217176604
9101617,none,random,1,0.13,pre,knn_all,35,0.04888498744880035
9101617,none,random,1,0.13,pre,knn_recent,35,0.04926959472542701
9101617,none,random,1,0.13,pre,linear,35,0.04009606187303466
9101617,none,random,1,0.13,pre,nonlinear,35,0.04361831217176604
9101617,none,random,1,0.13,pre,zero,35,0.06931141027755255
9101617,sensor,random,1,0.13,counterfactual,action_blind,5,0.0661144816921611
9101617,sensor,random,1,0.13,counterfactual,adaptive_nonlinear,5,0.03703052961992629
9101617,sensor,random,1,0.13,counterfactual,knn_all,5,0.037336460134497915
9101617,sensor,random,1,0.13,counterfactual,knn_recent,5,0.037941730297858633
9101617,sensor,random,1,0.13,counterfactual,linear,5,0.03353268827947299
9101617,sensor,random,1,0.13,counterfactual,nonlinear,5,0.037109317695297225
9101617,sensor,random,1,0.13,counterfactual,zero,5,0.06812991343417071
9101617,sensor,random,1,0.13,early,action_blind,19,0.059139877689060934
9101617,sensor,random,1,0.13,early,adaptive_nonlinear,19,0.02675418764602142
9101617,sensor,random,1,0.13,early,knn_all,19,0.03100973266578939
9101617,sensor,random,1,0.13,early,knn_recent,19,0.03079724487427472
9101617,sensor,random,1,0.13,early,linear,19,0.027899129098816013
9101617,sensor,random,1,0.13,early,nonlinear,19,0.026632835406551824
9101617,sensor,random,1,0.13,early,zero,19,0.05706579849048234
9101617,sensor,random,1,0.13,late,action_blind,35,0.06849019850954574
9101617,sensor,random,1,0.13,late,adaptive_nonlinear,35,0.036989256505427476
9101617,sensor,random,1,0.13,late,knn_all,35,0.04306594570215725
9101617,sensor,random,1,0.13,late,knn_recent,35,0.04426681765753283
9101617,sensor,random,1,0.13,late,linear,35,0.039200419200512406
9101617,sensor,random,1,0.13,late,nonlinear,35,0.036865897629888955
9101617,sensor,random,1,0.13,late,zero,35,0.07051587795034152
9101617,sensor,random,1,0.13,pre,action_blind,35,0.07282801860015709
9101617,sensor,random,1,0.13,pre,adaptive_nonlinear,35,0.04361831217176604
9101617,sensor,random,1,0.13,pre,knn_all,35,0.04888498744880035
9101617,sensor,random,1,0.13,pre,knn_recent,35,0.04926959472542701
9101617,sensor,random,1,0.13,pre,linear,35,0.04009606187303466
9101617,sensor,random,1,0.13,pre,nonlinear,35,0.04361831217176604
9101617,sensor,random,1,0.13,pre,zero,35,0.06931141027755255
9101617,unknown_nonlinear,random,1,0.13,counterfactual,action_blind,5,0.08791821130799526
9101617,unknown_nonlinear,random,1,0.13,counterfactual,adaptive_nonlinear,5,0.04041059764553831
9101617,unknown_nonlinear,random,1,0.13,counterfactual,knn_all,5,0.042148604767411765
9101617,unknown_nonlinear,random,1,0.13,counterfactual,knn_recent,5,0.04132912191763009
9101617,unknown_nonlinear,random,1,0.13,counterfactual,linear,5,0.05065835368303491
9101617,unknown_nonlinear,random,1,0.13,counterfactual,nonlinear,5,0.04109023398878091
9101617,unknown_nonlinear,random,1,0.13,counterfactual,zero,5,0.08404220010630717
9101617,unknown_nonlinear,random,1,0.13,early,action_blind,19,0.055012366538435324
9101617,unknown_nonlinear,random,1,0.13,early,adaptive_nonlinear,19,0.02550374141437109
9101617,unknown_nonlinear,random,1,0.13,early,knn_all,19,0.029797105190655156
9101617,unknown_nonlinear,random,1,0.13,early,knn_recent,19,0.02950731474826066
9101617,unknown_nonlinear,random,1,0.13,early,linear,19,0.027953338078494604
9101617,unknown_nonlinear,random,1,0.13,early,nonlinear,19,0.025353160785162903
9101617,unknown_nonlinear,random,1,0.13,early,zero,19,0.058912634506440714
9101617,unknown_nonlinear,random,1,0.13,late,action_blind,35,0.0688463278633505
9101617,unknown_nonlinear,random,1,0.13,late,adaptive_nonlinear,35,0.04274408934559088
9101617,unknown_nonlinear,random,1,0.13,late,knn_all,35,0.04666417781392418
9101617,unknown_nonlinear,random,1,0.13,late,knn_recent,35,0.05022361442856562
9101617,unknown_nonlinear,random,1,0.13,late,linear,35,0.04317783121332962
9101617,unknown_nonlinear,random,1,0.13,late,nonlinear,35,0.04273778425246824
9101617,unknown_nonlinear,random,1,0.13,late,zero,35,0.06647350370414015
9101617,unknown_nonlinear,random,1,0.13,pre,action_blind,35,0.07282801860015709
9101617,unknown_nonlinear,random,1,0.13,pre,adaptive_nonlinear,35,0.04361831217176604
9101617,unknown_nonlinear,random,1,0.13,pre,knn_all,35,0.04888498744880035
9101617,unknown_nonlinear,random,1,0.13,pre,knn_recent,35,0.04926959472542701
9101617,unknown_nonlinear,random,1,0.13,pre,linear,35,0.04009606187303466
9101617,unknown_nonlinear,random,1,0.13,pre,nonlinear,35,0.04361831217176604
9101617,unknown_nonlinear,random,1,0.13,pre,zero,35,0.06931141027755255
9101718,external,random,1,0.13,counterfactual,action_blind,5,0.02873297325088168
9101718,external,random,1,0.13,counterfactual,adaptive_nonlinear,5,0.015450422111237894
9101718,external,random,1,0.13,counterfactual,knn_all,5,0.029272613554192396
9101718,external,random,1,0.13,counterfactual,knn_recent,5,0.029622098444845053
9101718,external,random,1,0.13,counterfactual,linear,5,0.037214119545023364
9101718,external,random,1,0.13,counterfactual,nonlinear,5,0.018079588661762642
9101718,external,random,1,0.13,counterfactual,zero,5,0.02725516061484203
9101718,external,random,1,0.13,early,action_blind,19,0.08187327511514028
9101718,external,random,1,0.13,early,adaptive_nonlinear,19,0.03028144653928123
9101718,external,random,1,0.13,early,knn_all,19,0.03637604483084553
9101718,external,random,1,0.13,early,knn_recent,19,0.03721973086354404
9101718,external,random,1,0.13,early,linear,19,0.040469727496629984
9101718,external,random,1,0.13,early,nonlinear,19,0.029946792030854753
9101718,external,random,1,0.13,early,zero,19,0.07721374309754675
9101718,external,random,1,0.13,late,action_blind,35,0.06404070366058603
9101718,external,random,1,0.13,late,adaptive_nonlinear,35,0.057834300757618175
9101718,external,random,1,0.13,late,knn_all,35,0.06476649361854014
9101718,external,random,1,0.13,late,knn_recent,35,0.06548683141254362
9101718,external,random,1,0.13,late,linear,35,0.07451083928511344
9101718,external,random,1,0.13,late,nonlinear,35,0.05725961061535713
9101718,external,random,1,0.13,late,zero,35,0.06525782222435264
9101718,external,random,1,0.13,pre,action_blind,35,0.06400013282867352
9101718,external,random,1,0.13,pre,adaptive_nonlinear,35,0.034317149260155166
9101718,external,random,1,0.13,pre,knn_all,35,0.03519713397725089
9101718,external,random,1,0.13,pre,knn_recent,35,0.03632171708024579
9101718,external,random,1,0.13,pre,linear,35,0.031965952932673194
9101718,external,random,1,0.13,pre,nonlinear,35,0.034317149260155166
9101718,external,random,1,0.13,pre,zero,35,0.05823901387211946
9101718,motor,random,1,0.13,counterfactual,action_blind,5,0.043834160691767
9101718,motor,random,1,0.13,counterfactual,adaptive_nonlinear,5,0.015135211553272196
9101718,motor,random,1,0.13,counterfactual,knn_all,5,0.018185081581384554
9101718,motor,random,1,0.13,counterfactual,knn_recent,5,0.011034173259815452
9101718,motor,random,1,0.13,counterfactual,linear,5,0.034844408753025705
9101718,motor,random,1,0.13,counterfactual,nonlinear,5,0.02299909959827505
9101718,motor,random,1,0.13,counterfactual,zero,5,0.04535451197649283
9101718,motor,random,1,0.13,early,action_blind,19,0.043242029681578684
9101718,motor,random,1,0.13,early,adaptive_nonlinear,19,0.04531345124162497
9101718,motor,random,1,0.13,early,knn_all,19,0.043533318258933466
9101718,motor,random,1,0.13,early,knn_recent,19,0.04214134365303155
9101718,motor,random,1,0.13,early,linear,19,0.06791505479397347
9101718,motor,random,1,0.13,early,nonlinear,19,0.04996649177951728
9101718,motor,random,1,0.13,early,zero,19,0.04554792651129389
9101718,motor,random,1,0.13,late,action_blind,35,0.07896084385200414
9101718,motor,random,1,0.13,late,adaptive_nonlinear,35,0.04206820372165813
9101718,motor,random,1,0.13,late,knn_all,35,0.055231611139771125
9101718,motor,random,1,0.13,late,knn_recent,35,0.04323486356296554
9101718,motor,random,1,0.13,late,linear,35,0.0624678019770784
9101718,motor,random,1,0.13,late,nonlinear,35,0.0447867114956547
9101718,motor,random,1,0.13,late,zero,35,0.08065138365324412
9101718,motor,random,1,0.13,pre,action_blind,35,0.06400013282867352
9101718,motor,random,1,0.13,pre,adaptive_nonlinear,35,0.034317149260155166
9101718,motor,random,1,0.13,pre,knn_all,35,0.03519713397725089
9101718,motor,random,1,0.13,pre,knn_recent,35,0.03632171708024579
9101718,motor,random,1,0.13,pre,linear,35,0.031965952932673194
9101718,motor,random,1,0.13,pre,nonlinear,35,0.034317149260155166
9101718,motor,random,1,0.13,pre,zero,35,0.05823901387211946
9101718,motor_external,random,1,0.13,counterfactual,action_blind,5,0.010311473848831887
9101718,motor_external,random,1,0.13,counterfactual,adaptive_nonlinear,5,0.021415541673378717
9101718,motor_external,random,1,0.13,counterfactual,knn_all,5,0.025315645263633835
9101718,motor_external,random,1,0.13,counterfactual,knn_recent,5,0.02535217326112641
9101718,motor_external,random,1,0.13,counterfactual,linear,5,0.03564959270555213
9101718,motor_external,random,1,0.13,counterfactual,nonlinear,5,0.025519929235894485
9101718,motor_external,random,1,0.13,counterfactual,zero,5,0.008326557945710952
9101718,motor_external,random,1,0.13,early,action_blind,19,0.0885876791234184
9101718,motor_external,random,1,0.13,early,adaptive_nonlinear,19,0.0544044832943973
9101718,motor_external,random,1,0.13,early,knn_all,19,0.08482456533642334
9101718,motor_external,random,1,0.13,early,knn_recent,19,0.05763110403437087
9101718,motor_external,random,1,0.13,early,linear,19,0.11652194357398708
9101718,motor_external,random,1,0.13,early,nonlinear,19,0.05483299737343846
9101718,motor_external,random,1,0.13,early,zero,19,0.11325469657289206
9101718,motor_external,random,1,0.13,late,action_blind,35,0.04114795875307161
9101718,motor_external,random,1,0.13,late,adaptive_nonlinear,35,0.054687398766866756
9101718,motor_external,random,1,0.13,late,knn_all,35,0.05348509108558845
9101718,motor_external,random,1,0.13,late,knn_recent,35,0.05376989663679563
9101718,motor_external,random,1,0.13,late,linear,35,0.05631155715593046
9101718,motor_external,random,1,0.13,late,nonlinear,35,0.05555983457511855
9101718,motor_external,random,1,0.13,late,zero,35,0.041041197101417286
9101718,motor_external,random,1,0.13,pre,action_blind,35,0.06400013282867352
9101718,motor_external,random,1,0.13,pre,adaptive_nonlinear,35,0.034317149260155166
9101718,motor_external,random,1,0.13,pre,knn_all,35,0.03519713397725089
9101718,motor_external,random,1,0.13,pre,knn_recent,35,0.03632171708024579
9101718,motor_external,random,1,0.13,pre,linear,35,0.031965952932673194
9101718,motor_external,random,1,0.13,pre,nonlinear,35,0.034317149260155166
9101718,motor_external,random,1,0.13,pre,zero,35,0.05823901387211946
9101718,none,random,1,0.13,counterfactual,action_blind,5,0.04026895511285787
9101718,none,random,1,0.13,counterfactual,adaptive_nonlinear,5,0.010783055233294125
9101718,none,random,1,0.13,counterfactual,knn_all,5,0.011546170753044312
9101718,none,random,1,0.13,counterfactual,knn_recent,5,0.011502878348592907
9101718,none,random,1,0.13,counterfactual,linear,5,0.011994812335725462
9101718,none,random,1,0.13,counterfactual,nonlinear,5,0.010783055233294125
9101718,none,random,1,0.13,counterfactual,zero,5,0.040177377352564506
9101718,none,random,1,0.13,early,action_blind,19,0.04666473429218393
9101718,none,random,1,0.13,early,adaptive_nonlinear,19,0.024708690685199458
9101718,none,random,1,0.13,early,knn_all,19,0.02668800267384342
9101718,none,random,1,0.13,early,knn_recent,19,0.02681012795493317
9101718,none,random,1,0.13,early,linear,19,0.025852608436869914
9101718,none,random,1,0.13,early,nonlinear,19,0.024708690685199458
9101718,none,random,1,0.13,early,zero,19,0.03981314377130004
9101718,none,random,1,0.13,late,action_blind,35,0.05435704243576359
9101718,none,random,1,0.13,late,adaptive_nonlinear,35,0.03872908754735726
9101718,none,random,1,0.13,late,knn_all,35,0.039589152438350816
9101718,none,random,1,0.13,late,knn_recent,35,0.03970662327681075
9101718,none,random,1,0.13,late,linear,35,0.03969388454792773
9101718,none,random,1,0.13,late,nonlinear,35,0.03863340073371856
9101718,none,random,1,0.13,late,zero,35,0.058899977928744324
9101718,none,random,1,0.13,pre,action_blind,35,0.06400013282867352
9101718,none,random,1,0.13,pre,adaptive_nonlinear,35,0.034317149260155166
9101718,none,random,1,0.13,pre,knn_all,35,0.03519713397725089
9101718,none,random,1,0.13,pre,knn_recent,35,0.03632171708024579
9101718,none,random,1,0.13,pre,linear,35,0.031965952932673194
9101718,none,random,1,0.13,pre,nonlinear,35,0.034317149260155166
9101718,none,random,1,0.13,pre,zero,35,0.05823901387211946
9101718,sensor,random,1,0.13,counterfactual,action_blind,5,0.03922549233612198
9101718,sensor,random,1,0.13,counterfactual,adaptive_nonlinear,5,0.010411421605241361
9101718,sensor,random,1,0.13,counterfactual,knn_all,5,0.011520029529488714
9101718,sensor,random,1,0.13,counterfactual,knn_recent,5,0.011502878348592909
9101718,sensor,random,1,0.13,counterfactual,linear,5,0.012357461246418854
9101718,sensor,random,1,0.13,counterfactual,nonlinear,5,0.010487400140046347
9101718,sensor,random,1,0.13,counterfactual,zero,5,0.040177377352564506
9101718,sensor,random,1,0.13,early,action_blind,19,0.04732860169676809
9101718,sensor,random,1,0.13,early,adaptive_nonlinear,19,0.025729680538341036
9101718,sensor,random,1,0.13,early,knn_all,19,0.027240400919715545
9101718,sensor,random,1,0.13,early,knn_recent,19,0.027361416181386485
9101718,sensor,random,1,0.13,early,linear,19,0.025834143252091813
9101718,sensor,random,1,0.13,early,nonlinear,19,0.025532509302503593
9101718,sensor,random,1,0.13,early,zero,19,0.03981314377130002
9101718,sensor,random,1,0.13,late,action_blind,35,0.05526182064790221
9101718,sensor,random,1,0.13,late,adaptive_nonlinear,35,0.038532898164868865
9101718,sensor,random,1,0.13,late,knn_all,35,0.039583974525158834
9101718,sensor,random,1,0.13,late,knn_recent,35,0.039706623276810765
9101718,sensor,random,1,0.13,late,linear,35,0.039652299512761266
9101718,sensor,random,1,0.13,late,nonlinear,35,0.03852262757694778
9101718,sensor,random,1,0.13,late,zero,35,0.058899977928744324
9101718,sensor,random,1,0.13,pre,action_blind,35,0.06400013282867352
9101718,sensor,random,1,0.13,pre,adaptive_nonlinear,35,0.034317149260155166
9101718,sensor,random,1,0.13,pre,knn_all,35,0.03519713397725089
9101718,sensor,random,1,0.13,pre,knn_recent,35,0.03632171708024579
9101718,sensor,random,1,0.13,pre,linear,35,0.031965952932673194
9101718,sensor,random,1,0.13,pre,nonlinear,35,0.034317149260155166
9101718,sensor,random,1,0.13,pre,zero,35,0.05823901387211946
9101718,unknown_nonlinear,random,1,0.13,counterfactual,action_blind,5,0.04622241643950634
9101718,unknown_nonlinear,random,1,0.13,counterfactual,adaptive_nonlinear,5,0.009502923662141739
9101718,unknown_nonlinear,random,1,0.13,counterfactual,knn_all,5,0.009214025075970642
9101718,unknown_nonlinear,random,1,0.13,counterfactual,knn_recent,5,0.009379554100289452
9101718,unknown_nonlinear,random,1,0.13,counterfactual,linear,5,0.008629663092383449
9101718,unknown_nonlinear,random,1,0.13,counterfactual,nonlinear,5,0.009436717129360419
9101718,unknown_nonlinear,random,1,0.13,counterfactual,zero,5,0.03862652480049335
9101718,unknown_nonlinear,random,1,0.13,early,action_blind,19,0.0478572960108735
9101718,unknown_nonlinear,random,1,0.13,early,adaptive_nonlinear,19,0.028943513469489646
9101718,unknown_nonlinear,random,1,0.13,early,knn_all,19,0.028574738406614217
9101718,unknown_nonlinear,random,1,0.13,early,knn_recent,19,0.028764755207740304
9101718,unknown_nonlinear,random,1,0.13,early,linear,19,0.029507217301218122
9101718,unknown_nonlinear,random,1,0.13,early,nonlinear,19,0.029046683907854517
9101718,unknown_nonlinear,random,1,0.13,early,zero,19,0.042051754383964156
9101718,unknown_nonlinear,random,1,0.13,late,action_blind,35,0.06913840757099377
9101718,unknown_nonlinear,random,1,0.13,late,adaptive_nonlinear,35,0.05024890117613857
9101718,unknown_nonlinear,random,1,0.13,late,knn_all,35,0.04722324772526654
9101718,unknown_nonlinear,random,1,0.13,late,knn_recent,35,0.04771847043313139
9101718,unknown_nonlinear,random,1,0.13,late,linear,35,0.04950883007833189
9101718,unknown_nonlinear,random,1,0.13,late,nonlinear,35,0.04963726712281139
9101718,unknown_nonlinear,random,1,0.13,late,zero,35,0.0711565874493576
9101718,unknown_nonlinear,random,1,0.13,pre,action_blind,35,0.06400013282867352
9101718,unknown_nonlinear,random,1,0.13,pre,adaptive_nonlinear,35,0.034317149260155166
9101718,unknown_nonlinear,random,1,0.13,pre,knn_all,35,0.03519713397725089
9101718,unknown_nonlinear,random,1,0.13,pre,knn_recent,35,0.03632171708024579
9101718,unknown_nonlinear,random,1,0.13,pre,linear,35,0.031965952932673194
9101718,unknown_nonlinear,random,1,0.13,pre,nonlinear,35,0.034317149260155166
9101718,unknown_nonlinear,random,1,0.13,pre,zero,35,0.05823901387211946
9101819,external,random,1,0.13,counterfactual,action_blind,5,0.05519956378250255
9101819,external,random,1,0.13,counterfactual,adaptive_nonlinear,5,0.05079616694468636
9101819,external,random,1,0.13,counterfactual,knn_all,5,0.052609742878365964
9101819,external,random,1,0.13,counterfactual,knn_recent,5,0.052634361712595265
9101819,external,random,1,0.13,counterfactual,linear,5,0.061752416993796265
9101819,external,random,1,0.13,counterfactual,nonlinear,5,0.04569914777012085
9101819,external,random,1,0.13,counterfactual,zero,5,0.06413719066074153
9101819,external,random,1,0.13,early,action_blind,19,0.08985201652564104
9101819,external,random,1,0.13,early,adaptive_nonlinear,19,0.056788308321243465
9101819,external,random,1,0.13,early,knn_all,19,0.057234811618227535
9101819,external,random,1,0.13,early,knn_recent,19,0.058088020457046106
9101819,external,random,1,0.13,early,linear,19,0.06290372406236104
9101819,external,random,1,0.13,early,nonlinear,19,0.05234184313160632
9101819,external,random,1,0.13,early,zero,19,0.08776217099229619
9101819,external,random,1,0.13,late,action_blind,35,0.0437984752406394
9101819,external,random,1,0.13,late,adaptive_nonlinear,35,0.04325662666163017
9101819,external,random,1,0.13,late,knn_all,35,0.04730919620274199
9101819,external,random,1,0.13,late,knn_recent,35,0.04729940905375526
9101819,external,random,1,0.13,late,linear,35,0.05797416299326512
9101819,external,random,1,0.13,late,nonlinear,35,0.04274887441302204
9101819,external,random,1,0.13,late,zero,35,0.04304519826084955
9101819,external,random,1,0.13,pre,action_blind,35,0.08266905730967496
9101819,external,random,1,0.13,pre,adaptive_nonlinear,35,0.041279262431367064
9101819,external,random,1,0.13,pre,knn_all,35,0.040982071968416155
9101819,external,random,1,0.13,pre,knn_recent,35,0.04198867317966203
9101819,external,random,1,0.13,pre,linear,35,0.03670364596941428
9101819,external,random,1,0.13,pre,nonlinear,35,0.04065101610590131
9101819,external,random,1,0.13,pre,zero,35,0.07618689684467776
9101819,motor,random,1,0.13,counterfactual,action_blind,5,0.12849535950528757
9101819,motor,random,1,0.13,counterfactual,adaptive_nonlinear,5,0.04937052884245257
9101819,motor,random,1,0.13,counterfactual,knn_all,5,0.04851956839441458
9101819,motor,random,1,0.13,counterfactual,knn_recent,5,0.05271387420316922
9101819,motor,random,1,0.13,counterfactual,linear,5,0.08166269883677413
9101819,motor,random,1,0.13,counterfactual,nonlinear,5,0.047933511118521475
9101819,motor,random,1,0.13,counterfactual,zero,5,0.13170989417769316
9101819,motor,random,1,0.13,early,action_blind,19,0.11067264800614662
9101819,motor,random,1,0.13,early,adaptive_nonlinear,19,0.046345164797223656
9101819,motor,random,1,0.13,early,knn_all,19,0.0607067589498981
9101819,motor,random,1,0.13,early,knn_recent,19,0.05906373782017966
9101819,motor,random,1,0.13,early,linear,19,0.10704954312219975
9101819,motor,random,1,0.13,early,nonlinear,19,0.044871615209044646
9101819,motor,random,1,0.13,early,zero,19,0.09694892490801883
9101819,motor,random,1,0.13,late,action_blind,35,0.10938194643720317
9101819,motor,random,1,0.13,late,adaptive_nonlinear,35,0.04751753351421194
9101819,motor,random,1,0.13,late,knn_all,35,0.047560295462046535
9101819,motor,random,1,0.13,late,knn_recent,35,0.04591280777898399
9101819,motor,random,1,0.13,late,linear,35,0.06312537407655769
9101819,motor,random,1,0.13,late,nonlinear,35,0.04945123202091993
9101819,motor,random,1,0.13,late,zero,35,0.10509245357382123
9101819,motor,random,1,0.13,pre,action_blind,35,0.08266905730967496
9101819,motor,random,1,0.13,pre,adaptive_nonlinear,35,0.041279262431367064
9101819,motor,random,1,0.13,pre,knn_all,35,0.040982071968416155
9101819,motor,random,1,0.13,pre,knn_recent,35,0.04198867317966203
9101819,motor,random,1,0.13,pre,linear,35,0.03670364596941428
9101819,motor,random,1,0.13,pre,nonlinear,35,0.04065101610590131
9101819,motor,random,1,0.13,pre,zero,35,0.07618689684467776
9101819,motor_external,random,1,0.13,counterfactual,action_blind,5,0.0524361943084562
9101819,motor_external,random,1,0.13,counterfactual,adaptive_nonlinear,5,0.04947177318474964
9101819,motor_external,random,1,0.13,counterfactual,knn_all,5,0.051650942527548004
9101819,motor_external,random,1,0.13,counterfactual,knn_recent,5,0.05181320304982466
9101819,motor_external,random,1,0.13,counterfactual,linear,5,0.04984072639813973
9101819,motor_external,random,1,0.13,counterfactual,nonlinear,5,0.04559200185597086
9101819,motor_external,random,1,0.13,counterfactual,zero,5,0.0560908074959912
9101819,motor_external,random,1,0.13,early,action_blind,19,0.0727039301874269
9101819,motor_external,random,1,0.13,early,adaptive_nonlinear,19,0.05586382224056189
9101819,motor_external,random,1,0.13,early,knn_all,19,0.0704334197314073
9101819,motor_external,random,1,0.13,early,knn_recent,19,0.07301368679156645
9101819,motor_external,random,1,0.13,early,linear,19,0.10830666627838566
9101819,motor_external,random,1,0.13,early,nonlinear,19,0.05389983410097117
9101819,motor_external,random,1,0.13,early,zero,19,0.07809832213538785
9101819,motor_external,random,1,0.13,late,action_blind,35,0.04025807902953189
9101819,motor_external,random,1,0.13,late,adaptive_nonlinear,35,0.041487889224872274
9101819,motor_external,random,1,0.13,late,knn_all,35,0.04394216427717522
9101819,motor_external,random,1,0.13,late,knn_recent,35,0.04405698712128147
9101819,motor_external,random,1,0.13,late,linear,35,0.04724129337646378
9101819,motor_external,random,1,0.13,late,nonlinear,35,0.04189525033815473
9101819,motor_external,random,1,0.13,late,zero,35,0.03994007984739297
9101819,motor_external,random,1,0.13,pre,action_blind,35,0.08266905730967496
9101819,motor_external,random,1,0.13,pre,adaptive_nonlinear,35,0.041279262431367064
9101819,motor_external,random,1,0.13,pre,knn_all,35,0.040982071968416155
9101819,motor_external,random,1,0.13,pre,knn_recent,35,0.04198867317966203
9101819,motor_external,random,1,0.13,pre,linear,35,0.03670364596941428
9101819,motor_external,random,1,0.13,pre,nonlinear,35,0.04065101610590131
9101819,motor_external,random,1,0.13,pre,zero,35,0.07618689684467776
9101819,none,random,1,0.13,counterfactual,action_blind,5,0.13031403783960502
9101819,none,random,1,0.13,counterfactual,adaptive_nonlinear,5,0.038957543443780863
9101819,none,random,1,0.13,counterfactual,knn_all,5,0.04919928449236437
9101819,none,random,1,0.13,counterfactual,knn_recent,5,0.04960581591825963
9101819,none,random,1,0.13,counterfactual,linear,5,0.046765275317471
9101819,none,random,1,0.13,counterfactual,nonlinear,5,0.04114187934018251
9101819,none,random,1,0.13,counterfactual,zero,5,0.1301200689925189
9101819,none,random,1,0.13,early,action_blind,19,0.09834806660441027
9101819,none,random,1,0.13,early,adaptive_nonlinear,19,0.03793390365373915
9101819,none,random,1,0.13,early,knn_all,19,0.04371201018698434
9101819,none,random,1,0.13,early,knn_recent,19,0.04561493140962007
9101819,none,random,1,0.13,early,linear,19,0.0358588541236088
9101819,none,random,1,0.13,early,nonlinear,19,0.03620027771120835
9101819,none,random,1,0.13,early,zero,19,0.09683284361956919
9101819,none,random,1,0.13,late,action_blind,35,0.11369609234401976
9101819,none,random,1,0.13,late,adaptive_nonlinear,35,0.03850658629030085
9101819,none,random,1,0.13,late,knn_all,35,0.04410259308428788
9101819,none,random,1,0.13,late,knn_recent,35,0.04652686727546594
9101819,none,random,1,0.13,late,linear,35,0.038115633502741476
9101819,none,random,1,0.13,late,nonlinear,35,0.036419622459970026
9101819,none,random,1,0.13,late,zero,35,0.10376118186401317
9101819,none,random,1,0.13,pre,action_blind,35,0.08266905730967496
9101819,none,random,1,0.13,pre,adaptive_nonlinear,35,0.041279262431367064
9101819,none,random,1,0.13,pre,knn_all,35,0.040982071968416155
9101819,none,random,1,0.13,pre,knn_recent,35,0.04198867317966203
9101819,none,random,1,0.13,pre,linear,35,0.03670364596941428
9101819,none,random,1,0.13,pre,nonlinear,35,0.04065101610590131
9101819,none,random,1,0.13,pre,zero,35,0.07618689684467776
9101819,sensor,random,1,0.13,counterfactual,action_blind,5,0.1314468283126422
9101819,sensor,random,1,0.13,counterfactual,adaptive_nonlinear,5,0.03869594620459091
9101819,sensor,random,1,0.13,counterfactual,knn_all,5,0.04770111018817712
9101819,sensor,random,1,0.13,counterfactual,knn_recent,5,0.04960581591825963
9101819,sensor,random,1,0.13,counterfactual,linear,5,0.04573833676817209
9101819,sensor,random,1,0.13,counterfactual,nonlinear,5,0.04025685463009698
9101819,sensor,random,1,0.13,counterfactual,zero,5,0.1301200689925189
9101819,sensor,random,1,0.13,early,action_blind,19,0.10125564565901306
9101819,sensor,random,1,0.13,early,adaptive_nonlinear,19,0.039576186146679015
9101819,sensor,random,1,0.13,early,knn_all,19,0.044586956100538554
9101819,sensor,random,1,0.13,early,knn_recent,19,0.045700556194376685
9101819,sensor,random,1,0.13,early,linear,19,0.03577573154027506
9101819,sensor,random,1,0.13,early,nonlinear,19,0.03728077936003375
9101819,sensor,random,1,0.13,early,zero,19,0.09683284361956919
9101819,sensor,random,1,0.13,late,action_blind,35,0.11290395258761161
9101819,sensor,random,1,0.13,late,adaptive_nonlinear,35,0.037062132901057906
9101819,sensor,random,1,0.13,late,knn_all,35,0.04313978243646115
9101819,sensor,random,1,0.13,late,knn_recent,35,0.04652686727546594
9101819,sensor,random,1,0.13,late,linear,35,0.038139044630860895
9101819,sensor,random,1,0.13,late,nonlinear,35,0.035285460019036485
9101819,sensor,random,1,0.13,late,zero,35,0.10376118186401317
9101819,sensor,random,1,0.13,pre,action_blind,35,0.08266905730967496
9101819,sensor,random,1,0.13,pre,adaptive_nonlinear,35,0.041279262431367064
9101819,sensor,random,1,0.13,pre,knn_all,35,0.040982071968416155
9101819,sensor,random,1,0.13,pre,knn_recent,35,0.04198867317966203
9101819,sensor,random,1,0.13,pre,linear,35,0.03670364596941428
9101819,sensor,random,1,0.13,pre,nonlinear,35,0.04065101610590131
9101819,sensor,random,1,0.13,pre,zero,35,0.07618689684467776
9101819,unknown_nonlinear,random,1,0.13,counterfactual,action_blind,5,0.16104996917387537
9101819,unknown_nonlinear,random,1,0.13,counterfactual,adaptive_nonlinear,5,0.08944824065455438
9101819,unknown_nonlinear,random,1,0.13,counterfactual,knn_all,5,0.06387649273621046
9101819,unknown_nonlinear,random,1,0.13,counterfactual,knn_recent,5,0.06143169733796576
9101819,unknown_nonlinear,random,1,0.13,counterfactual,linear,5,0.07216864905831083
9101819,unknown_nonlinear,random,1,0.13,counterfactual,nonlinear,5,0.08457640152066218
9101819,unknown_nonlinear,random,1,0.13,counterfactual,zero,5,0.12535942273520762
9101819,unknown_nonlinear,random,1,0.13,early,action_blind,19,0.10318738413549304
9101819,unknown_nonlinear,random,1,0.13,early,adaptive_nonlinear,19,0.05046409548070035
9101819,unknown_nonlinear,random,1,0.13,early,knn_all,19,0.05210491156257918
9101819,unknown_nonlinear,random,1,0.13,early,knn_recent,19,0.05204795178108192
9101819,unknown_nonlinear,random,1,0.13,early,linear,19,0.045374556834791
9101819,unknown_nonlinear,random,1,0.13,early,nonlinear,19,0.04764219193626476
9101819,unknown_nonlinear,random,1,0.13,early,zero,19,0.1027080876179685
9101819,unknown_nonlinear,random,1,0.13,late,action_blind,35,0.08964267878321769
9101819,unknown_nonlinear,random,1,0.13,late,adaptive_nonlinear,35,0.05361910735891639
9101819,unknown_nonlinear,random,1,0.13,late,knn_all,35,0.05146358334561534
9101819,unknown_nonlinear,random,1,0.13,late,knn_recent,35,0.051008010929082574
9101819,unknown_nonlinear,random,1,0.13,late,linear,35,0.05314500116182998
9101819,unknown_nonlinear,random,1,0.13,late,nonlinear,35,0.04997824455718473
9101819,unknown_nonlinear,random,1,0.13,late,zero,35,0.07950066979351826
9101819,unknown_nonlinear,random,1,0.13,pre,action_blind,35,0.08266905730967496
9101819,unknown_nonlinear,random,1,0.13,pre,adaptive_nonlinear,35,0.041279262431367064
9101819,unknown_nonlinear,random,1,0.13,pre,knn_all,35,0.040982071968416155
9101819,unknown_nonlinear,random,1,0.13,pre,knn_recent,35,0.04198867317966203
9101819,unknown_nonlinear,random,1,0.13,pre,linear,35,0.03670364596941428
9101819,unknown_nonlinear,random,1,0.13,pre,nonlinear,35,0.04065101610590131
9101819,unknown_nonlinear,random,1,0.13,pre,zero,35,0.07618689684467776
9101920,external,random,1,0.13,counterfactual,action_blind,5,0.09128772835677496
9101920,external,random,1,0.13,counterfactual,adaptive_nonlinear,5,0.06243872431798884
9101920,external,random,1,0.13,counterfactual,knn_all,5,0.07620451744621363
9101920,external,random,1,0.13,counterfactual,knn_recent,5,0.07609898826440506
9101920,external,random,1,0.13,counterfactual,linear,5,0.12475644996104167
9101920,external,random,1,0.13,counterfactual,nonlinear,5,0.06104998100873073
9101920,external,random,1,0.13,counterfactual,zero,5,0.11623334776286243
9101920,external,random,1,0.13,early,action_blind,19,0.1419228174530838
9101920,external,random,1,0.13,early,adaptive_nonlinear,19,0.06831562832918284
9101920,external,random,1,0.13,early,knn_all,19,0.07033226110704165
9101920,external,random,1,0.13,early,knn_recent,19,0.0748547444613115
9101920,external,random,1,0.13,early,linear,19,0.08216713611317276
9101920,external,random,1,0.13,early,nonlinear,19,0.06355096449477815
9101920,external,random,1,0.13,early,zero,19,0.13823759321779144
9101920,external,random,1,0.13,late,action_blind,35,0.041064353970979996
9101920,external,random,1,0.13,late,adaptive_nonlinear,35,0.05057384550676747
9101920,external,random,1,0.13,late,knn_all,35,0.0527160538904616
9101920,external,random,1,0.13,late,knn_recent,35,0.053326094975357154
9101920,external,random,1,0.13,late,linear,35,0.06209930369608033
9101920,external,random,1,0.13,late,nonlinear,35,0.04953061360812601
9101920,external,random,1,0.13,late,zero,35,0.0436658387030132
9101920,external,random,1,0.13,pre,action_blind,35,0.06812000249338575
9101920,external,random,1,0.13,pre,adaptive_nonlinear,35,0.03930746205741182
9101920,external,random,1,0.13,pre,knn_all,35,0.04329829640335672
9101920,external,random,1,0.13,pre,knn_recent,35,0.043548070248945435
9101920,external,random,1,0.13,pre,linear,35,0.03909107299542828
9101920,external,random,1,0.13,pre,nonlinear,35,0.03906836866913886
9101920,external,random,1,0.13,pre,zero,35,0.06849513296626425
9101920,motor,random,1,0.13,counterfactual,action_blind,5,0.06562173127885454
9101920,motor,random,1,0.13,counterfactual,adaptive_nonlinear,5,0.03654147088450428
9101920,motor,random,1,0.13,counterfactual,knn_all,5,0.03148067781547147
9101920,motor,random,1,0.13,counterfactual,knn_recent,5,0.03148097634709939
9101920,motor,random,1,0.13,counterfactual,linear,5,0.04789216170808223
9101920,motor,random,1,0.13,counterfactual,nonlinear,5,0.03787693023230344
9101920,motor,random,1,0.13,counterfactual,zero,5,0.05694671902261832
9101920,motor,random,1,0.13,early,action_blind,19,0.06281157469768264
9101920,motor,random,1,0.13,early,adaptive_nonlinear,19,0.05147147079072936
9101920,motor,random,1,0.13,early,knn_all,19,0.06102536757329898
9101920,motor,random,1,0.13,early,knn_recent,19,0.0616488593507243
9101920,motor,random,1,0.13,early,linear,19,0.08960324920740659
9101920,motor,random,1,0.13,early,nonlinear,19,0.05322998003010198
9101920,motor,random,1,0.13,early,zero,19,0.06731460044342615
9101920,motor,random,1,0.13,late,action_blind,35,0.06299860717351247
9101920,motor,random,1,0.13,late,adaptive_nonlinear,35,0.03654099425869622
9101920,motor,random,1,0.13,late,knn_all,35,0.03858171975072454
9101920,motor,random,1,0.13,late,knn_recent,35,0.037862771162309405
9101920,motor,random,1,0.13,late,linear,35,0.04543167792996442
9101920,motor,random,1,0.13,late,nonlinear,35,0.0362597465252225
9101920,motor,random,1,0.13,late,zero,35,0.06235948163215298
9101920,motor,random,1,0.13,pre,action_blind,35,0.06812000249338575
9101920,motor,random,1,0.13,pre,adaptive_nonlinear,35,0.03930746205741182
9101920,motor,random,1,0.13,pre,knn_all,35,0.04329829640335672
9101920,motor,random,1,0.13,pre,knn_recent,35,0.043548070248945435
9101920,motor,random,1,0.13,pre,linear,35,0.03909107299542828
9101920,motor,random,1,0.13,pre,nonlinear,35,0.03906836866913886
9101920,motor,random,1,0.13,pre,zero,35,0.06849513296626425
9101920,motor_external,random,1,0.13,counterfactual,action_blind,5,0.07505484106068747
9101920,motor_external,random,1,0.13,counterfactual,adaptive_nonlinear,5,0.04976165558284075
9101920,motor_external,random,1,0.13,counterfactual,knn_all,5,0.06346657522568865
9101920,motor_external,random,1,0.13,counterfactual,knn_recent,5,0.06374192970964018
9101920,motor_external,random,1,0.13,counterfactual,linear,5,0.09408172211864822
9101920,motor_external,random,1,0.13,counterfactual,nonlinear,5,0.04279934227668668
9101920,motor_external,random,1,0.13,counterfactual,zero,5,0.09499392949183257
9101920,motor_external,random,1,0.13,early,action_blind,19,0.13625076673680817
9101920,motor_external,random,1,0.13,early,adaptive_nonlinear,19,0.0835119195914004
9101920,motor_external,random,1,0.13,early,knn_all,19,0.11856193304817834
9101920,motor_external,random,1,0.13,early,knn_recent,19,0.0939715616664018
9101920,motor_external,random,1,0.13,early,linear,19,0.15121103634629876
9101920,motor_external,random,1,0.13,early,nonlinear,19,0.09038809765363164
9101920,motor_external,random,1,0.13,early,zero,19,0.1381479651916861
9101920,motor_external,random,1,0.13,late,action_blind,35,0.03809077605544555
9101920,motor_external,random,1,0.13,late,adaptive_nonlinear,35,0.04717479203432688
9101920,motor_external,random,1,0.13,late,knn_all,35,0.05166642995716204
9101920,motor_external,random,1,0.13,late,knn_recent,35,0.05385892017870746
9101920,motor_external,random,1,0.13,late,linear,35,0.05028707203305894
9101920,motor_external,random,1,0.13,late,nonlinear,35,0.049152758007706014
9101920,motor_external,random,1,0.13,late,zero,35,0.04122519282611122
9101920,motor_external,random,1,0.13,pre,action_blind,35,0.06812000249338575
9101920,motor_external,random,1,0.13,pre,adaptive_nonlinear,35,0.03930746205741182
9101920,motor_external,random,1,0.13,pre,knn_all,35,0.04329829640335672
9101920,motor_external,random,1,0.13,pre,knn_recent,35,0.043548070248945435
9101920,motor_external,random,1,0.13,pre,linear,35,0.03909107299542828
9101920,motor_external,random,1,0.13,pre,nonlinear,35,0.03906836866913886
9101920,motor_external,random,1,0.13,pre,zero,35,0.06849513296626425
9101920,none,random,1,0.13,counterfactual,action_blind,5,0.06183583651896313
9101920,none,random,1,0.13,counterfactual,adaptive_nonlinear,5,0.036125601522883785
9101920,none,random,1,0.13,counterfactual,knn_all,5,0.03620653297666167
9101920,none,random,1,0.13,counterfactual,knn_recent,5,0.03604988977624933
9101920,none,random,1,0.13,counterfactual,linear,5,0.03590179875768009
9101920,none,random,1,0.13,counterfactual,nonlinear,5,0.035812737322549026
9101920,none,random,1,0.13,counterfactual,zero,5,0.05896478719935294
9101920,none,random,1,0.13,early,action_blind,19,0.06466311324124324
9101920,none,random,1,0.13,early,adaptive_nonlinear,19,0.04220704594117554
9101920,none,random,1,0.13,early,knn_all,19,0.05154003777499481
9101920,none,random,1,0.13,early,knn_recent,19,0.05298729757633009
9101920,none,random,1,0.13,early,linear,19,0.04385832003457476
9101920,none,random,1,0.13,early,nonlinear,19,0.04222459915404372
9101920,none,random,1,0.13,early,zero,19,0.07009237784675092
9101920,none,random,1,0.13,late,action_blind,35,0.07602240852989299
9101920,none,random,1,0.13,late,adaptive_nonlinear,35,0.03961082514321328
9101920,none,random,1,0.13,late,knn_all,35,0.04315366909230305
9101920,none,random,1,0.13,late,knn_recent,35,0.04291977664694176
9101920,none,random,1,0.13,late,linear,35,0.03660507272300581
9101920,none,random,1,0.13,late,nonlinear,35,0.03935336282084962
9101920,none,random,1,0.13,late,zero,35,0.0678610468565309
9101920,none,random,1,0.13,pre,action_blind,35,0.06812000249338575
9101920,none,random,1,0.13,pre,adaptive_nonlinear,35,0.03930746205741182
9101920,none,random,1,0.13,pre,knn_all,35,0.04329829640335672
9101920,none,random,1,0.13,pre,knn_recent,35,0.043548070248945435
9101920,none,random,1,0.13,pre,linear,35,0.03909107299542828
9101920,none,random,1,0.13,pre,nonlinear,35,0.03906836866913886
9101920,none,random,1,0.13,pre,zero,35,0.06849513296626425
9101920,sensor,random,1,0.13,counterfactual,action_blind,5,0.05636049636699701
9101920,sensor,random,1,0.13,counterfactual,adaptive_nonlinear,5,0.032887775523521
9101920,sensor,random,1,0.13,counterfactual,knn_all,5,0.03620653297666167
9101920,sensor,random,1,0.13,counterfactual,knn_recent,5,0.03604988977624933
9101920,sensor,random,1,0.13,counterfactual,linear,5,0.0356877115586805
9101920,sensor,random,1,0.13,counterfactual,nonlinear,5,0.03289308941187873
9101920,sensor,random,1,0.13,counterfactual,zero,5,0.05896478719935294
9101920,sensor,random,1,0.13,early,action_blind,19,0.06674354707053319
9101920,sensor,random,1,0.13,early,adaptive_nonlinear,19,0.044286001018572205
9101920,sensor,random,1,0.13,early,knn_all,19,0.05494599459877646
9101920,sensor,random,1,0.13,early,knn_recent,19,0.056804485525973676
9101920,sensor,random,1,0.13,early,linear,19,0.04428408737872707
9101920,sensor,random,1,0.13,early,nonlinear,19,0.04396169490302825
9101920,sensor,random,1,0.13,early,zero,19,0.07009237784675092
9101920,sensor,random,1,0.13,late,action_blind,35,0.07678770524962224
9101920,sensor,random,1,0.13,late,adaptive_nonlinear,35,0.03953734095232865
9101920,sensor,random,1,0.13,late,knn_all,35,0.043136472093314386
9101920,sensor,random,1,0.13,late,knn_recent,35,0.04291977664694176
9101920,sensor,random,1,0.13,late,linear,35,0.03670482894996174
9101920,sensor,random,1,0.13,late,nonlinear,35,0.039086616949623953
9101920,sensor,random,1,0.13,late,zero,35,0.0678610468565309
9101920,sensor,random,1,0.13,pre,action_blind,35,0.06812000249338575
9101920,sensor,random,1,0.13,pre,adaptive_nonlinear,35,0.03930746205741182
9101920,sensor,random,1,0.13,pre,knn_all,35,0.04329829640335672
9101920,sensor,random,1,0.13,pre,knn_recent,35,0.043548070248945435
9101920,sensor,random,1,0.13,pre,linear,35,0.03909107299542828
9101920,sensor,random,1,0.13,pre,nonlinear,35,0.03906836866913886
9101920,sensor,random,1,0.13,pre,zero,35,0.06849513296626425
9101920,unknown_nonlinear,random,1,0.13,counterfactual,action_blind,5,0.062195095358995346
9101920,unknown_nonlinear,random,1,0.13,counterfactual,adaptive_nonlinear,5,0.0382101016129896
9101920,unknown_nonlinear,random,1,0.13,counterfactual,knn_all,5,0.034284440411464175
9101920,unknown_nonlinear,random,1,0.13,counterfactual,knn_recent,5,0.03399425631561219
9101920,unknown_nonlinear,random,1,0.13,counterfactual,linear,5,0.03455936759813422
9101920,unknown_nonlinear,random,1,0.13,counterfactual,nonlinear,5,0.03833291781895308
9101920,unknown_nonlinear,random,1,0.13,counterfactual,zero,5,0.06810933849508918
9101920,unknown_nonlinear,random,1,0.13,early,action_blind,19,0.0663585821391577
9101920,unknown_nonlinear,random,1,0.13,early,adaptive_nonlinear,19,0.04846308731018244
9101920,unknown_nonlinear,random,1,0.13,early,knn_all,19,0.05645244707074535
9101920,unknown_nonlinear,random,1,0.13,early,knn_recent,19,0.05741149811199831
9101920,unknown_nonlinear,random,1,0.13,early,linear,19,0.04986862316097405
9101920,unknown_nonlinear,random,1,0.13,early,nonlinear,19,0.04843194733772806
9101920,unknown_nonlinear,random,1,0.13,early,zero,19,0.07169436362297459
9101920,unknown_nonlinear,random,1,0.13,late,action_blind,35,0.11934525533363445
9101920,unknown_nonlinear,random,1,0.13,late,adaptive_nonlinear,35,0.06473786208825251
9101920,unknown_nonlinear,random,1,0.13,late,knn_all,35,0.05234440910946598
9101920,unknown_nonlinear,random,1,0.13,late,knn_recent,35,0.05247932925582628
9101920,unknown_nonlinear,random,1,0.13,late,linear,35,0.05568298224965159
9101920,unknown_nonlinear,random,1,0.13,late,nonlinear,35,0.06157448045775284
9101920,unknown_nonlinear,random,1,0.13,late,zero,35,0.10714022574615986
9101920,unknown_nonlinear,random,1,0.13,pre,action_blind,35,0.06812000249338575
9101920,unknown_nonlinear,random,1,0.13,pre,adaptive_nonlinear,35,0.03930746205741182
9101920,unknown_nonlinear,random,1,0.13,pre,knn_all,35,0.04329829640335672
9101920,unknown_nonlinear,random,1,0.13,pre,knn_recent,35,0.043548070248945435
9101920,unknown_nonlinear,random,1,0.13,pre,linear,35,0.03909107299542828
9101920,unknown_nonlinear,random,1,0.13,pre,nonlinear,35,0.03906836866913886
9101920,unknown_nonlinear,random,1,0.13,pre,zero,35,0.06849513296626425
9102021,external,random,1,0.13,counterfactual,action_blind,5,0.07418994850239687
9102021,external,random,1,0.13,counterfactual,adaptive_nonlinear,5,0.05030689071478554
9102021,external,random,1,0.13,counterfactual,knn_all,5,0.05494196777049826
9102021,external,random,1,0.13,counterfactual,knn_recent,5,0.05497402178289105
9102021,external,random,1,0.13,counterfactual,linear,5,0.07567364198299205
9102021,external,random,1,0.13,counterfactual,nonlinear,5,0.051336968347997156
9102021,external,random,1,0.13,counterfactual,zero,5,0.09155673671496142
9102021,external,random,1,0.13,early,action_blind,19,0.14010256845622598
9102021,external,random,1,0.13,early,adaptive_nonlinear,19,0.04045516049179627
9102021,external,random,1,0.13,early,knn_all,19,0.050355361802568416
9102021,external,random,1,0.13,early,knn_recent,19,0.05120203385646917
9102021,external,random,1,0.13,early,linear,19,0.06555714028292674
9102021,external,random,1,0.13,early,nonlinear,19,0.039907367465266685
9102021,external,random,1,0.13,early,zero,19,0.14252971553457194
9102021,external,random,1,0.13,late,action_blind,35,0.09676926954200282
9102021,external,random,1,0.13,late,adaptive_nonlinear,35,0.046849199607470665
9102021,external,random,1,0.13,late,knn_all,35,0.04818674467252865
9102021,external,random,1,0.13,late,knn_recent,35,0.04931414890085983
9102021,external,random,1,0.13,late,linear,35,0.051416920984010184
9102021,external,random,1,0.13,late,nonlinear,35,0.04439274028722304
9102021,external,random,1,0.13,late,zero,35,0.09359688788986441
9102021,external,random,1,0.13,pre,action_blind,35,0.06350047650388731
9102021,external,random,1,0.13,pre,adaptive_nonlinear,35,0.04179757646026869
9102021,external,random,1,0.13,pre,knn_all,35,0.04325774460704392
9102021,external,random,1,0.13,pre,knn_recent,35,0.043610244025551755
9102021,external,random,1,0.13,pre,linear,35,0.04294055093221918
9102021,external,random,1,0.13,pre,nonlinear,35,0.04129566514907013
9102021,external,random,1,0.13,pre,zero,35,0.06169125315171733
9102021,motor,random,1,0.13,counterfactual,action_blind,5,0.0780733631112811
9102021,motor,random,1,0.13,counterfactual,adaptive_nonlinear,5,0.05440473937731351
9102021,motor,random,1,0.13,counterfactual,knn_all,5,0.049522073259650266
9102021,motor,random,1,0.13,counterfactual,knn_recent,5,0.05117995064843415
9102021,motor,random,1,0.13,counterfactual,linear,5,0.0718191364716053
9102021,motor,random,1,0.13,counterfactual,nonlinear,5,0.053251043394851795
9102021,motor,random,1,0.13,counterfactual,zero,5,0.06967213305315509
9102021,motor,random,1,0.13,early,action_blind,19,0.050561329432467154
9102021,motor,random,1,0.13,early,adaptive_nonlinear,19,0.02881114158802413
9102021,motor,random,1,0.13,early,knn_all,19,0.038916952616901
9102021,motor,random,1,0.13,early,knn_recent,19,0.03905881281889464
9102021,motor,random,1,0.13,early,linear,19,0.052275533551589336
9102021,motor,random,1,0.13,early,nonlinear,19,0.03056994266925246
9102021,motor,random,1,0.13,early,zero,19,0.04754868947434712
9102021,motor,random,1,0.13,late,action_blind,35,0.06841002108135842
9102021,motor,random,1,0.13,late,adaptive_nonlinear,35,0.04359146953997676
9102021,motor,random,1,0.13,late,knn_all,35,0.05000466678074552
9102021,motor,random,1,0.13,late,knn_recent,35,0.0506915878327035
9102021,motor,random,1,0.13,late,linear,35,0.0528537178977574
9102021,motor,random,1,0.13,late,nonlinear,35,0.043069252989614705
9102021,motor,random,1,0.13,late,zero,35,0.06833583529717309
9102021,motor,random,1,0.13,pre,action_blind,35,0.06350047650388731
9102021,motor,random,1,0.13,pre,adaptive_nonlinear,35,0.04179757646026869
9102021,motor,random,1,0.13,pre,knn_all,35,0.04325774460704392
9102021,motor,random,1,0.13,pre,knn_recent,35,0.043610244025551755
9102021,motor,random,1,0.13,pre,linear,35,0.04294055093221918
9102021,motor,random,1,0.13,pre,nonlinear,35,0.04129566514907013
9102021,motor,random,1,0.13,pre,zero,35,0.06169125315171733
9102021,motor_external,random,1,0.13,counterfactual,action_blind,5,0.08531743115944679
9102021,motor_external,random,1,0.13,counterfactual,adaptive_nonlinear,5,0.049378935802799714
9102021,motor_external,random,1,0.13,counterfactual,knn_all,5,0.0551106748813564
9102021,motor_external,random,1,0.13,counterfactual,knn_recent,5,0.05514543463392303
9102021,motor_external,random,1,0.13,counterfactual,linear,5,0.09275595311946756
9102021,motor_external,random,1,0.13,counterfactual,nonlinear,5,0.050205770580078427
9102021,motor_external,random,1,0.13,counterfactual,zero,5,0.10261257475154253
9102021,motor_external,random,1,0.13,early,action_blind,19,0.1017279566502423
9102021,motor_external,random,1,0.13,early,adaptive_nonlinear,19,0.04188255719117624
9102021,motor_external,random,1,0.13,early,knn_all,19,0.060272234523430814
9102021,motor_external,random,1,0.13,early,knn_recent,19,0.05697103703580433
9102021,motor_external,random,1,0.13,early,linear,19,0.09156801351408221
9102021,motor_external,random,1,0.13,early,nonlinear,19,0.04358576912438507
9102021,motor_external,random,1,0.13,early,zero,19,0.10925996267324366
9102021,motor_external,random,1,0.13,late,action_blind,35,0.06879078216695608
9102021,motor_external,random,1,0.13,late,adaptive_nonlinear,35,0.04589051542678069
9102021,motor_external,random,1,0.13,late,knn_all,35,0.05194338053011427
9102021,motor_external,random,1,0.13,late,knn_recent,35,0.052540342054241726
9102021,motor_external,random,1,0.13,late,linear,35,0.06265939661165273
9102021,motor_external,random,1,0.13,late,nonlinear,35,0.04594939647490669
9102021,motor_external,random,1,0.13,late,zero,35,0.07564761865576039
9102021,motor_external,random,1,0.13,pre,action_blind,35,0.06350047650388731
9102021,motor_external,random,1,0.13,pre,adaptive_nonlinear,35,0.04179757646026869
9102021,motor_external,random,1,0.13,pre,knn_all,35,0.04325774460704392
9102021,motor_external,random,1,0.13,pre,knn_recent,35,0.043610244025551755
9102021,motor_external,random,1,0.13,pre,linear,35,0.04294055093221918
9102021,motor_external,random,1,0.13,pre,nonlinear,35,0.04129566514907013
9102021,motor_external,random,1,0.13,pre,zero,35,0.06169125315171733
9102021,none,random,1,0.13,counterfactual,action_blind,5,0.10298000470749877
9102021,none,random,1,0.13,counterfactual,adaptive_nonlinear,5,0.04854375257784945
9102021,none,random,1,0.13,counterfactual,knn_all,5,0.05184731214992616
9102021,none,random,1,0.13,counterfactual,knn_recent,5,0.05240246650408918
9102021,none,random,1,0.13,counterfactual,linear,5,0.0541329972347198
9102021,none,random,1,0.13,counterfactual,nonlinear,5,0.047812681693246595
9102021,none,random,1,0.13,counterfactual,zero,5,0.08262201549667285
9102021,none,random,1,0.13,early,action_blind,19,0.06550296782596211
9102021,none,random,1,0.13,early,adaptive_nonlinear,19,0.02196441692876642
9102021,none,random,1,0.13,early,knn_all,19,0.028904909173038854
9102021,none,random,1,0.13,early,knn_recent,19,0.0298188542186748
9102021,none,random,1,0.13,early,linear,19,0.023973427698619307
9102021,none,random,1,0.13,early,nonlinear,19,0.021890356091409102
9102021,none,random,1,0.13,early,zero,19,0.06551284591571874
9102021,none,random,1,0.13,late,action_blind,35,0.07943419276612744
9102021,none,random,1,0.13,late,adaptive_nonlinear,35,0.042896001370537916
9102021,none,random,1,0.13,late,knn_all,35,0.05315284070739945
9102021,none,random,1,0.13,late,knn_recent,35,0.05371448186312248
9102021,none,random,1,0.13,late,linear,35,0.04538544856998645
9102021,none,random,1,0.13,late,nonlinear,35,0.0422903015665056
9102021,none,random,1,0.13,late,zero,35,0.07606901274922673
9102021,none,random,1,0.13,pre,action_blind,35,0.06350047650388731
9102021,none,random,1,0.13,pre,adaptive_nonlinear,35,0.04179757646026869
9102021,none,random,1,0.13,pre,knn_all,35,0.04325774460704392
9102021,none,random,1,0.13,pre,knn_recent,35,0.043610244025551755
9102021,none,random,1,0.13,pre,linear,35,0.04294055093221918
9102021,none,random,1,0.13,pre,nonlinear,35,0.04129566514907013
9102021,none,random,1,0.13,pre,zero,35,0.06169125315171733
9102021,sensor,random,1,0.13,counterfactual,action_blind,5,0.09715998900666814
9102021,sensor,random,1,0.13,counterfactual,adaptive_nonlinear,5,0.04775226003262012
9102021,sensor,random,1,0.13,counterfactual,knn_all,5,0.05184731214992616
9102021,sensor,random,1,0.13,counterfactual,knn_recent,5,0.05240246650408918
9102021,sensor,random,1,0.13,counterfactual,linear,5,0.053081497616810205
9102021,sensor,random,1,0.13,counterfactual,nonlinear,5,0.046939550446910915
9102021,sensor,random,1,0.13,counterfactual,zero,5,0.08262201549667285
9102021,sensor,random,1,0.13,early,action_blind,19,0.06277175904035319
9102021,sensor,random,1,0.13,early,adaptive_nonlinear,19,0.022243481020205718
9102021,sensor,random,1,0.13,early,knn_all,19,0.03004375639899164
9102021,sensor,random,1,0.13,early,knn_recent,19,0.030881948630034673
9102021,sensor,random,1,0.13,early,linear,19,0.024710497935944275
9102021,sensor,random,1,0.13,early,nonlinear,19,0.022720570993129234
9102021,sensor,random,1,0.13,early,zero,19,0.06551284591571874
9102021,sensor,random,1,0.13,late,action_blind,35,0.08183842974574661
9102021,sensor,random,1,0.13,late,adaptive_nonlinear,35,0.04403011995857167
9102021,sensor,random,1,0.13,late,knn_all,35,0.05315284070739945
9102021,sensor,random,1,0.13,late,knn_recent,35,0.05371448186312248
9102021,sensor,random,1,0.13,late,linear,35,0.045218086785517184
9102021,sensor,random,1,0.13,late,nonlinear,35,0.04340810876348731
9102021,sensor,random,1,0.13,late,zero,35,0.07606901274922673
9102021,sensor,random,1,0.13,pre,action_blind,35,0.06350047650388731
9102021,sensor,random,1,0.13,pre,adaptive_nonlinear,35,0.04179757646026869
9102021,sensor,random,1,0.13,pre,knn_all,35,0.04325774460704392
9102021,sensor,random,1,0.13,pre,knn_recent,35,0.043610244025551755
9102021,sensor,random,1,0.13,pre,linear,35,0.04294055093221918
9102021,sensor,random,1,0.13,pre,nonlinear,35,0.04129566514907013
9102021,sensor,random,1,0.13,pre,zero,35,0.06169125315171733
9102021,unknown_nonlinear,random,1,0.13,counterfactual,action_blind,5,0.0617610104206278
9102021,unknown_nonlinear,random,1,0.13,counterfactual,adaptive_nonlinear,5,0.0438327525290112
9102021,unknown_nonlinear,random,1,0.13,counterfactual,knn_all,5,0.04779053550595551
9102021,unknown_nonlinear,random,1,0.13,counterfactual,knn_recent,5,0.04908024937245047
9102021,unknown_nonlinear,random,1,0.13,counterfactual,linear,5,0.052419681567037316
9102021,unknown_nonlinear,random,1,0.13,counterfactual,nonlinear,5,0.04345065669885508
9102021,unknown_nonlinear,random,1,0.13,counterfactual,zero,5,0.07738749193770644
9102021,unknown_nonlinear,random,1,0.13,early,action_blind,19,0.06357616866265788
9102021,unknown_nonlinear,random,1,0.13,early,adaptive_nonlinear,19,0.021171066475106564
9102021,unknown_nonlinear,random,1,0.13,early,knn_all,19,0.026811658927910126
9102021,unknown_nonlinear,random,1,0.13,early,knn_recent,19,0.02767671603939137
9102021,unknown_nonlinear,random,1,0.13,early,linear,19,0.02407758462639097
9102021,unknown_nonlinear,random,1,0.13,early,nonlinear,19,0.021250306013494088
9102021,unknown_nonlinear,random,1,0.13,early,zero,19,0.06657756524652797
9102021,unknown_nonlinear,random,1,0.13,late,action_blind,35,0.07194601564916818
9102021,unknown_nonlinear,random,1,0.13,late,adaptive_nonlinear,35,0.04071798061672893
9102021,unknown_nonlinear,random,1,0.13,late,knn_all,35,0.04993549695493823
9102021,unknown_nonlinear,random,1,0.13,late,knn_recent,35,0.050959117834250764
9102021,unknown_nonlinear,random,1,0.13,late,linear,35,0.04307379181844221
9102021,unknown_nonlinear,random,1,0.13,late,nonlinear,35,0.040487460660484774
9102021,unknown_nonlinear,random,1,0.13,late,zero,35,0.07460449389639195
9102021,unknown_nonlinear,random,1,0.13,pre,action_blind,35,0.06350047650388731
9102021,unknown_nonlinear,random,1,0.13,pre,adaptive_nonlinear,35,0.04179757646026869
9102021,unknown_nonlinear,random,1,0.13,pre,knn_all,35,0.04325774460704392
9102021,unknown_nonlinear,random,1,0.13,pre,knn_recent,35,0.043610244025551755
9102021,unknown_nonlinear,random,1,0.13,pre,linear,35,0.04294055093221918
9102021,unknown_nonlinear,random,1,0.13,pre,nonlinear,35,0.04129566514907013
9102021,unknown_nonlinear,random,1,0.13,pre,zero,35,0.06169125315171733
9102122,external,random,1,0.13,counterfactual,action_blind,5,0.03342393047950689
9102122,external,random,1,0.13,counterfactual,adaptive_nonlinear,5,0.030430223299253968
9102122,external,random,1,0.13,counterfactual,knn_all,5,0.03807948014850186
9102122,external,random,1,0.13,counterfactual,knn_recent,5,0.03837790560023846
9102122,external,random,1,0.13,counterfactual,linear,5,0.044755838418864935
9102122,external,random,1,0.13,counterfactual,nonlinear,5,0.032123066355290844
9102122,external,random,1,0.13,counterfactual,zero,5,0.027089094056573764
9102122,external,random,1,0.13,early,action_blind,19,0.11786467182958212
9102122,external,random,1,0.13,early,adaptive_nonlinear,19,0.0637025800801407
9102122,external,random,1,0.13,early,knn_all,19,0.05622241198480058
9102122,external,random,1,0.13,early,knn_recent,19,0.053579591388171706
9102122,external,random,1,0.13,early,linear,19,0.0554569640067927
9102122,external,random,1,0.13,early,nonlinear,19,0.06241113067885823
9102122,external,random,1,0.13,early,zero,19,0.11217292637629495
9102122,external,random,1,0.13,late,action_blind,35,0.03520061798277859
9102122,external,random,1,0.13,late,adaptive_nonlinear,35,0.036130510089998166
9102122,external,random,1,0.13,late,knn_all,35,0.04142930713405901
9102122,external,random,1,0.13,late,knn_recent,35,0.04158639445065831
9102122,external,random,1,0.13,late,linear,35,0.06999663297407141
9102122,external,random,1,0.13,late,nonlinear,35,0.03886396184293114
9102122,external,random,1,0.13,late,zero,35,0.038634091334759875
9102122,external,random,1,0.13,pre,action_blind,35,0.10441033709620548
9102122,external,random,1,0.13,pre,adaptive_nonlinear,35,0.0411525584651296
9102122,external,random,1,0.13,pre,knn_all,35,0.043613698998890844
9102122,external,random,1,0.13,pre,knn_recent,35,0.043503575173775684
9102122,external,random,1,0.13,pre,linear,35,0.04115710017675578
9102122,external,random,1,0.13,pre,nonlinear,35,0.040760163149602194
9102122,external,random,1,0.13,pre,zero,35,0.10804187653157825
9102122,motor,random,1,0.13,counterfactual,action_blind,5,0.06812886828355899
9102122,motor,random,1,0.13,counterfactual,adaptive_nonlinear,5,0.030125710023860598
9102122,motor,random,1,0.13,counterfactual,knn_all,5,0.03677353067445802
9102122,motor,random,1,0.13,counterfactual,knn_recent,5,0.03390205504351905
9102122,motor,random,1,0.13,counterfactual,linear,5,0.053013079620596926
9102122,motor,random,1,0.13,counterfactual,nonlinear,5,0.030280591212919372
9102122,motor,random,1,0.13,counterfactual,zero,5,0.05816693826942387
9102122,motor,random,1,0.13,early,action_blind,19,0.04636871977351447
9102122,motor,random,1,0.13,early,adaptive_nonlinear,19,0.04306399144944822
9102122,motor,random,1,0.13,early,knn_all,19,0.04509196114026578
9102122,motor,random,1,0.13,early,knn_recent,19,0.04445582120647809
9102122,motor,random,1,0.13,early,linear,19,0.08462059682678535
9102122,motor,random,1,0.13,early,nonlinear,19,0.04137303658349638
9102122,motor,random,1,0.13,early,zero,19,0.04928462512384473
9102122,motor,random,1,0.13,late,action_blind,35,0.04940907589035575
9102122,motor,random,1,0.13,late,adaptive_nonlinear,35,0.031226719863068603
9102122,motor,random,1,0.13,late,knn_all,35,0.03177616744997816
9102122,motor,random,1,0.13,late,knn_recent,35,0.031093584541070887
9102122,motor,random,1,0.13,late,linear,35,0.04481580425473085
9102122,motor,random,1,0.13,late,nonlinear,35,0.03156120080742674
9102122,motor,random,1,0.13,late,zero,35,0.050526025900806945
9102122,motor,random,1,0.13,pre,action_blind,35,0.10441033709620548
9102122,motor,random,1,0.13,pre,adaptive_nonlinear,35,0.0411525584651296
9102122,motor,random,1,0.13,pre,knn_all,35,0.043613698998890844
9102122,motor,random,1,0.13,pre,knn_recent,35,0.043503575173775684
9102122,motor,random,1,0.13,pre,linear,35,0.04115710017675578
9102122,motor,random,1,0.13,pre,nonlinear,35,0.040760163149602194
9102122,motor,random,1,0.13,pre,zero,35,0.10804187653157825
9102122,motor_external,random,1,0.13,counterfactual,action_blind,5,0.036021852230244414
9102122,motor_external,random,1,0.13,counterfactual,adaptive_nonlinear,5,0.02762100859851583
9102122,motor_external,random,1,0.13,counterfactual,knn_all,5,0.036582628709097384
9102122,motor_external,random,1,0.13,counterfactual,knn_recent,5,0.037060417182702
9102122,motor_external,random,1,0.13,counterfactual,linear,5,0.034030645431954484
9102122,motor_external,random,1,0.13,counterfactual,nonlinear,5,0.031244069655842376
9102122,motor_external,random,1,0.13,counterfactual,zero,5,0.03375536288705714
9102122,motor_external,random,1,0.13,early,action_blind,19,0.09576710098973032
9102122,motor_external,random,1,0.13,early,adaptive_nonlinear,19,0.08198394602988011
9102122,motor_external,random,1,0.13,early,knn_all,19,0.11042312973934332
9102122,motor_external,random,1,0.13,early,knn_recent,19,0.09764379763670455
9102122,motor_external,random,1,0.13,early,linear,19,0.11221090957990668
9102122,motor_external,random,1,0.13,early,nonlinear,19,0.0995028750678236
9102122,motor_external,random,1,0.13,early,zero,19,0.08669985721948559
9102122,motor_external,random,1,0.13,late,action_blind,35,0.039392909228485776
9102122,motor_external,random,1,0.13,late,adaptive_nonlinear,35,0.043213800005650504
9102122,motor_external,random,1,0.13,late,knn_all,35,0.04373520345270605
9102122,motor_external,random,1,0.13,late,knn_recent,35,0.04405629785183517
9102122,motor_external,random,1,0.13,late,linear,35,0.052263312050360416
9102122,motor_external,random,1,0.13,late,nonlinear,35,0.04562225911897344
9102122,motor_external,random,1,0.13,late,zero,35,0.04106987597869255
9102122,motor_external,random,1,0.13,pre,action_blind,35,0.10441033709620548
9102122,motor_external,random,1,0.13,pre,adaptive_nonlinear,35,0.0411525584651296
9102122,motor_external,random,1,0.13,pre,knn_all,35,0.043613698998890844
9102122,motor_external,random,1,0.13,pre,knn_recent,35,0.043503575173775684
9102122,motor_external,random,1,0.13,pre,linear,35,0.04115710017675578
9102122,motor_external,random,1,0.13,pre,nonlinear,35,0.040760163149602194
9102122,motor_external,random,1,0.13,pre,zero,35,0.10804187653157825
9102122,none,random,1,0.13,counterfactual,action_blind,5,0.0609143760860467
9102122,none,random,1,0.13,counterfactual,adaptive_nonlinear,5,0.030284863246302817
9102122,none,random,1,0.13,counterfactual,knn_all,5,0.03501727146730864
9102122,none,random,1,0.13,counterfactual,knn_recent,5,0.0323271468424279
9102122,none,random,1,0.13,counterfactual,linear,5,0.034116428078395024
9102122,none,random,1,0.13,counterfactual,nonlinear,5,0.03104520208617618
9102122,none,random,1,0.13,counterfactual,zero,5,0.05661639576467468
9102122,none,random,1,0.13,early,action_blind,19,0.052663723214619894
9102122,none,random,1,0.13,early,adaptive_nonlinear,19,0.03890953989388048
9102122,none,random,1,0.13,early,knn_all,19,0.04579349996262775
9102122,none,random,1,0.13,early,knn_recent,19,0.04667986036800185
9102122,none,random,1,0.13,early,linear,19,0.047714943551081766
9102122,none,random,1,0.13,early,nonlinear,19,0.03923979442249248
9102122,none,random,1,0.13,early,zero,19,0.05401165103244629
9102122,none,random,1,0.13,late,action_blind,35,0.049724385197391495
9102122,none,random,1,0.13,late,adaptive_nonlinear,35,0.028271104782800822
9102122,none,random,1,0.13,late,knn_all,35,0.03370025804289979
9102122,none,random,1,0.13,late,knn_recent,35,0.03182091664783847
9102122,none,random,1,0.13,late,linear,35,0.03230250251434333
9102122,none,random,1,0.13,late,nonlinear,35,0.028977898031522953
9102122,none,random,1,0.13,late,zero,35,0.054842388615421324
9102122,none,random,1,0.13,pre,action_blind,35,0.10441033709620548
9102122,none,random,1,0.13,pre,adaptive_nonlinear,35,0.0411525584651296
9102122,none,random,1,0.13,pre,knn_all,35,0.043613698998890844
9102122,none,random,1,0.13,pre,knn_recent,35,0.043503575173775684
9102122,none,random,1,0.13,pre,linear,35,0.04115710017675578
9102122,none,random,1,0.13,pre,nonlinear,35,0.040760163149602194
9102122,none,random,1,0.13,pre,zero,35,0.10804187653157825
9102122,sensor,random,1,0.13,counterfactual,action_blind,5,0.06137768880170066
9102122,sensor,random,1,0.13,counterfactual,adaptive_nonlinear,5,0.03047827151573438
9102122,sensor,random,1,0.13,counterfactual,knn_all,5,0.03501727146730863
9102122,sensor,random,1,0.13,counterfactual,knn_recent,5,0.0323271468424279
9102122,sensor,random,1,0.13,counterfactual,linear,5,0.03427240676414446
9102122,sensor,random,1,0.13,counterfactual,nonlinear,5,0.03169094797710623
9102122,sensor,random,1,0.13,counterfactual,zero,5,0.05661639576467468
9102122,sensor,random,1,0.13,early,action_blind,19,0.052882998167824935
9102122,sensor,random,1,0.13,early,adaptive_nonlinear,19,0.03806603301052328
9102122,sensor,random,1,0.13,early,knn_all,19,0.04428146531990764
9102122,sensor,random,1,0.13,early,knn_recent,19,0.0453769969619767
9102122,sensor,random,1,0.13,early,linear,19,0.0468096646730239
9102122,sensor,random,1,0.13,early,nonlinear,19,0.0382393528005312
9102122,sensor,random,1,0.13,early,zero,19,0.05401165103244629
9102122,sensor,random,1,0.13,late,action_blind,35,0.04918460817253309
9102122,sensor,random,1,0.13,late,adaptive_nonlinear,35,0.02781518930278265
9102122,sensor,random,1,0.13,late,knn_all,35,0.03370025804289979
9102122,sensor,random,1,0.13,late,knn_recent,35,0.03182091664783847
9102122,sensor,random,1,0.13,late,linear,35,0.03188056427008863
9102122,sensor,random,1,0.13,late,nonlinear,35,0.028795988652608222
9102122,sensor,random,1,0.13,late,zero,35,0.05484238861542131
9102122,sensor,random,1,0.13,pre,action_blind,35,0.10441033709620548
9102122,sensor,random,1,0.13,pre,adaptive_nonlinear,35,0.0411525584651296
9102122,sensor,random,1,0.13,pre,knn_all,35,0.043613698998890844
9102122,sensor,random,1,0.13,pre,knn_recent,35,0.043503575173775684
9102122,sensor,random,1,0.13,pre,linear,35,0.04115710017675578
9102122,sensor,random,1,0.13,pre,nonlinear,35,0.040760163149602194
9102122,sensor,random,1,0.13,pre,zero,35,0.10804187653157825
9102122,unknown_nonlinear,random,1,0.13,counterfactual,action_blind,5,0.0727759148118587
9102122,unknown_nonlinear,random,1,0.13,counterfactual,adaptive_nonlinear,5,0.024707191808033928
9102122,unknown_nonlinear,random,1,0.13,counterfactual,knn_all,5,0.03929983984841999
9102122,unknown_nonlinear,random,1,0.13,counterfactual,knn_recent,5,0.034252139774504975
9102122,unknown_nonlinear,random,1,0.13,counterfactual,linear,5,0.03434536068849208
9102122,unknown_nonlinear,random,1,0.13,counterfactual,nonlinear,5,0.026981372908860313
9102122,unknown_nonlinear,random,1,0.13,counterfactual,zero,5,0.0649230441213475
9102122,unknown_nonlinear,random,1,0.13,early,action_blind,19,0.05824513130495465
9102122,unknown_nonlinear,random,1,0.13,early,adaptive_nonlinear,19,0.03902030575884576
9102122,unknown_nonlinear,random,1,0.13,early,knn_all,19,0.046469261502064825
9102122,unknown_nonlinear,random,1,0.13,early,knn_recent,19,0.047444878879588856
9102122,unknown_nonlinear,random,1,0.13,early,linear,19,0.046143267277394186
9102122,unknown_nonlinear,random,1,0.13,early,nonlinear,19,0.03981017099974374
9102122,unknown_nonlinear,random,1,0.13,early,zero,19,0.061233717980418934
9102122,unknown_nonlinear,random,1,0.13,late,action_blind,35,0.0555120742768343
9102122,unknown_nonlinear,random,1,0.13,late,adaptive_nonlinear,35,0.0296911534995648
9102122,unknown_nonlinear,random,1,0.13,late,knn_all,35,0.03248322015907298
9102122,unknown_nonlinear,random,1,0.13,late,knn_recent,35,0.03272932121403776
9102122,unknown_nonlinear,random,1,0.13,late,linear,35,0.032180482911993026
9102122,unknown_nonlinear,random,1,0.13,late,nonlinear,35,0.029880539559610408
9102122,unknown_nonlinear,random,1,0.13,late,zero,35,0.056773895606916126
9102122,unknown_nonlinear,random,1,0.13,pre,action_blind,35,0.10441033709620548
9102122,unknown_nonlinear,random,1,0.13,pre,adaptive_nonlinear,35,0.0411525584651296
9102122,unknown_nonlinear,random,1,0.13,pre,knn_all,35,0.043613698998890844
9102122,unknown_nonlinear,random,1,0.13,pre,knn_recent,35,0.043503575173775684
9102122,unknown_nonlinear,random,1,0.13,pre,linear,35,0.04115710017675578
9102122,unknown_nonlinear,random,1,0.13,pre,nonlinear,35,0.040760163149602194
9102122,unknown_nonlinear,random,1,0.13,pre,zero,35,0.10804187653157825
9102223,external,random,1,0.13,counterfactual,action_blind,5,0.10752199608080851
9102223,external,random,1,0.13,counterfactual,adaptive_nonlinear,5,0.08364749541943609
9102223,external,random,1,0.13,counterfactual,knn_all,5,0.039395695456198795
9102223,external,random,1,0.13,counterfactual,knn_recent,5,0.03849552743420354
9102223,external,random,1,0.13,counterfactual,linear,5,0.07159005723108833
9102223,external,random,1,0.13,counterfactual,nonlinear,5,0.036989579604734035
9102223,external,random,1,0.13,counterfactual,zero,5,0.1364561734062719
9102223,external,random,1,0.13,early,action_blind,19,0.08126926755687106
9102223,external,random,1,0.13,early,adaptive_nonlinear,19,0.05215093932285262
9102223,external,random,1,0.13,early,knn_all,19,0.06089533006257469
9102223,external,random,1,0.13,early,knn_recent,19,0.060718996891371245
9102223,external,random,1,0.13,early,linear,19,0.056326994566663416
9102223,external,random,1,0.13,early,nonlinear,19,0.05157948827834737
9102223,external,random,1,0.13,early,zero,19,0.0873025546797145
9102223,external,random,1,0.13,late,action_blind,35,0.07802651132438881
9102223,external,random,1,0.13,late,adaptive_nonlinear,35,0.06711949806006423
9102223,external,random,1,0.13,late,knn_all,35,0.06407424360490176
9102223,external,random,1,0.13,late,knn_recent,35,0.06401337316432042
9102223,external,random,1,0.13,late,linear,35,0.07363199451711631
9102223,external,random,1,0.13,late,nonlinear,35,0.06389916373008724
9102223,external,random,1,0.13,late,zero,35,0.0784253569824694
9102223,external,random,1,0.13,pre,action_blind,35,0.06394834588508302
9102223,external,random,1,0.13,pre,adaptive_nonlinear,35,0.03277058315246584
9102223,external,random,1,0.13,pre,knn_all,35,0.0318194326966557
9102223,external,random,1,0.13,pre,knn_recent,35,0.031911251693396175
9102223,external,random,1,0.13,pre,linear,35,0.029995994685291506
9102223,external,random,1,0.13,pre,nonlinear,35,0.03224671134865536
9102223,external,random,1,0.13,pre,zero,35,0.06479868047816469
9102223,motor,random,1,0.13,counterfactual,action_blind,5,0.039532905702031954
9102223,motor,random,1,0.13,counterfactual,adaptive_nonlinear,5,0.029082539488516128
9102223,motor,random,1,0.13,counterfactual,knn_all,5,0.039512175100526396
9102223,motor,random,1,0.13,counterfactual,knn_recent,5,0.03323868320475073
9102223,motor,random,1,0.13,counterfactual,linear,5,0.04624774712770412
9102223,motor,random,1,0.13,counterfactual,nonlinear,5,0.027333570606176687
9102223,motor,random,1,0.13,counterfactual,zero,5,0.05222162447780669
9102223,motor,random,1,0.13,early,action_blind,19,0.05568654722019156
9102223,motor,random,1,0.13,early,adaptive_nonlinear,19,0.06047560150740691
9102223,motor,random,1,0.13,early,knn_all,19,0.06437213586627508
9102223,motor,random,1,0.13,early,knn_recent,19,0.06771517269657491
9102223,motor,random,1,0.13,early,linear,19,0.07697329881449136
9102223,motor,random,1,0.13,early,nonlinear,19,0.06390970017545283
9102223,motor,random,1,0.13,early,zero,19,0.059303091738385286
9102223,motor,random,1,0.13,late,action_blind,35,0.0683585941316491
9102223,motor,random,1,0.13,late,adaptive_nonlinear,35,0.045467041353751805
9102223,motor,random,1,0.13,late,knn_all,35,0.048852023610126236
9102223,motor,random,1,0.13,late,knn_recent,35,0.04301273014268272
9102223,motor,random,1,0.13,late,linear,35,0.05150301008706424
9102223,motor,random,1,0.13,late,nonlinear,35,0.04380165106307588
9102223,motor,random,1,0.13,late,zero,35,0.06373680721954059
9102223,motor,random,1,0.13,pre,action_blind,35,0.06394834588508302
9102223,motor,random,1,0.13,pre,adaptive_nonlinear,35,0.03277058315246584
9102223,motor,random,1,0.13,pre,knn_all,35,0.0318194326966557
9102223,motor,random,1,0.13,pre,knn_recent,35,0.031911251693396175
9102223,motor,random,1,0.13,pre,linear,35,0.029995994685291506
9102223,motor,random,1,0.13,pre,nonlinear,35,0.03224671134865536
9102223,motor,random,1,0.13,pre,zero,35,0.06479868047816469
9102223,motor_external,random,1,0.13,counterfactual,action_blind,5,0.057010412829523016
9102223,motor_external,random,1,0.13,counterfactual,adaptive_nonlinear,5,0.08679597152782248
9102223,motor_external,random,1,0.13,counterfactual,knn_all,5,0.042845774082591104
9102223,motor_external,random,1,0.13,counterfactual,knn_recent,5,0.04261619790984163
9102223,motor_external,random,1,0.13,counterfactual,linear,5,0.05291386888597679
9102223,motor_external,random,1,0.13,counterfactual,nonlinear,5,0.06060215146150457
9102223,motor_external,random,1,0.13,counterfactual,zero,5,0.08271528788553083
9102223,motor_external,random,1,0.13,early,action_blind,19,0.09939949539873609
9102223,motor_external,random,1,0.13,early,adaptive_nonlinear,19,0.09935108320202934
9102223,motor_external,random,1,0.13,early,knn_all,19,0.11402987579357914
9102223,motor_external,random,1,0.13,early,knn_recent,19,0.09031447042495452
9102223,motor_external,random,1,0.13,early,linear,19,0.11418115211394161
9102223,motor_external,random,1,0.13,early,nonlinear,19,0.10631618015054287
9102223,motor_external,random,1,0.13,early,zero,19,0.1011519049445097
9102223,motor_external,random,1,0.13,late,action_blind,35,0.06851692628817377
9102223,motor_external,random,1,0.13,late,adaptive_nonlinear,35,0.05997670182470861
9102223,motor_external,random,1,0.13,late,knn_all,35,0.05478410869313901
9102223,motor_external,random,1,0.13,late,knn_recent,35,0.05585786535728476
9102223,motor_external,random,1,0.13,late,linear,35,0.05854189919997894
9102223,motor_external,random,1,0.13,late,nonlinear,35,0.06012764733606813
9102223,motor_external,random,1,0.13,late,zero,35,0.06659530294349222
9102223,motor_external,random,1,0.13,pre,action_blind,35,0.06394834588508302
9102223,motor_external,random,1,0.13,pre,adaptive_nonlinear,35,0.03277058315246584
9102223,motor_external,random,1,0.13,pre,knn_all,35,0.0318194326966557
9102223,motor_external,random,1,0.13,pre,knn_recent,35,0.031911251693396175
9102223,motor_external,random,1,0.13,pre,linear,35,0.029995994685291506
9102223,motor_external,random,1,0.13,pre,nonlinear,35,0.03224671134865536
9102223,motor_external,random,1,0.13,pre,zero,35,0.06479868047816469
9102223,none,random,1,0.13,counterfactual,action_blind,5,0.049027630142466506
9102223,none,random,1,0.13,counterfactual,adaptive_nonlinear,5,0.028565827896606145
9102223,none,random,1,0.13,counterfactual,knn_all,5,0.03160510714429502
9102223,none,random,1,0.13,counterfactual,knn_recent,5,0.031916182766227257
9102223,none,random,1,0.13,counterfactual,linear,5,0.02687574663132348
9102223,none,random,1,0.13,counterfactual,nonlinear,5,0.026416159323496297
9102223,none,random,1,0.13,counterfactual,zero,5,0.04988102525699005
9102223,none,random,1,0.13,early,action_blind,19,0.0764814711459771
9102223,none,random,1,0.13,early,adaptive_nonlinear,19,0.0438941499249053
9102223,none,random,1,0.13,early,knn_all,19,0.049167454628607596
9102223,none,random,1,0.13,early,knn_recent,19,0.04940911889034211
9102223,none,random,1,0.13,early,linear,19,0.04035405673262596
9102223,none,random,1,0.13,early,nonlinear,19,0.042637207787911476
9102223,none,random,1,0.13,early,zero,19,0.0694970709074411
9102223,none,random,1,0.13,late,action_blind,35,0.06755935698479346
9102223,none,random,1,0.13,late,adaptive_nonlinear,35,0.03888010512584766
9102223,none,random,1,0.13,late,knn_all,35,0.042905294677067086
9102223,none,random,1,0.13,late,knn_recent,35,0.04302015970620895
9102223,none,random,1,0.13,late,linear,35,0.03644888316424747
9102223,none,random,1,0.13,late,nonlinear,35,0.037041411509100404
9102223,none,random,1,0.13,late,zero,35,0.06391895172877388
9102223,none,random,1,0.13,pre,action_blind,35,0.06394834588508302
9102223,none,random,1,0.13,pre,adaptive_nonlinear,35,0.03277058315246584
9102223,none,random,1,0.13,pre,knn_all,35,0.0318194326966557
9102223,none,random,1,0.13,pre,knn_recent,35,0.031911251693396175
9102223,none,random,1,0.13,pre,linear,35,0.029995994685291506
9102223,none,random,1,0.13,pre,nonlinear,35,0.03224671134865536
9102223,none,random,1,0.13,pre,zero,35,0.06479868047816469
9102223,sensor,random,1,0.13,counterfactual,action_blind,5,0.04550542846879487
9102223,sensor,random,1,0.13,counterfactual,adaptive_nonlinear,5,0.027773145234629794
9102223,sensor,random,1,0.13,counterfactual,knn_all,5,0.03148787700303766
9102223,sensor,random,1,0.13,counterfactual,knn_recent,5,0.031916182766227257
9102223,sensor,random,1,0.13,counterfactual,linear,5,0.026560870961977477
9102223,sensor,random,1,0.13,counterfactual,nonlinear,5,0.02528696309120846
9102223,sensor,random,1,0.13,counterfactual,zero,5,0.04988102525699005
9102223,sensor,random,1,0.13,early,action_blind,19,0.07080736498202185
9102223,sensor,random,1,0.13,early,adaptive_nonlinear,19,0.042386373150622936
9102223,sensor,random,1,0.13,early,knn_all,19,0.0484516682707729
9102223,sensor,random,1,0.13,early,knn_recent,19,0.04806408528957532
9102223,sensor,random,1,0.13,early,linear,19,0.04041150085119482
9102223,sensor,random,1,0.13,early,nonlinear,19,0.04109403512252271
9102223,sensor,random,1,0.13,early,zero,19,0.0694970709074411
9102223,sensor,random,1,0.13,late,action_blind,35,0.06982378686003113
9102223,sensor,random,1,0.13,late,adaptive_nonlinear,35,0.039861734639771156
9102223,sensor,random,1,0.13,late,knn_all,35,0.04332282201759601
9102223,sensor,random,1,0.13,late,knn_recent,35,0.04304228993089644
9102223,sensor,random,1,0.13,late,linear,35,0.03646308973219571
9102223,sensor,random,1,0.13,late,nonlinear,35,0.03754025341787703
9102223,sensor,random,1,0.13,late,zero,35,0.06391895172877388
9102223,sensor,random,1,0.13,pre,action_blind,35,0.06394834588508302
9102223,sensor,random,1,0.13,pre,adaptive_nonlinear,35,0.03277058315246584
9102223,sensor,random,1,0.13,pre,knn_all,35,0.0318194326966557
9102223,sensor,random,1,0.13,pre,knn_recent,35,0.031911251693396175
9102223,sensor,random,1,0.13,pre,linear,35,0.029995994685291506
9102223,sensor,random,1,0.13,pre,nonlinear,35,0.03224671134865536
9102223,sensor,random,1,0.13,pre,zero,35,0.06479868047816469
9102223,unknown_nonlinear,random,1,0.13,counterfactual,action_blind,5,0.07993016659643999
9102223,unknown_nonlinear,random,1,0.13,counterfactual,adaptive_nonlinear,5,0.046856905691634546
9102223,unknown_nonlinear,random,1,0.13,counterfactual,knn_all,5,0.039349362723863315
9102223,unknown_nonlinear,random,1,0.13,counterfactual,knn_recent,5,0.03933201675922178
9102223,unknown_nonlinear,random,1,0.13,counterfactual,linear,5,0.03332203665225257
9102223,unknown_nonlinear,random,1,0.13,counterfactual,nonlinear,5,0.044405362861375405
9102223,unknown_nonlinear,random,1,0.13,counterfactual,zero,5,0.07273608879541799
9102223,unknown_nonlinear,random,1,0.13,early,action_blind,19,0.0746504619943863
9102223,unknown_nonlinear,random,1,0.13,early,adaptive_nonlinear,19,0.04199697018698263
9102223,unknown_nonlinear,random,1,0.13,early,knn_all,19,0.048773611632541056
9102223,unknown_nonlinear,random,1,0.13,early,knn_recent,19,0.049378993529125045
9102223,unknown_nonlinear,random,1,0.13,early,linear,19,0.042540148135971984
9102223,unknown_nonlinear,random,1,0.13,early,nonlinear,19,0.04142033222343304
9102223,unknown_nonlinear,random,1,0.13,early,zero,19,0.07036546345824062
9102223,unknown_nonlinear,random,1,0.13,late,action_blind,35,0.11479805330104159
9102223,unknown_nonlinear,random,1,0.13,late,adaptive_nonlinear,35,0.055549180774820524
9102223,unknown_nonlinear,random,1,0.13,late,knn_all,35,0.05264430339861282
9102223,unknown_nonlinear,random,1,0.13,late,knn_recent,35,0.05699979288807508
9102223,unknown_nonlinear,random,1,0.13,late,linear,35,0.05541722570872779
9102223,unknown_nonlinear,random,1,0.13,late,nonlinear,35,0.05064684307317499
9102223,unknown_nonlinear,random,1,0.13,late,zero,35,0.10834855662890351
9102223,unknown_nonlinear,random,1,0.13,pre,action_blind,35,0.06394834588508302
9102223,unknown_nonlinear,random,1,0.13,pre,adaptive_nonlinear,35,0.03277058315246584
9102223,unknown_nonlinear,random,1,0.13,pre,knn_all,35,0.0318194326966557
9102223,unknown_nonlinear,random,1,0.13,pre,knn_recent,35,0.031911251693396175
9102223,unknown_nonlinear,random,1,0.13,pre,linear,35,0.029995994685291506
9102223,unknown_nonlinear,random,1,0.13,pre,nonlinear,35,0.03224671134865536
9102223,unknown_nonlinear,random,1,0.13,pre,zero,35,0.06479868047816469
9102324,external,random,1,0.13,counterfactual,action_blind,5,0.03494801695037372
9102324,external,random,1,0.13,counterfactual,adaptive_nonlinear,5,0.03619746927702748
9102324,external,random,1,0.13,counterfactual,knn_all,5,0.043938925159359155
9102324,external,random,1,0.13,counterfactual,knn_recent,5,0.043992641149707655
9102324,external,random,1,0.13,counterfactual,linear,5,0.06855555553777397
9102324,external,random,1,0.13,counterfactual,nonlinear,5,0.04517399397516926
9102324,external,random,1,0.13,counterfactual,zero,5,0.032574963356248425
9102324,external,random,1,0.13,early,action_blind,19,0.09962033242533148
9102324,external,random,1,0.13,early,adaptive_nonlinear,19,0.07149498524269457
9102324,external,random,1,0.13,early,knn_all,19,0.07308262814660267
9102324,external,random,1,0.13,early,knn_recent,19,0.07356131170622751
9102324,external,random,1,0.13,early,linear,19,0.07783364147225638
9102324,external,random,1,0.13,early,nonlinear,19,0.06849684370670997
9102324,external,random,1,0.13,early,zero,19,0.1024995881819758
9102324,external,random,1,0.13,late,action_blind,35,0.04284030959680289
9102324,external,random,1,0.13,late,adaptive_nonlinear,35,0.0364031656716971
9102324,external,random,1,0.13,late,knn_all,35,0.04429415404259359
9102324,external,random,1,0.13,late,knn_recent,35,0.044242323848042234
9102324,external,random,1,0.13,late,linear,35,0.05986205666006743
9102324,external,random,1,0.13,late,nonlinear,35,0.03650915280071733
9102324,external,random,1,0.13,late,zero,35,0.04285677366530002
9102324,external,random,1,0.13,pre,action_blind,35,0.10149820731552177
9102324,external,random,1,0.13,pre,adaptive_nonlinear,35,0.03630343921252834
9102324,external,random,1,0.13,pre,knn_all,35,0.037577894053441585
9102324,external,random,1,0.13,pre,knn_recent,35,0.03674524839477228
9102324,external,random,1,0.13,pre,linear,35,0.03477950750352551
9102324,external,random,1,0.13,pre,nonlinear,35,0.036235305872601174
9102324,external,random,1,0.13,pre,zero,35,0.09798665734124001
9102324,motor,random,1,0.13,counterfactual,action_blind,5,0.08499829836167405
9102324,motor,random,1,0.13,counterfactual,adaptive_nonlinear,5,0.022599537055095292
9102324,motor,random,1,0.13,counterfactual,knn_all,5,0.026825931202990823
9102324,motor,random,1,0.13,counterfactual,knn_recent,5,0.02696909380282566
9102324,motor,random,1,0.13,counterfactual,linear,5,0.059452120358013394
9102324,motor,random,1,0.13,counterfactual,nonlinear,5,0.02107722760382243
9102324,motor,random,1,0.13,counterfactual,zero,5,0.0878798382049051
9102324,motor,random,1,0.13,early,action_blind,19,0.14781720000491866
9102324,motor,random,1,0.13,early,adaptive_nonlinear,19,0.09671928023425004
9102324,motor,random,1,0.13,early,knn_all,19,0.10306048294390832
9102324,motor,random,1,0.13,early,knn_recent,19,0.10072342444235485
9102324,motor,random,1,0.13,early,linear,19,0.17243495952751484
9102324,motor,random,1,0.13,early,nonlinear,19,0.1010636275099254
9102324,motor,random,1,0.13,early,zero,19,0.13881917946419498
9102324,motor,random,1,0.13,late,action_blind,35,0.09547226156379358
9102324,motor,random,1,0.13,late,adaptive_nonlinear,35,0.04189870864806948
9102324,motor,random,1,0.13,late,knn_all,35,0.04550273777198165
9102324,motor,random,1,0.13,late,knn_recent,35,0.04547449405222429
9102324,motor,random,1,0.13,late,linear,35,0.05689943947069256
9102324,motor,random,1,0.13,late,nonlinear,35,0.0390567729049189
9102324,motor,random,1,0.13,late,zero,35,0.08456424569457033
9102324,motor,random,1,0.13,pre,action_blind,35,0.10149820731552177
9102324,motor,random,1,0.13,pre,adaptive_nonlinear,35,0.03630343921252834
9102324,motor,random,1,0.13,pre,knn_all,35,0.037577894053441585
9102324,motor,random,1,0.13,pre,knn_recent,35,0.03674524839477228
9102324,motor,random,1,0.13,pre,linear,35,0.03477950750352551
9102324,motor,random,1,0.13,pre,nonlinear,35,0.036235305872601174
9102324,motor,random,1,0.13,pre,zero,35,0.09798665734124001
9102324,motor_external,random,1,0.13,counterfactual,action_blind,5,0.10345167613817093
9102324,motor_external,random,1,0.13,counterfactual,adaptive_nonlinear,5,0.04509337318373859
9102324,motor_external,random,1,0.13,counterfactual,knn_all,5,0.04294699820317892
9102324,motor_external,random,1,0.13,counterfactual,knn_recent,5,0.04413591348751224
9102324,motor_external,random,1,0.13,counterfactual,linear,5,0.053495535499363665
9102324,motor_external,random,1,0.13,counterfactual,nonlinear,5,0.032683419998008105
9102324,motor_external,random,1,0.13,counterfactual,zero,5,0.06308864244185926
9102324,motor_external,random,1,0.13,early,action_blind,19,0.12183908995268211
9102324,motor_external,random,1,0.13,early,adaptive_nonlinear,19,0.13262845788322572
9102324,motor_external,random,1,0.13,early,knn_all,19,0.18682453989794617
9102324,motor_external,random,1,0.13,early,knn_recent,19,0.13883071785817494
9102324,motor_external,random,1,0.13,early,linear,19,0.1793978268178093
9102324,motor_external,random,1,0.13,early,nonlinear,19,0.16821236525276625
9102324,motor_external,random,1,0.13,early,zero,19,0.12138589681480792
9102324,motor_external,random,1,0.13,late,action_blind,35,0.05767941798065876
9102324,motor_external,random,1,0.13,late,adaptive_nonlinear,35,0.06455476575286218
9102324,motor_external,random,1,0.13,late,knn_all,35,0.058240086548839935
9102324,motor_external,random,1,0.13,late,knn_recent,35,0.058635442805686784
9102324,motor_external,random,1,0.13,late,linear,35,0.05978641750525245
9102324,motor_external,random,1,0.13,late,nonlinear,35,0.05595567105012208
9102324,motor_external,random,1,0.13,late,zero,35,0.06775662182367413
9102324,motor_external,random,1,0.13,pre,action_blind,35,0.10149820731552177
9102324,motor_external,random,1,0.13,pre,adaptive_nonlinear,35,0.03630343921252834
9102324,motor_external,random,1,0.13,pre,knn_all,35,0.037577894053441585
9102324,motor_external,random,1,0.13,pre,knn_recent,35,0.03674524839477228
9102324,motor_external,random,1,0.13,pre,linear,35,0.03477950750352551
9102324,motor_external,random,1,0.13,pre,nonlinear,35,0.036235305872601174
9102324,motor_external,random,1,0.13,pre,zero,35,0.09798665734124001
9102324,none,random,1,0.13,counterfactual,action_blind,5,0.09705261265046541
9102324,none,random,1,0.13,counterfactual,adaptive_nonlinear,5,0.01840812363315324
9102324,none,random,1,0.13,counterfactual,knn_all,5,0.023360999964160363
9102324,none,random,1,0.13,counterfactual,knn_recent,5,0.024127657413947515
9102324,none,random,1,0.13,counterfactual,linear,5,0.020953860925286723
9102324,none,random,1,0.13,counterfactual,nonlinear,5,0.018785701867078775
9102324,none,random,1,0.13,counterfactual,zero,5,0.09601057275627396
9102324,none,random,1,0.13,early,action_blind,19,0.12443432759828686
9102324,none,random,1,0.13,early,adaptive_nonlinear,19,0.04533036311389448
9102324,none,random,1,0.13,early,knn_all,19,0.050126212721631556
9102324,none,random,1,0.13,early,knn_recent,19,0.051044332419245816
9102324,none,random,1,0.13,early,linear,19,0.04471538255651473
9102324,none,random,1,0.13,early,nonlinear,19,0.04484226678710418
9102324,none,random,1,0.13,early,zero,19,0.11696965688161191
9102324,none,random,1,0.13,late,action_blind,35,0.11269865572315449
9102324,none,random,1,0.13,late,adaptive_nonlinear,35,0.03796036605779205
9102324,none,random,1,0.13,late,knn_all,35,0.041452032113429745
9102324,none,random,1,0.13,late,knn_recent,35,0.048608338528540025
9102324,none,random,1,0.13,late,linear,35,0.03603892144399804
9102324,none,random,1,0.13,late,nonlinear,35,0.037168909657839005
9102324,none,random,1,0.13,late,zero,35,0.10616733880910778
9102324,none,random,1,0.13,pre,action_blind,35,0.10149820731552177
9102324,none,random,1,0.13,pre,adaptive_nonlinear,35,0.03630343921252834
9102324,none,random,1,0.13,pre,knn_all,35,0.037577894053441585
9102324,none,random,1,0.13,pre,knn_recent,35,0.03674524839477228
9102324,none,random,1,0.13,pre,linear,35,0.03477950750352551
9102324,none,random,1,0.13,pre,nonlinear,35,0.036235305872601174
9102324,none,random,1,0.13,pre,zero,35,0.09798665734124001
9102324,sensor,random,1,0.13,counterfactual,action_blind,5,0.0994419498192037
9102324,sensor,random,1,0.13,counterfactual,adaptive_nonlinear,5,0.017833897890889724
9102324,sensor,random,1,0.13,counterfactual,knn_all,5,0.023438071317602425
9102324,sensor,random,1,0.13,counterfactual,knn_recent,5,0.024127657413947515
9102324,sensor,random,1,0.13,counterfactual,linear,5,0.021488132589507845
9102324,sensor,random,1,0.13,counterfactual,nonlinear,5,0.01822354955298128
9102324,sensor,random,1,0.13,counterfactual,zero,5,0.09601057275627396
9102324,sensor,random,1,0.13,early,action_blind,19,0.11917544781101928
9102324,sensor,random,1,0.13,early,adaptive_nonlinear,19,0.04790433085525172
9102324,sensor,random,1,0.13,early,knn_all,19,0.05046986372284594
9102324,sensor,random,1,0.13,early,knn_recent,19,0.04993354969255416
9102324,sensor,random,1,0.13,early,linear,19,0.04467773616048105
9102324,sensor,random,1,0.13,early,nonlinear,19,0.046447499135551226
9102324,sensor,random,1,0.13,early,zero,19,0.11696965688161191
9102324,sensor,random,1,0.13,late,action_blind,35,0.11612454446407296
9102324,sensor,random,1,0.13,late,adaptive_nonlinear,35,0.04031569648184717
9102324,sensor,random,1,0.13,late,knn_all,35,0.042721974774969626
9102324,sensor,random,1,0.13,late,knn_recent,35,0.048608338528540025
9102324,sensor,random,1,0.13,late,linear,35,0.03596619360981066
9102324,sensor,random,1,0.13,late,nonlinear,35,0.039036150716563724
9102324,sensor,random,1,0.13,late,zero,35,0.10616733880910778
9102324,sensor,random,1,0.13,pre,action_blind,35,0.10149820731552177
9102324,sensor,random,1,0.13,pre,adaptive_nonlinear,35,0.03630343921252834
9102324,sensor,random,1,0.13,pre,knn_all,35,0.037577894053441585
9102324,sensor,random,1,0.13,pre,knn_recent,35,0.03674524839477228
9102324,sensor,random,1,0.13,pre,linear,35,0.03477950750352551
9102324,sensor,random,1,0.13,pre,nonlinear,35,0.036235305872601174
9102324,sensor,random,1,0.13,pre,zero,35,0.09798665734124001
9102324,unknown_nonlinear,random,1,0.13,counterfactual,action_blind,5,0.06982704191188793
9102324,unknown_nonlinear,random,1,0.13,counterfactual,adaptive_nonlinear,5,0.02427095213189931
9102324,unknown_nonlinear,random,1,0.13,counterfactual,knn_all,5,0.030813461819996214
9102324,unknown_nonlinear,random,1,0.13,counterfactual,knn_recent,5,0.030647111240799652
9102324,unknown_nonlinear,random,1,0.13,counterfactual,linear,5,0.020028078862563303
9102324,unknown_nonlinear,random,1,0.13,counterfactual,nonlinear,5,0.025127958108970134
9102324,unknown_nonlinear,random,1,0.13,counterfactual,zero,5,0.07641875703893346
9102324,unknown_nonlinear,random,1,0.13,early,action_blind,19,0.15087747037679258
9102324,unknown_nonlinear,random,1,0.13,early,adaptive_nonlinear,19,0.0642047780740113
9102324,unknown_nonlinear,random,1,0.13,early,knn_all,19,0.060172910396768683
9102324,unknown_nonlinear,random,1,0.13,early,knn_recent,19,0.06063791327116128
9102324,unknown_nonlinear,random,1,0.13,early,linear,19,0.06220425657703013
9102324,unknown_nonlinear,random,1,0.13,early,nonlinear,19,0.0632721998983818
9102324,unknown_nonlinear,random,1,0.13,early,zero,19,0.13657862021574044
9102324,unknown_nonlinear,random,1,0.13,late,action_blind,35,0.10086071691090742
9102324,unknown_nonlinear,random,1,0.13,late,adaptive_nonlinear,35,0.035701265165281514
9102324,unknown_nonlinear,random,1,0.13,late,knn_all,35,0.04517625251095434
9102324,unknown_nonlinear,random,1,0.13,late,knn_recent,35,0.05343158248472897
9102324,unknown_nonlinear,random,1,0.13,late,linear,35,0.038855317352794655
9102324,unknown_nonlinear,random,1,0.13,late,nonlinear,35,0.035342377145946374
9102324,unknown_nonlinear,random,1,0.13,late,zero,35,0.11187356665741147
9102324,unknown_nonlinear,random,1,0.13,pre,action_blind,35,0.10149820731552177
9102324,unknown_nonlinear,random,1,0.13,pre,adaptive_nonlinear,35,0.03630343921252834
9102324,unknown_nonlinear,random,1,0.13,pre,knn_all,35,0.037577894053441585
9102324,unknown_nonlinear,random,1,0.13,pre,knn_recent,35,0.03674524839477228
9102324,unknown_nonlinear,random,1,0.13,pre,linear,35,0.03477950750352551
9102324,unknown_nonlinear,random,1,0.13,pre,nonlinear,35,0.036235305872601174
9102324,unknown_nonlinear,random,1,0.13,pre,zero,35,0.09798665734124001
