seed,cause,policy,noise,range_mse,inertial_mse,knn_range_mse,prequential_early,prequential_late,nonzero_probes,distinct_probe_commands,action_counts,counterfactual_by_action
11800041,none,uncertainty,0.025,0.0009913534837371622,0.0011972746333251986,0.003316438933307733,0.002051246078245663,0.0015867782526745808,30,4,"[120, 6, 9, 8, 7]","{""0"": 0.0006600998246862342, ""1"": 0.0007685697075110499, ""2"": 0.0015248068937897044, ""3"": 0.0006857931254834073, ""4"": 0.0013174978672154157}"
11800041,none,random,0.025,0.002943106150924697,0.0011267199279528979,0.01682385119227165,0.002104548684041838,0.0016321780819129673,30,4,"[120, 11, 7, 8, 4]","{""0"": 0.001104542316100386, ""1"": 0.0028693822463024157, ""2"": 0.00312237218504736, ""3"": 0.0011687667115981783, ""4"": 0.006450467295575145}"
11800041,none,cycle,0.025,0.0010525324996322786,0.0011908454202512822,0.0015502024000424296,0.0019694377116839727,0.0016691949821559706,30,4,"[120, 8, 7, 8, 7]","{""0"": 0.0007148407201340792, ""1"": 0.0004043040788794549, ""2"": 0.0021318464790762155, ""3"": 0.0006899360901106302, ""4"": 0.0013217351299610128}"
11800041,none,least_seen,0.025,0.000923575994401437,0.0011142367938566805,0.0016145749845399978,0.0021306411287332055,0.0014638080205430662,30,4,"[120, 8, 8, 7, 7]","{""0"": 0.0006335807700445061, ""1"": 0.0010334374224661386, ""2"": 0.0012303949107747758, ""3"": 0.0008738339523252118, ""4"": 0.0008466329163965535}"
11800041,none,single_action,0.025,0.039915679457015435,0.04257412156545823,0.05679173055061245,0.005663357452451172,0.0016150924802146313,30,1,"[120, 30, 0, 0, 0]","{""0"": 0.0057761139769781375, ""1"": 0.027485477346386688, ""2"": 0.0015362979091897214, ""3"": 0.10499000135529779, ""4"": 0.05979050669722485}"
11800041,none,no_probes,0.025,0.057622586714625126,0.058384273840795066,0.05715805115007543,0.0018750436881853193,0.0013389117828940579,0,0,"[150, 0, 0, 0, 0]","{""0"": 0.0008557301654600645, ""1"": 0.06972760063181029, ""2"": 0.06353375436864835, ""3"": 0.06401864939877709, ""4"": 0.08997719900842978}"
11800041,motor,uncertainty,0.025,0.0033384548067731676,0.002411714518670978,0.005850351134617973,0.00537663391496993,0.0022850421480679764,30,4,"[120, 8, 7, 7, 8]","{""0"": 0.0010415238250604027, ""1"": 0.004620017135910763, ""2"": 0.0017689245344886288, ""3"": 0.004968759084113984, ""4"": 0.00429304945429206}"
11800041,motor,random,0.025,0.014744996264327544,0.013288992534999778,0.02104707080050556,0.008015875459002652,0.002335166087098063,30,4,"[120, 11, 7, 8, 4]","{""0"": 0.0010171617926949723, ""1"": 0.02883586899176202, ""2"": 0.017366870393322974, ""3"": 0.012220515608000582, ""4"": 0.014284564535857169}"
11800041,motor,cycle,0.025,0.014789170825899792,0.012792258127684789,0.002752034403349568,0.010819578660439495,0.002408269924897666,30,4,"[120, 8, 7, 8, 7]","{""0"": 0.0008754070747472167, ""1"": 0.019551324105509964, ""2"": 0.014246201125629798, ""3"": 0.016565075787914826, ""4"": 0.02270784603569716}"
11800041,motor,least_seen,0.025,0.02255194995917055,0.018168736244635705,0.003070764177900761,0.013276048118117873,0.0017059943850057644,30,4,"[120, 8, 8, 7, 7]","{""0"": 0.0012780201265062924, ""1"": 0.028121196093974583, ""2"": 0.015724397038450428, ""3"": 0.02978679268361854, ""4"": 0.037849343853302915}"
11800041,motor,single_action,0.025,0.2812857957970491,0.2635378269286118,0.04699229176188288,0.004802095398245053,0.0074679297180177675,30,1,"[120, 30, 0, 0, 0]","{""0"": 0.04155058502669412, ""1"": 0.8331486288418873, ""2"": 0.3190928469087947, ""3"": 0.09917407807092297, ""4"": 0.11346284013694634}"
11800041,motor,no_probes,0.025,0.057795565679117526,0.05857732109861185,0.057368581509147185,0.0018750436881853193,0.0013389117828940579,0,0,"[150, 0, 0, 0, 0]","{""0"": 0.0008249314881631234, ""1"": 0.06435859964166486, ""2"": 0.08957534293217333, ""3"": 0.06395298885995437, ""4"": 0.07026596547363191}"
11800041,external,uncertainty,0.025,0.017720540495600914,0.01700349237073277,0.0018094247789487224,0.0075915241790292095,0.011753830443414192,30,4,"[120, 7, 8, 8, 7]","{""0"": 0.002520960751051555, ""1"": 0.01178836722491144, ""2"": 0.00839390397857547, ""3"": 0.005656982516604086, ""4"": 0.060242488006862015}"
11800041,external,random,0.025,0.028933897050995926,0.02956062530317557,0.030205622985596488,0.00968152344456733,0.005465260495771107,30,4,"[120, 11, 7, 8, 4]","{""0"": 0.004100209371597103, ""1"": 0.005145052527213325, ""2"": 0.031855852915201904, ""3"": 0.0014928933961874883, ""4"": 0.10207547704477983}"
11800041,external,cycle,0.025,0.018062132644272477,0.017398393299264018,0.0021871787974808627,0.007994684775252725,0.012862715665204512,30,4,"[120, 8, 7, 8, 7]","{""0"": 0.0026504021415631397, ""1"": 0.009150872679019859, ""2"": 0.01218579873697316, ""3"": 0.004956038885169135, ""4"": 0.06136755077863709}"
11800041,external,least_seen,0.025,0.016866667245732585,0.015656650150725603,0.0021201703838054603,0.007596752771910537,0.013776946445751163,30,4,"[120, 8, 8, 7, 7]","{""0"": 0.002381708332553404, ""1"": 0.011696140572498728, ""2"": 0.008876590173163194, ""3"": 0.008627013989345067, ""4"": 0.05275188316110253}"
11800041,external,single_action,0.025,0.08762689465816201,0.09358482880321248,0.034465802402862775,0.006061485690514132,0.0031510981136784193,30,1,"[120, 30, 0, 0, 0]","{""0"": 0.024859441464191005, ""1"": 0.041168514541222494, ""2"": 0.21491785394327848, ""3"": 0.050556092241417876, ""4"": 0.10663257110070028}"
11800041,external,no_probes,0.025,0.03518481437549343,0.034435293317953065,0.03464557682488444,0.0056208771434299,0.004646129984710914,0,0,"[150, 0, 0, 0, 0]","{""0"": 0.002478820590186703, ""1"": 0.03250942588503776, ""2"": 0.002478820590186703, ""3"": 0.07823426421063702, ""4"": 0.06022274060141893}"
11800041,sensor,uncertainty,0.025,0.0009458798900442849,0.0012281238541953685,0.003316438933307733,0.002311072251901374,0.0016012508904586786,30,4,"[120, 6, 9, 8, 7]","{""0"": 0.0005967520586509285, ""1"": 0.0007422867286341269, ""2"": 0.0014413710298301745, ""3"": 0.0006361211976639256, ""4"": 0.0013128684354422689}"
11800041,sensor,random,0.025,0.0028200861331582117,0.0012444100534421065,0.01682385119227165,0.002132485097341684,0.0016325740306992803,30,4,"[120, 11, 7, 8, 4]","{""0"": 0.0009786132868895264, ""1"": 0.0024197969529450012, ""2"": 0.003047682717411798, ""3"": 0.001151922871205477, ""4"": 0.006502414837339256}"
11800041,sensor,cycle,0.025,0.0009730731698307237,0.0012439401763934732,0.0015502024000424296,0.0021412994867587285,0.0016923599519380772,30,4,"[120, 8, 7, 8, 7]","{""0"": 0.0006274634089204536, ""1"": 0.0003728207325520019, ""2"": 0.0019874049277676504, ""3"": 0.0005996060771271374, ""4"": 0.0012780707027863754}"
11800041,sensor,least_seen,0.025,0.0008805584834403377,0.001183670890976972,0.0016145749845399978,0.0022237708643501864,0.0014574973245822748,30,4,"[120, 8, 8, 7, 7]","{""0"": 0.0005818159479247966, ""1"": 0.0010203873774659662, ""2"": 0.0011238958742710167, ""3"": 0.0007640621628468386, ""4"": 0.0009126310546930704}"
11800041,sensor,single_action,0.025,0.042747756832863686,0.03691844305439396,0.05679173055061245,0.006203741408530925,0.0016287427001661563,30,1,"[120, 30, 0, 0, 0]","{""0"": 0.008590809442885707, ""1"": 0.01967923934924098, ""2"": 0.015260224894567437, ""3"": 0.12070509036419297, ""4"": 0.04950342011343131}"
11800041,sensor,no_probes,0.025,0.05751482721681866,0.058415812814912586,0.05715805115007543,0.0019850894463431727,0.0013317295878917017,0,0,"[150, 0, 0, 0, 0]","{""0"": 0.0007219482620144085, ""1"": 0.06763603480302112, ""2"": 0.06543682349868021, ""3"": 0.06683991281418766, ""4"": 0.08693941670618986}"
11800041,motor_external,uncertainty,0.025,0.01715831561928861,0.017134018633845633,0.0037201196497690147,0.007811951014192571,0.012773864629952548,30,4,"[120, 7, 8, 8, 7]","{""0"": 0.006393995814901385, ""1"": 0.01524220289464398, ""2"": 0.04971823872411798, ""3"": 0.0042415906352867025, ""4"": 0.010195550027493014}"
11800041,motor_external,random,0.025,0.022881554292893742,0.029860809724228006,0.02088099071045635,0.010836392882145713,0.007011780049695412,30,4,"[120, 11, 7, 8, 4]","{""0"": 0.007004776597613169, ""1"": 0.00854536177196139, ""2"": 0.07595847004888275, ""3"": 0.0040957868604208905, ""4"": 0.018803376185590536}"
11800041,motor_external,cycle,0.025,0.01673957431768946,0.01669801819414129,0.005205073860826997,0.012258013573140526,0.011601164129230096,30,4,"[120, 8, 7, 8, 7]","{""0"": 0.005883581573051255, ""1"": 0.006937936456956351, ""2"": 0.05359044022784639, ""3"": 0.00517752580841095, ""4"": 0.01210838752218236}"
11800041,motor_external,least_seen,0.025,0.017150967690187997,0.015931614500316736,0.006861499365570196,0.009664166297043171,0.010660893067728685,30,4,"[120, 8, 8, 7, 7]","{""0"": 0.0056573065651566315, ""1"": 0.006761855054193681, ""2"": 0.0562437283508437, ""3"": 0.0069664758405354405, ""4"": 0.010125472640210556}"
11800041,motor_external,single_action,0.025,0.04581828685957636,0.05588368794139039,0.029620155572123608,0.018439150388151,0.008494735826059863,30,1,"[120, 30, 0, 0, 0]","{""0"": 0.011349731351711322, ""1"": 0.01511907864729276, ""2"": 0.15828490494792968, ""3"": 0.011349731351711322, ""4"": 0.03298798799923673}"
11800041,motor_external,no_probes,0.025,0.03735576152326215,0.037449038418752,0.03743665725349065,0.0056208771434299,0.004646129984710914,0,0,"[150, 0, 0, 0, 0]","{""0"": 0.005880093851914831, ""1"": 0.07434409441949563, ""2"": 0.06773896921896237, ""3"": 0.005880093851914831, ""4"": 0.0329355562740231}"
11800041,unknown_nonlinear,uncertainty,0.025,0.01683172023699437,0.013519315394241801,0.01972106254518292,0.0029113298306178777,0.005122830755106156,30,4,"[120, 6, 9, 8, 7]","{""0"": 0.0003744899291726306, ""1"": 0.029168575767862318, ""2"": 0.009365940075493786, ""3"": 0.037361195245448765, ""4"": 0.007888400166994344}"
11800041,unknown_nonlinear,random,0.025,0.023756777617231804,0.01971131026395949,0.039622503411029956,0.003767639475212791,0.0034417618477021296,30,4,"[120, 11, 7, 8, 4]","{""0"": 0.0057762709824871064, ""1"": 0.03994970248738119, ""2"": 0.046930183006524906, ""3"": 0.004552106294875601, ""4"": 0.021575625314890188}"
11800041,unknown_nonlinear,cycle,0.025,0.02334104362505245,0.014159125269571561,0.027519928787314348,0.0027847394023009565,0.004366442332278478,30,4,"[120, 8, 7, 8, 7]","{""0"": 0.0017997488648636196, ""1"": 0.00749443883623289, ""2"": 0.07381780939121114, ""3"": 0.029032779949144105, ""4"": 0.004560441083810487}"
11800041,unknown_nonlinear,least_seen,0.025,0.015302529803608654,0.01080282629960231,0.023132528784467157,0.002773386072290736,0.003998016540213423,30,4,"[120, 8, 8, 7, 7]","{""0"": 0.0008212906089696846, ""1"": 0.01416102361740877, ""2"": 0.030827685846654313, ""3"": 0.02521519083719434, ""4"": 0.00548745810781615}"
11800041,unknown_nonlinear,single_action,0.025,0.041164876397081954,0.027797889310270815,0.04035758389642326,0.006090046732927869,0.001602321837389836,30,1,"[120, 30, 0, 0, 0]","{""0"": 0.009895285749804477, ""1"": 0.03804620273165718, ""2"": 0.05410940352529192, ""3"": 0.056580951194972924, ""4"": 0.047192538783683284}"
11800041,unknown_nonlinear,no_probes,0.025,0.0481980978115429,0.046057277457643396,0.039235303541950595,0.0018750436881853193,0.0013389117828940579,0,0,"[150, 0, 0, 0, 0]","{""0"": 0.004413234149140217, ""1"": 0.05791635883119887, ""2"": 0.08192646384270931, ""3"": 0.028100551140965244, ""4"": 0.06863388109370083}"
11800178,none,uncertainty,0.025,0.004279435104776504,0.0025140846857987817,0.01700124262457847,0.0019569486726923897,0.0018082777215772299,30,4,"[120, 7, 8, 6, 9]","{""0"": 0.0013366017945169882, ""1"": 0.009185800519221023, ""2"": 0.004448572999180429, ""3"": 0.0026798329056604933, ""4"": 0.0037463673053035862}"
11800178,none,random,0.025,0.004599429853718086,0.002195735974412892,0.01228391354449876,0.0015139894747885768,0.0014562674917081824,30,4,"[120, 2, 9, 15, 4]","{""0"": 0.0010782170835981, ""1"": 0.004252103321709544, ""2"": 0.005404361763048401, ""3"": 0.006690960575569249, ""4"": 0.005571506524665138}"
11800178,none,cycle,0.025,0.002769931904981681,0.0021002933347449492,0.0036245043814487603,0.0015762513385175663,0.0014211295382031996,30,4,"[120, 8, 7, 8, 7]","{""0"": 0.0008680387626905944, ""1"": 0.006332022782149519, ""2"": 0.003002471570973907, ""3"": 0.0013970788428960526, ""4"": 0.002250047566198334}"
11800178,none,least_seen,0.025,0.0042189112942778665,0.0025877408744537068,0.00450877653159536,0.0016183010121095815,0.0015774502832677946,30,4,"[120, 7, 8, 8, 7]","{""0"": 0.0009271490540638557, ""1"": 0.00985282340105125, ""2"": 0.004617163844132542, ""3"": 0.0024418376498372154, ""4"": 0.0032555825223044674}"
11800178,none,single_action,0.025,0.02971262433899299,0.02477851886879916,0.0458411556471026,0.0018387436635159402,0.0014628189217397204,30,1,"[120, 30, 0, 0, 0]","{""0"": 0.0014131960068497235, ""1"": 0.0019043633695422267, ""2"": 0.008154559494063606, ""3"": 0.06572405048660503, ""4"": 0.07136695233790435}"
11800178,none,no_probes,0.025,0.04613752711850046,0.04636756852252015,0.045542104745833284,0.0015011756885960515,0.0013755077550779533,0,0,"[150, 0, 0, 0, 0]","{""0"": 0.0013467375478243518, ""1"": 0.040063558136262944, ""2"": 0.05213694813642214, ""3"": 0.0816526850116605, ""4"": 0.05548770676033237}"
11800178,motor,uncertainty,0.025,0.0020342221514342063,0.001336053186859045,0.002898761060474393,0.01629797302964056,0.002160762586521782,30,4,"[120, 8, 7, 6, 9]","{""0"": 0.0010859821976741456, ""1"": 0.0029924730636888895, ""2"": 0.0013379670526699637, ""3"": 0.0021588638293034627, ""4"": 0.0025958246138345705}"
11800178,motor,random,0.025,0.04598961424863695,0.04277893737691593,0.018390006222540858,0.012408918214061992,0.003462865745044789,30,4,"[120, 2, 9, 15, 4]","{""0"": 0.001906128840753579, ""1"": 0.025360838204238383, ""2"": 0.0489806768238932, ""3"": 0.07941788476735406, ""4"": 0.07428254260694557}"
11800178,motor,cycle,0.025,0.004375176636545117,0.005080049126133527,0.0059928657673933294,0.01919294580263968,0.0017809216501455249,30,4,"[120, 8, 7, 8, 7]","{""0"": 0.000946725578514402, ""1"": 0.003967717146829443, ""2"": 0.004328885475902367, ""3"": 0.005018491582336994, ""4"": 0.007614063399142377}"
11800178,motor,least_seen,0.025,0.004323032701576502,0.002195492755017298,0.0066733290900401355,0.017964562827275175,0.002616858854165162,30,4,"[120, 7, 8, 8, 7]","{""0"": 0.0008726783556677435, ""1"": 0.003413561447553335, ""2"": 0.003078863734197927, ""3"": 0.0047067232233526345, ""4"": 0.00954333674711087}"
11800178,motor,single_action,0.025,0.06757948973341145,0.08532061734614893,0.057220896702508635,0.006189081887844705,0.012680059357091789,30,1,"[120, 30, 0, 0, 0]","{""0"": 0.0019976670195154017, ""1"": 0.13776573770476594, ""2"": 0.09626595356872127, ""3"": 0.06440957678066779, ""4"": 0.03745851359338689}"
11800178,motor,no_probes,0.025,0.04981540065149066,0.05016383863438858,0.04928353927668911,0.0015011756885960515,0.0013755077550779533,0,0,"[150, 0, 0, 0, 0]","{""0"": 0.0012680765739724116, ""1"": 0.08655580918654883, ""2"": 0.061539408609860895, ""3"": 0.05674349449488975, ""4"": 0.042970214392181426}"
11800178,external,uncertainty,0.025,0.008860654127327401,0.005023680147470078,0.006028540337493606,0.009437296606044261,0.0064566705166231525,30,4,"[120, 8, 7, 7, 8]","{""0"": 0.002099101799278246, ""1"": 0.020444289654051206, ""2"": 0.009400959115766867, ""3"": 0.006263396167838032, ""4"": 0.0060955238997026625}"
11800178,external,random,0.025,0.016863110274421948,0.019345701315493746,0.013458688370220472,0.013319582036432815,0.0025988932649259043,30,4,"[120, 2, 9, 15, 4]","{""0"": 0.009314852949854263, ""1"": 0.015690143479923615, ""2"": 0.005083249847057436, ""3"": 0.014463992160981305, ""4"": 0.03976331293429312}"
11800178,external,cycle,0.025,0.008029065960784171,0.0040005957766428586,0.004793745021820911,0.011155403638474691,0.005048604881697159,30,4,"[120, 8, 7, 8, 7]","{""0"": 0.0018771304508604046, ""1"": 0.011606764361476079, ""2"": 0.015554955869126355, ""3"": 0.005673870129589204, ""4"": 0.0054326089928688134}"
11800178,external,least_seen,0.025,0.007788924430349295,0.004294159333655341,0.005179481637733037,0.015153198070101468,0.006366240625844477,30,4,"[120, 7, 8, 8, 7]","{""0"": 0.002005833544610553, ""1"": 0.015264617342380875, ""2"": 0.011316003405961839, ""3"": 0.004512719852962538, ""4"": 0.005845448005830669}"
11800178,external,single_action,0.025,0.044222932463838474,0.04566985255785183,0.040770411688746,0.0044681669039240935,0.001639463874492459,30,1,"[120, 30, 0, 0, 0]","{""0"": 0.0018077491849836137, ""1"": 0.006632487086931448, ""2"": 0.043645925204577656, ""3"": 0.08848190866662664, ""4"": 0.08054659217607302}"
11800178,external,no_probes,0.025,0.04180575792972366,0.04382627732389603,0.040779289645776075,0.008740633735581602,0.0018619687475868551,0,0,"[150, 0, 0, 0, 0]","{""0"": 0.002324897132980956, ""1"": 0.002324897132980956, ""2"": 0.03779237625298321, ""3"": 0.08328398632271428, ""4"": 0.08330263280695893}"
11800178,sensor,uncertainty,0.025,0.003712703458388876,0.0022294916682222927,0.01700124262457847,0.0020182066704214534,0.0018298745388944245,30,4,"[120, 7, 8, 6, 9]","{""0"": 0.0010231900821245387, ""1"": 0.008424718445028253, ""2"": 0.004153494745617023, ""3"": 0.002813581440492468, ""4"": 0.002148532578682093}"
11800178,sensor,random,0.025,0.005195413581158851,0.00241431711667663,0.01228391354449876,0.0015071366865057059,0.0014690200027140026,30,4,"[120, 2, 9, 15, 4]","{""0"": 0.0013086122974687103, ""1"": 0.004402521164423276, ""2"": 0.005718501802451702, ""3"": 0.007179532829902569, ""4"": 0.007367899811547997}"
11800178,sensor,cycle,0.025,0.002900283595539136,0.0020816762095473987,0.0036245043814487603,0.0016085790938855102,0.0014157301712221172,30,4,"[120, 8, 7, 8, 7]","{""0"": 0.0010070678137972264, ""1"": 0.006651182964901488, ""2"": 0.003078648560064889, ""3"": 0.0011571993252611423, ""4"": 0.0026073193136709368}"
11800178,sensor,least_seen,0.025,0.004189174145178919,0.002502390196828376,0.00450877653159536,0.0016751846874333786,0.0015709153777665199,30,4,"[120, 7, 8, 8, 7]","{""0"": 0.0008746416961461236, ""1"": 0.009827224712642394, ""2"": 0.004687809414464238, ""3"": 0.003106178928271248, ""4"": 0.002450015974370589}"
11800178,sensor,single_action,0.025,0.029009462931163008,0.023895235122059492,0.0458411556471026,0.0022352876936869125,0.001517734140289453,30,1,"[120, 30, 0, 0, 0]","{""0"": 0.0013203780044716848, ""1"": 0.0020916987267629345, ""2"": 0.004697469007516587, ""3"": 0.06765874324543968, ""4"": 0.06927902567162417}"
11800178,sensor,no_probes,0.025,0.0459156996627416,0.046445103168816164,0.045542104745833284,0.0015119336205439685,0.0013718588370705657,0,0,"[150, 0, 0, 0, 0]","{""0"": 0.0010911667596228945, ""1"": 0.04282175360732748, ""2"": 0.048958706263917386, ""3"": 0.07824537302789615, ""4"": 0.05846149865494409}"
11800178,motor_external,uncertainty,0.025,0.008456687510900016,0.0039736181802663365,0.005133312766076196,0.018766099547799557,0.006875990453784591,30,4,"[120, 8, 7, 7, 8]","{""0"": 0.001687430881715717, ""1"": 0.0073391820197508915, ""2"": 0.007308562294767872, ""3"": 0.007333090971800941, ""4"": 0.018615171386464655}"
11800178,motor_external,random,0.025,0.015054256700214095,0.0042263879407920014,0.02028906469068425,0.020963211478533493,0.00587280782719061,30,4,"[120, 2, 9, 15, 4]","{""0"": 0.0019198845734420406, ""1"": 0.01919254619361957, ""2"": 0.0318842101660579, ""3"": 0.007990825111473138, ""4"": 0.01428381745647783}"
11800178,motor_external,cycle,0.025,0.008336416558889686,0.0038659090054499654,0.004561398100606067,0.022911649472368335,0.007125903974892374,30,4,"[120, 8, 7, 8, 7]","{""0"": 0.001969409801114752, ""1"": 0.007124639364574396, ""2"": 0.006843953891039429, ""3"": 0.013423720100684294, ""4"": 0.012320359637035552}"
11800178,motor_external,least_seen,0.025,0.01061123421677897,0.00667215111957109,0.005676501067167854,0.02514448630874644,0.006978046121375886,30,4,"[120, 7, 8, 8, 7]","{""0"": 0.0022192591402805024, ""1"": 0.008537018887500714, ""2"": 0.01348542306559587, ""3"": 0.007853892494935651, ""4"": 0.020960577495582108}"
11800178,motor_external,single_action,0.025,0.08242626673477119,0.07580753165816863,0.03345427457379812,0.005896729673423819,0.0019868664701974317,30,1,"[120, 30, 0, 0, 0]","{""0"": 0.02592187288113082, ""1"": 0.09360074352327467, ""2"": 0.1835980407820079, ""3"": 0.08308880360631164, ""4"": 0.02592187288113089}"
11800178,motor_external,no_probes,0.025,0.04207588486201712,0.044204559361123046,0.04112530701112886,0.008740633735581602,0.0018619687475868551,0,0,"[150, 0, 0, 0, 0]","{""0"": 0.002280409448935261, ""1"": 0.08350306193654407, ""2"": 0.08431187027839811, ""3"": 0.03800367319727291, ""4"": 0.0022804094489352724}"
11800178,unknown_nonlinear,uncertainty,0.025,0.012034309466500841,0.00783086508472704,0.020477833836944053,0.0040839406417982685,0.004497534873185571,30,4,"[120, 8, 7, 7, 8]","{""0"": 0.001987915079028842, ""1"": 0.012650818995537444, ""2"": 0.011345388552853728, ""3"": 0.007745739948914092, ""4"": 0.026441684756170102}"
11800178,unknown_nonlinear,random,0.025,0.0162815659411172,0.012351303497755229,0.016346492346283745,0.00203790184752132,0.0016441350148828453,30,4,"[120, 2, 9, 15, 4]","{""0"": 0.0017227532824240705, ""1"": 0.046134413687981136, ""2"": 0.007144154985556599, ""3"": 0.01761462792381158, ""4"": 0.008791879825812603}"
11800178,unknown_nonlinear,cycle,0.025,0.011606480652132824,0.009465795286912175,0.01751411656185091,0.004775937258681266,0.00379943548122135,30,4,"[120, 8, 7, 8, 7]","{""0"": 0.0016464990016544691, ""1"": 0.020114345786046175, ""2"": 0.007557658438170078, ""3"": 0.009556458015796352, ""4"": 0.01915744201899704}"
11800178,unknown_nonlinear,least_seen,0.025,0.013189075703882185,0.008216476414283217,0.017847172720744726,0.004949709991503277,0.0042946090826260054,30,4,"[120, 7, 8, 8, 7]","{""0"": 0.002018164152478565, ""1"": 0.01963156463461951, ""2"": 0.010711330573495726, ""3"": 0.005973301794277116, ""4"": 0.027611017364540007}"
11800178,unknown_nonlinear,single_action,0.025,0.03240053555526287,0.029361016575436865,0.04101717345163243,0.00185438989656602,0.0014290672077434602,30,1,"[120, 30, 0, 0, 0]","{""0"": 0.0012201034869864299, ""1"": 0.033218885460346396, ""2"": 0.02306670915581423, ""3"": 0.043185913576004986, ""4"": 0.061311066097162324}"
11800178,unknown_nonlinear,no_probes,0.025,0.04684619658715419,0.04535844811977175,0.0406651920373174,0.0015011756885960515,0.0013755077550779533,0,0,"[150, 0, 0, 0, 0]","{""0"": 0.003201657672107191, ""1"": 0.06601897149622783, ""2"": 0.0589443735769549, ""3"": 0.06461912950018345, ""4"": 0.04144685069029758}"
11800315,none,uncertainty,0.025,0.001704214180652753,0.0005657205311653213,0.004962757007543686,0.00208117249359428,0.0015943160704755934,30,4,"[120, 6, 9, 6, 9]","{""0"": 0.0007762308507000145, ""1"": 0.0029252641378862848, ""2"": 0.0010184915576291014, ""3"": 0.0018386652811405405, ""4"": 0.001962419075907824}"
11800315,none,random,0.025,0.0014715057356097295,0.0017249311471940326,0.0035684954592458897,0.0019521071770096823,0.0012984660670383196,30,4,"[120, 9, 6, 6, 9]","{""0"": 0.0005490935350675725, ""1"": 0.0008687164919497636, ""2"": 0.002038797694789284, ""3"": 0.0015049506645344244, ""4"": 0.002395970291707602}"
11800315,none,cycle,0.025,0.001216670526000749,0.0004826316519245755,0.0017562823763061799,0.0018989312074942405,0.0011379393622011301,30,4,"[120, 8, 7, 8, 7]","{""0"": 0.0007216054904922955, ""1"": 0.0006301942321136404, ""2"": 0.0018792176580737288, ""3"": 0.00043396374918540603, ""4"": 0.0024183715001386743}"
11800315,none,least_seen,0.025,0.0023744273410476755,0.0004525645528207982,0.0025316398479664427,0.002188801343624578,0.001163204144157798,30,4,"[120, 8, 8, 7, 7]","{""0"": 0.00070658797882759, ""1"": 0.0009943058376862626, ""2"": 0.0017255405661038734, ""3"": 0.0025573389152398975, ""4"": 0.005888363407380752}"
11800315,none,single_action,0.025,0.04280475545594464,0.030801157008527903,0.05768589976239211,0.0037165739962582924,0.001376703042307571,30,1,"[120, 30, 0, 0, 0]","{""0"": 0.004115983213323287, ""1"": 0.016043138063261155, ""2"": 0.055468413413827404, ""3"": 0.06646265496566545, ""4"": 0.07193358762364589}"
11800315,none,no_probes,0.025,0.05774970429549944,0.057593344650480716,0.05770310845463141,0.0017611363661351298,0.0011060984979572167,0,0,"[150, 0, 0, 0, 0]","{""0"": 0.0009736573422906366, ""1"": 0.08420081348676227, ""2"": 0.07233970580408287, ""3"": 0.061945557461835686, ""4"": 0.06928878738252574}"
11800315,motor,uncertainty,0.025,0.007663259520753996,0.006574155162439912,0.007263235065748293,0.019496137251251107,0.0018681249078995176,30,4,"[120, 7, 8, 8, 7]","{""0"": 0.0010092496780969653, ""1"": 0.0051718180322294395, ""2"": 0.009212756918577312, ""3"": 0.013068297983726393, ""4"": 0.00985417499113987}"
11800315,motor,random,0.025,0.0045326756169837435,0.004748788540525561,0.0013157795955242807,0.012250329285097887,0.003944423079655037,30,4,"[120, 9, 6, 6, 9]","{""0"": 0.0004964035401143389, ""1"": 0.00301209962526348, ""2"": 0.002391664770757244, ""3"": 0.009874025358580061, ""4"": 0.006889184790203593}"
11800315,motor,cycle,0.025,0.002878460412141468,0.0014724942172891797,0.002563817257913109,0.014970063700860965,0.0017376011090129448,30,4,"[120, 8, 7, 8, 7]","{""0"": 0.0008176636077237913, ""1"": 0.003481613955776796, ""2"": 0.004878401123998761, ""3"": 0.0035617852756126786, ""4"": 0.0016528380975953125}"
11800315,motor,least_seen,0.025,0.004750952925695748,0.0021174874216052545,0.0040944129656327695,0.015371621446323312,0.0015852833503859993,30,4,"[120, 8, 8, 7, 7]","{""0"": 0.0008808425197306754, ""1"": 0.005092462334990293, ""2"": 0.008929560531114189, ""3"": 0.0064031675174641535, ""4"": 0.0024487317251794265}"
11800315,motor,single_action,0.025,0.15945356346126754,0.18859775954210714,0.05495359077496476,0.00592155871983722,0.004171345748647556,30,1,"[120, 30, 0, 0, 0]","{""0"": 0.02384860958986591, ""1"": 0.33153839889346587, ""2"": 0.2507947247808225, ""3"": 0.08196664236115685, ""4"": 0.10911944168102657}"
11800315,motor,no_probes,0.025,0.054347558009920124,0.054315017327771664,0.05455424503933977,0.0017611363661351298,0.0011060984979572167,0,0,"[150, 0, 0, 0, 0]","{""0"": 0.000844707287869245, ""1"": 0.059672087205963835, ""2"": 0.06672554610681938, ""3"": 0.06833296037498442, ""4"": 0.07616248907396371}"
11800315,external,uncertainty,0.025,0.0038453717153813867,0.003542888210016389,0.0011586219266498713,0.011642848425877308,0.002147985854902067,30,4,"[120, 7, 8, 8, 7]","{""0"": 0.0010693367181214125, ""1"": 0.0004335682189635537, ""2"": 0.015108914104336213, ""3"": 0.0004824008646219246, ""4"": 0.0021326386708638363}"
11800315,external,random,0.025,0.0031185270776419188,0.0022454437372604235,0.0010626660972975666,0.013163713684977955,0.0035186503061932395,30,4,"[120, 9, 6, 6, 9]","{""0"": 0.0007299799147824308, ""1"": 0.001764632783871584, ""2"": 0.009727031460789976, ""3"": 0.0019764503610748972, ""4"": 0.0013945408676907065}"
11800315,external,cycle,0.025,0.003588978007747362,0.003198562462993728,0.0010672027549427307,0.010323829637540529,0.002075516257905356,30,4,"[120, 8, 7, 8, 7]","{""0"": 0.001081054806331468, ""1"": 0.0005475415067169683, ""2"": 0.01321377093747942, ""3"": 0.0007912808285182434, ""4"": 0.002311241959690714}"
11800315,external,least_seen,0.025,0.00478886553517562,0.003669968171893314,0.000910051327225619,0.012145821372208043,0.002265228513383016,30,4,"[120, 8, 8, 7, 7]","{""0"": 0.0015414506993958463, ""1"": 0.00026771278956508847, ""2"": 0.01891609810677983, ""3"": 0.0009670815925528226, ""4"": 0.0022519844875845143}"
11800315,external,single_action,0.025,0.06659098503230532,0.07113773802253451,0.031773418019452514,0.019320475905026717,0.004420692574173057,30,1,"[120, 30, 0, 0, 0]","{""0"": 0.021866669761462666, ""1"": 0.0021997651903641418, ""2"": 0.11818073490862091, ""3"": 0.08411339815056244, ""4"": 0.10659435715051642}"
11800315,external,no_probes,0.025,0.03237910135783777,0.028997714191581193,0.03133601350353817,0.009108349307006375,0.0013157866125887972,0,0,"[150, 0, 0, 0, 0]","{""0"": 0.0010165921961070494, ""1"": 0.009215725961361044, ""2"": 0.0010165921961070494, ""3"": 0.07187226083576469, ""4"": 0.07877433559984902}"
11800315,sensor,uncertainty,0.025,0.002456558613188042,0.0006423353718285478,0.007974112561106594,0.002282456949613182,0.0013929527315646743,30,4,"[120, 6, 9, 7, 8]","{""0"": 0.0008603275427179033, ""1"": 0.0040084010638029586, ""2"": 0.001720779518977258, ""3"": 0.002079372947871378, ""4"": 0.0036139119925707158}"
11800315,sensor,random,0.025,0.0013966970292707145,0.0016644128813002833,0.0035684954592458897,0.0021611366601550397,0.0013030158688579346,30,4,"[120, 9, 6, 6, 9]","{""0"": 0.0005422832101917973, ""1"": 0.00092495949245699, ""2"": 0.001783416796373615, ""3"": 0.001489697477542847, ""4"": 0.0022431281697883236}"
11800315,sensor,cycle,0.025,0.001263922565742182,0.00047212889497636184,0.0017562823763061794,0.0021850408663526225,0.0011424779982612185,30,4,"[120, 8, 7, 8, 7]","{""0"": 0.0007337024832815326, ""1"": 0.0005628222332945593, ""2"": 0.0020735413617645982, ""3"": 0.00037399895033285885, ""4"": 0.0025755478000373607}"
11800315,sensor,least_seen,0.025,0.0024221092717713073,0.0004271990473086924,0.0025316398479664427,0.0023976410242248945,0.0011710508641683379,30,4,"[120, 8, 8, 7, 7]","{""0"": 0.0007286608209866769, ""1"": 0.0008931140252740874, ""2"": 0.0018379015458981865, ""3"": 0.002590414817680106, ""4"": 0.006060455149017481}"
11800315,sensor,single_action,0.025,0.04925907363822579,0.03418045645587499,0.05768589976239211,0.003980935850955831,0.0013669530965163814,30,1,"[120, 30, 0, 0, 0]","{""0"": 0.006619192644496068, ""1"": 0.039543540992235345, ""2"": 0.057493239576688636, ""3"": 0.05531620563847601, ""4"": 0.08732318933923289}"
11800315,sensor,no_probes,0.025,0.05784561545665737,0.05758655193504938,0.05770310845463141,0.001920859881806552,0.0011068197836226676,0,0,"[150, 0, 0, 0, 0]","{""0"": 0.0010942658570393113, ""1"": 0.08621901543327772, ""2"": 0.07050800748454934, ""3"": 0.06401289939123245, ""4"": 0.06739388911718801}"
11800315,motor_external,uncertainty,0.025,0.003557446826918012,0.003157051873767342,0.0009453567759950071,0.02719335291651138,0.0028010038357193304,30,4,"[120, 7, 8, 8, 7]","{""0"": 0.000791628214224557, ""1"": 0.001045575666096399, ""2"": 0.0013804854067948494, ""3"": 0.01362633961571394, ""4"": 0.0009432052317603143}"
11800315,motor_external,random,0.025,0.0020204511608132793,0.001140656366940684,0.0009883606621810268,0.028179169901337623,0.002736333625965241,30,4,"[120, 9, 6, 6, 9]","{""0"": 0.000588274815289857, ""1"": 0.0026122248789132254, ""2"": 0.00254588356920633, ""3"": 0.00301848430463768, ""4"": 0.0013373882360193038}"
11800315,motor_external,cycle,0.025,0.0023895361473152536,0.0025227538065872995,0.0008043124740458192,0.024292441705921965,0.0017139430083704338,30,4,"[120, 8, 7, 8, 7]","{""0"": 0.0007381518316301413, ""1"": 0.0011274502998380267, ""2"": 0.002202620371072832, ""3"": 0.006486710994263398, ""4"": 0.0013927472397718681}"
11800315,motor_external,least_seen,0.025,0.0021066559963141018,0.0012758153444360973,0.0008032346767548467,0.03531519520800297,0.0016423938255133266,30,4,"[120, 8, 8, 7, 7]","{""0"": 0.0008315396119923745, ""1"": 0.0008691294674250501, ""2"": 0.0018613369806471988, ""3"": 0.004869882505407749, ""4"": 0.002101391416098136}"
11800315,motor_external,single_action,0.025,0.07376160209598447,0.029812985138299927,0.022538511668842895,0.02569396796893703,0.01281570954257234,30,1,"[120, 30, 0, 0, 0]","{""0"": 0.052999541614365264, ""1"": 0.15177875133113417, ""2"": 0.04190756086140938, ""3"": 0.052999541614365264, ""4"": 0.06912261505864833}"
11800315,motor_external,no_probes,0.025,0.03022261779724931,0.026871233791097678,0.02975856317649861,0.009108349307006375,0.0013157866125887972,0,0,"[150, 0, 0, 0, 0]","{""0"": 0.0007199122921043467, ""1"": 0.06843422364721004, ""2"": 0.07419062739813774, ""3"": 0.0007199122921043467, ""4"": 0.007048413356690063}"
11800315,unknown_nonlinear,uncertainty,0.025,0.012652438239258277,0.008961192831706532,0.020220955815523557,0.00392065764367462,0.0040156854139971245,30,4,"[120, 7, 8, 6, 9]","{""0"": 0.0007186600103166532, ""1"": 0.009898122288606493, ""2"": 0.02718031631647476, ""3"": 0.015423136783514554, ""4"": 0.01004195579737893}"
11800315,unknown_nonlinear,random,0.025,0.008156658190096614,0.006054535006568118,0.003514159860088822,0.004842585308598028,0.0030862733946400507,30,4,"[120, 9, 6, 6, 9]","{""0"": 0.0005783231815598509, ""1"": 0.011778614830619585, ""2"": 0.01342570347913751, ""3"": 0.008379817314172845, ""4"": 0.006620832144993284}"
11800315,unknown_nonlinear,cycle,0.025,0.01792232299448082,0.012518609438529173,0.02168966487900696,0.0033413223508459307,0.004013548470055475,30,4,"[120, 8, 7, 8, 7]","{""0"": 0.0017303261366522335, ""1"": 0.011363773110813791, ""2"": 0.043250216090036896, ""3"": 0.025448175402297837, ""4"": 0.007819124232603333}"
11800315,unknown_nonlinear,least_seen,0.025,0.011747408061628852,0.0076860429922808405,0.022200267546724006,0.0043543666457249944,0.004460592096163251,30,4,"[120, 8, 8, 7, 7]","{""0"": 0.0005804058023508561, ""1"": 0.021929489367628563, ""2"": 0.008779262464096566, ""3"": 0.011589395128202562, ""4"": 0.015858487545865715}"
11800315,unknown_nonlinear,single_action,0.025,0.03235426666401141,0.030268815240723324,0.034921277801545976,0.0024517222554765366,0.001702662176087653,30,1,"[120, 30, 0, 0, 0]","{""0"": 0.0016060520006115672, ""1"": 0.017958665208315554, ""2"": 0.06042081440767872, ""3"": 0.05453688356579033, ""4"": 0.027248918137660907}"
11800315,unknown_nonlinear,no_probes,0.025,0.04246214322969936,0.03728978808741696,0.03618498126716389,0.0017611363661351298,0.0011060984979572167,0,0,"[150, 0, 0, 0, 0]","{""0"": 0.0025258578476994036, ""1"": 0.11835529069454535, ""2"": 0.0034675991699599415, ""3"": 0.06255351647842766, ""4"": 0.025408451957864397}"
11800452,none,uncertainty,0.025,0.002528544114267615,0.001625502224056013,0.008801284955364008,0.0014681985171865215,0.0018112529796299912,30,4,"[120, 9, 6, 7, 8]","{""0"": 0.0009870933442632948, ""1"": 0.0025532378771231223, ""2"": 0.0020134916288372154, ""3"": 0.004928722649102413, ""4"": 0.0021601750720120316}"
11800452,none,random,0.025,0.0023633450619145557,0.0006459264106748989,0.021431808160600505,0.0014503318809653079,0.0014697748141298344,30,4,"[120, 3, 6, 9, 12]","{""0"": 0.0010472555419253763, ""1"": 0.0037114689358180852, ""2"": 0.0013316416458040534, ""3"": 0.004181998641786726, ""4"": 0.0015443605442385393}"
11800452,none,cycle,0.025,0.0031467937195867935,0.001413626541451392,0.005198604395453482,0.0013479891325993835,0.0016104928053199204,30,4,"[120, 8, 7, 8, 7]","{""0"": 0.0009764703254573644, ""1"": 0.0026212808860640625, ""2"": 0.0017014889687049864, ""3"": 0.00603111601750174, ""4"": 0.0044036124002058115}"
11800452,none,least_seen,0.025,0.003098805257126497,0.0013108424769741568,0.003937319137568283,0.0013481319902865314,0.0014276874074983827,30,4,"[120, 7, 8, 7, 8]","{""0"": 0.0009329336670143695, ""1"": 0.0016618324883588846, ""2"": 0.0018004598160968454, ""3"": 0.00698841827954311, ""4"": 0.004110382034619275}"
11800452,none,single_action,0.025,0.03054637896242567,0.032353121191220316,0.057188456358751354,0.0018285463802919883,0.002421452980664872,30,1,"[120, 30, 0, 0, 0]","{""0"": 0.0009920120256734452, ""1"": 0.010322907818348917, ""2"": 0.009417089926571314, ""3"": 0.06855798548437424, ""4"": 0.06344189955716044}"
11800452,none,no_probes,0.025,0.06055862779482181,0.06080903331985537,0.06063956423595096,0.001257901385216774,0.0013557681213399423,0,0,"[150, 0, 0, 0, 0]","{""0"": 0.0011184224203883257, ""1"": 0.0809782744186418, ""2"": 0.08817375178184506, ""3"": 0.06764020605393868, ""4"": 0.06488248429929522}"
11800452,motor,uncertainty,0.025,0.008566735137418534,0.006114301489854124,0.010191395263175628,0.011957045846924695,0.0030650435799768508,30,4,"[120, 7, 8, 8, 7]","{""0"": 0.0013302380603020776, ""1"": 0.010275480963296271, ""2"": 0.004267744174489347, ""3"": 0.012765899092534857, ""4"": 0.014194313396470115}"
11800452,motor,random,0.025,0.21598368010441518,0.22351348896165485,0.02488898787615076,0.012079024786546709,0.002476903377691346,30,4,"[120, 3, 6, 9, 12]","{""0"": 0.0016203871652161334, ""1"": 0.09213737232528207, ""2"": 0.07408973276042304, ""3"": 0.44580795794132083, ""4"": 0.46626295032983406}"
11800452,motor,cycle,0.025,0.0030007755294719925,0.0013617006691276354,0.0039042748287272844,0.014079821502282468,0.0017833630307012534,30,4,"[120, 8, 7, 8, 7]","{""0"": 0.001081408187955985, ""1"": 0.005449879090509246, ""2"": 0.004097859206113559, ""3"": 0.0016511775303676274, ""4"": 0.0027235536324135474}"
11800452,motor,least_seen,0.025,0.016855819969451936,0.009494462454608998,0.009926129124662834,0.01696399857787697,0.0025529393444757827,30,4,"[120, 7, 8, 7, 8]","{""0"": 0.0015114952365450464, ""1"": 0.008729158112408474, ""2"": 0.004963631021040592, ""3"": 0.03124063539155354, ""4"": 0.037834180085712016}"
11800452,motor,single_action,0.025,0.061379277340151236,0.058693308527833256,0.047434988559087725,0.009462833050749303,0.0017639863434693508,30,1,"[120, 30, 0, 0, 0]","{""0"": 0.001121029947427699, ""1"": 0.07700066486587541, ""2"": 0.06300334489898961, ""3"": 0.08855328164621905, ""4"": 0.07721806534224447}"
11800452,motor,no_probes,0.025,0.05850956542462468,0.0586685728984395,0.05845002208669254,0.001257901385216774,0.0013557681213399423,0,0,"[150, 0, 0, 0, 0]","{""0"": 0.0012257789630067126, ""1"": 0.06458845341425558, ""2"": 0.06062981024177209, ""3"": 0.0879351286041483, ""4"": 0.07816865589994074}"
11800452,external,uncertainty,0.025,0.009583645392323096,0.00831663026560841,0.006711178854799221,0.00670717876252051,0.008284180251516728,30,4,"[120, 7, 8, 7, 8]","{""0"": 0.003270311860520374, ""1"": 0.0023879172319914675, ""2"": 0.007563573361515363, ""3"": 0.0059159789683129425, ""4"": 0.028780445539275338}"
11800452,external,random,0.025,0.012269545639715555,0.011084805371393,0.03817553444005858,0.005106618642138926,0.00859276941322176,30,4,"[120, 3, 6, 9, 12]","{""0"": 0.0040992284331798365, ""1"": 0.0048775130050729065, ""2"": 0.006780285766875224, ""3"": 0.008656162957248711, ""4"": 0.03693453803620109}"
11800452,external,cycle,0.025,0.00900948042680622,0.00801114467287568,0.011726974052077071,0.004744750590010796,0.005319104972920051,30,4,"[120, 8, 7, 8, 7]","{""0"": 0.0031309334794677197, ""1"": 0.0037318826314771507, ""2"": 0.003738686911712727, ""3"": 0.003664002744501947, ""4"": 0.030781896366871564}"
11800452,external,least_seen,0.025,0.01004985733728112,0.00840411506276573,0.013387248561031349,0.005368628388650666,0.005127848295655942,30,4,"[120, 7, 8, 7, 8]","{""0"": 0.0027180442402178506, ""1"": 0.004153490064650858, ""2"": 0.0024756499025511444, ""3"": 0.008605609114306875, ""4"": 0.03229649336467887}"
11800452,external,single_action,0.025,0.047902363074603674,0.04828640238744083,0.06530300474059401,0.016336974240778263,0.0017557068967365382,30,1,"[120, 30, 0, 0, 0]","{""0"": 0.01407857932621053, ""1"": 0.07426116670737144, ""2"": 0.044996905057272434, ""3"": 0.03574492695700506, ""4"": 0.07043023732515886}"
11800452,external,no_probes,0.025,0.06345042682918957,0.06555508970521041,0.06690265029054529,0.0026647026374914456,0.002403012630708976,0,0,"[150, 0, 0, 0, 0]","{""0"": 0.002522101340801296, ""1"": 0.1083148789355094, ""2"": 0.10917464280422935, ""3"": 0.04389830966280477, ""4"": 0.05334220140260307}"
11800452,sensor,uncertainty,0.025,0.002872573088425067,0.0013939039472011196,0.008555469002990198,0.0016663062335160628,0.0017395278020799197,30,4,"[120, 9, 6, 8, 7]","{""0"": 0.0010189371619898039, ""1"": 0.0032275550665360627, ""2"": 0.0031470176507527084, ""3"": 0.004799127596285317, ""4"": 0.0021702279665614453}"
11800452,sensor,random,0.025,0.0023796905878680314,0.0005264560232169027,0.021431808160600505,0.0014806507706360847,0.0014768221023585425,30,4,"[120, 3, 6, 9, 12]","{""0"": 0.001045426144141394, ""1"": 0.0036357925716568548, ""2"": 0.001217730136430376, ""3"": 0.00431777854495645, ""4"": 0.0016817255421550808}"
11800452,sensor,cycle,0.025,0.003262685035997901,0.0014259909866705454,0.005198604395453482,0.0013661966699554016,0.0016277089833876342,30,4,"[120, 8, 7, 8, 7]","{""0"": 0.0011398900753843407, ""1"": 0.0022311076664554693, ""2"": 0.002160134900303479, ""3"": 0.006093263178668997, ""4"": 0.004689029359177219}"
11800452,sensor,least_seen,0.025,0.0031303914717834536,0.001277287430861243,0.003937319137568283,0.0014590205710558368,0.001415172418904162,30,4,"[120, 7, 8, 7, 8]","{""0"": 0.0009393471769561186, ""1"": 0.0016084029869086723, ""2"": 0.0019064383212817786, ""3"": 0.007072529734852888, ""4"": 0.004125239138917811}"
11800452,sensor,single_action,0.025,0.03208856837286525,0.03459641702056541,0.057188456358751354,0.002151747370692522,0.002399468289022579,30,1,"[120, 30, 0, 0, 0]","{""0"": 0.0010845812899903187, ""1"": 0.011477339419412097, ""2"": 0.015590986404235023, ""3"": 0.06955744874595667, ""4"": 0.06273248600473214}"
11800452,sensor,no_probes,0.025,0.06066360750122769,0.060769954294661505,0.06063956423595096,0.001353877747727418,0.0013491354505830039,0,0,"[150, 0, 0, 0, 0]","{""0"": 0.0011921994774750496, ""1"": 0.08527599890431052, ""2"": 0.08410041794035243, ""3"": 0.07124406370471119, ""4"": 0.06150535747928929}"
11800452,motor_external,uncertainty,0.025,0.011170102047844287,0.01054461577576449,0.00789686841375209,0.014685799770124661,0.006107140918903838,30,4,"[120, 8, 7, 9, 6]","{""0"": 0.0034297447772584327, ""1"": 0.005293663786539532, ""2"": 0.03442829197277771, ""3"": 0.008154056082859311, ""4"": 0.004544753619786434}"
11800452,motor_external,random,0.025,0.014295229733734418,0.014044704393105518,0.025887302163419532,0.017303333540308666,0.00250647513014179,30,4,"[120, 3, 6, 9, 12]","{""0"": 0.0033475090149282434, ""1"": 0.021777223804297294, ""2"": 0.033384478135305214, ""3"": 0.010389112688113643, ""4"": 0.0025778250260276876}"
11800452,motor_external,cycle,0.025,0.009464703119121644,0.00765887078434639,0.00405719427998158,0.022748444262494158,0.008704820101334903,30,4,"[120, 8, 7, 8, 7]","{""0"": 0.0025067645011458226, ""1"": 0.002628278841438922, ""2"": 0.03184852452486441, ""3"": 0.0065021131785082545, ""4"": 0.003837834549650811}"
11800452,motor_external,least_seen,0.025,0.00872363667029023,0.0075367491042322675,0.007717822647167188,0.01551507774512444,0.010727457841012648,30,4,"[120, 7, 8, 7, 8]","{""0"": 0.0024947907617620777, ""1"": 0.004049605729974168, ""2"": 0.029520759265380076, ""3"": 0.004926673377877762, ""4"": 0.0026263542164570645}"
11800452,motor_external,single_action,0.025,0.08934650136554491,0.09855273025502012,0.06713379810175865,0.012124242218338872,0.002495773509066362,30,1,"[120, 30, 0, 0, 0]","{""0"": 0.029504080670731708, ""1"": 0.02348216629911044, ""2"": 0.1180732154859545, ""3"": 0.14068862656235787, ""4"": 0.13498441780957002}"
11800452,motor_external,no_probes,0.025,0.06335880497033496,0.06535666714982068,0.06684081832070173,0.0026647026374914456,0.002403012630708976,0,0,"[150, 0, 0, 0, 0]","{""0"": 0.002279695552729496, ""1"": 0.045622583779682264, ""2"": 0.05116096358915973, ""3"": 0.10886438973528549, ""4"": 0.10886639219481785}"
11800452,unknown_nonlinear,uncertainty,0.025,0.01485794043476612,0.01573538381972903,0.025170094167727634,0.003461565208866071,0.0059631510121559515,30,4,"[120, 8, 7, 8, 7]","{""0"": 0.0013051687086006421, ""1"": 0.0029057262410101064, ""2"": 0.02346095732540532, ""3"": 0.002248928247973042, ""4"": 0.04436892165084148}"
11800452,unknown_nonlinear,random,0.025,0.03226706096644144,0.026131740763392784,0.025824717791014928,0.0023959969389606805,0.004766091926037375,30,4,"[120, 3, 6, 9, 12]","{""0"": 0.0007532927865662404, ""1"": 0.07291715191790359, ""2"": 0.014196355718199216, ""3"": 0.0056344810700669585, ""4"": 0.06783402333947121}"
11800452,unknown_nonlinear,cycle,0.025,0.014684097219530404,0.014597091572437455,0.02465033586654513,0.003901386800773989,0.005517817283510538,30,4,"[120, 8, 7, 8, 7]","{""0"": 0.001102603127400366, ""1"": 0.0011817955858273866, ""2"": 0.02635010926792984, ""3"": 0.005491163267294047, ""4"": 0.03929481484920038}"
11800452,unknown_nonlinear,least_seen,0.025,0.01580620989843134,0.01652975700751805,0.024182028668945026,0.0033539283777604305,0.005343587085469452,30,4,"[120, 7, 8, 7, 8]","{""0"": 0.0010995713508478182, ""1"": 0.0022944338993225685, ""2"": 0.020562515131730113, ""3"": 0.00254744093091718, ""4"": 0.05252708817933902}"
11800452,unknown_nonlinear,single_action,0.025,0.04074864243633005,0.03901693715695284,0.040099903309520214,0.0018285463802919883,0.002421452980664872,30,1,"[120, 30, 0, 0, 0]","{""0"": 0.0016705225129871302, ""1"": 0.07598030262270057, ""2"": 0.027669430955330004, ""3"": 0.017231699240528402, ""4"": 0.08119125685010413}"
11800452,unknown_nonlinear,no_probes,0.025,0.045103129024040026,0.04799785203299735,0.039784002266573984,0.001257901385216774,0.0013557681213399423,0,0,"[150, 0, 0, 0, 0]","{""0"": 0.0025399579902813463, ""1"": 0.005870965022331343, ""2"": 0.11733043943938444, ""3"": 0.018226407815787573, ""4"": 0.08154787485241542}"
11800589,none,uncertainty,0.025,0.0012731828864166875,0.0005842169398877492,0.0017324670730952747,0.0023496980480558825,0.0022521031685994045,30,4,"[120, 6, 9, 8, 7]","{""0"": 0.0010352794094285252, ""1"": 0.0009583824415895958, ""2"": 0.002114090861794231, ""3"": 0.000983899917536294, ""4"": 0.0012742618017347912}"
11800589,none,random,0.025,0.002827438433103713,0.0019136152814603887,0.00938542063279005,0.002290603733034971,0.001997067057199211,30,4,"[120, 4, 8, 8, 10]","{""0"": 0.0010738465409838541, ""1"": 0.005083963246808519, ""2"": 0.002898352872087201, ""3"": 0.002212548518751138, ""4"": 0.0028684809868878506}"
11800589,none,cycle,0.025,0.0016101412050685284,0.0005517645920285538,0.00198997162850026,0.002479546713645128,0.0021419676071258594,30,4,"[120, 8, 7, 8, 7]","{""0"": 0.001221419326067363, ""1"": 0.0009293973759948139, ""2"": 0.0025601807663841497, ""3"": 0.0017585932230894262, ""4"": 0.0015811153338068894}"
11800589,none,least_seen,0.025,0.0015225088106195453,0.0007153100833898237,0.001778776141224145,0.002399813386487236,0.0021431982007028326,30,4,"[120, 7, 8, 8, 7]","{""0"": 0.0012786602387554063, ""1"": 0.0013371416754839806, ""2"": 0.0018377484352277418, ""3"": 0.0012781471898787881, ""4"": 0.0018808465137518094}"
11800589,none,single_action,0.025,0.02438181103771462,0.02378217246021252,0.03700443046385853,0.005058475956727988,0.0022838401201666055,30,1,"[120, 30, 0, 0, 0]","{""0"": 0.0043137702633234834, ""1"": 0.008639068233351107, ""2"": 0.0029617209312237255, ""3"": 0.06252418907845624, ""4"": 0.04347030668221855}"
11800589,none,no_probes,0.025,0.036699545855418084,0.036269899779071545,0.036652220473535585,0.002228339923063521,0.0019218544482396396,0,0,"[150, 0, 0, 0, 0]","{""0"": 0.0012981004472243413, ""1"": 0.04262967642880283, ""2"": 0.040300616157789605, ""3"": 0.04358866760747274, ""4"": 0.055680668635800866}"
11800589,motor,uncertainty,0.025,0.002255672830195592,0.0014812853175861754,0.0016935370708214814,0.009813928459406637,0.003134698246994357,30,4,"[120, 7, 8, 8, 7]","{""0"": 0.001085414667698182, ""1"": 0.003431890675169609, ""2"": 0.0016952363111125976, ""3"": 0.002300288032776836, ""4"": 0.0027655344642207353}"
11800589,motor,random,0.025,0.012631649767541966,0.009288975490803649,0.016145242843355674,0.003993391599736355,0.002748749430862859,30,4,"[120, 4, 8, 8, 10]","{""0"": 0.0013048456678374325, ""1"": 0.015698881821093434, ""2"": 0.007933937109365413, ""3"": 0.02028343451415882, ""4"": 0.017937149725254734}"
11800589,motor,cycle,0.025,0.0025660483617656843,0.0023323821023507663,0.0015405163170832403,0.009958346137583592,0.0033894038593723086,30,4,"[120, 8, 7, 8, 7]","{""0"": 0.0010784208993693018, ""1"": 0.004728795125613901, ""2"": 0.002121043282792128, ""3"": 0.002130822106858186, ""4"": 0.002771160394194904}"
11800589,motor,least_seen,0.025,0.002137316487504251,0.0018027674395166054,0.001834081159747757,0.00901995983032165,0.002853368092614372,30,4,"[120, 7, 8, 8, 7]","{""0"": 0.001058040798986564, ""1"": 0.003331578053902091, ""2"": 0.0013189318186726817, ""3"": 0.0022708614922096657, ""4"": 0.002707170273750253}"
11800589,motor,single_action,0.025,0.24064673254078664,0.25767402834235015,0.03580446942638648,0.009768421552751027,0.007155855434475605,30,1,"[120, 30, 0, 0, 0]","{""0"": 0.036219773968771185, ""1"": 0.7474459549039864, ""2"": 0.25583602183511306, ""3"": 0.1087898386251812, ""4"": 0.054942073370881535}"
11800589,motor,no_probes,0.025,0.04193091791002986,0.04195884013372749,0.042113362302106126,0.002228339923063521,0.0019218544482396396,0,0,"[150, 0, 0, 0, 0]","{""0"": 0.0010846231660464403, ""1"": 0.053346693524295434, ""2"": 0.05892238768368644, ""3"": 0.04626033890959356, ""4"": 0.05004054626652744}"
11800589,external,uncertainty,0.025,0.00969830590665806,0.012906689604191704,0.00779632316174654,0.0067954992875870045,0.01000615751921483,30,4,"[120, 7, 8, 8, 7]","{""0"": 0.0044309928922606654, ""1"": 0.005711509599953565, ""2"": 0.018682492076510338, ""3"": 0.008076450718042796, ""4"": 0.011590084246522936}"
11800589,external,random,0.025,0.014371235170177443,0.012630648608053201,0.01464484687849078,0.009292823911041814,0.010338645280266746,30,4,"[120, 4, 8, 8, 10]","{""0"": 0.004526285595223736, ""1"": 0.03377278888272881, ""2"": 0.006510444138409517, ""3"": 0.007960994260527874, ""4"": 0.01908566297399727}"
11800589,external,cycle,0.025,0.010874100493924387,0.014480497958945777,0.014210324963251563,0.008374848522236012,0.012771805663388959,30,4,"[120, 8, 7, 8, 7]","{""0"": 0.0045695257448250155, ""1"": 0.008846963632683886, ""2"": 0.014516203806483172, ""3"": 0.00821652690897535, ""4"": 0.018221282376654515}"
11800589,external,least_seen,0.025,0.010827528097509496,0.01369093119505277,0.007414597997902921,0.009909809269607252,0.011429192212498626,30,4,"[120, 7, 8, 8, 7]","{""0"": 0.00476181023622094, ""1"": 0.01582653522641117, ""2"": 0.007579652137251776, ""3"": 0.007959948241224639, ""4"": 0.01800969464643896}"
11800589,external,single_action,0.025,0.11533468913208324,0.11494417411060286,0.036883756605850304,0.005334068861173955,0.0058135944441842025,30,1,"[120, 30, 0, 0, 0]","{""0"": 0.06552361406498701, ""1"": 0.1522401400134221, ""2"": 0.13467402460130287, ""3"": 0.11813964017974578, ""4"": 0.10609602680095838}"
11800589,external,no_probes,0.025,0.031487981707801586,0.03847442094448054,0.031034772973904744,0.005734055316648291,0.003157533287028894,0,0,"[150, 0, 0, 0, 0]","{""0"": 0.004420818343895559, ""1"": 0.039180857891964335, ""2"": 0.004420818343895559, ""3"": 0.03837617185778136, ""4"": 0.07104124210147111}"
11800589,sensor,uncertainty,0.025,0.0011542769875410018,0.0005827743140168416,0.0014049742169442098,0.002563947575626841,0.0021182520695608668,30,4,"[120, 6, 9, 8, 7]","{""0"": 0.0009756828899398707, ""1"": 0.0011816742959176523, ""2"": 0.001473006994711052, ""3"": 0.0009560492823436676, ""4"": 0.0011849714747927667}"
11800589,sensor,random,0.025,0.002995897954302416,0.0019408300132650615,0.00938542063279005,0.0024043837817820314,0.0020113519038914007,30,4,"[120, 4, 8, 8, 10]","{""0"": 0.0011431392691399137, ""1"": 0.005870279008629408, ""2"": 0.0028222677078996537, ""3"": 0.0019966838400111305, ""4"": 0.003147119945831974}"
11800589,sensor,cycle,0.025,0.0014141968829523182,0.0005247051398515365,0.00198997162850026,0.002688912379286501,0.0021757684235828743,30,4,"[120, 8, 7, 8, 7]","{""0"": 0.0010181853954740695, ""1"": 0.0008839363292764559, ""2"": 0.001985233990070405, ""3"": 0.0016445255251548458, ""4"": 0.0015391031747858143}"
11800589,sensor,least_seen,0.025,0.0012561366394569261,0.0006940989531086224,0.001778776141224145,0.002651043461875425,0.0021466396722884056,30,4,"[120, 7, 8, 8, 7]","{""0"": 0.0010055472924871062, ""1"": 0.0010728845083541056, ""2"": 0.0015492993413152086, ""3"": 0.0012686288449612073, ""4"": 0.0013843232101670023}"
11800589,sensor,single_action,0.025,0.030660454230346648,0.02615638523745956,0.03700443046385853,0.0054693700029091906,0.0023067204578174376,30,1,"[120, 30, 0, 0, 0]","{""0"": 0.007133514247910391, ""1"": 0.011611328908287971, ""2"": 0.022917307473317782, ""3"": 0.07887114042997094, ""4"": 0.032768980092246165}"
11800589,sensor,no_probes,0.025,0.03647696365084839,0.03625038009711016,0.036652220473535585,0.002408992370801952,0.0019214579088855685,0,0,"[150, 0, 0, 0, 0]","{""0"": 0.0010648040286336325, ""1"": 0.04054367164219278, ""2"": 0.041934437324506225, ""3"": 0.04511301057699588, ""4"": 0.05372889468191344}"
11800589,motor_external,uncertainty,0.025,0.014169045679468474,0.016679779865554464,0.017673558736000516,0.012966889752708934,0.011046005974783233,30,4,"[120, 7, 8, 8, 7]","{""0"": 0.013320863724738114, ""1"": 0.027267052887316817, ""2"": 0.013686316638005838, ""3"": 0.004973771288714309, ""4"": 0.011597223858567285}"
11800589,motor_external,random,0.025,0.019973017954373982,0.021810344286403306,0.023926097911461056,0.009432307517282574,0.010230514422634085,30,4,"[120, 4, 8, 8, 10]","{""0"": 0.013325650139025652, ""1"": 0.048159074797204375, ""2"": 0.014613621000154132, ""3"": 0.006453215747601355, ""4"": 0.017313528087884403}"
11800589,motor_external,cycle,0.025,0.014878461246603244,0.016052998665066164,0.01681116623793075,0.013045467271989453,0.009634685143368554,30,4,"[120, 8, 7, 8, 7]","{""0"": 0.01368111546333895, ""1"": 0.025435586741834996, ""2"": 0.01425755087096048, ""3"": 0.007043623349143596, ""4"": 0.013974429807738211}"
11800589,motor_external,least_seen,0.025,0.014020391106330958,0.01616436896625952,0.021778013619133674,0.012437907069326412,0.012272438509171845,30,4,"[120, 7, 8, 8, 7]","{""0"": 0.013110440140469864, ""1"": 0.023984056897652605, ""2"": 0.011995188943300117, ""3"": 0.007207233081944958, ""4"": 0.013805036468287233}"
11800589,motor_external,single_action,0.025,0.04489166731124037,0.0649059661018194,0.03453644279658801,0.01506834877837835,0.011419957683167219,30,1,"[120, 30, 0, 0, 0]","{""0"": 0.011209400580834458, ""1"": 0.07460544540168867, ""2"": 0.0721143967398906, ""3"": 0.014833223394610483, ""4"": 0.05169587043917764}"
11800589,motor_external,no_probes,0.025,0.036340805882029134,0.042805179192073425,0.03585310076857874,0.005734055316648291,0.003157533287028894,0,0,"[150, 0, 0, 0, 0]","{""0"": 0.013281101196757808, ""1"": 0.047165371670028315, ""2"": 0.0631536465914316, ""3"": 0.017902559229628256, ""4"": 0.04020135072229969}"
11800589,unknown_nonlinear,uncertainty,0.025,0.010285820491480812,0.007394620140299093,0.009169284503094144,0.002743374869707933,0.003994712321730069,30,4,"[120, 7, 8, 7, 8]","{""0"": 0.0010912074605403759, ""1"": 0.007860403330817759, ""2"": 0.027036035789539586, ""3"": 0.008910440487418765, ""4"": 0.006531015389087573}"
11800589,unknown_nonlinear,random,0.025,0.011047334424733636,0.007654421034649573,0.011745864120166045,0.003496352791699415,0.0025862054999374667,30,4,"[120, 4, 8, 8, 10]","{""0"": 0.0015348015590684304, ""1"": 0.020882005607210635, ""2"": 0.01731418702157976, ""3"": 0.00522507389853797, ""4"": 0.010280604037271386}"
11800589,unknown_nonlinear,cycle,0.025,0.012783399065169038,0.009001213496086949,0.012553265497472987,0.0035434342291944003,0.003832030306959061,30,4,"[120, 8, 7, 8, 7]","{""0"": 0.0015627291031440284, ""1"": 0.009534674442062465, ""2"": 0.03433339104234468, ""3"": 0.011440728569255793, ""4"": 0.007045472169038228}"
11800589,unknown_nonlinear,least_seen,0.025,0.012320049823262149,0.00969314693807636,0.011071280140372789,0.00324877443991413,0.003346049418419319,30,4,"[120, 7, 8, 8, 7]","{""0"": 0.0020591582870658786, ""1"": 0.023158102921454704, ""2"": 0.021854440699550417, ""3"": 0.010584354154629444, ""4"": 0.0039441930536103}"
11800589,unknown_nonlinear,single_action,0.025,0.02818225355746269,0.028018592287030745,0.03817475837235071,0.005421482437898099,0.0022604815611225464,30,1,"[120, 30, 0, 0, 0]","{""0"": 0.0053664519487722565, ""1"": 0.01660991460640386, ""2"": 0.020164321187244427, ""3"": 0.057723984265868576, ""4"": 0.04104659577902436}"
11800589,unknown_nonlinear,no_probes,0.025,0.04188625344833266,0.03858140651573338,0.03758193029354202,0.002228339923063521,0.0019218544482396396,0,0,"[150, 0, 0, 0, 0]","{""0"": 0.0021203604578850805, ""1"": 0.05349198183493883, ""2"": 0.06005717453095074, ""3"": 0.03828899096738029, ""4"": 0.05547275945050842}"
11800726,none,uncertainty,0.025,0.004613751653054073,0.0024656321292942907,0.009163454392165362,0.0013145908347874163,0.002314325580715915,30,4,"[120, 8, 7, 7, 8]","{""0"": 0.002316045824932378, ""1"": 0.01285863734424513, ""2"": 0.002195821183706147, ""3"": 0.0033161537516596014, ""4"": 0.0023821001607271046}"
11800726,none,random,0.025,0.002547513923764833,0.0016358842666407169,0.005432443422865464,0.0018443736420526056,0.0019081173297758641,30,4,"[120, 10, 4, 6, 10]","{""0"": 0.0017931624231618097, ""1"": 0.00437085242587636, ""2"": 0.0014912880669565524, ""3"": 0.0026552153473179134, ""4"": 0.0024270513555115325}"
11800726,none,cycle,0.025,0.0037228775757845336,0.0017985855839911008,0.002688756447429737,0.001547597129466454,0.0016745010868342985,30,4,"[120, 8, 7, 8, 7]","{""0"": 0.002082095044194491, ""1"": 0.00708564285696707, ""2"": 0.001407276484358443, ""3"": 0.0018815826218228076, ""4"": 0.0061577908715798576}"
11800726,none,least_seen,0.025,0.004660627090776011,0.0023197800650424072,0.0054177615253867,0.0014437462431476766,0.0019710925113327563,30,4,"[120, 8, 7, 7, 8]","{""0"": 0.0018713556267662447, ""1"": 0.01283437525364275, ""2"": 0.0031483188768010387, ""3"": 0.002743873698784989, ""4"": 0.002705211997885031}"
11800726,none,single_action,0.025,0.031265028022430995,0.02690830604773849,0.0474300181751594,0.0014740544975532183,0.0014742669423259559,30,1,"[120, 30, 0, 0, 0]","{""0"": 0.001513643841681831, ""1"": 0.004157718932427677, ""2"": 0.009278308379545826, ""3"": 0.07330286895904846, ""4"": 0.06807259999945116}"
11800726,none,no_probes,0.025,0.04959040071779914,0.048733383666905335,0.048371053600997964,0.0012794941338683547,0.0017228205314664133,0,0,"[150, 0, 0, 0, 0]","{""0"": 0.002744146279161181, ""1"": 0.04939283485695306, ""2"": 0.051726559278168834, ""3"": 0.09261284897389836, ""4"": 0.051475614200814264}"
11800726,motor,uncertainty,0.025,0.00940779274172326,0.002774718787774181,0.013489503871578667,0.013268413547407898,0.002094566890878358,30,4,"[120, 8, 7, 8, 7]","{""0"": 0.0030179997761577136, ""1"": 0.011751311295168357, ""2"": 0.004590256374802387, ""3"": 0.0036330080347113914, ""4"": 0.024046388227776452}"
11800726,motor,random,0.025,0.00919762493716524,0.00792667003173143,0.008329449238259647,0.01095559029977142,0.0018144561927321483,30,4,"[120, 10, 4, 6, 10]","{""0"": 0.0020655915676948537, ""1"": 0.0210626726520373, ""2"": 0.012246656549036969, ""3"": 0.00874121452194923, ""4"": 0.001871989395107853}"
11800726,motor,cycle,0.025,0.0038844893424073894,0.00233268413530983,0.0031382719246167883,0.011816642907923811,0.0018949417073493415,30,4,"[120, 8, 7, 8, 7]","{""0"": 0.0017132875787719212, ""1"": 0.0016824454893571174, ""2"": 0.0058783613038328325, ""3"": 0.0015235792687625484, ""4"": 0.00862477307131253}"
11800726,motor,least_seen,0.025,0.009761302394554692,0.0032178930114848377,0.008363804026701335,0.013610477306821774,0.002348131879541947,30,4,"[120, 8, 7, 7, 8]","{""0"": 0.0034591894795019933, ""1"": 0.007331761480274115, ""2"": 0.006168924507572466, ""3"": 0.00850946208957735, ""4"": 0.02333717441584754}"
11800726,motor,single_action,0.025,0.06634181560469511,0.08096817577419012,0.05974636694577579,0.003982005667258508,0.012850329561620731,30,1,"[120, 30, 0, 0, 0]","{""0"": 0.002788592232903911, ""1"": 0.13318277942598558, ""2"": 0.08683624357043995, ""3"": 0.06383872220172715, ""4"": 0.04506274059241904}"
11800726,motor,no_probes,0.025,0.053976728981540774,0.05310558342558944,0.052997750817819524,0.0012794941338683547,0.0017228205314664133,0,0,"[150, 0, 0, 0, 0]","{""0"": 0.00276452975336908, ""1"": 0.10117462040272163, ""2"": 0.05768855172537537, ""3"": 0.05512807499143999, ""4"": 0.0531278680347978}"
11800726,external,uncertainty,0.025,0.007966531360089527,0.007905384214299442,0.006691012288370249,0.011691736052863331,0.006973576205234589,30,4,"[120, 8, 7, 7, 8]","{""0"": 0.002253170597033285, ""1"": 0.00366055177462792, ""2"": 0.013029707872738999, ""3"": 0.016670102258370432, ""4"": 0.004219124297676998}"
11800726,external,random,0.025,0.012347164295167835,0.016786585666997804,0.00534359146535442,0.008273910894403195,0.008774560210279942,30,4,"[120, 10, 4, 6, 10]","{""0"": 0.0029393386612299333, ""1"": 0.009540122441542075, ""2"": 0.0307639812594859, ""3"": 0.00926329397291918, ""4"": 0.009229085140662086}"
11800726,external,cycle,0.025,0.007350033759135548,0.007272478811218399,0.006544825993338282,0.008739908978074078,0.009537211826192077,30,4,"[120, 8, 7, 8, 7]","{""0"": 0.002371635973398078, ""1"": 0.0019244472017088514, ""2"": 0.013006307134303974, ""3"": 0.01384839528457472, ""4"": 0.005599383201692124}"
11800726,external,least_seen,0.025,0.00709723160511565,0.006795914689030809,0.003711057472275676,0.01030393941408865,0.0070789402045154355,30,4,"[120, 8, 7, 7, 8]","{""0"": 0.0022610348553288606, ""1"": 0.003129122514000962, ""2"": 0.008825975544901686, ""3"": 0.01717079703718046, ""4"": 0.004099228074166285}"
11800726,external,single_action,0.025,0.021364446461061042,0.030163691360701732,0.021139513226935278,0.01530670941776935,0.001764446496974283,30,1,"[120, 30, 0, 0, 0]","{""0"": 0.002803508028946331, ""1"": 0.020041283011906285, ""2"": 0.050154299250610684, ""3"": 0.002803508028946331, ""4"": 0.031019633984895597}"
11800726,external,no_probes,0.025,0.023548556687874565,0.028924183928983653,0.02213508562802672,0.004343930989460149,0.0022311265211975833,0,0,"[150, 0, 0, 0, 0]","{""0"": 0.0020340561604279554, ""1"": 0.020907888838047377, ""2"": 0.0609129226607713, ""3"": 0.0020340561604279554, ""4"": 0.03185385961969823}"
11800726,sensor,uncertainty,0.025,0.006209264036323416,0.0027271906504631235,0.013903683876235584,0.003562236038848145,0.0028811359436997476,30,4,"[120, 7, 8, 6, 9]","{""0"": 0.0026919612683431655, ""1"": 0.017088065880480282, ""2"": 0.0035902576487206648, ""3"": 0.0022787663537225367, ""4"": 0.0053972690303504345}"
11800726,sensor,random,0.025,0.002929357909548154,0.0016152487783307778,0.005432443422865464,0.0019394240413449586,0.002001602911599826,30,4,"[120, 10, 4, 6, 10]","{""0"": 0.0017914138964810692, ""1"": 0.005657379384484137, ""2"": 0.0019896794365884167, ""3"": 0.0029957110319727928, ""4"": 0.002212605798214355}"
11800726,sensor,cycle,0.025,0.004594329674082552,0.00179150200042814,0.002688756447429737,0.002545226576187436,0.0017952837148575084,30,4,"[120, 8, 7, 8, 7]","{""0"": 0.0020794018219365672, ""1"": 0.008993536158630494, ""2"": 0.003949503672904611, ""3"": 0.0017888953902151956, ""4"": 0.006160311326725894}"
11800726,sensor,least_seen,0.025,0.005856810318534564,0.0022524443426263476,0.0054177615253867,0.0030785566590974776,0.0019369821856941715,30,4,"[120, 8, 7, 7, 8]","{""0"": 0.0018476166885317876, ""1"": 0.01540484788700259, ""2"": 0.006536625790805629, ""3"": 0.002784020692232027, ""4"": 0.002710940534100788}"
11800726,sensor,single_action,0.025,0.03190974815545589,0.02629063146615291,0.0474300181751594,0.0015033599995339473,0.001528208239123951,30,1,"[120, 30, 0, 0, 0]","{""0"": 0.0016791974517663857, ""1"": 0.00609523512317747, ""2"": 0.010075903649633981, ""3"": 0.0762920394493415, ""4"": 0.06540636510336013}"
11800726,sensor,no_probes,0.025,0.049538299574341256,0.04868218610610488,0.048371053600997964,0.001342216321667876,0.0017164399201253058,0,0,"[150, 0, 0, 0, 0]","{""0"": 0.0026812736398951903, ""1"": 0.05169818671408353, ""2"": 0.04929509860419223, ""3"": 0.09135955968843514, ""4"": 0.05265737922510017}"
11800726,motor_external,uncertainty,0.025,0.010874755582042284,0.013121284777392479,0.0019410435967920452,0.017817738099478522,0.007289118014219454,30,4,"[120, 8, 7, 7, 8]","{""0"": 0.0015665183768397456, ""1"": 0.012199506160854119, ""2"": 0.009688626921489323, ""3"": 0.01672649685014548, ""4"": 0.014192629600882745}"
11800726,motor_external,random,0.025,0.011420395376226631,0.013361524867083923,0.005290696462662153,0.017013312582311868,0.006909995525506844,30,4,"[120, 10, 4, 6, 10]","{""0"": 0.0015785568707991384, ""1"": 0.0024003231182715846, ""2"": 0.021509396288142055, ""3"": 0.015048385336488617, ""4"": 0.01656531526743176}"
11800726,motor_external,cycle,0.025,0.012946181508212305,0.014835214559577285,0.0020460243121511504,0.01509455431610981,0.010225447196863156,30,4,"[120, 8, 7, 8, 7]","{""0"": 0.0015956136838314215, ""1"": 0.026236797006867544, ""2"": 0.0033204765971302755, ""3"": 0.00845963945832477, ""4"": 0.025118380794907514}"
11800726,motor_external,least_seen,0.025,0.011522474631709995,0.013223503712174213,0.0026774562204088404,0.019694646219640292,0.011234258145470142,30,4,"[120, 8, 7, 7, 8]","{""0"": 0.0016245144722287774, ""1"": 0.01760443530904036, ""2"": 0.003829179220815057, ""3"": 0.012586629646023717, ""4"": 0.02196761451044207}"
11800726,motor_external,single_action,0.025,0.014605230267492933,0.020082603362155876,0.016602090614163952,0.03441844523450691,0.0022986511696599914,30,1,"[120, 30, 0, 0, 0]","{""0"": 0.001657869283446462, ""1"": 0.002723040516157275, ""2"": 0.014268455015188454, ""3"": 0.052718917239226004, ""4"": 0.001657869283446462}"
11800726,motor_external,no_probes,0.025,0.018760368373853913,0.022653201874917327,0.016654114879316558,0.004343930989460149,0.0022311265211975833,0,0,"[150, 0, 0, 0, 0]","{""0"": 0.0015758559851268862, ""1"": 0.0015758559851268862, ""2"": 0.03167109385647093, ""3"": 0.05740318005741795, ""4"": 0.0015758559851268862}"
11800726,unknown_nonlinear,uncertainty,0.025,0.014700598512979347,0.010654914798615913,0.022785069892412507,0.005353276586859108,0.003598470616757045,30,4,"[120, 9, 6, 8, 7]","{""0"": 0.0012898143744165477, ""1"": 0.01839328633918545, ""2"": 0.017515567587925874, ""3"": 0.011687470419980986, ""4"": 0.024616853843387878}"
11800726,unknown_nonlinear,random,0.025,0.020007952078336718,0.013082427452257229,0.03498509457749546,0.0037830152822705947,0.005376433125046433,30,4,"[120, 10, 4, 6, 10]","{""0"": 0.001467284097810697, ""1"": 0.050291735204022255, ""2"": 0.012205990742658908, ""3"": 0.03133589646715753, ""4"": 0.0047388538800341865}"
11800726,unknown_nonlinear,cycle,0.025,0.013401755008411145,0.009776413100146734,0.025969897862691903,0.005327258307858505,0.005693028999189842,30,4,"[120, 8, 7, 8, 7]","{""0"": 0.0011102650761652484, ""1"": 0.02547995955892891, ""2"": 0.011017320671781775, ""3"": 0.01057745409045986, ""4"": 0.018823775644719914}"
11800726,unknown_nonlinear,least_seen,0.025,0.017136180770828045,0.018473095806150183,0.026810796560749743,0.006153959977193579,0.0045354245476504655,30,4,"[120, 8, 7, 7, 8]","{""0"": 0.0016974920045854467, ""1"": 0.012434995976145202, ""2"": 0.017254454267050225, ""3"": 0.009212344358903205, ""4"": 0.04508161724745613}"
11800726,unknown_nonlinear,single_action,0.025,0.03234511634373007,0.030353859533843803,0.03998648095406217,0.0014787608521799455,0.0014304806429091754,30,1,"[120, 30, 0, 0, 0]","{""0"": 0.0015872878129413448, ""1"": 0.03263087915312221, ""2"": 0.023698493295630663, ""3"": 0.051357096389642504, ""4"": 0.052451825067313655}"
11800726,unknown_nonlinear,no_probes,0.025,0.04931556768794732,0.04943528933711493,0.04144409237976495,0.0012794941338683547,0.0017228205314664133,0,0,"[150, 0, 0, 0, 0]","{""0"": 0.004693472679029597, ""1"": 0.06695767864703173, ""2"": 0.06565184132956275, ""3"": 0.07135128762307257, ""4"": 0.03792355816103998}"
11800863,none,uncertainty,0.025,0.001987425539042628,0.0007173127756001289,0.004766241408504716,0.002130122200573601,0.0018570585360371552,30,4,"[120, 8, 7, 7, 8]","{""0"": 0.0015718117504170386, ""1"": 0.0029696829130615525, ""2"": 0.001529260281838412, ""3"": 0.0013552339906735746, ""4"": 0.0025111387592225607}"
11800863,none,random,0.025,0.002618868335999068,0.001162654039734201,0.022052269273263387,0.0021229706554029186,0.0015977101397328635,30,4,"[120, 7, 11, 5, 7]","{""0"": 0.0015984448818508387, ""1"": 0.003048821908786293, ""2"": 0.0010443978480816425, ""3"": 0.0032265373981574287, ""4"": 0.00417613964311914}"
11800863,none,cycle,0.025,0.001705293108524174,0.0008501522386784823,0.0025888295517704205,0.0020122644235431937,0.0014748910883281648,30,4,"[120, 8, 7, 8, 7]","{""0"": 0.0016014789027303349, ""1"": 0.002303295681496211, ""2"": 0.0018058805440415704, ""3"": 0.0015850508291172065, ""4"": 0.0012307595852355487}"
11800863,none,least_seen,0.025,0.0018436195873619643,0.0008061499501963579,0.002646639880365074,0.00210965609633774,0.0015269337942132445,30,4,"[120, 7, 8, 8, 7]","{""0"": 0.0015874169131006926, ""1"": 0.00214688015388867, ""2"": 0.0020534259803824356, ""3"": 0.0022558388401786793, ""4"": 0.0011745360492593432}"
11800863,none,single_action,0.025,0.047083331859695994,0.04242503926245643,0.08057375647641069,0.0024888581995226185,0.0014800263573755141,30,1,"[120, 30, 0, 0, 0]","{""0"": 0.0033030963257550273, ""1"": 0.014292764718954501, ""2"": 0.02184128894799502, ""3"": 0.07885164115202908, ""4"": 0.11712786815374637}"
11800863,none,no_probes,0.025,0.07853754208389656,0.07939001767849761,0.07976370230078465,0.0017855350781260154,0.0012387963117157029,0,0,"[150, 0, 0, 0, 0]","{""0"": 0.0012803624851235494, ""1"": 0.08945284033027057, ""2"": 0.1096021181278433, ""3"": 0.09185368900501241, ""4"": 0.10049870047123304}"
11800863,motor,uncertainty,0.025,0.0027509136300416263,0.001926204744769631,0.002258290348125786,0.022080175453227286,0.0021492367738671276,30,4,"[120, 8, 7, 7, 8]","{""0"": 0.0017993917773364843, ""1"": 0.002458688877904964, ""2"": 0.003166690561342951, ""3"": 0.00500767070220291, ""4"": 0.0013221262314208249}"
11800863,motor,random,0.025,0.04027192713890194,0.02828198829986057,0.04060525484617615,0.014879106256031432,0.0020677985990180292,30,4,"[120, 7, 11, 5, 7]","{""0"": 0.008755209202426827, ""1"": 0.02480692610420816, ""2"": 0.04803777176671122, ""3"": 0.07908890034734713, ""4"": 0.040670828273816385}"
11800863,motor,cycle,0.025,0.005566540495033195,0.0034953156632216925,0.0029190675179495973,0.022165741152939424,0.0021207276484898835,30,4,"[120, 8, 7, 8, 7]","{""0"": 0.0011916480071628235, ""1"": 0.006681217412616003, ""2"": 0.005341681888282134, ""3"": 0.005133756673451113, ""4"": 0.009484398493653906}"
11800863,motor,least_seen,0.025,0.00642644246460878,0.004498814081079326,0.002180681406977944,0.02107493791849204,0.0022525478841081176,30,4,"[120, 7, 8, 8, 7]","{""0"": 0.001733291623372139, ""1"": 0.006708804296459372, ""2"": 0.006422951377008822, ""3"": 0.004077422814183058, ""4"": 0.013189742212020511}"
11800863,motor,single_action,0.025,0.12460556237010066,0.1503287747571255,0.08332947263519115,0.0058568261560522465,0.010451161463427746,30,1,"[120, 30, 0, 0, 0]","{""0"": 0.0030664209013424436, ""1"": 0.20858738247103523, ""2"": 0.18835729602199755, ""3"": 0.132390724769024, ""4"": 0.09062598768710417}"
11800863,motor,no_probes,0.025,0.08328207360286341,0.08448409422204799,0.08440752169548196,0.0017855350781260154,0.0012387963117157029,0,0,"[150, 0, 0, 0, 0]","{""0"": 0.0012201896181980403, ""1"": 0.09593946476346933, ""2"": 0.09984727330274368, ""3"": 0.1208512758655545, ""4"": 0.09855216446435149}"
11800863,external,uncertainty,0.025,0.01830526606564036,0.01101471164967026,0.02376587244192087,0.00710279659081766,0.010999913561532295,30,4,"[120, 9, 6, 8, 7]","{""0"": 0.004538177392445334, ""1"": 0.0062274737510380805, ""2"": 0.014409840448392034, ""3"": 0.04854725948633178, ""4"": 0.017803579249994553}"
11800863,external,random,0.025,0.02337387058898421,0.011866691232047177,0.040228106509268974,0.006490367977814402,0.006980370249165738,30,4,"[120, 7, 11, 5, 7]","{""0"": 0.007812681473077522, ""1"": 0.008323275231577774, ""2"": 0.018998995842624055, ""3"": 0.06540769444383841, ""4"": 0.016326705953803294}"
11800863,external,cycle,0.025,0.015053776174929385,0.007564614715798613,0.020929813406220903,0.0069690424835562505,0.0091656459657617,30,4,"[120, 8, 7, 8, 7]","{""0"": 0.004234370827003582, ""1"": 0.006398169795297097, ""2"": 0.007673377573809147, ""3"": 0.042321114217070625, ""4"": 0.01464184846146648}"
11800863,external,least_seen,0.025,0.014143358231978886,0.008057795974154184,0.022625319612432214,0.00845280798038548,0.009653561825188362,30,4,"[120, 7, 8, 8, 7]","{""0"": 0.004125182371564822, ""1"": 0.004912744558439095, ""2"": 0.0068487481527168175, ""3"": 0.04249893521702967, ""4"": 0.012331180860144031}"
11800863,external,single_action,0.025,0.0622565651512206,0.06516732594336286,0.06326705070984874,0.01508647261370027,0.002047127884197041,30,1,"[120, 30, 0, 0, 0]","{""0"": 0.005345332203206011, ""1"": 0.08945081351482602, ""2"": 0.08441283820889557, ""3"": 0.06049685284406622, ""4"": 0.07157698898510917}"
11800863,external,no_probes,0.025,0.05999621039156736,0.06300386992605486,0.06233116012195791,0.00440348009010764,0.002105770708717314,0,0,"[150, 0, 0, 0, 0]","{""0"": 0.004171764413617277, ""1"": 0.0800606017986374, ""2"": 0.09510946894213994, ""3"": 0.06815008247677426, ""4"": 0.05248913432666797}"
11800863,sensor,uncertainty,0.025,0.003429426248282923,0.000940005681281234,0.006886193889766531,0.003329634562972095,0.0016661356913093383,30,4,"[120, 8, 7, 6, 9]","{""0"": 0.0016502107246192433, ""1"": 0.007958354928757586, ""2"": 0.003473155063665421, ""3"": 0.0023392994487589345, ""4"": 0.0017261110756134322}"
11800863,sensor,random,0.025,0.002914869461661533,0.0011573263226269045,0.022052269273263387,0.003468777199564827,0.0018339959057886738,30,4,"[120, 7, 11, 5, 7]","{""0"": 0.0016257245133893922, ""1"": 0.004642027924099167, ""2"": 0.0010087160255990383, ""3"": 0.0032202304620841415, ""4"": 0.004077648383135923}"
11800863,sensor,cycle,0.025,0.0019026012915842514,0.0008331711703952858,0.0025888295517704205,0.0028659885555373204,0.0016209715592976522,30,4,"[120, 8, 7, 8, 7]","{""0"": 0.0016699181133787786, ""1"": 0.002501260860443356, ""2"": 0.0018709679047274666, ""3"": 0.001147767261149731, ""4"": 0.0023230923182219264}"
11800863,sensor,least_seen,0.025,0.0023643558435233565,0.000792318148055832,0.002646639880365074,0.00298947254039714,0.0017655852518135126,30,4,"[120, 7, 8, 8, 7]","{""0"": 0.0016209505771607317, ""1"": 0.0024578011608754505, ""2"": 0.004273295242244337, ""3"": 0.0022539127762233515, ""4"": 0.0012158194611129145}"
11800863,sensor,single_action,0.025,0.045411406636640915,0.04206073464316025,0.08057375647641069,0.0024217263093788614,0.0016068015849993826,30,1,"[120, 30, 0, 0, 0]","{""0"": 0.0029714144832346328, ""1"": 0.011487109785043614, ""2"": 0.017225592642529906, ""3"": 0.08311314143037356, ""4"": 0.11225977484202292}"
11800863,sensor,no_probes,0.025,0.0787135723224442,0.07936420465324251,0.07976370230078465,0.0018443705243035681,0.0012481685015952317,0,0,"[150, 0, 0, 0, 0]","{""0"": 0.0014212654151909941, ""1"": 0.09190191690122484, ""2"": 0.1075400016943633, ""3"": 0.08939838641671326, ""4"": 0.10330629118472867}"
11800863,motor_external,uncertainty,0.025,0.022105194514816507,0.013747343980422258,0.030278754941094443,0.015401696627783951,0.0076893933134282695,30,4,"[120, 9, 6, 8, 7]","{""0"": 0.00469424344581798, ""1"": 0.04576062199484812, ""2"": 0.012211321350470405, ""3"": 0.006537085842660263, ""4"": 0.04132269994028576}"
11800863,motor_external,random,0.025,0.025178658858345627,0.020103197269609536,0.0348891038173694,0.017996823454952057,0.00953411877514354,30,4,"[120, 7, 11, 5, 7]","{""0"": 0.005066019908895834, ""1"": 0.06770170039916719, ""2"": 0.005493747286573737, ""3"": 0.027139128962644147, ""4"": 0.020492697734447188}"
11800863,motor_external,cycle,0.025,0.024091848615743143,0.015696418959678504,0.031189801148572737,0.017564381506286145,0.010307539341629429,30,4,"[120, 8, 7, 8, 7]","{""0"": 0.005682378455565323, ""1"": 0.0468046255808769, ""2"": 0.013264799893549027, ""3"": 0.006132754666202458, ""4"": 0.04857468448252198}"
11800863,motor_external,least_seen,0.025,0.021398432363301904,0.01570131754124523,0.03162089776320595,0.019865040845333155,0.007415104090740891,30,4,"[120, 7, 8, 8, 7]","{""0"": 0.005254225352251052, ""1"": 0.04785152662413363, ""2"": 0.004939733907177355, ""3"": 0.006153852358312791, ""4"": 0.04279282357463469}"
11800863,motor_external,single_action,0.025,0.04725781696526297,0.04269376286662848,0.05794419172111353,0.04292421488795837,0.002585536497950139,30,1,"[120, 30, 0, 0, 0]","{""0"": 0.0047429314903587394, ""1"": 0.04633194580638711, ""2"": 0.03983264031884238, ""3"": 0.0829475188966015, ""4"": 0.062434048314125135}"
11800863,motor_external,no_probes,0.025,0.05424412886616004,0.05493657139279926,0.05662515990714315,0.00440348009010764,0.002105770708717314,0,0,"[150, 0, 0, 0, 0]","{""0"": 0.005453335300081565, ""1"": 0.07434947784117542, ""2"": 0.042446097922959385, ""3"": 0.09049959907019016, ""4"": 0.05847213419639374}"
11800863,unknown_nonlinear,uncertainty,0.025,0.025876538248560853,0.017894974231653635,0.022220535441513464,0.0042077430779473715,0.0032435336151385905,30,4,"[120, 9, 6, 7, 8]","{""0"": 0.0022530692222288242, ""1"": 0.0677969788315335, ""2"": 0.015857525329490512, ""3"": 0.009323039967300144, ""4"": 0.03415207789225131}"
11800863,unknown_nonlinear,random,0.025,0.022554665178657427,0.016514960538135497,0.03235967791117531,0.0030715146024901945,0.00287681281640067,30,4,"[120, 7, 11, 5, 7]","{""0"": 0.0018107379732265315, ""1"": 0.024687166671663468, ""2"": 0.0057817189003379725, ""3"": 0.016500574001965928, ""4"": 0.06399312834609323}"
11800863,unknown_nonlinear,cycle,0.025,0.024794178487782426,0.014792284947696459,0.025811154496693838,0.004343936008041474,0.0030160104886561515,30,4,"[120, 8, 7, 8, 7]","{""0"": 0.0015964066777475582, ""1"": 0.06981099280504394, ""2"": 0.01251387825561468, ""3"": 0.014237112998016296, ""4"": 0.025812501702489665}"
11800863,unknown_nonlinear,least_seen,0.025,0.026478954906122946,0.016824563169872124,0.026802922170424837,0.0037633907016464984,0.002681468472610885,30,4,"[120, 7, 8, 8, 7]","{""0"": 0.0013354054666334574, ""1"": 0.08338392317167559, ""2"": 0.008444653256351457, ""3"": 0.012036089382996473, ""4"": 0.027194703252957753}"
11800863,unknown_nonlinear,single_action,0.025,0.03691783374363009,0.033840348032466355,0.037166590517131205,0.0025028491492500985,0.0014330673562886324,30,1,"[120, 30, 0, 0, 0]","{""0"": 0.0019366368174546717, ""1"": 0.04544864523163784, ""2"": 0.03441524043856412, ""3"": 0.035417240758534335, ""4"": 0.06737140547195948}"
11800863,unknown_nonlinear,no_probes,0.025,0.04268926145834988,0.0397924104857216,0.03736105074494424,0.0017855350781260154,0.0012387963117157029,0,0,"[150, 0, 0, 0, 0]","{""0"": 0.0022791388577314965, ""1"": 0.057727820939047166, ""2"": 0.049732932382901746, ""3"": 0.0588321625056464, ""4"": 0.04487425260642262}"
11801000,none,uncertainty,0.025,0.0015789058073931498,0.0015145513262060724,0.006803588273880922,0.0021887746431913436,0.0026669982901997608,30,4,"[120, 9, 6, 7, 8]","{""0"": 0.0011821465276586885, ""1"": 0.00151539981532689, ""2"": 0.0014553275087544886, ""3"": 0.0028569146904053964, ""4"": 0.0008847404948202839}"
11801000,none,random,0.025,0.004536271681313746,0.002366960125664619,0.035427351097500975,0.0018888401569379782,0.0025783607778772414,30,4,"[120, 5, 8, 10, 7]","{""0"": 0.001803981562738586, ""1"": 0.005753958754921973, ""2"": 0.004608371944630873, ""3"": 0.00473377474222551, ""4"": 0.005781271402051788}"
11801000,none,cycle,0.025,0.001717547236476886,0.0015494062922435385,0.002922456998257434,0.0018153809073019112,0.002248099423693511,30,4,"[120, 8, 7, 8, 7]","{""0"": 0.0012421957159240394, ""1"": 0.0016023434497227165, ""2"": 0.002018377625835384, ""3"": 0.0024471615945593477, ""4"": 0.001277657796342943}"
11801000,none,least_seen,0.025,0.0014497540391003835,0.001374837452037751,0.0025654750954386273,0.0019459301703660128,0.0023573985092588557,30,4,"[120, 8, 7, 8, 7]","{""0"": 0.0012914392045048002, ""1"": 0.0011713379964536806, ""2"": 0.0016144607505711676, ""3"": 0.001718337885047427, ""4"": 0.0014531943589248429}"
11801000,none,single_action,0.025,0.050397686887645426,0.04454075486988956,0.07704244335054582,0.002135653496102783,0.0031216993995986566,30,1,"[120, 30, 0, 0, 0]","{""0"": 0.0012268798011512106, ""1"": 0.01411280388636226, ""2"": 0.011602692350502639, ""3"": 0.11134384344801633, ""4"": 0.11370221495219472}"
11801000,none,no_probes,0.025,0.08416818225886913,0.08590396911831508,0.08493379766341345,0.00177669267003997,0.002114252395611022,0,0,"[150, 0, 0, 0, 0]","{""0"": 0.00117638500332654, ""1"": 0.1035261408710947, ""2"": 0.09138844206687995, ""3"": 0.11249120086965292, ""4"": 0.11225874248339159}"
11801000,motor,uncertainty,0.025,0.0069528897080679145,0.007981411715635402,0.002896519935708253,0.02481827390197497,0.003851130588126509,30,4,"[120, 8, 7, 7, 8]","{""0"": 0.0014372616913084521, ""1"": 0.008312713103582673, ""2"": 0.009285934209830976, ""3"": 0.006717584599542988, ""4"": 0.009010954936074482}"
11801000,motor,random,0.025,0.07549814312602085,0.07389510865938755,0.03673785062002737,0.025140225048592355,0.006797721058711342,30,4,"[120, 5, 8, 10, 7]","{""0"": 0.003472026197414735, ""1"": 0.10691005047407191, ""2"": 0.1628375049279739, ""3"": 0.0410880810336213, ""4"": 0.06318305299702237}"
11801000,motor,cycle,0.025,0.0037539715867545283,0.003976951510911524,0.0029545099168489237,0.03005603553843549,0.00390169485783085,30,4,"[120, 8, 7, 8, 7]","{""0"": 0.0014093188825106148, ""1"": 0.0012436259830348841, ""2"": 0.006495556492295179, ""3"": 0.004965248522131521, ""4"": 0.004656108053800441}"
11801000,motor,least_seen,0.025,0.003426724601881666,0.002157515120489,0.003204886857796002,0.02543125643135237,0.0027926125085695054,30,4,"[120, 8, 7, 8, 7]","{""0"": 0.0018285596858287824, ""1"": 0.0019400081555393052, ""2"": 0.004420849084908523, ""3"": 0.00456795689298801, ""4"": 0.004376249190143706}"
11801000,motor,single_action,0.025,0.061688020300442764,0.06978078507679902,0.06617709785983948,0.010986685629090427,0.003194697020661404,30,1,"[120, 30, 0, 0, 0]","{""0"": 0.0014578647651988252, ""1"": 0.05833436310147521, ""2"": 0.06383549654536837, ""3"": 0.0885053481693674, ""4"": 0.09630702892080399}"
11801000,motor,no_probes,0.025,0.08894017375617372,0.09021049668429044,0.08959099718015366,0.00177669267003997,0.002114252395611022,0,0,"[150, 0, 0, 0, 0]","{""0"": 0.001393658575679693, ""1"": 0.13162931083220167, ""2"": 0.12654494122252805, ""3"": 0.08444051450076488, ""4"": 0.10069244364969425}"
11801000,external,uncertainty,0.025,0.009438869087838218,0.009932759198693249,0.009781310341061484,0.012565244264706628,0.010583451723017645,30,4,"[120, 8, 7, 8, 7]","{""0"": 0.0026863596381969724, ""1"": 0.009071789319367266, ""2"": 0.010229791994732262, ""3"": 0.007189809345879275, ""4"": 0.018016595141015317}"
11801000,external,random,0.025,0.008205944341736267,0.012100578480475523,0.009890419615378435,0.019819995010036277,0.01105971812018498,30,4,"[120, 5, 8, 10, 7]","{""0"": 0.0022542267904670046, ""1"": 0.022224660427353864, ""2"": 0.005444371699541303, ""3"": 0.0009703814376588929, ""4"": 0.010136081353660271}"
11801000,external,cycle,0.025,0.007887274791426065,0.008329598052928523,0.01055749114104382,0.015498631944366015,0.009548830736113291,30,4,"[120, 8, 7, 8, 7]","{""0"": 0.002953446141763365, ""1"": 0.00532522238730027, ""2"": 0.015131891466753858, ""3"": 0.0028257777068855226, ""4"": 0.013200036254427306}"
11801000,external,least_seen,0.025,0.008736261180562343,0.010489404255166477,0.005238373929128319,0.011637065016547371,0.009013887576445966,30,4,"[120, 8, 7, 8, 7]","{""0"": 0.0029956777858194156, ""1"": 0.0073886468242079055, ""2"": 0.010488932485935139, ""3"": 0.005749293144654842, ""4"": 0.017058755662194423}"
11801000,external,single_action,0.025,0.03152474206087484,0.039912432583832196,0.028330774916707487,0.0065567891820413225,0.004487406505179862,30,1,"[120, 30, 0, 0, 0]","{""0"": 0.0021895005168685658, ""1"": 0.003462943653828538, ""2"": 0.046788185321387114, ""3"": 0.02709178587812468, ""4"": 0.07809129493416529}"
11801000,external,no_probes,0.025,0.029417832910317635,0.037032611288122415,0.02870698170125459,0.007091362708285082,0.0022440505922612817,0,0,"[150, 0, 0, 0, 0]","{""0"": 0.0026493793137447666, ""1"": 0.0026493793137447666, ""2"": 0.04198392764194237, ""3"": 0.03248848147336836, ""4"": 0.06731799680878793}"
11801000,sensor,uncertainty,0.025,0.0024529417076505316,0.0015512947791170221,0.006803588273880922,0.004213855721052745,0.0027363253504213633,30,4,"[120, 9, 6, 7, 8]","{""0"": 0.0012446286435094105, ""1"": 0.004588315445580028, ""2"": 0.0022197047058686754, ""3"": 0.003209916345818846, ""4"": 0.0010021433974756976}"
11801000,sensor,random,0.025,0.0045450115304864706,0.0023509509790274477,0.035427351097500975,0.0029900661128633003,0.0028194869521732903,30,4,"[120, 5, 8, 10, 7]","{""0"": 0.0017244344164018906, ""1"": 0.004084668780789012, ""2"": 0.007207907480994387, ""3"": 0.004379703261412696, ""4"": 0.005328343712834367}"
11801000,sensor,cycle,0.025,0.002310718226807419,0.0015322694758572958,0.002922456998257434,0.002593613570737372,0.002326776317498556,30,4,"[120, 8, 7, 8, 7]","{""0"": 0.0013046858321923642, ""1"": 0.0017461536260212779, ""2"": 0.002051066528323377, ""3"": 0.0024563384020859155, ""4"": 0.003995346745414161}"
11801000,sensor,least_seen,0.025,0.0019132815381483765,0.0013710811106668738,0.0025654750954386273,0.0031929304492356674,0.0023290281866335085,30,4,"[120, 8, 7, 8, 7]","{""0"": 0.0013530418367079828, ""1"": 0.003202867504232177, ""2"": 0.0016424148626084302, ""3"": 0.001858402096630351, ""4"": 0.001509681390562942}"
11801000,sensor,single_action,0.025,0.04966231136751199,0.04410730897106421,0.07704244335054582,0.002546936445784717,0.0033060813316306424,30,1,"[120, 30, 0, 0, 0]","{""0"": 0.0013211566295461615, ""1"": 0.012144991024918719, ""2"": 0.009505982869428898, ""3"": 0.10606357638801218, ""4"": 0.11927584992565395}"
11801000,sensor,no_probes,0.025,0.08437976000751289,0.08591086074445149,0.08493379766341345,0.0018502973798161704,0.002114624016815199,0,0,"[150, 0, 0, 0, 0]","{""0"": 0.0013543980253813836, ""1"": 0.10670698425005509, ""2"": 0.08861552965109092, ""3"": 0.11452100652330932, ""4"": 0.11070088158772773}"
11801000,motor_external,uncertainty,0.025,0.008327478022062287,0.009399868529478295,0.0036894676685395073,0.025435788623634065,0.009701492218379558,30,4,"[120, 8, 7, 8, 7]","{""0"": 0.002684155339451525, ""1"": 0.012469183582260306, ""2"": 0.006419638956954074, ""3"": 0.005367322060111233, ""4"": 0.01469709017153429}"
11801000,motor_external,random,0.025,0.008286173332415209,0.010882915711587253,0.011333157563289117,0.031300892790565,0.009795700921033379,30,4,"[120, 5, 8, 10, 7]","{""0"": 0.0017436914618468565, ""1"": 0.01109411004708461, ""2"": 0.004118988454698119, ""3"": 0.008814740291590828, ""4"": 0.015659336406855632}"
11801000,motor_external,cycle,0.025,0.010659842755598975,0.01141677577025094,0.01142191473309752,0.030582659105899898,0.010835726605542127,30,4,"[120, 8, 7, 8, 7]","{""0"": 0.002479133853773697, ""1"": 0.012737259954794163, ""2"": 0.017428563329182373, ""3"": 0.01067187783640408, ""4"": 0.009982378803840555}"
11801000,motor_external,least_seen,0.025,0.011205331743384905,0.011527145287399584,0.012830392589701062,0.029585301868742392,0.011557534051317927,30,4,"[120, 8, 7, 8, 7]","{""0"": 0.0024887584495105718, ""1"": 0.010154495550395473, ""2"": 0.016961065009205606, ""3"": 0.006708629690390509, ""4"": 0.019713710017422375}"
11801000,motor_external,single_action,0.025,0.022667494272105248,0.023602862747417665,0.027319646802440742,0.015709443752065254,0.0066702179090900975,30,1,"[120, 30, 0, 0, 0]","{""0"": 0.0033322813847847534, ""1"": 0.025003472920331837, ""2"": 0.04257964282926958, ""3"": 0.039089792841355296, ""4"": 0.0033322813847847534}"
11801000,motor_external,no_probes,0.025,0.030854166646349022,0.03834047807948639,0.030260399089327615,0.007091362708285082,0.0022440505922612817,0,0,"[150, 0, 0, 0, 0]","{""0"": 0.00261332428920065, ""1"": 0.03882550953342354, ""2"": 0.0680835276065818, ""3"": 0.042135147513338446, ""4"": 0.00261332428920065}"
11801000,unknown_nonlinear,uncertainty,0.025,0.026289062565692304,0.010107302155644439,0.05678591957557629,0.0028454222504023003,0.005789032127806181,30,4,"[120, 9, 6, 7, 8]","{""0"": 0.004306066822238867, ""1"": 0.04427046958505265, ""2"": 0.006486943329615249, ""3"": 0.04214250136468367, ""4"": 0.03423933172687107}"
11801000,unknown_nonlinear,random,0.025,0.00222790306031768,0.0022040318949256596,0.012248465625153838,0.005425653287910369,0.003816699755450243,30,4,"[120, 5, 8, 10, 7]","{""0"": 0.0014527440820651632, ""1"": 0.0019335480544013172, ""2"": 0.0010553615161178614, ""3"": 0.0034040925887817296, ""4"": 0.0032937690602223278}"
11801000,unknown_nonlinear,cycle,0.025,0.021245161904435046,0.015529240882635364,0.03705107943306061,0.002038964650485962,0.0024748576359652813,30,4,"[120, 8, 7, 8, 7]","{""0"": 0.003998578025233418, ""1"": 0.01691086222230588, ""2"": 0.008006470499465351, ""3"": 0.05454385434585357, ""4"": 0.02276604442931701}"
11801000,unknown_nonlinear,least_seen,0.025,0.01305061521947541,0.004101331367028644,0.03169488286658976,0.002477406468197047,0.003166514037908413,30,4,"[120, 8, 7, 8, 7]","{""0"": 0.0028041697417524533, ""1"": 0.006721365497854084, ""2"": 0.02316481117851499, ""3"": 0.02001028041131055, ""4"": 0.01255244926794497}"
11801000,unknown_nonlinear,single_action,0.025,0.023435906444118686,0.025790384218834925,0.027484874592711605,0.002135653496102783,0.0031216993995986566,30,1,"[120, 30, 0, 0, 0]","{""0"": 0.005259898033311954, ""1"": 0.018394547364417244, ""2"": 0.03073250281229457, ""3"": 0.04999627091021217, ""4"": 0.012796313100357467}"
11801000,unknown_nonlinear,no_probes,0.025,0.034057398968056415,0.031662867294490984,0.029639800271956066,0.00177669267003997,0.002114252395611022,0,0,"[150, 0, 0, 0, 0]","{""0"": 0.004809720913339234, ""1"": 0.021101723399774203, ""2"": 0.08298172570976607, ""3"": 0.044192905933504896, ""4"": 0.017200918883897718}"
11801137,none,uncertainty,0.025,0.0010987936954502508,0.0005331571174423949,0.0011522907577657913,0.0018246404571512045,0.0013504222623672497,30,4,"[120, 7, 8, 6, 9]","{""0"": 0.0010638224655856285, ""1"": 0.0011325125651767476, ""2"": 0.0012050945069236546, ""3"": 0.0010138050022124685, ""4"": 0.0010787339373527543}"
11801137,none,random,0.025,0.0013091725668229561,0.0007025376174178342,0.001413507681445376,0.0016677204092371636,0.0015776702991987354,30,4,"[120, 5, 4, 11, 10]","{""0"": 0.0011233030799304526, ""1"": 0.001538907356470539, ""2"": 0.0012885707055239686, ""3"": 0.0013630094662554317, ""4"": 0.0012320722259343874}"
11801137,none,cycle,0.025,0.0016566411659103325,0.0007098294041017603,0.0017637039595661402,0.001946570774140176,0.0014289765197493599,30,4,"[120, 8, 7, 8, 7]","{""0"": 0.0014385060770646483, ""1"": 0.0008885172427627068, ""2"": 0.0024527503821713086, ""3"": 0.0010982687181155264, ""4"": 0.0024051634094374736}"
11801137,none,least_seen,0.025,0.0027764108374673615,0.0011364995600182319,0.003093657642224564,0.0017032618488968842,0.0014599300788714228,30,4,"[120, 8, 7, 7, 8]","{""0"": 0.001371682528591315, ""1"": 0.0017946568741334379, ""2"": 0.004929453969376785, ""3"": 0.0035778405002162296, ""4"": 0.0022084203150190386}"
11801137,none,single_action,0.025,0.03461645869544882,0.02576616935317507,0.04668218863677498,0.005277947695125372,0.0012594594637099896,30,1,"[120, 30, 0, 0, 0]","{""0"": 0.002812608273620551, ""1"": 0.017719831869113297, ""2"": 0.04884647950373383, ""3"": 0.041300642743666356, ""4"": 0.06240273108711003}"
11801137,none,no_probes,0.025,0.04701751037924051,0.04648817035903534,0.04634201688220339,0.001581792287136815,0.0012604034093212238,0,0,"[150, 0, 0, 0, 0]","{""0"": 0.0020679377119374558, ""1"": 0.08024496120965417, ""2"": 0.051277245000640466, ""3"": 0.043674612271965056, ""4"": 0.057822795702005436}"
11801137,motor,uncertainty,0.025,0.0050442376046470495,0.003879118551048072,0.001875767007054309,0.01494801068938085,0.0016167843492370247,30,4,"[120, 8, 7, 7, 8]","{""0"": 0.0015540009593886918, ""1"": 0.003928488504637946, ""2"": 0.010901502407614441, ""3"": 0.004208183455296108, ""4"": 0.00462901269629806}"
11801137,motor,random,0.025,0.004582230620850258,0.0035269269246962056,0.0020743401576953256,0.009697665213539321,0.0017808097230694873,30,4,"[120, 5, 4, 11, 10]","{""0"": 0.0013859172720296058, ""1"": 0.01161569046779212, ""2"": 0.004410696071322907, ""3"": 0.0035087653033724765, ""4"": 0.001990083989734182}"
11801137,motor,cycle,0.025,0.0030690192048141,0.0017394836620147627,0.0021814819588392206,0.013147296619394117,0.0016254121389083975,30,4,"[120, 8, 7, 8, 7]","{""0"": 0.0019192690194015105, ""1"": 0.004305844848233217, ""2"": 0.0036154426068730782, ""3"": 0.0031543068917606267, ""4"": 0.002350232657802067}"
11801137,motor,least_seen,0.025,0.0030233230614532375,0.001664995571292898,0.0021871075800106335,0.014312977646627922,0.0014361462971779816,30,4,"[120, 8, 7, 7, 8]","{""0"": 0.0015752513011298083, ""1"": 0.003266066645210425, ""2"": 0.00467004920834082, ""3"": 0.003775184088239946, ""4"": 0.0018300640643451915}"
11801137,motor,single_action,0.025,0.14517722610002906,0.1715844846675675,0.050900090829515764,0.008323469554193868,0.004541016575184364,30,1,"[120, 30, 0, 0, 0]","{""0"": 0.011256114911599611, ""1"": 0.28873241600451344, ""2"": 0.28308863251020605, ""3"": 0.05914106239858852, ""4"": 0.08366790467523745}"
11801137,motor,no_probes,0.025,0.04519111762763225,0.044673755643528865,0.044738260072900514,0.001581792287136815,0.0012604034093212238,0,0,"[150, 0, 0, 0, 0]","{""0"": 0.001900141883875056, ""1"": 0.043222098105669245, ""2"": 0.05737608932328845, ""3"": 0.048648623074819465, ""4"": 0.07480863575050904}"
11801137,external,uncertainty,0.025,0.015313951720432734,0.015142440643066614,0.008504305266321911,0.010016056170030454,0.008612561969311204,30,4,"[120, 8, 7, 6, 9]","{""0"": 0.0024591521223306413, ""1"": 0.011413382823127984, ""2"": 0.03584627414201535, ""3"": 0.017793957491535436, ""4"": 0.009056992023154247}"
11801137,external,random,0.025,0.015360504468551249,0.0161610198121813,0.00796347740401889,0.0058212078429905915,0.012020711742521624,30,4,"[120, 5, 4, 11, 10]","{""0"": 0.002153476503232206, ""1"": 0.018664885617817806, ""2"": 0.02788083520380778, ""3"": 0.009557643530935557, ""4"": 0.01854568148696288}"
11801137,external,cycle,0.025,0.016263990451936553,0.015681805853228925,0.005392667530581655,0.006576526853678342,0.009106271582951473,30,4,"[120, 8, 7, 8, 7]","{""0"": 0.0022981241448992926, ""1"": 0.006312651367333682, ""2"": 0.04366067445595755, ""3"": 0.010136067726746458, ""4"": 0.01891243456474578}"
11801137,external,least_seen,0.025,0.01746796166977576,0.01620765314374003,0.008960436508334144,0.006780909449396783,0.00863556828395278,30,4,"[120, 8, 7, 7, 8]","{""0"": 0.0023733544538429535, ""1"": 0.0030358619063436502, ""2"": 0.05038367664430324, ""3"": 0.022510211063846455, ""4"": 0.009036704280542528}"
11801137,external,single_action,0.025,0.11663489114394343,0.081323469166428,0.02872544543290774,0.01004056233765069,0.0038703587350610745,30,1,"[120, 30, 0, 0, 0]","{""0"": 0.08931332352405551, ""1"": 0.16178961060913225, ""2"": 0.1578458580164809, ""3"": 0.08491234004599306, ""4"": 0.08931332352405551}"
11801137,external,no_probes,0.025,0.03162510687498096,0.03387179729468295,0.029644619722664967,0.0051308972023545365,0.0020808481142170956,0,0,"[150, 0, 0, 0, 0]","{""0"": 0.002222754716144162, ""1"": 0.07046376028343738, ""2"": 0.032086589251158336, ""3"": 0.05112967540802077, ""4"": 0.002222754716144162}"
11801137,sensor,uncertainty,0.025,0.0026727175161080337,0.0010585642110607254,0.0065940601312907635,0.002102940771789913,0.001744820075496606,30,4,"[120, 7, 8, 8, 7]","{""0"": 0.0014302861798219518, ""1"": 0.0008380953719261184, ""2"": 0.0042073148281153916, ""3"": 0.003890746074489924, ""4"": 0.0029971451261867825}"
11801137,sensor,random,0.025,0.0012502485356780896,0.0007102575299797177,0.001413507681445376,0.0017975187386950198,0.0015603083560718864,30,4,"[120, 5, 4, 11, 10]","{""0"": 0.0010659018161272265, ""1"": 0.0015998713284451542, ""2"": 0.0012017991610671994, ""3"": 0.0012471593026685218, ""4"": 0.001136511070082345}"
11801137,sensor,cycle,0.025,0.00147805929566087,0.0006880360785875593,0.0017637039595661402,0.002035730293800889,0.0014485105158836137,30,4,"[120, 8, 7, 8, 7]","{""0"": 0.0012755946160378348, ""1"": 0.000841676191830005, ""2"": 0.0021631687722824967, ""3"": 0.0009925756938657354, ""4"": 0.0021172812042882776}"
11801137,sensor,least_seen,0.025,0.0026279105717207725,0.001073859960349903,0.003093657642224564,0.001802113063208304,0.0014760216002154508,30,4,"[120, 8, 7, 7, 8]","{""0"": 0.0012679599450372136, ""1"": 0.0020363661365374714, ""2"": 0.004430122766211318, ""3"": 0.0035031295309860995, ""4"": 0.001901974479831761}"
11801137,sensor,single_action,0.025,0.03630275669579753,0.027822739593142996,0.04668218863677498,0.005489215114553303,0.0012512379163296151,30,1,"[120, 30, 0, 0, 0]","{""0"": 0.004520577782691691, ""1"": 0.01593392761538291, ""2"": 0.05353433614892859, ""3"": 0.03848892806640191, ""4"": 0.06903601386558254}"
11801137,sensor,no_probes,0.025,0.046773164053472024,0.04646741536836928,0.04634201688220339,0.0016817948852065367,0.0012778231840953258,0,0,"[150, 0, 0, 0, 0]","{""0"": 0.0017986006087734726, ""1"": 0.07733729790076457, ""2"": 0.053709300317092236, ""3"": 0.04113920430786919, ""4"": 0.05988141713286063}"
11801137,motor_external,uncertainty,0.025,0.009052092439381439,0.012616647418322363,0.006332858480005114,0.016422713399897145,0.008563439309458689,30,4,"[120, 8, 7, 6, 9]","{""0"": 0.003257537917774528, ""1"": 0.005101580531218724, ""2"": 0.015489146679691349, ""3"": 0.017920985141181726, ""4"": 0.0034912119270408717}"
11801137,motor_external,random,0.025,0.011000331117792183,0.013438447384930134,0.015388441340861094,0.013668853526741125,0.01532580034182332,30,4,"[120, 5, 4, 11, 10]","{""0"": 0.003423325853978485, ""1"": 0.010289880892204223, ""2"": 0.0091051996210712, ""3"": 0.01711405574310474, ""4"": 0.015069193478602262}"
11801137,motor_external,cycle,0.025,0.010897292824638838,0.014216790380673649,0.01682925512809483,0.017071702496958482,0.011917499591194976,30,4,"[120, 8, 7, 8, 7]","{""0"": 0.003468370936314332, ""1"": 0.007318227061178494, ""2"": 0.01414240784076759, ""3"": 0.014842677846103096, ""4"": 0.014714780438830689}"
11801137,motor_external,least_seen,0.025,0.009982882830606655,0.013520441830790386,0.018345826382635568,0.017887232808538874,0.010617102464619697,30,4,"[120, 8, 7, 7, 8]","{""0"": 0.00265447376047335, ""1"": 0.006696621572428653, ""2"": 0.018305555297948514, ""3"": 0.015922568350220778, ""4"": 0.006335195171961975}"
11801137,motor_external,single_action,0.025,0.043935118007231884,0.04713467560980899,0.024538665586204825,0.021123570498345887,0.006037909607633577,30,1,"[120, 30, 0, 0, 0]","{""0"": 0.0018638148891176477, ""1"": 0.0026322712781328868, ""2"": 0.08210920042122469, ""3"": 0.02739607083362246, ""4"": 0.10567423261406168}"
11801137,motor_external,no_probes,0.025,0.03196593475692877,0.039621034576675866,0.031364811437325696,0.0051308972023545365,0.0020808481142170956,0,0,"[150, 0, 0, 0, 0]","{""0"": 0.00338575403878456, ""1"": 0.04125710176984521, ""2"": 0.003385754038784564, ""3"": 0.04267030923938622, ""4"": 0.06913075469784331}"
11801137,unknown_nonlinear,uncertainty,0.025,0.006770613745474624,0.00541279946058069,0.009347198107784508,0.0036397520446923713,0.0035516684640383793,30,4,"[120, 8, 7, 6, 9]","{""0"": 0.0010421578284175487, ""1"": 0.007959131647269023, ""2"": 0.01428616331835716, ""3"": 0.006385798811056639, ""4"": 0.004179817122272755}"
11801137,unknown_nonlinear,random,0.025,0.006638261063228429,0.005692644639744917,0.009700517793586931,0.00231727312897838,0.004498962801793456,30,4,"[120, 5, 4, 11, 10]","{""0"": 0.0010792902332609703, ""1"": 0.016735953481432603, ""2"": 0.005685258412754915, ""3"": 0.007430117124374483, ""4"": 0.0022606860643191707}"
11801137,unknown_nonlinear,cycle,0.025,0.011779245296729975,0.0086528336852993,0.013990217710926116,0.0027394307608475743,0.0038826396527052776,30,4,"[120, 8, 7, 8, 7]","{""0"": 0.0013936795553150794, ""1"": 0.0031539761549683847, ""2"": 0.038057295127652116, ""3"": 0.013633467721925493, ""4"": 0.002657807923788813}"
11801137,unknown_nonlinear,least_seen,0.025,0.008445841247054189,0.006974470310612288,0.016214582836930547,0.0031017431326112116,0.004669441349127876,30,4,"[120, 8, 7, 7, 8]","{""0"": 0.0011633216632118172, ""1"": 0.003598396149950211, ""2"": 0.026564716615204837, ""3"": 0.004774085224371232, ""4"": 0.0061286865825328435}"
11801137,unknown_nonlinear,single_action,0.025,0.033127413758232645,0.029091525529357867,0.03532253582175231,0.0025560448326777635,0.0012828147220558207,30,1,"[120, 30, 0, 0, 0]","{""0"": 0.0019048412561859602, ""1"": 0.025315937062734144, ""2"": 0.060494483246172015, ""3"": 0.04909851728593382, ""4"": 0.028823289940137314}"
11801137,unknown_nonlinear,no_probes,0.025,0.04067721300317816,0.039307920150883656,0.03497169721661245,0.001581792287136815,0.0012604034093212238,0,0,"[150, 0, 0, 0, 0]","{""0"": 0.0035639787362682918, ""1"": 0.11200832376391988, ""2"": 0.004278267448315752, ""3"": 0.055539837436784145, ""4"": 0.02799565763060274}"
11801274,none,uncertainty,0.025,0.0015111348839612162,0.0011772727331243644,0.0015700861849467754,0.0021942178326792255,0.0017458239754550699,30,4,"[120, 8, 7, 8, 7]","{""0"": 0.0006751563262642673, ""1"": 0.0011610243242732184, ""2"": 0.00091383791870035, ""3"": 0.0029397611180527155, ""4"": 0.0018658947325155292}"
11801274,none,random,0.025,0.011150307822841128,0.014447688341443039,0.00811736838825043,0.00214409044346377,0.0015568921068200574,30,4,"[120, 6, 7, 6, 11]","{""0"": 0.0034196913141251784, ""1"": 0.018456402464177107, ""2"": 0.021153929104130147, ""3"": 0.008287273090012232, ""4"": 0.004434243141760987}"
11801274,none,cycle,0.025,0.0018744420577131943,0.0015344609694158333,0.0019554472552059114,0.002434835097591107,0.0017186278647731592,30,4,"[120, 8, 7, 8, 7]","{""0"": 0.0006553602369123606, ""1"": 0.0012606042289103941, ""2"": 0.0009749576025091042, ""3"": 0.003862378032068365, ""4"": 0.0026189101881657476}"
11801274,none,least_seen,0.025,0.0014561662137495335,0.0011750168995971096,0.00209347544353128,0.0019928663010302717,0.0016720739211513295,30,4,"[120, 7, 8, 8, 7]","{""0"": 0.0006231771737314414, ""1"": 0.0016851922775081472, ""2"": 0.0011184222037034142, ""3"": 0.0021418963655157035, ""4"": 0.001712143048288961}"
11801274,none,single_action,0.025,0.03284334272153572,0.03898778364762574,0.037472858054261995,0.005194792060556202,0.002395210999142268,30,1,"[120, 30, 0, 0, 0]","{""0"": 0.0015224941271385513, ""1"": 0.03173956027611402, ""2"": 0.04831077738202766, ""3"": 0.04641551708215236, ""4"": 0.03622836474024599}"
11801274,none,no_probes,0.025,0.038721997407810814,0.039393883030830114,0.03900970192909684,0.001984323651658812,0.0015325856098209315,0,0,"[150, 0, 0, 0, 0]","{""0"": 0.0008215955488158977, ""1"": 0.0524895421754184, ""2"": 0.05937400848883253, ""3"": 0.04304076644564553, ""4"": 0.037884074380341755}"
11801274,motor,uncertainty,0.025,0.0018871865779209092,0.001170336836510247,0.001213820578477028,0.014217745538744116,0.0018305927257278583,30,4,"[120, 8, 7, 8, 7]","{""0"": 0.0009876800573857998, ""1"": 0.0014341712244316871, ""2"": 0.002742230513650534, ""3"": 0.0012349569004925936, ""4"": 0.003036894193643933}"
11801274,motor,random,0.025,0.07060850952156494,0.056360576797013805,0.012448991933388054,0.013821458197021708,0.0029831176658618374,30,4,"[120, 6, 7, 6, 11]","{""0"": 0.0031286764081289646, ""1"": 0.13510446343837684, ""2"": 0.09062656996233258, ""3"": 0.03914964787722194, ""4"": 0.08503318992176444}"
11801274,motor,cycle,0.025,0.0024221741601054545,0.0017908952233432727,0.0012386337032383816,0.01426956582100111,0.0017678082600963208,30,4,"[120, 8, 7, 8, 7]","{""0"": 0.0008089401671396117, ""1"": 0.0015269346855580825, ""2"": 0.002940648712433581, ""3"": 0.0022416524147684746, ""4"": 0.004592694820627521}"
11801274,motor,least_seen,0.025,0.0023752853058899943,0.0014281158333384165,0.0018707812016723194,0.01274137079111606,0.0016927931869374039,30,4,"[120, 7, 8, 8, 7]","{""0"": 0.0008530115113626332, ""1"": 0.0026013826935621033, ""2"": 0.0021130494874330775, ""3"": 0.0018679375119095589, ""4"": 0.004441045325182598}"
11801274,motor,single_action,0.025,0.06394199254068093,0.05509319546303846,0.0399618704720108,0.016638552337895435,0.0024782038336240266,30,1,"[120, 30, 0, 0, 0]","{""0"": 0.0009991073150365602, ""1"": 0.09573658963478428, ""2"": 0.08620709487696236, ""3"": 0.07527714647566465, ""4"": 0.061490024400956834}"
11801274,motor,no_probes,0.025,0.04803013278795117,0.048484282515266826,0.048469521086897914,0.001984323651658812,0.0015325856098209315,0,0,"[150, 0, 0, 0, 0]","{""0"": 0.0006593054606517703, ""1"": 0.05077135894925186, ""2"": 0.052730220414248796, ""3"": 0.06521182469413019, ""4"": 0.07077795442147324}"
11801274,external,uncertainty,0.025,0.00178706795337074,0.0038659796736549863,0.0015373704429304908,0.010820608734811174,0.003912023127218551,30,4,"[120, 8, 7, 8, 7]","{""0"": 0.00046718718593361533, ""1"": 0.005807879521138707, ""2"": 0.0014640243990035945, ""3"": 0.0006360580122453139, ""4"": 0.0005601906485324697}"
11801274,external,random,0.025,0.009995361583447807,0.01415704879159924,0.005834154281516118,0.010263603114855102,0.00540406250947314,30,4,"[120, 6, 7, 6, 11]","{""0"": 0.003001222214824279, ""1"": 0.033083765571086415, ""2"": 0.0018006561479091334, ""3"": 0.010211762964642131, ""4"": 0.0018794010187770727}"
11801274,external,cycle,0.025,0.001582531172007392,0.0031754910585840247,0.0012958656122554267,0.01651863993969861,0.003905950810739416,30,4,"[120, 8, 7, 8, 7]","{""0"": 0.00040795354072202305, ""1"": 0.0023723738338422124, ""2"": 0.0024611764534887676, ""3"": 0.0008690860174738434, ""4"": 0.0018020660145101144}"
11801274,external,least_seen,0.025,0.0020822521328363844,0.0038398559114170287,0.001976345387275121,0.008405808300819644,0.003979675204483414,30,4,"[120, 7, 8, 8, 7]","{""0"": 0.0004115438707425958, ""1"": 0.0035329732266247854, ""2"": 0.002088993170533216, ""3"": 0.0026168201718847466, ""4"": 0.0017609302243965785}"
11801274,external,single_action,0.025,0.022180767069389373,0.020678852057955898,0.023456840086789273,0.005074894879368932,0.0032434814488230637,30,1,"[120, 30, 0, 0, 0]","{""0"": 0.0010726243078890637, ""1"": 0.0044616759979374905, ""2"": 0.004484648300333796, ""3"": 0.04412141038242067, ""4"": 0.05676347635836585}"
11801274,external,no_probes,0.025,0.02132475650299259,0.022060899449041098,0.02418248119526067,0.0066336021566989955,0.0033726157311777458,0,0,"[150, 0, 0, 0, 0]","{""0"": 0.00048095205010419595, ""1"": 0.00048095205010419595, ""2"": 0.0061226344378469385, ""3"": 0.0502005690119644, ""4"": 0.049338674964943215}"
11801274,sensor,uncertainty,0.025,0.0015428863467611637,0.0014351884662787196,0.001680354594891287,0.003262694221436599,0.002053385746306568,30,4,"[120, 8, 7, 8, 7]","{""0"": 0.0006740979745773187, ""1"": 0.00154135921562848, ""2"": 0.0008556710008286586, ""3"": 0.0027236820310344583, ""4"": 0.001919621511736903}"
11801274,sensor,random,0.025,0.011020203488318225,0.013317233829877336,0.00811736838825043,0.0020863814153224166,0.0015717101389985226,30,4,"[120, 6, 7, 6, 11]","{""0"": 0.002760500421996681, ""1"": 0.016205427874003593, ""2"": 0.015862234599734275, ""3"": 0.011920926730153868, ""4"": 0.008351927815702717}"
11801274,sensor,cycle,0.025,0.0018489178636563004,0.0015398081486745767,0.0019554472552059114,0.003631800247492918,0.0018084255689030284,30,4,"[120, 8, 7, 8, 7]","{""0"": 0.0006544273961661288, ""1"": 0.0012418078815757618, ""2"": 0.0009799721414244878, ""3"": 0.004277801572832705, ""4"": 0.002090580326282418}"
11801274,sensor,least_seen,0.025,0.0014441963469336706,0.0011969824214763094,0.00209347544353128,0.004128699802679222,0.0017660419934287892,30,4,"[120, 7, 8, 8, 7]","{""0"": 0.0006108527898089326, ""1"": 0.0018051734595830422, ""2"": 0.0008729813394557437, ""3"": 0.002187830584348385, ""4"": 0.0017441435614722496}"
11801274,sensor,single_action,0.025,0.03376480168049573,0.030639789399209815,0.037472858054261995,0.00918851173199738,0.0024060559156154258,30,1,"[120, 30, 0, 0, 0]","{""0"": 0.006353168415632862, ""1"": 0.015562795605160976, ""2"": 0.05387509200522304, ""3"": 0.06103454177886717, ""4"": 0.03199841059759461}"
11801274,sensor,no_probes,0.025,0.03870816596369279,0.03937322350362588,0.03900970192909684,0.002095077749700525,0.0015422316665653752,0,0,"[150, 0, 0, 0, 0]","{""0"": 0.0008128074501852498, ""1"": 0.051737435629402355, ""2"": 0.060094874730448354, ""3"": 0.042496083876927555, ""4"": 0.03839962813150042}"
11801274,motor_external,uncertainty,0.025,0.0024279865068198574,0.0037111417358985034,0.001374976828681366,0.022794056272538703,0.004222173957161144,30,4,"[120, 8, 7, 8, 7]","{""0"": 0.00046622188285607314, ""1"": 0.001060985289856485, ""2"": 0.0025389426104382865, ""3"": 0.0017670191403696492, ""4"": 0.006306763610578792}"
11801274,motor_external,random,0.025,0.022050874811555706,0.033180162388785385,0.014801852358043608,0.02144150502340127,0.0070862206975281705,30,4,"[120, 6, 7, 6, 11]","{""0"": 0.00579915080536209, ""1"": 0.0053249824655744035, ""2"": 0.021718573764258137, ""3"": 0.009181345193907195, ""4"": 0.06823032182867668}"
11801274,motor_external,cycle,0.025,0.002414091746012047,0.004073099847961889,0.0017071136668877624,0.01801004302064217,0.003614214460976986,30,4,"[120, 8, 7, 8, 7]","{""0"": 0.0005307036418210494, ""1"": 0.0006832990184794727, ""2"": 0.0015833896307945784, ""3"": 0.0016495824583404306, ""4"": 0.007623483980624704}"
11801274,motor_external,least_seen,0.025,0.002113808227453342,0.003701533345381957,0.0017290375923581871,0.0186186679565888,0.004215062094133123,30,4,"[120, 7, 8, 8, 7]","{""0"": 0.00046218400431081286, ""1"": 0.0009668521564975253, ""2"": 0.001463369065389944, ""3"": 0.0028644617118307597, ""4"": 0.004812174199237666}"
11801274,motor_external,single_action,0.025,0.010745208972223336,0.009684797366511878,0.01845866953368094,0.010751988500351526,0.0021445217413795293,30,1,"[120, 30, 0, 0, 0]","{""0"": 0.0012670942289682767, ""1"": 0.020263280752036678, ""2"": 0.028934954904163063, ""3"": 0.0019936207469803857, ""4"": 0.0012670942289682767}"
11801274,motor_external,no_probes,0.025,0.019744128238917042,0.020511988657678247,0.022742940222111954,0.0066336021566989955,0.0033726157311777458,0,0,"[150, 0, 0, 0, 0]","{""0"": 0.00043854187881521827, ""1"": 0.04629394519051991, ""2"": 0.04656890498431038, ""3"": 0.004980707262124489, ""4"": 0.00043854187881521827}"
11801274,unknown_nonlinear,uncertainty,0.025,0.006039467207733945,0.006471301533632791,0.016295497089847212,0.0027273748874355698,0.003561078053862038,30,4,"[120, 8, 7, 9, 6]","{""0"": 0.0008413765342029886, ""1"": 0.003895307765225115, ""2"": 0.0035049398694308505, ""3"": 0.012080690857285003, ""4"": 0.00987502101252577}"
11801274,unknown_nonlinear,random,0.025,0.01544313056181811,0.015821737173941138,0.012531664289055527,0.005064472232150764,0.004402615823525654,30,4,"[120, 6, 7, 6, 11]","{""0"": 0.0042117352306128755, ""1"": 0.0020256331423790185, ""2"": 0.04963764448026914, ""3"": 0.01921883161561856, ""4"": 0.002121808340210954}"
11801274,unknown_nonlinear,cycle,0.025,0.0062962909806775534,0.007197599221187282,0.018323227791820055,0.0038119460702250533,0.00478399163744307,30,4,"[120, 8, 7, 8, 7]","{""0"": 0.0008500300502039558, ""1"": 0.0025920052839098835, ""2"": 0.0029023234075656675, ""3"": 0.011359938007409484, ""4"": 0.013777158154298775}"
11801274,unknown_nonlinear,least_seen,0.025,0.008310205146636194,0.007728469041962469,0.017232227001645214,0.0023615370755788053,0.0037057735394857806,30,4,"[120, 7, 8, 8, 7]","{""0"": 0.0008124748325165281, ""1"": 0.013464533201721201, ""2"": 0.0021638564179642735, ""3"": 0.017532334076257608, ""4"": 0.007577827204721361}"
11801274,unknown_nonlinear,single_action,0.025,0.038739267536605566,0.03777598692094386,0.03247126616262213,0.005194792060556202,0.002395210999142268,30,1,"[120, 30, 0, 0, 0]","{""0"": 0.002447004491826185, ""1"": 0.04901093270496915, ""2"": 0.04119635062706724, ""3"": 0.01036269880758002, ""4"": 0.09067935105158524}"
11801274,unknown_nonlinear,no_probes,0.025,0.034328915840508754,0.036571428151720944,0.03253577388983543,0.001984323651658812,0.0015325856098209315,0,0,"[150, 0, 0, 0, 0]","{""0"": 0.0007450928710694169, ""1"": 0.01315750122675135, ""2"": 0.0663233025718931, ""3"": 0.01113707215739559, ""4"": 0.08028161037543427}"
11801411,none,uncertainty,0.025,0.0018031497420093788,0.002179816816427406,0.002486368564301505,0.001298858278666456,0.0015808941799678167,30,4,"[120, 7, 8, 6, 9]","{""0"": 0.0017813619003962191, ""1"": 0.0010458960905444846, ""2"": 0.002238385608841111, ""3"": 0.003298058975598045, ""4"": 0.0006520461346670326}"
11801411,none,random,0.025,0.003013537618411242,0.0033189009123561542,0.020679769061628703,0.0013857523170653623,0.0015274466410484795,30,4,"[120, 8, 4, 9, 9]","{""0"": 0.0020750497391014474, ""1"": 0.0027835989106382627, ""2"": 0.005897396054612643, ""3"": 0.0019611259130669447, ""4"": 0.0023505174746369134}"
11801411,none,cycle,0.025,0.002608775511874402,0.001900729038912746,0.0038310157577422133,0.0014102353557516563,0.0015548152084352525,30,4,"[120, 8, 7, 8, 7]","{""0"": 0.0018619828112904375, ""1"": 0.0006643746928178489, ""2"": 0.0046844736222046235, ""3"": 0.002295420737338252, ""4"": 0.003537625695720847}"
11801411,none,least_seen,0.025,0.0023639257218186927,0.002267176303146874,0.004926681326523009,0.0013145957702978375,0.0016507835377010084,30,4,"[120, 7, 8, 8, 7]","{""0"": 0.0017352854063601578, ""1"": 0.0011838512071713119, ""2"": 0.0023464040159661766, ""3"": 0.003944178565906, ""4"": 0.0026099094136898177}"
11801411,none,single_action,0.025,0.03387260873187325,0.031858846985922534,0.05753030647848941,0.0017138403678569943,0.00261721003892291,30,1,"[120, 30, 0, 0, 0]","{""0"": 0.0030166125424041916, ""1"": 0.00648706766209365, ""2"": 0.032437818108715134, ""3"": 0.06537053577907033, ""4"": 0.06205100956708295}"
11801411,none,no_probes,0.025,0.05657196869804128,0.05768191442619545,0.05672947041440661,0.00116817533961194,0.0014354228464481386,0,0,"[150, 0, 0, 0, 0]","{""0"": 0.001688190453103815, ""1"": 0.08453899770557666, ""2"": 0.07349854809735341, ""3"": 0.06607153004058419, ""4"": 0.057062577193588294}"
11801411,motor,uncertainty,0.025,0.0044586050155446645,0.004902381528330406,0.004741295501254082,0.014241538530044413,0.002166657465313036,30,4,"[120, 8, 7, 7, 8]","{""0"": 0.00174090456144376, ""1"": 0.007841843912172958, ""2"": 0.003921468675502439, ""3"": 0.0042593958010711825, ""4"": 0.004529412127532988}"
11801411,motor,random,0.025,0.003934921082672403,0.0036971232603493767,0.01415758372617333,0.00746488781703507,0.0017240064843364127,30,4,"[120, 8, 4, 9, 9]","{""0"": 0.0017581478809176067, ""1"": 0.004651958483733594, ""2"": 0.005279629784132417, ""3"": 0.004146268664626292, ""4"": 0.0038386005999521042}"
11801411,motor,cycle,0.025,0.0033680963779614743,0.0025533121494636223,0.0027553004435856483,0.016407703894779798,0.001750333968912894,30,4,"[120, 8, 7, 8, 7]","{""0"": 0.001765676936138953, ""1"": 0.004936711525646399, ""2"": 0.0024067091821604204, ""3"": 0.0038450191665341787, ""4"": 0.0038863650793274206}"
11801411,motor,least_seen,0.025,0.003886846012685821,0.0038017725306459665,0.003197023875945317,0.016912533126747585,0.0020871138704815924,30,4,"[120, 7, 8, 8, 7]","{""0"": 0.0017232431690467167, ""1"": 0.007776966950272504, ""2"": 0.003611499499072723, ""3"": 0.0030532718073718345, ""4"": 0.003269248637665328}"
11801411,motor,single_action,0.025,0.1768483195940381,0.19394923445204698,0.05269760916410672,0.005521962476301025,0.005748945731904399,30,1,"[120, 30, 0, 0, 0]","{""0"": 0.034307264113273894, ""1"": 0.414871486873551, ""2"": 0.22045416121860417, ""3"": 0.08490885259218905, ""4"": 0.12969983317257236}"
11801411,motor,no_probes,0.025,0.05488569809868822,0.05596330463773957,0.05528669052640499,0.00116817533961194,0.0014354228464481386,0,0,"[150, 0, 0, 0, 0]","{""0"": 0.0016074249536248816, ""1"": 0.0656376132497518, ""2"": 0.05769268045855955, ""3"": 0.07244646711572854, ""4"": 0.0770443047157764}"
11801411,external,uncertainty,0.025,0.024759048325988475,0.015157538112085615,0.021624442900030055,0.010352907609469825,0.01284960656837236,30,4,"[120, 8, 7, 7, 8]","{""0"": 0.010078067916053783, ""1"": 0.03316396964836031, ""2"": 0.0110619713802224, ""3"": 0.012737563649021922, ""4"": 0.05675366903628395}"
11801411,external,random,0.025,0.03040036538507463,0.017328235096031253,0.03210483183838316,0.013099743181598587,0.012848248215613561,30,4,"[120, 8, 4, 9, 9]","{""0"": 0.01108148467605862, ""1"": 0.03327978266033451, ""2"": 0.03235977135701164, ""3"": 0.011980448373956952, ""4"": 0.06330033985801146}"
11801411,external,cycle,0.025,0.02562861685508535,0.015701479018395793,0.0246391220524539,0.010316773286440088,0.012558658709594061,30,4,"[120, 8, 7, 8, 7]","{""0"": 0.010183124810937428, ""1"": 0.029540682338685165, ""2"": 0.015584024458997559, ""3"": 0.010806580899420238, ""4"": 0.062028671767386356}"
11801411,external,least_seen,0.025,0.025884954285888443,0.017118970980538273,0.022462156884536486,0.010490510790363599,0.01236207731708437,30,4,"[120, 7, 8, 8, 7]","{""0"": 0.010263997435187121, ""1"": 0.040549501709534766, ""2"": 0.004995354301866205, ""3"": 0.011889610406376394, ""4"": 0.061726307576477735}"
11801411,external,single_action,0.025,0.06443930862111544,0.05819009821542536,0.04820854717611072,0.008038508818519419,0.0024645518478975483,30,1,"[120, 30, 0, 0, 0]","{""0"": 0.018168156850652952, ""1"": 0.07525263382682609, ""2"": 0.07488932397513458, ""3"": 0.10037405873090943, ""4"": 0.053512369722054094}"
11801411,external,no_probes,0.025,0.04539374244616423,0.03952829392614579,0.04521870937586373,0.0067016618648664825,0.002960745503030038,0,0,"[150, 0, 0, 0, 0]","{""0"": 0.010053574934960082, ""1"": 0.0427456186584885, ""2"": 0.047867708642047674, ""3"": 0.08094660546184142, ""4"": 0.04535520453348354}"
11801411,sensor,uncertainty,0.025,0.0018824950756170188,0.0021726360442202116,0.002486368564301505,0.001730881417518314,0.0016127053950629822,30,4,"[120, 7, 8, 6, 9]","{""0"": 0.0018602945619497237, ""1"": 0.001124445201384434, ""2"": 0.0022938744151580507, ""3"": 0.0034455198434953406, ""4"": 0.0006883413560975477}"
11801411,sensor,random,0.025,0.002961699160669809,0.003311003687747904,0.020679769061628706,0.0014805115582968678,0.0014985286849061516,30,4,"[120, 8, 4, 9, 9]","{""0"": 0.0020691624919579083, ""1"": 0.0025007430155930734, ""2"": 0.005805623662050165, ""3"": 0.001801118973544379, ""4"": 0.002631847660203518}"
11801411,sensor,cycle,0.025,0.002795958198707311,0.0019206820220923427,0.0038310157577422133,0.0016832472878332355,0.001557203915034384,30,4,"[120, 8, 7, 8, 7]","{""0"": 0.0020459346840493993, ""1"": 0.0007235999755251635, ""2"": 0.0049404011835373985, ""3"": 0.002386492881118684, ""4"": 0.0038833622693059074}"
11801411,sensor,least_seen,0.025,0.002652331487615649,0.002283896501427151,0.004926681326523009,0.0014239724942842096,0.001642796115022108,30,4,"[120, 7, 8, 8, 7]","{""0"": 0.002008395442638281, ""1"": 0.0014637635613624616, ""2"": 0.0026259012441097805, ""3"": 0.004111351886846341, ""4"": 0.003052245303121383}"
11801411,sensor,single_action,0.025,0.046214988224213806,0.03752527148580178,0.05753030647848941,0.002083720868096671,0.0024510534338160663,30,1,"[120, 30, 0, 0, 0]","{""0"": 0.0061584322779055616, ""1"": 0.043774881262733635, ""2"": 0.04853665665269025, ""3"": 0.05580919042398833, ""4"": 0.07679578050375126}"
11801411,sensor,no_probes,0.025,0.05697242456561695,0.05769433479853256,0.05672947041440661,0.0013687928780420039,0.001431032572774945,0,0,"[150, 0, 0, 0, 0]","{""0"": 0.002109349960649839, ""1"": 0.08632917529175131, ""2"": 0.0724983468021948, ""3"": 0.06844173023580001, ""4"": 0.05548352053768881}"
11801411,motor_external,uncertainty,0.025,0.024591113840446235,0.016548345111123533,0.01361992038647566,0.018486873597679143,0.012985876739100077,30,4,"[120, 8, 7, 7, 8]","{""0"": 0.006392613995447977, ""1"": 0.009964724704027253, ""2"": 0.05330269520238597, ""3"": 0.0015110767114798578, ""4"": 0.051784458588890116}"
11801411,motor_external,random,0.025,0.027723518312746453,0.025315318498910538,0.016487452817584045,0.015962302095766642,0.013712807100364006,30,4,"[120, 8, 4, 9, 9]","{""0"": 0.00743978279063134, ""1"": 0.006545008449621807, ""2"": 0.0985921804929456, ""3"": 0.010720771554522559, ""4"": 0.015319848276010975}"
11801411,motor_external,cycle,0.025,0.01954900631861657,0.014290341295125235,0.010013616230226861,0.016346410823905196,0.009419883215748298,30,4,"[120, 8, 7, 8, 7]","{""0"": 0.005554988987137789, ""1"": 0.009993512058836121, ""2"": 0.05136900934745739, ""3"": 0.011940072294649455, ""4"": 0.018887448905002126}"
11801411,motor_external,least_seen,0.025,0.017660579286108848,0.01237526947603786,0.009663251268058577,0.01956852740398839,0.010640034534792285,30,4,"[120, 7, 8, 8, 7]","{""0"": 0.00563518196173899, ""1"": 0.016982026807325832, ""2"": 0.03433960530961621, ""3"": 0.010413571795959487, ""4"": 0.02093251055590371}"
11801411,motor_external,single_action,0.025,0.04576634996611428,0.030081503437458856,0.02682486652656873,0.008978236889817968,0.0014306133206847978,30,1,"[120, 30, 0, 0, 0]","{""0"": 0.012780914277783597, ""1"": 0.07619214585011787, ""2"": 0.04983335970413427, ""3"": 0.07724441572075202, ""4"": 0.012780914277783597}"
11801411,motor_external,no_probes,0.025,0.0351082568512907,0.0340266575593166,0.033639387402232344,0.0067016618648664825,0.002960745503030038,0,0,"[150, 0, 0, 0, 0]","{""0"": 0.0054881879433372445, ""1"": 0.07951371293121712, ""2"": 0.03579240110322839, ""3"": 0.0492587943353335, ""4"": 0.0054881879433372445}"
11801411,unknown_nonlinear,uncertainty,0.025,0.009899253063010023,0.010961986440960168,0.021573976371029594,0.002976785503345884,0.004386508541852599,30,4,"[120, 8, 7, 6, 9]","{""0"": 0.002288012025410161, ""1"": 0.01000221338953834, ""2"": 0.011017608374853376, ""3"": 0.011401491972071798, ""4"": 0.014786939553176443}"
11801411,unknown_nonlinear,random,0.025,0.011334806774375834,0.011611234971345327,0.01606752828960846,0.0015804406379255117,0.0027681963948119636,30,4,"[120, 8, 4, 9, 9]","{""0"": 0.002205223977479046, ""1"": 0.0029234245815258192, ""2"": 0.02796839164606076, ""3"": 0.010254977519340654, ""4"": 0.013322016147472887}"
11801411,unknown_nonlinear,cycle,0.025,0.0158423504737896,0.015407255549577607,0.0268184513599719,0.0032124042900427414,0.004534824972559476,30,4,"[120, 8, 7, 8, 7]","{""0"": 0.0025823688332513297, ""1"": 0.005677484213060194, ""2"": 0.02927825197884583, ""3"": 0.03846648030399902, ""4"": 0.003207167039791636}"
11801411,unknown_nonlinear,least_seen,0.025,0.00978495070313209,0.01094461205132419,0.027463433459419276,0.002969840711906539,0.0051299607619028015,30,4,"[120, 7, 8, 8, 7]","{""0"": 0.0015980844311243843, ""1"": 0.014507565541886154, ""2"": 0.011445952810560074, ""3"": 0.015305824667149614, ""4"": 0.006067326064940221}"
11801411,unknown_nonlinear,single_action,0.025,0.02681974364548741,0.028349534729512203,0.032669163035322926,0.0016836193642076336,0.0026073797892418845,30,1,"[120, 30, 0, 0, 0]","{""0"": 0.002151538675069445, ""1"": 0.010694914320555755, ""2"": 0.032857160123834876, ""3"": 0.07196567025845806, ""4"": 0.01642943484951893}"
11801411,unknown_nonlinear,no_probes,0.025,0.03895811422337928,0.039267094448476265,0.035752719386368134,0.00116817533961194,0.0014354228464481386,0,0,"[150, 0, 0, 0, 0]","{""0"": 0.0014424495974003618, ""1"": 0.09705119662292094, ""2"": 0.006840828170234459, ""3"": 0.07553166187759854, ""4"": 0.013924434848742088}"
11801548,none,uncertainty,0.025,0.0016883465665069816,0.0011801203010258531,0.0018265191102977457,0.0018790619342598867,0.0019555952282679467,30,4,"[120, 9, 6, 7, 8]","{""0"": 0.0010428676623062698, ""1"": 0.0022117790658264594, ""2"": 0.0018860281026639655, ""3"": 0.001423589176186883, ""4"": 0.0018774688255513313}"
11801548,none,random,0.025,0.006243852487296142,0.005171713448465511,0.02850785576623482,0.002966086075679125,0.0017293528675256368,30,4,"[120, 9, 8, 5, 8]","{""0"": 0.0021952675704607345, ""1"": 0.011573785468060127, ""2"": 0.005368088821221806, ""3"": 0.0016172221956638818, ""4"": 0.01046489838107417}"
11801548,none,cycle,0.025,0.0026299023089231106,0.0018062654061765057,0.002717382738226236,0.001909160268601288,0.0016697219878340872,30,4,"[120, 8, 7, 8, 7]","{""0"": 0.0011165703765957824, ""1"": 0.005048277754872929, ""2"": 0.003340815125122744, ""3"": 0.0013829297093189462, ""4"": 0.0022609185787051483}"
11801548,none,least_seen,0.025,0.002675714286160197,0.002160321731270292,0.0035310541562211186,0.0018833741379215437,0.0017304750628001806,30,4,"[120, 8, 7, 7, 8]","{""0"": 0.001394593112120125, ""1"": 0.0036615180212946144, ""2"": 0.0025677345414053627, ""3"": 0.00196458821917352, ""4"": 0.003790137536807365}"
11801548,none,single_action,0.025,0.024690758403093805,0.02132746769524598,0.039619647230055,0.002114735767345397,0.0015101798157315337,30,1,"[120, 30, 0, 0, 0]","{""0"": 0.0009005207213088947, ""1"": 0.0021882317276964596, ""2"": 0.0020624070999107984, ""3"": 0.06182710649197065, ""4"": 0.056475525974582226}"
11801548,none,no_probes,0.025,0.04136126416330463,0.04179851019656003,0.03992602884321407,0.001727078599014546,0.0015041869121883407,0,0,"[150, 0, 0, 0, 0]","{""0"": 0.002522408314054096, ""1"": 0.04515675489223864, ""2"": 0.037491014107178026, ""3"": 0.07907311290865641, ""4"": 0.04256303059439598}"
11801548,motor,uncertainty,0.025,0.007685151462386862,0.007822292521445676,0.0063061473147459045,0.014378078196561722,0.0023921599121912687,30,4,"[120, 8, 7, 7, 8]","{""0"": 0.002680296465556817, ""1"": 0.00872489376672621, ""2"": 0.003325171020639445, ""3"": 0.0038307560977365006, ""4"": 0.019864639961275337}"
11801548,motor,random,0.025,0.12888429647272368,0.11216109945923232,0.028037695201489472,0.013307956365614278,0.002367734810689561,30,4,"[120, 9, 8, 5, 8]","{""0"": 0.0036148071549111545, ""1"": 0.21060901514385902, ""2"": 0.22536381760423194, ""3"": 0.07270393385476452, ""4"": 0.13212990860585175}"
11801548,motor,cycle,0.025,0.0030035026866529163,0.0025286554471765587,0.002814974745190769,0.012041425175397724,0.0019342559246511,30,4,"[120, 8, 7, 8, 7]","{""0"": 0.0013955587079685638, ""1"": 0.0022989150832873288, ""2"": 0.00420304364436006, ""3"": 0.0032679013414753395, ""4"": 0.003852094656173291}"
11801548,motor,least_seen,0.025,0.006231983011104258,0.0049809956163868185,0.005496284671748997,0.014239858007959507,0.0020807256537392084,30,4,"[120, 8, 7, 7, 8]","{""0"": 0.00262542276468675, ""1"": 0.0017867529967963592, ""2"": 0.0064090820324716235, ""3"": 0.0053530747739791535, ""4"": 0.014985582487587404}"
11801548,motor,single_action,0.025,0.035218175143194294,0.045299141288691946,0.03889635365377734,0.006127836241290046,0.012231411905153923,30,1,"[120, 30, 0, 0, 0]","{""0"": 0.001922905543336294, ""1"": 0.062490003863049, ""2"": 0.042973328633820085, ""3"": 0.03334680549093681, ""4"": 0.03535783218482932}"
11801548,motor,no_probes,0.025,0.03659539528210143,0.0368708072220818,0.034109816771209306,0.001727078599014546,0.0015041869121883407,0,0,"[150, 0, 0, 0, 0]","{""0"": 0.0038369632673757492, ""1"": 0.07556911386063168, ""2"": 0.03137982328955639, ""3"": 0.02936296660789321, ""4"": 0.04282810938505011}"
11801548,external,uncertainty,0.025,0.00771879325331147,0.009327627921008963,0.006680046560985079,0.011219964942998923,0.009299634106248348,30,4,"[120, 8, 7, 7, 8]","{""0"": 0.0035013566401711264, ""1"": 0.002029737612474663, ""2"": 0.013476692929510712, ""3"": 0.011536295341184359, ""4"": 0.008049883743216484}"
11801548,external,random,0.025,0.01022267251394541,0.011572423380779222,0.007614919204378756,0.008201528953505885,0.0136542204493001,30,4,"[120, 9, 8, 5, 8]","{""0"": 0.004224073092508247, ""1"": 0.00344040814005001, ""2"": 0.021787546712894876, ""3"": 0.006079392060343192, ""4"": 0.015581942563930718}"
11801548,external,cycle,0.025,0.008336257618918812,0.010400014463731596,0.006536419000908832,0.010089260490213992,0.012810144046538656,30,4,"[120, 8, 7, 8, 7]","{""0"": 0.003601865609103839, ""1"": 0.001811007979989947, ""2"": 0.01308754818710521, ""3"": 0.019488360713809074, ""4"": 0.003692505604585976}"
11801548,external,least_seen,0.025,0.012232086825931006,0.010697505549804214,0.007514636152614796,0.01202275799319104,0.00939689810902757,30,4,"[120, 8, 7, 7, 8]","{""0"": 0.003323030965824595, ""1"": 0.0027034390181850643, ""2"": 0.02128921685245604, ""3"": 0.03162020349309816, ""4"": 0.002224543800091168}"
11801548,external,single_action,0.025,0.022223579886896584,0.026572998253495093,0.020945235850934902,0.014245165773789106,0.0018232862715009826,30,1,"[120, 30, 0, 0, 0]","{""0"": 0.003594956731100833, ""1"": 0.016459193429465984, ""2"": 0.053177460252039836, ""3"": 0.0035949567311008537, ""4"": 0.03429133229077542}"
11801548,external,no_probes,0.025,0.021858377916505762,0.02561262394592016,0.020643196882145522,0.006015212232109258,0.002448520027569271,0,0,"[150, 0, 0, 0, 0]","{""0"": 0.003296451138562684, ""1"": 0.015163497555782729, ""2"": 0.05345357417900717, ""3"": 0.003296451138562703, ""4"": 0.03408191557061354}"
11801548,sensor,uncertainty,0.025,0.0015865536645589425,0.0009640144133390659,0.002078937241214782,0.0018575601423034428,0.001998849529363166,30,4,"[120, 9, 6, 8, 7]","{""0"": 0.0009671132495888144, ""1"": 0.002288378867205725, ""2"": 0.0024319277369750174, ""3"": 0.0013076565265246077, ""4"": 0.0009376919425005478}"
11801548,sensor,random,0.025,0.005447966463970668,0.004419739984832377,0.02850785576623482,0.003375269234258846,0.0017416802933156975,30,4,"[120, 9, 8, 5, 8]","{""0"": 0.0019203005611240639, ""1"": 0.009276714886426398, ""2"": 0.003902938950528557, ""3"": 0.0019566840908819055, ""4"": 0.010183193830892416}"
11801548,sensor,cycle,0.025,0.0025757310883058535,0.0018601333957143065,0.002717382738226236,0.0019198400748464796,0.001675948181096883,30,4,"[120, 8, 7, 8, 7]","{""0"": 0.0011047663026248526, ""1"": 0.005018196164859147, ""2"": 0.0032580119646945537, ""3"": 0.0013408728261599416, ""4"": 0.0021568081831907734}"
11801548,sensor,least_seen,0.025,0.002731205309802582,0.002209884292187963,0.0035310541562211186,0.0018418752484559626,0.001813869418836889,30,4,"[120, 8, 7, 7, 8]","{""0"": 0.0014921010192195348, ""1"": 0.0038730957018104756, ""2"": 0.0024008998654947767, ""3"": 0.0015936323708046335, ""4"": 0.004296297591683489}"
11801548,sensor,single_action,0.025,0.024770663757075775,0.020889458274063823,0.039619647230055,0.002449574576041724,0.0015504200924408677,30,1,"[120, 30, 0, 0, 0]","{""0"": 0.0010203960953738408, ""1"": 0.002677425434949199, ""2"": 0.0016121800489604307, ""3"": 0.06350664398888142, ""4"": 0.055036673217213984}"
11801548,sensor,no_probes,0.025,0.04134197032761999,0.04190439091755389,0.03992602884321407,0.0017287632228739486,0.0015296337479379538,0,0,"[150, 0, 0, 0, 0]","{""0"": 0.002502592699753011, ""1"": 0.045119647117825984, ""2"": 0.03748988198570571, ""3"": 0.07886481634568486, ""4"": 0.04273291348913039}"
11801548,motor_external,uncertainty,0.025,0.011522384600916931,0.009990559931574038,0.0020429060284231125,0.021802150229939362,0.013177840334036038,30,4,"[120, 8, 7, 7, 8]","{""0"": 0.0012178127995115069, ""1"": 0.022503640700292125, ""2"": 0.003888001519312536, ""3"": 0.01317821823398159, ""4"": 0.016824249751486907}"
11801548,motor_external,random,0.025,0.01343138644006144,0.011623453117343663,0.006111115932510789,0.020446416774214753,0.00957333506723748,30,4,"[120, 9, 8, 5, 8]","{""0"": 0.0014565483453921483, ""1"": 0.005429764498124709, ""2"": 0.02060030946210748, ""3"": 0.006582878510517969, ""4"": 0.03308743138416488}"
11801548,motor_external,cycle,0.025,0.012375454877503418,0.011120594256044223,0.0019248334543189452,0.018354922977716234,0.012211464612485807,30,4,"[120, 8, 7, 8, 7]","{""0"": 0.001215018000215458, ""1"": 0.027553511498018546, ""2"": 0.0024845454592831444, ""3"": 0.008805784842596911, ""4"": 0.021818414587403034}"
11801548,motor_external,least_seen,0.025,0.010646623403620669,0.009658272320270191,0.0017305885345726508,0.014239156461002413,0.00993967358377519,30,4,"[120, 8, 7, 7, 8]","{""0"": 0.0011841738334349668, ""1"": 0.00824068136643053, ""2"": 0.012842911324332221, ""3"": 0.00850202925397304, ""4"": 0.022463321239932593}"
11801548,motor_external,single_action,0.025,0.014897213802921036,0.016195201834262225,0.016287827246638662,0.03565468323803344,0.0025699770132422395,30,1,"[120, 30, 0, 0, 0]","{""0"": 0.0011238289737208497, ""1"": 0.002250108447551987, ""2"": 0.019470190711336394, ""3"": 0.0505181119082751, ""4"": 0.0011238289737208497}"
11801548,motor_external,no_probes,0.025,0.01825006314642495,0.01861091212100548,0.016251342352003074,0.006015212232109258,0.002448520027569271,0,0,"[150, 0, 0, 0, 0]","{""0"": 0.0012590954519982262, ""1"": 0.0012590954519982262, ""2"": 0.035031697878883966, ""3"": 0.05244133149724609, ""4"": 0.0012590954519982262}"
11801548,unknown_nonlinear,uncertainty,0.025,0.015660895900960835,0.01180314285203175,0.01969270467860344,0.006041833530238073,0.0027999674571850294,30,4,"[120, 8, 7, 8, 7]","{""0"": 0.001188946831468248, ""1"": 0.01867486618068896, ""2"": 0.013168866414376952, ""3"": 0.016030430361460235, ""4"": 0.029241369716809792}"
11801548,unknown_nonlinear,random,0.025,0.01561333556768993,0.012386090266971635,0.04535066588653774,0.004102576966989647,0.0028987459921765535,30,4,"[120, 9, 8, 5, 8]","{""0"": 0.001764170024834681, ""1"": 0.01629603599703744, ""2"": 0.014673093962279652, ""3"": 0.023867304483482815, ""4"": 0.02146607337081506}"
11801548,unknown_nonlinear,cycle,0.025,0.013857210329190666,0.012553340453919776,0.02056964890243053,0.006258935886620393,0.003102066967451049,30,4,"[120, 8, 7, 8, 7]","{""0"": 0.001211456226976693, ""1"": 0.019413199882100347, ""2"": 0.009277278154775841, ""3"": 0.01897084695228652, ""4"": 0.02041327042981392}"
11801548,unknown_nonlinear,least_seen,0.025,0.0151540881980396,0.009794562697283727,0.021558484231207767,0.005076507807812477,0.0032812266856280027,30,4,"[120, 8, 7, 7, 8]","{""0"": 0.0011503479154626982, ""1"": 0.015487559785798596, ""2"": 0.01207221456307038, ""3"": 0.017020265088730297, ""4"": 0.030040053637136032}"
11801548,unknown_nonlinear,single_action,0.025,0.03019839868610242,0.029175562805084168,0.039149860494665074,0.0020981759225212663,0.0014940110591540382,30,1,"[120, 30, 0, 0, 0]","{""0"": 0.0011075843695650344, ""1"": 0.024532869985084627, ""2"": 0.02171112887923865, ""3"": 0.0528787575700776, ""4"": 0.050761652626546215}"
11801548,unknown_nonlinear,no_probes,0.025,0.04519258745897484,0.04463733178335525,0.0395252915810725,0.001727078599014546,0.0015041869121883407,0,0,"[150, 0, 0, 0, 0]","{""0"": 0.0034776011441736763, ""1"": 0.06852175715833987, ""2"": 0.05542834721301069, ""3"": 0.06502424245377587, ""4"": 0.03351098932557408}"
11801685,none,uncertainty,0.025,0.002159227713019373,0.0011787536306943447,0.002701952685389399,0.00156339675738459,0.0016984745044784301,30,4,"[120, 9, 6, 7, 8]","{""0"": 0.0015904396554850813, ""1"": 0.002969135668022864, ""2"": 0.002337056287632649, ""3"": 0.001960242714489083, ""4"": 0.0019392642394671887}"
11801685,none,random,0.025,0.002986112263267171,0.0014521270877794043,0.012225799654917623,0.0015180853402806133,0.0017327988538347254,30,4,"[120, 8, 7, 8, 7]","{""0"": 0.0016619616051203115, ""1"": 0.002762366334470048, ""2"": 0.002327129426933828, ""3"": 0.0032058083977612116, ""4"": 0.004973295552050454}"
11801685,none,cycle,0.025,0.002260005956879692,0.001466190571312022,0.0026974425435041427,0.0015259418581673751,0.0013896964995788498,30,4,"[120, 8, 7, 8, 7]","{""0"": 0.0015735703447639466, ""1"": 0.0031622754023653958, ""2"": 0.002030176247589917, ""3"": 0.0017314734450123578, ""4"": 0.0028025343446668426}"
11801685,none,least_seen,0.025,0.0027159498196814317,0.0012153711380264447,0.0030336174921960003,0.0016815127962770335,0.0015078559548355602,30,4,"[120, 8, 7, 8, 7]","{""0"": 0.0015675539855295139, ""1"": 0.0038588666632219507, ""2"": 0.0028402027088349144, ""3"": 0.0026967507181072776, ""4"": 0.002616375022713502}"
11801685,none,single_action,0.025,0.023549593085300153,0.019256988137639645,0.03908576230495223,0.0016247135963438027,0.0013132470782100344,30,1,"[120, 30, 0, 0, 0]","{""0"": 0.0019827633064275203, ""1"": 0.002094821828181616, ""2"": 0.002975010905404265, ""3"": 0.044138900801596666, ""4"": 0.06655646858489066}"
11801685,none,no_probes,0.025,0.03778440764969269,0.037767867229686204,0.03789351306544607,0.001295297000029241,0.0012728077160648016,0,0,"[150, 0, 0, 0, 0]","{""0"": 0.0019182138194276308, ""1"": 0.04208562626466409, ""2"": 0.03432247870295032, ""3"": 0.060327816940816216, ""4"": 0.05026790252060515}"
11801685,motor,uncertainty,0.025,0.0061840351003957334,0.004936914770436471,0.006588321191549886,0.014978265691582908,0.0017746090204811067,30,4,"[120, 8, 7, 6, 9]","{""0"": 0.001968987012688494, ""1"": 0.0046774859149853595, ""2"": 0.007545017774255197, ""3"": 0.005660447380071476, ""4"": 0.011068237419978137}"
11801685,motor,random,0.025,0.019305119358407265,0.016896055957462287,0.01042902683010713,0.010689387350407554,0.001607199891975885,30,4,"[120, 8, 7, 8, 7]","{""0"": 0.0019220290130279906, ""1"": 0.007450777563975004, ""2"": 0.010834429985274077, ""3"": 0.03181326441953112, ""4"": 0.04450509581022812}"
11801685,motor,cycle,0.025,0.003693562705617199,0.0022559311630588803,0.003517718266668858,0.013689171935637926,0.0014662085990241659,30,4,"[120, 8, 7, 8, 7]","{""0"": 0.0018580690692863956, ""1"": 0.002527323030290419, ""2"": 0.004659957403987916, ""3"": 0.003556177370130273, ""4"": 0.0058662866543909885}"
11801685,motor,least_seen,0.025,0.0047124442837363605,0.003574576469861794,0.0027849627363343865,0.012773270412722906,0.0015289829133220095,30,4,"[120, 8, 7, 8, 7]","{""0"": 0.0015579683979961973, ""1"": 0.0037951461315675894, ""2"": 0.004803066131791249, ""3"": 0.006355965174988072, ""4"": 0.007050075582338694}"
11801685,motor,single_action,0.025,0.048356808990464024,0.06196427603051713,0.04608920477385562,0.005960095498681509,0.011483619315176608,30,1,"[120, 30, 0, 0, 0]","{""0"": 0.002378326696203466, ""1"": 0.08394594524046335, ""2"": 0.0752499747526252, ""3"": 0.040564565417161524, ""4"": 0.03964523284586658}"
11801685,motor,no_probes,0.025,0.03969991520932966,0.03967901555237273,0.03971568164432355,0.001295297000029241,0.0012728077160648016,0,0,"[150, 0, 0, 0, 0]","{""0"": 0.0019009965930328811, ""1"": 0.06469737760655224, ""2"": 0.05351332155711388, ""3"": 0.035647111389818284, ""4"": 0.04274076890013096}"
11801685,external,uncertainty,0.025,0.004077026457678762,0.005709216343506595,0.001620108320048663,0.01368746522674717,0.002375545125333851,30,4,"[120, 7, 8, 7, 8]","{""0"": 0.0010850045500545638, ""1"": 0.0018227784615972732, ""2"": 0.0008858844721509984, ""3"": 0.001663524948710869, ""4"": 0.014927939855880104}"
11801685,external,random,0.025,0.002247807807013414,0.0024757550935627483,0.0030845146784653104,0.007156635333679003,0.0025894645465881294,30,4,"[120, 8, 7, 8, 7]","{""0"": 0.0011068966585500342, ""1"": 0.001035391613268638, ""2"": 0.0019930477249125917, ""3"": 0.003980599620062412, ""4"": 0.0031231034182733954}"
11801685,external,cycle,0.025,0.00417841704547434,0.00703061433484742,0.001837774481316959,0.013088206412009775,0.0027252567627293247,30,4,"[120, 8, 7, 8, 7]","{""0"": 0.0009604759281045122, ""1"": 0.0010238761376752936, ""2"": 0.0011266854754091269, ""3"": 0.0016333904261109685, ""4"": 0.016147657260071797}"
11801685,external,least_seen,0.025,0.003940530004735449,0.005061709214131067,0.0014821785921805418,0.012846315477337578,0.0031206507090009426,30,4,"[120, 8, 7, 8, 7]","{""0"": 0.0010221359970048352, ""1"": 0.0009812136147751948, ""2"": 0.0012310884101077349, ""3"": 0.0013583924730978063, ""4"": 0.015109819528691677}"
11801685,external,single_action,0.025,0.03103765840212329,0.025648512784664852,0.03912542449243949,0.008887049291913186,0.0024067927791329075,30,1,"[120, 30, 0, 0, 0]","{""0"": 0.005374858365217017, ""1"": 0.0404738909464591, ""2"": 0.08233084597252265, ""3"": 0.021633838361200666, ""4"": 0.005374858365217017}"
11801685,external,no_probes,0.025,0.03948869014245117,0.03965657366677514,0.03875174276514574,0.008453582502575895,0.0014013269994428285,0,0,"[150, 0, 0, 0, 0]","{""0"": 0.001146668244658129, ""1"": 0.09107944674221398, ""2"": 0.08998120328280894, ""3"": 0.01408946419791674, ""4"": 0.001146668244658129}"
11801685,sensor,uncertainty,0.025,0.004093579389713716,0.0022064671114013826,0.0056335181874228235,0.002746156802104488,0.002134186633540301,30,4,"[120, 8, 7, 6, 9]","{""0"": 0.001632293021676551, ""1"": 0.008095998162387355, ""2"": 0.004294130111177034, ""3"": 0.0032673723382741515, ""4"": 0.003178103315053486}"
11801685,sensor,random,0.025,0.003022232386829372,0.0013775004475005692,0.012225799654917623,0.002892732115843273,0.0016753832399689318,30,4,"[120, 8, 7, 8, 7]","{""0"": 0.0016431671781447048, ""1"": 0.0029753783599142155, ""2"": 0.0023163532207769607, ""3"": 0.0031878201156877103, ""4"": 0.004988443059623269}"
11801685,sensor,cycle,0.025,0.002423223444562813,0.0014447845556229781,0.0026974425435041427,0.0027717812977094804,0.0014709273516759944,30,4,"[120, 8, 7, 8, 7]","{""0"": 0.0015840419288352186, ""1"": 0.003134624641866304, ""2"": 0.002090284174933173, ""3"": 0.0017374979143430622, ""4"": 0.00356966856283631}"
11801685,sensor,least_seen,0.025,0.002688775184143406,0.0011903293675430307,0.0030336174921960003,0.0033117017774503903,0.0015412285929339456,30,4,"[120, 8, 7, 8, 7]","{""0"": 0.0015577005554124345, ""1"": 0.004029634463182446, ""2"": 0.0025533177393928016, ""3"": 0.0026009271199834297, ""4"": 0.0027022960427459195}"
11801685,sensor,single_action,0.025,0.023284897867306597,0.01909550233787504,0.03908576230495223,0.0018000341979162568,0.0013702039108126887,30,1,"[120, 30, 0, 0, 0]","{""0"": 0.0016113086724616405, ""1"": 0.0027226449619931503, ""2"": 0.0021758351760110574, ""3"": 0.04753170640589834, ""4"": 0.06238299412016879}"
11801685,sensor,no_probes,0.025,0.03780198207697118,0.037767372080528654,0.03789351306544607,0.0013558386516435439,0.0012938419941208275,0,0,"[150, 0, 0, 0, 0]","{""0"": 0.0019451372586596894, ""1"": 0.040958049899969845, ""2"": 0.0354842622564226, ""3"": 0.0614104726058964, ""4"": 0.04921198836390739}"
11801685,motor_external,uncertainty,0.025,0.0047855434794502215,0.0072818227806540825,0.0023442337075438905,0.02304830065075144,0.003222941870224295,30,4,"[120, 8, 7, 8, 7]","{""0"": 0.0013742880390633086, ""1"": 0.003703910207471983, ""2"": 0.01548706543507719, ""3"": 0.0011533707371016429, ""4"": 0.0022090829785369817}"
11801685,motor_external,random,0.025,0.011674899528284563,0.017046044910616624,0.022120116607721698,0.012810635790498763,0.004600743641459537,30,4,"[120, 8, 7, 8, 7]","{""0"": 0.0036181041581466087, ""1"": 0.0044866950904853846, ""2"": 0.031351862213440586, ""3"": 0.016883908576582975, ""4"": 0.0020339276027672632}"
11801685,motor_external,cycle,0.025,0.0051636672142985835,0.00821217956589062,0.0024623017243328377,0.020483008100311815,0.0025990565516275277,30,4,"[120, 8, 7, 8, 7]","{""0"": 0.001270712013775794, ""1"": 0.003251122384579967, ""2"": 0.01719101326303007, ""3"": 0.0017666708492218661, ""4"": 0.002338817560885219}"
11801685,motor_external,least_seen,0.025,0.004469480119612439,0.0076552720451166685,0.0014775397056868834,0.02354128669506851,0.0024157522728462067,30,4,"[120, 8, 7, 8, 7]","{""0"": 0.0014566936429863291, ""1"": 0.004048338320311034, ""2"": 0.013074319709124054, ""3"": 0.0019783385470715383, ""4"": 0.001789710378569236}"
11801685,motor_external,single_action,0.025,0.06398400826344863,0.05522760311086565,0.039942462500112165,0.006927852655769652,0.008474705966242333,30,1,"[120, 30, 0, 0, 0]","{""0"": 0.0023753065292356178, ""1"": 0.02964917388845791, ""2"": 0.09888196441805959, ""3"": 0.10583294236801517, ""4"": 0.0831806541134749}"
11801685,motor_external,no_probes,0.025,0.04166861046440011,0.0434857241468258,0.04024405124247154,0.008453582502575895,0.0014013269994428285,0,0,"[150, 0, 0, 0, 0]","{""0"": 0.0014960658258227552, ""1"": 0.01808739852799071, ""2"": 0.0014960658258227552, ""3"": 0.09304515708485062, ""4"": 0.09421836505751376}"
11801685,unknown_nonlinear,uncertainty,0.025,0.008707457054838367,0.005524904653475057,0.01716710622889309,0.0041611494862885574,0.0028940403853987356,30,4,"[120, 8, 7, 8, 7]","{""0"": 0.001849999983684626, ""1"": 0.003575963587948578, ""2"": 0.0023244000256632054, ""3"": 0.014857604419324025, ""4"": 0.02092931725757141}"
11801685,unknown_nonlinear,random,0.025,0.008272655166495536,0.0062620031668271904,0.013112118100838715,0.001806200861974936,0.004984089082780361,30,4,"[120, 8, 7, 8, 7]","{""0"": 0.001584609416589721, ""1"": 0.004429655739095497, ""2"": 0.003581546062312197, ""3"": 0.02147519103542435, ""4"": 0.010292273579055922}"
11801685,unknown_nonlinear,cycle,0.025,0.00838992940378675,0.00630027548975248,0.016340287403655125,0.003350796168291417,0.0033250894574218407,30,4,"[120, 8, 7, 8, 7]","{""0"": 0.001766959319706115, ""1"": 0.004816701427757934, ""2"": 0.0019431103862297065, ""3"": 0.019741048550720362, ""4"": 0.013681827334519637}"
11801685,unknown_nonlinear,least_seen,0.025,0.008068268324783546,0.0056435933677013665,0.01978969236773287,0.003293675124348624,0.003948063421020704,30,4,"[120, 8, 7, 8, 7]","{""0"": 0.001883465023835765, ""1"": 0.002990296390393714, ""2"": 0.0029257939960191195, ""3"": 0.015316071214860394, ""4"": 0.01722571499880874}"
11801685,unknown_nonlinear,single_action,0.025,0.023184702383239983,0.021307175173477428,0.035847432839873135,0.0016805194597827164,0.0012995247971276348,30,1,"[120, 30, 0, 0, 0]","{""0"": 0.001621635933103771, ""1"": 0.01047364191406575, ""2"": 0.005913883126341948, ""3"": 0.04205025404978768, ""4"": 0.05586409689290075}"
11801685,unknown_nonlinear,no_probes,0.025,0.036263993305329395,0.035302112980958575,0.03455828000654791,0.001295297000029241,0.0012728077160648016,0,0,"[150, 0, 0, 0, 0]","{""0"": 0.0014719743728070307, ""1"": 0.05146974500611389, ""2"": 0.037918653416863346, ""3"": 0.04855814881561175, ""4"": 0.04190144491525095}"
11801822,none,uncertainty,0.025,0.0068534794315964495,0.0028680074459589582,0.021120189329879142,0.0016325519670413041,0.0017904829140907368,30,4,"[120, 9, 6, 7, 8]","{""0"": 0.001990603431462724, ""1"": 0.0067450411410386315, ""2"": 0.0026547725926100297, ""3"": 0.012687600474964915, ""4"": 0.010189379517905946}"
11801822,none,random,0.025,0.0029252365044128027,0.002346860572692546,0.004775024323375646,0.0018615057152034228,0.001433967651998591,30,4,"[120, 8, 7, 9, 6]","{""0"": 0.0013569613888730024, ""1"": 0.001611103507568986, ""2"": 0.0022620323124875907, ""3"": 0.004404363858594937, ""4"": 0.004991721454539497}"
11801822,none,cycle,0.025,0.003606136825409381,0.001156382817472857,0.006522571648476996,0.0013913007549514686,0.0015773141824621225,30,4,"[120, 8, 7, 8, 7]","{""0"": 0.001768509839804753, ""1"": 0.00424858207907798, ""2"": 0.0017916197135470846, ""3"": 0.005758732796837292, ""4"": 0.0044632396977797965}"
11801822,none,least_seen,0.025,0.0027909079437095762,0.0007584646701078602,0.00357537640879218,0.0016427292575250884,0.001575736029996745,30,4,"[120, 8, 7, 8, 7]","{""0"": 0.0017561731440254205, ""1"": 0.002654931201813513, ""2"": 0.0015632679791155442, ""3"": 0.003947032388949718, ""4"": 0.004033135004643681}"
11801822,none,single_action,0.025,0.03019969909459523,0.030613611809659762,0.056393420871746695,0.0014548326088889014,0.0021941020464375962,30,1,"[120, 30, 0, 0, 0]","{""0"": 0.0017282080275550261, ""1"": 0.0113366213435861, ""2"": 0.011653293146989636, ""3"": 0.06765429127558283, ""4"": 0.05862608167926259}"
11801822,none,no_probes,0.025,0.05958629342507952,0.058992362503790925,0.05906352372902051,0.0014068178787935439,0.0015150792139024321,0,0,"[150, 0, 0, 0, 0]","{""0"": 0.0019066238839236952, ""1"": 0.06946283898927551, ""2"": 0.0997595443126627, ""3"": 0.06343854626452972, ""4"": 0.06336391367500593}"
11801822,motor,uncertainty,0.025,0.005302350878279678,0.0015649665650132633,0.010198006748169895,0.019736819316605002,0.0029089823624583473,30,4,"[120, 8, 7, 7, 8]","{""0"": 0.002426406190744692, ""1"": 0.011911939293997226, ""2"": 0.004479825331499967, ""3"": 0.0049697697180746256, ""4"": 0.0027238138570818723}"
11801822,motor,random,0.025,0.05362400796874412,0.052666447198958924,0.034763872642701026,0.007981272164074711,0.0028979145672845584,30,4,"[120, 8, 7, 9, 6]","{""0"": 0.005339782909621074, ""1"": 0.024574641663935526, ""2"": 0.029899477037933747, ""3"": 0.07623854286575855, ""4"": 0.13206759536647172}"
11801822,motor,cycle,0.025,0.002291382118357375,0.00131685107208894,0.0028801988091797775,0.01630934953630617,0.0021219280941223153,30,4,"[120, 8, 7, 8, 7]","{""0"": 0.0015689421350454549, ""1"": 0.0027853753268409446, ""2"": 0.0023360085134476612, ""3"": 0.003164346039146787, ""4"": 0.001602238577306025}"
11801822,motor,least_seen,0.025,0.003265122493521623,0.0011998471250222694,0.0028381425006016483,0.014170903171488676,0.0018679559770087696,30,4,"[120, 8, 7, 8, 7]","{""0"": 0.0016704407840331123, ""1"": 0.0029525429067929015, ""2"": 0.0024914470785219393, ""3"": 0.004041765950836875, ""4"": 0.005169415747423289}"
11801822,motor,single_action,0.025,0.05998273711227079,0.06327850653890595,0.06092281991466254,0.009934203112444882,0.0019966198588515665,30,1,"[120, 30, 0, 0, 0]","{""0"": 0.002503509485921621, ""1"": 0.06054033869912042, ""2"": 0.03628646269656302, ""3"": 0.11864937188134628, ""4"": 0.08193400279840264}"
11801822,motor,no_probes,0.025,0.07886701484347285,0.07941404468716842,0.07849406540989912,0.0014068178787935439,0.0015150792139024321,0,0,"[150, 0, 0, 0, 0]","{""0"": 0.0017678654881185627, ""1"": 0.09506001989874509, ""2"": 0.09794045841797672, ""3"": 0.11576527769926108, ""4"": 0.08380145271326278}"
11801822,external,uncertainty,0.025,0.010279953401735981,0.005559061561140785,0.006328923484429522,0.007791885182876005,0.008417055384562923,30,4,"[120, 8, 7, 8, 7]","{""0"": 0.0029799509985971207, ""1"": 0.010199944566393395, ""2"": 0.019025999709522744, ""3"": 0.0031637801736878863, ""4"": 0.016030091560478753}"
11801822,external,random,0.025,0.008391928634409447,0.0038410655072203263,0.013894758720141068,0.00816436474065161,0.012094269264733507,30,4,"[120, 8, 7, 9, 6]","{""0"": 0.0032682743106345973, ""1"": 0.00944312058739027, ""2"": 0.016268024130332275, ""3"": 0.005506991676642987, ""4"": 0.0074732324670471195}"
11801822,external,cycle,0.025,0.008728238478868515,0.0046960473072095955,0.007584322950617425,0.008178180849381537,0.009460982973042372,30,4,"[120, 8, 7, 8, 7]","{""0"": 0.002925730091854061, ""1"": 0.010084774262992136, ""2"": 0.01478610207067336, ""3"": 0.003184698632985138, ""4"": 0.012659887335837868}"
11801822,external,least_seen,0.025,0.008439311099636342,0.004716702006080057,0.01993023616317067,0.00761431877524806,0.00933558662838648,30,4,"[120, 8, 7, 8, 7]","{""0"": 0.0029831403116118995, ""1"": 0.009028567027712544, ""2"": 0.015811457895079456, ""3"": 0.0029864927103447104, ""4"": 0.011386897553433105}"
11801822,external,single_action,0.025,0.26942946305360727,0.2686780926559674,0.07285819889828223,0.00895617955292463,0.0022790648024423733,30,1,"[120, 30, 0, 0, 0]","{""0"": 0.2464880666572272, ""1"": 0.3956357585038945, ""2"": 0.3281658013615785, ""3"": 0.2464880666572272, ""4"": 0.1303696220881088}"
11801822,external,no_probes,0.025,0.04813453209312378,0.04580353608141661,0.052938386581464325,0.005921731360821342,0.0028204336595360623,0,0,"[150, 0, 0, 0, 0]","{""0"": 0.0029268091980560796, ""1"": 0.09226415879788297, ""2"": 0.12093872302630011, ""3"": 0.0029268091980560796, ""4"": 0.021616160245323684}"
11801822,sensor,uncertainty,0.025,0.0070894961058243534,0.0027600442553815867,0.021120189329879142,0.001739670639845543,0.0017976736228867984,30,4,"[120, 9, 6, 7, 8]","{""0"": 0.0018206277129054523, ""1"": 0.005841721792769796, ""2"": 0.004778823832414458, ""3"": 0.011396127012779365, ""4"": 0.011610180178252697}"
11801822,sensor,random,0.025,0.0028708554533461795,0.002364591452205336,0.004775024323375646,0.00202259194520292,0.001445232241098395,30,4,"[120, 8, 7, 9, 6]","{""0"": 0.0013640112794472642, ""1"": 0.0016341389208191389, ""2"": 0.002309644575647925, ""3"": 0.004303345458887227, ""4"": 0.004743137031929343}"
11801822,sensor,cycle,0.025,0.0034095937850169016,0.0010956496024564252,0.006522571648476996,0.001463401054082255,0.0015926313868976777,30,4,"[120, 8, 7, 8, 7]","{""0"": 0.001601801976673098, ""1"": 0.0030846674329483106, ""2"": 0.0022553924771113523, ""3"": 0.005773832000881305, ""4"": 0.0043322750374704426}"
11801822,sensor,least_seen,0.025,0.002707842643486414,0.0007188589069573408,0.00357537640879218,0.0018620143876123543,0.0016186380020801862,30,4,"[120, 8, 7, 8, 7]","{""0"": 0.001625104951194361, ""1"": 0.0024254614523641404, ""2"": 0.0016377875082067021, ""3"": 0.003952204293962819, ""4"": 0.0038986550117040496}"
11801822,sensor,single_action,0.025,0.03141143231895597,0.03176434081154548,0.056393420871746695,0.0016926357944072826,0.00222954047596379,30,1,"[120, 30, 0, 0, 0]","{""0"": 0.0016496920358428577, ""1"": 0.013363046703402938, ""2"": 0.01575530988662983, ""3"": 0.06805103858374878, ""4"": 0.058238074385155436}"
11801822,sensor,no_probes,0.025,0.05949822145575826,0.058944866297002615,0.05906352372902051,0.0014759517850359927,0.0015253157354833365,0,0,"[150, 0, 0, 0, 0]","{""0"": 0.0017949716524953958, ""1"": 0.07124801291775144, ""2"": 0.0978055444445002, ""3"": 0.06525585079999519, ""4"": 0.06138672746404914}"
11801822,motor_external,uncertainty,0.025,0.006910398988798994,0.0022589163414607626,0.005772655343104635,0.0152585253171248,0.010247531466083839,30,4,"[120, 8, 7, 8, 7]","{""0"": 0.001666857758248847, ""1"": 0.007832138505203172, ""2"": 0.0062773332008114165, ""3"": 0.008519452787231865, ""4"": 0.010256212692499668}"
11801822,motor_external,random,0.025,0.008459757130830421,0.004158371946128282,0.0363811099432952,0.011378705328651342,0.007663233555821091,30,4,"[120, 8, 7, 9, 6]","{""0"": 0.0018518434251098982, ""1"": 0.010374963163665546, ""2"": 0.008224632112241724, ""3"": 0.013238623097931468, ""4"": 0.008608723855203481}"
11801822,motor_external,cycle,0.025,0.006997263494257718,0.0024047393545860076,0.014256281709140796,0.013424649020791633,0.010713636370192434,30,4,"[120, 8, 7, 8, 7]","{""0"": 0.0014342656313959846, ""1"": 0.006076236211976601, ""2"": 0.009152361180377398, ""3"": 0.009445100088923583, ""4"": 0.008878354358615018}"
11801822,motor_external,least_seen,0.025,0.007301487258213206,0.0027378761097237594,0.00663271964975191,0.009993499560416097,0.010255850703216055,30,4,"[120, 8, 7, 8, 7]","{""0"": 0.001631573603598158, ""1"": 0.004736744661826181, ""2"": 0.00931637234766827, ""3"": 0.011071413862363828, ""4"": 0.009751331815609587}"
11801822,motor_external,single_action,0.025,0.06198476310211107,0.05078188383824299,0.043516522568362664,0.033066061084567534,0.00575393048101196,30,1,"[120, 30, 0, 0, 0]","{""0"": 0.007639610738862095, ""1"": 0.044050922369122614, ""2"": 0.06502638907128512, ""3"": 0.10651615396797913, ""4"": 0.08669073936330633}"
11801822,motor_external,no_probes,0.025,0.03914680540356821,0.03807052949510427,0.04363194482682357,0.005921731360821342,0.0028204336595360623,0,0,"[150, 0, 0, 0, 0]","{""0"": 0.0014721940333029808, ""1"": 0.0014721940333029808, ""2"": 0.01848585578870191, ""3"": 0.09170887361917894, ""4"": 0.08259490954335431}"
11801822,unknown_nonlinear,uncertainty,0.025,0.013659991049569453,0.01022364696497085,0.025944000152993713,0.0027810407532299266,0.004490936704053713,30,4,"[120, 8, 7, 9, 6]","{""0"": 0.001864079479311799, ""1"": 0.007324008006360395, ""2"": 0.023182587625927176, ""3"": 0.0071584923106894046, ""4"": 0.028770787825558492}"
11801822,unknown_nonlinear,random,0.025,0.017323319072037168,0.01111687012652659,0.021411826075053226,0.0024099341468841484,0.0023678700120239753,30,4,"[120, 8, 7, 9, 6]","{""0"": 0.0027841455022121265, ""1"": 0.01841716883585498, ""2"": 0.023987253519698565, ""3"": 0.00266133858452725, ""4"": 0.038766688917892915}"
11801822,unknown_nonlinear,cycle,0.025,0.02324068617715729,0.014317727227175146,0.023637060447975724,0.003822322400134946,0.005209307225943113,30,4,"[120, 8, 7, 8, 7]","{""0"": 0.001962707099971496, ""1"": 0.003659774702510506, ""2"": 0.03239740104205655, ""3"": 0.011713696954611367, ""4"": 0.06646985108663651}"
11801822,unknown_nonlinear,least_seen,0.025,0.017202809013614855,0.014237759303965003,0.024008264008063596,0.003924669312490726,0.005060389159623819,30,4,"[120, 8, 7, 8, 7]","{""0"": 0.002015699741619356, ""1"": 0.0030691597658113814, ""2"": 0.050640010213973054, ""3"": 0.006009855454008368, ""4"": 0.02427931989266212}"
11801822,unknown_nonlinear,single_action,0.025,0.043109190046055595,0.031553132695789035,0.04301920423624899,0.0014548326088889014,0.0021941020464375962,30,1,"[120, 30, 0, 0, 0]","{""0"": 0.003955868877684973, ""1"": 0.07893568335309957, ""2"": 0.033198714102549425, ""3"": 0.023847635410401056, ""4"": 0.07560804848654296}"
11801822,unknown_nonlinear,no_probes,0.025,0.047968988367535915,0.0434778929882276,0.042777184389383126,0.0014068178787935439,0.0015150792139024321,0,0,"[150, 0, 0, 0, 0]","{""0"": 0.004426389670008615, ""1"": 0.005453284087052745, ""2"": 0.12324290172841995, ""3"": 0.020174144641852975, ""4"": 0.08654822171034532}"
11801959,none,uncertainty,0.025,0.003477116704547716,0.001510959482497944,0.0033428988615770063,0.001810125660724691,0.0018001789207886631,30,4,"[120, 8, 7, 7, 8]","{""0"": 0.0015974550103614966, ""1"": 0.007092128781712126, ""2"": 0.0021759315745757102, ""3"": 0.0026246348659649805, ""4"": 0.003895433290124267}"
11801959,none,random,0.025,0.0021196948677678477,0.0006581664549828203,0.002702372695310122,0.0016464017193120663,0.001494962621710858,30,4,"[120, 8, 3, 9, 10]","{""0"": 0.0014277285501087214, ""1"": 0.001334816239971212, ""2"": 0.0040057772577769095, ""3"": 0.0014321387653358603, ""4"": 0.0023980135256465355}"
11801959,none,cycle,0.025,0.0019429438615041533,0.0006406373086427095,0.0015570349813663774,0.0014141701960725622,0.0016442731903408571,30,4,"[120, 8, 7, 8, 7]","{""0"": 0.0015232496810130087, ""1"": 0.003239741910301604, ""2"": 0.0013981304121711503, ""3"": 0.0015788547318541363, ""4"": 0.001974742572180867}"
11801959,none,least_seen,0.025,0.0021446930476020213,0.0007926107067574068,0.0019399056212295637,0.001527490385373881,0.0017852674177769802,30,4,"[120, 8, 8, 7, 7]","{""0"": 0.0016098699270163323, ""1"": 0.0036465944991243564, ""2"": 0.0012842809333914126, ""3"": 0.0023207811855016974, ""4"": 0.001861938692976307}"
11801959,none,single_action,0.025,0.024760617710811277,0.020045496513600335,0.037087812438895376,0.0022958991232439403,0.0015543397157416683,30,1,"[120, 30, 0, 0, 0]","{""0"": 0.001765573852846632, ""1"": 0.001978389842155525, ""2"": 0.009213393519160827, ""3"": 0.05591956335561606, ""4"": 0.05492616798427732}"
11801959,none,no_probes,0.025,0.03874601450210546,0.03758125202956623,0.03829748051052844,0.0013341099182155377,0.0013326363871148134,0,0,"[150, 0, 0, 0, 0]","{""0"": 0.0019027436527806914, ""1"": 0.04036533424004393, ""2"": 0.04024263325943277, ""3"": 0.06646743688054509, ""4"": 0.04475192447772483}"
11801959,motor,uncertainty,0.025,0.002753797540532621,0.0010140314303988404,0.002301359300184198,0.007512073756394049,0.0014380227963866066,30,4,"[120, 8, 7, 7, 8]","{""0"": 0.001557650250958348, ""1"": 0.0014736602138317259, ""2"": 0.0033087599257486896, ""3"": 0.0011438603786201988, ""4"": 0.006285056933504144}"
11801959,motor,random,0.025,0.0024339457562713353,0.0010473869187042823,0.0023852646932275207,0.006650880337461509,0.001717782646521938,30,4,"[120, 8, 3, 9, 10]","{""0"": 0.0015768605561005714, ""1"": 0.0014796002343351285, ""2"": 0.0033171596974558384, ""3"": 0.0007863601648633291, ""4"": 0.005009748128601809}"
11801959,motor,cycle,0.025,0.005181471549362207,0.002400151111779691,0.0029204710734873885,0.01000943076485418,0.002039257575286829,30,4,"[120, 8, 7, 8, 7]","{""0"": 0.0016430400630846312, ""1"": 0.004884393597802216, ""2"": 0.007267746560132928, ""3"": 0.004152124864211799, ""4"": 0.007960052661579465}"
11801959,motor,least_seen,0.025,0.004475966023209174,0.00095851816286955,0.0028057178952215498,0.007723941599023612,0.002008187581670979,30,4,"[120, 8, 8, 7, 7]","{""0"": 0.0022817498814351844, ""1"": 0.002057098179745196, ""2"": 0.004839713156827578, ""3"": 0.0019252392341173516, ""4"": 0.011276029663920559}"
11801959,motor,single_action,0.025,0.032707899559261025,0.03863286482776809,0.03607698195378019,0.005875574144803849,0.012107715110491132,30,1,"[120, 30, 0, 0, 0]","{""0"": 0.0029694375273099896, ""1"": 0.054545459669617845, ""2"": 0.036014633368077344, ""3"": 0.038676557706169186, ""4"": 0.03133340952513073}"
11801959,motor,no_probes,0.025,0.03452374524689174,0.03232240695136413,0.0333938889821748,0.0013341099182155377,0.0013326363871148134,0,0,"[150, 0, 0, 0, 0]","{""0"": 0.0028759918084801466, ""1"": 0.06607973876774419, ""2"": 0.03429138814605747, ""3"": 0.030741998476976756, ""4"": 0.03862960903520016}"
11801959,external,uncertainty,0.025,0.0074764215081084525,0.005290684019397764,0.0036335615514990695,0.01718794484714317,0.008731475656839792,30,4,"[120, 8, 7, 7, 8]","{""0"": 0.0019796643941627037, ""1"": 0.01133497852756385, ""2"": 0.006374665857477435, ""3"": 0.008891364641181244, ""4"": 0.008801434120157032}"
11801959,external,random,0.025,0.009518721013048582,0.009815498288514735,0.007365046561583784,0.02025484874651057,0.011109488609399625,30,4,"[120, 8, 3, 9, 10]","{""0"": 0.002123106086312552, ""1"": 0.008377872119453844, ""2"": 0.009667999018803998, ""3"": 0.0020492790899046876, ""4"": 0.02537534875076784}"
11801959,external,cycle,0.025,0.008866896385569503,0.007526261771456244,0.0033028251098027477,0.011769327746729128,0.00919362401715194,30,4,"[120, 8, 7, 8, 7]","{""0"": 0.001828216639882238, ""1"": 0.012890784740424524, ""2"": 0.009509912308278919, ""3"": 0.0037715090349270115, ""4"": 0.01633405920433481}"
11801959,external,least_seen,0.025,0.007559310218438254,0.004846575718299471,0.003704230118153533,0.011737320178357958,0.007712432109527562,30,4,"[120, 8, 8, 7, 7]","{""0"": 0.0019178476627120463, ""1"": 0.01345238272095275, ""2"": 0.006620979787254085, ""3"": 0.006293966253680082, ""4"": 0.009511374667592306}"
11801959,external,single_action,0.025,0.03719323593582728,0.04802138941919384,0.033343614462019104,0.00807452075039157,0.002239710068594809,30,1,"[120, 30, 0, 0, 0]","{""0"": 0.003920078616601104, ""1"": 0.07143712796683543, ""2"": 0.06439609624426217, ""3"": 0.042292798234836615, ""4"": 0.003920078616601104}"
11801959,external,no_probes,0.025,0.03584049632169643,0.04403300216802248,0.034991287748579424,0.006526824365498181,0.0021565436215771967,0,0,"[150, 0, 0, 0, 0]","{""0"": 0.001869723780531266, ""1"": 0.06367863634838226, ""2"": 0.07640962274361258, ""3"": 0.03537477495542482, ""4"": 0.001869723780531266}"
11801959,sensor,uncertainty,0.025,0.00544484268257791,0.0011419816394593646,0.005434895785881633,0.0017457376232246245,0.0015810696220998185,30,4,"[120, 7, 8, 7, 8]","{""0"": 0.0026211799262874868, ""1"": 0.01378994655291641, ""2"": 0.002558022281215925, ""3"": 0.001994632804560553, ""4"": 0.006260431847909173}"
11801959,sensor,random,0.025,0.002089979750760518,0.0006602294668320778,0.002702372695310122,0.0018321044729792204,0.0015372320662144629,30,4,"[120, 8, 3, 9, 10]","{""0"": 0.0014266313642736183, ""1"": 0.0013771804841481428, ""2"": 0.003931709351960242, ""3"": 0.0013980812215940786, ""4"": 0.0023162963318265097}"
11801959,sensor,cycle,0.025,0.0019332967581116624,0.0006400687702413938,0.0015570349813663774,0.001530258291138027,0.0016506790960404316,30,4,"[120, 8, 7, 8, 7]","{""0"": 0.001508061256399082, ""1"": 0.003304788445600952, ""2"": 0.0013573665498342318, ""3"": 0.001578117338963871, ""4"": 0.001918150199760177}"
11801959,sensor,least_seen,0.025,0.0021436039141574372,0.0007998038938067115,0.0019399056212295637,0.0017154092920980545,0.0018000339570330372,30,4,"[120, 8, 8, 7, 7]","{""0"": 0.0016079351119965013, ""1"": 0.0038004934694974295, ""2"": 0.0012128114905937246, ""3"": 0.002115989360271945, ""4"": 0.0019807901384275876}"
11801959,sensor,single_action,0.025,0.027452419660386924,0.020868181681097466,0.037087812438895376,0.0021448590800364382,0.0014911753408663722,30,1,"[120, 30, 0, 0, 0]","{""0"": 0.0019262017415287063, ""1"": 0.009473279220640814, ""2"": 0.014563894926358257, ""3"": 0.05580052892026832, ""4"": 0.05549819349313851}"
11801959,sensor,no_probes,0.025,0.03877977018226963,0.03757152440034966,0.03829748051052844,0.0014549840553011578,0.0013431107331365395,0,0,"[150, 0, 0, 0, 0]","{""0"": 0.001943636953323247, ""1"": 0.0394794361124786, ""2"": 0.041198336940475005, ""3"": 0.06759351657948005, ""4"": 0.04368392432559127}"
11801959,motor_external,uncertainty,0.025,0.010451507498022612,0.01304184203612606,0.002996734045121809,0.01766825017717416,0.007492880661731728,30,4,"[120, 7, 8, 7, 8]","{""0"": 0.0021755747475651365, ""1"": 0.008820761187019402, ""2"": 0.006015109900361357, ""3"": 0.007284072273864031, ""4"": 0.027962019381303122}"
11801959,motor_external,random,0.025,0.011657412417495317,0.013634932867434424,0.005156205423942127,0.022111012766080646,0.008812782496712336,30,4,"[120, 8, 3, 9, 10]","{""0"": 0.0018252063882463947, ""1"": 0.005848261300438612, ""2"": 0.017049884098732124, ""3"": 0.011810137547437082, ""4"": 0.02175357275262237}"
11801959,motor_external,cycle,0.025,0.011926837598185188,0.014682902437175238,0.004417256189667816,0.018265802957460452,0.007318241960798997,30,4,"[120, 8, 7, 8, 7]","{""0"": 0.001980849037870651, ""1"": 0.0044917227663484405, ""2"": 0.011236077567393823, ""3"": 0.005179285758506907, ""4"": 0.03674625286080612}"
11801959,motor_external,least_seen,0.025,0.014601782119611762,0.018411866979002028,0.012159322246756196,0.02074321057441217,0.007835789139143814,30,4,"[120, 8, 8, 7, 7]","{""0"": 0.001956817535453062, ""1"": 0.007279342702478695, ""2"": 0.007316063511724663, ""3"": 0.0035012610039784602, ""4"": 0.05295542584442392}"
11801959,motor_external,single_action,0.025,0.041063535297020254,0.04696048338717545,0.018214339289355633,0.005320861341294823,0.00835514083790945,30,1,"[120, 30, 0, 0, 0]","{""0"": 0.004993290587531411, ""1"": 0.0017420973048887633, ""2"": 0.0984946971159812, ""3"": 0.08333373948993206, ""4"": 0.016753851986767817}"
11801959,motor_external,no_probes,0.025,0.025555686191266174,0.030997295667520706,0.024440927890351582,0.006526824365498181,0.0021565436215771967,0,0,"[150, 0, 0, 0, 0]","{""0"": 0.002173771541764197, ""1"": 0.03163194720966674, ""2"": 0.002173771541764197, ""3"": 0.07749813607110233, ""4"": 0.014300804592033431}"
11801959,unknown_nonlinear,uncertainty,0.025,0.007209948971463946,0.006416934708596199,0.01950566348663186,0.0019994777122235145,0.004257050054247491,30,4,"[120, 8, 7, 7, 8]","{""0"": 0.0012739524411725215, ""1"": 0.005326934873177064, ""2"": 0.0057207559016571536, ""3"": 0.015677224741924133, ""4"": 0.008050876899388855}"
11801959,unknown_nonlinear,random,0.025,0.008191997821573229,0.006014349118818852,0.013699324741299482,0.004093562571179928,0.0020570592485974542,30,4,"[120, 8, 3, 9, 10]","{""0"": 0.0014202110551073625, ""1"": 0.003766427486596491, ""2"": 0.013312641026253012, ""3"": 0.010834060189225269, ""4"": 0.011626649350684007}"
11801959,unknown_nonlinear,cycle,0.025,0.007022005887660219,0.005793795279237253,0.016542785013265258,0.0029447689449778303,0.004335210115518676,30,4,"[120, 8, 7, 8, 7]","{""0"": 0.0012715028717567053, ""1"": 0.008109804800897654, ""2"": 0.004173009914895025, ""3"": 0.012371001924617516, ""4"": 0.009184709926134188}"
11801959,unknown_nonlinear,least_seen,0.025,0.006966966865111871,0.005954298316884029,0.016020034040907086,0.002155507384020093,0.004336613559894952,30,4,"[120, 8, 8, 7, 7]","{""0"": 0.0012968844734195125, ""1"": 0.006944355054533262, ""2"": 0.0047974238455139, ""3"": 0.012594705432995531, ""4"": 0.00920146551909715}"
11801959,unknown_nonlinear,single_action,0.025,0.021717562265053596,0.02058085816630001,0.033662292601344866,0.002368271492922567,0.0015077524462324182,30,1,"[120, 30, 0, 0, 0]","{""0"": 0.0014267157705597094, ""1"": 0.0072991485070457605, ""2"": 0.007168097929598637, ""3"": 0.048269786158816996, ""4"": 0.044424062959246884}"
11801959,unknown_nonlinear,no_probes,0.025,0.03719597563555045,0.03570342709287628,0.03476684966357583,0.0013341099182155377,0.0013326363871148134,0,0,"[150, 0, 0, 0, 0]","{""0"": 0.0022576872592767055, ""1"": 0.04613904167812766, ""2"": 0.046453441876618796, ""3"": 0.05349737326729964, ""4"": 0.037632334096429416}"
11802096,none,uncertainty,0.025,0.0010222127873270532,0.0012405447091018704,0.003326078567224906,0.0017809207399313565,0.0016996537392378692,30,4,"[120, 6, 9, 7, 8]","{""0"": 0.0007600300191707939, ""1"": 0.0009603797833254367, ""2"": 0.0007961014486531135, ""3"": 0.001468236574566407, ""4"": 0.0011263161109195151}"
11802096,none,random,0.025,0.0011002257961951966,0.0009201374187149605,0.001932315169755416,0.001805626538539219,0.0014835749735457936,30,4,"[120, 5, 10, 7, 8]","{""0"": 0.000721455350123429, ""1"": 0.0012027115474741818, ""2"": 0.0018205051491369366, ""3"": 0.0009269914136368655, ""4"": 0.0008294655206045696}"
11802096,none,cycle,0.025,0.0014585325668910695,0.0011362710326579528,0.0017735730700516943,0.0016256150037813454,0.001622473026346897,30,4,"[120, 8, 7, 8, 7]","{""0"": 0.0007180836441613827, ""1"": 0.0018434172000677356, ""2"": 0.002648955232209651, ""3"": 0.0012522222031415699, ""4"": 0.0008299845548750074}"
11802096,none,least_seen,0.025,0.0009595757367362905,0.0010115345219369521,0.0014846714556633496,0.001623762390236107,0.00141818211342329,30,4,"[120, 7, 8, 7, 8]","{""0"": 0.000731713130375786, ""1"": 0.0008852699016075001, ""2"": 0.0011803786412623509, ""3"": 0.0008245010820061493, ""4"": 0.0011760159284296666}"
11802096,none,single_action,0.025,0.034503337256571634,0.024652879920954142,0.036423609373019784,0.002661099810691853,0.0015342436917005291,30,1,"[120, 30, 0, 0, 0]","{""0"": 0.0033513956440945577, ""1"": 0.040572962469563705, ""2"": 0.040054287191765764, ""3"": 0.03126847493238236, ""4"": 0.05726956604505179}"
11802096,none,no_probes,0.025,0.034669174733077776,0.03514679672485033,0.03549080747249292,0.0015647834869489067,0.0013068615487222864,0,0,"[150, 0, 0, 0, 0]","{""0"": 0.0006905426141986899, ""1"": 0.04432601148809786, ""2"": 0.04519123841180189, ""3"": 0.04036524737228103, ""4"": 0.042772833779009416}"
11802096,motor,uncertainty,0.025,0.003567254690357435,0.003175931719356857,0.0019472126203944453,0.008037434955864826,0.0023794119515547327,30,4,"[120, 6, 9, 7, 8]","{""0"": 0.0009288238529400776, ""1"": 0.0030285095248799958, ""2"": 0.005424627549769029, ""3"": 0.0045826258323182455, ""4"": 0.0038716866918798265}"
11802096,motor,random,0.025,0.022712768084118165,0.018254539981594327,0.004172930971623864,0.00837325907783739,0.0016690294513827613,30,4,"[120, 5, 10, 7, 8]","{""0"": 0.0013327585284237838, ""1"": 0.012911308915591233, ""2"": 0.025109114768086086, ""3"": 0.03344007942863118, ""4"": 0.040770578779858575}"
11802096,motor,cycle,0.025,0.010369542311438999,0.011806615364895832,0.0019215645473188196,0.009488773287167568,0.0024193883957011656,30,4,"[120, 8, 7, 8, 7]","{""0"": 0.0006285936378302993, ""1"": 0.01209951673831669, ""2"": 0.014532390401055287, ""3"": 0.011601794815756633, ""4"": 0.012985415964236078}"
11802096,motor,least_seen,0.025,0.006149874677630022,0.004518688132251895,0.0020185990226202653,0.009792893054671967,0.0019479872718300554,30,4,"[120, 7, 8, 7, 8]","{""0"": 0.0006605614645118817, ""1"": 0.008587271475870661, ""2"": 0.008501336781671566, ""3"": 0.006142969132868385, ""4"": 0.0068572345332276125}"
11802096,motor,single_action,0.025,0.09522411082078883,0.12789352608960566,0.036951874017579316,0.003698657528873586,0.004732544355788868,30,1,"[120, 30, 0, 0, 0]","{""0"": 0.008123143842432845, ""1"": 0.2210724038235918, ""2"": 0.142548327341975, ""3"": 0.07893864318718176, ""4"": 0.025438035908762813}"
11802096,motor,no_probes,0.025,0.0341536693902232,0.034632737034499726,0.0349712162832248,0.0015647834869489067,0.0013068615487222864,0,0,"[150, 0, 0, 0, 0]","{""0"": 0.000675132766141731, ""1"": 0.03965743822634419, ""2"": 0.04191733358239733, ""3"": 0.044162592995171356, ""4"": 0.04435584938106139}"
11802096,external,uncertainty,0.025,0.012333907383922425,0.012700905987369398,0.0022286752169279494,0.007566338610731043,0.00766660352465357,30,4,"[120, 7, 8, 6, 9]","{""0"": 0.002856129278074796, ""1"": 0.04335405062194772, ""2"": 0.008176048445403825, ""3"": 0.004815228075102284, ""4"": 0.0024680804990834943}"
11802096,external,random,0.025,0.008258358991074015,0.00808362930229228,0.0014026665427474406,0.00784848377840027,0.004450462019565493,30,4,"[120, 5, 10, 7, 8]","{""0"": 0.0012386499525303318, ""1"": 0.030761505042618185, ""2"": 0.006708899767465475, ""3"": 0.0012454018024143693, ""4"": 0.0013373383903417142}"
11802096,external,cycle,0.025,0.005755472620519171,0.00551978640266349,0.0012045005593838052,0.01027072881679308,0.0037418046581072493,30,4,"[120, 8, 7, 8, 7]","{""0"": 0.0008869329889699806, ""1"": 0.008990473962526791, ""2"": 0.016435356017349363, ""3"": 0.0010029498959265451, ""4"": 0.001461650237823171}"
11802096,external,least_seen,0.025,0.008023408820842102,0.007685875662856417,0.0010891860384693427,0.0077478261625979995,0.0051207449265512845,30,4,"[120, 7, 8, 7, 8]","{""0"": 0.0013968601039597752, ""1"": 0.02734378687236576, ""2"": 0.00850234432070753, ""3"": 0.0012702542005525775, ""4"": 0.001603798606624852}"
11802096,external,single_action,0.025,0.060152815713269026,0.0631072304799931,0.048552749640991454,0.0038950350197719317,0.001533459368030667,30,1,"[120, 30, 0, 0, 0]","{""0"": 0.002027540377007257, ""1"": 0.019090937225258637, ""2"": 0.0794393417208764, ""3"": 0.11802170010504819, ""4"": 0.08218455913815462}"
11802096,external,no_probes,0.025,0.04966612453669948,0.05433254281318494,0.04869358601292865,0.005292619650199608,0.0014644200946144984,0,0,"[150, 0, 0, 0, 0]","{""0"": 0.0012820719681048668, ""1"": 0.0012820719681048668, ""2"": 0.04895533459435266, ""3"": 0.09699761992946428, ""4"": 0.09981352422347074}"
11802096,sensor,uncertainty,0.025,0.0008613712527290138,0.001166949105902578,0.0013026871464833995,0.0018765084157150395,0.0014595610944735534,30,4,"[120, 7, 8, 6, 9]","{""0"": 0.0007907735989687708, ""1"": 0.0007891265027753129, ""2"": 0.0009775213801113947, ""3"": 0.0008401691478893521, ""4"": 0.0009092656339002382}"
11802096,sensor,random,0.025,0.0011255635557115811,0.0009171963807714825,0.001932315169755416,0.0019179963542979932,0.0014799795710333072,30,4,"[120, 5, 10, 7, 8]","{""0"": 0.0007299718429125166, ""1"": 0.0011870073758988183, ""2"": 0.0019965625491641047, ""3"": 0.0009040725789816493, ""4"": 0.0008102034316008174}"
11802096,sensor,cycle,0.025,0.001533502218036713,0.001218709414172945,0.0017735730700516943,0.0017312024744583648,0.001651897158381766,30,4,"[120, 8, 7, 8, 7]","{""0"": 0.0007719203056483407, ""1"": 0.0018580383450463496, ""2"": 0.0030141983014447572, ""3"": 0.0012930832199225715, ""4"": 0.0007302709181215465}"
11802096,sensor,least_seen,0.025,0.0009926005315948447,0.0010310558559787119,0.0014846714556633496,0.0016973141653131704,0.0014773398761628264,30,4,"[120, 7, 8, 7, 8]","{""0"": 0.0007622886818478037, ""1"": 0.0008821950172449139, ""2"": 0.0012781335685239908, ""3"": 0.0008111042887685386, ""4"": 0.001229281101588977}"
11802096,sensor,single_action,0.025,0.04199185427771165,0.03011903559160562,0.036423609373019784,0.0027687351960530627,0.0015589642366961617,30,1,"[120, 30, 0, 0, 0]","{""0"": 0.0063722124148902015, ""1"": 0.0647066679955094, ""2"": 0.044478199358040364, ""3"": 0.03061570727919946, ""4"": 0.06378648434091881}"
11802096,sensor,no_probes,0.025,0.03474522790916291,0.035138840615780514,0.03549080747249292,0.0017084624794550063,0.0013147359858537754,0,0,"[150, 0, 0, 0, 0]","{""0"": 0.0007577019469243244, ""1"": 0.04333115183872279, ""2"": 0.04634757719816237, ""3"": 0.03937912332311493, ""4"": 0.04391058523889015}"
11802096,motor_external,uncertainty,0.025,0.008554479435006535,0.008050412436880159,0.0010602102703174336,0.011975834488032078,0.004759624222071056,30,4,"[120, 7, 8, 6, 9]","{""0"": 0.00153513918622497, ""1"": 0.00287433441069645, ""2"": 0.0019560123067924973, ""3"": 0.022858088564341298, ""4"": 0.01354882270697745}"
11802096,motor_external,random,0.025,0.005747159700733676,0.0047164381370751055,0.0017444373943762569,0.014889925217344432,0.0064185847630023945,30,4,"[120, 5, 10, 7, 8]","{""0"": 0.0008683756827934987, ""1"": 0.0032504567903952632, ""2"": 0.004554160429628827, ""3"": 0.011835071133815425, ""4"": 0.008227734467035366}"
11802096,motor_external,cycle,0.025,0.006006741295388784,0.005322394668427113,0.0016650300752850836,0.011245794263729979,0.004788178215213395,30,4,"[120, 8, 7, 8, 7]","{""0"": 0.0010606906871241828, ""1"": 0.002279586410363258, ""2"": 0.004612201793420165, ""3"": 0.005101390024811538, ""4"": 0.016979837561224783}"
11802096,motor_external,least_seen,0.025,0.006265038339159604,0.005253606683726548,0.0015899221467572354,0.01585963197814981,0.005008079786913486,30,4,"[120, 7, 8, 7, 8]","{""0"": 0.0008080378170697758, ""1"": 0.0020645108461662524, ""2"": 0.0025832112643172805, ""3"": 0.01107026649556969, ""4"": 0.01479916527267502}"
11802096,motor_external,single_action,0.025,0.05870743916668374,0.0782284722558061,0.04550052879448852,0.003509987151703923,0.0028331159347588382,30,1,"[120, 30, 0, 0, 0]","{""0"": 0.00826426701438015, ""1"": 0.07695342481361668, ""2"": 0.13674021834564262, ""3"": 0.06331501864539914, ""4"": 0.00826426701438015}"
11802096,motor_external,no_probes,0.025,0.049340681751112274,0.05414322838497614,0.04860470829121224,0.005292619650199608,0.0014644200946144984,0,0,"[150, 0, 0, 0, 0]","{""0"": 0.0011975745729126475, ""1"": 0.09677072497854126, ""2"": 0.09944317999154946, ""3"": 0.04809435463964529, ""4"": 0.0011975745729126475}"
11802096,unknown_nonlinear,uncertainty,0.025,0.006102554550719078,0.006972795503326693,0.0030976207536624074,0.002255688405323239,0.004168526909936368,30,4,"[120, 6, 9, 7, 8]","{""0"": 0.0007902069901859309, ""1"": 0.013872319922219772, ""2"": 0.005639603633600436, ""3"": 0.005151002133174493, ""4"": 0.005059640074414759}"
11802096,unknown_nonlinear,random,0.025,0.007399103682651386,0.0072070647648309555,0.005886073136740126,0.003459857781073267,0.0033000762594470614,30,4,"[120, 5, 10, 7, 8]","{""0"": 0.0007506465577436036, ""1"": 0.01936983656700519, ""2"": 0.004736339966317181, ""3"": 0.0066536670580930055, ""4"": 0.005485028264097949}"
11802096,unknown_nonlinear,cycle,0.025,0.008674863275441404,0.008568616831112881,0.012948425703320866,0.003726381027691848,0.002361597639417709,30,4,"[120, 8, 7, 8, 7]","{""0"": 0.0006892210405177943, ""1"": 0.016246229784415155, ""2"": 0.009614243252522464, ""3"": 0.009870450339574156, ""4"": 0.006954171960177457}"
11802096,unknown_nonlinear,least_seen,0.025,0.008611489821159774,0.009817730281910231,0.007775418231389515,0.0030492017819804275,0.001707047358611873,30,4,"[120, 7, 8, 7, 8]","{""0"": 0.0006956054264148284, ""1"": 0.022563611631533476, ""2"": 0.006881630846985085, ""3"": 0.004852385963759189, ""4"": 0.008064215237106294}"
11802096,unknown_nonlinear,single_action,0.025,0.04205444009004025,0.03130782209802451,0.046687829381675955,0.002661099810691853,0.0015342436917005291,30,1,"[120, 30, 0, 0, 0]","{""0"": 0.0033500097798624443, ""1"": 0.035212737064480026, ""2"": 0.06047771151404388, ""3"": 0.014538252061551482, ""4"": 0.09669349003026344}"
11802096,unknown_nonlinear,no_probes,0.025,0.045828258121091626,0.04825941947142314,0.04559583155151684,0.0015647834869489067,0.0013068615487222864,0,0,"[150, 0, 0, 0, 0]","{""0"": 0.0007433725864196411, ""1"": 0.10750221910923936, ""2"": 0.02234584068157622, ""3"": 0.02225624142465787, ""4"": 0.07629361680356506}"
11802233,none,uncertainty,0.025,0.003422828856183306,0.0010360366827702012,0.008108643386175814,0.0018120455774468228,0.002076858785005492,30,4,"[120, 6, 9, 8, 7]","{""0"": 0.002369662767192978, ""1"": 0.0024853181172993614, ""2"": 0.0027780486357466536, ""3"": 0.0016910620999355025, ""4"": 0.007790052660742032}"
11802233,none,random,0.025,0.0041854582510516105,0.0016351259279327195,0.021645487727194233,0.0015503749435122588,0.002375852569449627,30,4,"[120, 5, 5, 8, 12]","{""0"": 0.002241032170403958, ""1"": 0.0032261072104253757, ""2"": 0.005496520092335338, ""3"": 0.007460918182914899, ""4"": 0.002502713599178485}"
11802233,none,cycle,0.025,0.003353508773890934,0.0009695539970203844,0.004918027321700612,0.0016864337892085043,0.0019153318603124972,30,4,"[120, 8, 7, 8, 7]","{""0"": 0.0021862664955015665, ""1"": 0.002490365805466996, ""2"": 0.003824406893837257, ""3"": 0.002105790233906746, ""4"": 0.006160714440742103}"
11802233,none,least_seen,0.025,0.0027245355868563215,0.00100118253058632,0.0037600926530364856,0.0013568450824507205,0.002021945562158689,30,4,"[120, 7, 7, 8, 8]","{""0"": 0.0020267153597010664, ""1"": 0.0031039955438173805, ""2"": 0.003253857980242489, ""3"": 0.0019038561654844608, ""4"": 0.0033342528850362125}"
11802233,none,single_action,0.025,0.04595864958299469,0.03559634481127773,0.06732985410872346,0.001732071950738212,0.003317673558836174,30,1,"[120, 30, 0, 0, 0]","{""0"": 0.004052556891638643, ""1"": 0.018937862910125596, ""2"": 0.041980030371730655, ""3"": 0.08850111384071023, ""4"": 0.07632168390076831}"
11802233,none,no_probes,0.025,0.069228736933949,0.06911599751258489,0.06875674503360026,0.0013111754937911375,0.0017926788724788407,0,0,"[150, 0, 0, 0, 0]","{""0"": 0.0022967793311692484, ""1"": 0.10279653330406562, ""2"": 0.08015148799625875, ""3"": 0.09157705794514588, ""4"": 0.0693218260931055}"
11802233,motor,uncertainty,0.025,0.005443893316089533,0.0028615574268195457,0.00928909762152039,0.017616553836845347,0.0034262270143660613,30,4,"[120, 8, 7, 7, 8]","{""0"": 0.0024631291229808457, ""1"": 0.008110793994860097, ""2"": 0.008485765990128435, ""3"": 0.0027981043750901686, ""4"": 0.005361673097388117}"
11802233,motor,random,0.025,0.03852217442116247,0.031873090757552965,0.021283590753392024,0.015937317098275585,0.002865675230541906,30,4,"[120, 5, 5, 8, 12]","{""0"": 0.0019805362953682587, ""1"": 0.04599564656395971, ""2"": 0.0632600410157245, ""3"": 0.04447781138753255, ""4"": 0.03689683684322739}"
11802233,motor,cycle,0.025,0.008003132471471277,0.003648857466982639,0.00855618223809102,0.01733858473479815,0.0021064157809051838,30,4,"[120, 8, 7, 8, 7]","{""0"": 0.002669647114980099, ""1"": 0.009923528155848148, ""2"": 0.012305119433156162, ""3"": 0.009850586123431157, ""4"": 0.005266781529940812}"
11802233,motor,least_seen,0.025,0.010011576643768212,0.007086633899507834,0.005617083754024859,0.01848105052445936,0.003084424246833077,30,4,"[120, 7, 7, 8, 8]","{""0"": 0.0024899255350438725, ""1"": 0.009591236984885336, ""2"": 0.01099125162487216, ""3"": 0.019391552530121415, ""4"": 0.007593916543918275}"
11802233,motor,single_action,0.025,0.15225622986894477,0.1796843398268934,0.04748821260002566,0.005504904001696378,0.0050090927744428,30,1,"[120, 30, 0, 0, 0]","{""0"": 0.02437636512136472, ""1"": 0.3303366056050365, ""2"": 0.21472908573359314, ""3"": 0.08220221055558789, ""4"": 0.10963688232914155}"
11802233,motor,no_probes,0.025,0.0539650619462517,0.05351731339271896,0.05297060119623837,0.0013111754937911375,0.0017926788724788407,0,0,"[150, 0, 0, 0, 0]","{""0"": 0.0026714543275225, ""1"": 0.06708786567434698, ""2"": 0.051237284766789064, ""3"": 0.060827424616299176, ""4"": 0.08800128034630073}"
11802233,external,uncertainty,0.025,0.007135413492105167,0.004664286610347021,0.0034895386458239108,0.013034928213258752,0.004223168075326752,30,4,"[120, 6, 9, 6, 9]","{""0"": 0.002475393819203328, ""1"": 0.016602810979754648, ""2"": 0.007537188727385069, ""3"": 0.005896156274180184, ""4"": 0.0031655176600026047}"
11802233,external,random,0.025,0.010544354969852636,0.009355768540795457,0.02123028553946362,0.010107709276849498,0.008632263412875893,30,4,"[120, 5, 5, 8, 12]","{""0"": 0.0028865600713704072, ""1"": 0.0038426525539465503, ""2"": 0.03246041621228995, ""3"": 0.010231768379482097, ""4"": 0.003300377632174174}"
11802233,external,cycle,0.025,0.006084782690214156,0.003287171721235229,0.004768430639889615,0.010330602204224375,0.004718012371343838,30,4,"[120, 8, 7, 8, 7]","{""0"": 0.0027279123987011765, ""1"": 0.006030576381748156, ""2"": 0.008250651989754816, ""3"": 0.0026608450914350802, ""4"": 0.010753927589431554}"
11802233,external,least_seen,0.025,0.0055698180959587095,0.003546189266991921,0.003992236925880483,0.012265869134855494,0.003206355856792562,30,4,"[120, 7, 7, 8, 8]","{""0"": 0.0024979288182233766, ""1"": 0.007282204201714642, ""2"": 0.00759414249615421, ""3"": 0.0037642489239857317, ""4"": 0.0067105660397155905}"
11802233,external,single_action,0.025,0.05977805381580334,0.06377141095147883,0.038026048517840416,0.009010119973797895,0.008919028919853793,30,1,"[120, 30, 0, 0, 0]","{""0"": 0.006355762653237271, ""1"": 0.0062415091294416815, ""2"": 0.10085620611410191, ""3"": 0.10873730182440965, ""4"": 0.07669948935782622}"
11802233,external,no_probes,0.025,0.042310292526658536,0.04695505157450645,0.04203256617379519,0.00791595254699882,0.0018979879411549912,0,0,"[150, 0, 0, 0, 0]","{""0"": 0.002947780895182358, ""1"": 0.022584018149547403, ""2"": 0.002947780895182358, ""3"": 0.10416205226002766, ""4"": 0.07890983043335292}"
11802233,sensor,uncertainty,0.025,0.0038781722558266225,0.0010252122611599046,0.006104472035152745,0.0016912458529603532,0.002040948173434672,30,4,"[120, 6, 9, 7, 8]","{""0"": 0.002852831309283939, ""1"": 0.004081745314778155, ""2"": 0.0030481044350804385, ""3"": 0.002281679744730145, ""4"": 0.007126500475260435}"
11802233,sensor,random,0.025,0.004132342990615609,0.0015550522134368076,0.021645487727194233,0.0017481535522404035,0.0023793980874547366,30,4,"[120, 5, 5, 8, 12]","{""0"": 0.002255905965903733, ""1"": 0.0033197448532621635, ""2"": 0.005696967880725551, ""3"": 0.006861289920576681, ""4"": 0.002527806332609916}"
11802233,sensor,cycle,0.025,0.003504143061427183,0.0009587917330403733,0.004918027321700612,0.001960602267077683,0.0019087665714918821,30,4,"[120, 8, 7, 8, 7]","{""0"": 0.0023032287058946848, ""1"": 0.002588381323521029, ""2"": 0.004188153811503247, ""3"": 0.0020825433550494266, ""4"": 0.006358408111167527}"
11802233,sensor,least_seen,0.025,0.002862689402910352,0.0009992276761996031,0.0037600926530364856,0.0015529763143651725,0.0020435564026601914,30,4,"[120, 7, 7, 8, 8]","{""0"": 0.002119449816539446, ""1"": 0.0031476826249223545, ""2"": 0.003459051216412903, ""3"": 0.001977976133636945, ""4"": 0.003609287223040112}"
11802233,sensor,single_action,0.025,0.05931644435441742,0.04472616513728956,0.06732985410872346,0.0021089371284952725,0.0031676184217199325,30,1,"[120, 30, 0, 0, 0]","{""0"": 0.010353501959062624, ""1"": 0.05579044057326005, ""2"": 0.05397058452227336, ""3"": 0.07825350696422478, ""4"": 0.09821418775326629}"
11802233,sensor,no_probes,0.025,0.06958007980613488,0.069103361068515,0.06875674503360026,0.001478227478298011,0.001790050464882113,0,0,"[150, 0, 0, 0, 0]","{""0"": 0.002680905906069408, ""1"": 0.10503217536128596, ""2"": 0.07861693260608747, ""3"": 0.09377467262006428, ""4"": 0.06779571253716733}"
11802233,motor_external,uncertainty,0.025,0.00820413406772574,0.005578240130937897,0.007304606310346208,0.028685278296759743,0.006406340540074864,30,4,"[120, 7, 8, 6, 9]","{""0"": 0.0030258142281543916, ""1"": 0.006668283371671066, ""2"": 0.005111764838632572, ""3"": 0.02086792240001482, ""4"": 0.005346885500155847}"
11802233,motor_external,random,0.025,0.013825017062458332,0.007593154017449993,0.009858174659975648,0.019566806041014243,0.004213255537580924,30,4,"[120, 5, 5, 8, 12]","{""0"": 0.006282185728564729, ""1"": 0.005195439790719411, ""2"": 0.0422908083159809, ""3"": 0.00909192350827208, ""4"": 0.00626472796875453}"
11802233,motor_external,cycle,0.025,0.008716069736450597,0.004490991656609571,0.006488501302376314,0.024952348366942382,0.004288813605283262,30,4,"[120, 8, 7, 8, 7]","{""0"": 0.005028376531249392, ""1"": 0.00313190189298519, ""2"": 0.02386363313607996, ""3"": 0.005016965037751558, ""4"": 0.006539472084186894}"
11802233,motor_external,least_seen,0.025,0.00967865436328363,0.004334513990342556,0.006416188117676901,0.03388365160448769,0.004814276376184721,30,4,"[120, 7, 7, 8, 8]","{""0"": 0.004028142770543046, ""1"": 0.0040632207274773355, ""2"": 0.02403435663209737, ""3"": 0.007185662943274165, ""4"": 0.009081888743026225}"
11802233,motor_external,single_action,0.025,0.22264495547776442,0.2694489331250666,0.029392980073065067,0.02256821658887983,0.004278394626730831,30,1,"[120, 30, 0, 0, 0]","{""0"": 0.12533478574684154, ""1"": 0.5099926540016297, ""2"": 0.10569017077636096, ""3"": 0.12533478574684154, ""4"": 0.24687238111714835}"
11802233,motor_external,no_probes,0.025,0.04376059800821176,0.04894423992968156,0.04275381990674923,0.00791595254699882,0.0018979879411549912,0,0,"[150, 0, 0, 0, 0]","{""0"": 0.005108199517157272, ""1"": 0.10389874920800578, ""2"": 0.08208296894364654, ""3"": 0.005108199517157272, ""4"": 0.022604872855091922}"
11802233,unknown_nonlinear,uncertainty,0.025,0.010631438194713778,0.006483709024955346,0.01665832047414335,0.004090501237014888,0.005491171026891119,30,4,"[120, 8, 7, 6, 9]","{""0"": 0.0020628841500935934, ""1"": 0.01322221505159355, ""2"": 0.012099038656920946, ""3"": 0.02262397615041198, ""4"": 0.0031490769645488204}"
11802233,unknown_nonlinear,random,0.025,0.012851140590592587,0.008368921718691693,0.021454243038044832,0.0031139172329746946,0.005032950502213597,30,4,"[120, 5, 5, 8, 12]","{""0"": 0.002136134899358894, ""1"": 0.011635307156195263, ""2"": 0.011981767510083154, ""3"": 0.021845857063155786, ""4"": 0.016656636324169836}"
11802233,unknown_nonlinear,cycle,0.025,0.02662536586218685,0.018918584067002826,0.02839448638026721,0.0034315071669130726,0.0054816165471358175,30,4,"[120, 8, 7, 8, 7]","{""0"": 0.0036255036149424485, ""1"": 0.012099686084480157, ""2"": 0.051495867712603983, ""3"": 0.05190525811331435, ""4"": 0.014000513785593327}"
11802233,unknown_nonlinear,least_seen,0.025,0.01371981254427331,0.009353575429751364,0.018552449388217214,0.003080104307106838,0.005857173341464683,30,4,"[120, 7, 7, 8, 8]","{""0"": 0.002586430709183691, ""1"": 0.038968010978384836, ""2"": 0.008039204200841145, ""3"": 0.01607652682700239, ""4"": 0.002928890005954494}"
11802233,unknown_nonlinear,single_action,0.025,0.02936771163459426,0.027890635195298816,0.0317225519963913,0.002241935944811677,0.0018965907914875633,30,1,"[120, 30, 0, 0, 0]","{""0"": 0.0033242548770522165, ""1"": 0.042650256965140076, ""2"": 0.020789607459395076, ""3"": 0.0545652860650267, ""4"": 0.025509152806357214}"
11802233,unknown_nonlinear,no_probes,0.025,0.0482501550401871,0.04723023776709997,0.038292514084583756,0.0013111754937911375,0.0017926788724788407,0,0,"[150, 0, 0, 0, 0]","{""0"": 0.006037069125710041, ""1"": 0.14515042107086465, ""2"": 0.0026349327396585722, ""3"": 0.06294976310131147, ""4"": 0.02447858916339078}"
11802370,none,uncertainty,0.025,0.003854380272626622,0.0018637377563123802,0.006149835087864666,0.0022695177093825262,0.001779569623179391,30,4,"[120, 9, 6, 8, 7]","{""0"": 0.0015935419735326958, ""1"": 0.004251406104434421, ""2"": 0.00223627000624211, ""3"": 0.007758306976997065, ""4"": 0.0034323763019268178}"
11802370,none,random,0.025,0.002079236856012814,0.0011395705083670604,0.002512882394646246,0.0023653426884380196,0.0017290254758190271,30,4,"[120, 10, 8, 7, 5]","{""0"": 0.0014549623242637313, ""1"": 0.0028148939529071258, ""2"": 0.0012107409424279962, ""3"": 0.0034165282589809325, ""4"": 0.0014990588014842827}"
11802370,none,cycle,0.025,0.0028874681492149683,0.0016379965066469924,0.002475279051329287,0.002192208891080953,0.0017374685516249081,30,4,"[120, 8, 7, 8, 7]","{""0"": 0.0014226043934152284, ""1"": 0.0023184192519098254, ""2"": 0.0023485080431105386, ""3"": 0.006076216612167291, ""4"": 0.002271592445471957}"
11802370,none,least_seen,0.025,0.0020288622390426574,0.001311954773943138,0.0020472958605033827,0.0021209113371453946,0.0018004390539284496,30,4,"[120, 8, 8, 7, 7]","{""0"": 0.0015765658628939347, ""1"": 0.001521241820574592, ""2"": 0.002458780984867405, ""3"": 0.003338514901775509, ""4"": 0.0012492076251018464}"
11802370,none,single_action,0.025,0.030022489573028912,0.03078158271053153,0.04019403696126445,0.004051045152852445,0.0024552000220343178,30,1,"[120, 30, 0, 0, 0]","{""0"": 0.0013682453307615262, ""1"": 0.028127546980295643, ""2"": 0.028562739071498616, ""3"": 0.044504106041085546, ""4"": 0.04754981044150323}"
11802370,none,no_probes,0.025,0.04382036321114058,0.043752857518842815,0.04344996143108324,0.0018423532804773051,0.0015929710169112936,0,0,"[150, 0, 0, 0, 0]","{""0"": 0.0017790831870238407, ""1"": 0.056034266464262544, ""2"": 0.06858800711520464, ""3"": 0.04358582373538424, ""4"": 0.04911463555382763}"
11802370,motor,uncertainty,0.025,0.0032963353551652957,0.002029370783268356,0.004665542684905231,0.00623723775159281,0.0026831294051647067,30,4,"[120, 8, 7, 7, 8]","{""0"": 0.0016523271294749753, ""1"": 0.007012993131744854, ""2"": 0.0028028660973409953, ""3"": 0.001228666199950711, ""4"": 0.0037848242173149417}"
11802370,motor,random,0.025,0.004424252447839757,0.0031013633275336267,0.002876726487373915,0.003688588875404705,0.0017351992276762765,30,4,"[120, 10, 8, 7, 5]","{""0"": 0.0014960301044750462, ""1"": 0.0067731885554007665, ""2"": 0.0027264429967717146, ""3"": 0.0026929548971743223, ""4"": 0.008432645685376937}"
11802370,motor,cycle,0.025,0.0033070766836624924,0.0022930725901651452,0.004784516475730786,0.00717904944024479,0.0021734210007107626,30,4,"[120, 8, 7, 8, 7]","{""0"": 0.001402434627026962, ""1"": 0.00496868250727405, ""2"": 0.003976251313322669, ""3"": 0.0028713674450080912, ""4"": 0.003316647525680689}"
11802370,motor,least_seen,0.025,0.003281608759680787,0.002450337750748968,0.0023756971341344353,0.00362082202971572,0.0025840511737622402,30,4,"[120, 8, 8, 7, 7]","{""0"": 0.0015092140295240037, ""1"": 0.002860458717851661, ""2"": 0.0036600894744593542, ""3"": 0.001827518594432659, ""4"": 0.0065507629821362585}"
11802370,motor,single_action,0.025,0.07040071695361343,0.05260094461284285,0.036686806831240384,0.00817958779451245,0.0028251888513258143,30,1,"[120, 30, 0, 0, 0]","{""0"": 0.002229367538278615, ""1"": 0.12944393794519587, ""2"": 0.09527554175017174, ""3"": 0.07387513651804799, ""4"": 0.05117960101637294}"
11802370,motor,no_probes,0.025,0.04355424899087342,0.043479868498642826,0.043152426871695626,0.0018423532804773051,0.0015929710169112936,0,0,"[150, 0, 0, 0, 0]","{""0"": 0.001820269859051896, ""1"": 0.043294607879030444, ""2"": 0.04847617308670479, ""3"": 0.06878386641976551, ""4"": 0.05539632770981447}"
11802370,external,uncertainty,0.025,0.006139311747397315,0.008022197588005526,0.0017815671703933639,0.008426142402054243,0.004661101268302094,30,4,"[120, 8, 7, 8, 7]","{""0"": 0.0012656693292168958, ""1"": 0.00327085153890931, ""2"": 0.02324649725966484, ""3"": 0.001567511378252968, ""4"": 0.0013460292309425588}"
11802370,external,random,0.025,0.009387180515693963,0.010313602662972947,0.0017743127671473674,0.008466832082483914,0.008973938196866432,30,4,"[120, 10, 8, 7, 5]","{""0"": 0.0012761326101954618, ""1"": 0.001965139611905163, ""2"": 0.04084393065044157, ""3"": 0.0012482777488734057, ""4"": 0.001602421957054214}"
11802370,external,cycle,0.025,0.005125906453448635,0.006617777272031409,0.00137052048649651,0.006510726664805633,0.004169165238894912,30,4,"[120, 8, 7, 8, 7]","{""0"": 0.0011754415447939365, ""1"": 0.00896900986830508, ""2"": 0.011998221995311822, ""3"": 0.001319925974500972, ""4"": 0.002166932884331365}"
11802370,external,least_seen,0.025,0.006244329571857793,0.00789360833075916,0.0013837208710066507,0.007296508668699784,0.004483710964845848,30,4,"[120, 8, 8, 7, 7]","{""0"": 0.001511373122062739, ""1"": 0.014345871605508641, ""2"": 0.01148241102067392, ""3"": 0.002228846588944093, ""4"": 0.0016531455220995693}"
11802370,external,single_action,0.025,0.07877806626616782,0.10277428527685097,0.0456805152402168,0.014650020798670869,0.0030731635531447035,30,1,"[120, 30, 0, 0, 0]","{""0"": 0.02145127773349949, ""1"": 0.016820216387542036, ""2"": 0.1183232771007605, ""3"": 0.11557115733084496, ""4"": 0.12172440277819203}"
11802370,external,no_probes,0.025,0.048460889351857876,0.05349767066455578,0.04715534769762111,0.00561301684067832,0.0017123573774179587,0,0,"[150, 0, 0, 0, 0]","{""0"": 0.0012901237324223214, ""1"": 0.03941252646637586, ""2"": 0.0012901237324223214, ""3"": 0.08943434895247691, ""4"": 0.11087732387559195}"
11802370,sensor,uncertainty,0.025,0.0038056394088447384,0.001904508934717402,0.006149835087864666,0.0024920821702131345,0.001780615071951736,30,4,"[120, 9, 6, 8, 7]","{""0"": 0.0015667307686970625, ""1"": 0.004053064511808142, ""2"": 0.0022703749853479074, ""3"": 0.007831439405382702, ""4"": 0.0033065873729878803}"
11802370,sensor,random,0.025,0.002090730385661782,0.0011889139977129377,0.002512882394646246,0.0026005909336813526,0.0017338084354407255,30,4,"[120, 10, 8, 7, 5]","{""0"": 0.001484171141588916, ""1"": 0.002791003082335229, ""2"": 0.001209313561907575, ""3"": 0.0034618369940720233, ""4"": 0.0015073271484051687}"
11802370,sensor,cycle,0.025,0.0029686604804842866,0.001670214114462539,0.002475279051329287,0.002384981366597397,0.0017482654015263802,30,4,"[120, 8, 7, 8, 7]","{""0"": 0.00148276346388341, ""1"": 0.002463965904329565, ""2"": 0.0022150102682002497, ""3"": 0.006401510315092701, ""4"": 0.002280052450915508}"
11802370,sensor,least_seen,0.025,0.0022215292054773377,0.0013455254617067989,0.0020472958605033827,0.0022102235608667713,0.0018004009320175135,30,4,"[120, 8, 8, 7, 7]","{""0"": 0.0017177912294265468, ""1"": 0.0016964372499701657, ""2"": 0.0024841036332292664, ""3"": 0.00402158703747402, ""4"": 0.0011877268772866902}"
11802370,sensor,single_action,0.025,0.027870161022202352,0.024768482213358433,0.04019403696126445,0.004142913590389748,0.0024620015298289404,30,1,"[120, 30, 0, 0, 0]","{""0"": 0.003992159558272912, ""1"": 0.012246837833229524, ""2"": 0.02507918562676632, ""3"": 0.05313005703318924, ""4"": 0.044902565059553756}"
11802370,sensor,no_probes,0.025,0.043971108295345014,0.04379436770063693,0.04344996143108324,0.0019641166214357797,0.0015865019288509622,0,0,"[150, 0, 0, 0, 0]","{""0"": 0.0019357100896283434, ""1"": 0.05521840857642213, ""2"": 0.0696978520574997, ""3"": 0.04290456504915002, ""4"": 0.05009900570402487}"
11802370,motor_external,uncertainty,0.025,0.005369999160067318,0.005972447367973028,0.003156032354285758,0.011400208489532318,0.004388016482491431,30,4,"[120, 7, 8, 9, 6]","{""0"": 0.0022035963684691393, ""1"": 0.004511459748495888, ""2"": 0.0019173024235860075, ""3"": 0.005985278930267982, ""4"": 0.012232358329517577}"
11802370,motor_external,random,0.025,0.005397345153793102,0.006365323842741128,0.0030186354996798014,0.011953659113773205,0.0046330176858333265,30,4,"[120, 10, 8, 7, 5]","{""0"": 0.002238348825855626, ""1"": 0.005551057395447157, ""2"": 0.002545125705325281, ""3"": 0.006766117872881034, ""4"": 0.009886075969456414}"
11802370,motor_external,cycle,0.025,0.005587903437153399,0.005376563696803029,0.0031357345003800306,0.01229359235630477,0.0038712451819244904,30,4,"[120, 8, 7, 8, 7]","{""0"": 0.0025932862803849615, ""1"": 0.0013897660935888317, ""2"": 0.008216880446358083, ""3"": 0.0052316383784855175, ""4"": 0.010507945986949608}"
11802370,motor_external,least_seen,0.025,0.005349868715253143,0.005961308426456872,0.00312656452110851,0.016720696542595493,0.003450297734970679,30,4,"[120, 8, 8, 7, 7]","{""0"": 0.0023896549819616216, ""1"": 0.0018802647448619546, ""2"": 0.00490408470785878, ""3"": 0.012716218876358036, ""4"": 0.00485912026522532}"
11802370,motor_external,single_action,0.025,0.0568009176765851,0.055070920528297526,0.03928402821659374,0.024746389016134785,0.01603464498910768,30,1,"[120, 30, 0, 0, 0]","{""0"": 0.007197047197384623, ""1"": 0.0820903047241669, ""2"": 0.15604498043708517, ""3"": 0.007197047197384623, ""4"": 0.031475208826904105}"
11802370,motor_external,no_probes,0.025,0.04905811975520814,0.053072075001067934,0.04867716997483951,0.00561301684067832,0.0017123573774179587,0,0,"[150, 0, 0, 0, 0]","{""0"": 0.0021012114223244813, ""1"": 0.08904852859675981, ""2"": 0.11267860859824376, ""3"": 0.0021012114223244813, ""4"": 0.039361038736388236}"
11802370,unknown_nonlinear,uncertainty,0.025,0.011945796286505333,0.009084963224256613,0.02160722185337658,0.004925652883418644,0.0027118946791285918,30,4,"[120, 8, 7, 9, 6]","{""0"": 0.001645101198500511, ""1"": 0.00811557629360906, ""2"": 0.009194874285198424, ""3"": 0.01256480889503414, ""4"": 0.028208620760184534}"
11802370,unknown_nonlinear,random,0.025,0.011040202604728008,0.008857643018959274,0.020179173679990427,0.005885945165053711,0.0025598821796748565,30,4,"[120, 10, 8, 7, 5]","{""0"": 0.0024140249642302524, ""1"": 0.00671805749630314, ""2"": 0.006064954982475448, ""3"": 0.01761163798866759, ""4"": 0.022392337591963612}"
11802370,unknown_nonlinear,cycle,0.025,0.01304599931924186,0.011505803004503443,0.02436306493762657,0.004629684871424119,0.004033368360370318,30,4,"[120, 8, 7, 8, 7]","{""0"": 0.0015492475114872867, ""1"": 0.0042787155571345275, ""2"": 0.014676781425696362, ""3"": 0.0050305975274342295, ""4"": 0.039694654574456895}"
11802370,unknown_nonlinear,least_seen,0.025,0.011867664772055172,0.008960288290163005,0.019457428058661425,0.0031083740672081792,0.003490995904202767,30,4,"[120, 8, 8, 7, 7]","{""0"": 0.0014085332448399966, ""1"": 0.008014584616348597, ""2"": 0.010644761766667529, ""3"": 0.017881233139125634, ""4"": 0.021389211093294096}"
11802370,unknown_nonlinear,single_action,0.025,0.04403507207064892,0.03458486874798313,0.038331174440489744,0.004051045152852445,0.0024552000220343178,30,1,"[120, 30, 0, 0, 0]","{""0"": 0.003562886595169417, ""1"": 0.05596797390274268, ""2"": 0.03693519227702351, ""3"": 0.006993859348519284, ""4"": 0.11671544822978969}"
11802370,unknown_nonlinear,no_probes,0.025,0.04351259080466242,0.04291852229895774,0.03771190001859246,0.0018423532804773051,0.0015929710169112936,0,0,"[150, 0, 0, 0, 0]","{""0"": 0.0031193377997051712, ""1"": 0.007663875302035446, ""2"": 0.08894907713525187, ""3"": 0.008157080653097889, ""4"": 0.10967358313322174}"
11802507,none,uncertainty,0.025,0.0016358036894242075,0.0009543877045283347,0.002099194841825717,0.0017992515038416216,0.0019002017782272082,30,4,"[120, 7, 8, 9, 6]","{""0"": 0.0009691818167858842, ""1"": 0.001397002003297963, ""2"": 0.002953739818596715, ""3"": 0.0009619027966105987, ""4"": 0.0018971920118298787}"
11802507,none,random,0.025,0.00221538330092744,0.0008649055596590185,0.02270327020627123,0.002105612791311802,0.0014869920176700875,30,4,"[120, 11, 5, 9, 5]","{""0"": 0.0010954926996020937, ""1"": 0.0017213295605182446, ""2"": 0.003556451454107262, ""3"": 0.0025126513548767424, ""4"": 0.002190991435532859}"
11802507,none,cycle,0.025,0.0014172912629269135,0.0008754681774776368,0.003487800194609418,0.0017512055353829199,0.0019016749483962423,30,4,"[120, 8, 7, 8, 7]","{""0"": 0.0009859455288536178, ""1"": 0.0013570567087652816, ""2"": 0.002123339224583895, ""3"": 0.0015965857141563506, ""4"": 0.0010235291382754241}"
11802507,none,least_seen,0.025,0.0022855951746300553,0.0008712706634307065,0.004596553085828647,0.0017125632645966248,0.0015142447014194755,30,4,"[120, 7, 7, 8, 8]","{""0"": 0.0010613402853411245, ""1"": 0.0025430628891404496, ""2"": 0.004970459111481525, ""3"": 0.0014906443758858547, ""4"": 0.0013624692113013263}"
11802507,none,single_action,0.025,0.04118785531805475,0.042407211155720055,0.06297194362646424,0.0042261186969314605,0.0013914403759759445,30,1,"[120, 30, 0, 0, 0]","{""0"": 0.00606683532277126, ""1"": 0.014219677072883866, ""2"": 0.010977296168342093, ""3"": 0.11768247688975991, ""4"": 0.056992991136516624}"
11802507,none,no_probes,0.025,0.06312302152819954,0.06348272616833424,0.0632798347062195,0.0016048389205790049,0.0014019092969704684,0,0,"[150, 0, 0, 0, 0]","{""0"": 0.0010627220100159417, ""1"": 0.07787154923733935, ""2"": 0.07269283253754859, ""3"": 0.07695868407534809, ""4"": 0.08702931978074575}"
11802507,motor,uncertainty,0.025,0.006799259334277785,0.0084588865233488,0.002048262291744921,0.01738233829172317,0.0024940091266555985,30,4,"[120, 8, 7, 8, 7]","{""0"": 0.0009607659953487347, ""1"": 0.006975590794377439, ""2"": 0.009937425896399829, ""3"": 0.005555041168299053, ""4"": 0.010567472816963864}"
11802507,motor,random,0.025,0.016698984362923896,0.014276749539752692,0.018318375289655835,0.01271010093483023,0.002971072546389041,30,4,"[120, 11, 5, 9, 5]","{""0"": 0.001138805423508575, ""1"": 0.017821484188978016, ""2"": 0.02504867457272637, ""3"": 0.014733588099011713, ""4"": 0.024752369530394797}"
11802507,motor,cycle,0.025,0.00552197367673653,0.0059379792803616995,0.0014582249383271564,0.0174269500278743,0.0020527338750411955,30,4,"[120, 8, 7, 8, 7]","{""0"": 0.0009447868710023554, ""1"": 0.0034224424730812087, ""2"": 0.005798180297262856, ""3"": 0.006769232877552018, ""4"": 0.010675225864784213}"
11802507,motor,least_seen,0.025,0.006060349370189469,0.0048997339152812664,0.0029200111279778394,0.02061830640465523,0.0029723342237536064,30,4,"[120, 7, 7, 8, 8]","{""0"": 0.0008851051014619685, ""1"": 0.007911325068141158, ""2"": 0.00919578652963556, ""3"": 0.005023891285825865, ""4"": 0.007285638865882803}"
11802507,motor,single_action,0.025,0.16375418521373225,0.20588797292063274,0.057680105716205514,0.012222742619684684,0.006306097973593583,30,1,"[120, 30, 0, 0, 0]","{""0"": 0.021061422280668807, ""1"": 0.4128727281111051, ""2"": 0.17218369796693758, ""3"": 0.10817549869150163, ""4"": 0.10447757901844801}"
11802507,motor,no_probes,0.025,0.06830570951406466,0.06914648999216995,0.06864003002128387,0.0016048389205790049,0.0014019092969704684,0,0,"[150, 0, 0, 0, 0]","{""0"": 0.0008652080585581794, ""1"": 0.08361785089039735, ""2"": 0.08472483372037155, ""3"": 0.0828368003955406, ""4"": 0.08948385450545566}"
11802507,external,uncertainty,0.025,0.01407379453180766,0.011273843173666075,0.02076100749284125,0.009253124313813933,0.004425912796234213,30,4,"[120, 7, 8, 9, 6]","{""0"": 0.005885596660201026, ""1"": 0.043466570557105844, ""2"": 0.005676502826500504, ""3"": 0.005405094092825789, ""4"": 0.009935208522405127}"
11802507,external,random,0.025,0.02395999595382514,0.023148661632572013,0.028827477537725982,0.008569500142310456,0.0038894294396311564,30,4,"[120, 11, 5, 9, 5]","{""0"": 0.014256366925029186, ""1"": 0.05942958594207711, ""2"": 0.010053731947059245, ""3"": 0.00989707337805795, ""4"": 0.026163221576902224}"
11802507,external,cycle,0.025,0.012310997506507158,0.00924570350840374,0.021983837536595427,0.013795738893718473,0.007175693125428234,30,4,"[120, 8, 7, 8, 7]","{""0"": 0.004346031081171027, ""1"": 0.040142061703264224, ""2"": 0.00615759311829242, ""3"": 0.0037613717363655288, ""4"": 0.0071479298934425915}"
11802507,external,least_seen,0.025,0.01458361922304548,0.012378583486659576,0.02031959194805366,0.008140866289627048,0.006272413312082029,30,4,"[120, 7, 7, 8, 8]","{""0"": 0.006161320104936974, ""1"": 0.04618294130043427, ""2"": 0.005921616827098534, ""3"": 0.007199684984022157, ""4"": 0.007452532898735458}"
11802507,external,single_action,0.025,0.052539084420988494,0.05297794269223397,0.0629391740292173,0.007406086301447199,0.001454656882476756,30,1,"[120, 30, 0, 0, 0]","{""0"": 0.010555708501646298, ""1"": 0.044900256227591355, ""2"": 0.008812341374591859, ""3"": 0.0961032668555486, ""4"": 0.10232384914556437}"
11802507,external,no_probes,0.025,0.058307566243503056,0.059326246357279296,0.06288677174321046,0.009260767091285906,0.002564893976299343,0,0,"[150, 0, 0, 0, 0]","{""0"": 0.004313348207408713, ""1"": 0.06531514154785263, ""2"": 0.0367951652493122, ""3"": 0.08925808220139653, ""4"": 0.0958560940115452}"
11802507,sensor,uncertainty,0.025,0.0013517220798069352,0.0009941623953431127,0.0017522106087710936,0.0018640215300415345,0.0018534044522948811,30,4,"[120, 7, 8, 9, 6]","{""0"": 0.0008571147129213595, ""1"": 0.0011958005278101217, ""2"": 0.0021050458992897545, ""3"": 0.0008196927917800023, ""4"": 0.001780956467233439}"
11802507,sensor,random,0.025,0.0020632780544757754,0.0009055601462637936,0.02270327020627123,0.0021423284311443305,0.001506821802242565,30,4,"[120, 11, 5, 9, 5]","{""0"": 0.0009923140594318722, ""1"": 0.0017202742648402224, ""2"": 0.003177759864312566, ""3"": 0.0026559911004631807, ""4"": 0.0017700509833310349}"
11802507,sensor,cycle,0.025,0.001281815687684466,0.0008653066378193095,0.003487800194609418,0.0017829649820004312,0.0019353009039700492,30,4,"[120, 8, 7, 8, 7]","{""0"": 0.0008162912919401139, ""1"": 0.0014023140980219814, ""2"": 0.001890696592357433, ""3"": 0.001214336554735662, ""4"": 0.001085439901367139}"
11802507,sensor,least_seen,0.025,0.0021198956235867947,0.0008694351791571066,0.004596553085828647,0.0018019338294086894,0.001502470495173712,30,4,"[120, 7, 7, 8, 8]","{""0"": 0.0009349501421182441, ""1"": 0.0025522199519621234, ""2"": 0.004419717939231747, ""3"": 0.0013523640930135994, ""4"": 0.0013402259916082595}"
11802507,sensor,single_action,0.025,0.05092218905703948,0.04452450673686698,0.06297194362646424,0.005859330650052305,0.001443951519432442,30,1,"[120, 30, 0, 0, 0]","{""0"": 0.009423173953049993, ""1"": 0.025941430255075015, ""2"": 0.038868640365769334, ""3"": 0.13613891760532035, ""4"": 0.044238783105982706}"
11802507,sensor,no_probes,0.025,0.06297659895124481,0.06348769807146294,0.0632798347062195,0.0016887103093185096,0.0014323706508930793,0,0,"[150, 0, 0, 0, 0]","{""0"": 0.000893071058002954, ""1"": 0.075398688521482, ""2"": 0.07489267123246422, ""3"": 0.07899380177405023, ""4"": 0.08470476217022466}"
11802507,motor_external,uncertainty,0.025,0.005279823377943656,0.004932192613869428,0.001711499012322978,0.037343598729525536,0.01122417885808345,30,4,"[120, 8, 7, 8, 7]","{""0"": 0.0010982412225939737, ""1"": 0.0012284680439793114, ""2"": 0.0022428534080869695, ""3"": 0.009455891532054898, ""4"": 0.012373662683003129}"
11802507,motor_external,random,0.025,0.013675717914771908,0.008335308002490367,0.022531941211943695,0.033177762803505616,0.01657008154770692,30,4,"[120, 11, 5, 9, 5]","{""0"": 0.0022114841903884443, ""1"": 0.011302505692810183, ""2"": 0.011418820619978003, ""3"": 0.01591761188697123, ""4"": 0.027528167183711687}"
11802507,motor_external,cycle,0.025,0.005332475012582732,0.005332755357052801,0.0017808954743379927,0.04314671957486891,0.003996072749899158,30,4,"[120, 8, 7, 8, 7]","{""0"": 0.0010019011191621482, ""1"": 0.001390969703239735, ""2"": 0.0021118592583393293, ""3"": 0.008958616690752064, ""4"": 0.013199028291420384}"
11802507,motor_external,least_seen,0.025,0.008724296580956616,0.008922429836149501,0.006001899852581403,0.03776892049174613,0.00833815139010207,30,4,"[120, 7, 7, 8, 8]","{""0"": 0.0010963218342218309, ""1"": 0.0015857932522274727, ""2"": 0.0018644858206629245, ""3"": 0.001676382091626045, ""4"": 0.0373984999060448}"
11802507,motor_external,single_action,0.025,0.030008052630096163,0.02659366329344023,0.029162197278748477,0.010851766207639361,0.0057888601319323225,30,1,"[120, 30, 0, 0, 0]","{""0"": 0.0010620101603674075, ""1"": 0.05349645917346118, ""2"": 0.07215627882532043, ""3"": 0.02226350483096441, ""4"": 0.0010620101603674075}"
11802507,motor_external,no_probes,0.025,0.04069256202644547,0.04438458772134783,0.03925278294000187,0.009260767091285906,0.002564893976299343,0,0,"[150, 0, 0, 0, 0]","{""0"": 0.0009164099799943096, ""1"": 0.08015319023119444, ""2"": 0.08847386192964334, ""3"": 0.033002938011400945, ""4"": 0.0009164099799943096}"
11802507,unknown_nonlinear,uncertainty,0.025,0.015619939566078014,0.00851237950397621,0.021139234180293395,0.0038626950701292568,0.005317090823138895,30,4,"[120, 6, 9, 8, 7]","{""0"": 0.001077160464316799, ""1"": 0.019063348654511498, ""2"": 0.018417072076997467, ""3"": 0.022650442409897328, ""4"": 0.01689167422466697}"
11802507,unknown_nonlinear,random,0.025,0.02670880080415586,0.016420067378989444,0.043523487029051316,0.0022756460968710694,0.003377654405375363,30,4,"[120, 11, 5, 9, 5]","{""0"": 0.002554672598176742, ""1"": 0.010064741851218313, ""2"": 0.06748538774333769, ""3"": 0.04059812092510378, ""4"": 0.01284108090294278}"
11802507,unknown_nonlinear,cycle,0.025,0.021381160365662195,0.014717028350309826,0.030353310566426935,0.0033830325453145264,0.0035728734800051154,30,4,"[120, 8, 7, 8, 7]","{""0"": 0.0035360229439105515, ""1"": 0.020438779683988963, ""2"": 0.04240715790371918, ""3"": 0.03105299413606849, ""4"": 0.009470847160623819}"
11802507,unknown_nonlinear,least_seen,0.025,0.03373739498473769,0.021489058224626552,0.02867286794901871,0.0035463176834778292,0.002931964802454902,30,4,"[120, 7, 7, 8, 8]","{""0"": 0.003495150187554731, ""1"": 0.02329824957913577, ""2"": 0.07533455721742142, ""3"": 0.04557055296021884, ""4"": 0.020988464979357677}"
11802507,unknown_nonlinear,single_action,0.025,0.04216881269877837,0.025880490492836607,0.04030155706638329,0.004223286676844215,0.001407231089981291,30,1,"[120, 30, 0, 0, 0]","{""0"": 0.008272797371222334, ""1"": 0.048038930939620195, ""2"": 0.046966655743045586, ""3"": 0.05874230094844851, ""4"": 0.04882337849155519}"
11802507,unknown_nonlinear,no_probes,0.025,0.04820789547879242,0.04365800546232062,0.03856772434715387,0.0016048389205790049,0.0014019092969704684,0,0,"[150, 0, 0, 0, 0]","{""0"": 0.005252914137698575, ""1"": 0.055239882214110025, ""2"": 0.07499382066874684, ""3"": 0.032519892741016104, ""4"": 0.07303296763239056}"
11802644,none,uncertainty,0.025,0.005104890695120607,0.0024832756180560955,0.006165808618957743,0.002159680532953654,0.001786152187026128,30,4,"[120, 7, 8, 8, 7]","{""0"": 0.001315052154029627, ""1"": 0.00436333941366044, ""2"": 0.00956425597730636, ""3"": 0.005799419770916524, ""4"": 0.004482386159690085}"
11802644,none,random,0.025,0.01375871032918073,0.0043105856871019504,0.033350654156448084,0.002106867362662122,0.0023689219102954583,30,4,"[120, 8, 7, 10, 5]","{""0"": 0.002256126586764668, ""1"": 0.015982779060674083, ""2"": 0.030592158265502354, ""3"": 0.014633428844265684, ""4"": 0.005329058888696859}"
11802644,none,cycle,0.025,0.0051180838612325105,0.0027016848116361084,0.004206782831884257,0.0020407658628056003,0.0017719885578703287,30,4,"[120, 8, 7, 8, 7]","{""0"": 0.0010739770784141893, ""1"": 0.0058168530372536345, ""2"": 0.012783527602878403, ""3"": 0.0032593242410070395, ""4"": 0.0026567373466092896}"
11802644,none,least_seen,0.025,0.004367817554587631,0.0024177996573200226,0.004162791493635256,0.0020440580552923675,0.001799323363128339,30,4,"[120, 8, 7, 7, 8]","{""0"": 0.001448779576757783, ""1"": 0.0043915211599459165, ""2"": 0.00743258080635665, ""3"": 0.006356441028638229, ""4"": 0.002209765201239577}"
11802644,none,single_action,0.025,0.04281765287565564,0.03619181805437037,0.04742241868180767,0.00203626085742204,0.004427678298542509,30,1,"[120, 30, 0, 0, 0]","{""0"": 0.01631017502090358, ""1"": 0.02413822114675156, ""2"": 0.025804480856192802, ""3"": 0.032828171837974575, ""4"": 0.11500721551645571}"
11802644,none,no_probes,0.025,0.04008562441768192,0.03937651083963447,0.03919825943425883,0.0017812024823748401,0.0016348566609974658,0,0,"[150, 0, 0, 0, 0]","{""0"": 0.0021770693482305713, ""1"": 0.03018713733463699, ""2"": 0.04859471763455392, ""3"": 0.04393729464852144, ""4"": 0.07553190312246667}"
11802644,motor,uncertainty,0.025,0.005120435884695763,0.0039008871285651455,0.003923490213364482,0.015225126326193175,0.0021983079414036864,30,4,"[120, 7, 8, 9, 6]","{""0"": 0.002262784130190602, ""1"": 0.005302722000986859, ""2"": 0.003248582267805538, ""3"": 0.012404299451794484, ""4"": 0.002383791572701331}"
11802644,motor,random,0.025,0.034040586623382614,0.032084882346237686,0.024418997872664553,0.017435208970848035,0.003451157135211613,30,4,"[120, 8, 7, 10, 5]","{""0"": 0.003412771734320722, ""1"": 0.06543228814358508, ""2"": 0.06213781077420249, ""3"": 0.027472397832753348, ""4"": 0.011747664632051432}"
11802644,motor,cycle,0.025,0.00958526511791247,0.007305650582029561,0.00982349540486982,0.014116522606888605,0.0021294097793549656,30,4,"[120, 8, 7, 8, 7]","{""0"": 0.003344592976879543, ""1"": 0.013401848948924155, ""2"": 0.0076719791695070635, ""3"": 0.018095421567689042, ""4"": 0.0054124829265625495}"
11802644,motor,least_seen,0.025,0.0020734599359231638,0.0017323205254261226,0.0011706818142769551,0.01134183439256807,0.0018285633202673784,30,4,"[120, 8, 7, 7, 8]","{""0"": 0.0007965368201603675, ""1"": 0.0020903596153594413, ""2"": 0.0017559837734321762, ""3"": 0.004020983490644961, ""4"": 0.0017034359800188728}"
11802644,motor,single_action,0.025,0.18176266221535975,0.19152122102192826,0.032589180631097246,0.013675487284408776,0.0039461505295371995,30,1,"[120, 30, 0, 0, 0]","{""0"": 0.003836345571283664, ""1"": 0.4248046681978664, ""2"": 0.40405415553656127, ""3"": 0.05590659612797386, ""4"": 0.020211545643113588}"
11802644,motor,no_probes,0.025,0.03790767167833588,0.03686327317717054,0.03667460192233604,0.0017812024823748401,0.0016348566609974658,0,0,"[150, 0, 0, 0, 0]","{""0"": 0.002579719214764671, ""1"": 0.03915771051205502, ""2"": 0.07311182325009484, ""3"": 0.047289856730009405, ""4"": 0.027399248684755472}"
11802644,external,uncertainty,0.025,0.007107494366689195,0.01227728987560907,0.00836192633325897,0.018408042657516385,0.0071981696272257955,30,4,"[120, 7, 8, 8, 7]","{""0"": 0.008400778885627779, ""1"": 0.010618111263451422, ""2"": 0.007881154584178193, ""3"": 0.0049101278646094025, ""4"": 0.0037272992355791798}"
11802644,external,random,0.025,0.008454931659132447,0.014653294854722228,0.018561846511485392,0.023903731161764794,0.010018401663737261,30,4,"[120, 8, 7, 10, 5]","{""0"": 0.00987871379657088, ""1"": 0.0077308460974616225, ""2"": 0.015732635302970352, ""3"": 0.001266688316218163, ""4"": 0.007665774782441223}"
11802644,external,cycle,0.025,0.009853229986780515,0.014396229034285142,0.009195308634013827,0.012280994136742945,0.007371054378792042,30,4,"[120, 8, 7, 8, 7]","{""0"": 0.0085762257098267, ""1"": 0.004153157478027116, ""2"": 0.017931042070455417, ""3"": 0.002056198236351956, ""4"": 0.016549526439241385}"
11802644,external,least_seen,0.025,0.00853772494441158,0.013981034274217319,0.009195326822024895,0.012222312874217618,0.009217396213182393,30,4,"[120, 8, 7, 7, 8]","{""0"": 0.00763951176521386, ""1"": 0.0061382299816699825, ""2"": 0.01665717862340436, ""3"": 0.011150197512483986, ""4"": 0.0011035068392857119}"
11802644,external,single_action,0.025,0.0760256672310638,0.10742734965345505,0.027588728452932875,0.006972421795313873,0.004703137394437167,30,1,"[120, 30, 0, 0, 0]","{""0"": 0.06432020711300869, ""1"": 0.11373172071113748, ""2"": 0.07589310936901804, ""3"": 0.07843747662563362, ""4"": 0.04774582233652114}"
11802644,external,no_probes,0.025,0.024484474720028532,0.03166999783533904,0.024151441777760536,0.006070869714017562,0.0018894827272786146,0,0,"[150, 0, 0, 0, 0]","{""0"": 0.00854422822682275, ""1"": 0.03463711156455083, ""2"": 0.00854422822682275, ""3"": 0.016497693145952192, ""4"": 0.05419911243599416}"
11802644,sensor,uncertainty,0.025,0.006231966141144569,0.002304959574408268,0.016047985035664382,0.0023139375501219557,0.0020333234322375453,30,4,"[120, 8, 7, 9, 6]","{""0"": 0.0017152132394202804, ""1"": 0.005332609351817968, ""2"": 0.014098635369972213, ""3"": 0.006974087787490448, ""4"": 0.003039284957021934}"
11802644,sensor,random,0.025,0.014359173727567598,0.0038633827599833777,0.033350654156448084,0.00226078631753142,0.002386346992872423,30,4,"[120, 8, 7, 10, 5]","{""0"": 0.0030382052280705073, ""1"": 0.016794265611477916, ""2"": 0.03022515237857167, ""3"": 0.011643019604390925, ""4"": 0.010095225815326963}"
11802644,sensor,cycle,0.025,0.0051491233652867,0.002689656785038036,0.004206782831884257,0.002111656103933286,0.0017876173643466928,30,4,"[120, 8, 7, 8, 7]","{""0"": 0.0011215773706829562, ""1"": 0.005801217949982596, ""2"": 0.012830327700658131, ""3"": 0.0032282331100185455, ""4"": 0.002764260695091274}"
11802644,sensor,least_seen,0.025,0.004567748986240627,0.0023621277750417503,0.004162791493635256,0.0021007065256036816,0.0017986522220159492,30,4,"[120, 8, 7, 7, 8]","{""0"": 0.0016900642716262376, ""1"": 0.004498718445642307, ""2"": 0.0074715499863303265, ""3"": 0.006182456263360381, ""4"": 0.0029959559642438855}"
11802644,sensor,single_action,0.025,0.043969924364659706,0.029813487399766976,0.04742241868180767,0.0024237577913536128,0.004599908511089328,30,1,"[120, 30, 0, 0, 0]","{""0"": 0.01760773118509819, ""1"": 0.015896789342797597, ""2"": 0.03610260983411059, ""3"": 0.033729391853193784, ""4"": 0.1165130996080984}"
11802644,sensor,no_probes,0.025,0.040078818597914886,0.03937221010121692,0.03919825943425883,0.0018264757863248277,0.0016277101640632932,0,0,"[150, 0, 0, 0, 0]","{""0"": 0.0021737503074554846, ""1"": 0.030664670292129558, ""2"": 0.048102910959933375, ""3"": 0.04361060262328061, ""4"": 0.07584215880677542}"
11802644,motor_external,uncertainty,0.025,0.008931475721089481,0.01297171025924601,0.011909800565625468,0.02184783768871932,0.00811453771935997,30,4,"[120, 7, 8, 8, 7]","{""0"": 0.012859498063251937, ""1"": 0.0128491350996245, ""2"": 0.009853214558417247, ""3"": 0.0028493130381882143, ""4"": 0.0062462178459654965}"
11802644,motor_external,random,0.025,0.008189413344452902,0.011995837889896787,0.019093306205716296,0.028186007195419607,0.01049219143197782,30,4,"[120, 8, 7, 10, 5]","{""0"": 0.013094294878534729, ""1"": 0.008601372587132922, ""2"": 0.013200240973255513, ""3"": 0.003589757250346371, ""4"": 0.0024614010329949755}"
11802644,motor_external,cycle,0.025,0.010095564667282238,0.013820481148980015,0.011620434806249632,0.023883487814547667,0.008543061582619828,30,4,"[120, 8, 7, 8, 7]","{""0"": 0.01336110582390377, ""1"": 0.018523272322738794, ""2"": 0.0061220333244223395, ""3"": 0.005408798827701361, ""4"": 0.007062613037644934}"
11802644,motor_external,least_seen,0.025,0.010312926740002042,0.012881581902020345,0.01298707286620323,0.01891812287746429,0.007736661749136063,30,4,"[120, 8, 7, 7, 8]","{""0"": 0.01332040730622368, ""1"": 0.010461760415079837, ""2"": 0.017102699591063298, ""3"": 0.002714947390938359, ""4"": 0.007964818996705042}"
11802644,motor_external,single_action,0.025,0.026555483644967164,0.03788469697813648,0.02439017457597762,0.023745455954139766,0.007931183412881862,30,1,"[120, 30, 0, 0, 0]","{""0"": 0.011949223830138933, ""1"": 0.011373029557054439, ""2"": 0.04093771106781865, ""3"": 0.023594868939328762, ""4"": 0.044922584830495015}"
11802644,motor_external,no_probes,0.025,0.027280581507629947,0.03438923385032956,0.026747111327479353,0.006070869714017562,0.0018894827272786146,0,0,"[150, 0, 0, 0, 0]","{""0"": 0.014776009799485457, ""1"": 0.014776009799485457, ""2"": 0.042225332840873174, ""3"": 0.02814227202334585, ""4"": 0.03648328307495982}"
11802644,unknown_nonlinear,uncertainty,0.025,0.016806830368431464,0.011749361232264478,0.018823700888234405,0.006898416916444477,0.003085165442571684,30,4,"[120, 7, 8, 8, 7]","{""0"": 0.0005864938873844677, ""1"": 0.020098632441556016, ""2"": 0.030684749397329777, ""3"": 0.020683557778670533, ""4"": 0.011980718337216534}"
11802644,unknown_nonlinear,random,0.025,0.02860688248182445,0.01877758969896602,0.034626789100838926,0.0032703513653176888,0.0030433415676152857,30,4,"[120, 8, 7, 10, 5]","{""0"": 0.0015815538484510647, ""1"": 0.00905994754590502, ""2"": 0.08201351028300151, ""3"": 0.02952717123604851, ""4"": 0.020852229495716117}"
11802644,unknown_nonlinear,cycle,0.025,0.01773204673063097,0.010675764896943524,0.0198742332345241,0.0064005216174776,0.0037513411576486837,30,4,"[120, 8, 7, 8, 7]","{""0"": 0.0005532127616129906, ""1"": 0.01445112973618283, ""2"": 0.04009804277798426, ""3"": 0.02291348570706192, ""4"": 0.010644362670312884}"
11802644,unknown_nonlinear,least_seen,0.025,0.013753768640331647,0.009304298574473535,0.021333488768942734,0.0050512341032023225,0.0035116478620472345,30,4,"[120, 8, 7, 7, 8]","{""0"": 0.0008612969786258619, ""1"": 0.02196447983010456, ""2"": 0.024869462435050126, ""3"": 0.011480907855786574, ""4"": 0.00959269610209111}"
11802644,unknown_nonlinear,single_action,0.025,0.043771668067954315,0.039461478131639936,0.04794038975934499,0.002412281898271644,0.005952746094416378,30,1,"[120, 30, 0, 0, 0]","{""0"": 0.008790423491225845, ""1"": 0.05635408797230051, ""2"": 0.03419134177751817, ""3"": 0.03446453513268793, ""4"": 0.08505795196603914}"
11802644,unknown_nonlinear,no_probes,0.025,0.051805543247781013,0.046675437532243916,0.04510037146518564,0.0017812024823748401,0.0016348566609974658,0,0,"[150, 0, 0, 0, 0]","{""0"": 0.004571949916893731, ""1"": 0.05794698909081567, ""2"": 0.09651934759093672, ""3"": 0.03137613863677051, ""4"": 0.06861329100348844}"
11802781,none,uncertainty,0.025,0.0020523028626525637,0.0013411693425752617,0.004944282601521882,0.0016548258304061917,0.002190065684554042,30,4,"[120, 7, 8, 6, 9]","{""0"": 0.0010949917692189995, ""1"": 0.003429040511109069, ""2"": 0.0016634221768931558, ""3"": 0.0024663862207098316, ""4"": 0.0016076736353317614}"
11802781,none,random,0.025,0.010254773693078404,0.0047148468606814115,0.017196747069378217,0.0016768437696788618,0.0018800585819301876,30,4,"[120, 9, 5, 9, 7]","{""0"": 0.003606478081758357, ""1"": 0.0073230120333460545, ""2"": 0.0233096842314882, ""3"": 0.004543379749559851, ""4"": 0.01249131436923955}"
11802781,none,cycle,0.025,0.0016724516996926015,0.0007833377001541884,0.0020612270358936996,0.0015939229108019016,0.0020326151993179382,30,4,"[120, 8, 7, 8, 7]","{""0"": 0.0013910769336487857, ""1"": 0.0019270473996011476, ""2"": 0.001802088216438131, ""3"": 0.0015023842083412037, ""4"": 0.0017396617404337412}"
11802781,none,least_seen,0.025,0.0015912752878600195,0.0008882314262561368,0.0018452191777469716,0.0015915238867455106,0.0018497324012131569,30,4,"[120, 8, 7, 7, 8]","{""0"": 0.0012872027507598975, ""1"": 0.0020667537399347187, ""2"": 0.0012807996877451224, ""3"": 0.0021095579374313107, ""4"": 0.0012120623234290486}"
11802781,none,single_action,0.025,0.046006388178449355,0.04156730076939746,0.08570606462877621,0.0016529174155685668,0.0016992081896802442,30,1,"[120, 30, 0, 0, 0]","{""0"": 0.0026563803552021787, ""1"": 0.011053046199439741, ""2"": 0.018907614104104794, ""3"": 0.08518199488412331, ""4"": 0.11223290534937673}"
11802781,none,no_probes,0.025,0.08134469532469638,0.08262880278157174,0.08222860879339654,0.0013401843022835082,0.0016834877954942681,0,0,"[150, 0, 0, 0, 0]","{""0"": 0.0011556825340530484, ""1"": 0.09207870643533998, ""2"": 0.11873775923285841, ""3"": 0.09757289026279599, ""4"": 0.09717843815843451}"
11802781,motor,uncertainty,0.025,0.0024680772335648952,0.0013400071321886034,0.002439348486640977,0.014708125549939227,0.002552060490663766,30,4,"[120, 7, 8, 7, 8]","{""0"": 0.0014557111193612476, ""1"": 0.0024623880961354206, ""2"": 0.0035937854149616206, ""3"": 0.002155523841621074, ""4"": 0.0026729776957451113}"
11802781,motor,random,0.025,0.041656408419558075,0.037998173840738,0.021625430100660255,0.00828190708298836,0.0019056935000130138,30,4,"[120, 9, 5, 9, 7]","{""0"": 0.006644756322844028, ""1"": 0.05603550567457092, ""2"": 0.06000765302510023, ""3"": 0.07044797700178897, ""4"": 0.015146150073486207}"
11802781,motor,cycle,0.025,0.0066355710726550355,0.0026339600712848225,0.004039241443515619,0.01778087194035437,0.00217978432643902,30,4,"[120, 8, 7, 8, 7]","{""0"": 0.0019908368617354883, ""1"": 0.005812880828687111, ""2"": 0.014634397603379182, ""3"": 0.003112307588590917, ""4"": 0.007627432480882473}"
11802781,motor,least_seen,0.025,0.004943473003886096,0.0023202459310203536,0.0025137515305338476,0.01676970759511055,0.002837280563001189,30,4,"[120, 8, 7, 7, 8]","{""0"": 0.001370170322584523, ""1"": 0.004712305521120055, ""2"": 0.010434812260503419, ""3"": 0.0026395877607426396, ""4"": 0.005560489154479845}"
11802781,motor,single_action,0.025,0.13399212599386578,0.17001197728278541,0.09305686070192803,0.0032078183249118963,0.012275183521502787,30,1,"[120, 30, 0, 0, 0]","{""0"": 0.0031835224540587483, ""1"": 0.2516184938078055, ""2"": 0.17977398108806467, ""3"": 0.1474116659351896, ""4"": 0.08797296668421044}"
11802781,motor,no_probes,0.025,0.0856400078177887,0.08703003171613446,0.08663770892709435,0.0013401843022835082,0.0016834877954942681,0,0,"[150, 0, 0, 0, 0]","{""0"": 0.001223448685281407, ""1"": 0.09884866541756626, ""2"": 0.09671162123240636, ""3"": 0.13047587758323634, ""4"": 0.10094042617045322}"
11802781,external,uncertainty,0.025,0.005660916589103215,0.002811197285413289,0.0017515341294735145,0.003858363239408325,0.006774508638402146,30,4,"[120, 8, 7, 8, 7]","{""0"": 0.0017208104661608145, ""1"": 0.0018350263684421234, ""2"": 0.0029896748419051024, ""3"": 0.015128348269668036, ""4"": 0.006630722999340008}"
11802781,external,random,0.025,0.00416018044967592,0.0027176150413609477,0.002308670765281501,0.007047445712584149,0.006763694435575501,30,4,"[120, 9, 5, 9, 7]","{""0"": 0.0025490054911831666, ""1"": 0.004200885069761061, ""2"": 0.0027436553109880138, ""3"": 0.005681435109437453, ""4"": 0.005625921267009906}"
11802781,external,cycle,0.025,0.007051807749451496,0.003696783127452016,0.002239267775641555,0.0044988843735519505,0.005668159536030667,30,4,"[120, 8, 7, 8, 7]","{""0"": 0.002070406069674593, ""1"": 0.003933209588693001, ""2"": 0.002756536818538612, ""3"": 0.02015839549460628, ""4"": 0.006340490775745}"
11802781,external,least_seen,0.025,0.006363657004097107,0.003403902494154579,0.0017203973545563158,0.003838886975593738,0.004561180937968135,30,4,"[120, 8, 7, 7, 8]","{""0"": 0.001915925277627967, ""1"": 0.003222741407267768, ""2"": 0.0024791151048454045, ""3"": 0.010937516966565844, ""4"": 0.013262986264178553}"
11802781,external,single_action,0.025,0.014035857290854077,0.006521017214562251,0.03678375974367999,0.019252856377536723,0.0021958453577345127,30,1,"[120, 30, 0, 0, 0]","{""0"": 0.005867358850456059, ""1"": 0.010319665352968526, ""2"": 0.029207192535938578, ""3"": 0.005867358850456059, ""4"": 0.018917710864451157}"
11802781,external,no_probes,0.025,0.043083131948680256,0.04102594355985067,0.04101100200321269,0.0028649813253403744,0.0024459524343723375,0,0,"[150, 0, 0, 0, 0]","{""0"": 0.0027316726526445735, ""1"": 0.0829683324319128, ""2"": 0.08912538891860051, ""3"": 0.0027316726526445735, ""4"": 0.037858593087598834}"
11802781,sensor,uncertainty,0.025,0.002620146578151793,0.001056038989266026,0.0036446233896956603,0.004350655838955702,0.002083103875982495,30,4,"[120, 7, 8, 7, 8]","{""0"": 0.0013301241240502467, ""1"": 0.002442085563549611, ""2"": 0.0011661708781743098, ""3"": 0.005634473710671127, ""4"": 0.002527878614313673}"
11802781,sensor,random,0.025,0.010371311889909068,0.004543601244068888,0.017196747069378217,0.004302214056860081,0.001968058233751571,30,4,"[120, 9, 5, 9, 7]","{""0"": 0.0036446700891681547, ""1"": 0.006639297461263426, ""2"": 0.024834333798686947, ""3"": 0.00407962973642756, ""4"": 0.01265862836399925}"
11802781,sensor,cycle,0.025,0.0017557996720256167,0.0007732363128927866,0.0020612270358936996,0.003361828230147716,0.002110417816285374,30,4,"[120, 8, 7, 8, 7]","{""0"": 0.0013912174426126695, ""1"": 0.002357901626103586, ""2"": 0.0017554783829462548, ""3"": 0.0015074197756607497, ""4"": 0.0017669811328048246}"
11802781,sensor,least_seen,0.025,0.0020602564701686847,0.0008773435431168961,0.0018452191777469716,0.004412144652554913,0.0018459632329177514,30,4,"[120, 8, 7, 7, 8]","{""0"": 0.0013045532525181285, ""1"": 0.00204011226715509, ""2"": 0.0013042085552079496, ""3"": 0.0034809860673363953, ""4"": 0.00217142220862586}"
11802781,sensor,single_action,0.025,0.04815618569535548,0.04240584268994628,0.08570606462877621,0.002781929576461597,0.001698047200558933,30,1,"[120, 30, 0, 0, 0]","{""0"": 0.003368385737173889, ""1"": 0.009595193885923175, ""2"": 0.028336570327164672, ""3"": 0.07814694021085207, ""4"": 0.12133383831566358}"
11802781,sensor,no_probes,0.025,0.08137854567242449,0.0826052958619765,0.08222860879339654,0.001434678749991373,0.0016822158883169822,0,0,"[150, 0, 0, 0, 0]","{""0"": 0.0012221116728572102, ""1"": 0.0901495998938829, ""2"": 0.12071528000005922, ""3"": 0.09941678717416762, ""4"": 0.09538894962115547}"
11802781,motor_external,uncertainty,0.025,0.008326372888747309,0.0070176223077933675,0.01124778046015997,0.009222967291946396,0.0037857386597892144,30,4,"[120, 8, 7, 8, 7]","{""0"": 0.002633159746982827, ""1"": 0.01559012346179795, ""2"": 0.013212512149753441, ""3"": 0.0030397842307991387, ""4"": 0.007156284854403189}"
11802781,motor_external,random,0.025,0.005557407053742047,0.006139492580755728,0.010794708126312747,0.012682083845172531,0.005256613686826037,30,4,"[120, 9, 5, 9, 7]","{""0"": 0.0026119823804624125, ""1"": 0.010966878180808567, ""2"": 0.007382820834652031, ""3"": 0.002876307523892754, ""4"": 0.003949046348894472}"
11802781,motor_external,cycle,0.025,0.006561316345996577,0.006274756566423198,0.00950141267121237,0.010729827962038078,0.006526030296114921,30,4,"[120, 8, 7, 8, 7]","{""0"": 0.002405625700064753, ""1"": 0.015776142598780855, ""2"": 0.007110791204227216, ""3"": 0.0025660484623092673, ""4"": 0.004947973764600802}"
11802781,motor_external,least_seen,0.025,0.0072169726924216325,0.006415133652674607,0.011101343216437238,0.01167014129768601,0.004539858620503092,30,4,"[120, 8, 7, 7, 8]","{""0"": 0.0022524668816848057, ""1"": 0.018740296359807077, ""2"": 0.005503160821335752, ""3"": 0.0036387464960738604, ""4"": 0.005950192903206676}"
11802781,motor_external,single_action,0.025,0.0864937672792385,0.09824050831797602,0.051385434593239514,0.04012960606897678,0.0024292085367799473,30,1,"[120, 30, 0, 0, 0]","{""0"": 0.027702316315838176, ""1"": 0.13683436663006854, ""2"": 0.035017281346569396, ""3"": 0.14792715515315158, ""4"": 0.08498771695056483}"
11802781,motor_external,no_probes,0.025,0.04977023904101856,0.05058866168843763,0.0515280165051074,0.0028649813253403744,0.0024459524343723375,0,0,"[150, 0, 0, 0, 0]","{""0"": 0.002754537928361965, ""1"": 0.017210155263990123, ""2"": 0.04907792126312268, ""3"": 0.09372902511015695, ""4"": 0.08607955563946103}"
11802781,unknown_nonlinear,uncertainty,0.025,0.028890595983659183,0.018099657418964986,0.035994256607111426,0.0037081899634878574,0.0027852306622401014,30,4,"[120, 8, 7, 6, 9]","{""0"": 0.002356926020257421, ""1"": 0.06368674595527375, ""2"": 0.010936137884984163, ""3"": 0.012673811525069847, ""4"": 0.05479935853271073}"
11802781,unknown_nonlinear,random,0.025,0.00830508684513846,0.006915694396326459,0.010385697113139625,0.005916263743033286,0.002556004721148913,30,4,"[120, 9, 5, 9, 7]","{""0"": 0.0015469069571146866, ""1"": 0.011560408443232672, ""2"": 0.008145127048575255, ""3"": 0.008168758716306268, ""4"": 0.01210423306046342}"
11802781,unknown_nonlinear,cycle,0.025,0.021817197425760475,0.013176304123215599,0.02627373293142178,0.003689151031236642,0.0026819481419794087,30,4,"[120, 8, 7, 8, 7]","{""0"": 0.0012216131374989628, ""1"": 0.053375789307444986, ""2"": 0.010948355884828509, ""3"": 0.016192631090687082, ""4"": 0.02734759770834287}"
11802781,unknown_nonlinear,least_seen,0.025,0.02149344797743984,0.017082633131805632,0.026203267655239764,0.003874923790854945,0.0025468470400924854,30,4,"[120, 8, 7, 7, 8]","{""0"": 0.0016978677949932269, ""1"": 0.05104579818573738, ""2"": 0.014113545608677355, ""3"": 0.009988970762163998, ""4"": 0.030621057535627234}"
11802781,unknown_nonlinear,single_action,0.025,0.039804509099742584,0.0349656902688504,0.039835834021571516,0.0016875465526530104,0.0016746296401649282,30,1,"[120, 30, 0, 0, 0]","{""0"": 0.0014070514680566406, ""1"": 0.057088753484638495, ""2"": 0.03875440175252022, ""3"": 0.03824654464592752, ""4"": 0.06352579414757008}"
11802781,unknown_nonlinear,no_probes,0.025,0.04538833375223756,0.04858076297843957,0.03796091532478781,0.0013401843022835082,0.0016834877954942681,0,0,"[150, 0, 0, 0, 0]","{""0"": 0.004080149404458598, ""1"": 0.07106680505205004, ""2"": 0.04956967626487315, ""3"": 0.06680720247798015, ""4"": 0.035417835561825844}"
11802918,none,uncertainty,0.025,0.0016137149778447314,0.0007831873849743334,0.0017223052538907603,0.0017922907634599255,0.0017218842038551044,30,4,"[120, 8, 7, 8, 7]","{""0"": 0.0008938421522845381, ""1"": 0.00121694963987131, ""2"": 0.002055522706753379, ""3"": 0.0017092559872218726, ""4"": 0.0021930044030925577}"
11802918,none,random,0.025,0.0019152452044585038,0.0006656067643069169,0.01729004643559057,0.0017882965739508133,0.002193759458181417,30,4,"[120, 8, 9, 6, 7]","{""0"": 0.0010521241662128976, ""1"": 0.0024487019399098498, ""2"": 0.0011180585580467283, ""3"": 0.0042989821760329614, ""4"": 0.0006583591820900798}"
11802918,none,cycle,0.025,0.0014923422461161667,0.0005798527550442992,0.0017237127175135675,0.0017135757828399057,0.0017967214679072794,30,4,"[120, 8, 7, 8, 7]","{""0"": 0.0010602126289358288, ""1"": 0.0024511701921729775, ""2"": 0.0009286948256722995, ""3"": 0.001062387039154133, ""4"": 0.001959246544645595}"
11802918,none,least_seen,0.025,0.0028528570467112177,0.000862308050293482,0.002189045573072116,0.0017374792413433016,0.0016315923996665044,30,4,"[120, 8, 8, 7, 7]","{""0"": 0.0014056847782838052, ""1"": 0.004472704916596196, ""2"": 0.0024223072780866516, ""3"": 0.003622295572931594, ""4"": 0.002341292687657841}"
11802918,none,single_action,0.025,0.03480989890148381,0.031120889615538366,0.06150112948588034,0.003176450811681505,0.0016448499458905552,30,1,"[120, 30, 0, 0, 0]","{""0"": 0.0008650947964095734, ""1"": 0.0020247904970033003, ""2"": 0.006980047000953528, ""3"": 0.07906066755674916, ""4"": 0.08511889465630353}"
11802918,none,no_probes,0.025,0.06235433584313712,0.06225764538891867,0.06187648956117464,0.001535868327610941,0.0014880538222043012,0,0,"[150, 0, 0, 0, 0]","{""0"": 0.0013756119013293442, ""1"": 0.07228763325946076, ""2"": 0.07245964656356556, ""3"": 0.0969669436218669, ""4"": 0.06868184386946306}"
11802918,motor,uncertainty,0.025,0.002891818831792449,0.0014481182089957365,0.003118472742115452,0.006741960069453874,0.002214049846964326,30,4,"[120, 7, 8, 8, 7]","{""0"": 0.0007317670260268465, ""1"": 0.002570186753859487, ""2"": 0.0031486402687856264, ""3"": 0.00447815178113598, ""4"": 0.003530348329154306}"
11802918,motor,random,0.025,0.0027777705283108405,0.00227917976244062,0.016061775296776406,0.012768218500431718,0.0030131686839823604,30,4,"[120, 8, 9, 6, 7]","{""0"": 0.0008623003427238604, ""1"": 0.002091359572080428, ""2"": 0.0016594349634400935, ""3"": 0.0029342676516772525, ""4"": 0.006341490111632567}"
11802918,motor,cycle,0.025,0.003437213207180765,0.0014734373398074924,0.0021218071999451,0.011362168235119076,0.002028442189823613,30,4,"[120, 8, 7, 8, 7]","{""0"": 0.0010924989499007693, ""1"": 0.0021848984528123738, ""2"": 0.007789283411270373, ""3"": 0.0029057037622667943, ""4"": 0.003213681459653514}"
11802918,motor,least_seen,0.025,0.018242386447372676,0.01518724895167786,0.004222142803996905,0.012590079000544686,0.002448470548094836,30,4,"[120, 8, 8, 7, 7]","{""0"": 0.0029082408044849586, ""1"": 0.00797560021095154, ""2"": 0.018844992819094266, ""3"": 0.038548222272685645, ""4"": 0.02293487612964698}"
11802918,motor,single_action,0.025,0.08846319937969908,0.10096189070352604,0.06923397821127562,0.0042427483854321464,0.015102728366682671,30,1,"[120, 30, 0, 0, 0]","{""0"": 0.0009460746903309239, ""1"": 0.14879450086064014, ""2"": 0.13791473188488523, ""3"": 0.08507166876413604, ""4"": 0.06958902069850308}"
11802918,motor,no_probes,0.025,0.06727697594162312,0.06719530633084275,0.06649354691844267,0.001535868327610941,0.0014880538222043012,0,0,"[150, 0, 0, 0, 0]","{""0"": 0.0015456058881658378, ""1"": 0.10559288791617223, ""2"": 0.07355946150856947, ""3"": 0.07881055765301993, ""4"": 0.07687636674218801}"
11802918,external,uncertainty,0.025,0.008020688384423347,0.003594003107338518,0.006082694116517178,0.00823968531455153,0.004510841496360434,30,4,"[120, 8, 7, 8, 7]","{""0"": 0.001830228504466355, ""1"": 0.0024990677807028637, ""2"": 0.00968643560598574, ""3"": 0.009774171313881258, ""4"": 0.016313538717080512}"
11802918,external,random,0.025,0.01685306562891668,0.015675516291291547,0.01952238003930353,0.010552311945357846,0.009425944969236818,30,4,"[120, 8, 9, 6, 7]","{""0"": 0.0009753653379468305, ""1"": 0.023792291675740745, ""2"": 0.0014237192695569134, ""3"": 0.030319733585819842, ""4"": 0.02775421827551906}"
11802918,external,cycle,0.025,0.005250247254267911,0.004175952750189211,0.003007311286189853,0.009974665055612125,0.006030389837370021,30,4,"[120, 8, 7, 8, 7]","{""0"": 0.0012123563766858285, ""1"": 0.0058863053098190225, ""2"": 0.008038912020849312, ""3"": 0.005629698602258572, ""4"": 0.00548396396172682}"
11802918,external,least_seen,0.025,0.006195203421404718,0.004170415911979129,0.008394673228983716,0.007646255644428187,0.006839312808419634,30,4,"[120, 8, 8, 7, 7]","{""0"": 0.001150750725404771, ""1"": 0.007759841197770478, ""2"": 0.006098259653347873, ""3"": 0.009623274046758163, ""4"": 0.0063438914837423}"
11802918,external,single_action,0.025,0.03651048658148199,0.040192320778444625,0.03584858537530741,0.004081788552287114,0.0023138593001471924,30,1,"[120, 30, 0, 0, 0]","{""0"": 0.0011039382544226059, ""1"": 0.001582522459584812, ""2"": 0.02348138676870401, ""3"": 0.08707397575415084, ""4"": 0.06931060967054767}"
11802918,external,no_probes,0.025,0.03652574406811502,0.04032392066220773,0.03608246897897036,0.0061792968467502575,0.0024233012406541026,0,0,"[150, 0, 0, 0, 0]","{""0"": 0.0013063621105706968, ""1"": 0.0013063621105706968, ""2"": 0.024174674787729694, ""3"": 0.0884987596424733, ""4"": 0.06734256168923068}"
11802918,sensor,uncertainty,0.025,0.00181316352193028,0.0006684149311508822,0.001889036909173547,0.005232955536455763,0.0016283713030454151,30,4,"[120, 8, 7, 8, 7]","{""0"": 0.000931659708612843, ""1"": 0.0018621466430213199, ""2"": 0.002690349514941759, ""3"": 0.0013279296611001304, ""4"": 0.0022537320819753497}"
11802918,sensor,random,0.025,0.0023818470169062983,0.0006512279871790655,0.01729004643559057,0.00383327407096066,0.0023841054935699385,30,4,"[120, 8, 9, 6, 7]","{""0"": 0.0010874253638424878, ""1"": 0.0023594451132279708, ""2"": 0.0012005071367647048, ""3"": 0.005907331008639895, ""4"": 0.0013545264620564337}"
11802918,sensor,cycle,0.025,0.001483268195764554,0.0005658468288126237,0.0017237127175135675,0.004071396025380931,0.0018158388891895178,30,4,"[120, 8, 7, 8, 7]","{""0"": 0.0010523886470162546, ""1"": 0.0023904953588340474, ""2"": 0.0009657595030061159, ""3"": 0.001048497264605411, ""4"": 0.0019592002053609404}"
11802918,sensor,least_seen,0.025,0.003302726523126377,0.0008126682802744469,0.002189045573072116,0.004873781622695281,0.001764268544359646,30,4,"[120, 8, 8, 7, 7]","{""0"": 0.001401411077619429, ""1"": 0.004985899563835304, ""2"": 0.003844605785641095, ""3"": 0.003715728613260947, ""4"": 0.0025659875752751145}"
11802918,sensor,single_action,0.025,0.03696574902313761,0.03220771521070278,0.06150112948588034,0.005241497029807096,0.0015616928154501366,30,1,"[120, 30, 0, 0, 0]","{""0"": 0.0017015488206211713, ""1"": 0.004801871797007754, ""2"": 0.012173304962869178, ""3"": 0.07328417170570355, ""4"": 0.09286784782948636}"
11802918,sensor,no_probes,0.025,0.062339583264699426,0.06221971237256449,0.06187648956117464,0.001509182887665448,0.0014903017425133844,0,0,"[150, 0, 0, 0, 0]","{""0"": 0.0013828521504527485, ""1"": 0.0712823030410586, ""2"": 0.07341471346122963, ""3"": 0.09740152957380259, ""4"": 0.0682165180969535}"
11802918,motor_external,uncertainty,0.025,0.012375272585943555,0.011641398353695374,0.01234106000992684,0.01171034730013538,0.004880786347538681,30,4,"[120, 8, 7, 8, 7]","{""0"": 0.0037002499758809963, ""1"": 0.009535923111512594, ""2"": 0.03581320553422673, ""3"": 0.009227967473473177, ""4"": 0.003599016834624285}"
11802918,motor_external,random,0.025,0.00981176958279408,0.009617391247778289,0.012073822995850829,0.012655146218400883,0.007749933778384018,30,4,"[120, 8, 9, 6, 7]","{""0"": 0.0014315887296610767, ""1"": 0.00864923613826326, ""2"": 0.018347383159920308, ""3"": 0.01862768881698705, ""4"": 0.0020029510691387097}"
11802918,motor_external,cycle,0.025,0.011680555593008894,0.011240048738065361,0.00995298273802017,0.013123033187277729,0.0062321712903165415,30,4,"[120, 8, 7, 8, 7]","{""0"": 0.0018373562538648094, ""1"": 0.011667125990811357, ""2"": 0.03450274873868257, ""3"": 0.005031849306629202, ""4"": 0.0053636976750565295}"
11802918,motor_external,least_seen,0.025,0.008944550235381184,0.008953465671014581,0.003251595511959127,0.014056322605596007,0.007883726555121016,30,4,"[120, 8, 8, 7, 7]","{""0"": 0.0013455982468623855, ""1"": 0.009455744593193765, ""2"": 0.018599517699403743, ""3"": 0.006892533655832682, ""4"": 0.00842935698161334}"
11802918,motor_external,single_action,0.025,0.029468933616676338,0.01631747409619017,0.025275549325693526,0.00676816500792431,0.002025477093210239,30,1,"[120, 30, 0, 0, 0]","{""0"": 0.01404960337867101, ""1"": 0.040581355570704504, ""2"": 0.0727445903950774, ""3"": 0.005919515360257734, ""4"": 0.01404960337867101}"
11802918,motor_external,no_probes,0.025,0.0337700027166021,0.03830831626694374,0.03232212915598979,0.0061792968467502575,0.0024233012406541026,0,0,"[150, 0, 0, 0, 0]","{""0"": 0.0014999868570394388, ""1"": 0.09105897027372717, ""2"": 0.04971146503920124, ""3"": 0.025079604556003193, ""4"": 0.0014999868570394388}"
11802918,unknown_nonlinear,uncertainty,0.025,0.011673263263951789,0.008449291781111739,0.019292960338870593,0.002133934969289439,0.004933913366340682,30,4,"[120, 8, 7, 8, 7]","{""0"": 0.0013632880354460556, ""1"": 0.02577389967298518, ""2"": 0.012284258719189098, ""3"": 0.008766630637078797, ""4"": 0.010178239255059826}"
11802918,unknown_nonlinear,random,0.025,0.013553191635872455,0.00763442855731627,0.02499834203130926,0.00195773025435871,0.0030459855882770718,30,4,"[120, 8, 9, 6, 7]","{""0"": 0.0015778946429294133, ""1"": 0.022052392105805577, ""2"": 0.017980779439259076, ""3"": 0.0169098889936821, ""4"": 0.009245002997686108}"
11802918,unknown_nonlinear,cycle,0.025,0.018556079999674936,0.011306032705374199,0.02167921472821239,0.00332314582424227,0.004936992148476883,30,4,"[120, 8, 7, 8, 7]","{""0"": 0.0011761958028219908, ""1"": 0.03858735482902754, ""2"": 0.013712116459259226, ""3"": 0.010126684432650272, ""4"": 0.029178048474615637}"
11802918,unknown_nonlinear,least_seen,0.025,0.023979213350916462,0.016712675695590665,0.023339024549103617,0.003066949267910949,0.004366069749582904,30,4,"[120, 8, 8, 7, 7]","{""0"": 0.003675420787505533, ""1"": 0.052034714759267624, ""2"": 0.0227253566814359, ""3"": 0.008730619971404072, ""4"": 0.032729954554969194}"
11802918,unknown_nonlinear,single_action,0.025,0.02962879080709204,0.025161568055879713,0.03626311444765452,0.003213119386067238,0.001584110048184141,30,1,"[120, 30, 0, 0, 0]","{""0"": 0.0008678905118508448, ""1"": 0.038225111723209054, ""2"": 0.021251304015795686, ""3"": 0.04623994916674696, ""4"": 0.04155969861785765}"
11802918,unknown_nonlinear,no_probes,0.025,0.04401587145206051,0.03971239681106751,0.03723941501005399,0.001535868327610941,0.0014880538222043012,0,0,"[150, 0, 0, 0, 0]","{""0"": 0.0036806050512168346, ""1"": 0.0671086581492932, ""2"": 0.054322644847367825, ""3"": 0.06307469552062688, ""4"": 0.03189275369179779}"
11803055,none,uncertainty,0.025,0.0035937441480981607,0.001158412786358185,0.003404307359261995,0.0019033305287552169,0.0020863234135324728,30,4,"[120, 8, 7, 8, 7]","{""0"": 0.0015954709220717895, ""1"": 0.003030119795324086, ""2"": 0.002117434775949344, ""3"": 0.008425659493615437, ""4"": 0.0028000357535301478}"
11803055,none,random,0.025,0.002458764943062251,0.0011225199921550968,0.015837802290585075,0.0018348211350573856,0.0021632296642091577,30,4,"[120, 4, 10, 8, 8]","{""0"": 0.0013866349006724946, ""1"": 0.002639277799076459, ""2"": 0.002835919452026397, ""3"": 0.0029408281937117722, ""4"": 0.002491164369824134}"
11803055,none,cycle,0.025,0.0039076862054246275,0.001147135531453612,0.004709117665742426,0.0021132966851093605,0.002105359887367241,30,4,"[120, 8, 7, 8, 7]","{""0"": 0.001606724066009947, ""1"": 0.004434844806267673, ""2"": 0.0035082317518571244, ""3"": 0.0074850677806491015, ""4"": 0.0025035626223392925}"
11803055,none,least_seen,0.025,0.0024381094940397565,0.000986594857452546,0.0031082149144555996,0.0018870944436245644,0.002084397442493719,30,4,"[120, 8, 8, 7, 7]","{""0"": 0.0015323674342025114, ""1"": 0.002635988060249494, ""2"": 0.0026901723985029526, ""3"": 0.00399413962396486, ""4"": 0.0013378799532789652}"
11803055,none,single_action,0.025,0.030239915845165652,0.0355189716044644,0.04473087163442728,0.0024399056685579274,0.002328635398501938,30,1,"[120, 30, 0, 0, 0]","{""0"": 0.002060394825222834, ""1"": 0.027057198515188077, ""2"": 0.02675009610249499, ""3"": 0.05366671999257693, ""4"": 0.04166516979034542}"
11803055,none,no_probes,0.025,0.047424807468794176,0.045655644971897696,0.04641673938735301,0.0017857003605001695,0.0017683534980252268,0,0,"[150, 0, 0, 0, 0]","{""0"": 0.0024888416066809606, ""1"": 0.05495413980953049, ""2"": 0.08352962364381562, ""3"": 0.0522251545326274, ""4"": 0.04392627775131638}"
11803055,motor,uncertainty,0.025,0.00824657371255068,0.0022377731021223633,0.014716582045184362,0.0078287425383215,0.0027119979079369707,30,4,"[120, 7, 8, 8, 7]","{""0"": 0.0026092573213685583, ""1"": 0.018624763626973313, ""2"": 0.006755476575614541, ""3"": 0.005030684421744178, ""4"": 0.00821268661705281}"
11803055,motor,random,0.025,0.005826481691389983,0.0018002604134244556,0.012233834416226327,0.011755259746166553,0.0024189003267573216,30,4,"[120, 4, 10, 8, 8]","{""0"": 0.0019971245596644336, ""1"": 0.012014744655375144, ""2"": 0.005972413530434589, ""3"": 0.005616562038020217, ""4"": 0.003531563673455536}"
11803055,motor,cycle,0.025,0.008593449147363813,0.003208626871100542,0.009736789585952746,0.009012732502652707,0.002212609403181148,30,4,"[120, 8, 7, 8, 7]","{""0"": 0.0028173024445527703, ""1"": 0.018584115985355688, ""2"": 0.006335074571243291, ""3"": 0.006060455454643509, ""4"": 0.009170297281023818}"
11803055,motor,least_seen,0.025,0.00978533644759566,0.004201949739878851,0.009794800093941207,0.00538664546592403,0.0023677499870462986,30,4,"[120, 8, 8, 7, 7]","{""0"": 0.0030332820803640535, ""1"": 0.028520229706204586, ""2"": 0.008482280495009804, ""3"": 0.004595154146571798, ""4"": 0.00429573580982806}"
11803055,motor,single_action,0.025,0.05634346983542328,0.048497898197277026,0.03857223650620801,0.008297790210574401,0.003230235490066728,30,1,"[120, 30, 0, 0, 0]","{""0"": 0.003784740750806472, ""1"": 0.09292809398801553, ""2"": 0.04838457054142764, ""3"": 0.08931950317389394, ""4"": 0.04730044072297281}"
11803055,motor,no_probes,0.025,0.04593270495990702,0.04386768295004198,0.044645904847451165,0.0017857003605001695,0.0017683534980252268,0,0,"[150, 0, 0, 0, 0]","{""0"": 0.0027855562291335123, ""1"": 0.051253801568716124, ""2"": 0.04104307524144755, ""3"": 0.08292737425174425, ""4"": 0.051653717508493686}"
11803055,external,uncertainty,0.025,0.013339649646763171,0.014631225401455372,0.016713323473971985,0.005706123694700482,0.0071402357127241115,30,4,"[120, 8, 7, 9, 6]","{""0"": 0.0056027867215253865, ""1"": 0.0023137106449904435, ""2"": 0.020004750209040943, ""3"": 0.005649340236007219, ""4"": 0.03312766042225188}"
11803055,external,random,0.025,0.013818084466177495,0.01535356617273335,0.033583753575990395,0.00546389428691468,0.00623228469579824,30,4,"[120, 4, 10, 8, 8]","{""0"": 0.0015819129253921772, ""1"": 0.002034381339511641, ""2"": 0.0024275820962177995, ""3"": 0.03008578139880749, ""4"": 0.03296076457095839}"
11803055,external,cycle,0.025,0.010144499526965837,0.012177511957462667,0.01502956853279468,0.004610167802975606,0.005583216421439275,30,4,"[120, 8, 7, 8, 7]","{""0"": 0.0031072079213485403, ""1"": 0.002356942706586898, ""2"": 0.006029592516790118, ""3"": 0.009276619351245902, ""4"": 0.029952135138857736}"
11803055,external,least_seen,0.025,0.008816470996053755,0.011653878325153584,0.005905312632474084,0.0052713085493620885,0.007865895572538868,30,4,"[120, 8, 8, 7, 7]","{""0"": 0.0014821592447873428, ""1"": 0.0016190628404464124, ""2"": 0.003250870228153732, ""3"": 0.0037875473477066057, ""4"": 0.03394271531917468}"
11803055,external,single_action,0.025,0.05385177940320305,0.06558345054684858,0.0645960979111866,0.0148871981545003,0.00188043666545632,30,1,"[120, 30, 0, 0, 0]","{""0"": 0.012806557288981483, ""1"": 0.09384432054903206, ""2"": 0.049881881008451597, ""3"": 0.041874536899941604, ""4"": 0.07085160126960853}"
11803055,external,no_probes,0.025,0.06262154831856451,0.06851230978511276,0.06442747936938242,0.00286319798710351,0.0023816567146141394,0,0,"[150, 0, 0, 0, 0]","{""0"": 0.002030502284593495, ""1"": 0.10105060607672982, ""2"": 0.11026912796930562, ""3"": 0.04511849792606359, ""4"": 0.05463900733612998}"
11803055,sensor,uncertainty,0.025,0.002326039665670106,0.0005995356346604031,0.002921242519575184,0.002137515298759164,0.002158577152907788,30,4,"[120, 7, 8, 9, 6]","{""0"": 0.0014025793215483966, ""1"": 0.001973664919149577, ""2"": 0.0023000716257688667, ""3"": 0.00372620853135162, ""4"": 0.0022276739305320723}"
11803055,sensor,random,0.025,0.002636841966629573,0.0011404849669541285,0.015837802290585075,0.0018755304599363321,0.0021744735727216905,30,4,"[120, 4, 10, 8, 8]","{""0"": 0.0016235237673836143, ""1"": 0.002472280463216394, ""2"": 0.003272043653924424, ""3"": 0.0029194781481050457, ""4"": 0.002896883800518383}"
11803055,sensor,cycle,0.025,0.0039249481644704105,0.0011458351978396726,0.004709117665742426,0.0022545471321138042,0.0021362431997070932,30,4,"[120, 8, 7, 8, 7]","{""0"": 0.001615930031896321, ""1"": 0.004471388644394245, ""2"": 0.0034746706244338566, ""3"": 0.007567346373565892, ""4"": 0.0024954051480617387}"
11803055,sensor,least_seen,0.025,0.002463672948084464,0.000992080438927474,0.0031082149144555996,0.001988733374888246,0.002155940921684313,30,4,"[120, 8, 8, 7, 7]","{""0"": 0.0015589050792843508, ""1"": 0.0025716751377830326, ""2"": 0.0026591525372640285, ""3"": 0.004162286930250672, ""4"": 0.0013663450558402369}"
11803055,sensor,single_action,0.025,0.027973494841104885,0.02957994533121117,0.04473087163442728,0.002372927412805817,0.002344375140260799,30,1,"[120, 30, 0, 0, 0]","{""0"": 0.004236021481353811, ""1"": 0.012218129098260396, ""2"": 0.022938816703334447, ""3"": 0.0621699663851884, ""4"": 0.038304540537387376}"
11803055,sensor,no_probes,0.025,0.04744333683348747,0.04566930550178574,0.04641673938735301,0.0018681697828417832,0.0017826085383270242,0,0,"[150, 0, 0, 0, 0]","{""0"": 0.0025076613320918232, ""1"": 0.05477069153036942, ""2"": 0.08374352150807346, ""3"": 0.05191667661571373, ""4"": 0.04427813318118895}"
11803055,motor_external,uncertainty,0.025,0.008559558608075826,0.011269390178854314,0.015534890616049563,0.01169580182899977,0.010670687039520298,30,4,"[120, 8, 7, 9, 6]","{""0"": 0.0018063117612181717, ""1"": 0.005716112301657846, ""2"": 0.02949677272455697, ""3"": 0.003479968039470424, ""4"": 0.0022986282134757102}"
11803055,motor_external,random,0.025,0.0109360876380624,0.011747339602876775,0.020462676267807175,0.014461463610046849,0.007693946181110816,30,4,"[120, 4, 10, 8, 8]","{""0"": 0.002012024902139013, ""1"": 0.013127659734173023, ""2"": 0.03212146205436688, ""3"": 0.0016157511815276572, ""4"": 0.00580354031810541}"
11803055,motor_external,cycle,0.025,0.013452515842785931,0.016059615794006155,0.008017808616956551,0.012557308524365924,0.006103227623166099,30,4,"[120, 8, 7, 8, 7]","{""0"": 0.00459791777799531, ""1"": 0.009176087762199386, ""2"": 0.03471478573930715, ""3"": 0.015811248791740732, ""4"": 0.002962539142687083}"
11803055,motor_external,least_seen,0.025,0.01447791973919635,0.016233032725271886,0.016813888766371975,0.01385355040609108,0.007067275197245203,30,4,"[120, 8, 8, 7, 7]","{""0"": 0.003604963510928252, ""1"": 0.015127787026695127, ""2"": 0.03779829134406008, ""3"": 0.009065391588831257, ""4"": 0.006793165225467023}"
11803055,motor_external,single_action,0.025,0.07751941901711223,0.08375333938697783,0.06330759740063592,0.013752818457207085,0.003227450887411894,30,1,"[120, 30, 0, 0, 0]","{""0"": 0.020175709736287132, ""1"": 0.017951249805766806, ""2"": 0.09871181492861521, ""3"": 0.11247038511357925, ""4"": 0.1382879355013128}"
11803055,motor_external,no_probes,0.025,0.06231960302165977,0.0680433495555462,0.0643715835413907,0.00286319798710351,0.0023816567146141394,0,0,"[150, 0, 0, 0, 0]","{""0"": 0.0015424917789484283, ""1"": 0.04687926210569875, ""2"": 0.05209127637372793, ""3"": 0.10928317198056625, ""4"": 0.10180181286935754}"
11803055,unknown_nonlinear,uncertainty,0.025,0.019235818874195305,0.013057296713218198,0.021876634779678154,0.006326405215677972,0.0024689471900181618,30,4,"[120, 7, 8, 9, 6]","{""0"": 0.0013802009731867073, ""1"": 0.0033364430560364005, ""2"": 0.032288416496574275, ""3"": 0.005035879332708169, ""4"": 0.05413815451247097}"
11803055,unknown_nonlinear,random,0.025,0.02027836762405793,0.01281063799674268,0.016121469576781504,0.003507196435661287,0.002677863187970363,30,4,"[120, 4, 10, 8, 8]","{""0"": 0.0013054233701631582, ""1"": 0.042886343085057156, ""2"": 0.015645214775778366, ""3"": 0.006589112237073099, ""4"": 0.034965744652217856}"
11803055,unknown_nonlinear,cycle,0.025,0.024599622865025705,0.01819524221580882,0.03204484351023437,0.00518603232011401,0.005683585305798882,30,4,"[120, 8, 7, 8, 7]","{""0"": 0.0014674501185641716, ""1"": 0.003709421760969283, ""2"": 0.036557090283500966, ""3"": 0.006177292490169947, ""4"": 0.07508685967192417}"
11803055,unknown_nonlinear,least_seen,0.025,0.018211409843269476,0.015382937660438,0.030170479870310858,0.00372338230733811,0.0050321655072771195,30,4,"[120, 8, 8, 7, 7]","{""0"": 0.0015929442738933086, ""1"": 0.005991991626951594, ""2"": 0.029804674537406848, ""3"": 0.003314376699898028, ""4"": 0.05035306207819761}"
11803055,unknown_nonlinear,single_action,0.025,0.053678496725787575,0.040893856208800594,0.04383333877413077,0.0024399056685579274,0.002328635398501938,30,1,"[120, 30, 0, 0, 0]","{""0"": 0.005558502664910641, ""1"": 0.07952152226110075, ""2"": 0.051866290824891415, ""3"": 0.01626087115327256, ""4"": 0.11518529672476248}"
11803055,unknown_nonlinear,no_probes,0.025,0.050061052204140775,0.04406560660890099,0.043465269241102146,0.0017857003605001695,0.0017683534980252268,0,0,"[150, 0, 0, 0, 0]","{""0"": 0.004606653270041508, ""1"": 0.0028348621399682493, ""2"": 0.1250807058356709, ""3"": 0.021615631765182875, ""4"": 0.09616740800984026}"
11803192,none,uncertainty,0.025,0.0022535238717721674,0.001039945861344859,0.010006565768100634,0.0014891151239795042,0.0015520250852887098,30,4,"[120, 8, 7, 9, 6]","{""0"": 0.0013053029633915564, ""1"": 0.0018197175276189886, ""2"": 0.003548179304620024, ""3"": 0.0010901620411410422, ""4"": 0.0035042575220892267}"
11803192,none,random,0.025,0.014641312112288033,0.004613099366445095,0.032338922991937157,0.001688234341081232,0.0014244784317371973,30,4,"[120, 8, 6, 6, 10]","{""0"": 0.0016807179500627882, ""1"": 0.01243215080993417, ""2"": 0.016952453463359506, ""3"": 0.02795208062413344, ""4"": 0.01418915771395028}"
11803192,none,cycle,0.025,0.0018689741246074028,0.0006005422843580807,0.002572575327207131,0.0015749855707187705,0.0015541258342399776,30,4,"[120, 8, 7, 8, 7]","{""0"": 0.0011613746323170344, ""1"": 0.0010195507923109535, ""2"": 0.002734990656342145, ""3"": 0.0009850876041994092, ""4"": 0.0034438669378674715}"
11803192,none,least_seen,0.025,0.0018117864501809944,0.0005595133793755674,0.0023624702985927475,0.001712304262176488,0.001387235832460791,30,4,"[120, 8, 8, 7, 7]","{""0"": 0.001144748870048309, ""1"": 0.002844572727865803, ""2"": 0.000975794967858284, ""3"": 0.0020433569270989567, ""4"": 0.0020504587580336187}"
11803192,none,single_action,0.025,0.044366268879435865,0.04978655710744047,0.07555756515646066,0.005127501488974211,0.0014646538177017626,30,1,"[120, 30, 0, 0, 0]","{""0"": 0.004034734783484433, ""1"": 0.02007307724548202, ""2"": 0.0015243933972783868, ""3"": 0.1095552659183025, ""4"": 0.086643873052632}"
11803192,none,no_probes,0.025,0.07665369431028729,0.07680333387518935,0.07669107592349053,0.0013774576085597138,0.00126589673623785,0,0,"[150, 0, 0, 0, 0]","{""0"": 0.0012591651856244206, ""1"": 0.09578040772538506, ""2"": 0.09652155837667385, ""3"": 0.08627564598879882, ""4"": 0.10343169427495424}"
11803192,motor,uncertainty,0.025,0.04455347175283134,0.0413048384629837,0.008897703834566124,0.026377436675562128,0.0023708176482733017,30,4,"[120, 7, 8, 8, 7]","{""0"": 0.0011360886827589212, ""1"": 0.04259984168790391, ""2"": 0.05204331721108377, ""3"": 0.06370395269787538, ""4"": 0.06328415848453478}"
11803192,motor,random,0.025,0.012655746737390276,0.003397118549348465,0.03475183589844107,0.015185499480348514,0.0019183698135897395,30,4,"[120, 8, 6, 6, 10]","{""0"": 0.002319529753919275, ""1"": 0.018794156089335615, ""2"": 0.010156711198430915, ""3"": 0.01457811581741387, ""4"": 0.01743022082785171}"
11803192,motor,cycle,0.025,0.00959139244325487,0.008426305936503906,0.0019824649132287836,0.02137419239159567,0.00200175240758789,30,4,"[120, 8, 7, 8, 7]","{""0"": 0.0013631349953074573, ""1"": 0.008103979075469501, ""2"": 0.009913414060957281, ""3"": 0.010262668998721164, ""4"": 0.01831376508581894}"
11803192,motor,least_seen,0.025,0.004972782509090778,0.003082630113987897,0.00252615341409218,0.02262777268229507,0.002004864065498249,30,4,"[120, 8, 8, 7, 7]","{""0"": 0.0012860564460650727, ""1"": 0.007876798476967985, ""2"": 0.0037496628498105145, ""3"": 0.003636523119459795, ""4"": 0.008314871653150521}"
11803192,motor,single_action,0.025,0.15118155592663649,0.13746916613323332,0.06660715744431028,0.014015072003488565,0.00845137218503544,30,1,"[120, 30, 0, 0, 0]","{""0"": 0.005937445939135008, ""1"": 0.30180775283142985, ""2"": 0.21862190840067078, ""3"": 0.10635599989997706, ""4"": 0.12318467256196967}"
11803192,motor,no_probes,0.025,0.08243400595206617,0.08248827478911926,0.08265102650730376,0.0013774576085597138,0.00126589673623785,0,0,"[150, 0, 0, 0, 0]","{""0"": 0.0011233254423508622, ""1"": 0.0937515620962378, ""2"": 0.09720681334027946, ""3"": 0.1065101152091823, ""4"": 0.11357821367228044}"
11803192,external,uncertainty,0.025,0.0040412126352472435,0.005136982327928536,0.00296399253013828,0.008489390048112173,0.004769837781672471,30,4,"[120, 7, 8, 8, 7]","{""0"": 0.0010675011615565416, ""1"": 0.00965228278836175, ""2"": 0.0009988278053559743, ""3"": 0.007644711787015962, ""4"": 0.0008427396339459886}"
11803192,external,random,0.025,0.008447744461124751,0.01365911193491834,0.004190843036433205,0.014806834385918828,0.013096681961104572,30,4,"[120, 8, 6, 6, 10]","{""0"": 0.002791860258037586, ""1"": 0.010308170929518164, ""2"": 0.0042408046079424515, ""3"": 0.020911785209880556, ""4"": 0.0039861013002449935}"
11803192,external,cycle,0.025,0.0041109030097654245,0.00503830231730988,0.0073272789700445035,0.007629899496451936,0.007271988016873557,30,4,"[120, 8, 7, 8, 7]","{""0"": 0.0012408240270416775, ""1"": 0.006933619339243597, ""2"": 0.005059997252217435, ""3"": 0.003946310469925353, ""4"": 0.003373763960399062}"
11803192,external,least_seen,0.025,0.0032320847351458818,0.004265382554391697,0.0032695041468364253,0.005366872781034561,0.007300648716863004,30,4,"[120, 8, 8, 7, 7]","{""0"": 0.0010847796106459254, ""1"": 0.008132805652956578, ""2"": 0.001159773001194867, ""3"": 0.003185033702506618, ""4"": 0.002598031708425421}"
11803192,external,single_action,0.025,0.010920961156919935,0.01788113702057762,0.009093210786946774,0.00891187699443867,0.0031814569438793636,30,1,"[120, 30, 0, 0, 0]","{""0"": 0.004759050847380601, ""1"": 0.027366220659099758, ""2"": 0.00816240995081989, ""3"": 0.004759050847380601, ""4"": 0.009558073479918824}"
11803192,external,no_probes,0.025,0.007007662032132809,0.009631225479159069,0.008886581460880514,0.0034726983487750125,0.004097492174570583,0,0,"[150, 0, 0, 0, 0]","{""0"": 0.0011635342841325982, ""1"": 0.012349178745916588, ""2"": 0.014301168217781865, ""3"": 0.0011635342841325982, ""4"": 0.006060894628700392}"
11803192,sensor,uncertainty,0.025,0.002705072675934322,0.0007709359052074855,0.008167391747206204,0.0015594383292284004,0.0016475299343113555,30,4,"[120, 7, 8, 9, 6]","{""0"": 0.001174980438271559, ""1"": 0.001232147089070293, ""2"": 0.003978072191148111, ""3"": 0.0007111802840028864, ""4"": 0.00642898337717876}"
11803192,sensor,random,0.025,0.013662330243372028,0.004726741296511229,0.032338922991937157,0.002094122235598917,0.0014045412253336812,30,4,"[120, 8, 6, 6, 10]","{""0"": 0.0018045953804608171, ""1"": 0.011071378817690677, ""2"": 0.01495417702880903, ""3"": 0.027461818943941313, ""4"": 0.0130196810459583}"
11803192,sensor,cycle,0.025,0.0016362123091581751,0.0005891297393151139,0.002572575327207131,0.0017094049309741538,0.0015701041700975998,30,4,"[120, 8, 7, 8, 7]","{""0"": 0.0009684836763326519, ""1"": 0.001007441090600288, ""2"": 0.0020972821637259883, ""3"": 0.0009836714187034638, ""4"": 0.0031241831964284837}"
11803192,sensor,least_seen,0.025,0.0017436626503329956,0.0005723808996473592,0.0023624702985927475,0.0021361029515808688,0.0013846631070887907,30,4,"[120, 8, 8, 7, 7]","{""0"": 0.001062343001261684, ""1"": 0.0027145318705278317, ""2"": 0.0009503001057383904, ""3"": 0.001971232273856548, ""4"": 0.002019906000280524}"
11803192,sensor,single_action,0.025,0.04803924100598025,0.0574951961099902,0.07555756515646066,0.005050694412018452,0.0014344162009392487,30,1,"[120, 30, 0, 0, 0]","{""0"": 0.004102229924130964, ""1"": 0.03133716981664325, ""2"": 0.00862452060064814, ""3"": 0.11175584782833951, ""4"": 0.08437643686013936}"
11803192,sensor,no_probes,0.025,0.07647343219977489,0.07679838501607186,0.07669107592349053,0.001612886276366867,0.0012675760482326595,0,0,"[150, 0, 0, 0, 0]","{""0"": 0.0011036714955071547, ""1"": 0.09718827742580206, ""2"": 0.09472733119318628, ""3"": 0.08417377802974901, ""4"": 0.10517410285462984}"
11803192,motor_external,uncertainty,0.025,0.004718429403635904,0.0043441475443780995,0.0019655597766440017,0.025811971998707443,0.006794184253764394,30,4,"[120, 7, 8, 9, 6]","{""0"": 0.0021179516233553685, ""1"": 0.0017653530470386264, ""2"": 0.0026169084084024298, ""3"": 0.0014046650568455266, ""4"": 0.01568726888253757}"
11803192,motor_external,random,0.025,0.011145272589691755,0.010885324344477103,0.009908053807920049,0.04295270597016683,0.017829875051495372,30,4,"[120, 8, 6, 6, 10]","{""0"": 0.0031961972364755137, ""1"": 0.014659776769537667, ""2"": 0.004191874269558159, ""3"": 0.009787954847497053, ""4"": 0.023890559825390387}"
11803192,motor_external,cycle,0.025,0.004949601418643585,0.005256898770275565,0.0022488335788762095,0.02399398822089732,0.008107213997084008,30,4,"[120, 8, 7, 8, 7]","{""0"": 0.0019772155773346736, ""1"": 0.0032226778728019476, ""2"": 0.002390287939155349, ""3"": 0.0012481350696878807, ""4"": 0.015909690634238065}"
11803192,motor_external,least_seen,0.025,0.005116787704136596,0.005075583941227009,0.008987913958580772,0.026359805902183973,0.0075003996459306905,30,4,"[120, 8, 8, 7, 7]","{""0"": 0.0020546312016935016, ""1"": 0.005249258222224252, ""2"": 0.0015053623477595413, ""3"": 0.0022013952240236023, ""4"": 0.01457329152498208}"
11803192,motor_external,single_action,0.025,0.011305629903379695,0.015393230930568724,0.01069866285376612,0.022898818613332653,0.0028398423379792314,30,1,"[120, 30, 0, 0, 0]","{""0"": 0.0054731941770415115, ""1"": 0.007002170080657469, ""2"": 0.00541194639328708, ""3"": 0.0056312774013792645, ""4"": 0.03300956146453317}"
11803192,motor_external,no_probes,0.025,0.008584236962293884,0.009494958743819224,0.010157240138064511,0.0034726983487750125,0.004097492174570583,0,0,"[150, 0, 0, 0, 0]","{""0"": 0.0020829843060151524, ""1"": 0.0020829843060151524, ""2"": 0.0045822309403962735, ""3"": 0.01226476735773782, ""4"": 0.021908217901305028}"
11803192,unknown_nonlinear,uncertainty,0.025,0.03216816770153585,0.01580288620189751,0.06598189065276652,0.0019508040480581772,0.006213178885044357,30,4,"[120, 8, 7, 9, 6]","{""0"": 0.01038624073351335, ""1"": 0.03325510864828843, ""2"": 0.06373662358204853, ""3"": 0.039056255221589974, ""4"": 0.014406610322238987}"
11803192,unknown_nonlinear,random,0.025,0.016188103829841583,0.012243430109488251,0.02800617876605118,0.004037054220225325,0.001857259194058542,30,4,"[120, 8, 6, 6, 10]","{""0"": 0.005561524727960308, ""1"": 0.010340674313648046, ""2"": 0.028811371963274778, ""3"": 0.012928252562700977, ""4"": 0.023298695581623802}"
11803192,unknown_nonlinear,cycle,0.025,0.025694417190704852,0.013779464345689432,0.030847104106163207,0.0025454034321644977,0.002092531916788832,30,4,"[120, 8, 7, 8, 7]","{""0"": 0.00892630256233363, ""1"": 0.02152422533877942, ""2"": 0.058861205762522954, ""3"": 0.013801806589903572, ""4"": 0.025358545699984667}"
11803192,unknown_nonlinear,least_seen,0.025,0.018418736977461426,0.014485636606004914,0.01730420725775641,0.0029224991271036647,0.00541332517978983,30,4,"[120, 8, 8, 7, 7]","{""0"": 0.002110686037942612, ""1"": 0.0054683273159955, ""2"": 0.023242070024315706, ""3"": 0.02887503843171545, ""4"": 0.032397563077337856}"
11803192,unknown_nonlinear,single_action,0.025,0.04823807299107487,0.027895878155113366,0.040369383362428665,0.0052906008096703545,0.001470489250595982,30,1,"[120, 30, 0, 0, 0]","{""0"": 0.010942037969870594, ""1"": 0.04506808510633262, ""2"": 0.06435813200794067, ""3"": 0.03822443126653869, ""4"": 0.08259767860469176}"
11803192,unknown_nonlinear,no_probes,0.025,0.0482956267422143,0.0418601241984143,0.03753876882428352,0.0013774576085597138,0.00126589673623785,0,0,"[150, 0, 0, 0, 0]","{""0"": 0.011748968786508149, ""1"": 0.03313539607984945, ""2"": 0.07385195232304032, ""3"": 0.02196158481020734, ""4"": 0.10078023171146618}"
