seed,cause,policy,noise,range_mse,inertial_mse,knn_range_mse,prequential_early,prequential_late,nonzero_probes,distinct_probe_commands,action_counts,counterfactual_by_action
11800041,none,uncertainty,0.13,0.01941325069574068,0.030977936616460068,0.035804989985101926,0.04113836498091276,0.03309838854119381,30,4,"[120, 6, 9, 8, 7]","{""0"": 0.01777580242447396, ""1"": 0.020900785908083603, ""2"": 0.01878625020027164, ""3"": 0.018819288140534362, ""4"": 0.020784126805339833}"
11800041,none,random,0.13,0.04455487733489181,0.02492780986210253,0.04767335535295193,0.040305120845085404,0.030721206800854346,30,4,"[120, 11, 7, 8, 4]","{""0"": 0.028394711226325937, ""1"": 0.03920505170707215, ""2"": 0.05551222126146053, ""3"": 0.03291412543420949, ""4"": 0.06674827704539092}"
11800041,none,cycle,0.13,0.024425622859125213,0.02672681049182667,0.02435753974888256,0.03945314628486897,0.03254474374344437,30,4,"[120, 8, 7, 8, 7]","{""0"": 0.01880374802334106, ""1"": 0.014961716456111185, ""2"": 0.04353519332148914, ""3"": 0.015209999213411365, ""4"": 0.029617457281273324}"
11800041,none,least_seen,0.13,0.01992084148937285,0.026093885321999594,0.029088319673399074,0.04018393168969477,0.032816884015887025,30,4,"[120, 8, 8, 7, 7]","{""0"": 0.01679548567561069, ""1"": 0.019492955970705397, ""2"": 0.020545639102105624, ""3"": 0.02339843047852232, ""4"": 0.019371696219920218}"
11800041,none,single_action,0.13,0.35537459821029527,0.08587168927487872,0.06990117737690531,0.04587748650019275,0.03111751517487619,30,1,"[120, 30, 0, 0, 0]","{""0"": 0.3045656320419644, ""1"": 0.5693981376108064, ""2"": 0.1339786965437426, ""3"": 0.5057151416088205, ""4"": 0.2632153832461426}"
11800041,none,no_probes,0.13,0.07994605875073206,0.07980634497778545,0.072593448460289,0.03849823109003284,0.028942062624382595,0,0,"[150, 0, 0, 0, 0]","{""0"": 0.022592358448588437, ""1"": 0.07271728714132526, ""2"": 0.10533572365458448, ""3"": 0.06289287940751208, ""4"": 0.1361920451016501}"
11800041,motor,uncertainty,0.13,0.031098434568868308,0.025211110620424294,0.033067238915745756,0.041165134106393726,0.03289965777873674,30,4,"[120, 8, 7, 7, 8]","{""0"": 0.020418985630515637, ""1"": 0.046182010040699, ""2"": 0.026367432056895207, ""3"": 0.033609485637456575, ""4"": 0.028914259478775118}"
11800041,motor,random,0.13,0.04799429218159865,0.03891807831930212,0.0541119148165969,0.048720032123126575,0.034227078549358726,30,4,"[120, 11, 7, 8, 4]","{""0"": 0.022818021750291736, ""1"": 0.0752870483808688, ""2"": 0.04194507690040291, ""3"": 0.032744377428830344, ""4"": 0.06717693644759944}"
11800041,motor,cycle,0.13,0.048196472999871925,0.042325101901226986,0.027646205390836783,0.0507692716893092,0.03292810483596038,30,4,"[120, 8, 7, 8, 7]","{""0"": 0.02123129008345269, ""1"": 0.05187127752103543, ""2"": 0.05586907665645539, ""3"": 0.040092442646359056, ""4"": 0.07191827809205707}"
11800041,motor,least_seen,0.13,0.06550128091776282,0.0451911987786636,0.02799668596246929,0.048026168261979876,0.03200204362564922,30,4,"[120, 8, 8, 7, 7]","{""0"": 0.02454010074592178, ""1"": 0.07048541219816701, ""2"": 0.06263644439929938, ""3"": 0.07570695549059984, ""4"": 0.09413749175482605}"
11800041,motor,single_action,0.13,0.389173224738436,0.3765191646410121,0.0625713028802293,0.04696709415486951,0.03995909698083205,30,1,"[120, 30, 0, 0, 0]","{""0"": 0.11227533146747863, ""1"": 1.159521791889165, ""2"": 0.320610548273058, ""3"": 0.2454747840830287, ""4"": 0.10798366797944947}"
11800041,motor,no_probes,0.13,0.07959274841474959,0.08008408566206807,0.07309066776842552,0.03849823109003284,0.028942062624382595,0,0,"[150, 0, 0, 0, 0]","{""0"": 0.02206298760437071, ""1"": 0.0628483527531662, ""2"": 0.13510441863960765, ""3"": 0.10387865000589631, ""4"": 0.07406933307070702}"
11800041,external,uncertainty,0.13,0.037748243791240615,0.05513694421788172,0.028678508172903183,0.056863737746062064,0.04468342274196588,30,4,"[120, 7, 8, 8, 7]","{""0"": 0.019677697036592907, ""1"": 0.031192588059870394, ""2"": 0.030072246703187838, ""3"": 0.023106064931430914, ""4"": 0.08469262222512101}"
11800041,external,random,0.13,0.04961576341190775,0.08135145561842441,0.05756861038620595,0.06104260425078198,0.034561782973510244,30,4,"[120, 11, 7, 8, 4]","{""0"": 0.021081424388073252, ""1"": 0.030323109491225114, ""2"": 0.04786287914804307, ""3"": 0.018085998821465034, ""4"": 0.1307254052107323}"
11800041,external,cycle,0.13,0.03801733363594405,0.05544517279287399,0.02946317965243405,0.05787105938955219,0.04384706087685015,30,4,"[120, 8, 7, 8, 7]","{""0"": 0.020097412060254182, ""1"": 0.029975741918977356, ""2"": 0.030387332501656567, ""3"": 0.022791703334309188, ""4"": 0.08683447836452296}"
11800041,external,least_seen,0.13,0.03669861299130841,0.051985796772860075,0.031172532639024406,0.0567043699713105,0.04450637925905919,30,4,"[120, 8, 8, 7, 7]","{""0"": 0.019812512261160455, ""1"": 0.031195652763201607, ""2"": 0.02433946387467603, ""3"": 0.024312877421459888, ""4"": 0.08383255863604405}"
11800041,external,single_action,0.13,0.08014506720403423,0.17127584959795414,0.05647973642991271,0.055095309424214506,0.036564604822607774,30,1,"[120, 30, 0, 0, 0]","{""0"": 0.03975707129251496, ""1"": 0.05120166097598278, ""2"": 0.12767610003215388, ""3"": 0.04142665449708067, ""4"": 0.14066384922243888}"
11800041,external,no_probes,0.13,0.05187119573638274,0.0697067758379706,0.05349515837892419,0.048428221383397994,0.03263094015806816,0,0,"[150, 0, 0, 0, 0]","{""0"": 0.0199271215764317, ""1"": 0.04585902944446774, ""2"": 0.0199271215764317, ""3"": 0.0837659476112275, ""4"": 0.08987675847335508}"
11800041,sensor,uncertainty,0.13,0.017381342249638963,0.04031665361099986,0.03113209203187238,0.03920123545771164,0.032956022823807614,30,4,"[120, 6, 9, 7, 8]","{""0"": 0.014133285061996724, ""1"": 0.026683109794914932, ""2"": 0.015562362858923207, ""3"": 0.015497119571962608, ""4"": 0.015030833960397361}"
11800041,sensor,random,0.13,0.05086824333754975,0.02855764869408177,0.04767335535295193,0.03911060060674854,0.03064218059169327,30,4,"[120, 11, 7, 8, 4]","{""0"": 0.03572256327058209, ""1"": 0.038385445950436754, ""2"": 0.06820826938176534, ""3"": 0.03153810593305967, ""4"": 0.08048683215190487}"
11800041,sensor,cycle,0.13,0.02506690930554172,0.027844294545470563,0.02435753974888256,0.0381854685873944,0.032805468769943884,30,4,"[120, 8, 7, 8, 7]","{""0"": 0.01935109919268053, ""1"": 0.014976806436868023, ""2"": 0.044007204302984874, ""3"": 0.015679462227985243, ""4"": 0.03131997436718991}"
11800041,sensor,least_seen,0.13,0.020755198362617307,0.02751647859994771,0.029088319673399074,0.038851685892354125,0.03271827038648147,30,4,"[120, 8, 8, 7, 7]","{""0"": 0.017006426421006204, ""1"": 0.02213598072722932, ""2"": 0.020500593910436318, ""3"": 0.022779103606972485, ""4"": 0.021353887147442224}"
11800041,sensor,single_action,0.13,0.33861495030809613,0.09932921077629309,0.06990117737690531,0.04588006985599705,0.03100124996516429,30,1,"[120, 30, 0, 0, 0]","{""0"": 0.2832220580044715, ""1"": 0.5250534871582931, ""2"": 0.1591321674336907, ""3"": 0.5074065262299792, ""4"": 0.21826051271404615}"
11800041,sensor,no_probes,0.13,0.08075778106163084,0.08114301213780209,0.072593448460289,0.037992543586436646,0.028998245844853623,0,0,"[150, 0, 0, 0, 0]","{""0"": 0.02336002404033759, ""1"": 0.06979611583840699, ""2"": 0.10995726189571753, ""3"": 0.06719142331704875, ""4"": 0.13348408021664335}"
11800041,motor_external,uncertainty,0.13,0.038340360077060445,0.05017423143044901,0.032028591004771734,0.05794150314425527,0.048907568727979384,30,4,"[120, 7, 8, 8, 7]","{""0"": 0.0256421261684829, ""1"": 0.04922549473787432, ""2"": 0.06786324596581116, ""3"": 0.02653239743950814, ""4"": 0.022438536073625757}"
11800041,motor_external,random,0.13,0.04132770111088339,0.08181203319679176,0.0560808320963266,0.0645964573542286,0.034743136592332614,30,4,"[120, 11, 7, 8, 4]","{""0"": 0.026739634014669462, ""1"": 0.04619286193621459, ""2"": 0.08217331088920299, ""3"": 0.023170097881365783, ""4"": 0.028362600832964116}"
11800041,motor_external,cycle,0.13,0.03740164929501253,0.05318298345594149,0.033066394306643,0.06588074586887122,0.03958235479716598,30,4,"[120, 8, 7, 8, 7]","{""0"": 0.02567653566952496, ""1"": 0.02143536982672886, ""2"": 0.08520897070269347, ""3"": 0.028863147431587893, ""4"": 0.02582422284452744}"
11800041,motor_external,least_seen,0.13,0.037193024508333644,0.050491578967948786,0.03806427699217339,0.05855184747945881,0.040830337545901256,30,4,"[120, 8, 8, 7, 7]","{""0"": 0.025155075866752346, ""1"": 0.026295318759304614, ""2"": 0.07511453036883166, ""3"": 0.03384670350948518, ""4"": 0.025553494037294396}"
11800041,motor_external,single_action,0.13,0.08370107399159758,0.1327673420101305,0.05543750854106739,0.06588870353577955,0.04264375002923731,30,1,"[120, 30, 0, 0, 0]","{""0"": 0.03646230850407945, ""1"": 0.07186063423354674, ""2"": 0.22486261537355876, ""3"": 0.03646230850407945, ""4"": 0.048857503342723575}"
11800041,motor_external,no_probes,0.13,0.05582093811519588,0.07075230037755532,0.058013214640987194,0.048428221383397994,0.03263094015806816,0,0,"[150, 0, 0, 0, 0]","{""0"": 0.02533527868814804, ""1"": 0.0814599701904324, ""2"": 0.09965946909438206, ""3"": 0.02533527868814804, ""4"": 0.04731469391486889}"
11800041,unknown_nonlinear,uncertainty,0.13,0.08182364203475097,0.04914663190895744,0.058069953607401734,0.04177995717161137,0.037765990112333316,30,4,"[120, 6, 9, 8, 7]","{""0"": 0.04509947125957101, ""1"": 0.19587535657146538, ""2"": 0.04704499293687017, ""3"": 0.07722964753129491, ""4"": 0.04386874187455334}"
11800041,unknown_nonlinear,random,0.13,0.16777330502287563,0.04433882347204478,0.06839737853689559,0.043550402431032254,0.032027880631882666,30,4,"[120, 11, 7, 8, 4]","{""0"": 0.11625968503572152, ""1"": 0.21270940988295975, ""2"": 0.16991803962606733, ""3"": 0.10373636156450916, ""4"": 0.2362430290051202}"
11800041,unknown_nonlinear,cycle,0.13,0.13940142900784572,0.04616798513197916,0.049573346430253254,0.04032974864444685,0.03610981000976689,30,4,"[120, 8, 7, 8, 7]","{""0"": 0.09964142448377576, ""1"": 0.05407044457340935, ""2"": 0.3585433019295357, ""3"": 0.10071389080220468, ""4"": 0.08403808325030314}"
11800041,unknown_nonlinear,least_seen,0.13,0.11123806351171812,0.05212152030163285,0.044629350019978205,0.04150157027636716,0.03532915997950391,30,4,"[120, 8, 8, 7, 7]","{""0"": 0.07805726660818149, ""1"": 0.22738665466736652, ""2"": 0.08213181502755003, ""3"": 0.10818967797157508, ""4"": 0.06042490328391751}"
11800041,unknown_nonlinear,single_action,0.13,0.536250537947549,0.06457310907582715,0.05557533531109846,0.04636080352906035,0.03134969451623786,30,1,"[120, 30, 0, 0, 0]","{""0"": 0.49933680399804975, ""1"": 0.898137634053842, ""2"": 0.3522776063000191, ""3"": 0.4379148383397757, ""4"": 0.49358580704605837}"
11800041,unknown_nonlinear,no_probes,0.13,0.21919660171660593,0.07035099618298979,0.05648416627659026,0.03849823109003284,0.028942062624382595,0,0,"[150, 0, 0, 0, 0]","{""0"": 0.17145520339200296, ""1"": 0.1719420038086441, ""2"": 0.4008034821083124, ""3"": 0.07574414926376985, ""4"": 0.2760381700103003}"
11800178,none,uncertainty,0.13,0.03159383555136786,0.022745169153417885,0.043244138616897555,0.039443012648308524,0.03434767095256867,30,4,"[120, 7, 8, 6, 9]","{""0"": 0.026490979259188807, ""1"": 0.0359497178255879, ""2"": 0.02457556228732799, ""3"": 0.03174254105003525, ""4"": 0.03921037733469936}"
11800178,none,random,0.13,0.06046169400296096,0.03140449508904229,0.03556868054706574,0.03439509503343283,0.030406406186937872,30,4,"[120, 2, 9, 15, 4]","{""0"": 0.04657903382600978, ""1"": 0.05942622972445124, ""2"": 0.06344907438571541, ""3"": 0.033759945393068896, ""4"": 0.09909418668555948}"
11800178,none,cycle,0.13,0.027452839033745104,0.025577553648795503,0.04652896921222666,0.03556244023236231,0.0313102502471978,30,4,"[120, 8, 7, 8, 7]","{""0"": 0.02242821155168304, ""1"": 0.039357441220197215, ""2"": 0.028076973956921217, ""3"": 0.022034625776683584, ""4"": 0.025366942663240435}"
11800178,none,least_seen,0.13,0.03340180365752266,0.02430580212199487,0.04506995873623694,0.03616689552010968,0.03280864680436207,30,4,"[120, 7, 8, 8, 7]","{""0"": 0.024277731959416186, ""1"": 0.04400724813510388, ""2"": 0.03832595452922443, ""3"": 0.026466137986433717, ""4"": 0.033931945677435106}"
11800178,none,single_action,0.13,0.06967257865221495,0.03790102259320937,0.07674976652802204,0.03541871407787965,0.0321264555747492,30,1,"[120, 30, 0, 0, 0]","{""0"": 0.03908185165612867, ""1"": 0.03807420214816735, ""2"": 0.05917600897912498, ""3"": 0.08037066098397305, ""4"": 0.13166016949368073}"
11800178,none,no_probes,0.13,0.10736992925964581,0.05976325711219387,0.07212709427413792,0.03223942663288884,0.03016447850497744,0,0,"[150, 0, 0, 0, 0]","{""0"": 0.06199045728328279, ""1"": 0.1564817896581183, ""2"": 0.05790221232729439, ""3"": 0.19646931255543032, ""4"": 0.06400587447410323}"
11800178,motor,uncertainty,0.13,0.05339738688165563,0.05879069496466601,0.044510275872288875,0.04563501992816143,0.035550603190721015,30,4,"[120, 7, 8, 7, 8]","{""0"": 0.030455149408540452, ""1"": 0.07711455044128494, ""2"": 0.05341157295682767, ""3"": 0.04808809183138091, ""4"": 0.05791756977024412}"
11800178,motor,random,0.13,0.0916932970840401,0.09059903079014524,0.042799901859623145,0.043042276625818145,0.036667966702882006,30,4,"[120, 2, 9, 15, 4]","{""0"": 0.030252544694680167, ""1"": 0.05353064621835454, ""2"": 0.11521515191154909, ""3"": 0.12876880201866606, ""4"": 0.13069934057695068}"
11800178,motor,cycle,0.13,0.02937683246085748,0.03391475497597285,0.05024961937103836,0.05541924339991251,0.030854602596400802,30,4,"[120, 8, 7, 8, 7]","{""0"": 0.025037097240143916, ""1"": 0.03720412420287674, ""2"": 0.02953051029912375, ""3"": 0.02703214891672529, ""4"": 0.028080281645417707}"
11800178,motor,least_seen,0.13,0.0348059259659289,0.019925295906371297,0.05214020639854407,0.05022508372862115,0.03522856930826466,30,4,"[120, 7, 8, 8, 7]","{""0"": 0.026302090832911452, ""1"": 0.04057440043114942, ""2"": 0.041461096943957575, ""3"": 0.02857743985264843, ""4"": 0.03711460176897761}"
11800178,motor,single_action,0.13,0.1125601741182459,0.10076817074096421,0.0874642415348732,0.044346931467876625,0.048532714501035794,30,1,"[120, 30, 0, 0, 0]","{""0"": 0.04069181087209269, ""1"": 0.1953488938237401, ""2"": 0.1448699570309862, ""3"": 0.14155285427461203, ""4"": 0.04033735458979849}"
11800178,motor,no_probes,0.13,0.1018967024532404,0.06387720959385607,0.07505054541808326,0.03223942663288884,0.03016447850497744,0,0,"[150, 0, 0, 0, 0]","{""0"": 0.05272325691044874, ""1"": 0.18683283275674056, ""2"": 0.0662972729085861, ""3"": 0.058225264089076044, ""4"": 0.14540488560135054}"
11800178,external,uncertainty,0.13,0.04483817212784907,0.018944941453563662,0.050430108289347575,0.048743960570942185,0.049852169253858006,30,4,"[120, 8, 7, 6, 9]","{""0"": 0.03241668844517364, ""1"": 0.06963329680618242, ""2"": 0.04193667622989832, ""3"": 0.048694838653343724, ""4"": 0.03150936050464728}"
11800178,external,random,0.13,0.054707845753654324,0.0683595250477748,0.0395467537219101,0.06055618042675044,0.03582638124556055,30,4,"[120, 2, 9, 15, 4]","{""0"": 0.035710362049953905, ""1"": 0.08193457711689127, ""2"": 0.04595581737039104, ""3"": 0.04039021302490867, ""4"": 0.06954825920612671}"
11800178,external,cycle,0.13,0.04316205434453029,0.018405489928323075,0.05028987561569835,0.051333640719737714,0.04102908477246084,30,4,"[120, 8, 7, 8, 7]","{""0"": 0.031808545128979175, ""1"": 0.06346662258196477, ""2"": 0.0514579436076365, ""3"": 0.03667871129714141, ""4"": 0.03239844910692955}"
11800178,external,least_seen,0.13,0.043821597390519065,0.022611510451688965,0.04488763692182875,0.06174022421316527,0.04392897471717008,30,4,"[120, 7, 8, 8, 7]","{""0"": 0.031553957603930254, ""1"": 0.07163715667879267, ""2"": 0.04551776788494392, ""3"": 0.03709508878401324, ""4"": 0.033304016000915225}"
11800178,external,single_action,0.13,0.08446956059716242,0.06478767477069475,0.073842773639575,0.038746754808534886,0.03365596972662181,30,1,"[120, 30, 0, 0, 0]","{""0"": 0.028819289834894814, ""1"": 0.04509680025775411, ""2"": 0.1277125945124348, ""3"": 0.10027177552000342, ""4"": 0.12044734286072496}"
11800178,external,no_probes,0.13,0.07440413552079078,0.05563114407917384,0.07199098587128828,0.04647537061900312,0.03521604425439339,0,0,"[150, 0, 0, 0, 0]","{""0"": 0.03220690619282141, ""1"": 0.03220690619282141, ""2"": 0.08514015972180992, ""3"": 0.11628807491054978, ""4"": 0.10617863058595138}"
11800178,sensor,uncertainty,0.13,0.028383127364039654,0.020509765221686703,0.06393694329522506,0.039465104702391264,0.03632238479806116,30,4,"[120, 7, 8, 6, 9]","{""0"": 0.024662541802549745, ""1"": 0.027989162549390923, ""2"": 0.025253146063610118, ""3"": 0.028328173891948787, ""4"": 0.03568261251269871}"
11800178,sensor,random,0.13,0.07460976680242122,0.027436741666417516,0.03556868054706574,0.03499545955550183,0.030551327702277312,30,4,"[120, 2, 9, 15, 4]","{""0"": 0.057036650347890204, ""1"": 0.07255298503982986, ""2"": 0.0649234289262987, ""3"": 0.05930735009770278, ""4"": 0.11922841960038451}"
11800178,sensor,cycle,0.13,0.027945406933014248,0.025405382759267795,0.04652896921222666,0.03546287203892087,0.031465766274940486,30,4,"[120, 8, 7, 8, 7]","{""0"": 0.022956340355726537, ""1"": 0.0397825978521528, ""2"": 0.02853473517005117, ""3"": 0.02230168501210332, ""4"": 0.02615167627503742}"
11800178,sensor,least_seen,0.13,0.033319892215933816,0.02365921684433098,0.04506995873623694,0.03611916381783106,0.032822060088327595,30,4,"[120, 7, 8, 8, 7]","{""0"": 0.024169807083015915, ""1"": 0.04376154279674218, ""2"": 0.03973071034184903, ""3"": 0.027570142214290574, ""4"": 0.03136725864377135}"
11800178,sensor,single_action,0.13,0.05746024874303668,0.035838401530290255,0.07674976652802204,0.036637657015709514,0.03237194713606129,30,1,"[120, 30, 0, 0, 0]","{""0"": 0.027528117081947714, ""1"": 0.0404815256470074, ""2"": 0.03030969895488636, ""3"": 0.08269114079871047, ""4"": 0.1062907612326315}"
11800178,sensor,no_probes,0.13,0.10762781776647425,0.060022279729213604,0.07212709427413792,0.03257001917502523,0.030295342965150438,0,0,"[150, 0, 0, 0, 0]","{""0"": 0.06225684672778394, ""1"": 0.1589531087883398, ""2"": 0.05586259598540331, ""3"": 0.19252958352991698, ""4"": 0.06853695380092721}"
11800178,motor_external,uncertainty,0.13,0.04261757254111984,0.017071081266306205,0.05637973262019895,0.055622834020254815,0.04251313947468916,30,4,"[120, 8, 7, 7, 8]","{""0"": 0.030308862170970386, ""1"": 0.0450243924181987, ""2"": 0.02863061071811301, ""3"": 0.05463693291818434, ""4"": 0.05448706448013271}"
11800178,motor_external,random,0.13,0.06285876123874298,0.027409229711736014,0.05080550709812251,0.0649928165596647,0.04134101154656191,30,4,"[120, 2, 9, 15, 4]","{""0"": 0.027877481302836016, ""1"": 0.07962354059892292, ""2"": 0.09911677122516664, ""3"": 0.03999184613296982, ""4"": 0.06768416693381954}"
11800178,motor_external,cycle,0.13,0.04206916325724974,0.01912250343450389,0.04793160799354384,0.07131789521377084,0.04457241465895391,30,4,"[120, 8, 7, 8, 7]","{""0"": 0.031244173497341977, ""1"": 0.05151967683635439, ""2"": 0.023604825113354266, ""3"": 0.05207837741002725, ""4"": 0.05189876342917079}"
11800178,motor_external,least_seen,0.13,0.04463247876739395,0.023456125267512163,0.04803957716079474,0.06523574865879396,0.044027042970514435,30,4,"[120, 7, 8, 8, 7]","{""0"": 0.03228228999812768, ""1"": 0.055522568864091876, ""2"": 0.026625782442865977, ""3"": 0.04894385025184009, ""4"": 0.0597879022800441}"
11800178,motor_external,single_action,0.13,0.35140164320644546,0.08945322593296287,0.06793144085767783,0.038701536301513274,0.029669219697322054,30,1,"[120, 30, 0, 0, 0]","{""0"": 0.3059147153239259, ""1"": 0.2229206468653201, ""2"": 0.565095604211089, ""3"": 0.3571625343079661, ""4"": 0.3059147153239261}"
11800178,motor_external,no_probes,0.13,0.07471418279991973,0.056126455607420245,0.07235928130154225,0.04647537061900312,0.03521604425439339,0,0,"[150, 0, 0, 0, 0]","{""0"": 0.03215548144981135, ""1"": 0.11653405497735747, ""2"": 0.10711922300658362, ""3"": 0.08560667311603469, ""4"": 0.03215548144981139}"
11800178,unknown_nonlinear,uncertainty,0.13,0.04042438700255308,0.031569896499099484,0.06085953006628397,0.03857914390142284,0.03650021144951983,30,4,"[120, 8, 7, 7, 8]","{""0"": 0.026480286681987823, ""1"": 0.039682939009331904, ""2"": 0.03315522514682968, ""3"": 0.030412907666426126, ""4"": 0.07239057650818982}"
11800178,unknown_nonlinear,random,0.13,0.06723683232582989,0.029505607944599544,0.03733199293266387,0.0351813446635355,0.029726245039050254,30,4,"[120, 2, 9, 15, 4]","{""0"": 0.043355874370932274, ""1"": 0.10361940688991372, ""2"": 0.0768303503406025, ""3"": 0.07880626476210176, ""4"": 0.03357226526559916}"
11800178,unknown_nonlinear,cycle,0.13,0.03686109726526996,0.03695515213477792,0.05760944104311104,0.0394171785378974,0.03578546076135838,30,4,"[120, 8, 7, 8, 7]","{""0"": 0.023926491903853025, ""1"": 0.060330389185354015, ""2"": 0.020435836689431993, ""3"": 0.03280093491569868, ""4"": 0.04681183363201206}"
11800178,unknown_nonlinear,least_seen,0.13,0.050747842449941176,0.029728704186213175,0.06264474835552676,0.04232331198890738,0.03977866300336735,30,4,"[120, 7, 8, 8, 7]","{""0"": 0.027024978958401336, ""1"": 0.05848785146663208, ""2"": 0.04007733483425543, ""3"": 0.03361993229137365, ""4"": 0.0945291146990434}"
11800178,unknown_nonlinear,single_action,0.13,0.05977883013278344,0.03925665421279424,0.07433143249029765,0.035153124340549236,0.032000593826789075,30,1,"[120, 30, 0, 0, 0]","{""0"": 0.028040864288408348, ""1"": 0.051663017075848555, ""2"": 0.057185275028602066, ""3"": 0.06761515923207519, ""4"": 0.09438983503898309}"
11800178,unknown_nonlinear,no_probes,0.13,0.3037889572242897,0.056896410712492414,0.06800529208918074,0.03223942663288884,0.03016447850497744,0,0,"[150, 0, 0, 0, 0]","{""0"": 0.25588372981176655, ""1"": 0.5227256352499422, ""2"": 0.2453457300770104, ""3"": 0.3869773628103898, ""4"": 0.10801232817234004}"
11800315,none,uncertainty,0.13,0.04264074548615661,0.01723537921726203,0.03286059445802737,0.04217413677146599,0.02891805836214315,30,4,"[120, 6, 8, 9, 7]","{""0"": 0.03587207987284697, ""1"": 0.05649548662500872, ""2"": 0.03627702424881086, ""3"": 0.031165996112331413, ""4"": 0.05339314057178509}"
11800315,none,random,0.13,0.020992649237007357,0.020638858161868535,0.02609589757117143,0.041165143915941435,0.029584373758623227,30,4,"[120, 9, 6, 6, 9]","{""0"": 0.017568095771966916, ""1"": 0.02035975337370931, ""2"": 0.024398066606876833, ""3"": 0.015160004929258673, ""4"": 0.027477325503225042}"
11800315,none,cycle,0.13,0.0338420518748134,0.01596696015313858,0.029408580093236585,0.03919797425508611,0.02779758518067503,30,4,"[120, 8, 7, 8, 7]","{""0"": 0.027064041632459037, ""1"": 0.022725131937650415, ""2"": 0.050094829120982017, ""3"": 0.02002283280544104, ""4"": 0.04930342387753448}"
11800315,none,least_seen,0.13,0.03770368548433599,0.016308988927819356,0.02692882454763996,0.04301029868012612,0.02704033941317004,30,4,"[120, 8, 8, 7, 7]","{""0"": 0.028638825410437063, ""1"": 0.02636237267352384, ""2"": 0.04470306986974915, ""3"": 0.031304186717472975, ""4"": 0.057509972750496886}"
11800315,none,single_action,0.13,0.352550081917944,0.039791643095604075,0.0755626833305204,0.04257096393217096,0.030901565299269566,30,1,"[120, 30, 0, 0, 0]","{""0"": 0.31577403205055815, ""1"": 0.29435000084830004, ""2"": 0.3909394475652681, ""3"": 0.21312379955678137, ""4"": 0.5485631295688124}"
11800315,none,no_probes,0.13,0.09980823740574515,0.06986078023752955,0.07798770768485006,0.03831661366790986,0.027012046070150172,0,0,"[150, 0, 0, 0, 0]","{""0"": 0.042088803808721285, ""1"": 0.14521733978454454, ""2"": 0.09645176354229575, ""3"": 0.05188573663911305, ""4"": 0.1633975432540511}"
11800315,motor,uncertainty,0.13,0.029148551432965093,0.01646579006650439,0.027553290195437594,0.048159865955229,0.028517222885926927,30,4,"[120, 7, 7, 8, 8]","{""0"": 0.0205127577305397, ""1"": 0.015299744111549834, ""2"": 0.05103559164101346, ""3"": 0.021139467570093315, ""4"": 0.03775519611162919}"
11800315,motor,random,0.13,0.019903465029953157,0.019277840005919707,0.022635074631492908,0.04855033164526203,0.03295827979736898,30,4,"[120, 9, 6, 6, 9]","{""0"": 0.015017179471451614, ""1"": 0.016294006939882547, ""2"": 0.022351173269026425, ""3"": 0.035647599089181796, ""4"": 0.010207366380223392}"
11800315,motor,cycle,0.13,0.03496908479891311,0.014936616892983754,0.028945360385344475,0.050980937980308,0.029719355249190275,30,4,"[120, 8, 7, 8, 7]","{""0"": 0.02749772765893479, ""1"": 0.023581226541133805, ""2"": 0.05924421615268694, ""3"": 0.03133839998804207, ""4"": 0.03318385365376791}"
11800315,motor,least_seen,0.13,0.040018208507671696,0.018227206807728165,0.026900950098707146,0.047167310688497804,0.02875692074807092,30,4,"[120, 8, 8, 7, 7]","{""0"": 0.0276452896373843, ""1"": 0.025938605865441833, ""2"": 0.0660703639290811, ""3"": 0.046314657524619156, ""4"": 0.034122125581832134}"
11800315,motor,single_action,0.13,0.2754296307373928,0.22958468426384296,0.0731782621148544,0.04739259418323468,0.035996807872318556,30,1,"[120, 30, 0, 0, 0]","{""0"": 0.16205242388788857, ""1"": 0.2148725253804702, ""2"": 0.5293773170213117, ""3"": 0.2871287066358618, ""4"": 0.18371718076143154}"
11800315,motor,no_probes,0.13,0.08981031943717728,0.06780216190716289,0.07502967613275292,0.03831661366790986,0.027012046070150172,0,0,"[150, 0, 0, 0, 0]","{""0"": 0.03558699647519127, ""1"": 0.0466524800442083, ""2"": 0.15053624959065964, ""3"": 0.08143460308769794, ""4"": 0.13484126798812923}"
11800315,external,uncertainty,0.13,0.02120411362591105,0.01362071454156445,0.02832451370587352,0.057084498609584984,0.029621129829420206,30,4,"[120, 7, 8, 7, 8]","{""0"": 0.017768074719436238, ""1"": 0.02563640155285349, ""2"": 0.01357957308146789, ""3"": 0.028066930804436358, ""4"": 0.02096958797136128}"
11800315,external,random,0.13,0.01927970892696625,0.011176060583463054,0.027665644329915577,0.06458315356643106,0.037472596564276595,30,4,"[120, 9, 6, 6, 9]","{""0"": 0.014846870268193197, ""1"": 0.015740616198100178, ""2"": 0.025157632316664114, ""3"": 0.02250875977005927, ""4"": 0.018144666081814514}"
11800315,external,cycle,0.13,0.026407007397735115,0.015581967073304996,0.026355356626438706,0.05495720686898123,0.03254747033175982,30,4,"[120, 8, 7, 8, 7]","{""0"": 0.01824758132543658, ""1"": 0.016899052528910625, ""2"": 0.05153567407133547, ""3"": 0.014284755806096646, ""4"": 0.031067973256896253}"
11800315,external,least_seen,0.13,0.027496622862070202,0.011746633044029649,0.024783408283835916,0.061304840101173944,0.03334261040436414,30,4,"[120, 8, 8, 7, 7]","{""0"": 0.01818138073563447, ""1"": 0.017632341028325584, ""2"": 0.057471808407111614, ""3"": 0.015994981230195073, ""4"": 0.028202602909084273}"
11800315,external,single_action,0.13,0.08624055252900828,0.04800024875163696,0.048954673059611424,0.055967421733400406,0.03898933741660716,30,1,"[120, 30, 0, 0, 0]","{""0"": 0.04300895893749299, ""1"": 0.028470288785715617, ""2"": 0.12600602822852727, ""3"": 0.05284406097273073, ""4"": 0.18087342572057483}"
11800315,external,no_probes,0.13,0.04830487014498437,0.03340089966593731,0.04689252463698881,0.05485466234312431,0.03032770313962181,0,0,"[150, 0, 0, 0, 0]","{""0"": 0.017928135991614715, ""1"": 0.02078873127065543, ""2"": 0.017928135991614715, ""3"": 0.054339115941631204, ""4"": 0.13054023152940578}"
11800315,sensor,uncertainty,0.13,0.03474134491552657,0.016607484092663737,0.025643815242124564,0.04070875663170132,0.029727081938168604,30,4,"[120, 7, 8, 7, 8]","{""0"": 0.0308083577257104, ""1"": 0.03191574218406699, ""2"": 0.041682394873774176, ""3"": 0.03140416518128405, ""4"": 0.03789606461279722}"
11800315,sensor,random,0.13,0.020632446895097897,0.021327630861825122,0.02609589757117143,0.042208173623902646,0.030276744640458937,30,4,"[120, 9, 6, 6, 9]","{""0"": 0.01770914410538892, ""1"": 0.020786275287740588, ""2"": 0.022614712390899475, ""3"": 0.01440430668436085, ""4"": 0.027647796007099625}"
11800315,sensor,cycle,0.13,0.03314540438422666,0.016091517832599395,0.029408580093236585,0.04024727738445502,0.028252584820769235,30,4,"[120, 8, 7, 8, 7]","{""0"": 0.02664709081278756, ""1"": 0.02165013102309719, ""2"": 0.050145966824765964, ""3"": 0.017442972262309408, ""4"": 0.04984086099817318}"
11800315,sensor,least_seen,0.13,0.03712541594638782,0.016187529680687,0.026928824547639965,0.0445091122264305,0.02760504268746744,30,4,"[120, 8, 8, 7, 7]","{""0"": 0.028180920594787873, ""1"": 0.024489319896402476, ""2"": 0.045082875578613346, ""3"": 0.03314933617521252, ""4"": 0.05472462748692286}"
11800315,sensor,single_action,0.13,0.37371920843351314,0.045690135854234655,0.0755626833305204,0.04229892164774084,0.031468584730266654,30,1,"[120, 30, 0, 0, 0]","{""0"": 0.3369228505182953, ""1"": 0.3192406333637255, ""2"": 0.4114033369897712, ""3"": 0.21167484125085437, ""4"": 0.5893543800449191}"
11800315,sensor,no_probes,0.13,0.09952091644491097,0.07028276317715756,0.07798770768485006,0.039131561637625226,0.027157967741048773,0,0,"[150, 0, 0, 0, 0]","{""0"": 0.041912078957843206, ""1"": 0.14772153797690238, ""2"": 0.09341419630196901, ""3"": 0.053751102760735185, ""4"": 0.16080566622710504}"
11800315,motor_external,uncertainty,0.13,0.024417680655046983,0.011938605248502888,0.024667793548911212,0.06816686462503306,0.032802263789314695,30,4,"[120, 8, 7, 7, 8]","{""0"": 0.015908963967496585, ""1"": 0.014042211399208736, ""2"": 0.03728527546696828, ""3"": 0.0361759325146492, ""4"": 0.0186760199269121}"
11800315,motor_external,random,0.13,0.01759918148278821,0.009135283957122051,0.024359561391675444,0.08300604035429478,0.03700665834904634,30,4,"[120, 9, 6, 6, 9]","{""0"": 0.015126030322708513, ""1"": 0.01511604439408276, ""2"": 0.021779470939112592, ""3"": 0.02153721554437928, ""4"": 0.014437146213657909}"
11800315,motor_external,cycle,0.13,0.020602047449485007,0.016093871493332027,0.022746555944822135,0.06853461135044094,0.030898115586491803,30,4,"[120, 8, 7, 8, 7]","{""0"": 0.01620370601409464, ""1"": 0.01963654346196188, ""2"": 0.030304441204173138, ""3"": 0.012723857602548003, ""4"": 0.024141688964647367}"
11800315,motor_external,least_seen,0.13,0.020110318454387308,0.010470590754183747,0.02329441536087436,0.07832706800967419,0.031673387153090565,30,4,"[120, 8, 8, 7, 7]","{""0"": 0.015689110998858592, ""1"": 0.018721474829217058, ""2"": 0.032231966780147794, ""3"": 0.014403554160776983, ""4"": 0.0195054855029361}"
11800315,motor_external,single_action,0.13,0.2086711874321866,0.06288346972136462,0.04002970679192868,0.061782569315040003,0.04785166091220321,30,1,"[120, 30, 0, 0, 0]","{""0"": 0.19244105411603504, ""1"": 0.26818557955535743, ""2"": 0.2013221316964605, ""3"": 0.19244105411603504, ""4"": 0.18896611767704505}"
11800315,motor_external,no_probes,0.13,0.04429027656366975,0.032314105578820994,0.043952379994694445,0.05485466234312431,0.03032770313962181,0,0,"[150, 0, 0, 0, 0]","{""0"": 0.015696019160530542, ""1"": 0.0524103584489995, ""2"": 0.12056541468943188, ""3"": 0.015696019160530542, ""4"": 0.01708357135885629}"
11800315,unknown_nonlinear,uncertainty,0.13,0.04764626116044656,0.03593752991036574,0.034083558756903796,0.04317787661875875,0.03879315612924424,30,4,"[120, 7, 7, 7, 9]","{""0"": 0.024553137857975072, ""1"": 0.08963758401680226, ""2"": 0.0418733878515097, ""3"": 0.04166503036594599, ""4"": 0.04050216570999977}"
11800315,unknown_nonlinear,random,0.13,0.032805227428921654,0.017355815365301952,0.026573207549620517,0.04261648508355125,0.034220929868674546,30,4,"[120, 9, 6, 6, 9]","{""0"": 0.019883562663914542, ""1"": 0.05655562826776692, ""2"": 0.03210459804129497, ""3"": 0.039968830925090446, ""4"": 0.015513517246541384}"
11800315,unknown_nonlinear,cycle,0.13,0.11345292125334518,0.026488578018509297,0.03905142241930985,0.04153944402060923,0.03270199303487114,30,4,"[120, 8, 7, 8, 7]","{""0"": 0.0782334413436228, ""1"": 0.1024928835737582, ""2"": 0.19214801203269807, ""3"": 0.03206061381836941, ""4"": 0.16232965549827735}"
11800315,unknown_nonlinear,least_seen,0.13,0.0886282557404273,0.03259151323275357,0.04821213778346025,0.04815404730810026,0.031951179942142804,30,4,"[120, 8, 8, 7, 7]","{""0"": 0.05622286559337326, ""1"": 0.07962476684000387, ""2"": 0.15986464740116457, ""3"": 0.06310129532599162, ""4"": 0.08432770354160324}"
11800315,unknown_nonlinear,single_action,0.13,0.22114250272420935,0.05778938585519855,0.052412485166189376,0.042220455271655896,0.030947654715138044,30,1,"[120, 30, 0, 0, 0]","{""0"": 0.21020507956598156, ""1"": 0.1872365151208705, ""2"": 0.24925252674441087, ""3"": 0.1464087570691798, ""4"": 0.3126096351206041}"
11800315,unknown_nonlinear,no_probes,0.13,0.23679841638160068,0.042665349886288305,0.05664534720686509,0.03831661366790986,0.027012046070150172,0,0,"[150, 0, 0, 0, 0]","{""0"": 0.18205889268941702, ""1"": 0.4387489687644411, ""2"": 0.14609445689643671, ""3"": 0.15756236696999984, ""4"": 0.25952739658770857}"
11800452,none,uncertainty,0.13,0.0402664874880478,0.016632280428927768,0.05009675144323669,0.027890438510727335,0.027256165129216758,30,4,"[120, 9, 6, 7, 8]","{""0"": 0.034049631683723804, ""1"": 0.06618468876032176, ""2"": 0.02362431507350669, ""3"": 0.05242078188440432, ""4"": 0.025053020038282456}"
11800452,none,random,0.13,0.04909457590336223,0.016287983533523436,0.0634709349600448,0.026375916849896867,0.025337711909934876,30,4,"[120, 3, 6, 9, 12]","{""0"": 0.041276179956335084, ""1"": 0.05333282777170323, ""2"": 0.03771194579081492, ""3"": 0.09159512061036011, ""4"": 0.021556805387597817}"
11800452,none,cycle,0.13,0.04017095264370387,0.010934821743263216,0.04247948913133513,0.030417895439511726,0.028165563809094664,30,4,"[120, 8, 7, 8, 7]","{""0"": 0.03377835197078989, ""1"": 0.05120244768258573, ""2"": 0.02482055874908354, ""3"": 0.032570079279019136, ""4"": 0.058483325537041025}"
11800452,none,least_seen,0.13,0.038487308200061285,0.009860606756827294,0.048546914797527124,0.02819963514799822,0.025556253930453094,30,4,"[120, 7, 8, 7, 8]","{""0"": 0.030485963794345993, ""1"": 0.042044787285263986, ""2"": 0.028441028067305283, ""3"": 0.05103898154305963, ""4"": 0.04042578031033156}"
11800452,none,single_action,0.13,0.10355043936341395,0.04158800535319641,0.07912313403699026,0.029316376389682635,0.029172706079260844,30,1,"[120, 30, 0, 0, 0]","{""0"": 0.07194487810913357, ""1"": 0.11124303073412772, ""2"": 0.057613811707528745, ""3"": 0.23298084440602143, ""4"": 0.04396963186025827}"
11800452,none,no_probes,0.13,0.1116713518278838,0.06610172816750007,0.085924520875617,0.026300670163047407,0.025296611118451048,0,0,"[150, 0, 0, 0, 0]","{""0"": 0.05163779170424687, ""1"": 0.1565767982718071, ""2"": 0.11634987502076344, ""3"": 0.18978413229033794, ""4"": 0.04400816185226355}"
11800452,motor,uncertainty,0.13,0.04168989581717126,0.020931376943812755,0.04798390766341801,0.036272534612144434,0.029894108749331863,30,4,"[120, 7, 8, 8, 7]","{""0"": 0.028706497647475168, ""1"": 0.052231316096106616, ""2"": 0.04112711016194439, ""3"": 0.022182386040244122, ""4"": 0.06420216914008597}"
11800452,motor,random,0.13,0.280446301669949,0.256777768293859,0.0629399814063562,0.03712832645086836,0.0268683595333748,30,4,"[120, 3, 6, 9, 12]","{""0"": 0.07331842259453826, ""1"": 0.11467241294086762, ""2"": 0.16515275020236214, ""3"": 0.3492369476758346, ""4"": 0.6998509749361425}"
11800452,motor,cycle,0.13,0.036431074992711775,0.008073059926250497,0.040796107027957176,0.04220044226909589,0.028496514610117006,30,4,"[120, 8, 7, 8, 7]","{""0"": 0.030448405275384977, ""1"": 0.049161295385596826, ""2"": 0.030681442351318918, ""3"": 0.024789747780257814, ""4"": 0.04707448417100033}"
11800452,motor,least_seen,0.13,0.06812273966690734,0.01712467275896928,0.050562853674621495,0.046880004949981305,0.03037100396283436,30,4,"[120, 7, 8, 7, 8]","{""0"": 0.05137043273157243, ""1"": 0.0640093342889838, ""2"": 0.044856755878798664, ""3"": 0.046463345864630155, ""4"": 0.1339138295705517}"
11800452,motor,single_action,0.13,0.10892842648693234,0.09690045373896874,0.06586714636241635,0.03601316212706798,0.029448188983266416,30,1,"[120, 30, 0, 0, 0]","{""0"": 0.041778958893046926, ""1"": 0.1501577486503847, ""2"": 0.104848159028262, ""3"": 0.1495941756391696, ""4"": 0.09826309022379853}"
11800452,motor,no_probes,0.13,0.11866033100106077,0.06371083972600017,0.08412599953212588,0.026300670163047407,0.025296611118451048,0,0,"[150, 0, 0, 0, 0]","{""0"": 0.060741258457986946, ""1"": 0.2024243182620126, ""2"": 0.04203952956901021, ""3"": 0.1253233891826504, ""4"": 0.1627731595336438}"
11800452,external,uncertainty,0.13,0.03863147260140853,0.020711449423667237,0.05789336821905068,0.04303025911633318,0.03996618548059446,30,4,"[120, 7, 8, 9, 6]","{""0"": 0.024438825804763985, ""1"": 0.02111836599573944, ""2"": 0.05828492217907479, ""3"": 0.027263217196398775, ""4"": 0.06205203183106567}"
11800452,external,random,0.13,0.039860053460155885,0.025827495241154345,0.0729865548590109,0.0424687085943495,0.035153450999934485,30,4,"[120, 3, 6, 9, 12]","{""0"": 0.025864423902513825, ""1"": 0.04758199134409328, ""2"": 0.035597357968671944, ""3"": 0.03935866287339671, ""4"": 0.05089783121210369}"
11800452,external,cycle,0.13,0.035759133449721765,0.019109592116061794,0.04746338418610732,0.04414550544772255,0.034277817118243806,30,4,"[120, 8, 7, 8, 7]","{""0"": 0.0282962686861761, ""1"": 0.027800262521689406, ""2"": 0.035601864138053836, ""3"": 0.021484855357502563, ""4"": 0.06561241654518692}"
11800452,external,least_seen,0.13,0.032534636946067834,0.012801887045909545,0.05606200409339685,0.04117462543679693,0.033616294234782455,30,4,"[120, 7, 8, 7, 8]","{""0"": 0.02389902843358178, ""1"": 0.038057515888587724, ""2"": 0.020293908153209774, ""3"": 0.03454893950668927, ""4"": 0.045873792748270636}"
11800452,external,single_action,0.13,0.21515693739597072,0.053825248403621066,0.08442980248895053,0.04932849541847894,0.028260244642578633,30,1,"[120, 30, 0, 0, 0]","{""0"": 0.1823884238261586, ""1"": 0.3381275210454897, ""2"": 0.13476636771399395, ""3"": 0.17009799572663406, ""4"": 0.2504043786675773}"
11800452,external,no_probes,0.13,0.08387114726062937,0.07286741316905689,0.08685114975452794,0.034684070991008634,0.02779869476547017,0,0,"[150, 0, 0, 0, 0]","{""0"": 0.024778735129747223, ""1"": 0.1267121238026608, ""2"": 0.1361692688000076, ""3"": 0.054747802148152114, ""4"": 0.0769478064225791}"
11800452,sensor,uncertainty,0.13,0.04233581343641938,0.01613976897000621,0.05009675144323669,0.027746160238156622,0.02774650866350383,30,4,"[120, 9, 6, 7, 8]","{""0"": 0.036168003138885636, ""1"": 0.06930437700659295, ""2"": 0.025467722947544975, ""3"": 0.054884940484976726, ""4"": 0.025854023604096638}"
11800452,sensor,random,0.13,0.049365028987822884,0.013420755181833858,0.0634709349600448,0.02735605761207881,0.026085275984550658,30,4,"[120, 3, 6, 9, 12]","{""0"": 0.04301258963996859, ""1"": 0.0535194445454058, ""2"": 0.03783323400180838, ""3"": 0.08815621646202278, ""4"": 0.024303660289908824}"
11800452,sensor,cycle,0.13,0.04177160225331617,0.011346902681188653,0.04247948913133513,0.03003806794621059,0.028071506032196915,30,4,"[120, 8, 7, 8, 7]","{""0"": 0.03614590614066002, ""1"": 0.051485400311641304, ""2"": 0.02748970672491648, ""3"": 0.032302764258944364, ""4"": 0.06143423383041874}"
11800452,sensor,least_seen,0.13,0.04011746524737783,0.01001454855035968,0.048546914797527124,0.028333504769702374,0.025776471813202646,30,4,"[120, 7, 8, 7, 8]","{""0"": 0.031368425631198314, ""1"": 0.04321662478110718, ""2"": 0.0295099232033685, ""3"": 0.053349472088812445, ""4"": 0.04314288053240267}"
11800452,sensor,single_action,0.13,0.07204581070968853,0.043746699703729304,0.07912313403699026,0.02934820453050884,0.029373756232038174,30,1,"[120, 30, 0, 0, 0]","{""0"": 0.04129708629790829, ""1"": 0.05682539550374266, ""2"": 0.047303406847101964, ""3"": 0.16962315350570553, ""4"": 0.04518001139398422}"
11800452,sensor,no_probes,0.13,0.11426244110405788,0.06608382082102195,0.085924520875617,0.02612424101858131,0.02546573825557745,0,0,"[150, 0, 0, 0, 0]","{""0"": 0.054223786454980515, ""1"": 0.16617651425649937, ""2"": 0.11196620343115492, ""3"": 0.19729667468906076, ""4"": 0.04164902668859392}"
11800452,motor_external,uncertainty,0.13,0.03929638812725889,0.022658473931251876,0.045958936768562296,0.048319073726804135,0.036417510518260934,30,4,"[120, 8, 7, 9, 6]","{""0"": 0.028488263356760236, ""1"": 0.02454493701746538, ""2"": 0.07032664415514858, ""3"": 0.027450979655145775, ""4"": 0.04567111645177447}"
11800452,motor_external,random,0.13,0.04436618704452497,0.0324244460148098,0.06025448872499795,0.0524840159148733,0.03037714844526207,30,4,"[120, 3, 6, 9, 12]","{""0"": 0.029785024460297637, ""1"": 0.03866078140583929, ""2"": 0.07398395248106868, ""3"": 0.05643741054542512, ""4"": 0.022963766329994088}"
11800452,motor_external,cycle,0.13,0.03449439581942322,0.01902692551693323,0.040156427915693474,0.06168620811521728,0.03964243746144106,30,4,"[120, 8, 7, 8, 7]","{""0"": 0.025464812838943227, ""1"": 0.025522917615659668, ""2"": 0.05241600629103027, ""3"": 0.024889634951470323, ""4"": 0.044178607400012594}"
11800452,motor_external,least_seen,0.13,0.0338982880993013,0.01606248481996467,0.0469465583816167,0.05228553293186066,0.039673873500956205,30,4,"[120, 7, 8, 7, 8]","{""0"": 0.026577622848805393, ""1"": 0.043542556129091116, ""2"": 0.0383421221789293, ""3"": 0.03440027733895951, ""4"": 0.026628862000721204}"
11800452,motor_external,single_action,0.13,0.23005149185410115,0.10368606481750374,0.09294513327866816,0.044033847461928184,0.028923650066833388,30,1,"[120, 30, 0, 0, 0]","{""0"": 0.16318630549524607, ""1"": 0.3092877327214683, ""2"": 0.1340568247433723, ""3"": 0.3516147424057093, ""4"": 0.19211185390470975}"
11800452,motor_external,no_probes,0.13,0.08334116959203262,0.0722665247451574,0.08702729496043653,0.034684070991008634,0.02779869476547017,0,0,"[150, 0, 0, 0, 0]","{""0"": 0.0241313518074584, ""1"": 0.055578957850985766, ""2"": 0.07465631166537914, ""3"": 0.1336879991717307, ""4"": 0.1286512274646091}"
11800452,unknown_nonlinear,uncertainty,0.13,0.044190844478781015,0.019585773836660034,0.053106112562118946,0.02945925194712809,0.037124978384227486,30,4,"[120, 8, 7, 8, 7]","{""0"": 0.02755298594896895, ""1"": 0.04616359796925237, ""2"": 0.048642483824615446, ""3"": 0.04005514463685327, ""4"": 0.058540010014215015}"
11800452,unknown_nonlinear,random,0.13,0.07142222723761814,0.03181411441147217,0.0553318647856194,0.027091078699606138,0.032977914949512466,30,4,"[120, 3, 6, 9, 12]","{""0"": 0.03864247497144025, ""1"": 0.11205983071791063, ""2"": 0.06486932838169207, ""3"": 0.0493834248411944, ""4"": 0.09215607727585327}"
11800452,unknown_nonlinear,cycle,0.13,0.03946566791914839,0.02133666661046601,0.06042926210946094,0.03206088977721719,0.03460049702597658,30,4,"[120, 8, 7, 8, 7]","{""0"": 0.031114242861704833, ""1"": 0.04960588393596074, ""2"": 0.08026581908832604, ""3"": 0.01990039063101816, ""4"": 0.016442003078732146}"
11800452,unknown_nonlinear,least_seen,0.13,0.05961533266282936,0.03568956693707339,0.06566333271462814,0.030999972377303616,0.03431890859078478,30,4,"[120, 7, 8, 7, 8]","{""0"": 0.028221464399487462, ""1"": 0.04651407599128763, ""2"": 0.100425592828372, ""3"": 0.07066204477374308, ""4"": 0.05225348532125665}"
11800452,unknown_nonlinear,single_action,0.13,0.2837325347684342,0.06615885276278441,0.05583541415283639,0.029316376389682635,0.029172706079260844,30,1,"[120, 30, 0, 0, 0]","{""0"": 0.24382661379015205, ""1"": 0.5478734865011238, ""2"": 0.1836406493444074, ""3"": 0.3497300715452305, ""4"": 0.0935918526612571}"
11800452,unknown_nonlinear,no_probes,0.13,0.3065521316730377,0.05258108842633918,0.054416543869697694,0.026300670163047407,0.025296611118451048,0,0,"[150, 0, 0, 0, 0]","{""0"": 0.27918087107012773, ""1"": 0.257668827029424, ""2"": 0.47980986937930714, ""3"": 0.38393160521324227, ""4"": 0.13216948567308717}"
11800589,none,uncertainty,0.13,0.028546900847921258,0.01705385336567545,0.03333118279572819,0.046022490882477916,0.03973048001972569,30,4,"[120, 6, 9, 8, 7]","{""0"": 0.02224786061355229, ""1"": 0.032509918907765396, ""2"": 0.028191064894860715, ""3"": 0.024530981488625345, ""4"": 0.03525467833480252}"
11800589,none,random,0.13,0.03835703598184071,0.02328876292647604,0.040025185797374546,0.04648920377333069,0.03997913912400588,30,4,"[120, 4, 8, 8, 10]","{""0"": 0.02561352625357714, ""1"": 0.061586024351745955, ""2"": 0.031716206004707696, ""3"": 0.036253299771698715, ""4"": 0.03661612352747407}"
11800589,none,cycle,0.13,0.030890402602439374,0.016118332570734483,0.03372553020856283,0.04611933903228398,0.0411963474212588,30,4,"[120, 8, 7, 8, 7]","{""0"": 0.025914654250188605, ""1"": 0.02057942137574806, ""2"": 0.03972632770198722, ""3"": 0.03566271836236273, ""4"": 0.032568891321910216}"
11800589,none,least_seen,0.13,0.029378683538390737,0.017274079669098684,0.039476471503943754,0.046799991666082084,0.04142696083836238,30,4,"[120, 7, 8, 8, 7]","{""0"": 0.025779454910254684, ""1"": 0.025132800489542983, ""2"": 0.035712001755531735, ""3"": 0.0285386653240704, ""4"": 0.03173049521255388}"
11800589,none,single_action,0.13,0.22503313642490047,0.0893904838796626,0.06396257367879712,0.0507799050836173,0.04331977667899765,30,1,"[120, 30, 0, 0, 0]","{""0"": 0.2007506919857137, ""1"": 0.2257088616363598, ""2"": 0.1970999914376519, ""3"": 0.2385551695583543, ""4"": 0.26305096750642254}"
11800589,none,no_probes,0.13,0.06426140754644247,0.050483948416986876,0.06506930431280279,0.04384441594910721,0.03770893938476154,0,0,"[150, 0, 0, 0, 0]","{""0"": 0.028675763806310196, ""1"": 0.05511249334404286, ""2"": 0.08299197412641746, ""3"": 0.04824891148397346, ""4"": 0.10627789497146838}"
11800589,motor,uncertainty,0.13,0.03176325496514215,0.01881185926701197,0.031147396496192577,0.05483029929993791,0.04062972718854078,30,4,"[120, 7, 8, 7, 8]","{""0"": 0.02632387403770621, ""1"": 0.031628974171300464, ""2"": 0.041125903577223226, ""3"": 0.03491570983245069, ""4"": 0.024821813207030197}"
11800589,motor,random,0.13,0.06889641266948736,0.04474845122914241,0.046996168798465486,0.04575292563272439,0.0402625921385281,30,4,"[120, 4, 8, 8, 10]","{""0"": 0.04202217475691872, ""1"": 0.11941612253746252, ""2"": 0.031135262004193486, ""3"": 0.11374484319495133, ""4"": 0.0381636608539108}"
11800589,motor,cycle,0.13,0.026769988930044994,0.019234321987741016,0.03136706303197146,0.054670779361710414,0.04399475899451003,30,4,"[120, 8, 7, 8, 7]","{""0"": 0.02374858908224541, ""1"": 0.026444558608842022, ""2"": 0.02816024019793889, ""3"": 0.02765224297607885, ""4"": 0.027844313785119774}"
11800589,motor,least_seen,0.13,0.02508016143911741,0.020058532804559284,0.036146989888984085,0.054268675903645675,0.03973326661895561,30,4,"[120, 7, 8, 8, 7]","{""0"": 0.02172308880611999, ""1"": 0.029433537449695863, ""2"": 0.021734153511625016, ""3"": 0.023788006404264695, ""4"": 0.028722021023881494}"
11800589,motor,single_action,0.13,0.3141800300952147,0.42548096431699306,0.06338056871122552,0.05949603161858869,0.047501588663117954,30,1,"[120, 30, 0, 0, 0]","{""0"": 0.13296834076262443, ""1"": 0.9334671552247041, ""2"": 0.14772824977672122, ""3"": 0.2975406224391272, ""4"": 0.05919578227289692}"
11800589,motor,no_probes,0.13,0.06324991898888511,0.058091567193218105,0.06721579079873478,0.04384441594910721,0.03770893938476154,0,0,"[150, 0, 0, 0, 0]","{""0"": 0.022343974891422702, ""1"": 0.06742211943608539, ""2"": 0.08765805214760027, ""3"": 0.07255678176241002, ""4"": 0.06626866670690713}"
11800589,external,uncertainty,0.13,0.03571689561762179,0.03670507722782193,0.03674307208898185,0.06564451373169387,0.053102036299334195,30,4,"[120, 7, 8, 8, 7]","{""0"": 0.030805917218886533, ""1"": 0.036149271173512826, ""2"": 0.037958463688030894, ""3"": 0.033872840387116694, ""4"": 0.03979798562056199}"
11800589,external,random,0.13,0.05333278936518729,0.0344108827918636,0.04447536508506454,0.06304145834892863,0.05312974773704399,30,4,"[120, 4, 8, 8, 10]","{""0"": 0.032220437983831444, ""1"": 0.10003464546989164, ""2"": 0.04253296751702437, ""3"": 0.033109348993869143, ""4"": 0.05876654686131986}"
11800589,external,cycle,0.13,0.03664026601295034,0.036538941428705216,0.03674306757729185,0.07176053133065527,0.053129696301117926,30,4,"[120, 8, 7, 8, 7]","{""0"": 0.03105579927100993, ""1"": 0.03685215011598548, ""2"": 0.03772554811443234, ""3"": 0.03340707976271862, ""4"": 0.044160752800605364}"
11800589,external,least_seen,0.13,0.03977344191105851,0.034591011447554686,0.04034148588369214,0.06733427863162342,0.05385991560478666,30,4,"[120, 7, 8, 8, 7]","{""0"": 0.03126083272063009, ""1"": 0.04868355342553235, ""2"": 0.03317390837627842, ""3"": 0.03408250003739961, ""4"": 0.051666414995452124}"
11800589,external,single_action,0.13,0.14122522580980404,0.18190357419713044,0.0612729974012733,0.053921493947267106,0.04909636877681492,30,1,"[120, 30, 0, 0, 0]","{""0"": 0.06274622013452465, ""1"": 0.20983583492237534, ""2"": 0.20437746477635266, ""3"": 0.09969402323087943, ""4"": 0.12947258598488826}"
11800589,external,no_probes,0.13,0.05739416059410484,0.05813018622431893,0.053578914109665435,0.056609158234402476,0.04108459492144709,0,0,"[150, 0, 0, 0, 0]","{""0"": 0.030507673577143585, ""1"": 0.06141283320347638, ""2"": 0.030507673577143585, ""3"": 0.05864060034810761, ""4"": 0.10590202226465302}"
11800589,sensor,uncertainty,0.13,0.026669675118251256,0.01575627407939017,0.028775725262210294,0.047206895378367475,0.04198470924092145,30,4,"[120, 7, 8, 8, 7]","{""0"": 0.02276915992622028, ""1"": 0.019247059717458968, ""2"": 0.036141324453785074, ""3"": 0.030969916140004692, ""4"": 0.02422091535378725}"
11800589,sensor,random,0.13,0.0372625839938938,0.022739832548674826,0.040025185797374546,0.04723483379525049,0.04092999538633894,30,4,"[120, 4, 8, 8, 10]","{""0"": 0.024626934029095115, ""1"": 0.060137569920676974, ""2"": 0.031873151743091035, ""3"": 0.03461465006493668, ""4"": 0.0350606142116692}"
11800589,sensor,cycle,0.13,0.030385109946838344,0.01628202493647896,0.03372553020856283,0.04723014206168191,0.04249421943627787,30,4,"[120, 8, 7, 8, 7]","{""0"": 0.02493545418076185, ""1"": 0.020511243904094884, ""2"": 0.03735564495462688, ""3"": 0.037158878710077135, ""4"": 0.03196432798463097}"
11800589,sensor,least_seen,0.13,0.028597269765236914,0.01728961182536659,0.039476471503943754,0.04843823390173949,0.04209580412032737,30,4,"[120, 7, 8, 8, 7]","{""0"": 0.024885049033584166, ""1"": 0.02290744919149677, ""2"": 0.037672942277828414, ""3"": 0.02834004112091872, ""4"": 0.029180867202356502}"
11800589,sensor,single_action,0.13,0.1831051995891161,0.08352899740993364,0.06396257367879712,0.050797363873367474,0.043314789655195335,30,1,"[120, 30, 0, 0, 0]","{""0"": 0.15689192370337626, ""1"": 0.18284123499011162, ""2"": 0.16187626872541935, ""3"": 0.2285095988406297, ""4"": 0.1854069716860435}"
11800589,sensor,no_probes,0.13,0.06324948329077958,0.050627787738507915,0.06506930431280279,0.04486304952736424,0.038921067259689246,0,0,"[150, 0, 0, 0, 0]","{""0"": 0.02766657053853207, ""1"": 0.05097713130570409, ""2"": 0.08508725739533635, ""3"": 0.04848339677479562, ""4"": 0.10403306043952976}"
11800589,motor_external,uncertainty,0.13,0.04399680315123411,0.039615026015656016,0.04040020991618053,0.07891103311142994,0.05037987924439892,30,4,"[120, 7, 8, 8, 7]","{""0"": 0.04019995833289564, ""1"": 0.051896967984365515, ""2"": 0.054778282959073867, ""3"": 0.031719625008995014, ""4"": 0.0413891814708405}"
11800589,motor_external,random,0.13,0.05836012540826267,0.0473010975004226,0.05962399687230257,0.06620110350893009,0.052526931634376724,30,4,"[120, 4, 8, 8, 10]","{""0"": 0.042000278331520126, ""1"": 0.0952344536834362, ""2"": 0.05666589336970054, ""3"": 0.0393898546796833, ""4"": 0.05851014697697319}"
11800589,motor_external,cycle,0.13,0.044373492843463605,0.03925170036731466,0.040554031807766226,0.07764050577735881,0.04973589021480676,30,4,"[120, 8, 7, 8, 7]","{""0"": 0.04087174630205659, ""1"": 0.052639509839652356, ""2"": 0.0539864999325295, ""3"": 0.03213446262494738, ""4"": 0.042235245518132215}"
11800589,motor_external,least_seen,0.13,0.0423673077996555,0.03828834927811834,0.052044871946022114,0.07252185341817854,0.05780248791057306,30,4,"[120, 7, 8, 8, 7]","{""0"": 0.03956575451141104, ""1"": 0.048235604636077144, ""2"": 0.04749457665963735, ""3"": 0.032448311665433625, ""4"": 0.04409229152571836}"
11800589,motor_external,single_action,0.13,0.0727546039775651,0.106931612769811,0.06260113374095348,0.0713808772847791,0.05245177953490153,30,1,"[120, 30, 0, 0, 0]","{""0"": 0.03344703288477654, ""1"": 0.09633625730582256, ""2"": 0.1441681398782428, ""3"": 0.03708179007338038, ""4"": 0.05273979974560328}"
11800589,motor_external,no_probes,0.13,0.06253855057044151,0.06402160763706138,0.05897731722663999,0.056609158234402476,0.04108459492144709,0,0,"[150, 0, 0, 0, 0]","{""0"": 0.03906422095322597, ""1"": 0.06863054637716676, ""2"": 0.09685407426699773, ""3"": 0.042644536497743975, ""4"": 0.0654993747570732}"
11800589,unknown_nonlinear,uncertainty,0.13,0.051445492567788985,0.029902162746536568,0.04524928542611549,0.049216401669180974,0.047217410832015576,30,4,"[120, 7, 9, 7, 7]","{""0"": 0.0328177899824417, ""1"": 0.07132694601886332, ""2"": 0.06572501118672443, ""3"": 0.05310424812898921, ""4"": 0.03425346752192628}"
11800589,unknown_nonlinear,random,0.13,0.05072925217756928,0.023265102967761648,0.04652326795431488,0.04929241625517951,0.039268846774964186,30,4,"[120, 4, 8, 8, 10]","{""0"": 0.028557728928317257, ""1"": 0.07209169589724763, ""2"": 0.06859761242994605, ""3"": 0.038254146527019334, ""4"": 0.046145077105316124}"
11800589,unknown_nonlinear,cycle,0.13,0.06892243803931906,0.02486457787335595,0.04261090436769619,0.0480287975341049,0.043762279001487873,30,4,"[120, 8, 7, 8, 7]","{""0"": 0.04453317784131289, ""1"": 0.05489606098743497, ""2"": 0.13987168735743924, ""3"": 0.04863524868080468, ""4"": 0.056676015329603625}"
11800589,unknown_nonlinear,least_seen,0.13,0.0740541206520218,0.02858339614766622,0.04866783736661881,0.04710750826937795,0.042585766037533744,30,4,"[120, 7, 8, 8, 7]","{""0"": 0.053836378308104275, ""1"": 0.08473240099109051, ""2"": 0.13173860856006614, ""3"": 0.05013494229329909, ""4"": 0.04982827310754895}"
11800589,unknown_nonlinear,single_action,0.13,0.28724137050808196,0.09549902750782088,0.06850039078654939,0.050498515228262306,0.04362461784090839,30,1,"[120, 30, 0, 0, 0]","{""0"": 0.2587937520155182, ""1"": 0.36740327887002194, ""2"": 0.2765305057892454, ""3"": 0.2123484582051064, ""4"": 0.32113085766051785}"
11800589,unknown_nonlinear,no_probes,0.13,0.1183929007162642,0.050338116849061074,0.06837049807033387,0.04384441594910721,0.03770893938476154,0,0,"[150, 0, 0, 0, 0]","{""0"": 0.06922704509355994, ""1"": 0.11935070852366537, ""2"": 0.1972822192663594, ""3"": 0.03596248553199317, ""4"": 0.17014204516574305}"
11800726,none,uncertainty,0.13,0.04834511804622934,0.02252773768803449,0.04670909711764375,0.029765636640868905,0.03396780556109455,30,4,"[120, 8, 7, 7, 8]","{""0"": 0.04109884253420556, ""1"": 0.07642342113620224, ""2"": 0.028770588547956052, ""3"": 0.059804904680723824, ""4"": 0.035627833332058996}"
11800726,none,random,0.13,0.045867237177204555,0.02342865491669288,0.05538418021697022,0.03510507563939129,0.037443204376893975,30,4,"[120, 10, 4, 6, 10]","{""0"": 0.04346679493989408, ""1"": 0.04207094106224037, ""2"": 0.0525389625371789, ""3"": 0.05699745265520029, ""4"": 0.03426203469150918}"
11800726,none,cycle,0.13,0.05637329104385908,0.02362307327210454,0.04715212346529509,0.03171962541172184,0.031849724834124335,30,4,"[120, 8, 7, 8, 7]","{""0"": 0.049271800941660455, ""1"": 0.07389557281942281, ""2"": 0.03966969235436735, ""3"": 0.026341026437507364, ""4"": 0.09268836266633744}"
11800726,none,least_seen,0.13,0.051840339020849176,0.028719427174939496,0.05374835527171707,0.03120605234625694,0.03530043503140385,30,4,"[120, 8, 7, 7, 8]","{""0"": 0.04612688076114448, ""1"": 0.08259544588974833, ""2"": 0.03402811811606282, ""3"": 0.052359381788564134, ""4"": 0.04409186854872607}"
11800726,none,single_action,0.13,0.08116627721243774,0.06502453727057976,0.0832381953106309,0.030843285129756398,0.031705223681527325,30,1,"[120, 30, 0, 0, 0]","{""0"": 0.0415176172671384, ""1"": 0.07323142593757694, ""2"": 0.06931734264087862, ""3"": 0.1383140704580045, ""4"": 0.08345092975859024}"
11800726,none,no_probes,0.13,0.12059169151977461,0.06841840097663156,0.09751145001942903,0.028102497428436145,0.031875498293859744,0,0,"[150, 0, 0, 0, 0]","{""0"": 0.07248367287481107, ""1"": 0.16817846879266882, ""2"": 0.07634964582136004, ""3"": 0.23428258642824099, ""4"": 0.05166408368179218}"
11800726,motor,uncertainty,0.13,0.07705713209532913,0.023408488457150177,0.05683943835243728,0.045236173611295775,0.03483477341877588,30,4,"[120, 8, 7, 8, 7]","{""0"": 0.05383653631842247, ""1"": 0.07971346180756796, ""2"": 0.05163588615351352, ""3"": 0.027099261455236032, ""4"": 0.1730005147419057}"
11800726,motor,random,0.13,0.0505558829657432,0.03472719950768863,0.04877112256660665,0.05065136436876826,0.03958433721425822,30,4,"[120, 10, 4, 6, 10]","{""0"": 0.04149650102990598, ""1"": 0.041714049335078864, ""2"": 0.06455942885811407, ""3"": 0.07577487514678342, ""4"": 0.02923456045883366}"
11800726,motor,cycle,0.13,0.047685359704051085,0.023365895037141027,0.05198129606292902,0.03927269857104634,0.0329864841490529,30,4,"[120, 8, 7, 8, 7]","{""0"": 0.03658438048636735, ""1"": 0.02472822612839015, ""2"": 0.07252662605093184, ""3"": 0.02288169508298572, ""4"": 0.08170587077158036}"
11800726,motor,least_seen,0.13,0.076159280763218,0.018879345598051402,0.05405179846321585,0.04163468279375343,0.034368813204967416,30,4,"[120, 8, 7, 7, 8]","{""0"": 0.06225180768645211, ""1"": 0.07035810100291745, ""2"": 0.07376990583481731, ""3"": 0.03412457678071676, ""4"": 0.1402920125111863}"
11800726,motor,single_action,0.13,0.1284749880233211,0.10654750990405917,0.09627478313478943,0.040405355614629886,0.049057486667604386,30,1,"[120, 30, 0, 0, 0]","{""0"": 0.05415659043759572, ""1"": 0.2505341315364588, ""2"": 0.11974411323191786, ""3"": 0.1344455746650671, ""4"": 0.08349453024556595}"
11800726,motor,no_probes,0.13,0.12412438789053168,0.07136317486042754,0.10071230999379366,0.028102497428436145,0.031875498293859744,0,0,"[150, 0, 0, 0, 0]","{""0"": 0.07129248833270879, ""1"": 0.23568162613172372, ""2"": 0.06306624380519067, ""3"": 0.0767911266866937, ""4"": 0.17379045449634142}"
11800726,external,uncertainty,0.13,0.0491980036145933,0.02136164835956237,0.049635290049488766,0.04779004436193127,0.03642282132742893,30,4,"[120, 8, 7, 7, 8]","{""0"": 0.04084840105702956, ""1"": 0.07264201463905136, ""2"": 0.05138837368689759, ""3"": 0.053553911661301336, ""4"": 0.02755731702868666}"
11800726,external,random,0.13,0.048519222561266534,0.034773132814405194,0.04534397327817814,0.04292060270838805,0.036880208120829164,30,4,"[120, 10, 4, 6, 10]","{""0"": 0.04228405788323389, ""1"": 0.03481249035908188, ""2"": 0.09027824142105341, ""3"": 0.0364821849503745, ""4"": 0.038739138192588986}"
11800726,external,cycle,0.13,0.05021978962502951,0.018295191938623653,0.04736339819579313,0.04807124256246154,0.03831751053807489,30,4,"[120, 8, 7, 8, 7]","{""0"": 0.04138545256570703, ""1"": 0.043131389504090095, ""2"": 0.08265874519843254, ""3"": 0.027573413333506717, ""4"": 0.05634994752341116}"
11800726,external,least_seen,0.13,0.047688512338165255,0.01894781707466307,0.041722469570225816,0.05659460503259621,0.032186104022399506,30,4,"[120, 8, 7, 7, 8]","{""0"": 0.04059300783430705, ""1"": 0.05857905528399265, ""2"": 0.06118244117761082, ""3"": 0.04317577995013893, ""4"": 0.03491227744477681}"
11800726,external,single_action,0.13,0.0521491542440983,0.045631085580012734,0.049476856831938046,0.04957131244019626,0.031917963206637846,30,1,"[120, 30, 0, 0, 0]","{""0"": 0.043883195314737965, ""1"": 0.033233765053131144, ""2"": 0.09672169294571431, ""3"": 0.043883195314737965, ""4"": 0.04302392259217008}"
11800726,external,no_probes,0.13,0.05677394242894798,0.04086718665161104,0.05673340047684548,0.039029024645584866,0.03349913908610209,0,0,"[150, 0, 0, 0, 0]","{""0"": 0.04022541652955836, ""1"": 0.06151490833844162, ""2"": 0.09729375821582549, ""3"": 0.04022541652955836, ""4"": 0.04461021253135614}"
11800726,sensor,uncertainty,0.13,0.0483428201596642,0.022322106408662112,0.04670909711764375,0.030287164327116926,0.03428073808626778,30,4,"[120, 8, 7, 7, 8]","{""0"": 0.04144840608209741, ""1"": 0.07549347774165585, ""2"": 0.028281060365181274, ""3"": 0.06080037006724743, ""4"": 0.03569078654213902}"
11800726,sensor,random,0.13,0.0436976907779182,0.023304943990413652,0.05538418021697022,0.03320168165441773,0.037846307689086554,30,4,"[120, 10, 4, 6, 10]","{""0"": 0.041527582218674676, ""1"": 0.04042185576710932, ""2"": 0.04967690671060548, ""3"": 0.05302942199207927, ""4"": 0.03383268720112224}"
11800726,sensor,cycle,0.13,0.0593042476320402,0.023397744647402463,0.04715212346529509,0.031158209519539282,0.03223702495014267,30,4,"[120, 8, 7, 8, 7]","{""0"": 0.04965433347640813, ""1"": 0.0754493443247241, ""2"": 0.049078013873607794, ""3"": 0.02494355523296886, ""4"": 0.09739599125249214}"
11800726,sensor,least_seen,0.13,0.055259849195908116,0.028258550638521635,0.05374835527171707,0.0314501104665407,0.0350372408230801,30,4,"[120, 8, 7, 7, 8]","{""0"": 0.046371082892930605, ""1"": 0.0880772623764663, ""2"": 0.04426517360315871, ""3"": 0.05390222063236055, ""4"": 0.043683506474624455}"
11800726,sensor,single_action,0.13,0.07316628503011025,0.06088807161274591,0.0832381953106309,0.03080456741865152,0.03182720516459731,30,1,"[120, 30, 0, 0, 0]","{""0"": 0.03226651997923037, ""1"": 0.061273136301205074, ""2"": 0.06909867971856068, ""3"": 0.13492454928656103, ""4"": 0.0682685398649941}"
11800726,sensor,no_probes,0.13,0.12300335977764645,0.06801013308745131,0.09751145001942903,0.028292779347966156,0.03219420001118742,0,0,"[150, 0, 0, 0, 0]","{""0"": 0.07485243379536587, ""1"": 0.1757927117784699, ""2"": 0.07356419152885012, ""3"": 0.23361644498748815, ""4"": 0.057191016798058235}"
11800726,motor_external,uncertainty,0.13,0.052186671825329406,0.03662744671357842,0.04289040697256111,0.057090223364056863,0.036428911520885926,30,4,"[120, 8, 7, 7, 8]","{""0"": 0.041172275935158126, ""1"": 0.054306399441693715, ""2"": 0.04760857529496615, ""3"": 0.07202955847656542, ""4"": 0.04581654997826357}"
11800726,motor_external,random,0.13,0.048481713547558154,0.039123863515441094,0.053522987147382795,0.059410568233225235,0.03978015646787907,30,4,"[120, 10, 4, 6, 10]","{""0"": 0.04243138634318865, ""1"": 0.028117829480286804, ""2"": 0.05286878330927167, ""3"": 0.06641667065911376, ""4"": 0.05257389794592987}"
11800726,motor_external,cycle,0.13,0.05672318378083227,0.03778067525451999,0.0428131454128642,0.051250140147699116,0.037426099830893844,30,4,"[120, 8, 7, 8, 7]","{""0"": 0.04251976088740628, ""1"": 0.05463776059703021, ""2"": 0.0690637253682646, ""3"": 0.04082646461446507, ""4"": 0.07656820743699518}"
11800726,motor_external,least_seen,0.13,0.05364463899915651,0.03579328910300223,0.04890755775099489,0.07238357987875073,0.038900028588835595,30,4,"[120, 8, 7, 7, 8]","{""0"": 0.043025116839815615, ""1"": 0.06332204354346006, ""2"": 0.0491328666894278, ""3"": 0.06322373953806154, ""4"": 0.049519428385017515}"
11800726,motor_external,single_action,0.13,0.05490008152449602,0.04373317107447082,0.04843749217294066,0.06209319702939355,0.03287825119620143,30,1,"[120, 30, 0, 0, 0]","{""0"": 0.04645478740016901, ""1"": 0.03095886736273003, ""2"": 0.06142100670422137, ""3"": 0.0892109587551907, ""4"": 0.04645478740016901}"
11800726,motor_external,no_probes,0.13,0.05291110245524832,0.045158555067592025,0.05050768046598592,0.039029024645584866,0.03349913908610209,0,0,"[150, 0, 0, 0, 0]","{""0"": 0.04135264816491626, ""1"": 0.04135264816491626, ""2"": 0.047400159692433295, ""3"": 0.09309740808905953, ""4"": 0.04135264816491626}"
11800726,unknown_nonlinear,uncertainty,0.13,0.06717293146833057,0.04172091283545113,0.08258634697015883,0.034417506689944505,0.04188798105937667,30,4,"[120, 8, 7, 8, 7]","{""0"": 0.034493660170892906, ""1"": 0.13014611022256775, ""2"": 0.06109532844019566, ""3"": 0.04246251892592769, ""4"": 0.06766703958206889}"
11800726,unknown_nonlinear,random,0.13,0.09434747462594599,0.040242609499341796,0.10695026373087999,0.0370540745985355,0.04423546011577458,30,4,"[120, 10, 4, 6, 10]","{""0"": 0.04478439491891444, ""1"": 0.18766668741494286, ""2"": 0.055186760694669955, ""3"": 0.12027308868717923, ""4"": 0.06382644141402342}"
11800726,unknown_nonlinear,cycle,0.13,0.07523167926868521,0.04181992509214502,0.08994032861057762,0.03689668356071293,0.0461583249859173,30,4,"[120, 8, 7, 8, 7]","{""0"": 0.04106170586754212, ""1"": 0.1213016787640339, ""2"": 0.09245917182129372, ""3"": 0.06985966081504187, ""4"": 0.051476179075514494}"
11800726,unknown_nonlinear,least_seen,0.13,0.09178797121384678,0.07074470890795895,0.08242515938437865,0.04080561471320599,0.03758924471028445,30,4,"[120, 8, 7, 7, 8]","{""0"": 0.043512049779927, ""1"": 0.15357781717733257, ""2"": 0.1295537782592415, ""3"": 0.07998773106001661, ""4"": 0.05230847979271624}"
11800726,unknown_nonlinear,single_action,0.13,0.0734669093933771,0.05843057445742973,0.08205915117758981,0.030455541116520837,0.0315336884177492,30,1,"[120, 30, 0, 0, 0]","{""0"": 0.03017963141612048, ""1"": 0.06836378880473536, ""2"": 0.09980592965040132, ""3"": 0.12653286460562677, ""4"": 0.04245233249000157}"
11800726,unknown_nonlinear,no_probes,0.13,0.3320855779032045,0.09077219382350457,0.09308794731190398,0.028102497428436145,0.031875498293859744,0,0,"[150, 0, 0, 0, 0]","{""0"": 0.2843609854763474, ""1"": 0.5345827686416542, ""2"": 0.2975125966831269, ""3"": 0.4262011124241892, ""4"": 0.11777042629070467}"
11800863,none,uncertainty,0.13,0.026572961287014453,0.017079223551998313,0.04752869617131418,0.03780348044093004,0.027043881899538238,30,4,"[120, 8, 7, 6, 9]","{""0"": 0.025102752456170413, ""1"": 0.032014755588088174, ""2"": 0.02474710979565702, ""3"": 0.02671921926785113, ""4"": 0.02428096932730553}"
11800863,none,random,0.13,0.03125040779268732,0.017218724975438127,0.06096425799678282,0.039703763062279664,0.030298172193685153,30,4,"[120, 7, 11, 5, 7]","{""0"": 0.02514419889290555, ""1"": 0.03682346613160212, ""2"": 0.02012258320729256, ""3"": 0.025045614186227912, ""4"": 0.04911617654540847}"
11800863,none,cycle,0.13,0.024575607034494136,0.01551952768405959,0.037241695921916645,0.036294734751918585,0.029731486689658245,30,4,"[120, 8, 7, 8, 7]","{""0"": 0.02305654395848869, ""1"": 0.021799152210941267, ""2"": 0.03379831343819823, ""3"": 0.023129115772521396, ""4"": 0.021094909792321138}"
11800863,none,least_seen,0.13,0.026112353442783776,0.013584139618508469,0.03659174795438215,0.037896363966847445,0.0298318743720911,30,4,"[120, 7, 8, 8, 7]","{""0"": 0.02319628280737214, ""1"": 0.022948258649510975, ""2"": 0.029774556965273702, ""3"": 0.03148207408916887, ""4"": 0.023160594702593202}"
11800863,none,single_action,0.13,0.10891346651576973,0.06299781051241463,0.11765860394020523,0.03966401342067678,0.02980696229015163,30,1,"[120, 30, 0, 0, 0]","{""0"": 0.05439565105573329, ""1"": 0.07234830582320408, ""2"": 0.12117564341993158, ""3"": 0.08573034712473293, ""4"": 0.21091738515524674}"
11800863,none,no_probes,0.13,0.094451973757657,0.09068468209842943,0.11392226881543127,0.034555692175307746,0.02716304329456525,0,0,"[150, 0, 0, 0, 0]","{""0"": 0.017562466642762054, ""1"": 0.117876932351896, ""2"": 0.11315899722178983, ""3"": 0.0904713991069076, ""4"": 0.1331900734649294}"
11800863,motor,uncertainty,0.13,0.026186675131306902,0.015238473020220796,0.03609937848795933,0.059868769377766744,0.03141287804573437,30,4,"[120, 7, 8, 8, 7]","{""0"": 0.02544015490503172, ""1"": 0.030486399113030197, ""2"": 0.018935147512631798, ""3"": 0.031149984408692693, ""4"": 0.024921689717148098}"
11800863,motor,random,0.13,0.1525337338657034,0.03871899114299996,0.08786145607722978,0.05780439141371732,0.03175462384371506,30,4,"[120, 7, 11, 5, 7]","{""0"": 0.11180479576201591, ""1"": 0.18814840851772674, ""2"": 0.14898374579261645, ""3"": 0.2430679221314714, ""4"": 0.07066379712468655}"
11800863,motor,cycle,0.13,0.023844535072008868,0.014960111576696643,0.03703658734725638,0.052608560896092255,0.030668230827444454,30,4,"[120, 8, 7, 8, 7]","{""0"": 0.019662781459617293, ""1"": 0.02702020593577248, ""2"": 0.021304777301082916, ""3"": 0.022416975049687076, ""4"": 0.028817935613884575}"
11800863,motor,least_seen,0.13,0.03213852448534934,0.022714288853040845,0.03606968383914976,0.05336623098119169,0.031900598112596254,30,4,"[120, 7, 8, 8, 7]","{""0"": 0.02365084290313597, ""1"": 0.047785108191564764, ""2"": 0.023000874578890735, ""3"": 0.021644449433730645, ""4"": 0.0446113473194246}"
11800863,motor,single_action,0.13,0.17814687678081195,0.17141109502239377,0.12092067881644171,0.04717156963442821,0.04324112957165135,30,1,"[120, 30, 0, 0, 0]","{""0"": 0.06400407354442687, ""1"": 0.18972647170807785, ""2"": 0.2894240680939211, ""3"": 0.23200431742826122, ""4"": 0.11557545312937266}"
11800863,motor,no_probes,0.13,0.09949801631780318,0.09567382619280398,0.12147743232493752,0.034555692175307746,0.02716304329456525,0,0,"[150, 0, 0, 0, 0]","{""0"": 0.0176449220285052, ""1"": 0.09031815631149015, ""2"": 0.13693278628263963, ""3"": 0.12224015844322496, ""4"": 0.13035405852315593}"
11800863,external,uncertainty,0.13,0.0574952238211081,0.02355679899663623,0.06533587995727104,0.05358447590558325,0.037005655324869165,30,4,"[120, 8, 7, 8, 7]","{""0"": 0.03785358105601432, ""1"": 0.03902763471430149, ""2"": 0.04282515598133239, ""3"": 0.10416918283609639, ""4"": 0.06360056451779598}"
11800863,external,random,0.13,0.08066048029266239,0.03000874997322974,0.08302427639413826,0.050494920325150024,0.039041521045644303,30,4,"[120, 7, 11, 5, 7]","{""0"": 0.058185399799289085, ""1"": 0.07339555702504415, ""2"": 0.06609679286647945, ""3"": 0.14705922451512718, ""4"": 0.05856542725737213}"
11800863,external,cycle,0.13,0.05784850741596271,0.02038850426857416,0.058749014598995244,0.06087465970323979,0.041814650158101326,30,4,"[120, 8, 7, 8, 7]","{""0"": 0.03848416410582054, ""1"": 0.036120662552884826, ""2"": 0.04781830380304127, ""3"": 0.08621194855132101, ""4"": 0.08060745806674582}"
11800863,external,least_seen,0.13,0.05381452107854333,0.02141181197072757,0.059437997935813204,0.06582361104592108,0.04388404728677178,30,4,"[120, 7, 8, 8, 7]","{""0"": 0.03809096186524017, ""1"": 0.03978564854618002, ""2"": 0.0423236157911297, ""3"": 0.0867440525326596, ""4"": 0.06212832665750715}"
11800863,external,single_action,0.13,0.10083462512288804,0.08424641852134572,0.09976285772960487,0.06361073913250043,0.030280495243279727,30,1,"[120, 30, 0, 0, 0]","{""0"": 0.03789583044139543, ""1"": 0.070674115650524, ""2"": 0.17588369432157838, ""3"": 0.09720239288534334, ""4"": 0.12251709231559904}"
11800863,external,no_probes,0.13,0.0994732201682443,0.07467776912977775,0.09944093539615591,0.04900813012158583,0.03021382586127686,0,0,"[150, 0, 0, 0, 0]","{""0"": 0.03888215051605786, ""1"": 0.10361536995506825, ""2"": 0.13844993730314256, ""3"": 0.10463296978578425, ""4"": 0.11178567328116858}"
11800863,sensor,uncertainty,0.13,0.026947068237832775,0.0169846230266669,0.04752869617131418,0.039832045340990975,0.027357269525794637,30,4,"[120, 8, 7, 6, 9]","{""0"": 0.025185593434913122, ""1"": 0.03212794003376709, ""2"": 0.024735658965337682, ""3"": 0.02406346773162583, ""4"": 0.028622681023520186}"
11800863,sensor,random,0.13,0.029701206074217005,0.01804716671871755,0.06096425799678282,0.03937843788794673,0.03034306544750697,30,4,"[120, 7, 11, 5, 7]","{""0"": 0.02411651306312045, ""1"": 0.0374268163435874, ""2"": 0.018120615255259914, ""3"": 0.02537473340172754, ""4"": 0.04346735230738971}"
11800863,sensor,cycle,0.13,0.025121181641849784,0.015777934407995447,0.037241695921916645,0.03711801476149521,0.030351175866926625,30,4,"[120, 8, 7, 8, 7]","{""0"": 0.023161453282468925, ""1"": 0.022849785968647073, ""2"": 0.03462062107582695, ""3"": 0.021663883793590234, ""4"": 0.023310164088715734}"
11800863,sensor,least_seen,0.13,0.026367596921284178,0.013819242597156504,0.03659174795438215,0.03707247974127033,0.030983846580706374,30,4,"[120, 7, 8, 8, 7]","{""0"": 0.023132558824592354, ""1"": 0.02113204367211197, ""2"": 0.03319692224494347, ""3"": 0.03202331330545389, ""4"": 0.02235314655931921}"
11800863,sensor,single_action,0.13,0.08513792554907822,0.06085281195519146,0.11765860394020523,0.038990768261431955,0.02994280267108214,30,1,"[120, 30, 0, 0, 0]","{""0"": 0.03289893583081079, ""1"": 0.0644471703609639, ""2"": 0.07613173135108307, ""3"": 0.08431378190803614, ""4"": 0.1678980082944971}"
11800863,sensor,no_probes,0.13,0.09533714411702017,0.090705593054678,0.11392226881543127,0.034508262065054376,0.027920508364376543,0,0,"[150, 0, 0, 0, 0]","{""0"": 0.018224490283814135, ""1"": 0.12096786595284657, ""2"": 0.11188849281412351, ""3"": 0.09224523542447759, ""4"": 0.1333596361098391}"
11800863,motor_external,uncertainty,0.13,0.06684362772928412,0.028436612180494685,0.05120751148769709,0.06296949745114688,0.04243485185651979,30,4,"[120, 8, 7, 8, 7]","{""0"": 0.04039784474032118, ""1"": 0.11124048423982853, ""2"": 0.039615570134637616, ""3"": 0.033064774962462885, ""4"": 0.10989946456917038}"
11800863,motor_external,random,0.13,0.07102272313895018,0.03412854228234529,0.07711045611231172,0.07015973494233643,0.03777338110760479,30,4,"[120, 7, 11, 5, 7]","{""0"": 0.04209522040598849, ""1"": 0.15318663269147761, ""2"": 0.028990184430881583, ""3"": 0.07491857962493395, ""4"": 0.05592299854146924}"
11800863,motor_external,cycle,0.13,0.07455203519448755,0.02506017654961629,0.0736919271608612,0.06591109955530391,0.044291526480948994,30,4,"[120, 8, 7, 8, 7]","{""0"": 0.04233194091426173, ""1"": 0.08780039415274372, ""2"": 0.09103250291196495, ""3"": 0.0388691645244215, ""4"": 0.1127261734690459}"
11800863,motor_external,least_seen,0.13,0.06602471955056856,0.029240026139445218,0.07412271434600316,0.07514582132621095,0.04160356598990688,30,4,"[120, 7, 8, 8, 7]","{""0"": 0.04086508712017914, ""1"": 0.1062812162741054, ""2"": 0.058081970641737236, ""3"": 0.038009001586281205, ""4"": 0.08688632213053989}"
11800863,motor_external,single_action,0.13,0.08537457802800065,0.054697886775169104,0.09681536406811485,0.08864469770891872,0.0323183400929756,30,1,"[120, 30, 0, 0, 0]","{""0"": 0.033584555108935904, ""1"": 0.08617841024608112, ""2"": 0.10097757846712048, ""3"": 0.14982594829528542, ""4"": 0.05630639802258031}"
11800863,motor_external,no_probes,0.13,0.09563265015791478,0.06382722983566586,0.0943146643213022,0.04900813012158583,0.03021382586127686,0,0,"[150, 0, 0, 0, 0]","{""0"": 0.04219694098799281, ""1"": 0.10891089443443021, ""2"": 0.10750069402180902, ""3"": 0.1318574273062194, ""4"": 0.08769729403912241}"
11800863,unknown_nonlinear,uncertainty,0.13,0.09436704998854653,0.03388506372641394,0.049414284602213684,0.042606597262249156,0.03204403535974203,30,4,"[120, 9, 6, 8, 7]","{""0"": 0.06108650428132154, ""1"": 0.09898776149970072, ""2"": 0.12294469636309983, ""3"": 0.11715422506021465, ""4"": 0.07166206273839597}"
11800863,unknown_nonlinear,random,0.13,0.09495001482207686,0.0457325784548199,0.07959188706818048,0.040420924307825803,0.033160635904247504,30,4,"[120, 7, 11, 5, 7]","{""0"": 0.039446503473675544, ""1"": 0.08463953679283524, ""2"": 0.048526952504074204, ""3"": 0.14784081058519674, ""4"": 0.15429627075460264}"
11800863,unknown_nonlinear,cycle,0.13,0.18232816403471447,0.0371281904251176,0.06900157212408255,0.04062853424138956,0.030586511294348376,30,4,"[120, 8, 7, 8, 7]","{""0"": 0.12808440564023346, ""1"": 0.43571438584667094, ""2"": 0.07685529227459274, ""3"": 0.1510412364385387, ""4"": 0.11994549997353665}"
11800863,unknown_nonlinear,least_seen,0.13,0.13802418944228007,0.031853103001953535,0.055957744784565625,0.039660995800079896,0.030545147981597298,30,4,"[120, 7, 8, 8, 7]","{""0"": 0.08847205786718998, ""1"": 0.2843101566316197, ""2"": 0.061505289235398754, ""3"": 0.14665156478602848, ""4"": 0.10918187869116353}"
11800863,unknown_nonlinear,single_action,0.13,0.07447833119799895,0.04703183715065049,0.06722859278618397,0.03935689613003551,0.029695828657091215,30,1,"[120, 30, 0, 0, 0]","{""0"": 0.03607709742963444, ""1"": 0.041432452703540096, ""2"": 0.11190392399201209, ""3"": 0.06515893331575953, ""4"": 0.11781924854904852}"
11800863,unknown_nonlinear,no_probes,0.13,0.1797141286127207,0.04203620303709665,0.06674668326946678,0.034555692175307746,0.02716304329456525,0,0,"[150, 0, 0, 0, 0]","{""0"": 0.13739473309061948, ""1"": 0.33900513346236244, ""2"": 0.11123794987195963, ""3"": 0.23244534181992335, ""4"": 0.07848748481873902}"
11801000,none,uncertainty,0.13,0.04766944861697287,0.03132158631593163,0.05082125670465271,0.03619816086419012,0.053260681217113255,30,4,"[120, 8, 7, 7, 8]","{""0"": 0.0459286829542252, ""1"": 0.047405930225187694, ""2"": 0.0429932312917086, ""3"": 0.05202024546228776, ""4"": 0.04999915315145512}"
11801000,none,random,0.13,0.0672961570139735,0.03589576223656427,0.08493039205340178,0.03440346530722447,0.05651912592732513,30,4,"[120, 5, 8, 10, 7]","{""0"": 0.06314749629778153, ""1"": 0.0657311319706111, ""2"": 0.0697723960413374, ""3"": 0.053262678941079666, ""4"": 0.08456708181905782}"
11801000,none,cycle,0.13,0.05402006033882276,0.03107000639349625,0.04554925767930132,0.03353871161564221,0.048335684775755366,30,4,"[120, 8, 7, 8, 7]","{""0"": 0.045589577567681394, ""1"": 0.05391403489324556, ""2"": 0.05473634957861715, ""3"": 0.07383067277733525, ""4"": 0.04202966687723444}"
11801000,none,least_seen,0.13,0.04743649746547338,0.029764018954602508,0.05079921333395437,0.0356100974179156,0.05165716918018285,30,4,"[120, 8, 7, 8, 7]","{""0"": 0.04584694779497054, ""1"": 0.04812061851010573, ""2"": 0.043926179369816916, ""3"": 0.05426483699351769, ""4"": 0.04502390465895603}"
11801000,none,single_action,0.13,0.15557998199877032,0.06891874957792199,0.11903906653387582,0.03754636888210186,0.051792235129993494,30,1,"[120, 30, 0, 0, 0]","{""0"": 0.08897985927180663, ""1"": 0.21474860931050163, ""2"": 0.06985426227459371, ""3"": 0.30502489070849476, ""4"": 0.0992922884284549}"
11801000,none,no_probes,0.13,0.13027474513836626,0.11213911983878846,0.1321393329580456,0.03324424149412272,0.04718754347863682,0,0,"[150, 0, 0, 0, 0]","{""0"": 0.04758213064831216, ""1"": 0.23853779561656208, ""2"": 0.04645447919648438, ""3"": 0.21669988296318587, ""4"": 0.1020994372672868}"
11801000,motor,uncertainty,0.13,0.08047041301912457,0.05076626049426122,0.04651626554227117,0.04879352540016982,0.05269171687295943,30,4,"[120, 7, 8, 8, 7]","{""0"": 0.05450468689453042, ""1"": 0.05522526768332309, ""2"": 0.10542082390945384, ""3"": 0.026560707338745142, ""4"": 0.16064057926957034}"
11801000,motor,random,0.13,0.16589548094371173,0.09332700318918594,0.07953737756292197,0.058546252117849334,0.055205808586514644,30,4,"[120, 5, 8, 10, 7]","{""0"": 0.10021884320436932, ""1"": 0.1302643965669849, ""2"": 0.3209238905100577, ""3"": 0.06339640617250081, ""4"": 0.21467386826464604}"
11801000,motor,cycle,0.13,0.06715162422135434,0.042398312385653475,0.05527276066467415,0.0623970515335707,0.048052367071476774,30,4,"[120, 8, 7, 8, 7]","{""0"": 0.0503324071923944, ""1"": 0.022211338942401293, ""2"": 0.14202746777188, ""3"": 0.053198108904171544, ""4"": 0.06798879829592452}"
11801000,motor,least_seen,0.13,0.06247854333801229,0.03219627691264799,0.044397519037557294,0.060376929695948246,0.05183369074770291,30,4,"[120, 8, 7, 8, 7]","{""0"": 0.05319384822301796, ""1"": 0.04666266673497435, ""2"": 0.08872310288738672, ""3"": 0.04616532780221577, ""4"": 0.07764777104246662}"
11801000,motor,single_action,0.13,0.11755944722319592,0.10504414698070388,0.10044794228266941,0.041345592914213844,0.055672151208217176,30,1,"[120, 30, 0, 0, 0]","{""0"": 0.05242812778235178, ""1"": 0.08881312387169353, ""2"": 0.16701137202443536, ""3"": 0.06381342372045616, ""4"": 0.2157311887170427}"
11801000,motor,no_probes,0.13,0.13354445317461855,0.11664892108910827,0.13557893484104214,0.03324424149412272,0.04718754347863682,0,0,"[150, 0, 0, 0, 0]","{""0"": 0.04659029740108952, ""1"": 0.20754817004822523, ""2"": 0.14334134209403218, ""3"": 0.043381054441263056, ""4"": 0.22686140188848283}"
11801000,external,uncertainty,0.13,0.05167771655499965,0.03842511590909533,0.05783426131583943,0.06269258217180694,0.06251340793884504,30,4,"[120, 8, 7, 8, 7]","{""0"": 0.044105197255051715, ""1"": 0.04513003820474142, ""2"": 0.04398515361866154, ""3"": 0.06967636392180221, ""4"": 0.055491829774741375}"
11801000,external,random,0.13,0.047629168666558655,0.03409630397137618,0.03667044443132384,0.06264296514600257,0.06470100812786377,30,4,"[120, 5, 8, 10, 7]","{""0"": 0.04327260174355676, ""1"": 0.058175457829420456, ""2"": 0.03094134750126205, ""3"": 0.029596021327678714, ""4"": 0.07616041493087533}"
11801000,external,cycle,0.13,0.05684819671202116,0.032277960281865435,0.04948141428628104,0.06182782024918029,0.0584463031811704,30,4,"[120, 8, 7, 8, 7]","{""0"": 0.04567538313121489, ""1"": 0.020714080493838886, ""2"": 0.10113691118961675, ""3"": 0.045687638343204225, ""4"": 0.07102697040223106}"
11801000,external,least_seen,0.13,0.0480870430827085,0.035294797862741256,0.0403252303516076,0.05728989791683716,0.06564552272843295,30,4,"[120, 8, 7, 8, 7]","{""0"": 0.04575607805647284, ""1"": 0.0387270131531463, ""2"": 0.04349428598407764, ""3"": 0.04426968634540954, ""4"": 0.06818815187443616}"
11801000,external,single_action,0.13,0.07714249275593037,0.06573009875879313,0.06452336877394639,0.044903257293032975,0.059025717651121364,30,1,"[120, 30, 0, 0, 0]","{""0"": 0.049585108991740214, ""1"": 0.034127572815833944, ""2"": 0.10270235049882144, ""3"": 0.07032559442218285, ""4"": 0.12897183705107346}"
11801000,external,no_probes,0.13,0.06695784785498529,0.05956411638345484,0.06344373522680956,0.04812661444388779,0.051578453815650294,0,0,"[150, 0, 0, 0, 0]","{""0"": 0.044730596254094625, ""1"": 0.044730596254094625, ""2"": 0.06171899381515399, ""3"": 0.0703320724317995, ""4"": 0.11327698051978374}"
11801000,sensor,uncertainty,0.13,0.04954516161704486,0.0319236027936031,0.05082125670465271,0.03571348914108143,0.05306446534636164,30,4,"[120, 8, 7, 7, 8]","{""0"": 0.046135338412895875, ""1"": 0.05622596449666332, ""2"": 0.04243451242672471, ""3"": 0.053842099699713965, ""4"": 0.049087893049226415}"
11801000,sensor,random,0.13,0.0580712214828064,0.03527700728231109,0.08493039205340178,0.0364916618677291,0.056867743985065826,30,4,"[120, 5, 8, 10, 7]","{""0"": 0.05648117563291786, ""1"": 0.03840619569075656, ""2"": 0.07485821916405382, ""3"": 0.053071153099913226, ""4"": 0.06753936382639047}"
11801000,sensor,cycle,0.13,0.052343321066755974,0.03131109775778348,0.04554925767930132,0.03455376765253416,0.04883677459726634,30,4,"[120, 8, 7, 8, 7]","{""0"": 0.04525762294943628, ""1"": 0.05794841077208863, ""2"": 0.04857086262051203, ""3"": 0.05936731522803068, ""4"": 0.05057239376371223}"
11801000,sensor,least_seen,0.13,0.048343554980002854,0.029981979402208887,0.05079921333395437,0.03646202130075651,0.051664749306925106,30,4,"[120, 8, 7, 8, 7]","{""0"": 0.046613739762460714, ""1"": 0.05862095701541703, ""2"": 0.03501301923377415, ""3"": 0.05725020232242622, ""4"": 0.04421985656593613}"
11801000,sensor,single_action,0.13,0.10525656278915269,0.07033549522115418,0.11903906653387582,0.03666805757225778,0.0526871280544993,30,1,"[120, 30, 0, 0, 0]","{""0"": 0.042321071978953774, ""1"": 0.14134579966862937, ""2"": 0.03343871716690911, ""3"": 0.20973303590500278, ""4"": 0.09944418922626841}"
11801000,sensor,no_probes,0.13,0.13186718391599664,0.11249912718687378,0.1321393329580456,0.033717910894711205,0.04750502486662233,0,0,"[150, 0, 0, 0, 0]","{""0"": 0.049225924491400674, ""1"": 0.2436119630019802, ""2"": 0.044431543397575234, ""3"": 0.21889281602645402, ""4"": 0.10317367266257294}"
11801000,motor_external,uncertainty,0.13,0.05981333384508109,0.029266620870993167,0.052870875625435736,0.07959455225190198,0.05496319175369908,30,4,"[120, 8, 7, 8, 7]","{""0"": 0.04464040996228985, ""1"": 0.04971693473466978, ""2"": 0.0854704811948482, ""3"": 0.09776716598678077, ""4"": 0.02147167734681683}"
11801000,motor_external,random,0.13,0.0470017820755695,0.02914207738961638,0.040781501170468464,0.07135130684314152,0.06437653037934847,30,4,"[120, 5, 8, 10, 7]","{""0"": 0.04522107958221247, ""1"": 0.06782989386942555, ""2"": 0.0361291792998075, ""3"": 0.04206457177809666, ""4"": 0.04376418584830535}"
11801000,motor_external,cycle,0.13,0.057028411426578406,0.03486419769025554,0.04876938669093808,0.06855951704163622,0.06175115898942058,30,4,"[120, 8, 7, 8, 7]","{""0"": 0.04451008847213193, ""1"": 0.03711514430696344, ""2"": 0.10828729005972106, ""3"": 0.05822040892576961, ""4"": 0.037009125368305994}"
11801000,motor_external,least_seen,0.13,0.04989460458846518,0.029683292531500625,0.055122339812383896,0.07861732375235174,0.06892501615815706,30,4,"[120, 8, 7, 8, 7]","{""0"": 0.04451791702421463, ""1"": 0.030626641875215178, ""2"": 0.0770681912312333, ""3"": 0.04819167655303164, ""4"": 0.049068596258631136}"
11801000,motor_external,single_action,0.13,0.07291315618268349,0.04752238053236494,0.0581145734161672,0.053718402901197365,0.056600144285805336,30,1,"[120, 30, 0, 0, 0]","{""0"": 0.05066198677158209, ""1"": 0.044023879192257316, ""2"": 0.15256990020263675, ""3"": 0.06664802797535922, ""4"": 0.05066198677158209}"
11801000,motor_external,no_probes,0.13,0.06746153936982431,0.056979955092451094,0.06471319410408034,0.04812661444388779,0.051578453815650294,0,0,"[150, 0, 0, 0, 0]","{""0"": 0.04515472658055598, ""1"": 0.07023877612648548, ""2"": 0.11434310740310911, ""3"": 0.06241636015841497, ""4"": 0.04515472658055598}"
11801000,unknown_nonlinear,uncertainty,0.13,0.1193556156933862,0.04034590112865944,0.07564577470685648,0.03804066509450975,0.051723825290687794,30,4,"[120, 7, 8, 9, 6]","{""0"": 0.0621033262656, ""1"": 0.09320038951545612, ""2"": 0.10243440869566423, ""3"": 0.05003345234819604, ""4"": 0.28900650164201463}"
11801000,unknown_nonlinear,random,0.13,0.04712086127556083,0.02569111646706183,0.055554647952913004,0.03807571490563784,0.06185620807049081,30,4,"[120, 5, 8, 10, 7]","{""0"": 0.04492780351880805, ""1"": 0.07838438999061444, ""2"": 0.02024571402496314, ""3"": 0.04629489003897591, ""4"": 0.04575150880444264}"
11801000,unknown_nonlinear,cycle,0.13,0.43086336967726574,0.04497217079224563,0.08203201874099665,0.0329074956656651,0.0481364869195928,30,4,"[120, 8, 7, 8, 7]","{""0"": 0.3807145403825792, ""1"": 0.46313328786579405, ""2"": 0.3606346936400497, ""3"": 0.7917710254458313, ""4"": 0.15806330105207456}"
11801000,unknown_nonlinear,least_seen,0.13,0.36528019210961704,0.04672153174027804,0.07651242958316323,0.03546672110037275,0.05286766706021136,30,4,"[120, 8, 7, 8, 7]","{""0"": 0.32453253159912676, ""1"": 0.1256041739041115, ""2"": 0.6593454886376194, ""3"": 0.5200524696376577, ""4"": 0.19686629676957002}"
11801000,unknown_nonlinear,single_action,0.13,0.9028528807150741,0.08540764622589198,0.05656779947744593,0.03754636888210186,0.051792235129993494,30,1,"[120, 30, 0, 0, 0]","{""0"": 0.8695016024526012, ""1"": 1.1364888900990622, ""2"": 0.6986530254215685, ""3"": 1.17469215318652, ""4"": 0.6349287324156189}"
11801000,unknown_nonlinear,no_probes,0.13,0.5499121479571677,0.05267597081922396,0.06217026019040049,0.03324424149412272,0.04718754347863682,0,0,"[150, 0, 0, 0, 0]","{""0"": 0.5188048199246769, ""1"": 0.531846171007077, ""2"": 0.5998976437830473, ""3"": 0.7626974624489313, ""4"": 0.33631464262210603}"
11801137,none,uncertainty,0.13,0.04069667139256796,0.022084008704494364,0.0397365665040812,0.03683919990559544,0.030890076326910546,30,4,"[120, 7, 7, 7, 9]","{""0"": 0.03891091447256492, ""1"": 0.061315838309289224, ""2"": 0.02424480133956998, ""3"": 0.0446696700485737, ""4"": 0.03434213279284199}"
11801137,none,random,0.13,0.031668495369680125,0.0233737040058515,0.02953894347156506,0.037173532889081116,0.030792198491582847,30,4,"[120, 5, 4, 11, 10]","{""0"": 0.02995387177381741, ""1"": 0.0450834825101168, ""2"": 0.023333948161961243, ""3"": 0.03121269889856886, ""4"": 0.028758475503936315}"
11801137,none,cycle,0.13,0.04354353645663757,0.02203831362946249,0.037795331614242846,0.03897272176403485,0.027195762079626075,30,4,"[120, 8, 7, 8, 7]","{""0"": 0.038732476958081956, ""1"": 0.02852247475671354, ""2"": 0.05785543953566879, ""3"": 0.023792907881743014, ""4"": 0.06881438315098055}"
11801137,none,least_seen,0.13,0.050217740029015454,0.024786692946612617,0.054764844100062944,0.03508474375737951,0.029714974595202205,30,4,"[120, 8, 7, 7, 8]","{""0"": 0.043947651048431235, ""1"": 0.0419688821095302, ""2"": 0.06603301434883538, ""3"": 0.05208560691349531, ""4"": 0.047053545724785095}"
11801137,none,single_action,0.13,0.4276581631912034,0.04280209381230087,0.07906903147899075,0.04270698197725951,0.02952188502076896,30,1,"[120, 30, 0, 0, 0]","{""0"": 0.38768063234274946, ""1"": 0.44180223628431836, ""2"": 0.44180817768805286, ""3"": 0.20548338442392874, ""4"": 0.6615163852169679}"
11801137,none,no_probes,0.13,0.11688842717905315,0.06854175673838965,0.08062415315715049,0.034661761511211434,0.026133739713870903,0,0,"[150, 0, 0, 0, 0]","{""0"": 0.07201459344784283, ""1"": 0.20296328250859705, ""2"": 0.06959399808931281, ""3"": 0.043304947094149254, ""4"": 0.1965653147553638}"
11801137,motor,uncertainty,0.13,0.07002987714239015,0.03438188078529801,0.051543489657003505,0.04892273582196778,0.03131938646376215,30,4,"[120, 7, 8, 7, 8]","{""0"": 0.04683392551779664, ""1"": 0.021179954485655007, ""2"": 0.1475966902958373, ""3"": 0.06178921576051296, ""4"": 0.07274959965214882}"
11801137,motor,random,0.13,0.04672859298765979,0.03418253170607997,0.03136399971810689,0.04464049862953358,0.028916924066831575,30,4,"[120, 5, 4, 11, 10]","{""0"": 0.04088115074776389, ""1"": 0.08855902013195205, ""2"": 0.018075855380052755, ""3"": 0.041077268565159884, ""4"": 0.045049670113370334}"
11801137,motor,cycle,0.13,0.05244339154931435,0.02206011643039925,0.03904448885177078,0.05045506516446477,0.027988886644513693,30,4,"[120, 8, 7, 8, 7]","{""0"": 0.04829579552554209, ""1"": 0.03856563089082596, ""2"": 0.06891732775020062, ""3"": 0.04024336811398912, ""4"": 0.06619483546601394}"
11801137,motor,least_seen,0.13,0.04867201586685184,0.023763186376692055,0.05262740905290726,0.04780110468193595,0.026736539427373935,30,4,"[120, 8, 7, 7, 8]","{""0"": 0.044285593181423964, ""1"": 0.04073875640463301, ""2"": 0.06276532166291525, ""3"": 0.054181588448524914, ""4"": 0.04138881963676206}"
11801137,motor,single_action,0.13,0.37211390216713564,0.25059659476340623,0.0902490309092724,0.05363616521121213,0.03807061384003569,30,1,"[120, 30, 0, 0, 0]","{""0"": 0.21658657588595984, ""1"": 0.2236661235086069, ""2"": 0.8647105382626763, ""3"": 0.3133665716545768, ""4"": 0.24223970152385843}"
11801137,motor,no_probes,0.13,0.11095992978928436,0.06592821212823122,0.08027053872754006,0.034661761511211434,0.026133739713870903,0,0,"[150, 0, 0, 0, 0]","{""0"": 0.0678103378903822, ""1"": 0.042293822521389766, ""2"": 0.18873837842769714, ""3"": 0.061545745373792426, ""4"": 0.19441136473316023}"
11801137,external,uncertainty,0.13,0.048255135897966026,0.03018164358598857,0.04078399266975749,0.05525560868292341,0.03636581866285012,30,4,"[120, 6, 8, 7, 9]","{""0"": 0.030929828623378744, ""1"": 0.04699817872629167, ""2"": 0.08470974535187226, ""3"": 0.04545047414111592, ""4"": 0.03318745264717155}"
11801137,external,random,0.13,0.04645906915669213,0.036167426897170035,0.03309527201309918,0.052894828948932056,0.04021739091587178,30,4,"[120, 5, 4, 11, 10]","{""0"": 0.02998863816496521, ""1"": 0.06745775012803158, ""2"": 0.05859307888453567, ""3"": 0.04201176485009584, ""4"": 0.03424411375583233}"
11801137,external,cycle,0.13,0.050819111469036685,0.031686808600568835,0.04778818866551602,0.052880017870381345,0.03491247235911548,30,4,"[120, 8, 7, 8, 7]","{""0"": 0.03078576175190072, ""1"": 0.03397595294612703, ""2"": 0.10643117916588041, ""3"": 0.02610338788007197, ""4"": 0.0567992756012033}"
11801137,external,least_seen,0.13,0.05460661489467826,0.03144021203248468,0.047718136464583207,0.05042706619809558,0.031007001464512116,30,4,"[120, 8, 7, 7, 8]","{""0"": 0.03139017860014653, ""1"": 0.03318457423117989, ""2"": 0.12858487547871136, ""3"": 0.03618854209497733, ""4"": 0.04368490406837614}"
11801137,external,single_action,0.13,0.1496729635247977,0.21240347961684175,0.05761819701507228,0.05685189186441976,0.03474617595196004,30,1,"[120, 30, 0, 0, 0]","{""0"": 0.11665537325973045, ""1"": 0.14110065776045422, ""2"": 0.29263885114434174, ""3"": 0.0813145621997315, ""4"": 0.11665537325973045}"
11801137,external,no_probes,0.13,0.06155177937666317,0.048175263304180614,0.06155932399774044,0.04491527001389059,0.028195588504386897,0,0,"[150, 0, 0, 0, 0]","{""0"": 0.029697679785926162, ""1"": 0.13075817185060304, ""2"": 0.0489179119304112, ""3"": 0.06868745353044928, ""4"": 0.029697679785926162}"
11801137,sensor,uncertainty,0.13,0.04510583095294731,0.02134388255636435,0.0397365665040812,0.03655122636553212,0.031111543902787045,30,4,"[120, 7, 7, 7, 9]","{""0"": 0.04330092104813602, ""1"": 0.06653689218838241, ""2"": 0.02826768563772092, ""3"": 0.04956065026557518, ""4"": 0.03786300562492206}"
11801137,sensor,random,0.13,0.029759092561989543,0.023183032646783588,0.02953894347156506,0.0363119233074186,0.031426678392268495,30,4,"[120, 5, 4, 11, 10]","{""0"": 0.027880685224651203, ""1"": 0.04288861294460062, ""2"": 0.0213496164461122, ""3"": 0.03147054233272432, ""4"": 0.025206005861859365}"
11801137,sensor,cycle,0.13,0.04278954629351285,0.021508972132899408,0.037795331614242846,0.03855518893240604,0.027996100433356128,30,4,"[120, 8, 7, 8, 7]","{""0"": 0.03773281179881808, ""1"": 0.028090263326910152, ""2"": 0.055712896256928025, ""3"": 0.02404955114824053, ""4"": 0.06836220893666749}"
11801137,sensor,least_seen,0.13,0.05131928948739449,0.02364426630825938,0.054764844100062944,0.034516920355250454,0.030074573034971037,30,4,"[120, 8, 7, 7, 8]","{""0"": 0.04507506128190585, ""1"": 0.04713035658431316, ""2"": 0.0633679982318524, ""3"": 0.05226234517583537, ""4"": 0.04876068616306567}"
11801137,sensor,single_action,0.13,0.40805297598546175,0.057348190634004655,0.07906903147899075,0.043115851004515385,0.029105922698830097,30,1,"[120, 30, 0, 0, 0]","{""0"": 0.37202721306701364, ""1"": 0.3634317595624861, ""2"": 0.4684626828377094, ""3"": 0.19550228826258684, ""4"": 0.6408409361975128}"
11801137,sensor,no_probes,0.13,0.11711863652303646,0.06762344681950559,0.08062415315715049,0.03449531587309089,0.02703185199339628,0,0,"[150, 0, 0, 0, 0]","{""0"": 0.07230069119488647, ""1"": 0.19826655128929063, ""2"": 0.07483000281494642, ""3"": 0.040815719768210586, ""4"": 0.19938021754784818}"
11801137,motor_external,uncertainty,0.13,0.03728384283499236,0.023426298396232784,0.04674813746573166,0.06095517473543178,0.037451081995957154,30,4,"[120, 6, 8, 7, 9]","{""0"": 0.026935091709983604, ""1"": 0.027370131060290608, ""2"": 0.03631582976617997, ""3"": 0.0381409559193479, ""4"": 0.05765720571915972}"
11801137,motor_external,random,0.13,0.03472532262120274,0.025174623954556878,0.04116167484014852,0.05893058646172377,0.04733294910871229,30,4,"[120, 5, 4, 11, 10]","{""0"": 0.025100910996936832, ""1"": 0.028159834754057294, ""2"": 0.024141715358562313, ""3"": 0.041010144881454026, ""4"": 0.055214007115003204}"
11801137,motor_external,cycle,0.13,0.03885442099012212,0.02593422445112724,0.05100229813928347,0.07100696349232713,0.041718402783371064,30,4,"[120, 8, 7, 8, 7]","{""0"": 0.024529375585600977, ""1"": 0.027124196818642796, ""2"": 0.031070444166353194, ""3"": 0.03133862441013526, ""4"": 0.08020946396987834}"
11801137,motor_external,least_seen,0.13,0.03875568613419667,0.024736141434001362,0.06600075502307255,0.06013920375496551,0.04016316140103701,30,4,"[120, 8, 7, 7, 8]","{""0"": 0.02423092210366461, ""1"": 0.029847124963092688, ""2"": 0.04724499633932322, ""3"": 0.04011495963638631, ""4"": 0.05234042762851653}"
11801137,motor_external,single_action,0.13,0.06854256906719997,0.051622994288657124,0.05234816434220935,0.072145594802958,0.037872897543679174,30,1,"[120, 30, 0, 0, 0]","{""0"": 0.02495642997714481, ""1"": 0.018911068553685767, ""2"": 0.09835680818286374, ""3"": 0.03428845537674506, ""4"": 0.16620008324556038}"
11801137,motor_external,no_probes,0.13,0.05561709611380929,0.048978378023434126,0.0560694171856301,0.04491527001389059,0.028195588504386897,0,0,"[150, 0, 0, 0, 0]","{""0"": 0.02458469692459538, ""1"": 0.051212235553215496, ""2"": 0.02458469692459538, ""3"": 0.04531001998916539, ""4"": 0.1323938311774748}"
11801137,unknown_nonlinear,uncertainty,0.13,0.05009097874534371,0.02829073152724457,0.05407320541243543,0.03946477380359467,0.038814880347501426,30,4,"[120, 7, 8, 6, 9]","{""0"": 0.036378180553264285, ""1"": 0.10638220816820138, ""2"": 0.03917458809060246, ""3"": 0.030762363092808945, ""4"": 0.03775755382184147}"
11801137,unknown_nonlinear,random,0.13,0.05372056684940511,0.027372390818993952,0.04101859027246368,0.037925941019080256,0.034576230439795366,30,4,"[120, 5, 4, 11, 10]","{""0"": 0.039139450754313014, ""1"": 0.10888146972871086, ""2"": 0.04170051748262369, ""3"": 0.038059693207335966, ""4"": 0.04082170307404209}"
11801137,unknown_nonlinear,cycle,0.13,0.08929780372695979,0.04088544093899282,0.046649578626207014,0.04059999387420709,0.03039943698034836,30,4,"[120, 8, 7, 8, 7]","{""0"": 0.05764350355193395, ""1"": 0.04191734389923373, ""2"": 0.1949921841170784, ""3"": 0.037745269006261205, ""4"": 0.11419071806029159}"
11801137,unknown_nonlinear,least_seen,0.13,0.060617039686909804,0.036506050916626044,0.06703008199909663,0.03586762448125628,0.03490511095130289,30,4,"[120, 8, 7, 7, 8]","{""0"": 0.040773528160031325, ""1"": 0.05055621518823534, ""2"": 0.11196234223261207, ""3"": 0.032369778581147764, ""4"": 0.06742333427252252}"
11801137,unknown_nonlinear,single_action,0.13,0.2679209446683419,0.049742585783651,0.07020110706036235,0.04011618753359359,0.029276055342966668,30,1,"[120, 30, 0, 0, 0]","{""0"": 0.25427528207191097, ""1"": 0.2899057875228644, ""2"": 0.28357480257968654, ""3"": 0.12952589811347662, ""4"": 0.3823229530537711}"
11801137,unknown_nonlinear,no_probes,0.13,0.24086677157815106,0.08360207866399398,0.07292192320759014,0.034661761511211434,0.026133739713870903,0,0,"[150, 0, 0, 0, 0]","{""0"": 0.19942525183402635, ""1"": 0.43871873136244893, ""2"": 0.15501572630578359, ""3"": 0.11188504606846096, ""4"": 0.29928910232003564}"
11801274,none,uncertainty,0.13,0.023280136009881082,0.010761050207363381,0.024158762172744173,0.04466537221417806,0.03360624534953451,30,4,"[120, 7, 8, 8, 7]","{""0"": 0.018945098071459807, ""1"": 0.02248260517859042, ""2"": 0.027517717607298115, ""3"": 0.028002852315290993, ""4"": 0.01945240687676605}"
11801274,none,random,0.13,0.19269908290327728,0.058722378117773,0.030162150780747764,0.043069363151047674,0.03017212912907365,30,4,"[120, 6, 7, 6, 11]","{""0"": 0.16470649389832093, ""1"": 0.23409499361439404, ""2"": 0.18236928401150898, ""3"": 0.18863385381925998, ""4"": 0.1936907891729023}"
11801274,none,cycle,0.13,0.023063858736496048,0.015500012476375948,0.028172941659008834,0.046160851997910084,0.03333334430801447,30,4,"[120, 8, 7, 8, 7]","{""0"": 0.01803006097369234, ""1"": 0.02565184935995195, ""2"": 0.016839787802748415, ""3"": 0.022950201900281422, ""4"": 0.031847393645806105}"
11801274,none,least_seen,0.13,0.021138464026950587,0.012353258133764543,0.037515708065694015,0.0446265410923223,0.03305019461749699,30,4,"[120, 7, 8, 8, 7]","{""0"": 0.017851219841316004, ""1"": 0.02653421714306541, ""2"": 0.01528421453283746, ""3"": 0.016918810612872245, ""4"": 0.02910385800466182}"
11801274,none,single_action,0.13,0.2313743003591468,0.04079939246104934,0.05419193263127005,0.05223718227736551,0.0367841651199161,30,1,"[120, 30, 0, 0, 0]","{""0"": 0.2013520423203697, ""1"": 0.25120742326960416, ""2"": 0.21713654276652383, ""3"": 0.3367181381312035, ""4"": 0.15045735530803278}"
11801274,none,no_probes,0.13,0.06466557291113681,0.050603706530477875,0.058700345837813236,0.04092907796778048,0.030057114675991346,0,0,"[150, 0, 0, 0, 0]","{""0"": 0.026400984524901455, ""1"": 0.07460176426293728, ""2"": 0.08947088504571703, ""3"": 0.101698281968792, ""4"": 0.03115594875333628}"
11801274,motor,uncertainty,0.13,0.03837009411015246,0.017377952535479458,0.0279847261819343,0.05554509881884171,0.03594053728107963,30,4,"[120, 8, 7, 8, 7]","{""0"": 0.03578553201379858, ""1"": 0.024090363839596635, ""2"": 0.05542803493240242, ""3"": 0.03196437820571939, ""4"": 0.04458216155924529}"
11801274,motor,random,0.13,0.280839437027249,0.09606297723898964,0.03847564581494758,0.052952438799372975,0.03189833704771946,30,4,"[120, 6, 7, 6, 11]","{""0"": 0.20359051997400182, ""1"": 0.31464778024259943, ""2"": 0.3038072553694593, ""3"": 0.1496562425037945, ""4"": 0.4324953870463901}"
11801274,motor,cycle,0.13,0.02781074102431243,0.012916119096710628,0.025813776449944734,0.05660831021360305,0.03256625067744722,30,4,"[120, 8, 7, 8, 7]","{""0"": 0.021547289591962563, ""1"": 0.026635962892717174, ""2"": 0.026626439352800162, ""3"": 0.017824398694877376, ""4"": 0.04641961458920488}"
11801274,motor,least_seen,0.13,0.02834384177039526,0.011261577362638907,0.037541763475503157,0.05545858528652923,0.03172258039495519,30,4,"[120, 7, 8, 8, 7]","{""0"": 0.02129262527574936, ""1"": 0.031099186046524466, ""2"": 0.022346857846984373, ""3"": 0.021922262441106805, ""4"": 0.0450582772416113}"
11801274,motor,single_action,0.13,0.1297817581572502,0.061001000944211056,0.06089325235717191,0.06896779768339613,0.039738957198352375,30,1,"[120, 30, 0, 0, 0]","{""0"": 0.06803334405529993, ""1"": 0.15795173325043843, ""2"": 0.1516726000501466, ""3"": 0.15409911469017412, ""4"": 0.117151998740192}"
11801274,motor,no_probes,0.13,0.06551895070425366,0.05782792071043028,0.0670561141427644,0.04092907796778048,0.030057114675991346,0,0,"[150, 0, 0, 0, 0]","{""0"": 0.017874889554731693, ""1"": 0.0746648514022301, ""2"": 0.06412508691155801, ""3"": 0.0595157044450082, ""4"": 0.11141422120774035}"
11801274,external,uncertainty,0.13,0.01910270904549192,0.015152275035803544,0.031220971045096944,0.06998047320150524,0.043887690194067526,30,4,"[120, 7, 8, 8, 7]","{""0"": 0.015756556281955006, ""1"": 0.016124237139320794, ""2"": 0.024116207661737287, ""3"": 0.025331171858622034, ""4"": 0.01418537228582449}"
11801274,external,random,0.13,0.03303421680489035,0.03268058463849065,0.03760737087477143,0.07137232783405913,0.044610887369902444,30,4,"[120, 6, 7, 6, 11]","{""0"": 0.018069651937189846, ""1"": 0.04576233905058997, ""2"": 0.033182943029142146, ""3"": 0.030205058240000488, ""4"": 0.03795109176752931}"
11801274,external,cycle,0.13,0.01928916035245979,0.013281241422656197,0.030541335235627923,0.07453590783808167,0.043291695387214446,30,4,"[120, 8, 7, 8, 7]","{""0"": 0.015628269085521323, ""1"": 0.017078459488888958, ""2"": 0.018519786800872042, ""3"": 0.02203618970977868, ""4"": 0.023183096677237947}"
11801274,external,least_seen,0.13,0.020196707430755332,0.014448354163190935,0.03951131575142927,0.0704617992438456,0.044894320084590635,30,4,"[120, 7, 8, 8, 7]","{""0"": 0.015734367570966586, ""1"": 0.01587471057220352, ""2"": 0.017036653653697664, ""3"": 0.0239021054019193, ""4"": 0.028435699954989586}"
11801274,external,single_action,0.13,0.04299484598324627,0.031374252668333845,0.04260664680249394,0.057513524923375886,0.04304281199418695,30,1,"[120, 30, 0, 0, 0]","{""0"": 0.02115798934805801, ""1"": 0.013855879197182175, ""2"": 0.0386137796861987, ""3"": 0.058021909344980825, ""4"": 0.08332467233981171}"
11801274,external,no_probes,0.13,0.034746717535257904,0.03202507615962074,0.041775883587170014,0.056134441773955,0.03891639908192278,0,0,"[150, 0, 0, 0, 0]","{""0"": 0.015258759282549814, ""1"": 0.015258759282549814, ""2"": 0.013696383314364865, ""3"": 0.06141155325795749, ""4"": 0.06810813253886754}"
11801274,sensor,uncertainty,0.13,0.02164557450088106,0.010677603814841896,0.024158762172744173,0.04481498368538503,0.03451169780099585,30,4,"[120, 7, 8, 8, 7]","{""0"": 0.01802418782498799, ""1"": 0.02277659680853047, ""2"": 0.02211092127882086, ""3"": 0.025535949264550436, ""4"": 0.01978021732751555}"
11801274,sensor,random,0.13,0.1432786927408794,0.06182264413072239,0.030162150780747764,0.0425756631562179,0.030484364013406703,30,4,"[120, 6, 7, 6, 11]","{""0"": 0.11936675215212482, ""1"": 0.17775571820949967, ""2"": 0.13535777124830098, ""3"": 0.16738632395972064, ""4"": 0.11652689813475094}"
11801274,sensor,cycle,0.13,0.022325090828490993,0.01511991329760872,0.028172941659008834,0.04686753433374136,0.03461327153183897,30,4,"[120, 8, 7, 8, 7]","{""0"": 0.018503693685658504, ""1"": 0.02577075493393885, ""2"": 0.017000273387277876, ""3"": 0.02430409689462909, ""4"": 0.026046635240950636}"
11801274,sensor,least_seen,0.13,0.020634972758327177,0.012171849028531715,0.037515708065694015,0.04910453025777653,0.034032751268549134,30,4,"[120, 7, 8, 8, 7]","{""0"": 0.01725655616993045, ""1"": 0.026786893926278407, ""2"": 0.014196339927990324, ""3"": 0.017068965461182136, ""4"": 0.027866108306254567}"
11801274,sensor,single_action,0.13,0.2905753385234153,0.03286688649038797,0.05419193263127005,0.05571909380409901,0.03723959342558512,30,1,"[120, 30, 0, 0, 0]","{""0"": 0.26195455200897094, ""1"": 0.36189512570511595, ""2"": 0.22051235787232804, ""3"": 0.4231677499078194, ""4"": 0.18534690712284227}"
11801274,sensor,no_probes,0.13,0.06367650471333954,0.05017057618771268,0.058700345837813236,0.041870886154058894,0.031124444634233053,0,0,"[150, 0, 0, 0, 0]","{""0"": 0.025450908666584515, ""1"": 0.0722621961567585, ""2"": 0.08986314903819152, ""3"": 0.09895787856921191, ""4"": 0.0318483911359513}"
11801274,motor_external,uncertainty,0.13,0.022495594638643972,0.013737447784958402,0.031201458215926636,0.08403453066962817,0.04479409838621677,30,4,"[120, 7, 8, 8, 7]","{""0"": 0.01568620244566848, ""1"": 0.023421698387155934, ""2"": 0.02480185213159472, ""3"": 0.03221438135127919, ""4"": 0.016353838877521554}"
11801274,motor_external,random,0.13,0.04885021919756389,0.055250252747226176,0.033852447604665686,0.08242225717229675,0.046701711633743856,30,4,"[120, 6, 7, 6, 11]","{""0"": 0.030160751881800684, ""1"": 0.04467004598570878, ""2"": 0.06837525347563266, ""3"": 0.051409492077136854, ""4"": 0.04963555256754051}"
11801274,motor_external,cycle,0.13,0.019647455400797854,0.012312764146130183,0.03147460521818062,0.068910401707853,0.04257400102897481,30,4,"[120, 8, 7, 8, 7]","{""0"": 0.0156971057692145, ""1"": 0.028661604656213934, ""2"": 0.010910869449157213, ""3"": 0.026692463760816954, ""4"": 0.016275233368586658}"
11801274,motor_external,least_seen,0.13,0.021263006136809936,0.013692482260900857,0.041746348025940724,0.08414702780150313,0.04114849295049911,30,4,"[120, 7, 8, 8, 7]","{""0"": 0.015942891494757055, ""1"": 0.029102152605985265, ""2"": 0.011272244818530347, ""3"": 0.03369112003201947, ""4"": 0.016306621732757546}"
11801274,motor_external,single_action,0.13,0.03504253049815079,0.018349033640272516,0.03861216997514548,0.06228920729756487,0.03611013348415222,30,1,"[120, 30, 0, 0, 0]","{""0"": 0.025941930662069655, ""1"": 0.046635786846631395, ""2"": 0.0582852394686037, ""3"": 0.018407764851379523, ""4"": 0.025941930662069655}"
11801274,motor_external,no_probes,0.13,0.033404672747717606,0.029521575797045632,0.040804600883187894,0.056134441773955,0.03891639908192278,0,0,"[150, 0, 0, 0, 0]","{""0"": 0.015382267319706136, ""1"": 0.05615049033516656, ""2"": 0.06690945566229063, ""3"": 0.013198883101718557, ""4"": 0.015382267319706136}"
11801274,unknown_nonlinear,uncertainty,0.13,0.020515761174516325,0.015228892798332101,0.032836889097622245,0.04390709807086777,0.03378323230799571,30,4,"[120, 7, 8, 8, 7]","{""0"": 0.016925536310150327, ""1"": 0.015312977500107785, ""2"": 0.024771321873005885, ""3"": 0.026302156385861735, ""4"": 0.019266813803455872}"
11801274,unknown_nonlinear,random,0.13,0.08052157228382668,0.04275657421440527,0.03154813033168898,0.04641650648090596,0.03266606626351468,30,4,"[120, 6, 7, 6, 11]","{""0"": 0.056963839724191834, ""1"": 0.02248561917100242, ""2"": 0.20079680323598623, ""3"": 0.039293788475966124, ""4"": 0.08306781081198676}"
11801274,unknown_nonlinear,cycle,0.13,0.019622079070604214,0.0227974380221213,0.040285154123576056,0.046809794318867406,0.038337336027650416,30,4,"[120, 8, 7, 8, 7]","{""0"": 0.013487305521571694, ""1"": 0.01565646863153872, ""2"": 0.010038035266247693, ""3"": 0.0420908501618975, ""4"": 0.016837735771765474}"
11801274,unknown_nonlinear,least_seen,0.13,0.025409475757294544,0.020890618916974458,0.056540175536816874,0.045518235451522955,0.03572984703166468,30,4,"[120, 7, 8, 8, 7]","{""0"": 0.013808703188830018, ""1"": 0.03561334032147039, ""2"": 0.011849840937039897, ""3"": 0.04761224169246553, ""4"": 0.01816325264666691}"
11801274,unknown_nonlinear,single_action,0.13,0.21543249312206644,0.04431296855024244,0.04629653408381093,0.05223718227736551,0.0367841651199161,30,1,"[120, 30, 0, 0, 0]","{""0"": 0.19533215913793875, ""1"": 0.28509556322798835, ""2"": 0.19035100247456893, ""3"": 0.24222577815395918, ""4"": 0.16415796261587703}"
11801274,unknown_nonlinear,no_probes,0.13,0.09024661005915187,0.05235365334404564,0.04698172977292534,0.04092907796778048,0.030057114675991346,0,0,"[150, 0, 0, 0, 0]","{""0"": 0.06514144125944293, ""1"": 0.045535592387992437, ""2"": 0.18555966850056657, ""3"": 0.10574981124550249, ""4"": 0.049246536902254924}"
11801411,none,uncertainty,0.13,0.03725432129857919,0.031181292055119117,0.04479550653620322,0.030423454328791,0.03607849311675405,30,4,"[120, 8, 7, 7, 8]","{""0"": 0.03173793867192167, ""1"": 0.03694108150185862, ""2"": 0.031621442133707066, ""3"": 0.07190755015989798, ""4"": 0.014063594025510634}"
11801411,none,random,0.13,0.05928584420514106,0.032983089056786354,0.0691588843119042,0.028228552052886085,0.0346338608693585,30,4,"[120, 8, 4, 9, 9]","{""0"": 0.04203969956624232, ""1"": 0.01787233938639823, ""2"": 0.13169206452513973, ""3"": 0.04934238453828443, ""4"": 0.05548273300964057}"
11801411,none,cycle,0.13,0.044276850738127614,0.031180664754556837,0.05911841824206133,0.027639860903160535,0.03421902796601465,30,4,"[120, 8, 7, 8, 7]","{""0"": 0.03524776276471165, ""1"": 0.016312373194589908, ""2"": 0.07668840248877935, ""3"": 0.03873086069850308, ""4"": 0.0544048545440541}"
11801411,none,least_seen,0.13,0.03226924903177912,0.0318644251170584,0.046684469648981666,0.02794830053450538,0.036510554869152674,30,4,"[120, 7, 8, 8, 7]","{""0"": 0.030874457542964532, ""1"": 0.031004427753861585, ""2"": 0.03559834598832479, ""3"": 0.026663741984812167, ""4"": 0.037205271888932544}"
11801411,none,single_action,0.13,0.23906773827901215,0.05434685275919126,0.1040125104667255,0.030095666490029763,0.03809981658703636,30,1,"[120, 30, 0, 0, 0]","{""0"": 0.21183178285410595, ""1"": 0.2524986149308908, ""2"": 0.1895637221453977, ""3"": 0.0925497918305307, ""4"": 0.44889477963413543}"
11801411,none,no_probes,0.13,0.0932252148157793,0.08366524212166017,0.09889092713331045,0.025895852377062805,0.0340982177253502,0,0,"[150, 0, 0, 0, 0]","{""0"": 0.03876425743132809, ""1"": 0.12998680157180123, ""2"": 0.10290669120714967, ""3"": 0.05960015616913785, ""4"": 0.13486816769947976}"
11801411,motor,uncertainty,0.13,0.03793814129424206,0.03545526295297993,0.04022729747323649,0.048445978849751256,0.03805125137039441,30,4,"[120, 8, 7, 8, 7]","{""0"": 0.03115876960244704, ""1"": 0.027955259636753823, ""2"": 0.03524164337212054, ""3"": 0.03922379679548272, ""4"": 0.05611123706440618}"
11801411,motor,random,0.13,0.042358380736783045,0.03138088163006876,0.0592100486646906,0.03525955240591385,0.03309904232384021,30,4,"[120, 8, 4, 9, 9]","{""0"": 0.03202824966095383, ""1"": 0.020805735883611065, ""2"": 0.08500811038563232, ""3"": 0.03798313282303686, ""4"": 0.0359666749306812}"
11801411,motor,cycle,0.13,0.043361073822277274,0.030625998447309448,0.04543818409035649,0.04478963216014141,0.034554926347603224,30,4,"[120, 8, 7, 8, 7]","{""0"": 0.03627255727568388, ""1"": 0.030568071649621133, ""2"": 0.04935352619927421, ""3"": 0.057576243206166056, ""4"": 0.04303497078064111}"
11801411,motor,least_seen,0.13,0.0341636191783707,0.034789793772286505,0.04088515510294387,0.044010797196965934,0.03773237385974508,30,4,"[120, 7, 8, 8, 7]","{""0"": 0.03195016198872832, ""1"": 0.04645761795805667, ""2"": 0.02243090539386026, ""3"": 0.02383545784430918, ""4"": 0.04614395270689908}"
11801411,motor,single_action,0.13,0.23164091093928635,0.23895780856047275,0.10105354032876332,0.0331795105883843,0.04521904122992814,30,1,"[120, 30, 0, 0, 0]","{""0"": 0.10807853928791367, ""1"": 0.40859852434838695, ""2"": 0.2784415758381816, ""3"": 0.18948128891256752, ""4"": 0.17360462630938214}"
11801411,motor,no_probes,0.13,0.08814489136301949,0.08301666248048477,0.09797860293799145,0.025895852377062805,0.0340982177253502,0,0,"[150, 0, 0, 0, 0]","{""0"": 0.035390394399962284, ""1"": 0.06158085984375037, ""2"": 0.12657977488908637, ""3"": 0.09957733647736274, ""4"": 0.11759609120493571}"
11801411,external,uncertainty,0.13,0.08632312834285243,0.03779383671656554,0.07619397756160042,0.05025394501189326,0.058291523508644146,30,4,"[120, 7, 8, 7, 8]","{""0"": 0.05540868080381017, ""1"": 0.09839451981315243, ""2"": 0.06830688825358301, ""3"": 0.12519353045191411, ""4"": 0.0843120223918024}"
11801411,external,random,0.13,0.12175042945422408,0.038527039343160534,0.10669702555449635,0.05599102964106345,0.051131117366557885,30,4,"[120, 8, 4, 9, 9]","{""0"": 0.05539183203069779, ""1"": 0.07344633397958529, ""2"": 0.23549085269355197, ""3"": 0.061981324779996794, ""4"": 0.18244180378728858}"
11801411,external,cycle,0.13,0.0987859253988964,0.03985607303540673,0.09280647610994776,0.05481694475151727,0.050972689609780214,30,4,"[120, 8, 7, 8, 7]","{""0"": 0.05416688389862023, ""1"": 0.0662953724894815, ""2"": 0.12907621769236718, ""3"": 0.04476654077070824, ""4"": 0.19962461214330482}"
11801411,external,least_seen,0.13,0.08922196853565244,0.04192068018238402,0.07735680564066118,0.05505202637441167,0.056120879562039906,30,4,"[120, 7, 8, 8, 7]","{""0"": 0.05533070686172357, ""1"": 0.1430716684516216, ""2"": 0.038886219098810244, ""3"": 0.046675242849856025, ""4"": 0.16214600541625085}"
11801411,external,single_action,0.13,0.1488699717958863,0.08024509785856006,0.10718000723272027,0.03925123251373808,0.04024101829010832,30,1,"[120, 30, 0, 0, 0]","{""0"": 0.06698608077077156, ""1"": 0.10788393446412409, ""2"": 0.2825192465241631, ""3"": 0.18231436653870525, ""4"": 0.10464623068166728}"
11801411,external,no_probes,0.13,0.1021847491649445,0.06013327731314923,0.0997820140937049,0.04366028343817623,0.04047016824633492,0,0,"[150, 0, 0, 0, 0]","{""0"": 0.05450957136023311, ""1"": 0.09099243494033409, ""2"": 0.11642181914659282, ""3"": 0.15637080560157868, ""4"": 0.0926291147759838}"
11801411,sensor,uncertainty,0.13,0.042270210375650735,0.03372630553736285,0.05087856599137742,0.03110226210196676,0.03570017054619047,30,4,"[120, 7, 8, 7, 8]","{""0"": 0.03790892698611769, ""1"": 0.06269819822618289, ""2"": 0.03193191293272265, ""3"": 0.026032560029133484, ""4"": 0.052779453704097}"
11801411,sensor,random,0.13,0.07875443338393148,0.03478597428572245,0.0691588843119042,0.0292880520291388,0.034938713568557,30,4,"[120, 8, 4, 9, 9]","{""0"": 0.06272736733955224, ""1"": 0.023832915059556644, ""2"": 0.1618456001823427, ""3"": 0.06305028865942917, ""4"": 0.0823159956787767}"
11801411,sensor,cycle,0.13,0.05406479943571092,0.0312301955130534,0.05911841824206133,0.02889153299739478,0.035167086188936415,30,4,"[120, 8, 7, 8, 7]","{""0"": 0.04414150437881765, ""1"": 0.02029296739038058, ""2"": 0.09308112679545016, ""3"": 0.04236281750926075, ""4"": 0.07044558110464545}"
11801411,sensor,least_seen,0.13,0.04192931799604281,0.0318338783257107,0.046684469648981666,0.02946719298444202,0.037501825903705634,30,4,"[120, 7, 8, 8, 7]","{""0"": 0.0407677142610829, ""1"": 0.04210631525463304, ""2"": 0.04386278964656897, ""3"": 0.03550331881757225, ""4"": 0.04740645200035687}"
11801411,sensor,single_action,0.13,0.2671213180828526,0.07541436731647591,0.1040125104667255,0.030532888417995726,0.038666145530328475,30,1,"[120, 30, 0, 0, 0]","{""0"": 0.232306765201014, ""1"": 0.2529843829305559, ""2"": 0.2707980814998025, ""3"": 0.10227722506963292, ""4"": 0.47724013571325763}"
11801411,sensor,no_probes,0.13,0.10183100813260725,0.08362200790362448,0.09889092713331045,0.02660031484704736,0.03525412398065754,0,0,"[150, 0, 0, 0, 0]","{""0"": 0.0475332904048017, ""1"": 0.14216677806213784, ""2"": 0.10795796623952984, ""3"": 0.07562014158804281, ""4"": 0.13587686436852406}"
11801411,motor_external,uncertainty,0.13,0.09120869364828534,0.04427847060470587,0.07528114265319034,0.06746398311919094,0.05169519062229873,30,4,"[120, 8, 7, 7, 8]","{""0"": 0.049694720871336424, ""1"": 0.04128558789920894, ""2"": 0.19482884179803298, ""3"": 0.13598526326189928, ""4"": 0.03424905441094905}"
11801411,motor_external,random,0.13,0.10954565152010662,0.057458803006329544,0.07036666616405286,0.05615054813072956,0.05561462797347284,30,4,"[120, 8, 4, 9, 9]","{""0"": 0.050281468085482596, ""1"": 0.02975776545117796, ""2"": 0.3000677128709439, ""3"": 0.07015709146439571, ""4"": 0.09746421972853288}"
11801411,motor_external,cycle,0.13,0.08931376125113209,0.04404591680878491,0.07015503807683328,0.056872432969429225,0.0446697437916911,30,4,"[120, 8, 7, 8, 7]","{""0"": 0.04978629889727435, ""1"": 0.03047836077587758, ""2"": 0.19207078251484702, ""3"": 0.05279345431776348, ""4"": 0.12143990974989789}"
11801411,motor_external,least_seen,0.13,0.07853195242316256,0.04119426670697785,0.05978809237258786,0.05950406001753497,0.05608690838484841,30,4,"[120, 7, 8, 8, 7]","{""0"": 0.050264832610225706, ""1"": 0.1053427010593409, ""2"": 0.08246244668616202, ""3"": 0.041500561946881585, ""4"": 0.1130892198132026}"
11801411,motor_external,single_action,0.13,0.3001630247922792,0.12943741732464967,0.07819993397741527,0.03473673682478371,0.03621504811687423,30,1,"[120, 30, 0, 0, 0]","{""0"": 0.2759013140190609, ""1"": 0.2392703782495947, ""2"": 0.36768810121572354, ""3"": 0.3420540164579562, ""4"": 0.2759013140190609}"
11801411,motor_external,no_probes,0.13,0.0907002473106747,0.06001285862038028,0.08730327215300307,0.04366028343817623,0.04047016824633492,0,0,"[150, 0, 0, 0, 0]","{""0"": 0.04979458124708772, ""1"": 0.15722873242861002, ""2"": 0.08066460302202548, ""3"": 0.11601873860856264, ""4"": 0.04979458124708772}"
11801411,unknown_nonlinear,uncertainty,0.13,0.05766224719091086,0.04734200078515696,0.06741676354132174,0.031242896582585347,0.0417344494099516,30,4,"[120, 8, 7, 7, 8]","{""0"": 0.027676980415248686, ""1"": 0.05421790354757993, ""2"": 0.1266540106363503, ""3"": 0.04435577025422682, ""4"": 0.03540657110114858}"
11801411,unknown_nonlinear,random,0.13,0.037245312599897495,0.04448699851011071,0.07987325335128367,0.027680561554596476,0.03890690457283722,30,4,"[120, 8, 4, 9, 9]","{""0"": 0.025304879896762906, ""1"": 0.03246909587387147, ""2"": 0.05492771532774956, ""3"": 0.030679403792353427, ""4"": 0.042845468108750125}"
11801411,unknown_nonlinear,cycle,0.13,0.07423695292753636,0.05981828908097817,0.08449250156925552,0.03095460136066068,0.0385408146592321,30,4,"[120, 8, 7, 8, 7]","{""0"": 0.0482148242552109, ""1"": 0.056499791496006514, ""2"": 0.13862957401915135, ""3"": 0.08497012530449, ""4"": 0.04287044956282307}"
11801411,unknown_nonlinear,least_seen,0.13,0.06186401302815266,0.045123298333620616,0.08470509733330792,0.02989203766361231,0.04360144917981657,30,4,"[120, 7, 8, 8, 7]","{""0"": 0.04489568090394388, ""1"": 0.05907561523765831, ""2"": 0.10130957584311256, ""3"": 0.059542314908897186, ""4"": 0.04449687824715137}"
11801411,unknown_nonlinear,single_action,0.13,0.1341500197093138,0.04791159444174431,0.07896949608891836,0.028004073372308272,0.03828190540882856,30,1,"[120, 30, 0, 0, 0]","{""0"": 0.12749721541929482, ""1"": 0.13942799168051545, ""2"": 0.1315521661479329, ""3"": 0.06577166495715742, ""4"": 0.2065010603416684}"
11801411,unknown_nonlinear,no_probes,0.13,0.14979732666526152,0.0555894228300349,0.0753510923847338,0.025895852377062805,0.0340982177253502,0,0,"[150, 0, 0, 0, 0]","{""0"": 0.11347492521778361, ""1"": 0.29584741187848596, ""2"": 0.09538766675361383, ""3"": 0.061488574809653584, ""4"": 0.18278805466677076}"
11801548,none,uncertainty,0.13,0.0483165826649991,0.0221493226253008,0.0673165206250182,0.03816501591069617,0.03398234750314282,30,4,"[120, 8, 7, 7, 8]","{""0"": 0.03648079350662575, ""1"": 0.05849323574231052, ""2"": 0.06764587422196087, ""3"": 0.03707256297915238, ""4"": 0.041890446874945975}"
11801548,none,random,0.13,0.056314118806898086,0.040995338784124646,0.0789125298368139,0.04433382050130007,0.034919524773634435,30,4,"[120, 9, 8, 5, 8]","{""0"": 0.04779968136922317, ""1"": 0.047827707576608224, ""2"": 0.052418977016009845, ""3"": 0.03334701228723122, ""4"": 0.10017721578541794}"
11801548,none,cycle,0.13,0.03544049866071686,0.023360903914002855,0.04425573966038676,0.03991330423111765,0.03294575551466149,30,4,"[120, 8, 7, 8, 7]","{""0"": 0.028798867986513894, ""1"": 0.04467968461423776, ""2"": 0.04227094581039218, ""3"": 0.02920322676302776, ""4"": 0.03224976812941268}"
11801548,none,least_seen,0.13,0.0409738222477265,0.024853834701997493,0.044358742105916026,0.03903727622254242,0.03280094264475375,30,4,"[120, 8, 7, 7, 8]","{""0"": 0.03443123071804172, ""1"": 0.03985726831023282, ""2"": 0.04033009659410356, ""3"": 0.03953308202702264, ""4"": 0.050717433589231774}"
11801548,none,single_action,0.13,0.05291645978327383,0.04110176749519973,0.06894655062795833,0.040265682669933404,0.03301573930909908,30,1,"[120, 30, 0, 0, 0]","{""0"": 0.027626267435882104, ""1"": 0.02935859073136669, ""2"": 0.03519361368447899, ""3"": 0.10135690574570856, ""4"": 0.07104692131893282}"
11801548,none,no_probes,0.13,0.1292952019891537,0.07252040002949833,0.07223924715956025,0.03582093433385766,0.029482124501331173,0,0,"[150, 0, 0, 0, 0]","{""0"": 0.0899940605626337, ""1"": 0.19835036583756394, ""2"": 0.05982580739731608, ""3"": 0.22779935771229964, ""4"": 0.0705064184359551}"
11801548,motor,uncertainty,0.13,0.12848261113928888,0.05289764936587585,0.07946157895091263,0.04619814132968014,0.0344003824227619,30,4,"[120, 7, 8, 8, 7]","{""0"": 0.1021548158022983, ""1"": 0.12820221746194102, ""2"": 0.10320119744020462, ""3"": 0.06162302886181923, ""4"": 0.24723179613018123}"
11801548,motor,random,0.13,0.2619587136733816,0.1283421704532666,0.07368259600546216,0.04958328381131825,0.036050079000195176,30,4,"[120, 9, 8, 5, 8]","{""0"": 0.08082866601116656, ""1"": 0.30039395235275607, ""2"": 0.4701431800281423, ""3"": 0.08525004068136688, ""4"": 0.3731777292934762}"
11801548,motor,cycle,0.13,0.03672193068454153,0.023632995429679046,0.04863277729080759,0.048899566048164964,0.033064452038176435,30,4,"[120, 8, 7, 8, 7]","{""0"": 0.03089037413635295, ""1"": 0.03454679020444975, ""2"": 0.049599678549107545, ""3"": 0.029103394908115626, ""4"": 0.03946941562468178}"
11801548,motor,least_seen,0.13,0.06383466039200549,0.040245616157198995,0.056838721162571916,0.05382427007328015,0.03388605139030314,30,4,"[120, 8, 7, 7, 8]","{""0"": 0.046371437510877245, ""1"": 0.060661079692830334, ""2"": 0.06442235766960049, ""3"": 0.04111899280738277, ""4"": 0.10659943427933653}"
11801548,motor,single_action,0.13,0.06565220084633432,0.07270443604413925,0.061116499581785305,0.05141083364687957,0.04740013833285379,30,1,"[120, 30, 0, 0, 0]","{""0"": 0.030234438346955928, ""1"": 0.10303608166793642, ""2"": 0.06834463964540523, ""3"": 0.04761245589972935, ""4"": 0.07903338867164462}"
11801548,motor,no_probes,0.13,0.18543571504991363,0.08012897617788113,0.06761704368101666,0.03582093433385766,0.029482124501331173,0,0,"[150, 0, 0, 0, 0]","{""0"": 0.1522106683321041, ""1"": 0.3012752634336906, ""2"": 0.10437704076618377, ""3"": 0.0876442213150405, ""4"": 0.28167138140254927}"
11801548,external,uncertainty,0.13,0.03526568004735004,0.02900304502279911,0.04862436543997203,0.0741864093561542,0.04618002363674426,30,4,"[120, 8, 7, 7, 8]","{""0"": 0.03155149208147986, ""1"": 0.03999501698161443, ""2"": 0.04268423806119992, ""3"": 0.025419539969365714, ""4"": 0.036678113143090274}"
11801548,external,random,0.13,0.04125901053807713,0.024643629822184574,0.06386092392440144,0.05959138790114963,0.050873323813699786,30,4,"[120, 9, 8, 5, 8]","{""0"": 0.033016447417299664, ""1"": 0.030445995363961354, ""2"": 0.05249380620090838, ""3"": 0.04578277102347506, ""4"": 0.044556032684741155}"
11801548,external,cycle,0.13,0.03740881951323624,0.031190560918397923,0.04767707575381195,0.06398479824950383,0.05049628421142542,30,4,"[120, 8, 7, 8, 7]","{""0"": 0.03194097573235543, ""1"": 0.04178618550895097, ""2"": 0.04413963201502091, ""3"": 0.039027364368793345, ""4"": 0.030149939941060532}"
11801548,external,least_seen,0.13,0.04337194735468019,0.018517431562386246,0.05291953995683509,0.07498377552364163,0.04197615211942645,30,4,"[120, 8, 7, 7, 8]","{""0"": 0.03098671793102963, ""1"": 0.042048365898417595, ""2"": 0.0652281041611495, ""3"": 0.047643365132967304, ""4"": 0.030953183649836933}"
11801548,external,single_action,0.13,0.04881481270502159,0.03866053108422407,0.047308875807047596,0.05868508618730729,0.03390887861305258,30,1,"[120, 30, 0, 0, 0]","{""0"": 0.03297336967128802, ""1"": 0.04297152884308927, ""2"": 0.08527986496697569, ""3"": 0.032973369671288055, ""4"": 0.049875930372466876}"
11801548,external,no_probes,0.13,0.04624193361401992,0.03607397390108601,0.045485873635699135,0.05598452663838322,0.03207574735679269,0,0,"[150, 0, 0, 0, 0]","{""0"": 0.031066650988882494, ""1"": 0.042441415937733096, ""2"": 0.08016053065159277, ""3"": 0.031066650988882533, ""4"": 0.04647441950300868}"
11801548,sensor,uncertainty,0.13,0.04016313625796951,0.03216367591429061,0.04461477595021576,0.041370799655121734,0.03235710414346196,30,4,"[120, 9, 7, 7, 7]","{""0"": 0.036392630088334633, ""1"": 0.05375990030355927, ""2"": 0.033564721325455474, ""3"": 0.043761486269086415, ""4"": 0.03333694330341171}"
11801548,sensor,random,0.13,0.04322277204719918,0.036344173155267355,0.0789125298368139,0.04503020821845425,0.03471460599672671,30,4,"[120, 9, 8, 5, 8]","{""0"": 0.03507162702829671, ""1"": 0.03464953564031548, ""2"": 0.03801701368760824, ""3"": 0.038765170400546604, ""4"": 0.06961051347922885}"
11801548,sensor,cycle,0.13,0.03525092726133814,0.02391463903773139,0.04425573966038676,0.03938156853759306,0.03398649345638923,30,4,"[120, 8, 7, 8, 7]","{""0"": 0.029049685520689077, ""1"": 0.043794966538201696, ""2"": 0.0413671616525233, ""3"": 0.03091768492106761, ""4"": 0.031125137674209002}"
11801548,sensor,least_seen,0.13,0.04084973816097025,0.02549670549581893,0.044358742105916026,0.03822087317776636,0.03396527023174622,30,4,"[120, 8, 7, 7, 8]","{""0"": 0.03409438327198984, ""1"": 0.040913729423369016, ""2"": 0.03922766795974338, ""3"": 0.03814226976001948, ""4"": 0.051870640389729515}"
11801548,sensor,single_action,0.13,0.05267730445282249,0.0392256124026775,0.06894655062795833,0.040745644123465076,0.033184797545926785,30,1,"[120, 30, 0, 0, 0]","{""0"": 0.027016702554101397, ""1"": 0.03082100273484999, ""2"": 0.03467246301774974, ""3"": 0.10794468137281064, ""4"": 0.06293167258460068}"
11801548,sensor,no_probes,0.13,0.1278333825026746,0.07321290183351056,0.07223924715956025,0.03540660638066987,0.03060736706910727,0,0,"[150, 0, 0, 0, 0]","{""0"": 0.08861322673491849, ""1"": 0.19460694600585673, ""2"": 0.06047648480891248, ""3"": 0.2247199370559516, ""4"": 0.07075031790773355}"
11801548,motor_external,uncertainty,0.13,0.041446942301203195,0.025805857670886966,0.04503046294596832,0.08020462673899414,0.04907345931216594,30,4,"[120, 8, 7, 7, 8]","{""0"": 0.026732644170449765, ""1"": 0.060402053650915055, ""2"": 0.036485556532795844, ""3"": 0.04145438890135496, ""4"": 0.04216006825050034}"
11801548,motor_external,random,0.13,0.041410073435118724,0.02813599908125657,0.0546962603323438,0.0789702487622861,0.04817561856717279,30,4,"[120, 9, 8, 5, 8]","{""0"": 0.02716102903282012, ""1"": 0.02706779154779611, ""2"": 0.03721702966654531, ""3"": 0.05015620524757078, ""4"": 0.06544831168086133}"
11801548,motor_external,cycle,0.13,0.04115292633014755,0.025541985020916497,0.04368004309346909,0.07518169168440057,0.047454136839478925,30,4,"[120, 8, 7, 8, 7]","{""0"": 0.02704030336385808, ""1"": 0.06266687009701942, ""2"": 0.03572983004747186, ""3"": 0.03645769528648256, ""4"": 0.04386993285590585}"
11801548,motor_external,least_seen,0.13,0.039833262987063994,0.025297275607221392,0.042587230410113586,0.07817648958347177,0.0441292808235132,30,4,"[120, 8, 7, 7, 8]","{""0"": 0.02739722139167392, ""1"": 0.043939496873977905, ""2"": 0.042489869289635294, ""3"": 0.030919823696246605, ""4"": 0.05441990368378622}"
11801548,motor_external,single_action,0.13,0.0403075394763119,0.0271872354390251,0.04166495956816294,0.07983799741844862,0.03571277116670784,30,1,"[120, 30, 0, 0, 0]","{""0"": 0.029236602277232262, ""1"": 0.02513256468056188, ""2"": 0.04158678769929842, ""3"": 0.07634514044723464, ""4"": 0.029236602277232262}"
11801548,motor_external,no_probes,0.13,0.040555059091700756,0.02977216012430788,0.04140299284536097,0.05598452663838322,0.03207574735679269,0,0,"[150, 0, 0, 0, 0]","{""0"": 0.02678536891787778, ""1"": 0.02678536891787778, ""2"": 0.04710389080148627, ""3"": 0.0753152979033841, ""4"": 0.02678536891787778}"
11801548,unknown_nonlinear,uncertainty,0.13,0.05875730936181466,0.03591461091153198,0.0778924924925792,0.048127257617153286,0.03487329743570854,30,4,"[120, 8, 7, 7, 8]","{""0"": 0.03245554770931348, ""1"": 0.08310997950119091, ""2"": 0.059605976612635024, ""3"": 0.0322204494241757, ""4"": 0.08639459356175823}"
11801548,unknown_nonlinear,random,0.13,0.10781809671478602,0.050491119270224344,0.0993826068629299,0.04547602307901923,0.035694848562550105,30,4,"[120, 9, 8, 5, 8]","{""0"": 0.07710406820184537, ""1"": 0.1414340363097414, ""2"": 0.10511461202056543, ""3"": 0.10568254703791535, ""4"": 0.10975522000386258}"
11801548,unknown_nonlinear,cycle,0.13,0.06112084272969292,0.04873253954045978,0.07034857414392953,0.04954213305889582,0.0367186468336645,30,4,"[120, 8, 7, 8, 7]","{""0"": 0.03536188733114876, ""1"": 0.0880493901479571, ""2"": 0.06506115893805468, ""3"": 0.06690556612295062, ""4"": 0.05022621110835351}"
11801548,unknown_nonlinear,least_seen,0.13,0.07920585072253865,0.028128213899265616,0.060637294920544836,0.04672793228867355,0.033817457469709614,30,4,"[120, 8, 7, 7, 8]","{""0"": 0.04179406243737854, ""1"": 0.11424321858497812, ""2"": 0.0727774650997238, ""3"": 0.04971294692335256, ""4"": 0.1175015605672602}"
11801548,unknown_nonlinear,single_action,0.13,0.0880333102701798,0.0504634383687898,0.07496342968402832,0.03987149306651639,0.03297257713688718,30,1,"[120, 30, 0, 0, 0]","{""0"": 0.0463522409154375, ""1"": 0.09450808046316363, ""2"": 0.08918066552950439, ""3"": 0.13892657389269739, ""4"": 0.07119899055009603}"
11801548,unknown_nonlinear,no_probes,0.13,0.30468919250279763,0.1045322531114929,0.07663790987437734,0.03582093433385766,0.029482124501331173,0,0,"[150, 0, 0, 0, 0]","{""0"": 0.2677609885033993, ""1"": 0.5150621943717083, ""2"": 0.2510443064189553, ""3"": 0.3782135118584049, ""4"": 0.11136496136152046}"
11801685,none,uncertainty,0.13,0.021306813363759117,0.021386134380838317,0.04546002326681146,0.022446663791954955,0.03276714070905549,30,4,"[120, 9, 6, 8, 7]","{""0"": 0.018527772557473263, ""1"": 0.025663639471852406, ""2"": 0.022148193206035546, ""3"": 0.01981729785498212, ""4"": 0.020377163728452243}"
11801685,none,random,0.13,0.030281466108931177,0.02396829677893467,0.03967820005668546,0.023468044975368457,0.03537825754615609,30,4,"[120, 8, 7, 8, 7]","{""0"": 0.019851665036589552, ""1"": 0.028869269870161997, ""2"": 0.020221412847405595, ""3"": 0.029569929119767385, ""4"": 0.052895053670731336}"
11801685,none,cycle,0.13,0.023351100391499863,0.021755646835955784,0.03699424016193153,0.025031383673985587,0.030925047744981553,30,4,"[120, 8, 7, 8, 7]","{""0"": 0.01870930727285415, ""1"": 0.025143075388486924, ""2"": 0.022152600673387826, ""3"": 0.018204325976765533, ""4"": 0.03254619264600491}"
11801685,none,least_seen,0.13,0.0247746588451758,0.022846791825404344,0.03578358309175047,0.026031974166619308,0.030634741215625944,30,4,"[120, 8, 7, 8, 7]","{""0"": 0.018531674669702552, ""1"": 0.028320383783454032, ""2"": 0.025562228323302832, ""3"": 0.027793674723012973, ""4"": 0.023665332726406595}"
11801685,none,single_action,0.13,0.05202667591806024,0.047308219080963804,0.06583051067037052,0.024437732376614858,0.02908146653541886,30,1,"[120, 30, 0, 0, 0]","{""0"": 0.028307798309940315, ""1"": 0.028209096363523492, ""2"": 0.04012383170017621, ""3"": 0.03799446277364526, ""4"": 0.1254981904430159}"
11801685,none,no_probes,0.13,0.08213003843429403,0.059763758525913806,0.05817642148497206,0.021713248283522647,0.027652961789719172,0,0,"[150, 0, 0, 0, 0]","{""0"": 0.046133939718413314, ""1"": 0.13008709979451497, ""2"": 0.03465712711595834, ""3"": 0.15242346496166803, ""4"": 0.04734856058091556}"
11801685,motor,uncertainty,0.13,0.025065679168164955,0.022529562679289402,0.03842258758494716,0.033928624310188844,0.03222377201956715,30,4,"[120, 9, 6, 7, 8]","{""0"": 0.021392399354582637, ""1"": 0.01857731960850276, ""2"": 0.040057729787950906, ""3"": 0.019504994778933936, ""4"": 0.025795952310854547}"
11801685,motor,random,0.13,0.06654393923193755,0.06121131140618094,0.03865793607640263,0.030523343310293653,0.032610014030436306,30,4,"[120, 8, 7, 8, 7]","{""0"": 0.033571927649854026, ""1"": 0.05311308531758669, ""2"": 0.04733275731111782, ""3"": 0.034399818758297555, ""4"": 0.16430210712283172}"
11801685,motor,cycle,0.13,0.03363438133891231,0.02111139209635191,0.03908324468787551,0.03599224910371915,0.02971300226221686,30,4,"[120, 8, 7, 8, 7]","{""0"": 0.02531188507578617, ""1"": 0.02629351982498887, ""2"": 0.04739261361207278, ""3"": 0.01868303188639663, ""4"": 0.05049085629531713}"
11801685,motor,least_seen,0.13,0.027165092747450503,0.03216278777571973,0.03787536891537323,0.03379717339653768,0.030002707930412344,30,4,"[120, 8, 7, 8, 7]","{""0"": 0.018428584157329477, ""1"": 0.02670803515592487, ""2"": 0.024046360113565295, ""3"": 0.036438324806256035, ""4"": 0.030204159504176847}"
11801685,motor,single_action,0.13,0.08527308521868558,0.09045540197175338,0.06681900803953296,0.033428985471203716,0.04217236603412653,30,1,"[120, 30, 0, 0, 0]","{""0"": 0.03154763647959692, ""1"": 0.09653193033362713, ""2"": 0.1584442629305465, ""3"": 0.0632409503404626, ""4"": 0.07660064600919468}"
11801685,motor,no_probes,0.13,0.07944645577080343,0.06052553858108674,0.05965186727033949,0.021713248283522647,0.027652961789719172,0,0,"[150, 0, 0, 0, 0]","{""0"": 0.04140735431257098, ""1"": 0.14551213108116234, ""2"": 0.05265155032408613, ""3"": 0.03289849705939717, ""4"": 0.12476274607680055}"
11801685,external,uncertainty,0.13,0.022444912888536592,0.030660112882938732,0.04182253519185694,0.03972606966171367,0.03795755976978459,30,4,"[120, 8, 7, 8, 7]","{""0"": 0.0161381227897211, ""1"": 0.02365033988524205, ""2"": 0.02185410778264947, ""3"": 0.017918587074909263, ""4"": 0.032663406910161064}"
11801685,external,random,0.13,0.02810703942850558,0.026453555410909137,0.027032507145504647,0.035706303858921026,0.035037866916085146,30,4,"[120, 8, 7, 8, 7]","{""0"": 0.023058675764814438, ""1"": 0.021274108699801637, ""2"": 0.032490162323686685, ""3"": 0.02873315997986543, ""4"": 0.03497909037435969}"
11801685,external,cycle,0.13,0.020266011839903134,0.037909779205201714,0.03602141116946227,0.041748848713402405,0.03507359381202181,30,4,"[120, 8, 7, 8, 7]","{""0"": 0.014917089067259281, ""1"": 0.02289340295061447, ""2"": 0.015724834136593396, ""3"": 0.0220704208518779, ""4"": 0.025724312193170635}"
11801685,external,least_seen,0.13,0.025024068931030603,0.03579330800220079,0.031658615998028904,0.04250813093740389,0.03663734495090258,30,4,"[120, 8, 7, 8, 7]","{""0"": 0.015983467629455492, ""1"": 0.01590364903933367, ""2"": 0.02852839573287201, ""3"": 0.019676244968803977, ""4"": 0.045028587284687865}"
11801685,external,single_action,0.13,0.18776653686539174,0.07010795411161069,0.06689027183901931,0.03496060123559062,0.030115072847123916,30,1,"[120, 30, 0, 0, 0]","{""0"": 0.14593464310071855, ""1"": 0.08371388853773522, ""2"": 0.4196989688298576, ""3"": 0.14355054075792895, ""4"": 0.14593464310071855}"
11801685,external,no_probes,0.13,0.0513037426771232,0.07125894720232483,0.05566189708472109,0.031855459694999595,0.03180541587267512,0,0,"[150, 0, 0, 0, 0]","{""0"": 0.013777312697480136, ""1"": 0.10908319282429257, ""2"": 0.09746253472819832, ""3"": 0.02241836043816484, ""4"": 0.013777312697480136}"
11801685,sensor,uncertainty,0.13,0.02568227640416579,0.021592504559024242,0.04480339522960449,0.02774145371516184,0.032182368927279006,30,4,"[120, 9, 6, 8, 7]","{""0"": 0.020087914281602788, ""1"": 0.035284691200742686, ""2"": 0.021156791222600068, ""3"": 0.016145094469024734, ""4"": 0.03573689084685865}"
11801685,sensor,random,0.13,0.030791206166799194,0.022696203875419048,0.03967820005668546,0.02468318642750936,0.03567090364088315,30,4,"[120, 8, 7, 8, 7]","{""0"": 0.019966556469158823, ""1"": 0.030732042258168116, ""2"": 0.01993114456363236, ""3"": 0.02963294447507697, ""4"": 0.05369334306795972}"
11801685,sensor,cycle,0.13,0.02330104522964869,0.021305711789623996,0.03699424016193153,0.026427041763346048,0.03129952147517727,30,4,"[120, 8, 7, 8, 7]","{""0"": 0.018178921126091874, ""1"": 0.0230817666941715, ""2"": 0.021944955468773647, ""3"": 0.018703937355088712, ""4"": 0.034595645504117686}"
11801685,sensor,least_seen,0.13,0.024354848461227315,0.022152171793515064,0.03578358309175047,0.026223320116104967,0.030442525978395175,30,4,"[120, 8, 7, 8, 7]","{""0"": 0.018149608440393327, ""1"": 0.028349513657107583, ""2"": 0.025208352571961957, ""3"": 0.026774773758684565, ""4"": 0.023291993877989137}"
11801685,sensor,single_action,0.13,0.04365818286005041,0.04703981922514582,0.06583051067037052,0.02498013593102837,0.029125311607138327,30,1,"[120, 30, 0, 0, 0]","{""0"": 0.02072352849837477, ""1"": 0.020233054173655788, ""2"": 0.02925319591256939, ""3"": 0.04546835151562325, ""4"": 0.10261278420002888}"
11801685,sensor,no_probes,0.13,0.08138193721827962,0.058924557005808946,0.05817642148497206,0.021599551025066166,0.028057557405342975,0,0,"[150, 0, 0, 0, 0]","{""0"": 0.045434803994682464, ""1"": 0.12682416856586798, ""2"": 0.03635259722294954, ""3"": 0.15374339932346143, ""4"": 0.04455471698443674}"
11801685,motor_external,uncertainty,0.13,0.027191930854423983,0.03512458008684405,0.03529617978404206,0.04693506194194375,0.03202225954027496,30,4,"[120, 8, 7, 8, 7]","{""0"": 0.014960242944310235, ""1"": 0.050893375553100584, ""2"": 0.030773921609911492, ""3"": 0.016929062186427358, ""4"": 0.02240305197837021}"
11801685,motor_external,random,0.13,0.04153181450306732,0.05758186869099115,0.04989159211007514,0.03719985637183166,0.03514941265916659,30,4,"[120, 8, 7, 8, 7]","{""0"": 0.026213535194294913, ""1"": 0.03877371714040786, ""2"": 0.05318122952003784, ""3"": 0.04998666356021503, ""4"": 0.03950392710038097}"
11801685,motor_external,cycle,0.13,0.024226371595879013,0.045830728882837596,0.03684554203424948,0.05176851299067993,0.034697313746707655,30,4,"[120, 8, 7, 8, 7]","{""0"": 0.01445578712368762, ""1"": 0.02332148277487447, ""2"": 0.036260512351321106, ""3"": 0.018089596764163423, ""4"": 0.029004478965348437}"
11801685,motor_external,least_seen,0.13,0.01983336349780238,0.04866330399766673,0.03453702385512698,0.049009025198586444,0.03557237856458144,30,4,"[120, 8, 7, 8, 7]","{""0"": 0.014536831170781203, ""1"": 0.013088340599971887, ""2"": 0.03191479734827947, ""3"": 0.01878447745666115, ""4"": 0.02084237091331818}"
11801685,motor_external,single_action,0.13,0.16997267747735503,0.08740517144880726,0.06153280701979239,0.03294820767277548,0.034148850819734844,30,1,"[120, 30, 0, 0, 0]","{""0"": 0.0990373452729605, ""1"": 0.08831124234102199, ""2"": 0.27983449201249194, ""3"": 0.277390117049421, ""4"": 0.10529019071087974}"
11801685,motor_external,no_probes,0.13,0.05330859962720784,0.08070598393541309,0.05762505381322603,0.031855459694999595,0.03180541587267512,0,0,"[150, 0, 0, 0, 0]","{""0"": 0.014171538841963609, ""1"": 0.02536952947423814, ""2"": 0.014171538841963609, ""3"": 0.09222741344667018, ""4"": 0.12060297753120368}"
11801685,unknown_nonlinear,uncertainty,0.13,0.03439715232413377,0.023754531174733466,0.06170445417212824,0.026240806579326006,0.03495225101799372,30,4,"[120, 9, 6, 8, 7]","{""0"": 0.01925834957723042, ""1"": 0.0314768420940482, ""2"": 0.029559369149568457, ""3"": 0.047530434541163714, ""4"": 0.04416076625865808}"
11801685,unknown_nonlinear,random,0.13,0.02868521276784618,0.026724504650382074,0.0324859452933993,0.02407041836762762,0.03625589542570049,30,4,"[120, 8, 7, 8, 7]","{""0"": 0.018569763567241156, ""1"": 0.03372762299054604, ""2"": 0.016031994975781238, ""3"": 0.04600106901609726, ""4"": 0.029095613289565173}"
11801685,unknown_nonlinear,cycle,0.13,0.027998025973438107,0.028604421288701005,0.04003801193421242,0.02724802537519289,0.034691458748001426,30,4,"[120, 8, 7, 8, 7]","{""0"": 0.01760050209722126, ""1"": 0.017602823985531396, ""2"": 0.014209271180719905, ""3"": 0.05852623644862359, ""4"": 0.03205129615509437}"
11801685,unknown_nonlinear,least_seen,0.13,0.027992548978285462,0.016502307299201487,0.046189464377742344,0.028345907094183796,0.03695861253152535,30,4,"[120, 8, 7, 8, 7]","{""0"": 0.017746711024581596, ""1"": 0.02906631638813331, ""2"": 0.026472803068050832, ""3"": 0.029824673988336246, ""4"": 0.036852240422325336}"
11801685,unknown_nonlinear,single_action,0.13,0.04594608167658191,0.035794602179213965,0.05623201634613593,0.024285314335711204,0.029159010874609353,30,1,"[120, 30, 0, 0, 0]","{""0"": 0.020763853933310348, ""1"": 0.03931527226440303, ""2"": 0.03165228622637856, ""3"": 0.06327110655739905, ""4"": 0.07472788940141854}"
11801685,unknown_nonlinear,no_probes,0.13,0.16793899270577947,0.053312247088146636,0.05154560096230198,0.021713248283522647,0.027652961789719172,0,0,"[150, 0, 0, 0, 0]","{""0"": 0.14219513785953034, ""1"": 0.3074903266281325, ""2"": 0.11937038782685531, ""3"": 0.23436789337659816, ""4"": 0.03627121783778101}"
11801822,none,uncertainty,0.13,0.03315344861516172,0.01663685782319814,0.061268449749021174,0.0330778485527921,0.037325594453332084,30,4,"[120, 8, 7, 7, 8]","{""0"": 0.0306656567663387, ""1"": 0.03187121033673928, ""2"": 0.032526857428742624, ""3"": 0.03306173661062955, ""4"": 0.03764178193335844}"
11801822,none,random,0.13,0.03990372764320207,0.024031080326828585,0.06211221781279694,0.03596798899408852,0.02923463074834336,30,4,"[120, 8, 7, 9, 6]","{""0"": 0.03186859423461896, ""1"": 0.0334486663413345, ""2"": 0.045203908206168375, ""3"": 0.047411607120870176, ""4"": 0.04158586231301833}"
11801822,none,cycle,0.13,0.03598411792233118,0.01874187972079296,0.056567381075812835,0.030722828645178807,0.030835547819228256,30,4,"[120, 8, 7, 8, 7]","{""0"": 0.033801238699714624, ""1"": 0.042085809169834947, ""2"": 0.03234995133221485, ""3"": 0.03402699001024062, ""4"": 0.0376566003996509}"
11801822,none,least_seen,0.13,0.0338935539647132,0.01370895506435168,0.05138426715790085,0.03362673804709927,0.03208877267280264,30,4,"[120, 8, 7, 8, 7]","{""0"": 0.03159460809208202, ""1"": 0.03114969978464252, ""2"": 0.03364614862797715, ""3"": 0.026800725274404576, ""4"": 0.046276588044459714}"
11801822,none,single_action,0.13,0.13384819818752697,0.057491799425271155,0.09073199358033389,0.03351164690710277,0.03230954655995127,30,1,"[120, 30, 0, 0, 0]","{""0"": 0.1053799890688115, ""1"": 0.0844459938542869, ""2"": 0.14121830672967883, ""3"": 0.24226753531737588, ""4"": 0.0959291659674819}"
11801822,none,no_probes,0.13,0.09893178808560354,0.07654588793127351,0.09311955301318611,0.029701015173817524,0.03157975852334404,0,0,"[150, 0, 0, 0, 0]","{""0"": 0.04095346533987539, ""1"": 0.08135841222561864, ""2"": 0.1677060210853338, ""3"": 0.1429746125451896, ""4"": 0.06166642923200025}"
11801822,motor,uncertainty,0.13,0.037358100308957046,0.01567873914127665,0.05865108813566858,0.04411912738480288,0.03456637373558417,30,4,"[120, 7, 8, 7, 8]","{""0"": 0.03075930577277189, ""1"": 0.03855108754214529, ""2"": 0.042167329931405734, ""3"": 0.04739641431314015, ""4"": 0.02791636398532216}"
11801822,motor,random,0.13,0.1376407436197052,0.08588361983137331,0.07676184339905404,0.04235400523393068,0.03216977736183153,30,4,"[120, 8, 7, 9, 6]","{""0"": 0.07557164034063003, ""1"": 0.09426568752360902, ""2"": 0.15137398651935594, ""3"": 0.05749458944797356, ""4"": 0.3094978142669575}"
11801822,motor,cycle,0.13,0.03458701513283182,0.013478282487044604,0.05190235411062156,0.04755871631155346,0.03250113478746589,30,4,"[120, 8, 7, 8, 7]","{""0"": 0.030655731577555228, ""1"": 0.039535250094964586, ""2"": 0.03326945245563599, ""3"": 0.03238681795076529, ""4"": 0.03708782358523803}"
11801822,motor,least_seen,0.13,0.03954834505837595,0.014928339820078403,0.049563083698859325,0.050707971344034763,0.03066161779745385,30,4,"[120, 8, 7, 8, 7]","{""0"": 0.03062732201759387, ""1"": 0.032083171043905824, ""2"": 0.035632955662831804, ""3"": 0.04224308652001044, ""4"": 0.05715519004753782}"
11801822,motor,single_action,0.13,0.11498317980127944,0.10344726060724421,0.10413446338492977,0.040212927401684466,0.03469422255333364,30,1,"[120, 30, 0, 0, 0]","{""0"": 0.05404773408428778, ""1"": 0.1623544151684085, ""2"": 0.05634071304164446, ""3"": 0.2216409818958263, ""4"": 0.08053205481623013}"
11801822,motor,no_probes,0.13,0.10850734527434354,0.09100627137400062,0.11160274906250897,0.029701015173817524,0.03157975852334404,0,0,"[150, 0, 0, 0, 0]","{""0"": 0.03128497263726745, ""1"": 0.13723807196290924, ""2"": 0.11470508588595384, ""3"": 0.170640440277016, ""4"": 0.08866815560857118}"
11801822,external,uncertainty,0.13,0.045290990152588896,0.014743179281015555,0.06550319567403261,0.03837479296888573,0.055071195639106875,30,4,"[120, 7, 8, 8, 7]","{""0"": 0.02904955755660224, ""1"": 0.05331390404199652, ""2"": 0.052074722250655375, ""3"": 0.055382208443020525, ""4"": 0.03663455847066984}"
11801822,external,random,0.13,0.05079612240075599,0.01622553286950877,0.06533316543442717,0.050158159915174264,0.0461938640341565,30,4,"[120, 8, 7, 9, 6]","{""0"": 0.031842381797792564, ""1"": 0.05597637217098602, ""2"": 0.048868745539920766, ""3"": 0.0604434829986376, ""4"": 0.05684962949644301}"
11801822,external,cycle,0.13,0.04730898603405551,0.017219733568520572,0.05283911549889178,0.04238458838811427,0.051385513355240144,30,4,"[120, 8, 7, 8, 7]","{""0"": 0.030425769232791652, ""1"": 0.04712731226512828, ""2"": 0.04274824248329832, ""3"": 0.038037276606473706, ""4"": 0.07820632958258562}"
11801822,external,least_seen,0.13,0.04546435334939028,0.018796479243788924,0.054906224264554306,0.045429926052788845,0.044970162405516705,30,4,"[120, 8, 7, 8, 7]","{""0"": 0.02977151956317611, ""1"": 0.04059321867800427, ""2"": 0.041060671420345356, ""3"": 0.0439222161126114, ""4"": 0.0719741409728143}"
11801822,external,single_action,0.13,0.44275859727845684,0.2898522108293562,0.10677328229801004,0.046703899923228126,0.03211160995090803,30,1,"[120, 30, 0, 0, 0]","{""0"": 0.38049626221883437, ""1"": 0.9629983187480035, ""2"": 0.2515904504977473, ""3"": 0.38049626221883437, ""4"": 0.2382116927088652}"
11801822,external,no_probes,0.13,0.0771891406362412,0.057053056723808844,0.0840192741689552,0.039473325415509,0.03751901121551131,0,0,"[150, 0, 0, 0, 0]","{""0"": 0.02919880987716154, ""1"": 0.12942326238511373, ""2"": 0.13280053196532282, ""3"": 0.02919880987716154, ""4"": 0.06532428907644632}"
11801822,sensor,uncertainty,0.13,0.0314706952215574,0.01915474785275065,0.05682710626037349,0.03354117161685262,0.03362510320647728,30,4,"[120, 9, 6, 8, 7]","{""0"": 0.030157138867959177, ""1"": 0.026937165506141683, ""2"": 0.03756672613205083, ""3"": 0.02770789130506905, ""4"": 0.03498455429656626}"
11801822,sensor,random,0.13,0.03940972224875347,0.023739673243635608,0.06211221781279694,0.03650263993421911,0.02935206412174397,30,4,"[120, 8, 7, 9, 6]","{""0"": 0.03177886164279627, ""1"": 0.033539148792164984, ""2"": 0.045752142229633384, ""3"": 0.047108585044040203, ""4"": 0.0388698735351325}"
11801822,sensor,cycle,0.13,0.035053709888256485,0.018192398671865877,0.056567381075812835,0.030614334092788877,0.03104353366920152,30,4,"[120, 8, 7, 8, 7]","{""0"": 0.032984876700169634, ""1"": 0.040405936287731585, ""2"": 0.031763877061131394, ""3"": 0.03250673031648748, ""4"": 0.03760712907576231}"
11801822,sensor,least_seen,0.13,0.034097656091616836,0.013686265035701655,0.05138426715790085,0.034396719985849436,0.032811309630705866,30,4,"[120, 8, 7, 8, 7]","{""0"": 0.03191550645238677, ""1"": 0.031768325589660494, ""2"": 0.03337919511133221, ""3"": 0.02732924964598361, ""4"": 0.0460960036587211}"
11801822,sensor,single_action,0.13,0.08221531913162618,0.04883621239634902,0.09073199358033389,0.03322658380545121,0.03253717023664106,30,1,"[120, 30, 0, 0, 0]","{""0"": 0.05196407631141856, ""1"": 0.050851312825298235, ""2"": 0.07857736226159294, ""3"": 0.15385940302161272, ""4"": 0.07582444123820832}"
11801822,sensor,no_probes,0.13,0.09922150900250007,0.07564876530207924,0.09311955301318611,0.029783679503413225,0.032033773050061005,0,0,"[150, 0, 0, 0, 0]","{""0"": 0.04121621238745247, ""1"": 0.08299904226416817, ""2"": 0.166655362564017, ""3"": 0.14516387273481582, ""4"": 0.060073055062046986}"
11801822,motor_external,uncertainty,0.13,0.049389745450918156,0.01594696952585326,0.07329191433142658,0.04173233073741913,0.050995060987351355,30,4,"[120, 7, 8, 8, 7]","{""0"": 0.03717657048595351, ""1"": 0.06887932707764574, ""2"": 0.0500439969109594, ""3"": 0.04736726504860326, ""4"": 0.043481567731428916}"
11801822,motor_external,random,0.13,0.05142608961189952,0.0181259754885303,0.11125191033349281,0.05527027376170486,0.041829652020688925,30,4,"[120, 8, 7, 9, 6]","{""0"": 0.03700366514657352, ""1"": 0.05820253043038637, ""2"": 0.07584604117974543, ""3"": 0.04347554174399071, ""4"": 0.042602669558801515}"
11801822,motor_external,cycle,0.13,0.04827176995226611,0.014971431437687165,0.06385222762504514,0.047621583038521084,0.05082142713723738,30,4,"[120, 8, 7, 8, 7]","{""0"": 0.03430018582781066, ""1"": 0.04773514021767456, ""2"": 0.071628883176122, ""3"": 0.03890334885810367, ""4"": 0.04879129168161969}"
11801822,motor_external,least_seen,0.13,0.046297339021195434,0.01628411477113585,0.053256878789271336,0.04935882994506615,0.04826697303588467,30,4,"[120, 8, 7, 8, 7]","{""0"": 0.03450118457277115, ""1"": 0.047807136923788386, ""2"": 0.049826621754050344, ""3"": 0.04350987643441412, ""4"": 0.05584187542095315}"
11801822,motor_external,single_action,0.13,0.12402272740966405,0.05898778942412061,0.07934292886474975,0.06593595323735629,0.037580690669096056,30,1,"[120, 30, 0, 0, 0]","{""0"": 0.03437549162776285, ""1"": 0.11196986951140327, ""2"": 0.23053069429411152, ""3"": 0.15296753753740963, ""4"": 0.09027004407763282}"
11801822,motor_external,no_probes,0.13,0.07358083703108867,0.050094369544729414,0.08034027127915068,0.039473325415509,0.03751901121551131,0,0,"[150, 0, 0, 0, 0]","{""0"": 0.03474729491353242, ""1"": 0.03474729491353242, ""2"": 0.06499329634647404, ""3"": 0.11082272937255673, ""4"": 0.12259356960934771}"
11801822,unknown_nonlinear,uncertainty,0.13,0.10763962252397476,0.016494065920700386,0.06714555140850229,0.032382638278659386,0.03456420119175096,30,4,"[120, 8, 7, 8, 7]","{""0"": 0.05414734530165228, ""1"": 0.1442805575500964, ""2"": 0.10363246835190741, ""3"": 0.04793608775427608, ""4"": 0.18820165366194153}"
11801822,unknown_nonlinear,random,0.13,0.08279063891775461,0.021961693122899358,0.08102843354142902,0.035156521188961044,0.031507288703279894,30,4,"[120, 8, 7, 9, 6]","{""0"": 0.049467441968083774, ""1"": 0.08671957848114425, ""2"": 0.09131825080174165, ""3"": 0.05946717451643102, ""4"": 0.12698074882137236}"
11801822,unknown_nonlinear,cycle,0.13,0.11209278726507721,0.02250337284241871,0.07306267861495096,0.030752617525576547,0.03396738089498303,30,4,"[120, 8, 7, 8, 7]","{""0"": 0.06113423833509627, ""1"": 0.087349001555516, ""2"": 0.12798403436221692, ""3"": 0.07295498693065594, ""4"": 0.21104167514190095}"
11801822,unknown_nonlinear,least_seen,0.13,0.09669420944099597,0.013713637120131718,0.08073152053249857,0.035414410115855846,0.03570011984147445,30,4,"[120, 8, 7, 8, 7]","{""0"": 0.06416559394986457, ""1"": 0.09049205786437649, ""2"": 0.13221512993185616, ""3"": 0.050637012280353944, ""4"": 0.1459612531785287}"
11801822,unknown_nonlinear,single_action,0.13,0.4587083166684004,0.03672927471339853,0.08453638775513549,0.03351164690710277,0.03230954655995127,30,1,"[120, 30, 0, 0, 0]","{""0"": 0.39647772939462295, ""1"": 0.7889389484558073, ""2"": 0.3513100578491282, ""3"": 0.507952043335156, ""4"": 0.2488628043072876}"
11801822,unknown_nonlinear,no_probes,0.13,0.28905586698052743,0.09357818899952376,0.08356214712333626,0.029701015173817524,0.03157975852334404,0,0,"[150, 0, 0, 0, 0]","{""0"": 0.2503056003054478, ""1"": 0.2014906201894402, ""2"": 0.5095354549239323, ""3"": 0.34763027562534043, ""4"": 0.1363173838584764}"
11801959,none,uncertainty,0.13,0.03344323486193502,0.01813308790338346,0.033299660241654754,0.02749249171102104,0.03008644506046373,30,4,"[120, 8, 7, 7, 8]","{""0"": 0.031955805711096866, ""1"": 0.033506076719192694, ""2"": 0.03479830830187199, ""3"": 0.03554800367814023, ""4"": 0.031407979899373314}"
11801959,none,random,0.13,0.03669362343018509,0.016829420213527745,0.05345121431172708,0.03211508091167255,0.030393897550387516,30,4,"[120, 8, 3, 9, 10]","{""0"": 0.029002613758076303, ""1"": 0.018622959749345108, ""2"": 0.07003442430394514, ""3"": 0.019782027891127065, ""4"": 0.04602609144843181}"
11801959,none,cycle,0.13,0.035546582738253764,0.017529116493739394,0.034408163575615124,0.028021061451785165,0.032483801388217416,30,4,"[120, 8, 7, 8, 7]","{""0"": 0.028256808280004084, ""1"": 0.0397585172878101, ""2"": 0.03504294654256212, ""3"": 0.027748586585396497, ""4"": 0.046926054995496076}"
11801959,none,least_seen,0.13,0.03550850411561668,0.018211499047441584,0.03410934469605877,0.028440998539167626,0.032930059363660856,30,4,"[120, 8, 8, 7, 7]","{""0"": 0.031862993212618186, ""1"": 0.0408126146529621, ""2"": 0.036124127833963605, ""3"": 0.038251489949467206, ""4"": 0.030491294929072283}"
11801959,none,single_action,0.13,0.08809858375075524,0.03895498334864851,0.0649341319508902,0.030234285187043727,0.030356307281759125,30,1,"[120, 30, 0, 0, 0]","{""0"": 0.0553013676665565, ""1"": 0.05313979808500272, ""2"": 0.11359126476582548, ""3"": 0.10383577890193124, ""4"": 0.11462470933446021}"
11801959,none,no_probes,0.13,0.08014107259747398,0.05534767621109892,0.07127172956175665,0.025795473271050987,0.027224997713311532,0,0,"[150, 0, 0, 0, 0]","{""0"": 0.042565872916904286, ""1"": 0.10470685048498451, ""2"": 0.059869761068374626, ""3"": 0.14907092393014482, ""4"": 0.044491954586961556}"
11801959,motor,uncertainty,0.13,0.05138155772827597,0.0244074801919453,0.05348506881613398,0.03324824974923833,0.03060401652796132,30,4,"[120, 8, 7, 6, 9]","{""0"": 0.0412932971891534, ""1"": 0.029127210450404367, ""2"": 0.06119423903398224, ""3"": 0.0690978704915602, ""4"": 0.056195171476279594}"
11801959,motor,random,0.13,0.040242020294347515,0.018921978885491395,0.05272152735474269,0.030877883886356275,0.0314244063042019,30,4,"[120, 8, 3, 9, 10]","{""0"": 0.032825524444426775, ""1"": 0.021214334915896197, ""2"": 0.06836571422730926, ""3"": 0.016923155334949664, ""4"": 0.06188137254915568}"
11801959,motor,cycle,0.13,0.05106795736683736,0.02189089658496959,0.04033892484613352,0.03751547370199214,0.03279100083603194,30,4,"[120, 8, 7, 8, 7]","{""0"": 0.03505693392113906, ""1"": 0.04236812905467563, ""2"": 0.06746122374327883, ""3"": 0.03443999664743276, ""4"": 0.07601350346766053}"
11801959,motor,least_seen,0.13,0.050272315421130115,0.016296324028050473,0.03525141411769217,0.03547095794470224,0.03325885474996946,30,4,"[120, 8, 8, 7, 7]","{""0"": 0.04263207075631819, ""1"": 0.04796402457716007, ""2"": 0.053495856851473234, ""3"": 0.02669191679143264, ""4"": 0.0805777081292665}"
11801959,motor,single_action,0.13,0.08128179190938913,0.057241647794406374,0.06138144831474701,0.03539706950756321,0.04360674451896056,30,1,"[120, 30, 0, 0, 0]","{""0"": 0.053565718889553145, ""1"": 0.0883477865984834, ""2"": 0.08991797264905203, ""3"": 0.08842580070536686, ""4"": 0.08615168070449035}"
11801959,motor,no_probes,0.13,0.1195648739282402,0.053624148437733235,0.06960861984590234,0.025795473271050987,0.027224997713311532,0,0,"[150, 0, 0, 0, 0]","{""0"": 0.08714776269796494, ""1"": 0.22056076555262813, ""2"": 0.04956026970384331, ""3"": 0.0672634709278546, ""4"": 0.1732921007589101}"
11801959,external,uncertainty,0.13,0.03725012550699578,0.018709126249420345,0.05976793663426669,0.0450759460932456,0.035387522449850654,30,4,"[120, 9, 6, 7, 8]","{""0"": 0.03327781422867177, ""1"": 0.028041459730382454, ""2"": 0.06497909222327701, ""3"": 0.03156792211255538, ""4"": 0.028384339240092312}"
11801959,external,random,0.13,0.038601881790374076,0.024781705191367923,0.05568249114075057,0.06805026793058228,0.037317421529853005,30,4,"[120, 8, 3, 9, 10]","{""0"": 0.032722974131420765, ""1"": 0.03531813254484472, ""2"": 0.06703383455756647, ""3"": 0.011831593170923409, ""4"": 0.04610287454711506}"
11801959,external,cycle,0.13,0.03821869728591099,0.020271886740902967,0.03455999113610388,0.04872975370520814,0.04286451272283118,30,4,"[120, 8, 7, 8, 7]","{""0"": 0.032721703381136204, ""1"": 0.062237197858402656, ""2"": 0.04077582666985174, ""3"": 0.026804461710801183, ""4"": 0.02855429680936321}"
11801959,external,least_seen,0.13,0.036278665240245415,0.01865316222233595,0.0395676721830158,0.05550176322889247,0.03633747856466614,30,4,"[120, 8, 8, 7, 7]","{""0"": 0.033394002104378505, ""1"": 0.059614841287832225, ""2"": 0.043267042512116105, ""3"": 0.019398523092922938, ""4"": 0.0257189172039773}"
11801959,external,single_action,0.13,0.0644525052480426,0.055059874067408345,0.05289767956552218,0.04178133681612075,0.030701124726671785,30,1,"[120, 30, 0, 0, 0]","{""0"": 0.04341849754547065, ""1"": 0.10558315386625282, ""2"": 0.08925711481821698, ""3"": 0.04058526246480186, ""4"": 0.04341849754547065}"
11801959,external,no_probes,0.13,0.061620665475619,0.05691630936197915,0.06182165174262197,0.036683551472099105,0.03178167067055295,0,0,"[150, 0, 0, 0, 0]","{""0"": 0.0327732443305317, ""1"": 0.12176628218605967, ""2"": 0.09074586696377213, ""3"": 0.030044689567199776, ""4"": 0.0327732443305317}"
11801959,sensor,uncertainty,0.13,0.03169685871431385,0.017340126800414808,0.04717047683180906,0.030082409892916523,0.033565397982462636,30,4,"[120, 9, 6, 8, 7]","{""0"": 0.02930328103813959, ""1"": 0.02763783141383258, ""2"": 0.03718680351804885, ""3"": 0.030562405853983055, ""4"": 0.0337939717475652}"
11801959,sensor,random,0.13,0.03682490511346992,0.017245673081276912,0.05345121431172708,0.032942467175682506,0.03062923609429122,30,4,"[120, 8, 3, 9, 10]","{""0"": 0.029445249681683595, ""1"": 0.01928450827175531, ""2"": 0.06945969911421945, ""3"": 0.02007460546613327, ""4"": 0.04586046303355798}"
11801959,sensor,cycle,0.13,0.03460781715532764,0.01786541069341332,0.034408163575615124,0.028979774365521148,0.03269705676388385,30,4,"[120, 8, 7, 8, 7]","{""0"": 0.02777680448492929, ""1"": 0.04022086217429922, ""2"": 0.033455811316662, ""3"": 0.027885969627864656, ""4"": 0.04369963817288299}"
11801959,sensor,least_seen,0.13,0.0341365106966012,0.018411110955830593,0.03410934469605877,0.029120409877489224,0.03306225131853298,30,4,"[120, 8, 8, 7, 7]","{""0"": 0.03036205546569007, ""1"": 0.039657148500522064, ""2"": 0.03436988617077079, ""3"": 0.03660763540114082, ""4"": 0.02968582794488227}"
11801959,sensor,single_action,0.13,0.11310553685437982,0.036422290200303624,0.0649341319508902,0.029763165576919895,0.030655546663531968,30,1,"[120, 30, 0, 0, 0]","{""0"": 0.0725179216377878, ""1"": 0.09242335131073025, ""2"": 0.1476423951804227, ""3"": 0.10882344090750778, ""4"": 0.14412057523545055}"
11801959,sensor,no_probes,0.13,0.07963507965812958,0.05554231944517025,0.07127172956175665,0.025967666038380702,0.02754061133378829,0,0,"[150, 0, 0, 0, 0]","{""0"": 0.04207764152233693, ""1"": 0.10266762657859256, ""2"": 0.060884925389291696, ""3"": 0.14947248079756337, ""4"": 0.04307272400286327}"
11801959,motor_external,uncertainty,0.13,0.04112448804858087,0.030175738213360132,0.05038165833834005,0.06180840699466116,0.03505123397181014,30,4,"[120, 9, 6, 7, 8]","{""0"": 0.03453769682612672, ""1"": 0.01638264191017972, ""2"": 0.05403476480691291, ""3"": 0.02607669326037774, ""4"": 0.07459064343930728}"
11801959,motor_external,random,0.13,0.037818916761633146,0.028080560689815792,0.0537366471605312,0.06207157131287726,0.032583121934472076,30,4,"[120, 8, 3, 9, 10]","{""0"": 0.0340892933076251, ""1"": 0.023459401129955138, ""2"": 0.04308377073626286, ""3"": 0.022913111039814523, ""4"": 0.06554900759450813}"
11801959,motor_external,cycle,0.13,0.0378973084998442,0.032314541577019844,0.04496021799673822,0.06452415565923136,0.03716682450278027,30,4,"[120, 8, 7, 8, 7]","{""0"": 0.03451862144174647, ""1"": 0.02707087857227995, ""2"": 0.0274836627776557, ""3"": 0.023223579487367817, ""4"": 0.07718980022017102}"
11801959,motor_external,least_seen,0.13,0.0361351750587655,0.03222799978245721,0.049640166897924054,0.05769788761710326,0.040944871799489906,30,4,"[120, 8, 8, 7, 7]","{""0"": 0.03433461830703859, ""1"": 0.0273765445931116, ""2"": 0.024937427160530767, ""3"": 0.02723833243050364, ""4"": 0.06678895280264291}"
11801959,motor_external,single_action,0.13,0.056306946765153756,0.04239324068215712,0.044524161421614465,0.036952047547285066,0.03975519296529806,30,1,"[120, 30, 0, 0, 0]","{""0"": 0.034372766904623646, ""1"": 0.024444667110605296, ""2"": 0.09079512263076124, ""3"": 0.07075868146324471, ""4"": 0.06116349571653391}"
11801959,motor_external,no_probes,0.13,0.046172319407502875,0.04922174098758204,0.046488996694517386,0.036683551472099105,0.03178167067055295,0,0,"[150, 0, 0, 0, 0]","{""0"": 0.03473387263877198, ""1"": 0.03040981665780222, ""2"": 0.03473387263877198, ""3"": 0.06935814554266205, ""4"": 0.06162588955950618}"
11801959,unknown_nonlinear,uncertainty,0.13,0.0361443318221253,0.020847324146171898,0.05322243272287525,0.030879233107485176,0.037824439007563895,30,4,"[120, 9, 6, 8, 7]","{""0"": 0.023300094379539855, ""1"": 0.029653114874267066, ""2"": 0.05461578679341089, ""3"": 0.0425032515875881, ""4"": 0.030649411475820634}"
11801959,unknown_nonlinear,random,0.13,0.04613706265133375,0.02265110704236138,0.0743413373673921,0.03416815474480965,0.03137436104471388,30,4,"[120, 8, 3, 9, 10]","{""0"": 0.02760569421546841, ""1"": 0.028418892223180618, ""2"": 0.08115933231377825, ""3"": 0.024100509838813084, ""4"": 0.06940088466542842}"
11801959,unknown_nonlinear,cycle,0.13,0.03669129315702536,0.021092525468967175,0.06481851536887784,0.02951517227069955,0.03904853642282167,30,4,"[120, 8, 7, 8, 7]","{""0"": 0.025404576916528466, ""1"": 0.04784117687091074, ""2"": 0.034036750809324584, ""3"": 0.04960567189892829, ""4"": 0.026568289289434676}"
11801959,unknown_nonlinear,least_seen,0.13,0.03762991418509149,0.02549573811612765,0.05843778213881132,0.028750162886446256,0.035875249924776295,30,4,"[120, 8, 8, 7, 7]","{""0"": 0.026630271450363355, ""1"": 0.04222091351200355, ""2"": 0.04409391050083139, ""3"": 0.0397905595013228, ""4"": 0.0354139159609364}"
11801959,unknown_nonlinear,single_action,0.13,0.0512694796561013,0.0340978706286396,0.06686623524227239,0.030140009721080628,0.030222065874679342,30,1,"[120, 30, 0, 0, 0]","{""0"": 0.02538359505699503, ""1"": 0.03632421277642248, ""2"": 0.045001117446919585, ""3"": 0.09617420352957724, ""4"": 0.05346426947059215}"
11801959,unknown_nonlinear,no_probes,0.13,0.11616962014168077,0.05780158448993425,0.07322827924189952,0.025795473271050987,0.027224997713311532,0,0,"[150, 0, 0, 0, 0]","{""0"": 0.07881299868088909, ""1"": 0.17903836187926983, ""2"": 0.10706102945609948, ""3"": 0.1864500352771258, ""4"": 0.029485675415019452}"
11802096,none,uncertainty,0.13,0.025616372977339086,0.021973027588512575,0.02628085215588064,0.036965156974927894,0.03925577482804257,30,4,"[120, 8, 7, 6, 9]","{""0"": 0.022792051308250193, ""1"": 0.033869912683039724, ""2"": 0.02443247592328704, ""3"": 0.02589629250382948, ""4"": 0.021091132468288976}"
11802096,none,random,0.13,0.027657980753289783,0.022010968587846964,0.03962342496553854,0.03746427946970361,0.03857528038842874,30,4,"[120, 5, 10, 7, 8]","{""0"": 0.02138196229157278, ""1"": 0.025989347556435522, ""2"": 0.041245269805419815, ""3"": 0.02588313057736777, ""4"": 0.023790193535653033}"
11802096,none,cycle,0.13,0.03525175298042959,0.022453733453088983,0.03527461813895547,0.03451921449000629,0.036474223296212735,30,4,"[120, 8, 7, 8, 7]","{""0"": 0.023221679866229136, ""1"": 0.03335653774101422, ""2"": 0.05917050773525886, ""3"": 0.03578581875103787, ""4"": 0.02472422080860785}"
11802096,none,least_seen,0.13,0.025576117173067413,0.02243065286705227,0.03227270439321739,0.03540662982270244,0.03635017388329503,30,4,"[120, 7, 8, 7, 8]","{""0"": 0.021328252825292642, ""1"": 0.023369303212533943, ""2"": 0.02391574043502535, ""3"": 0.023810043662205238, ""4"": 0.0354572457302799}"
11802096,none,single_action,0.13,0.2529159754937221,0.04392189166426681,0.06456786546080476,0.04045834735048165,0.0375978171370388,30,1,"[120, 30, 0, 0, 0]","{""0"": 0.20903944300367353, ""1"": 0.2924612848903046, ""2"": 0.26444544276995907, ""3"": 0.12522513119825338, ""4"": 0.37340857560642}"
11802096,none,no_probes,0.13,0.05433131829370282,0.05105695946899251,0.05642232180006204,0.035140262484890765,0.03392373004767765,0,0,"[150, 0, 0, 0, 0]","{""0"": 0.02051310215021153, ""1"": 0.06507511972201047, ""2"": 0.06364684773487099, ""3"": 0.04639087036731093, ""4"": 0.07603065149411019}"
11802096,motor,uncertainty,0.13,0.03211552894734761,0.01952977682380085,0.03505375554175094,0.04108467055726358,0.03726784407060394,30,4,"[120, 7, 8, 6, 9]","{""0"": 0.02486776903616153, ""1"": 0.025226840412110294, ""2"": 0.02750682139101976, ""3"": 0.04625071348613633, ""4"": 0.03672550041131009}"
11802096,motor,random,0.13,0.12060264192549619,0.03738568496710865,0.04221705572290938,0.04123336816409272,0.03640900473159835,30,4,"[120, 5, 10, 7, 8]","{""0"": 0.10326435786527831, ""1"": 0.05116782275436274, ""2"": 0.19097569418348193, ""3"": 0.0806407324878674, ""4"": 0.17696460233649045}"
11802096,motor,cycle,0.13,0.041301987708467006,0.04112835386458727,0.03338726632509925,0.04126208064767776,0.0374673461139571,30,4,"[120, 8, 7, 8, 7]","{""0"": 0.024110225102339105, ""1"": 0.03165905361983693, ""2"": 0.07686262069610268, ""3"": 0.023512338870380095, ""4"": 0.050365700253676184}"
11802096,motor,least_seen,0.13,0.030004477299552388,0.020741936338901798,0.0360085094897163,0.0449167305955548,0.03494722738160729,30,4,"[120, 7, 8, 7, 8]","{""0"": 0.020120907354547884, ""1"": 0.025183748006759824, ""2"": 0.022973301530994843, ""3"": 0.023809622552952072, ""4"": 0.05793480705250731}"
11802096,motor,single_action,0.13,0.30257400227193776,0.14948966222403917,0.061775519267627366,0.044525725656416375,0.041637722162033194,30,1,"[120, 30, 0, 0, 0]","{""0"": 0.20762686458567467, ""1"": 0.3422221919150779, ""2"": 0.45806395508391756, ""3"": 0.34267345245342123, ""4"": 0.1622835473215969}"
11802096,motor,no_probes,0.13,0.053948292772462644,0.05055829438559152,0.05619302929271664,0.035140262484890765,0.03392373004767765,0,0,"[150, 0, 0, 0, 0]","{""0"": 0.02060352227614258, ""1"": 0.04489973306945774, ""2"": 0.07624264151262918, ""3"": 0.06093636197441685, ""4"": 0.06705920502966688}"
11802096,external,uncertainty,0.13,0.0392307742712325,0.03703405388458023,0.027490258477949007,0.05337906540021021,0.05053892089929289,30,4,"[120, 8, 7, 6, 9]","{""0"": 0.02308938326148119, ""1"": 0.06370545372677143, ""2"": 0.05829772637854916, ""3"": 0.024439793610589695, ""4"": 0.026621514378771065}"
11802096,external,random,0.13,0.0395485147386284,0.03342688789569368,0.03924720469831631,0.05231490889841419,0.042821367233709044,30,4,"[120, 5, 10, 7, 8]","{""0"": 0.023250627604628784, ""1"": 0.07449238835569955, ""2"": 0.04563684822057725, ""3"": 0.028918876628553174, ""4"": 0.025443832883683248}"
11802096,external,cycle,0.13,0.04047724202995749,0.02694815714394078,0.032189409784127154,0.05260826198917684,0.04053779829916826,30,4,"[120, 8, 7, 8, 7]","{""0"": 0.02427997193501885, ""1"": 0.05213156954826209, ""2"": 0.0705302480400097, ""3"": 0.03357636426546157, ""4"": 0.021868056361035254}"
11802096,external,least_seen,0.13,0.0369156019161273,0.030940044532442736,0.03142613369613819,0.05414579850657906,0.04192053439143793,30,4,"[120, 7, 8, 7, 8]","{""0"": 0.02301732938605455, ""1"": 0.06906398244052461, ""2"": 0.03238256958346269, ""3"": 0.029084024064478537, ""4"": 0.031030104106116046}"
11802096,external,single_action,0.13,0.11242506229702667,0.08571231456997395,0.07284515667923416,0.03962630672637099,0.0379989878664919,30,1,"[120, 30, 0, 0, 0]","{""0"": 0.024933689670937943, ""1"": 0.05824813259594783, ""2"": 0.23535054478125306, ""3"": 0.09809378661548597, ""4"": 0.14549915782150852}"
11802096,external,no_probes,0.13,0.07503894915258782,0.07309798647346474,0.07308213349718791,0.04699558764814931,0.03771397043890481,0,0,"[150, 0, 0, 0, 0]","{""0"": 0.023673258397471326, ""1"": 0.023673258397471326, ""2"": 0.08780485698807651, ""3"": 0.10292902035779318, ""4"": 0.1371143516221268}"
11802096,sensor,uncertainty,0.13,0.025681230116277414,0.01751073290387831,0.0365309908805396,0.03677000797631625,0.03937556231222087,30,4,"[120, 7, 8, 7, 8]","{""0"": 0.023122351937348018, ""1"": 0.028656188181366185, ""2"": 0.02816513458899993, ""3"": 0.023282740014692774, ""4"": 0.025179735858980156}"
11802096,sensor,random,0.13,0.028450459899532834,0.020851149853938208,0.03962342496553854,0.03772295282499545,0.03903149528668138,30,4,"[120, 5, 10, 7, 8]","{""0"": 0.021773433618317174, ""1"": 0.026574834619349248, ""2"": 0.044537583761424804, ""3"": 0.026349199692409033, ""4"": 0.023017247806163904}"
11802096,sensor,cycle,0.13,0.03630369740981113,0.022538500030022824,0.03527461813895547,0.034762727200709026,0.03715956574996661,30,4,"[120, 8, 7, 8, 7]","{""0"": 0.02455620150440251, ""1"": 0.033523601722585485, ""2"": 0.06192636212088467, ""3"": 0.03867673334186319, ""4"": 0.02283558835931987}"
11802096,sensor,least_seen,0.13,0.02644966809239405,0.022135531476871098,0.03227270439321739,0.03544449842968581,0.03731284765616669,30,4,"[120, 7, 8, 7, 8]","{""0"": 0.02207223245553309, ""1"": 0.024715004158526507, ""2"": 0.024066494046115244, ""3"": 0.024464563851963453, ""4"": 0.03693004594983196}"
11802096,sensor,single_action,0.13,0.22573687900503653,0.0508892558590941,0.06456786546080476,0.04051582408421862,0.03766576567930738,30,1,"[120, 30, 0, 0, 0]","{""0"": 0.1777642273423018, ""1"": 0.24646516960634637, ""2"": 0.2689076780218647, ""3"": 0.11359508171092554, ""4"": 0.32195223834374403}"
11802096,sensor,no_probes,0.13,0.05518491638216784,0.05077139068975993,0.05642232180006204,0.03538433078094836,0.03468290288137884,0,0,"[150, 0, 0, 0, 0]","{""0"": 0.021371364512836676, ""1"": 0.06483251906746433, ""2"": 0.06560494542718655, ""3"": 0.04589419546662451, ""4"": 0.07822155743672712}"
11802096,motor_external,uncertainty,0.13,0.04742853580699195,0.039525869345861546,0.03379993700060669,0.05632889470054239,0.04240344413184479,30,4,"[120, 7, 8, 7, 8]","{""0"": 0.02405145638476787, ""1"": 0.044967765055269227, ""2"": 0.04660233421723169, ""3"": 0.044427761755814164, ""4"": 0.0770933616218769}"
11802096,motor_external,random,0.13,0.03815565809336878,0.021965422401113856,0.04088857497089593,0.059546588870341886,0.04852251328942506,30,4,"[120, 5, 10, 7, 8]","{""0"": 0.023435179293979525, ""1"": 0.025505826715266966, ""2"": 0.049416615859433764, ""3"": 0.0532321828633081, ""4"": 0.03918848573485554}"
11802096,motor_external,cycle,0.13,0.044940312153917555,0.0270635121539713,0.03385403534326633,0.052300465591939724,0.04413929585532752,30,4,"[120, 8, 7, 8, 7]","{""0"": 0.025859989871516748, ""1"": 0.035349742116698196, ""2"": 0.05697860998175342, ""3"": 0.055067844667110954, ""4"": 0.051445374132508416}"
11802096,motor_external,least_seen,0.13,0.035367204165533926,0.026064825322546163,0.03272884531881596,0.059836503243264366,0.043771272916439036,30,4,"[120, 7, 8, 7, 8]","{""0"": 0.023340136000396708, ""1"": 0.028147171541529434, ""2"": 0.02077465520289624, ""3"": 0.04627178189453359, ""4"": 0.058302276188313684}"
11802096,motor_external,single_action,0.13,0.1811212210965593,0.05758246386508338,0.07290957793321404,0.04348275514071275,0.03866130794080409,30,1,"[120, 30, 0, 0, 0]","{""0"": 0.11602426969902226, ""1"": 0.19903430911064945, ""2"": 0.3083048090305294, ""3"": 0.166218447943573, ""4"": 0.11602426969902226}"
11802096,motor_external,no_probes,0.13,0.07500007030496207,0.07269497692592979,0.07234042476624643,0.04699558764814931,0.03771397043890481,0,0,"[150, 0, 0, 0, 0]","{""0"": 0.023785707271188773, ""1"": 0.1019497873641954, ""2"": 0.1378152851724382, ""3"": 0.08766386444579914, ""4"": 0.023785707271188773}"
11802096,unknown_nonlinear,uncertainty,0.13,0.031182663101467705,0.03467221565210261,0.02522204185344785,0.037561834972889334,0.040483897691092514,30,4,"[120, 8, 7, 6, 9]","{""0"": 0.02686368022187084, ""1"": 0.04638469018857346, ""2"": 0.02373131533543908, ""3"": 0.027876050261295512, ""4"": 0.031057579500159648}"
11802096,unknown_nonlinear,random,0.13,0.03456905967438603,0.026898699032050073,0.04377946885636333,0.03880807735840787,0.042094671758388234,30,4,"[120, 5, 10, 7, 8]","{""0"": 0.022152369203298248, ""1"": 0.05227532108539138, ""2"": 0.04287560060340286, ""3"": 0.03283389149084149, ""4"": 0.022708115988996164}"
11802096,unknown_nonlinear,cycle,0.13,0.05106546598748705,0.03423361548800883,0.04277456133916748,0.037257628539249715,0.03795211474130934,30,4,"[120, 8, 7, 8, 7]","{""0"": 0.031995114581514834, ""1"": 0.04815505338807604, ""2"": 0.07579931947604697, ""3"": 0.05779884323526232, ""4"": 0.041578999256535076}"
11802096,unknown_nonlinear,least_seen,0.13,0.036826795789145966,0.0369830476567073,0.04296238084630073,0.03763386840491656,0.03560606968073992,30,4,"[120, 7, 8, 7, 8]","{""0"": 0.024951696041428693, ""1"": 0.050620863641506496, ""2"": 0.03960700900287431, ""3"": 0.026298605959093512, ""4"": 0.042655804300826834}"
11802096,unknown_nonlinear,single_action,0.13,0.34793033889171826,0.0472335023319636,0.07030325112397659,0.04045834735048165,0.0375978171370388,30,1,"[120, 30, 0, 0, 0]","{""0"": 0.30483611001498456, ""1"": 0.3132971176440407, ""2"": 0.33795929459646673, ""3"": 0.20792809791205724, ""4"": 0.5756310742910423}"
11802096,unknown_nonlinear,no_probes,0.13,0.07614965823984265,0.06520341681011617,0.06409109895901115,0.035140262484890765,0.03392373004767765,0,0,"[150, 0, 0, 0, 0]","{""0"": 0.03379372576995296, ""1"": 0.13077871663839724, ""2"": 0.059687289377660095, ""3"": 0.03910865247903354, ""4"": 0.11737990693416954}"
11802233,none,uncertainty,0.13,0.043888063344360996,0.011251726655865175,0.0564188465942016,0.031207071717479374,0.037461670800689253,30,4,"[120, 7, 8, 6, 9]","{""0"": 0.03867621177981867, ""1"": 0.0417118408712035, ""2"": 0.042168100777049154, ""3"": 0.043023627622035064, ""4"": 0.053860535671698594}"
11802233,none,random,0.13,0.06378887174756742,0.011992891975945785,0.08869377452220807,0.03022640060246424,0.04334465523498498,30,4,"[120, 5, 5, 8, 12]","{""0"": 0.05558514985439161, ""1"": 0.046903130879697406, ""2"": 0.0738798278057763, ""3"": 0.10818293197662576, ""4"": 0.034393318221346024}"
11802233,none,cycle,0.13,0.052499756779384336,0.011212642100408376,0.06522404460272838,0.03201910459076547,0.035679512864092974,30,4,"[120, 8, 7, 8, 7]","{""0"": 0.04151718682517248, ""1"": 0.03761511291570931, ""2"": 0.0738947169590682, ""3"": 0.03979579348478152, ""4"": 0.06967597371219016}"
11802233,none,least_seen,0.13,0.049151751527298636,0.011142041789767031,0.05933617686153713,0.02698961087463254,0.03844664864121114,30,4,"[120, 7, 7, 8, 8]","{""0"": 0.04015302151782557, ""1"": 0.05086493498069141, ""2"": 0.05826368357328691, ""3"": 0.04999226215095523, ""4"": 0.04648485541373406}"
11802233,none,single_action,0.13,0.4116749412637745,0.0631185686587873,0.1057141236938345,0.03154807479075686,0.03609820140215436,30,1,"[120, 30, 0, 0, 0]","{""0"": 0.3730389932484666, ""1"": 0.4826946274396094, ""2"": 0.30305682445248366, ""3"": 0.2136464039830556, ""4"": 0.6859378571952579}"
11802233,none,no_probes,0.13,0.11005696149894724,0.07793189393515022,0.10663818777976389,0.027020764977607983,0.036712517859783474,0,0,"[150, 0, 0, 0, 0]","{""0"": 0.04242245873701465, ""1"": 0.16561184830083767, ""2"": 0.09970949030906982, ""3"": 0.12339771100659602, ""4"": 0.11914329914121809}"
11802233,motor,uncertainty,0.13,0.04666885039707784,0.011145970518146135,0.06423606706261106,0.04769820291873606,0.0413642497535117,30,4,"[120, 7, 8, 7, 8]","{""0"": 0.03776228493526663, ""1"": 0.0542311714755934, ""2"": 0.030876620857205928, ""3"": 0.03024308423927144, ""4"": 0.08023109047805181}"
11802233,motor,random,0.13,0.12091483440640204,0.05798350760459999,0.07686437522588095,0.04135854569203131,0.038265738935157764,30,4,"[120, 5, 5, 8, 12]","{""0"": 0.06643050740180678, ""1"": 0.03916385594171413, ""2"": 0.23943750260750565, ""3"": 0.1804576712020108, ""4"": 0.07908463487897281}"
11802233,motor,cycle,0.13,0.062010250189346014,0.013118826501806775,0.06471993734216847,0.04908001787096597,0.0360216388335746,30,4,"[120, 8, 7, 8, 7]","{""0"": 0.04311566202226205, ""1"": 0.03601819844175818, ""2"": 0.07766381147126149, ""3"": 0.09678244101593973, ""4"": 0.05647113799550862}"
11802233,motor,least_seen,0.13,0.056841332110741785,0.016906363215032423,0.06213214447061811,0.048560925179641154,0.04108673441685625,30,4,"[120, 7, 7, 8, 8]","{""0"": 0.0393150872902067, ""1"": 0.04569717824098642, ""2"": 0.04972990017519157, ""3"": 0.10218898507767171, ""4"": 0.04727550976965255}"
11802233,motor,single_action,0.13,0.24407284112789768,0.23735070336963163,0.0795461637781104,0.03410390423083845,0.042309186750702506,30,1,"[120, 30, 0, 0, 0]","{""0"": 0.1381671936529487, ""1"": 0.37764203420774534, ""2"": 0.2819227595089773, ""3"": 0.29425542397511284, ""4"": 0.1283767942947042}"
11802233,motor,no_probes,0.13,0.10525162961605275,0.062111891616356815,0.09064137691824482,0.027020764977607983,0.036712517859783474,0,0,"[150, 0, 0, 0, 0]","{""0"": 0.05341911904744533, ""1"": 0.0890879217404869, ""2"": 0.13172095030231715, ""3"": 0.0720116472212952, ""4"": 0.18001850976871916}"
11802233,external,uncertainty,0.13,0.05614298136717009,0.014231321897334394,0.05985746201544793,0.05524310705814089,0.038691275415985805,30,4,"[120, 6, 9, 6, 9]","{""0"": 0.045400946648859665, ""1"": 0.062299168304035014, ""2"": 0.0606494583210321, ""3"": 0.07719540639889089, ""4"": 0.03516992716303272}"
11802233,external,random,0.13,0.05451573277156649,0.017576664156027686,0.08839886438841092,0.05092850797547455,0.05290509866434574,30,4,"[120, 5, 5, 8, 12]","{""0"": 0.04587802668619181, ""1"": 0.04496901751313173, ""2"": 0.06498931267142835, ""3"": 0.08554637318588176, ""4"": 0.031195933801198755}"
11802233,external,cycle,0.13,0.05667520005731483,0.012551678155501829,0.06572017687838246,0.05184988515351048,0.040648836853002766,30,4,"[120, 8, 7, 8, 7]","{""0"": 0.04583648293335879, ""1"": 0.05556378502869539, ""2"": 0.062153962295785424, ""3"": 0.0387613968862522, ""4"": 0.08106037314248231}"
11802233,external,least_seen,0.13,0.05019617857219112,0.013881864254949262,0.05851514388549572,0.046121759024830934,0.04347074116136255,30,4,"[120, 7, 7, 8, 8]","{""0"": 0.044090768857615543, ""1"": 0.05532616158608392, ""2"": 0.04654270538627755, ""3"": 0.057805668440252145, ""4"": 0.047215588590726464}"
11802233,external,single_action,0.13,0.10666413818292807,0.06882510236822761,0.0842604719021207,0.04039471534665401,0.04988205983204771,30,1,"[120, 30, 0, 0, 0]","{""0"": 0.04782429169132426, ""1"": 0.05050640725369923, ""2"": 0.16204043178189675, ""3"": 0.20657342313786134, ""4"": 0.06637613704985877}"
11802233,external,no_probes,0.13,0.08257399562661756,0.056245360334883185,0.08141525319939359,0.04104065279806815,0.03771169279114648,0,0,"[150, 0, 0, 0, 0]","{""0"": 0.043876912154188236, ""1"": 0.05709829489711044, ""2"": 0.043876912154188236, ""3"": 0.18390958264843896, ""4"": 0.0841082762791619}"
11802233,sensor,uncertainty,0.13,0.04857703581458394,0.013351568554991866,0.06038278764766036,0.030953294634886105,0.041617895621671605,30,4,"[120, 7, 8, 7, 8]","{""0"": 0.04106254616537241, ""1"": 0.050395321021774235, ""2"": 0.04329620238605906, ""3"": 0.034459042815992394, ""4"": 0.07367206668372163}"
11802233,sensor,random,0.13,0.0623686576598821,0.011551852964377381,0.08869377452220807,0.031195195970209356,0.043836173029195256,30,4,"[120, 5, 5, 8, 12]","{""0"": 0.05447958469941468, ""1"": 0.04581615596595375, ""2"": 0.07465133847152733, ""3"": 0.10019776116560929, ""4"": 0.03669844799690537}"
11802233,sensor,cycle,0.13,0.052707583044193554,0.011175284324975353,0.06522404460272838,0.03306531644183089,0.03602014533414431,30,4,"[120, 8, 7, 8, 7]","{""0"": 0.042354795945230006, ""1"": 0.03892856517198449, ""2"": 0.07360222162903807, ""3"": 0.04226560441368712, ""4"": 0.06638672806102806}"
11802233,sensor,least_seen,0.13,0.049820551472366276,0.011201267684565105,0.05933617686153713,0.027905756514966882,0.039317987613780296,30,4,"[120, 7, 7, 8, 8]","{""0"": 0.041229576720983874, ""1"": 0.05059287658623168, ""2"": 0.05828514518276375, ""3"": 0.049843023060482855, ""4"": 0.0491521358113692}"
11802233,sensor,single_action,0.13,0.46896572997843017,0.08101759770894769,0.1057141236938345,0.0319524237933937,0.03645110543516443,30,1,"[120, 30, 0, 0, 0]","{""0"": 0.43393321044629607, ""1"": 0.4977218223153661, ""2"": 0.39522276896674285, ""3"": 0.24027603348423918, ""4"": 0.777674814679507}"
11802233,sensor,no_probes,0.13,0.11266071378401264,0.07794475799766146,0.10663818777976389,0.027700353361234914,0.03670626290865167,0,0,"[150, 0, 0, 0, 0]","{""0"": 0.045258032928039836, ""1"": 0.17127437874674936, ""2"": 0.09935808006992486, ""3"": 0.1243405417387755, ""4"": 0.1230725354365736}"
11802233,motor_external,uncertainty,0.13,0.054010790825296646,0.014656829072745497,0.061536703828967226,0.052543499335596294,0.04377219342188797,30,4,"[120, 7, 8, 7, 8]","{""0"": 0.048585888309676584, ""1"": 0.07500498679738178, ""2"": 0.04253204920218323, ""3"": 0.06722897735870216, ""4"": 0.036702052458539434}"
11802233,motor_external,random,0.13,0.0657042732465931,0.02490027199642806,0.07129709360036816,0.05159345231080268,0.04367563156428602,30,4,"[120, 5, 5, 8, 12]","{""0"": 0.049347956801684245, ""1"": 0.03801607226065944, ""2"": 0.09349888262362387, ""3"": 0.11055081519368078, ""4"": 0.0371076393533172}"
11802233,motor_external,cycle,0.13,0.06052514990707083,0.014610404690000077,0.06558519380298265,0.06893872677523805,0.04138926118210464,30,4,"[120, 8, 7, 8, 7]","{""0"": 0.04822581563346027, ""1"": 0.04836911789488909, ""2"": 0.10826875123182338, ""3"": 0.047866968794072366, ""4"": 0.04989509598110906}"
11802233,motor_external,least_seen,0.13,0.05606887982963282,0.015209395763619415,0.06356917046155153,0.0714435047977994,0.04378114662918979,30,4,"[120, 7, 7, 8, 8]","{""0"": 0.04724323849473458, ""1"": 0.053485130413548736, ""2"": 0.07325369791688587, ""3"": 0.06042476913968931, ""4"": 0.04593756318330563}"
11802233,motor_external,single_action,0.13,0.2572011267433576,0.28647735571719196,0.05715719663625261,0.05257899284149399,0.039691229330421705,30,1,"[120, 30, 0, 0, 0]","{""0"": 0.14351352831834116, ""1"": 0.6478365689295029, ""2"": 0.10111756847105284, ""3"": 0.14351352831834116, ""4"": 0.2500244396795499}"
11802233,motor_external,no_probes,0.13,0.08495724521901499,0.058362507125423325,0.08389892408437136,0.04104065279806815,0.03771169279114648,0,0,"[150, 0, 0, 0, 0]","{""0"": 0.04714364245197692, ""1"": 0.18234831583605163, ""2"": 0.09122646108086609, ""3"": 0.04714364245197692, ""4"": 0.05692416427420329}"
11802233,unknown_nonlinear,uncertainty,0.13,0.07849748851763594,0.016734711821778506,0.08355011275458528,0.03464347475198046,0.04226764702555744,30,4,"[120, 8, 7, 6, 9]","{""0"": 0.041931309671099114, ""1"": 0.07483589347134384, ""2"": 0.06150195661598167, ""3"": 0.13555242421951444, ""4"": 0.07866585861024053}"
11802233,unknown_nonlinear,random,0.13,0.09568666437699817,0.021620378773982873,0.09055005898513928,0.03150073115927466,0.04997313688745277,30,4,"[120, 5, 5, 8, 12]","{""0"": 0.05147751730337243, ""1"": 0.08539877896765007, ""2"": 0.08537995116313724, ""3"": 0.15566112414729016, ""4"": 0.10051595030354095}"
11802233,unknown_nonlinear,cycle,0.13,0.15210014679553172,0.026666916711885293,0.10091363450285767,0.03404464625978801,0.041471472099477394,30,4,"[120, 8, 7, 8, 7]","{""0"": 0.09733152994936978, ""1"": 0.09813144972473602, ""2"": 0.28297211945252565, ""3"": 0.1814310422555021, ""4"": 0.10063459259552499}"
11802233,unknown_nonlinear,least_seen,0.13,0.08790389242974328,0.016854760280854045,0.06885641157708183,0.02942661272680497,0.044061933926920115,30,4,"[120, 7, 7, 8, 8]","{""0"": 0.06116482700069387, ""1"": 0.162940297644933, ""2"": 0.0692211935724479, ""3"": 0.10174125582558359, ""4"": 0.04445188810505801}"
11802233,unknown_nonlinear,single_action,0.13,0.33764744862430623,0.06932957274636943,0.06828197879987617,0.03085587534836124,0.036723055655466415,30,1,"[120, 30, 0, 0, 0]","{""0"": 0.3340115705093885, ""1"": 0.4857877461717182, ""2"": 0.18400102927915515, ""3"": 0.2080463409426475, ""4"": 0.4763905562186221}"
11802233,unknown_nonlinear,no_probes,0.13,0.24979895303166774,0.059023590689647715,0.0758132830850108,0.027020764977607983,0.036712517859783474,0,0,"[150, 0, 0, 0, 0]","{""0"": 0.19807479067103792, ""1"": 0.48589467247899504, ""2"": 0.15325717181107823, ""3"": 0.12658841010083832, ""4"": 0.28517972009638926}"
11802370,none,uncertainty,0.13,0.04403103668353735,0.027510155191360748,0.04374186533760079,0.04743439000442667,0.038406008747981064,30,4,"[120, 9, 6, 7, 8]","{""0"": 0.03893755952997783, ""1"": 0.05550288373254316, ""2"": 0.03686300371349265, ""3"": 0.03849486282582503, ""4"": 0.050356873615848084}"
11802370,none,random,0.13,0.03463177188130082,0.024432972365872888,0.04105016258215251,0.05088572868369238,0.03556619381123733,30,4,"[120, 10, 8, 7, 5]","{""0"": 0.029154058252654436, ""1"": 0.06073026657115152, ""2"": 0.01769988692405887, ""3"": 0.03725180921090688, ""4"": 0.028322838447732396}"
11802370,none,cycle,0.13,0.03962480980416554,0.026137853787770567,0.0347735602660595,0.04768634948977926,0.03630446335525825,30,4,"[120, 8, 7, 8, 7]","{""0"": 0.032752431102968105, ""1"": 0.02852824318735019, ""2"": 0.04724073069092377, ""3"": 0.061706568255662085, ""4"": 0.027896075783923557}"
11802370,none,least_seen,0.13,0.04386759009306782,0.02938744251212453,0.036401899120810786,0.045917281669487,0.03658545700400247,30,4,"[120, 8, 8, 7, 7]","{""0"": 0.0401304327428014, ""1"": 0.0369379681573789, ""2"": 0.05506241734423765, ""3"": 0.04187348936081098, ""4"": 0.045333642860110136}"
11802370,none,single_action,0.13,0.15579707342373267,0.059982889629572586,0.07165933798715876,0.04845993363205959,0.03873626079316279,30,1,"[120, 30, 0, 0, 0]","{""0"": 0.11970585305893089, ""1"": 0.17645417732053495, ""2"": 0.14952953255544368, ""3"": 0.24220439278662695, ""4"": 0.09109141139712688}"
11802370,none,no_probes,0.13,0.08996253346891198,0.06933890560193515,0.07803213864307534,0.041320065227479705,0.03315252701379067,0,0,"[150, 0, 0, 0, 0]","{""0"": 0.047414600454283314, ""1"": 0.06827266251669699, ""2"": 0.14877629073110654, ""3"": 0.11078077099276012, ""4"": 0.07456834264971297}"
11802370,motor,uncertainty,0.13,0.05083670273442351,0.027907546751107123,0.05171518818516688,0.04749235895025111,0.037661627959589425,30,4,"[120, 8, 7, 7, 8]","{""0"": 0.042177527680067016, ""1"": 0.07270381414872633, ""2"": 0.04000948274692645, ""3"": 0.040857624269918, ""4"": 0.058435064826479755}"
11802370,motor,random,0.13,0.043877884451163154,0.024988283427513185,0.04470037646137754,0.04826399022189984,0.03376108580365482,30,4,"[120, 10, 8, 7, 5]","{""0"": 0.034057687668971666, ""1"": 0.07777278411536405, ""2"": 0.022692910891403923, ""3"": 0.024734239078634496, ""4"": 0.06013180050144168}"
11802370,motor,cycle,0.13,0.03748371679652173,0.031214310515580174,0.03801772603906892,0.057977831144148076,0.03715124244562047,30,4,"[120, 8, 7, 8, 7]","{""0"": 0.03222183546316872, ""1"": 0.027853579738432194, ""2"": 0.043880516705935846, ""3"": 0.04724408680052833, ""4"": 0.03621856527454357}"
11802370,motor,least_seen,0.13,0.042557722505752654,0.03139839796222342,0.04324205568856447,0.04807296970113686,0.03783498037843002,30,4,"[120, 8, 8, 7, 7]","{""0"": 0.03426770653517294, ""1"": 0.036694611631407935, ""2"": 0.04970320179406449, ""3"": 0.030725311557825735, ""4"": 0.061397781010292196}"
11802370,motor,single_action,0.13,0.15030643901600077,0.07286062866470876,0.07058936994157622,0.05844588239626427,0.0388112450934107,30,1,"[120, 30, 0, 0, 0]","{""0"": 0.039038583768450805, ""1"": 0.34588838158421525, ""2"": 0.16808638117485283, ""3"": 0.12379603916719602, ""4"": 0.07472280938528907}"
11802370,motor,no_probes,0.13,0.09149178390134885,0.06927855003040637,0.0779898090827473,0.041320065227479705,0.03315252701379067,0,0,"[150, 0, 0, 0, 0]","{""0"": 0.04924306564632277, ""1"": 0.11365799696694269, ""2"": 0.0743641209775318, ""3"": 0.15211450961483244, ""4"": 0.06807922630111453}"
11802370,external,uncertainty,0.13,0.0337459111606383,0.04014191539848004,0.032839537718625376,0.06111856203052146,0.04177234317951999,30,4,"[120, 7, 8, 8, 7]","{""0"": 0.02956404020468013, ""1"": 0.03752998207220745, ""2"": 0.029178014647883544, ""3"": 0.02484455067080962, ""4"": 0.04761296820761075}"
11802370,external,random,0.13,0.04988410621301626,0.037583597391057336,0.039129216961504745,0.06548446618070711,0.04518770544712303,30,4,"[120, 10, 8, 7, 5]","{""0"": 0.038554731119327584, ""1"": 0.04240765233953042, ""2"": 0.0788623709500166, ""3"": 0.04201466387393173, ""4"": 0.04758111278227493}"
11802370,external,cycle,0.13,0.035315870232539445,0.03258666725926173,0.03407168141421657,0.05903139053890007,0.03829019585708139,30,4,"[120, 8, 7, 8, 7]","{""0"": 0.030832569659905985, ""1"": 0.04221788873399788, ""2"": 0.034238537445381946, ""3"": 0.028948810508970284, ""4"": 0.040341544814441126}"
11802370,external,least_seen,0.13,0.03420269795898414,0.03523424462350815,0.02977313080153554,0.06084831983209536,0.0382942833608929,30,4,"[120, 8, 8, 7, 7]","{""0"": 0.02836450080577632, ""1"": 0.0441900764866624, ""2"": 0.026986872232042384, ""3"": 0.035830838395170775, ""4"": 0.03564120187526882}"
11802370,external,single_action,0.13,0.09783068817190267,0.14032192707473037,0.07715276753045382,0.0581906777301691,0.041461268992807825,30,1,"[120, 30, 0, 0, 0]","{""0"": 0.03756517213748769, ""1"": 0.031511503146959975, ""2"": 0.14817883509326854, ""3"": 0.10371041392878577, ""4"": 0.16818751655301142}"
11802370,external,no_probes,0.13,0.0706109847897999,0.07897087894468323,0.07529363771884098,0.05310546448144075,0.03465998695854213,0,0,"[150, 0, 0, 0, 0]","{""0"": 0.026701079895411244, ""1"": 0.04673008988568006, ""2"": 0.026701079895411244, ""3"": 0.08784239018389607, ""4"": 0.1650802840886008}"
11802370,sensor,uncertainty,0.13,0.045808804044758726,0.027258158635015194,0.04374186533760079,0.04841332174634845,0.038794190329026784,30,4,"[120, 9, 6, 7, 8]","{""0"": 0.040529974912733746, ""1"": 0.05859915081034117, ""2"": 0.038318358102983056, ""3"": 0.03912674807581964, ""4"": 0.05246978832191601}"
11802370,sensor,random,0.13,0.03470879213201169,0.025026055405024884,0.04105016258215251,0.052284381959471535,0.0361095546653711,30,4,"[120, 10, 8, 7, 5]","{""0"": 0.029118482223295303, ""1"": 0.06147406520135781, ""2"": 0.017293481344905836, ""3"": 0.037544244687240345, ""4"": 0.028113687203259158}"
11802370,sensor,cycle,0.13,0.04108026344274342,0.0264506020693004,0.0347735602660595,0.0491062933727696,0.03692608741337581,30,4,"[120, 8, 7, 8, 7]","{""0"": 0.0342440584140819, ""1"": 0.030247210563141932, ""2"": 0.04789937848291984, ""3"": 0.06335276271871466, ""4"": 0.029657907034858738}"
11802370,sensor,least_seen,0.13,0.04550249534618512,0.029356108002316694,0.03640189912081078,0.046977328535336545,0.03684464639930895,30,4,"[120, 8, 8, 7, 7]","{""0"": 0.042064370492026014, ""1"": 0.039186415292035974, ""2"": 0.056094072677718106, ""3"": 0.04486461333856234, ""4"": 0.04530300493058315}"
11802370,sensor,single_action,0.13,0.19056576304136758,0.05488846821109084,0.07165933798715876,0.04901696708086723,0.03893915840622963,30,1,"[120, 30, 0, 0, 0]","{""0"": 0.15599159950760763, ""1"": 0.2037003386264924, ""2"": 0.1879233747155078, ""3"": 0.29611222400002113, ""4"": 0.10910127835720884}"
11802370,sensor,no_probes,0.13,0.09187391203580945,0.06978477665062567,0.07803213864307534,0.04199125912944373,0.03376330979630356,0,0,"[150, 0, 0, 0, 0]","{""0"": 0.049376724456516564, ""1"": 0.06972359002557686, ""2"": 0.15121409200621894, ""3"": 0.11281692019769596, ""4"": 0.07623823349303897}"
11802370,motor_external,uncertainty,0.13,0.04235944575033469,0.032231432462713865,0.03432351269646083,0.07189751455241905,0.04503378564264659,30,4,"[120, 7, 8, 8, 7]","{""0"": 0.0347435092406792, ""1"": 0.0430126184557408, ""2"": 0.03199115537488512, ""3"": 0.060572470841926795, ""4"": 0.04147747483844158}"
11802370,motor_external,random,0.13,0.04169290739994033,0.03432536079680933,0.041645461353622314,0.06769350669351919,0.03866695663120476,30,4,"[120, 10, 8, 7, 5]","{""0"": 0.037260384750759865, ""1"": 0.06272415265235641, ""2"": 0.0343357386376909, ""3"": 0.05362545148067699, ""4"": 0.020518809478217524}"
11802370,motor_external,cycle,0.13,0.04448522421072036,0.031907241236584304,0.04023998052075475,0.07443392050557279,0.0355269479588168,30,4,"[120, 8, 7, 8, 7]","{""0"": 0.03799319878715357, ""1"": 0.02884098582776548, ""2"": 0.08795597191666941, ""3"": 0.029769077724518315, ""4"": 0.037866886797495024}"
11802370,motor_external,least_seen,0.13,0.04291406293510284,0.03567344191626012,0.03899699204985203,0.06992962258796917,0.03686087211299648,30,4,"[120, 8, 8, 7, 7]","{""0"": 0.03553414626521217, ""1"": 0.029335871694595894, ""2"": 0.0673135257010959, ""3"": 0.050637303233335616, ""4"": 0.03174946778127464}"
11802370,motor_external,single_action,0.13,0.17254136699728628,0.08234296078967826,0.0724182688746735,0.08863082528538287,0.05454365451447369,30,1,"[120, 30, 0, 0, 0]","{""0"": 0.1322185689515046, ""1"": 0.14053129912646864, ""2"": 0.3702975372219381, ""3"": 0.1322185689515046, ""4"": 0.08744086073501567}"
11802370,motor_external,no_probes,0.13,0.07423936239927123,0.07838881340529638,0.07941952356244647,0.05310546448144075,0.03465998695854213,0,0,"[150, 0, 0, 0, 0]","{""0"": 0.031212449650634938, ""1"": 0.08973893701836215, ""2"": 0.17192771135550208, ""3"": 0.031212449650634938, ""4"": 0.04710526432122206}"
11802370,unknown_nonlinear,uncertainty,0.13,0.07976544842644975,0.06204170165958076,0.1008736559092459,0.05068701601537037,0.047301831499995554,30,4,"[120, 9, 6, 8, 7]","{""0"": 0.027850531161383512, ""1"": 0.030276142208934816, ""2"": 0.08954992948334202, ""3"": 0.04741931777395016, ""4"": 0.20373132150463827}"
11802370,unknown_nonlinear,random,0.13,0.056008073516255294,0.03664749305155073,0.05112436515561381,0.05464610312230325,0.03643764341844622,30,4,"[120, 10, 8, 7, 5]","{""0"": 0.03681923461949352, ""1"": 0.08264646042144992, ""2"": 0.02721746455345389, ""3"": 0.08487285682483049, ""4"": 0.0484843511620486}"
11802370,unknown_nonlinear,cycle,0.13,0.06795021963324087,0.0486870154950304,0.059172300617266194,0.05207328313974207,0.037354296360605194,30,4,"[120, 8, 7, 8, 7]","{""0"": 0.03271012422978606, ""1"": 0.05951174879009254, ""2"": 0.11871851047450543, ""3"": 0.043689958294437524, ""4"": 0.08512075637738283}"
11802370,unknown_nonlinear,least_seen,0.13,0.05855484582008929,0.03929720011746856,0.053918617881442296,0.04729503100102948,0.03661082577866694,30,4,"[120, 8, 8, 7, 7]","{""0"": 0.03552829094464604, ""1"": 0.056169369789008126, ""2"": 0.06934815902585122, ""3"": 0.05056383350541686, ""4"": 0.08116457583552424}"
11802370,unknown_nonlinear,single_action,0.13,0.2072045139645779,0.05497875433379391,0.07439386973783811,0.04845993363205959,0.03873626079316279,30,1,"[120, 30, 0, 0, 0]","{""0"": 0.17333713872689946, ""1"": 0.31454241768033725, ""2"": 0.1624914251896359, ""3"": 0.20945564749669132, ""4"": 0.17619594072932557}"
11802370,unknown_nonlinear,no_probes,0.13,0.2320898863190615,0.08568377682563402,0.0768844559791202,0.041320065227479705,0.03315252701379067,0,0,"[150, 0, 0, 0, 0]","{""0"": 0.18850084936811196, ""1"": 0.1144261758548135, ""2"": 0.439014370358525, ""3"": 0.22106277812481356, ""4"": 0.19744525788904368}"
11802507,none,uncertainty,0.13,0.030546178685784735,0.019480236561340923,0.0436555835220289,0.03767405800805282,0.03620057708729152,30,4,"[120, 7, 7, 9, 7]","{""0"": 0.024252221056683065, ""1"": 0.025772972179074774, ""2"": 0.03442273091497735, ""3"": 0.01702091960587609, ""4"": 0.05126204967231238}"
11802507,none,random,0.13,0.03592561157156403,0.026147978286361794,0.05491184470623804,0.0369334940165041,0.029553720403795922,30,4,"[120, 11, 5, 9, 5]","{""0"": 0.028839595748835743, ""1"": 0.0223557653056332, ""2"": 0.05136568833337272, ""3"": 0.05253646201649861, ""4"": 0.024530546453479896}"
11802507,none,cycle,0.13,0.026181303468526144,0.01970773610041669,0.04169536511087527,0.03487462957049381,0.035580129431697784,30,4,"[120, 8, 7, 8, 7]","{""0"": 0.021981844538664377, ""1"": 0.030275108076975418, ""2"": 0.028474727274117793, ""3"": 0.02960326545413224, ""4"": 0.020571571998740868}"
11802507,none,least_seen,0.13,0.039777442504799025,0.019189051079402875,0.05530830740283447,0.03382040108456092,0.03283262095609088,30,4,"[120, 7, 7, 8, 8]","{""0"": 0.025828183066322997, ""1"": 0.04218226907283162, ""2"": 0.06863940906642602, ""3"": 0.03717206046603255, ""4"": 0.025065290852381943}"
11802507,none,single_action,0.13,0.25745678301112285,0.10725327494622208,0.08690518063548637,0.0416102145981343,0.031616574379462956,30,1,"[120, 30, 0, 0, 0]","{""0"": 0.19478596382655244, ""1"": 0.3215875040238014, ""2"": 0.21358514005857854, ""3"": 0.34903464654683586, ""4"": 0.20829066059984605}"
11802507,none,no_probes,0.13,0.08802374030177001,0.07930006111113544,0.0857012186969964,0.03331479236583841,0.03130102405135434,0,0,"[150, 0, 0, 0, 0]","{""0"": 0.025274918449125026, ""1"": 0.09225209108728687, ""2"": 0.10813175871232587, ""3"": 0.08482516732773031, ""4"": 0.12963476593238202}"
11802507,motor,uncertainty,0.13,0.02612000981097976,0.029878348511123417,0.03592741500100816,0.04812418053266851,0.036835320411642426,30,4,"[120, 8, 7, 8, 7]","{""0"": 0.016661871120589037, ""1"": 0.018131412453278224, ""2"": 0.02716991070700653, ""3"": 0.032795346726993684, ""4"": 0.03584150804703131}"
11802507,motor,random,0.13,0.0379342889185754,0.03276824478073015,0.04900276238192225,0.05273521603617555,0.038154867002320535,30,4,"[120, 11, 5, 9, 5]","{""0"": 0.016594466347565034, ""1"": 0.028976684388547863, ""2"": 0.03922385840395227, ""3"": 0.040162347558410534, ""4"": 0.06471408789440129}"
11802507,motor,cycle,0.13,0.02489350217739448,0.02721086903314927,0.031095668719780086,0.05440383664001297,0.035717344353193785,30,4,"[120, 8, 7, 8, 7]","{""0"": 0.01688706432139944, ""1"": 0.022581617114687147, ""2"": 0.026014864380441528, ""3"": 0.033166405305841744, ""4"": 0.025817559764602552}"
11802507,motor,least_seen,0.13,0.0325519317481683,0.023994526128049278,0.048770370599746,0.04980831421806893,0.03855648510907263,30,4,"[120, 7, 7, 8, 8]","{""0"": 0.017256159325480205, ""1"": 0.03850838074718176, ""2"": 0.04885098341902305, ""3"": 0.03177597304898457, ""4"": 0.026368162200171907}"
11802507,motor,single_action,0.13,0.1761730627344579,0.32574094806114384,0.08030702360136856,0.05492116267476624,0.038119811872647,30,1,"[120, 30, 0, 0, 0]","{""0"": 0.07146335758185664, ""1"": 0.3920848715714141, ""2"": 0.10397007267715967, ""3"": 0.23134645460584125, ""4"": 0.08200055723601796}"
11802507,motor,no_probes,0.13,0.0853166243044243,0.08667803047597018,0.08936096956363716,0.03331479236583841,0.03130102405135434,0,0,"[150, 0, 0, 0, 0]","{""0"": 0.017545753570031682, ""1"": 0.09033946996683569, ""2"": 0.11246961023270113, ""3"": 0.09526355040880459, ""4"": 0.11096473734374841}"
11802507,external,uncertainty,0.13,0.05682557779314224,0.03374467793467385,0.06214836769385344,0.05243101250944719,0.035086159723466806,30,4,"[120, 8, 7, 8, 7]","{""0"": 0.03851641736554931, ""1"": 0.10832725204619488, ""2"": 0.025056657804704202, ""3"": 0.035773608284207725, ""4"": 0.07645395346505511}"
11802507,external,random,0.13,0.06646463619267888,0.04651475948712016,0.05924193344614667,0.048888151603740215,0.03254878290197275,30,4,"[120, 11, 5, 9, 5]","{""0"": 0.05273305573103853, ""1"": 0.09127488951687972, ""2"": 0.03400863266249939, ""3"": 0.06099834998302899, ""4"": 0.09330825306994782}"
11802507,external,cycle,0.13,0.03926151223605246,0.02590191335914974,0.05084100198429798,0.05609134636892547,0.04182342595740831,30,4,"[120, 8, 7, 8, 7]","{""0"": 0.027872283841321368, ""1"": 0.07410730289211671, ""2"": 0.027782354576092502, ""3"": 0.030142093960750457, ""4"": 0.0364035259099813}"
11802507,external,least_seen,0.13,0.046109748667642496,0.03091004114742012,0.061462521286769566,0.050348676199427275,0.044344979483218076,30,4,"[120, 7, 7, 8, 8]","{""0"": 0.030861116101923214, ""1"": 0.08729424087180686, ""2"": 0.031914455584304675, ""3"": 0.040851349255570685, ""4"": 0.039627581524607026}"
11802507,external,single_action,0.13,0.07449117602448488,0.06911032238417684,0.08335301273312241,0.0453798598407402,0.031906887217476525,30,1,"[120, 30, 0, 0, 0]","{""0"": 0.03418414667941915, ""1"": 0.06547391240968115, ""2"": 0.026430729706973462, ""3"": 0.09190473085890498, ""4"": 0.15446236046744571}"
11802507,external,no_probes,0.13,0.08248009749349025,0.07240246512375605,0.08465847507666502,0.04731390502403694,0.03479257482175442,0,0,"[150, 0, 0, 0, 0]","{""0"": 0.029329077339301696, ""1"": 0.09766382451574078, ""2"": 0.0495707629680367, ""3"": 0.0828001295532081, ""4"": 0.15303669309116394}"
11802507,sensor,uncertainty,0.13,0.025686939967469364,0.02056364185287069,0.0400258557665525,0.03323101419413189,0.035708564222322575,30,4,"[120, 7, 8, 8, 7]","{""0"": 0.018105951007802892, ""1"": 0.01640716558199558, ""2"": 0.0277558463810684, ""3"": 0.03133697357914346, ""4"": 0.03482876328733649}"
11802507,sensor,random,0.13,0.03419135932776014,0.026976344323976886,0.05491184470623804,0.03743106546012031,0.02913245447373464,30,4,"[120, 11, 5, 9, 5]","{""0"": 0.027127135640525657, ""1"": 0.021090616252859674, ""2"": 0.050864289668886564, ""3"": 0.05168698366887949, ""4"": 0.0201877714076493}"
11802507,sensor,cycle,0.13,0.025017995262658417,0.019721039025521355,0.04169536511087527,0.03568516106513693,0.03576340427850347,30,4,"[120, 8, 7, 8, 7]","{""0"": 0.01986547194178589, ""1"": 0.03192021291170328, ""2"": 0.0261774526582077, ""3"": 0.027043027678964646, ""4"": 0.02008381112263055}"
11802507,sensor,least_seen,0.13,0.03787273694438479,0.020110843173957057,0.05530830740283447,0.03482745766539112,0.03285917109970384,30,4,"[120, 7, 7, 8, 8]","{""0"": 0.024547195593106665, ""1"": 0.042017260618617304, ""2"": 0.06271961366744545, ""3"": 0.03659378012434142, ""4"": 0.02348583471841309}"
11802507,sensor,single_action,0.13,0.17944837484557485,0.12297749722250947,0.08690518063548637,0.04341800688189209,0.032235752032166366,30,1,"[120, 30, 0, 0, 0]","{""0"": 0.13179222869430476, ""1"": 0.19966596676015244, ""2"": 0.13709544619293915, ""3"": 0.3104084625549617, ""4"": 0.11827977002551625}"
11802507,sensor,no_probes,0.13,0.08571849640412323,0.07994512553311449,0.0857012186969964,0.033440612606256775,0.032195000949067326,0,0,"[150, 0, 0, 0, 0]","{""0"": 0.022987669980763414, ""1"": 0.08484442402956738, ""2"": 0.11090761787557367, ""3"": 0.08524018838784908, ""4"": 0.12461258174686259}"
11802507,motor_external,uncertainty,0.13,0.03417936889271805,0.02369843435374575,0.0377178354021951,0.06919950260620956,0.04525136301171769,30,4,"[120, 8, 7, 8, 7]","{""0"": 0.024831454643760343, ""1"": 0.03081089510559012, ""2"": 0.031270977088239525, ""3"": 0.04235086059059275, ""4"": 0.04163265703540752}"
11802507,motor_external,random,0.13,0.06293174745109174,0.02655864170450674,0.052798711501326555,0.07449032143998761,0.05164523786606907,30,4,"[120, 11, 5, 9, 5]","{""0"": 0.03537733822679997, ""1"": 0.03458310854782788, ""2"": 0.09839815349932975, ""3"": 0.1134374035343333, ""4"": 0.03286273344716781}"
11802507,motor_external,cycle,0.13,0.030112989759711203,0.02526860365227739,0.037727872382159765,0.08987387518606424,0.03759735449450685,30,4,"[120, 8, 7, 8, 7]","{""0"": 0.023694132746582917, ""1"": 0.033268929252663594, ""2"": 0.02720204356951658, ""3"": 0.035338797240018406, ""4"": 0.031061045989774504}"
11802507,motor_external,least_seen,0.13,0.04139827174594556,0.028360436155330515,0.05292686411460257,0.07551668395533383,0.042037438168622085,30,4,"[120, 7, 7, 8, 8]","{""0"": 0.025211408216821843, ""1"": 0.03991653233610669, ""2"": 0.04797205947885258, ""3"": 0.03668590632407203, ""4"": 0.05720545237387464}"
11802507,motor_external,single_action,0.13,0.06028386717967341,0.04009719903382974,0.054726527076175875,0.05332881716713576,0.03642459726805731,30,1,"[120, 30, 0, 0, 0]","{""0"": 0.025048225921041858, ""1"": 0.06195960720076978, ""2"": 0.15435765553819958, ""3"": 0.03500562131731405, ""4"": 0.025048225921041858}"
11802507,motor_external,no_probes,0.13,0.06210626109698262,0.06160699914121373,0.058661034143166736,0.04731390502403694,0.03479257482175442,0,0,"[150, 0, 0, 0, 0]","{""0"": 0.024281753294576897, ""1"": 0.07246760310183134, ""2"": 0.14369049775878004, ""3"": 0.04580969803514793, ""4"": 0.024281753294576897}"
11802507,unknown_nonlinear,uncertainty,0.13,0.17765003778940733,0.044572856309686944,0.06786390589548356,0.041525645678590475,0.031635093358982576,30,4,"[120, 7, 8, 8, 7]","{""0"": 0.09750257910012966, ""1"": 0.27148763684996857, ""2"": 0.2636545522850465, ""3"": 0.09793303618727862, ""4"": 0.15767238452461318}"
11802507,unknown_nonlinear,random,0.13,0.15725457821835898,0.03458632436182892,0.08208156521840798,0.03705558919622983,0.03536226025254483,30,4,"[120, 11, 5, 9, 5]","{""0"": 0.11085778134481666, ""1"": 0.20500879476462483, ""2"": 0.16960156038307297, ""3"": 0.16788589158203204, ""4"": 0.13291886301724853}"
11802507,unknown_nonlinear,cycle,0.13,0.1434406466773794,0.027775672887529666,0.08151948687802683,0.03814992859946425,0.03771375933857533,30,4,"[120, 8, 7, 8, 7]","{""0"": 0.10286684797353585, ""1"": 0.22084565485033733, ""2"": 0.13582100301571995, ""3"": 0.09227143610560178, ""4"": 0.16539829144170207}"
11802507,unknown_nonlinear,least_seen,0.13,0.2718784022741975,0.05553900755207209,0.0911610204965291,0.037567840583794816,0.03362029864736905,30,4,"[120, 7, 7, 8, 8]","{""0"": 0.16405470906225952, ""1"": 0.15767908756311746, ""2"": 0.6673606253900157, ""3"": 0.24405448865888066, ""4"": 0.12624310069671432}"
11802507,unknown_nonlinear,single_action,0.13,0.5255591271920872,0.10292156626819793,0.06831882049978474,0.04158834107659977,0.03171939711126985,30,1,"[120, 30, 0, 0, 0]","{""0"": 0.45825887692504663, ""1"": 0.9881512257730519, ""2"": 0.24297319882582258, ""3"": 0.3768952928505893, ""4"": 0.5615170415859253}"
11802507,unknown_nonlinear,no_probes,0.13,0.26015461483627705,0.05081294594948385,0.06340621689483363,0.03331479236583841,0.03130102405135434,0,0,"[150, 0, 0, 0, 0]","{""0"": 0.20020060897821376, ""1"": 0.22003339660180263, ""2"": 0.4189455066591898, ""3"": 0.1026731436249093, ""4"": 0.3589204183172698}"
11802644,none,uncertainty,0.13,0.031017771555449443,0.025672907461156236,0.021653456937169427,0.04181382544718079,0.038963634851003154,30,4,"[120, 7, 8, 8, 7]","{""0"": 0.025725449402252683, ""1"": 0.013822035639354214, ""2"": 0.05887914332151186, ""3"": 0.024848388293778043, ""4"": 0.03181384112035041}"
11802644,none,random,0.13,0.09940006080525202,0.03060625519745818,0.053374188391474085,0.0428094479118996,0.04114342184794627,30,4,"[120, 8, 7, 10, 5]","{""0"": 0.06488054987191151, ""1"": 0.09769948725279924, ""2"": 0.16374036635784042, ""3"": 0.13411396847330423, ""4"": 0.036565932070404684}"
11802644,none,cycle,0.13,0.04996688175175745,0.024939479879194346,0.020235255258810335,0.042371270367028514,0.03706228298917651,30,4,"[120, 8, 7, 8, 7]","{""0"": 0.03774311874059797, ""1"": 0.036623770824622516, ""2"": 0.09614607478199967, ""3"": 0.03366822952671113, ""4"": 0.045653214884856}"
11802644,none,least_seen,0.13,0.04371016738414979,0.020570784704494735,0.02637736284048985,0.04306529388608088,0.03675674849719481,30,4,"[120, 8, 7, 7, 8]","{""0"": 0.03718795449186984, ""1"": 0.03570801296988819, ""2"": 0.055327530557300636, ""3"": 0.06932424999614517, ""4"": 0.021003088905545083}"
11802644,none,single_action,0.13,0.19061078892234665,0.050088003573046325,0.0659472528720915,0.04177276967423081,0.04241184876009144,30,1,"[120, 30, 0, 0, 0]","{""0"": 0.140660154265543, ""1"": 0.22953816070331523, ""2"": 0.1835326348324217, ""3"": 0.1749358125381286, ""4"": 0.22438718227232465}"
11802644,none,no_probes,0.13,0.1274753268490886,0.05646954594995956,0.06009814764772292,0.03793359895960384,0.034566946064966374,0,0,"[150, 0, 0, 0, 0]","{""0"": 0.0890955412999188, ""1"": 0.04700816769591184, ""2"": 0.2062183148973986, ""3"": 0.061184147020503434, ""4"": 0.23387046333171035}"
11802644,motor,uncertainty,0.13,0.07790187370774757,0.02864633205100241,0.04093296624971807,0.05733689390264446,0.039704747820615796,30,4,"[120, 8, 7, 7, 8]","{""0"": 0.06839806194903407, ""1"": 0.07273844050758321, ""2"": 0.0799621700604921, ""3"": 0.1419455237205853, ""4"": 0.026465172301043272}"
11802644,motor,random,0.13,0.11587605292835736,0.04484955247107014,0.03618061687479953,0.06357337248967233,0.04300819721541862,30,4,"[120, 8, 7, 10, 5]","{""0"": 0.07740231510578444, ""1"": 0.11078107332182396, ""2"": 0.13356246665084578, ""3"": 0.2041479681889146, ""4"": 0.05348644137441801}"
11802644,motor,cycle,0.13,0.09082829468842273,0.02767255414757337,0.029218589006875035,0.05684010232566049,0.03827036590065341,30,4,"[120, 8, 7, 8, 7]","{""0"": 0.07303677352796682, ""1"": 0.0946280926554768, ""2"": 0.10759588434825072, ""3"": 0.13613315772115472, ""4"": 0.0427475651892646}"
11802644,motor,least_seen,0.13,0.026406358638544267,0.01990057398968543,0.022663141611828756,0.05485566216703283,0.03584223760035256,30,4,"[120, 8, 7, 7, 8]","{""0"": 0.020406234935115102, ""1"": 0.02897726293047011, ""2"": 0.023836582695412934, ""3"": 0.04659893094421764, ""4"": 0.01221278168750555}"
11802644,motor,single_action,0.13,0.24330357499720412,0.2188586571913859,0.05118840520260294,0.052072394739709954,0.04205487117416455,30,1,"[120, 30, 0, 0, 0]","{""0"": 0.11617509002884735, ""1"": 0.43573807831921263, ""2"": 0.3594679787575052, ""3"": 0.25011517736745387, ""4"": 0.055021550513001484}"
11802644,motor,no_probes,0.13,0.1505167344737246,0.054037108261860395,0.05769458669756386,0.03793359895960384,0.034566946064966374,0,0,"[150, 0, 0, 0, 0]","{""0"": 0.11483263378253272, ""1"": 0.06938422882558544, ""2"": 0.2690645045241768, ""3"": 0.23662833716687773, ""4"": 0.06267396806945041}"
11802644,external,uncertainty,0.13,0.02599190386734858,0.02888997231026952,0.029540957156544433,0.0644976056711913,0.04174044447361724,30,4,"[120, 7, 8, 8, 7]","{""0"": 0.03640974322137295, ""1"": 0.04192041138350785, ""2"": 0.008507617161830652, ""3"": 0.02374655617122404, ""4"": 0.01937519139880742}"
11802644,external,random,0.13,0.023076169124401875,0.029024319250153925,0.02968410290238097,0.0773958134349258,0.04383070311369396,30,4,"[120, 8, 7, 10, 5]","{""0"": 0.0354581604253126, ""1"": 0.023699184889337505, ""2"": 0.017309535278659256, ""3"": 0.023632906578436003, ""4"": 0.015281058450264014}"
11802644,external,cycle,0.13,0.026918475382529703,0.02962022474470422,0.029415877666953173,0.06844144119122504,0.04145491395763944,30,4,"[120, 8, 7, 8, 7]","{""0"": 0.03530371559666335, ""1"": 0.009196490683146215, ""2"": 0.043245062029805104, ""3"": 0.025646602805043345, ""4"": 0.0212005057979905}"
11802644,external,least_seen,0.13,0.025480808251424472,0.030554333790266144,0.03289335285180224,0.06676085338388212,0.04723246418433142,30,4,"[120, 8, 7, 7, 8]","{""0"": 0.03326556349525487, ""1"": 0.03237933707474528, ""2"": 0.021636591585300635, ""3"": 0.026995076018093478, ""4"": 0.013127473083728127}"
11802644,external,single_action,0.13,0.07028338510182675,0.16011264651543122,0.039881487920511514,0.05484230217951803,0.043428259084069464,30,1,"[120, 30, 0, 0, 0]","{""0"": 0.08645333797534271, ""1"": 0.06657954522568944, ""2"": 0.059298818610514975, ""3"": 0.10520544674169707, ""4"": 0.033879776955889486}"
11802644,external,no_probes,0.13,0.03733063013247917,0.046692119027433275,0.033915582589342436,0.05141070960623455,0.03738781334343149,0,0,"[150, 0, 0, 0, 0]","{""0"": 0.03547532471914861, ""1"": 0.030763370640278814, ""2"": 0.03547532471914861, ""3"": 0.048859264746702026, ""4"": 0.03607986583711776}"
11802644,sensor,uncertainty,0.13,0.04911367555205447,0.02415195143283689,0.028396641049232306,0.04400442623585388,0.03939483928174929,30,4,"[120, 8, 7, 9, 6]","{""0"": 0.042745261613564366, ""1"": 0.04062213964229084, ""2"": 0.05597710143149809, ""3"": 0.0397012855968688, ""4"": 0.0665225894760502}"
11802644,sensor,random,0.13,0.09531254191204822,0.029931919773252994,0.053374188391474085,0.04319116857733249,0.04195880813021915,30,4,"[120, 8, 7, 10, 5]","{""0"": 0.06130666278787198, ""1"": 0.10111951895647286, ""2"": 0.15440230491681414, ""3"": 0.11728251024573862, ""4"": 0.04245171265334343}"
11802644,sensor,cycle,0.13,0.0501457904670552,0.02477749478615424,0.020235255258810335,0.04199328200153121,0.03741062585996004,30,4,"[120, 8, 7, 8, 7]","{""0"": 0.03808572008086745, ""1"": 0.03717097038461277, ""2"": 0.09549454053052164, ""3"": 0.035078097067548004, ""4"": 0.04489962427172614}"
11802644,sensor,least_seen,0.13,0.04507818744886367,0.020616467875294753,0.02637736284048985,0.043342338282918245,0.03707851642487819,30,4,"[120, 8, 7, 7, 8]","{""0"": 0.03815316553754662, ""1"": 0.035827506824567375, ""2"": 0.05718282570512284, ""3"": 0.07491955228994777, ""4"": 0.019307886887133755}"
11802644,sensor,single_action,0.13,0.18884336496759072,0.044774129357110566,0.0659472528720915,0.04209943281350949,0.04255014257528293,30,1,"[120, 30, 0, 0, 0]","{""0"": 0.14827126996919368, ""1"": 0.18652390873514005, ""2"": 0.19507760064390486, ""3"": 0.18400100371774833, ""4"": 0.23034304177196663}"
11802644,sensor,no_probes,0.13,0.12567153683222118,0.05649383487554681,0.06009814764772292,0.038155472078658874,0.03481754588651475,0,0,"[150, 0, 0, 0, 0]","{""0"": 0.08733977158342156, ""1"": 0.047425065637389546, ""2"": 0.20210224724677994, ""3"": 0.05879594497903771, ""4"": 0.23269465471447706}"
11802644,motor_external,uncertainty,0.13,0.028403736882207972,0.032801875413966966,0.034538099646472246,0.0700591835904342,0.04147321010617655,30,4,"[120, 7, 8, 8, 7]","{""0"": 0.04337523990479384, ""1"": 0.027628119842286376, ""2"": 0.024443620110883534, ""3"": 0.03579590346782947, ""4"": 0.010775801085246638}"
11802644,motor_external,random,0.13,0.02841181950021251,0.0286039435693585,0.03398469779181511,0.08556651555214202,0.04399387296195144,30,4,"[120, 8, 7, 10, 5]","{""0"": 0.04502261233575427, ""1"": 0.02459868376873936, ""2"": 0.02659537014452087, ""3"": 0.03205529346770812, ""4"": 0.013787137784339968}"
11802644,motor_external,cycle,0.13,0.03024387233704482,0.03174419507124981,0.033032083606110006,0.08259808541211665,0.04300774233411262,30,4,"[120, 8, 7, 8, 7]","{""0"": 0.043557051879062725, ""1"": 0.03834254075392253, ""2"": 0.021175585111527107, ""3"": 0.03841769675553341, ""4"": 0.009726487185178339}"
11802644,motor_external,least_seen,0.13,0.03276042347776602,0.028792118770057867,0.042649703655549355,0.07477913095978445,0.04390180913752268,30,4,"[120, 8, 7, 7, 8]","{""0"": 0.042872422850481796, ""1"": 0.040035481188133056, ""2"": 0.01896828682672284, ""3"": 0.03527419932338019, ""4"": 0.02665172720011219}"
11802644,motor_external,single_action,0.13,0.04382560400747628,0.060195047417147846,0.03796580830488572,0.08597130633242442,0.045805178919258456,30,1,"[120, 30, 0, 0, 0]","{""0"": 0.04703335051332704, ""1"": 0.031133901447787816, ""2"": 0.0453662504147694, ""3"": 0.06740749312679928, ""4"": 0.028187024534697888}"
11802644,motor_external,no_probes,0.13,0.04239819678933177,0.052192856950512366,0.042242741410550136,0.05141070960623455,0.03738781334343149,0,0,"[150, 0, 0, 0, 0]","{""0"": 0.04295368586365308, ""1"": 0.04295368586365308, ""2"": 0.029511302602655127, ""3"": 0.06176564366131785, ""4"": 0.03480666595537973}"
11802644,unknown_nonlinear,uncertainty,0.13,0.05725685033059185,0.03907656930186176,0.04613025380648729,0.048854829861440935,0.040297306502428486,30,4,"[120, 7, 8, 7, 8]","{""0"": 0.013593397339976068, ""1"": 0.08448015842103178, ""2"": 0.046626576095712274, ""3"": 0.08527577097767321, ""4"": 0.05630834881856594}"
11802644,unknown_nonlinear,random,0.13,0.16943117463982335,0.051868718515459496,0.05740755632228784,0.04329914506428913,0.03697175033624869,30,4,"[120, 8, 7, 10, 5]","{""0"": 0.1137853282749845, ""1"": 0.12259302108396615, ""2"": 0.3682089467377135, ""3"": 0.15573755374497641, ""4"": 0.08683102335747621}"
11802644,unknown_nonlinear,cycle,0.13,0.05155329295154724,0.03848674165051517,0.03912245505045487,0.05177442861162656,0.04179628346812093,30,4,"[120, 8, 7, 8, 7]","{""0"": 0.016000332159878294, ""1"": 0.025347839033176358, ""2"": 0.1717408902206061, ""3"": 0.014206805705360129, ""4"": 0.030470597638715347}"
11802644,unknown_nonlinear,least_seen,0.13,0.052809618221674196,0.03948786897753543,0.035872623536416064,0.049536145171342395,0.04093852602775921,30,4,"[120, 8, 7, 7, 8]","{""0"": 0.020927481158854743, ""1"": 0.057094636001409356, ""2"": 0.1409171323253827, ""3"": 0.025052095324144815, ""4"": 0.02005674629857937}"
11802644,unknown_nonlinear,single_action,0.13,0.23253879476622602,0.057103378239161055,0.06687631893674101,0.043296809167239436,0.04415566528567619,30,1,"[120, 30, 0, 0, 0]","{""0"": 0.18469339605943758, ""1"": 0.450453320142113, ""2"": 0.16797974996578138, ""3"": 0.04357500544736501, ""4"": 0.3159925022164331}"
11802644,unknown_nonlinear,no_probes,0.13,0.5302307812775606,0.06044752291156773,0.06369752921426168,0.03793359895960384,0.034566946064966374,0,0,"[150, 0, 0, 0, 0]","{""0"": 0.4819870202051608, ""1"": 0.42820624854294015, ""2"": 0.8812709433574272, ""3"": 0.21833185232655536, ""4"": 0.6413578419557191}"
11802781,none,uncertainty,0.13,0.0293739073933157,0.019745620880131147,0.04309123467880994,0.03199970250660558,0.042716288400892144,30,4,"[120, 7, 8, 6, 9]","{""0"": 0.025793291719799064, ""1"": 0.032932251114680906, ""2"": 0.026975285715428784, ""3"": 0.024704756239957337, ""4"": 0.0364639521767124}"
11802781,none,random,0.13,0.08866299396810463,0.02319464790031057,0.06155593116047559,0.03426346892707966,0.04259623423565869,30,4,"[120, 9, 5, 9, 7]","{""0"": 0.08365000094396498, ""1"": 0.08144133001608035, ""2"": 0.09728256661167128, ""3"": 0.062420830271516715, ""4"": 0.1185202419972899}"
11802781,none,cycle,0.13,0.030879504791230875,0.017217469212930447,0.036731394178994195,0.031512534180293116,0.04063304738085569,30,4,"[120, 8, 7, 8, 7]","{""0"": 0.025932704805536416, ""1"": 0.02565587514159807, ""2"": 0.04515976379717796, ""3"": 0.030067669318381573, ""4"": 0.027581510893460375}"
11802781,none,least_seen,0.13,0.027215698724575004,0.019778750968306908,0.036531969153812266,0.031329065200310334,0.03908324716320379,30,4,"[120, 8, 7, 7, 8]","{""0"": 0.024579078498965724, ""1"": 0.02234858357052991, ""2"": 0.0336485111900403, ""3"": 0.028863663509942506, ""4"": 0.026638656853396576}"
11802781,none,single_action,0.13,0.12440846346531025,0.06783623682805458,0.13815224142954027,0.029199607216612175,0.03875598819474268,30,1,"[120, 30, 0, 0, 0]","{""0"": 0.07518632864001051, ""1"": 0.11386758852154472, ""2"": 0.08884343570402846, ""3"": 0.09461659667336846, ""4"": 0.24952836778759915}"
11802781,none,no_probes,0.13,0.10681935654621845,0.10306005553695925,0.11835084066042859,0.029046245553170882,0.036646828413997926,0,0,"[150, 0, 0, 0, 0]","{""0"": 0.025821135185421645, ""1"": 0.14986560785222106, ""2"": 0.11158020847092887, ""3"": 0.11298090682145341, ""4"": 0.13384892440106724}"
11802781,motor,uncertainty,0.13,0.04390152420935944,0.03035517930264086,0.04870952044173908,0.043629674836738054,0.04448925104741442,30,4,"[120, 7, 8, 7, 8]","{""0"": 0.025241791791777768, ""1"": 0.04021173394512261, ""2"": 0.06071211882416953, ""3"": 0.03248214198199832, ""4"": 0.060859834503728984}"
11802781,motor,random,0.13,0.1390178506291294,0.06324289717352576,0.05332306319028757,0.037058333446487984,0.04140918983922621,30,4,"[120, 9, 5, 9, 7]","{""0"": 0.0965037247838872, ""1"": 0.07703175769374843, ""2"": 0.27861383125725014, ""3"": 0.15677130349098756, ""4"": 0.08616863591977375}"
11802781,motor,cycle,0.13,0.04739966778091386,0.019355199287174656,0.047003016147152264,0.04735932973933457,0.03972210580462941,30,4,"[120, 8, 7, 8, 7]","{""0"": 0.03637704795427098, ""1"": 0.04314176155712382, ""2"": 0.08018849807672408, ""3"": 0.04242376886434664, ""4"": 0.03486726245210379}"
11802781,motor,least_seen,0.13,0.03692437327387363,0.017749713412731793,0.037003887926884096,0.049605281656006354,0.04427880253423918,30,4,"[120, 8, 7, 7, 8]","{""0"": 0.02842399332176242, ""1"": 0.027919212559567964, ""2"": 0.062115017801497176, ""3"": 0.031818556294255874, ""4"": 0.03434508639228467}"
11802781,motor,single_action,0.13,0.20449446847636174,0.19289801468681814,0.14034654166928337,0.03362954452626762,0.053057941088542046,30,1,"[120, 30, 0, 0, 0]","{""0"": 0.07192219826682475, ""1"": 0.2946997559455883, ""2"": 0.27900466051497114, ""3"": 0.26527531914281727, ""4"": 0.11157040851160738}"
11802781,motor,no_probes,0.13,0.11295453463060968,0.10550564229829976,0.12510466716270996,0.029046245553170882,0.036646828413997926,0,0,"[150, 0, 0, 0, 0]","{""0"": 0.02757074649885476, ""1"": 0.10892033103891853, ""2"": 0.1428513821522968, ""3"": 0.12346430268880378, ""4"": 0.16196591077417458}"
11802781,external,uncertainty,0.13,0.05230222667047604,0.014095338345840232,0.041611261892099946,0.049592466394442564,0.05188773038884089,30,4,"[120, 8, 7, 7, 8]","{""0"": 0.040459518398990826, ""1"": 0.056230010676408, ""2"": 0.04157435598154749, ""3"": 0.07753192267493847, ""4"": 0.04571532562049546}"
11802781,external,random,0.13,0.042441016935297844,0.023650594673638652,0.04015629627813307,0.04998650826302906,0.05235195949061791,30,4,"[120, 9, 5, 9, 7]","{""0"": 0.03503435792368031, ""1"": 0.036976992230136944, ""2"": 0.04298550497287393, ""3"": 0.037486016633124675, ""4"": 0.059722212916673366}"
11802781,external,cycle,0.13,0.05146208728502617,0.015254179686854117,0.042135450068458084,0.04912154891000598,0.0513587012379774,30,4,"[120, 8, 7, 8, 7]","{""0"": 0.03936253982783745, ""1"": 0.05293486734187682, ""2"": 0.04368304190750527, ""3"": 0.08088393879413364, ""4"": 0.04044604855377774}"
11802781,external,least_seen,0.13,0.04812958927278745,0.015884126036834208,0.03595070216672349,0.03981416026270955,0.052641415799536365,30,4,"[120, 8, 7, 7, 8]","{""0"": 0.03923304754407704, ""1"": 0.04514075995051076, ""2"": 0.03764336446228398, ""3"": 0.054740734240070976, ""4"": 0.06389004016699446}"
11802781,external,single_action,0.13,0.2243473811077483,0.02098900858069926,0.0893941563797339,0.049974076209988824,0.04022922908182194,30,1,"[120, 30, 0, 0, 0]","{""0"": 0.2102612524837467, ""1"": 0.143536052033888, ""2"": 0.32578222847816174, ""3"": 0.2102612524837467, ""4"": 0.23189612005919816}"
11802781,external,no_probes,0.13,0.08283642445891191,0.050203218373964534,0.08026490374922775,0.0367729014512844,0.04220555287499926,0,0,"[150, 0, 0, 0, 0]","{""0"": 0.04073165766775579, ""1"": 0.1076446213141178, ""2"": 0.14003746977174306, ""3"": 0.04073165766775579, ""4"": 0.08503671587318706}"
11802781,sensor,uncertainty,0.13,0.028779455450587264,0.020046738149104328,0.04309123467880994,0.03199297464654618,0.04313399575199801,30,4,"[120, 7, 8, 6, 9]","{""0"": 0.02474981566231388, ""1"": 0.0332959270934327, ""2"": 0.025525824207559836, ""3"": 0.027364839681208075, ""4"": 0.032960870608421816}"
11802781,sensor,random,0.13,0.0841129281728936,0.022997981140295883,0.06155593116047559,0.035002792820875574,0.042789661946719536,30,4,"[120, 9, 5, 9, 7]","{""0"": 0.07917748530206292, ""1"": 0.0709320779648318, ""2"": 0.1029399834889305, ""3"": 0.06736615879988272, ""4"": 0.10014893530876001}"
11802781,sensor,cycle,0.13,0.029010957118790884,0.01708207781923412,0.036731394178994195,0.03483644714705318,0.041227173475610085,30,4,"[120, 8, 7, 8, 7]","{""0"": 0.025151355797784315, ""1"": 0.025091124346373183, ""2"": 0.038656894702351736, ""3"": 0.030442906524584423, ""4"": 0.025712504222860783}"
11802781,sensor,least_seen,0.13,0.027195258187179317,0.019783673716149783,0.036531969153812266,0.03670113299343178,0.03931821444783349,30,4,"[120, 8, 7, 7, 8]","{""0"": 0.023725550255793076, ""1"": 0.022441637347008252, ""2"": 0.03207365147290444, ""3"": 0.02916638031121717, ""4"": 0.028569071548973646}"
11802781,sensor,single_action,0.13,0.15765116674532964,0.07161879355410893,0.13815224142954027,0.029287873730377095,0.03922164417974058,30,1,"[120, 30, 0, 0, 0]","{""0"": 0.10774766687289555, ""1"": 0.128672413486322, ""2"": 0.1423214033856732, ""3"": 0.10218003062857994, ""4"": 0.3073343193531775}"
11802781,sensor,no_probes,0.13,0.10487528935784853,0.10309611688633204,0.11835084066042859,0.02908793987122138,0.037071630705802876,0,0,"[150, 0, 0, 0, 0]","{""0"": 0.024135145724762348, ""1"": 0.14548695233727682, ""2"": 0.11210527399373431, ""3"": 0.10971155638836305, ""4"": 0.13293751834510595}"
11802781,motor_external,uncertainty,0.13,0.04809221805610621,0.03257745613409813,0.03364281536713718,0.05533206214362708,0.0522632959196448,30,4,"[120, 8, 7, 7, 8]","{""0"": 0.03747773190133827, ""1"": 0.05907211506517662, ""2"": 0.05995076353678297, ""3"": 0.04413871643161842, ""4"": 0.0398217633456148}"
11802781,motor_external,random,0.13,0.0382508552215417,0.03216007360761627,0.04756181098852077,0.05143370879108271,0.05338604455585771,30,4,"[120, 9, 5, 9, 7]","{""0"": 0.0312334000307567, ""1"": 0.04229247094935503, ""2"": 0.049622689609668126, ""3"": 0.03138347476838283, ""4"": 0.03672224074954579}"
11802781,motor_external,cycle,0.13,0.04470252214497519,0.029310345745895684,0.03970299307792678,0.05404858811478237,0.05649520390237057,30,4,"[120, 8, 7, 8, 7]","{""0"": 0.03568267616678945, ""1"": 0.05879819477099731, ""2"": 0.04537681046413078, ""3"": 0.04465836542601658, ""4"": 0.0389965638969419}"
11802781,motor_external,least_seen,0.13,0.04530764508411471,0.023951255356884252,0.04438501863124978,0.049518861462191394,0.05168022851420594,30,4,"[120, 8, 7, 7, 8]","{""0"": 0.03637453561008305, ""1"": 0.059957344302829764, ""2"": 0.041020530937466014, ""3"": 0.03346974479303324, ""4"": 0.05571606977716146}"
11802781,motor_external,single_action,0.13,0.13699108413015448,0.1161065728242949,0.08167331482155965,0.06305437775021033,0.04240410021327357,30,1,"[120, 30, 0, 0, 0]","{""0"": 0.053641173225350024, ""1"": 0.13379261119595523, ""2"": 0.21367724863507329, ""3"": 0.2274199909054813, ""4"": 0.05642439668891253}"
11802781,motor_external,no_probes,0.13,0.08500842925653802,0.06901667272695883,0.08200047595532402,0.0367729014512844,0.04220555287499926,0,0,"[150, 0, 0, 0, 0]","{""0"": 0.03752309946083554, ""1"": 0.041153397476155325, ""2"": 0.09729101618851038, ""3"": 0.1370142447465346, ""4"": 0.11206038841065423}"
11802781,unknown_nonlinear,uncertainty,0.13,0.2178108358313884,0.046456649844479454,0.08191617667462775,0.03571997309480818,0.04723798759390015,30,4,"[120, 7, 8, 6, 9]","{""0"": 0.17389155326394798, ""1"": 0.24472847324131541, ""2"": 0.24267505343334142, ""3"": 0.07965729169226284, ""4"": 0.3481018075260745}"
11802781,unknown_nonlinear,random,0.13,0.047032397578026054,0.030917254392936667,0.05058150159311393,0.043482287531589094,0.045320375354515614,30,4,"[120, 9, 5, 9, 7]","{""0"": 0.03575774719842847, ""1"": 0.02751455162535445, ""2"": 0.0543929441397362, ""3"": 0.047296731949434345, ""4"": 0.07020001297717683}"
11802781,unknown_nonlinear,cycle,0.13,0.13214422856149438,0.04677339584480598,0.06729830844001508,0.035789683722370846,0.037353946551283095,30,4,"[120, 8, 7, 8, 7]","{""0"": 0.10083627867063921, ""1"": 0.1286547723241007, ""2"": 0.18194098067589345, ""3"": 0.12212599398313995, ""4"": 0.1271631171536986}"
11802781,unknown_nonlinear,least_seen,0.13,0.19601621626607948,0.042027317566572325,0.0533320305141355,0.0363212772752508,0.0398973691670756,30,4,"[120, 8, 7, 7, 8]","{""0"": 0.16260918594764875, ""1"": 0.19003136052453348, ""2"": 0.2856163268630322, ""3"": 0.05048560111100945, ""4"": 0.29133860688417346}"
11802781,unknown_nonlinear,single_action,0.13,0.10117130656109279,0.05308783240382379,0.09107174542681871,0.029033694108718963,0.03876437745835532,30,1,"[120, 30, 0, 0, 0]","{""0"": 0.03653772899945192, ""1"": 0.0816426061085266, ""2"": 0.18549977366356785, ""3"": 0.0723551780238111, ""4"": 0.12982124601010644}"
11802781,unknown_nonlinear,no_probes,0.13,0.4442808532811275,0.1129349323557356,0.07262278451494371,0.029046245553170882,0.036646828413997926,0,0,"[150, 0, 0, 0, 0]","{""0"": 0.40219741127311837, ""1"": 0.7253334964197774, ""2"": 0.3192577936334285, ""3"": 0.528970492157502, ""4"": 0.24564507292181129}"
11802918,none,uncertainty,0.13,0.02717178258729245,0.0121416594993018,0.028478631672721796,0.03287047137916498,0.0320594670256988,30,4,"[120, 8, 7, 8, 7]","{""0"": 0.022974293352064325, ""1"": 0.023899869293145044, ""2"": 0.03207871699152868, ""3"": 0.029214431457459295, ""4"": 0.027691601842264903}"
11802918,none,random,0.13,0.0306817420572141,0.01525475634050068,0.04964110492505932,0.031291267746006136,0.03562389472050503,30,4,"[120, 8, 9, 6, 7]","{""0"": 0.026669744498219558, ""1"": 0.029847578124837848, ""2"": 0.02790782888831843, ""3"": 0.054196881233300354, ""4"": 0.014786677541394308}"
11802918,none,cycle,0.13,0.030119821680334682,0.013336106483547975,0.028720298518234266,0.03268336234495086,0.03211827254321806,30,4,"[120, 8, 7, 8, 7]","{""0"": 0.026511203599064632, ""1"": 0.03846068059453593, ""2"": 0.022937933569634365, ""3"": 0.021042692710852722, ""4"": 0.041646597927585745}"
11802918,none,least_seen,0.13,0.04818589256513057,0.013435869358182518,0.03728466590733678,0.03230563318038983,0.032011731532670985,30,4,"[120, 8, 8, 7, 7]","{""0"": 0.03502590531311504, ""1"": 0.05366094144961364, ""2"": 0.04520043578054042, ""3"": 0.05091356489722693, ""4"": 0.056128615385156795}"
11802918,none,single_action,0.13,0.06458985838880481,0.037194490025744584,0.08345726651575404,0.03458467758435298,0.0326000536513998,30,1,"[120, 30, 0, 0, 0]","{""0"": 0.027875522456560994, ""1"": 0.030753284687910037, ""2"": 0.0445348149853572, ""3"": 0.13009261173268932, ""4"": 0.08969305808150656}"
11802918,none,no_probes,0.13,0.09658926640299972,0.07445151177118853,0.08775048428087612,0.028641946944335753,0.02936546066784227,0,0,"[150, 0, 0, 0, 0]","{""0"": 0.034445804201072176, ""1"": 0.119861611562581, ""2"": 0.09402037306876039, ""3"": 0.17015307008621652, ""4"": 0.06446547309636859}"
11802918,motor,uncertainty,0.13,0.03347737527462268,0.01284748860215715,0.03317617455762148,0.034262473374844164,0.03451254621899021,30,4,"[120, 7, 8, 8, 7]","{""0"": 0.022590363670044866, ""1"": 0.034918357486680374, ""2"": 0.03354919326106759, ""3"": 0.03899247747046377, ""4"": 0.03733648448485682}"
11802918,motor,random,0.13,0.025788489493575716,0.01494951269498364,0.043516050930341256,0.04363894504244494,0.03885836411576152,30,4,"[120, 8, 9, 6, 7]","{""0"": 0.02313205955235563, ""1"": 0.02318384160176797, ""2"": 0.027109654879126796, ""3"": 0.027458839789962972, ""4"": 0.028058051644665186}"
11802918,motor,cycle,0.13,0.032332728079339804,0.010430598292432695,0.03033407880206413,0.03841187101635486,0.03183191241079463,30,4,"[120, 8, 7, 8, 7]","{""0"": 0.02521740892097422, ""1"": 0.019691618165041957, ""2"": 0.0496246118832546, ""3"": 0.024649883320764936, ""4"": 0.04248011810666327}"
11802918,motor,least_seen,0.13,0.0914888346152862,0.04606713061861169,0.041582873744676285,0.03489182006428235,0.03171584955380661,30,4,"[120, 8, 8, 7, 7]","{""0"": 0.05785297780254282, ""1"": 0.07152588641027748, ""2"": 0.14196216836005152, ""3"": 0.09204779256811302, ""4"": 0.09405534793544619}"
11802918,motor,single_action,0.13,0.1508600159448602,0.10392611054419554,0.08582517131403855,0.03903420750821,0.053325742294929965,30,1,"[120, 30, 0, 0, 0]","{""0"": 0.04073679490043134, ""1"": 0.2743013331737433, ""2"": 0.19962769407735892, ""3"": 0.13692236655422177, ""4"": 0.10271189101854585}"
11802918,motor,no_probes,0.13,0.10761358295882527,0.0795453724979165,0.09289059307516592,0.028641946944335753,0.02936546066784227,0,0,"[150, 0, 0, 0, 0]","{""0"": 0.04031400928890475, ""1"": 0.17824357184610196, ""2"": 0.08234246008948008, ""3"": 0.0998848245707283, ""4"": 0.1372830489989113}"
11802918,external,uncertainty,0.13,0.032941679863262324,0.015188906019347413,0.03466228559446309,0.055531480055146805,0.036197543957363645,30,4,"[120, 8, 7, 8, 7]","{""0"": 0.026372591831105557, ""1"": 0.020514977072121073, ""2"": 0.03845832394764364, ""3"": 0.03421697003296221, ""4"": 0.04514553643247917}"
11802918,external,random,0.13,0.037507754389232734,0.020841414126905832,0.05132644051517479,0.048480086659301536,0.04111582820011348,30,4,"[120, 8, 9, 6, 7]","{""0"": 0.024019063525117984, ""1"": 0.02409787741749289, ""2"": 0.02891522886121881, ""3"": 0.06564057936001692, ""4"": 0.044866022782317085}"
11802918,external,cycle,0.13,0.03103548087088768,0.013956595949821998,0.031560174274039204,0.05565457882134983,0.04040494075356606,30,4,"[120, 8, 7, 8, 7]","{""0"": 0.026417225763753396, ""1"": 0.03327648579638335, ""2"": 0.018661395156105126, ""3"": 0.03410099068588749, ""4"": 0.04272130695230905}"
11802918,external,least_seen,0.13,0.03645906851563146,0.012928400989749622,0.05102194904905266,0.05167123385401405,0.03819399219638992,30,4,"[120, 8, 8, 7, 7]","{""0"": 0.026524679503376197, ""1"": 0.02006901354840671, ""2"": 0.034500575050601605, ""3"": 0.06005874830885818, ""4"": 0.04114232616691464}"
11802918,external,single_action,0.13,0.057729428233783894,0.047051922459606654,0.05727590274763368,0.03717594884931815,0.03558419393741736,30,1,"[120, 30, 0, 0, 0]","{""0"": 0.026837251687699935, ""1"": 0.019597132833220333, ""2"": 0.02817973425681568, ""3"": 0.1328480730360808, ""4"": 0.08118494935510272}"
11802918,external,no_probes,0.13,0.058188267056145854,0.04903935558636389,0.059111598784652955,0.03633019882011603,0.0335182943413433,0,0,"[150, 0, 0, 0, 0]","{""0"": 0.02563571802996112, ""1"": 0.02563571802996112, ""2"": 0.02955642215581178, ""3"": 0.1342763830089074, ""4"": 0.07583709405608786}"
11802918,sensor,uncertainty,0.13,0.03367683141512915,0.013195375129332311,0.030090891934368546,0.04163785992577132,0.03381941737492373,30,4,"[120, 7, 8, 8, 7]","{""0"": 0.028071376705278442, ""1"": 0.047675398209584025, ""2"": 0.028263757051640814, ""3"": 0.02774515285501369, ""4"": 0.03662847225412879}"
11802918,sensor,random,0.13,0.030359931140400292,0.015105400095068933,0.04964110492505932,0.036011571831443094,0.03670803769351435,30,4,"[120, 8, 9, 6, 7]","{""0"": 0.02582188077773194, ""1"": 0.02787248765920565, ""2"": 0.027834617700242027, ""3"": 0.05561309001753558, ""4"": 0.014657579547286291}"
11802918,sensor,cycle,0.13,0.028347460725765918,0.013374813405901194,0.028720298518234266,0.038981540790344875,0.03282780424692993,30,4,"[120, 8, 7, 8, 7]","{""0"": 0.024980868446787804, ""1"": 0.03678751782632117, ""2"": 0.020780400086252374, ""3"": 0.019653861851399838, ""4"": 0.03953465541806841}"
11802918,sensor,least_seen,0.13,0.046187417945787665,0.013253233351831826,0.03728466590733678,0.03920461262136788,0.0318564379410941,30,4,"[120, 8, 8, 7, 7]","{""0"": 0.03229026829493389, ""1"": 0.04678948428259957, ""2"": 0.05158185947612486, ""3"": 0.04557281124266932, ""4"": 0.05470266643261071}"
11802918,sensor,single_action,0.13,0.08434789765569625,0.03834376448582341,0.08345726651575404,0.037978792884423324,0.03322950923838191,30,1,"[120, 30, 0, 0, 0]","{""0"": 0.04684805725268338, ""1"": 0.04487323769706139, ""2"": 0.0721778964583611, ""3"": 0.13107743729867039, ""4"": 0.126762859571705}"
11802918,sensor,no_probes,0.13,0.09285301480187463,0.07454041122644876,0.08775048428087612,0.02903406060428455,0.029829062008035853,0,0,"[150, 0, 0, 0, 0]","{""0"": 0.030953357376240224, ""1"": 0.11628982685038125, ""2"": 0.08980389919380367, ""3"": 0.16432806038459416, ""4"": 0.06288993020435378}"
11802918,motor_external,uncertainty,0.13,0.03714319134240451,0.023650168219533772,0.04904644851929995,0.050370586597988876,0.040110392424954754,30,4,"[120, 8, 7, 8, 7]","{""0"": 0.03136886794849437, ""1"": 0.035703916898741014, ""2"": 0.0756383097430988, ""3"": 0.016596003018085604, ""4"": 0.02640885910360268}"
11802918,motor_external,random,0.13,0.02946208005634976,0.01701279535198871,0.034237943327495954,0.047672377935767486,0.04037934174999745,30,4,"[120, 8, 9, 6, 7]","{""0"": 0.025642918749271614, ""1"": 0.028155186032925873, ""2"": 0.04979832418668819, ""3"": 0.02491105804934086, ""4"": 0.018802913263522285}"
11802918,motor_external,cycle,0.13,0.036579588603540505,0.02452817812482934,0.045125527348623594,0.04970707640980409,0.04009899051069221,30,4,"[120, 8, 7, 8, 7]","{""0"": 0.026915235959423776, ""1"": 0.041875609484553176, ""2"": 0.06483436360539997, ""3"": 0.01655592700214159, ""4"": 0.032716806966184016}"
11802918,motor_external,least_seen,0.13,0.03736344029080663,0.017329629965255375,0.03874571122585727,0.051497106436433765,0.03757417226151957,30,4,"[120, 8, 8, 7, 7]","{""0"": 0.028727138455097837, ""1"": 0.03881648605503341, ""2"": 0.05616609355536317, ""3"": 0.04406618733933131, ""4"": 0.01904129604920736}"
11802918,motor_external,single_action,0.13,0.16897391664416775,0.023573012313995983,0.042689763960293226,0.04029899365970311,0.031865967006941574,30,1,"[120, 30, 0, 0, 0]","{""0"": 0.14887509882252958, ""1"": 0.2229965293154251, ""2"": 0.2231297949764949, ""3"": 0.1009930612838595, ""4"": 0.14887509882252958}"
11802918,motor_external,no_probes,0.13,0.05259818400912333,0.04820313334057977,0.0533306744722856,0.03633019882011603,0.0335182943413433,0,0,"[150, 0, 0, 0, 0]","{""0"": 0.025403865316641665, ""1"": 0.12833104755235614, ""2"": 0.05698294717021138, ""3"": 0.026869194689765886, ""4"": 0.025403865316641665}"
11802918,unknown_nonlinear,uncertainty,0.13,0.08894771935736703,0.024965585922588185,0.0509330299611938,0.03238328220399132,0.0376480319921619,30,4,"[120, 8, 7, 8, 7]","{""0"": 0.05949919965977148, ""1"": 0.12410732514960576, ""2"": 0.11913822095260283, ""3"": 0.06162388292984117, ""4"": 0.08036996809501397}"
11802918,unknown_nonlinear,random,0.13,0.102414546191569,0.021138573937679424,0.06304709460594263,0.030690426114466124,0.036339282723214496,30,4,"[120, 8, 9, 6, 7]","{""0"": 0.07301856575928463, ""1"": 0.12758923703421965, ""2"": 0.14062741062638864, ""3"": 0.13203329764214897, ""4"": 0.03880421989580308}"
11802918,unknown_nonlinear,cycle,0.13,0.12691841783873578,0.023985419205888075,0.05392384623410218,0.03561343169435767,0.03721528252857443,30,4,"[120, 8, 7, 8, 7]","{""0"": 0.07710431772342168, ""1"": 0.16070546195166915, ""2"": 0.16522788635330837, ""3"": 0.05347734403802908, ""4"": 0.1780770791272507}"
11802918,unknown_nonlinear,least_seen,0.13,0.18173309140565722,0.03921036534486413,0.06362647696301606,0.03469914826430931,0.037418746396602684,30,4,"[120, 8, 8, 7, 7]","{""0"": 0.13649526802587922, ""1"": 0.3262665555513242, ""2"": 0.17072436362891183, ""3"": 0.14580149724849636, ""4"": 0.1293777725736743}"
11802918,unknown_nonlinear,single_action,0.13,0.07530340346725854,0.03867381652230469,0.0677695845654232,0.034370682901810966,0.03234492866451703,30,1,"[120, 30, 0, 0, 0]","{""0"": 0.0381578734857394, ""1"": 0.07887517513793248, ""2"": 0.09613645423795493, ""3"": 0.12308546938061671, ""4"": 0.04026204509404913}"
11802918,unknown_nonlinear,no_probes,0.13,0.21094621773911065,0.05909407699602487,0.07661010765700264,0.028641946944335753,0.02936546066784227,0,0,"[150, 0, 0, 0, 0]","{""0"": 0.15682685619365697, ""1"": 0.3223644724480817, ""2"": 0.20948385502509104, ""3"": 0.29163302461111934, ""4"": 0.07442288041760409}"
11803055,none,uncertainty,0.13,0.036894528900766485,0.012265160364026157,0.05843097721588335,0.041305528650644394,0.04049171404826947,30,4,"[120, 7, 8, 9, 6]","{""0"": 0.032610718692473534, ""1"": 0.036430315827583666, ""2"": 0.03342333748657074, ""3"": 0.03959136731595592, ""4"": 0.04241690518124861}"
11803055,none,random,0.13,0.045907569557733875,0.015289185905753613,0.05434110026573572,0.037593533231861646,0.041408181901523525,30,4,"[120, 4, 10, 8, 8]","{""0"": 0.04004293205522846, ""1"": 0.05834128909493443, ""2"": 0.04184543997860778, ""3"": 0.04319643731083106, ""4"": 0.04611174934906761}"
11803055,none,cycle,0.13,0.05204623336446803,0.019181833327235987,0.04888840882822922,0.04261021669980559,0.04051916167721634,30,4,"[120, 8, 7, 8, 7]","{""0"": 0.04737635835717848, ""1"": 0.054658338156820384, ""2"": 0.053170359545219696, ""3"": 0.06537806923520083, ""4"": 0.0396480415279208}"
11803055,none,least_seen,0.13,0.04336914766288856,0.013834760752716009,0.053783629642636964,0.038978965351598074,0.04059848972977949,30,4,"[120, 8, 8, 7, 7]","{""0"": 0.03879423663037809, ""1"": 0.03359810762700606, ""2"": 0.0537148053489885, ""3"": 0.03834913428257182, ""4"": 0.052389454425498305}"
11803055,none,single_action,0.13,0.2328022674767522,0.06607733044538408,0.0838569117811418,0.04023833892014103,0.039356809488064,30,1,"[120, 30, 0, 0, 0]","{""0"": 0.19107240231507583, ""1"": 0.3483304353545204, ""2"": 0.1437489548122123, ""3"": 0.3445194540693301, ""4"": 0.13634009083262233}"
11803055,none,no_probes,0.13,0.13064000551260002,0.057244985778969595,0.08326614319565477,0.036721341302060034,0.03557195806250767,0,0,"[150, 0, 0, 0, 0]","{""0"": 0.08476770007542837, ""1"": 0.08733192386434319, ""2"": 0.21774595763033552, ""3"": 0.18861532537815395, ""4"": 0.07473912061473913}"
11803055,motor,uncertainty,0.13,0.04895869940564251,0.018494416885096624,0.05506248953562745,0.03952982285352474,0.04007208423032396,30,4,"[120, 9, 6, 8, 7]","{""0"": 0.038108756436480706, ""1"": 0.04930601624112237, ""2"": 0.04635146470754353, ""3"": 0.0613771021874999, ""4"": 0.04965015745556604}"
11803055,motor,random,0.13,0.06092841884236064,0.018587638947344453,0.05022973387106779,0.04332187003380735,0.041883943372914095,30,4,"[120, 4, 10, 8, 8]","{""0"": 0.05103877005251708, ""1"": 0.06962449917614773, ""2"": 0.06846651752510818, ""3"": 0.0607398211870237, ""4"": 0.054772486271006525}"
11803055,motor,cycle,0.13,0.07440058793341012,0.02666550991512673,0.055618991383281816,0.05190641875232739,0.03955588469457505,30,4,"[120, 8, 7, 8, 7]","{""0"": 0.06600459279579081, ""1"": 0.11656375170268429, ""2"": 0.03968558076510512, ""3"": 0.07162078959366684, ""4"": 0.07812822480980357}"
11803055,motor,least_seen,0.13,0.0682840638609122,0.01486218855798349,0.062336515337631376,0.0403824553804915,0.04082578852585827,30,4,"[120, 8, 8, 7, 7]","{""0"": 0.053208250889625164, ""1"": 0.10999023147796301, ""2"": 0.05463151468442754, ""3"": 0.04414918011908906, ""4"": 0.07944114213345625}"
11803055,motor,single_action,0.13,0.13152457273835266,0.05796321789854213,0.07861452676610822,0.04727152263910202,0.041222099514410686,30,1,"[120, 30, 0, 0, 0]","{""0"": 0.08073171230378155, ""1"": 0.20233885572426166, ""2"": 0.08318583210420379, ""3"": 0.20309342036355701, ""4"": 0.08827304319595926}"
11803055,motor,no_probes,0.13,0.14258921632704932,0.05544482625042366,0.08182873816894097,0.036721341302060034,0.03557195806250767,0,0,"[150, 0, 0, 0, 0]","{""0"": 0.09849777804063782, ""1"": 0.20818161063871435, ""2"": 0.07817783410132997, ""3"": 0.23563357802194154, ""4"": 0.09245528083262307}"
11803055,external,uncertainty,0.13,0.057140103410590184,0.03829827487135639,0.06146053351750262,0.05460127007130618,0.04281989039405165,30,4,"[120, 8, 7, 7, 8]","{""0"": 0.04483257185695008, ""1"": 0.034730553939633986, ""2"": 0.09976208606124475, ""3"": 0.0579280098228571, ""4"": 0.04844729537226503}"
11803055,external,random,0.13,0.03520753863060264,0.02660237065006676,0.053168302355549785,0.051439413457186826,0.04986356837530371,30,4,"[120, 4, 10, 8, 8]","{""0"": 0.02798957406514388, ""1"": 0.035247608966187165, ""2"": 0.028470687627294683, ""3"": 0.053181237035458295, ""4"": 0.031148585458929217}"
11803055,external,cycle,0.13,0.04133255997245485,0.030737786606967236,0.04737211838542267,0.050368300291364125,0.0478657527376377,30,4,"[120, 8, 7, 8, 7]","{""0"": 0.03434908222265185, ""1"": 0.037479327353026747, ""2"": 0.061340838770596096, ""3"": 0.04773120843697625, ""4"": 0.02576234307902327}"
11803055,external,least_seen,0.13,0.03558672674699752,0.03233386310905023,0.0435982235762111,0.05255225090055002,0.05087332234022655,30,4,"[120, 8, 8, 7, 7]","{""0"": 0.028223203458602047, ""1"": 0.020371926541850025, ""2"": 0.05678114234645335, ""3"": 0.04648460100999361, ""4"": 0.026072760378088585}"
11803055,external,single_action,0.13,0.19282258219788276,0.061266727707297484,0.09285285614368445,0.05628823250445381,0.039189348007513954,30,1,"[120, 30, 0, 0, 0]","{""0"": 0.16601434127984538, ""1"": 0.20072855964769895, ""2"": 0.21511176718126013, ""3"": 0.18304626776909202, ""4"": 0.19921197511151742}"
11803055,external,no_probes,0.13,0.08332333044159117,0.08480342198866461,0.08771798325599127,0.045614374479156866,0.037984450880894284,0,0,"[150, 0, 0, 0, 0]","{""0"": 0.02944941001004443, ""1"": 0.10649792204741475, ""2"": 0.16090581752041763, ""3"": 0.06225386610002657, ""4"": 0.05750963653005243}"
11803055,sensor,uncertainty,0.13,0.05120564170891011,0.014064146847785184,0.05354303169798964,0.039553349115856715,0.045301397947159,30,4,"[120, 8, 7, 7, 8]","{""0"": 0.04845391427985749, ""1"": 0.05290540021964047, ""2"": 0.04820730876143825, ""3"": 0.051125117309717534, ""4"": 0.0553364679738968}"
11803055,sensor,random,0.13,0.04691073497531432,0.014577862966554386,0.05434110026573572,0.03869874808466474,0.04242669576029012,30,4,"[120, 4, 10, 8, 8]","{""0"": 0.041165146606417645, ""1"": 0.05854560158010236, ""2"": 0.04376859487733989, ""3"": 0.044023652346011986, ""4"": 0.04705067946669969}"
11803055,sensor,cycle,0.13,0.05305914666033175,0.01859357993790799,0.04888840882822922,0.043732386842291346,0.041253339804365644,30,4,"[120, 8, 7, 8, 7]","{""0"": 0.04792130570027583, ""1"": 0.055953389438333924, ""2"": 0.0531750184525825, ""3"": 0.06779799355763218, ""4"": 0.040448026152834334}"
11803055,sensor,least_seen,0.13,0.04404909885758569,0.013483898387067643,0.053783629642636964,0.040368159916901014,0.041537454432262776,30,4,"[120, 8, 8, 7, 7]","{""0"": 0.039772487126326646, ""1"": 0.034275234069102496, ""2"": 0.05448405492428293, ""3"": 0.0402188725346351, ""4"": 0.05149484563358129}"
11803055,sensor,single_action,0.13,0.2976955129045192,0.058073539735600886,0.0838569117811418,0.0401088836425568,0.0398422785494708,30,1,"[120, 30, 0, 0, 0]","{""0"": 0.2537855623835399, ""1"": 0.4723099878642474, ""2"": 0.15542415892622818, ""3"": 0.4364523983947273, ""4"": 0.17050545695385325}"
11803055,sensor,no_probes,0.13,0.13207833249369352,0.05667848087299025,0.08326614319565477,0.0370868239509916,0.03641964565722802,0,0,"[150, 0, 0, 0, 0]","{""0"": 0.08621023536174305, ""1"": 0.08748631761942577, ""2"": 0.22046276039908008, ""3"": 0.18883296195602894, ""4"": 0.07739938713218977}"
11803055,motor_external,uncertainty,0.13,0.05861701579484199,0.04826415657698686,0.0559076085325128,0.0553107017381159,0.0479692864850168,30,4,"[120, 8, 7, 8, 7]","{""0"": 0.04594819594703577, ""1"": 0.07423840341095274, ""2"": 0.05511667971220895, ""3"": 0.0720664591614756, ""4"": 0.045715340742536886}"
11803055,motor_external,random,0.13,0.03160617669814635,0.029546896000311077,0.04627016056579694,0.06286315062362685,0.04862725342834005,30,4,"[120, 4, 10, 8, 8]","{""0"": 0.028247061679643738, ""1"": 0.03504827902729507, ""2"": 0.029475308913282986, ""3"": 0.02657301240423897, ""4"": 0.03868722146627101}"
11803055,motor_external,cycle,0.13,0.05182883351822696,0.03986353760676354,0.04211337813089945,0.06102679830859018,0.04196327557046938,30,4,"[120, 8, 7, 8, 7]","{""0"": 0.04255875566760913, ""1"": 0.07596978926467716, ""2"": 0.041076360253212034, ""3"": 0.06585791497052096, ""4"": 0.033681347435115555}"
11803055,motor_external,least_seen,0.13,0.058118920801466564,0.03690246858512413,0.06128057100468452,0.06258631591076895,0.042864734263244345,30,4,"[120, 8, 8, 7, 7]","{""0"": 0.03782573107638409, ""1"": 0.06370721340181083, ""2"": 0.06580457809831852, ""3"": 0.06604273306814333, ""4"": 0.05721434836267611}"
11803055,motor_external,single_action,0.13,0.2828745336998294,0.10210587811419901,0.09113334764067549,0.05760309499968501,0.0410720286989631,30,1,"[120, 30, 0, 0, 0]","{""0"": 0.20749524164344466, ""1"": 0.36405230114321857, ""2"": 0.21783886361506502, ""3"": 0.42753453636732547, ""4"": 0.1974517257300933}"
11803055,motor_external,no_probes,0.13,0.0821360910419728,0.08343190291245393,0.08646839734604321,0.045614374479156866,0.037984450880894284,0,0,"[150, 0, 0, 0, 0]","{""0"": 0.02815028591116982, ""1"": 0.06195713096830351, ""2"": 0.054930407446554676, ""3"": 0.15549678557265553, ""4"": 0.1101458453111804}"
11803055,unknown_nonlinear,uncertainty,0.13,0.07186946311188853,0.024571065209287233,0.11490253021711484,0.04573764475917583,0.04917420531288211,30,4,"[120, 8, 7, 9, 6]","{""0"": 0.03022130824863895, ""1"": 0.03711734183667017, ""2"": 0.08221361857186366, ""3"": 0.0713131123992891, ""4"": 0.13848193450298077}"
11803055,unknown_nonlinear,random,0.13,0.08842387415852142,0.037727114749494875,0.06812021673169824,0.03839373397928951,0.042306104752293766,30,4,"[120, 4, 10, 8, 8]","{""0"": 0.03054316447102857, ""1"": 0.19066579893384325, ""2"": 0.08634633977286332, ""3"": 0.03773053406040592, ""4"": 0.09683353355446604}"
11803055,unknown_nonlinear,cycle,0.13,0.0851137746690367,0.0358832492280026,0.09747707951819566,0.043070759490247336,0.048860457869673635,30,4,"[120, 8, 7, 8, 7]","{""0"": 0.030458135721416122, ""1"": 0.06418394287307926, ""2"": 0.11092767519052293, ""3"": 0.059625695030944996, ""4"": 0.1603734245292202}"
11803055,unknown_nonlinear,least_seen,0.13,0.07415353699970009,0.028311505964575774,0.09893046178368435,0.04096608409318555,0.04557317922552599,30,4,"[120, 8, 8, 7, 7]","{""0"": 0.0287904882499242, ""1"": 0.0948952106240744, ""2"": 0.11484414607218289, ""3"": 0.05356624069583579, ""4"": 0.0786715993564832}"
11803055,unknown_nonlinear,single_action,0.13,0.4647199005558334,0.08897022202981984,0.08694113355661119,0.04023833892014103,0.039356809488064,30,1,"[120, 30, 0, 0, 0]","{""0"": 0.39957534173585674, ""1"": 0.7376719602471429, ""2"": 0.3907861730225122, ""3"": 0.4791485054014724, ""4"": 0.31641752237218274}"
11803055,unknown_nonlinear,no_probes,0.13,0.4764071107527491,0.060172740346450156,0.08641701424271986,0.036721341302060034,0.03557195806250767,0,0,"[150, 0, 0, 0, 0]","{""0"": 0.426859273309314, ""1"": 0.3392049378101604, ""2"": 0.8031937484420021, ""3"": 0.526941293049808, ""4"": 0.2858363011524607}"
11803192,none,uncertainty,0.13,0.04242210779282186,0.010473477209725166,0.040953200336895014,0.03105127926782809,0.031639852996752905,30,4,"[120, 7, 8, 9, 6]","{""0"": 0.03143058540073786, ""1"": 0.04648932866942107, ""2"": 0.0393700536277001, ""3"": 0.012818560535803748, ""4"": 0.08200201073044651}"
11803192,none,random,0.13,0.13186779084331315,0.025446986833452048,0.06493288167540942,0.033568731342292595,0.030799027848555757,30,4,"[120, 8, 6, 6, 10]","{""0"": 0.07712418648863976, ""1"": 0.024264623070365313, ""2"": 0.24273935380898784, ""3"": 0.2778189561796596, ""4"": 0.03739183466891324}"
11803192,none,cycle,0.13,0.034763259679831425,0.010057073121433177,0.03443347519087904,0.03183682930992917,0.030285158739208683,30,4,"[120, 8, 7, 8, 7]","{""0"": 0.0301819683038408, ""1"": 0.022201103202465985, ""2"": 0.04763283269950205, ""3"": 0.029398211369812462, ""4"": 0.044402182823535856}"
11803192,none,least_seen,0.13,0.033079305752488186,0.010581320341919203,0.046014302811676386,0.033736844977764975,0.028555447075714318,30,4,"[120, 8, 8, 7, 7]","{""0"": 0.02846453029649727, ""1"": 0.05665558138134122, ""2"": 0.01579057057269284, ""3"": 0.024014501522033254, ""4"": 0.040471344989876375}"
11803192,none,single_action,0.13,0.2227022801811151,0.07235837936227688,0.10629373207187458,0.037258231539089165,0.029230200571540833,30,1,"[120, 30, 0, 0, 0]","{""0"": 0.1754248023632358, ""1"": 0.12774485314326067, ""2"": 0.26534574785422577, ""3"": 0.3560403583781144, ""4"": 0.18895563916673885}"
11803192,none,no_probes,0.13,0.10913013804021994,0.08503737344261524,0.10718330098975933,0.0304091271076546,0.027685327649869897,0,0,"[150, 0, 0, 0, 0]","{""0"": 0.03241522540364223, ""1"": 0.10240370921243523, ""2"": 0.15489324789556103, ""3"": 0.11323000999703119, ""4"": 0.14270849769243013}"
11803192,motor,uncertainty,0.13,0.056044727103818776,0.05038325682891495,0.04758007195603007,0.05786448044414219,0.0321779813462743,30,4,"[120, 8, 7, 8, 7]","{""0"": 0.027516964328868233, ""1"": 0.07361939886008448, ""2"": 0.06957684399953784, ""3"": 0.04925825345143736, ""4"": 0.060252174879165975}"
11803192,motor,random,0.13,0.0936301785252944,0.013484746993855259,0.0660215684610807,0.05440064739797848,0.02834236599193004,30,4,"[120, 8, 6, 6, 10]","{""0"": 0.06985139208776038, ""1"": 0.07841056570391104, ""2"": 0.0877705903800892, ""3"": 0.19556456841207245, ""4"": 0.03655377604263896}"
11803192,motor,cycle,0.13,0.04134612999743628,0.018235052335026626,0.03436945029301668,0.047026416470121395,0.03149608991291373,30,4,"[120, 8, 7, 8, 7]","{""0"": 0.029886211468881846, ""1"": 0.03951905625761434, ""2"": 0.04356127548157357, ""3"": 0.024769274956936576, ""4"": 0.06899483182217507}"
11803192,motor,least_seen,0.13,0.039108290298363685,0.012380279143936837,0.0455747329027812,0.05202390445336005,0.03064599619974297,30,4,"[120, 8, 8, 7, 7]","{""0"": 0.029806499844484444, ""1"": 0.07033975903442521, ""2"": 0.014210394601066054, ""3"": 0.020104078005973927, ""4"": 0.06108072000586878}"
11803192,motor,single_action,0.13,0.22468253672106822,0.12787235151045626,0.09024011492829337,0.042785787853364884,0.041299209356249526,30,1,"[120, 30, 0, 0, 0]","{""0"": 0.07646731849802309, ""1"": 0.48632816775169957, ""2"": 0.1862081344947515, ""3"": 0.26131411030915574, ""4"": 0.11309495255171131}"
11803192,motor,no_probes,0.13,0.10924586455230531,0.09065345678778636,0.1131606737811477,0.0304091271076546,0.027685327649869897,0,0,"[150, 0, 0, 0, 0]","{""0"": 0.027034440715556468, ""1"": 0.13546375493311733, ""2"": 0.10956206531108774, ""3"": 0.116118688282983, ""4"": 0.15805037351878196}"
11803192,external,uncertainty,0.13,0.030321347481135522,0.014838171537950993,0.03296224842935805,0.05442200327775671,0.03445383068326432,30,4,"[120, 8, 7, 8, 7]","{""0"": 0.02868139521936719, ""1"": 0.020444029274695272, ""2"": 0.041386944905851666, ""3"": 0.04081600097380202, ""4"": 0.020278367031961463}"
11803192,external,random,0.13,0.027051627527673858,0.024314535603203458,0.029128469712801138,0.05322450535572847,0.03856076096291362,30,4,"[120, 8, 6, 6, 10]","{""0"": 0.024567901039167367, ""1"": 0.007785170801520851, ""2"": 0.05088952411547206, ""3"": 0.021232803967701608, ""4"": 0.030782737714507385}"
11803192,external,cycle,0.13,0.030312210533290487,0.015410331685235428,0.03231263702877631,0.05253430319888721,0.03647713204975098,30,4,"[120, 8, 7, 8, 7]","{""0"": 0.0286855981910179, ""1"": 0.018753433848735183, ""2"": 0.043322714807350136, ""3"": 0.020993857476076887, ""4"": 0.03980544834327235}"
11803192,external,least_seen,0.13,0.031863015333989976,0.014844405020243649,0.04271827023230794,0.05067712604396732,0.033568695383205366,30,4,"[120, 8, 8, 7, 7]","{""0"": 0.028205825828399245, ""1"": 0.05180326816229883, ""2"": 0.012523682526114799, ""3"": 0.018082379018973613, ""4"": 0.04869992113416338}"
11803192,external,single_action,0.13,0.03373889582403656,0.026383480411039606,0.030342262887487474,0.04114119204174802,0.032739922465842584,30,1,"[120, 30, 0, 0, 0]","{""0"": 0.03187560219480302, ""1"": 0.04531581627995945, ""2"": 0.03223380316216159, ""3"": 0.03187560219480302, ""4"": 0.027393655288455738}"
11803192,external,no_probes,0.13,0.030313286662569085,0.019326628619058785,0.03234443352605392,0.04427057165593224,0.03209850556453243,0,0,"[150, 0, 0, 0, 0]","{""0"": 0.028470937799827855, ""1"": 0.035096742661276756, ""2"": 0.033473218786391125, ""3"": 0.028470937799827855, ""4"": 0.02605459626552183}"
11803192,sensor,uncertainty,0.13,0.04487290372026744,0.011087537904458772,0.039756642735281865,0.03263700139094994,0.030680850952982022,30,4,"[120, 7, 8, 9, 6]","{""0"": 0.03585369023125587, ""1"": 0.05108157484935135, ""2"": 0.0409024554673347, ""3"": 0.03426493261739293, ""4"": 0.06226186543600237}"
11803192,sensor,random,0.13,0.1109541448896611,0.024865198136959914,0.06493288167540942,0.03407413863448215,0.029389519117093862,30,4,"[120, 8, 6, 6, 10]","{""0"": 0.06567235442191403, ""1"": 0.028610923927081405, ""2"": 0.18104833838763293, ""3"": 0.24253669279380585, ""4"": 0.036902414917871294}"
11803192,sensor,cycle,0.13,0.029895737735248302,0.010098704921629988,0.03443347519087904,0.03308169783938787,0.030368842015491906,30,4,"[120, 8, 7, 8, 7]","{""0"": 0.025297808032963835, ""1"": 0.018479709458740556, ""2"": 0.04046038139352079, ""3"": 0.023308682245727085, ""4"": 0.041932107545289275}"
11803192,sensor,least_seen,0.13,0.03049041663755284,0.010746871679178604,0.046014302811676386,0.03506550520109569,0.028572490198243896,30,4,"[120, 8, 8, 7, 7]","{""0"": 0.02570942699467871, ""1"": 0.05505017863139396, ""2"": 0.013243703982994898, ""3"": 0.022119480830640127, ""4"": 0.03632929274805651}"
11803192,sensor,single_action,0.13,0.194161402459641,0.0798437512813564,0.10629373207187458,0.03755021120323093,0.0295633659612486,30,1,"[120, 30, 0, 0, 0]","{""0"": 0.1461895378356457, ""1"": 0.10755345935674988, ""2"": 0.2310496560294245, ""3"": 0.3100962923731989, ""4"": 0.17591806670318608}"
11803192,sensor,no_probes,0.13,0.10592055346843779,0.0850200902762252,0.10718330098975933,0.030747670384787106,0.027880091592904513,0,0,"[150, 0, 0, 0, 0]","{""0"": 0.02927772241235384, ""1"": 0.10090775975116568, ""2"": 0.1499357262050045, ""3"": 0.10833285765457974, ""4"": 0.14114870131908516}"
11803192,motor_external,uncertainty,0.13,0.030211385506036206,0.012143788231501734,0.03149498102923003,0.06421911104455463,0.03312394816366747,30,4,"[120, 8, 7, 8, 7]","{""0"": 0.02817676821305638, ""1"": 0.02446289368796804, ""2"": 0.032533376010163165, ""3"": 0.044448559615139105, ""4"": 0.021435330003854346}"
11803192,motor_external,random,0.13,0.03214808274710337,0.0189514751171145,0.03127010366704068,0.0828208302588134,0.0527438726253845,30,4,"[120, 8, 6, 6, 10]","{""0"": 0.025335743613671687, ""1"": 0.012801794215330389, ""2"": 0.05279664256409961, ""3"": 0.035906769220666435, ""4"": 0.03389946412174872}"
11803192,motor_external,cycle,0.13,0.028886808155099856,0.014157718107840778,0.028403997166008683,0.061779431961270524,0.03760949266496708,30,4,"[120, 8, 7, 8, 7]","{""0"": 0.027814132224815713, ""1"": 0.020854665065310408, ""2"": 0.03403324747572173, ""3"": 0.026689709064710913, ""4"": 0.03504228694494052}"
11803192,motor_external,least_seen,0.13,0.03043503976964436,0.01397393039760008,0.04618699432133899,0.07305550172254803,0.034318247481402844,30,4,"[120, 8, 8, 7, 7]","{""0"": 0.026941310686320035, ""1"": 0.0544966538345352, ""2"": 0.007553626342526755, ""3"": 0.02063566863329149, ""4"": 0.04254793935154832}"
11803192,motor_external,single_action,0.13,0.03267347566547227,0.021648743589465527,0.03080265806140817,0.05534955100809293,0.030548514986424587,30,1,"[120, 30, 0, 0, 0]","{""0"": 0.030802139753029204, ""1"": 0.024442009047791275, ""2"": 0.030760254746673127, ""3"": 0.026493381709484023, ""4"": 0.050869593070383745}"
11803192,motor_external,no_probes,0.13,0.030141463524140776,0.01746452452625973,0.03237209962601946,0.04427057165593224,0.03209850556453243,0,0,"[150, 0, 0, 0, 0]","{""0"": 0.027667307722113944, ""1"": 0.027667307722113944, ""2"": 0.022109830678503462, ""3"": 0.03238622158439345, ""4"": 0.040876649913579054}"
11803192,unknown_nonlinear,uncertainty,0.13,0.39187641933308703,0.052906692348145046,0.1037554367356409,0.033376255784435586,0.03777950102798876,30,4,"[120, 8, 7, 9, 6]","{""0"": 0.30004557680040667, ""1"": 0.44014757055902126, ""2"": 0.3570197420457153, ""3"": 0.39187562089535577, ""4"": 0.4702935863649362}"
11803192,unknown_nonlinear,random,0.13,0.2165143959940125,0.048455226163024535,0.06150283797361688,0.0363549374824127,0.03225210166689532,30,4,"[120, 8, 6, 6, 10]","{""0"": 0.18166205272410604, ""1"": 0.11552164059854297, ""2"": 0.2929478812235648, ""3"": 0.33923769107581386, ""4"": 0.15320271434803517}"
11803192,unknown_nonlinear,cycle,0.13,0.3280056757923885,0.03995306499759592,0.06692944550870754,0.032822568760079274,0.029969931462325558,30,4,"[120, 8, 7, 8, 7]","{""0"": 0.29956365845925853, ""1"": 0.3306695688758548, ""2"": 0.40832418960521283, ""3"": 0.2654753956486822, ""4"": 0.33599556637293393}"
11803192,unknown_nonlinear,least_seen,0.13,0.12326799262788525,0.035085233933200434,0.06357916387172452,0.03239314551085531,0.03601044370289468,30,4,"[120, 8, 8, 7, 7]","{""0"": 0.09824706422552006, ""1"": 0.10902634588891603, ""2"": 0.13907498206743396, ""3"": 0.09976689350300105, ""4"": 0.17022467745455505}"
11803192,unknown_nonlinear,single_action,0.13,0.7982921507971205,0.08761085368069607,0.07088652593818807,0.03724812522781251,0.029303592013922453,30,1,"[120, 30, 0, 0, 0]","{""0"": 0.7278128153293976, ""1"": 1.089357596650392, ""2"": 0.6212708936278445, ""3"": 0.6136024720022384, ""4"": 0.9394169763757297}"
11803192,unknown_nonlinear,no_probes,0.13,0.4965683373366204,0.06616177077941039,0.07349273529658688,0.0304091271076546,0.027685327649869897,0,0,"[150, 0, 0, 0, 0]","{""0"": 0.45449964332094134, ""1"": 0.32748973182996605, ""2"": 0.7064144429619487, ""3"": 0.32030600284898875, ""4"": 0.6741318657212575}"
