seed,cause,policy,reference,noise,detector,actual_change,change_time,alarm_time,alarm,correct,identified,diagnosis,counterfactual_mse,probe_cost,linear_residual,n_post
9120000,none,adaptive,1,0.13,fixed,0,27,,0,1,0,none,0.013761926277325087,0,0.0,0
9120000,motor,adaptive,1,0.13,fixed,1,27,28,1,1,1,motor,0.004448173734483072,24,0.02922622557281803,32
9120000,external,adaptive,1,0.13,fixed,1,27,28,1,1,1,external,0.004448173734483082,24,0.029226225572818027,32
9120000,sensor,adaptive,1,0.13,fixed,1,27,29,1,1,1,sensor,0.005481723193609713,23,0.028420086774842694,31
9120000,motor_external,adaptive,1,0.13,fixed,1,27,28,1,1,1,motor_external,0.004448173734483088,24,0.029226225572818038,32
9120000,external_sensor,adaptive,1,0.13,fixed,1,27,28,1,1,1,external_sensor,0.004448173734483082,24,0.029226225572818027,32
9120000,nonlinear,adaptive,1,0.13,fixed,1,27,28,1,0,0,unknown,0.34437469394076203,24,0.4265475915314998,32
9120000,none,adaptive,1,0.13,calibrated,0,27,,0,1,0,none,0.013761926277325087,0,0.0,0
9120000,motor,adaptive,1,0.13,calibrated,1,27,28,1,1,1,motor,0.004448173734483072,24,0.02922622557281803,32
9120000,external,adaptive,1,0.13,calibrated,1,27,28,1,1,1,external,0.004448173734483082,24,0.029226225572818027,32
9120000,sensor,adaptive,1,0.13,calibrated,1,27,29,1,1,1,sensor,0.005481723193609713,23,0.028420086774842694,31
9120000,motor_external,adaptive,1,0.13,calibrated,1,27,28,1,1,1,motor_external,0.004448173734483088,24,0.029226225572818038,32
9120000,external_sensor,adaptive,1,0.13,calibrated,1,27,28,1,1,1,external_sensor,0.004448173734483082,24,0.029226225572818027,32
9120000,nonlinear,adaptive,1,0.13,calibrated,1,27,28,1,0,0,unknown,0.34437469394076203,24,0.4265475915314998,32
9120000,none,cycle,1,0.13,fixed,0,27,,0,1,0,none,0.013761926277325087,30,0.0,0
9120000,motor,cycle,1,0.13,fixed,1,27,28,1,1,1,motor,0.0038294191239600906,30,0.03038666298070108,32
9120000,external,cycle,1,0.13,fixed,1,27,28,1,1,1,external,0.003829419123960065,30,0.030386662980701078,32
9120000,sensor,cycle,1,0.13,fixed,1,27,29,1,1,1,sensor,0.003611952995393862,30,0.030905635850928728,31
9120000,motor_external,cycle,1,0.13,fixed,1,27,28,1,1,1,motor_external,0.0038294191239600485,30,0.030386662980701085,32
9120000,external_sensor,cycle,1,0.13,fixed,1,27,28,1,1,1,external_sensor,0.003829419123960065,30,0.030386662980701078,32
9120000,nonlinear,cycle,1,0.13,fixed,1,27,28,1,0,0,unknown,0.3374001780931227,30,0.3740639258503027,32
9120000,none,cycle,1,0.13,calibrated,0,27,,0,1,0,none,0.013761926277325087,30,0.0,0
9120000,motor,cycle,1,0.13,calibrated,1,27,28,1,1,1,motor,0.0038294191239600906,30,0.03038666298070108,32
9120000,external,cycle,1,0.13,calibrated,1,27,28,1,1,1,external,0.003829419123960065,30,0.030386662980701078,32
9120000,sensor,cycle,1,0.13,calibrated,1,27,29,1,1,1,sensor,0.003611952995393862,30,0.030905635850928728,31
9120000,motor_external,cycle,1,0.13,calibrated,1,27,28,1,1,1,motor_external,0.0038294191239600485,30,0.030386662980701085,32
9120000,external_sensor,cycle,1,0.13,calibrated,1,27,28,1,1,1,external_sensor,0.003829419123960065,30,0.030386662980701078,32
9120000,nonlinear,cycle,1,0.13,calibrated,1,27,28,1,0,0,unknown,0.3374001780931227,30,0.3740639258503027,32
9120000,none,adaptive,0,0.13,fixed,0,27,,0,1,0,none,0.013761926277325087,0,0.0,0
9120000,motor,adaptive,0,0.13,fixed,1,27,28,1,1,1,motor,0.004448173734483072,24,0.02922622557281803,32
9120000,external,adaptive,0,0.13,fixed,1,27,28,1,0,0,undetermined,0.004448173734483082,24,0.029226225572818027,32
9120000,sensor,adaptive,0,0.13,fixed,1,27,28,1,0,0,undetermined,0.0044481737344830696,24,0.029226225572818027,32
9120000,motor_external,adaptive,0,0.13,fixed,1,27,28,1,0,0,undetermined,0.004448173734483088,24,0.029226225572818038,32
9120000,external_sensor,adaptive,0,0.13,fixed,1,27,28,1,0,0,undetermined,0.004448173734483082,24,0.029226225572818027,32
9120000,nonlinear,adaptive,0,0.13,fixed,1,27,28,1,0,0,unknown,0.34437469394076203,24,0.4265475915314998,32
9120000,none,adaptive,0,0.13,calibrated,0,27,,0,1,0,none,0.013761926277325087,0,0.0,0
9120000,motor,adaptive,0,0.13,calibrated,1,27,28,1,1,1,motor,0.004448173734483072,24,0.02922622557281803,32
9120000,external,adaptive,0,0.13,calibrated,1,27,28,1,0,0,undetermined,0.004448173734483082,24,0.029226225572818027,32
9120000,sensor,adaptive,0,0.13,calibrated,1,27,28,1,0,0,undetermined,0.0044481737344830696,24,0.029226225572818027,32
9120000,motor_external,adaptive,0,0.13,calibrated,1,27,28,1,0,0,undetermined,0.004448173734483088,24,0.029226225572818038,32
9120000,external_sensor,adaptive,0,0.13,calibrated,1,27,28,1,0,0,undetermined,0.004448173734483082,24,0.029226225572818027,32
9120000,nonlinear,adaptive,0,0.13,calibrated,1,27,28,1,0,0,unknown,0.34437469394076203,24,0.4265475915314998,32
9120000,none,cycle,0,0.13,fixed,0,27,,0,1,0,none,0.013761926277325087,30,0.0,0
9120000,motor,cycle,0,0.13,fixed,1,27,28,1,1,1,motor,0.0038294191239600906,30,0.03038666298070108,32
9120000,external,cycle,0,0.13,fixed,1,27,28,1,0,0,undetermined,0.003829419123960065,30,0.030386662980701078,32
9120000,sensor,cycle,0,0.13,fixed,1,27,28,1,0,0,undetermined,0.0038294191239600837,30,0.03038666298070108,32
9120000,motor_external,cycle,0,0.13,fixed,1,27,28,1,0,0,undetermined,0.0038294191239600485,30,0.030386662980701085,32
9120000,external_sensor,cycle,0,0.13,fixed,1,27,28,1,0,0,undetermined,0.003829419123960065,30,0.030386662980701078,32
9120000,nonlinear,cycle,0,0.13,fixed,1,27,28,1,0,0,unknown,0.3374001780931227,30,0.3740639258503027,32
9120000,none,cycle,0,0.13,calibrated,0,27,,0,1,0,none,0.013761926277325087,30,0.0,0
9120000,motor,cycle,0,0.13,calibrated,1,27,28,1,1,1,motor,0.0038294191239600906,30,0.03038666298070108,32
9120000,external,cycle,0,0.13,calibrated,1,27,28,1,0,0,undetermined,0.003829419123960065,30,0.030386662980701078,32
9120000,sensor,cycle,0,0.13,calibrated,1,27,28,1,0,0,undetermined,0.0038294191239600837,30,0.03038666298070108,32
9120000,motor_external,cycle,0,0.13,calibrated,1,27,28,1,0,0,undetermined,0.0038294191239600485,30,0.030386662980701085,32
9120000,external_sensor,cycle,0,0.13,calibrated,1,27,28,1,0,0,undetermined,0.003829419123960065,30,0.030386662980701078,32
9120000,nonlinear,cycle,0,0.13,calibrated,1,27,28,1,0,0,unknown,0.3374001780931227,30,0.3740639258503027,32
9120000,none,adaptive,1,0.35,fixed,0,27,24,1,0,1,motor,0.032993115498173825,27,0.20004059308069796,36
9120000,motor,adaptive,1,0.35,fixed,1,27,24,1,1,1,motor,0.03185102338088982,27,0.3207929378689477,36
9120000,external,adaptive,1,0.35,fixed,1,27,24,1,0,1,motor_external,0.019861662204859132,27,0.24086439969681558,36
9120000,sensor,adaptive,1,0.35,fixed,1,27,24,1,0,1,motor_sensor,0.032993115498173825,27,0.20004059308069796,36
9120000,motor_external,adaptive,1,0.35,fixed,1,27,24,1,1,1,motor_external,0.027627712171780665,27,0.42164987592210307,36
9120000,external_sensor,adaptive,1,0.35,fixed,1,27,24,1,0,1,motor_external_sensor,0.019861662204859132,27,0.24086439969681558,36
9120000,nonlinear,adaptive,1,0.35,fixed,1,27,24,1,0,0,unknown,0.3561344346576315,27,0.670914472059673,36
9120000,none,adaptive,1,0.35,calibrated,0,27,,0,1,0,none,0.0997536076314987,0,0.0,0
9120000,motor,adaptive,1,0.35,calibrated,1,27,28,1,1,1,motor,0.03224267943634184,24,0.21184690134143241,32
9120000,external,adaptive,1,0.35,calibrated,1,27,,0,0,0,none,0.8867687715203167,0,0.0,0
9120000,sensor,adaptive,1,0.35,calibrated,1,27,31,1,0,1,motor_sensor,0.04537657646580224,21,0.19086679049059255,29
9120000,motor_external,adaptive,1,0.35,calibrated,1,27,28,1,1,1,motor_external,0.03224267943634186,24,0.21184690134143241,32
9120000,external_sensor,adaptive,1,0.35,calibrated,1,27,31,1,0,1,motor_external_sensor,0.04537657646580254,21,0.19086679049059257,29
9120000,nonlinear,adaptive,1,0.35,calibrated,1,27,36,1,0,0,unknown,0.3686767507764258,18,0.6369182523744265,24
9120000,none,cycle,1,0.35,fixed,0,27,27,1,0,1,motor,0.03192907356990522,30,0.21619067024366956,33
9120000,motor,cycle,1,0.35,fixed,1,27,27,1,1,1,motor,0.03192907356990515,30,0.21619067024366959,33
9120000,external,cycle,1,0.35,fixed,1,27,27,1,0,1,motor_external,0.03192907356990514,30,0.2161906702436696,33
9120000,sensor,cycle,1,0.35,fixed,1,27,28,1,0,1,motor_sensor,0.027757623827521404,30,0.2202583559252001,32
9120000,motor_external,cycle,1,0.35,fixed,1,27,27,1,1,1,motor_external,0.031929073569905216,30,0.21619067024366959,33
9120000,external_sensor,cycle,1,0.35,fixed,1,27,27,1,0,1,motor_external_sensor,0.03192907356990514,30,0.2161906702436696,33
9120000,nonlinear,cycle,1,0.35,fixed,1,27,27,1,0,0,unknown,0.3619661886250081,30,0.5793845586839727,33
9120000,none,cycle,1,0.35,calibrated,0,27,,0,1,0,none,0.0997536076314987,30,0.0,0
9120000,motor,cycle,1,0.35,calibrated,1,27,28,1,1,1,motor,0.027757623827521366,30,0.2202583559252001,32
9120000,external,cycle,1,0.35,calibrated,1,27,39,1,0,1,motor_external,0.019159825400950698,30,0.2108486969413631,21
9120000,sensor,cycle,1,0.35,calibrated,1,27,31,1,0,1,motor_sensor,0.026722926584161005,30,0.21487757359666904,29
9120000,motor_external,cycle,1,0.35,calibrated,1,27,28,1,1,1,motor_external,0.027757623827521272,30,0.2202583559252001,32
9120000,external_sensor,cycle,1,0.35,calibrated,1,27,29,1,0,1,motor_external_sensor,0.026181316090872764,30,0.22402014152300403,31
9120000,nonlinear,cycle,1,0.35,calibrated,1,27,,0,0,0,none,0.6784642763465736,30,0.0,0
9120000,none,adaptive,0,0.35,fixed,0,27,30,1,1,1,none,0.02935139815667559,22,0.20851391712713518,30
9120000,motor,adaptive,0,0.35,fixed,1,27,28,1,1,1,motor,0.03224267943634184,24,0.21184690134143241,32
9120000,external,adaptive,0,0.35,fixed,1,27,31,1,0,0,undetermined,0.04537657646580254,21,0.19086679049059257,29
9120000,sensor,adaptive,0,0.35,fixed,1,27,31,1,0,0,undetermined,0.04537657646580224,21,0.19086679049059255,29
9120000,motor_external,adaptive,0,0.35,fixed,1,27,28,1,0,0,undetermined,0.03224267943634186,24,0.21184690134143241,32
9120000,external_sensor,adaptive,0,0.35,fixed,1,27,28,1,0,0,undetermined,0.03224267943634185,24,0.2118469013414324,32
9120000,nonlinear,adaptive,0,0.35,fixed,1,27,28,1,0,0,unknown,0.35829484922247773,24,0.6924236558455755,32
9120000,none,adaptive,0,0.35,calibrated,0,27,,0,1,0,none,0.0997536076314987,0,0.0,0
9120000,motor,adaptive,0,0.35,calibrated,1,27,31,1,1,1,motor,0.04537657646580231,21,0.19086679049059252,29
9120000,external,adaptive,0,0.35,calibrated,1,27,,0,0,0,none,0.8867687715203167,0,0.0,0
9120000,sensor,adaptive,0,0.35,calibrated,1,27,,0,0,0,none,0.0997536076314987,0,0.0,0
9120000,motor_external,adaptive,0,0.35,calibrated,1,27,29,1,0,0,undetermined,0.039734384095691744,23,0.20600358756912598,31
9120000,external_sensor,adaptive,0,0.35,calibrated,1,27,29,1,0,0,undetermined,0.039734384095691654,23,0.20600358756912598,31
9120000,nonlinear,adaptive,0,0.35,calibrated,1,27,,0,0,0,none,0.6784642763465736,0,0.0,0
9120000,none,cycle,0,0.35,fixed,0,27,29,1,0,1,motor,0.02618131609087277,30,0.22402014152300403,31
9120000,motor,cycle,0,0.35,fixed,1,27,28,1,1,1,motor,0.027757623827521366,30,0.2202583559252001,32
9120000,external,cycle,0,0.35,fixed,1,27,30,1,0,0,undetermined,0.02664640336282964,30,0.21530509755055333,30
9120000,sensor,cycle,0,0.35,fixed,1,27,30,1,0,0,undetermined,0.02664640336282963,30,0.2153050975505533,30
9120000,motor_external,cycle,0,0.35,fixed,1,27,28,1,0,0,undetermined,0.027757623827521272,30,0.2202583559252001,32
9120000,external_sensor,cycle,0,0.35,fixed,1,27,28,1,0,0,undetermined,0.027757623827521356,30,0.22025835592520013,32
9120000,nonlinear,cycle,0,0.35,fixed,1,27,28,1,0,0,unknown,0.357296522283376,30,0.5800528776464198,32
9120000,none,cycle,0,0.35,calibrated,0,27,,0,1,0,none,0.0997536076314987,30,0.0,0
9120000,motor,cycle,0,0.35,calibrated,1,27,30,1,1,1,motor,0.026646403362829613,30,0.21530509755055333,30
9120000,external,cycle,0,0.35,calibrated,1,27,31,1,0,0,undetermined,0.026722926584160967,30,0.21487757359666906,29
9120000,sensor,cycle,0,0.35,calibrated,1,27,31,1,0,0,undetermined,0.026722926584161005,30,0.21487757359666904,29
9120000,motor_external,cycle,0,0.35,calibrated,1,27,28,1,0,0,undetermined,0.027757623827521272,30,0.2202583559252001,32
9120000,external_sensor,cycle,0,0.35,calibrated,1,27,29,1,0,0,undetermined,0.026181316090872764,30,0.22402014152300403,31
9120000,nonlinear,cycle,0,0.35,calibrated,1,27,,0,0,0,none,0.6784642763465736,30,0.0,0
9120000,none,adaptive,1,0.65,fixed,0,27,24,1,0,0,unknown,0.11379258202431371,27,0.6899359230742441,36
9120000,motor,adaptive,1,0.65,fixed,1,27,24,1,0,0,unknown,0.09976679190173868,27,0.7858833993741154,36
9120000,external,adaptive,1,0.65,fixed,1,27,24,1,0,0,unknown,0.0837270259081577,27,0.7137872782184628,36
9120000,sensor,adaptive,1,0.65,fixed,1,27,24,1,0,0,unknown,0.11379258202431371,27,0.6899359230742441,36
9120000,motor_external,adaptive,1,0.65,fixed,1,27,24,1,0,0,unknown,0.07860937786978839,27,0.8697678859553715,36
9120000,external_sensor,adaptive,1,0.65,fixed,1,27,24,1,0,0,unknown,0.0837270259081577,27,0.7137872782184628,36
9120000,nonlinear,adaptive,1,0.65,fixed,1,27,24,1,0,0,unknown,0.4232177303045764,27,1.2693829152521292,36
9120000,none,adaptive,1,0.65,calibrated,0,27,,0,1,0,none,0.3440481569331284,0,0.0,0
9120000,motor,adaptive,1,0.65,calibrated,1,27,38,1,0,1,motor_sensor,0.15677617438536204,16,0.6231125906860217,22
9120000,external,adaptive,1,0.65,calibrated,1,27,,0,0,0,none,1.111362032726648,0,0.0,0
9120000,sensor,adaptive,1,0.65,calibrated,1,27,,0,0,0,none,0.3440481569331284,0,0.0,0
9120000,motor_external,adaptive,1,0.65,calibrated,1,27,29,1,0,1,motor_external_sensor,0.13704307984024305,23,0.7105021693710675,31
9120000,external_sensor,adaptive,1,0.65,calibrated,1,27,,0,0,0,none,1.111362032726648,0,0.0,0
9120000,nonlinear,adaptive,1,0.65,calibrated,1,27,53,1,0,0,undetermined,0.6096706843319675,5,0.5625705509076458,7
9120000,none,cycle,1,0.65,fixed,0,27,24,1,0,0,unknown,0.12003242195653788,30,0.6975009709820199,36
9120000,motor,cycle,1,0.65,fixed,1,27,24,1,0,0,unknown,0.1518295233934568,30,0.8505621854379388,36
9120000,external,cycle,1,0.65,fixed,1,27,24,1,0,0,unknown,0.10252498300888906,30,0.7090139633952668,36
9120000,sensor,cycle,1,0.65,fixed,1,27,24,1,0,0,unknown,0.12003242195653788,30,0.6975009709820199,36
9120000,motor_external,cycle,1,0.65,fixed,1,27,24,1,0,0,unknown,0.12203366113933341,30,0.7928993204732109,36
9120000,external_sensor,cycle,1,0.65,fixed,1,27,24,1,0,0,unknown,0.10252498300888906,30,0.7090139633952668,36
9120000,nonlinear,cycle,1,0.65,fixed,1,27,24,1,0,0,unknown,0.45893172655632786,30,1.0956675270700733,36
9120000,none,cycle,1,0.65,calibrated,0,27,,0,1,0,none,0.3440481569331284,30,0.0,0
9120000,motor,cycle,1,0.65,calibrated,1,27,39,1,0,1,motor_sensor,0.06608184679103396,30,0.7272128527161301,21
9120000,external,cycle,1,0.65,calibrated,1,27,,0,0,0,none,1.111362032726648,30,0.0,0
9120000,sensor,cycle,1,0.65,calibrated,1,27,,0,0,0,none,0.3440481569331284,30,0.0,0
9120000,motor_external,cycle,1,0.65,calibrated,1,27,28,1,0,1,motor_external_sensor,0.09573547809900206,30,0.7596665745175271,32
9120000,external_sensor,cycle,1,0.65,calibrated,1,27,,0,0,0,none,1.111362032726648,30,0.0,0
9120000,nonlinear,cycle,1,0.65,calibrated,1,27,,0,0,0,none,0.9413679702611246,30,0.0,0
9120000,none,adaptive,0,0.65,fixed,0,27,24,1,0,0,unknown,0.11379258202431371,27,0.6899359230742441,36
9120000,motor,adaptive,0,0.65,fixed,1,27,24,1,0,0,unknown,0.09976679190173868,27,0.7858833993741154,36
9120000,external,adaptive,0,0.65,fixed,1,27,24,1,0,0,unknown,0.0837270259081577,27,0.7137872782184628,36
9120000,sensor,adaptive,0,0.65,fixed,1,27,24,1,0,0,unknown,0.11379258202431371,27,0.6899359230742441,36
9120000,motor_external,adaptive,0,0.65,fixed,1,27,24,1,0,0,unknown,0.07860937786978839,27,0.8697678859553715,36
9120000,external_sensor,adaptive,0,0.65,fixed,1,27,24,1,0,0,unknown,0.0837270259081577,27,0.7137872782184628,36
9120000,nonlinear,adaptive,0,0.65,fixed,1,27,24,1,0,0,unknown,0.4232177303045764,27,1.2693829152521292,36
9120000,none,adaptive,0,0.65,calibrated,0,27,,0,1,0,none,0.3440481569331284,0,0.0,0
9120000,motor,adaptive,0,0.65,calibrated,1,27,,0,0,0,none,2.7034704896289816,0,0.0,0
9120000,external,adaptive,0,0.65,calibrated,1,27,,0,0,0,none,1.111362032726648,0,0.0,0
9120000,sensor,adaptive,0,0.65,calibrated,1,27,,0,0,0,none,0.3440481569331284,0,0.0,0
9120000,motor_external,adaptive,0,0.65,calibrated,1,27,,0,0,0,none,3.470784365422501,0,0.0,0
9120000,external_sensor,adaptive,0,0.65,calibrated,1,27,,0,0,0,none,1.111362032726648,0,0.0,0
9120000,nonlinear,adaptive,0,0.65,calibrated,1,27,,0,0,0,none,0.9413679702611246,0,0.0,0
9120000,none,cycle,0,0.65,fixed,0,27,27,1,0,0,unknown,0.1101227231288567,30,0.7456372096159218,33
9120000,motor,cycle,0,0.65,fixed,1,27,27,1,0,0,unknown,0.11012272312885689,30,0.7456372096159217,33
9120000,external,cycle,0,0.65,fixed,1,27,28,1,0,0,unknown,0.09573547809900235,30,0.7596665745175271,32
9120000,sensor,cycle,0,0.65,fixed,1,27,28,1,0,0,unknown,0.09573547809900262,30,0.7596665745175271,32
9120000,motor_external,cycle,0,0.65,fixed,1,27,27,1,0,0,unknown,0.11012272312885674,30,0.7456372096159217,33
9120000,external_sensor,cycle,0,0.65,fixed,1,27,27,1,0,0,unknown,0.11012272312885678,30,0.7456372096159218,33
9120000,nonlinear,cycle,0,0.65,fixed,1,27,27,1,0,0,unknown,0.43537769041803165,30,1.1315972395983318,33
9120000,none,cycle,0,0.65,calibrated,0,27,,0,1,0,none,0.3440481569331284,30,0.0,0
9120000,motor,cycle,0,0.65,calibrated,1,27,,0,0,0,none,2.7034704896289816,30,0.0,0
9120000,external,cycle,0,0.65,calibrated,1,27,,0,0,0,none,1.111362032726648,30,0.0,0
9120000,sensor,cycle,0,0.65,calibrated,1,27,,0,0,0,none,0.3440481569331284,30,0.0,0
9120000,motor_external,cycle,0,0.65,calibrated,1,27,,0,0,0,none,3.470784365422501,30,0.0,0
9120000,external_sensor,cycle,0,0.65,calibrated,1,27,31,1,0,0,undetermined,0.09216682842292255,30,0.7411083660783077,29
9120000,nonlinear,cycle,0,0.65,calibrated,1,27,,0,0,0,none,0.9413679702611246,30,0.0,0
9120053,none,adaptive,1,0.13,fixed,0,33,,0,1,0,none,0.003666603756995808,0,0.0,0
9120053,motor,adaptive,1,0.13,fixed,1,33,34,1,1,1,motor,0.0019177925130916926,19,0.028943164659431277,26
9120053,external,adaptive,1,0.13,fixed,1,33,34,1,1,1,external,0.0019177925130916822,19,0.028943164659431284,26
9120053,sensor,adaptive,1,0.13,fixed,1,33,34,1,1,1,sensor,0.0019177925130916765,19,0.028943164659431284,26
9120053,motor_external,adaptive,1,0.13,fixed,1,33,34,1,1,1,motor_external,0.001917792513091698,19,0.028943164659431288,26
9120053,external_sensor,adaptive,1,0.13,fixed,1,33,34,1,1,1,external_sensor,0.0019177925130916822,19,0.028943164659431284,26
9120053,nonlinear,adaptive,1,0.13,fixed,1,33,34,1,0,0,unknown,0.3537069801300257,19,0.34944707856977913,26
9120053,none,adaptive,1,0.13,calibrated,0,33,,0,1,0,none,0.003666603756995808,0,0.0,0
9120053,motor,adaptive,1,0.13,calibrated,1,33,34,1,1,1,motor,0.0019177925130916926,19,0.028943164659431277,26
9120053,external,adaptive,1,0.13,calibrated,1,33,34,1,1,1,external,0.0019177925130916822,19,0.028943164659431284,26
9120053,sensor,adaptive,1,0.13,calibrated,1,33,34,1,1,1,sensor,0.0019177925130916765,19,0.028943164659431284,26
9120053,motor_external,adaptive,1,0.13,calibrated,1,33,34,1,1,1,motor_external,0.001917792513091698,19,0.028943164659431288,26
9120053,external_sensor,adaptive,1,0.13,calibrated,1,33,34,1,1,1,external_sensor,0.0019177925130916822,19,0.028943164659431284,26
9120053,nonlinear,adaptive,1,0.13,calibrated,1,33,34,1,0,0,unknown,0.3537069801300257,19,0.34944707856977913,26
9120053,none,cycle,1,0.13,fixed,0,33,,0,1,0,none,0.003666603756995808,30,0.0,0
9120053,motor,cycle,1,0.13,fixed,1,33,34,1,1,1,motor,0.002222161790768294,30,0.028994358292521442,26
9120053,external,cycle,1,0.13,fixed,1,33,34,1,1,1,external,0.0022221617907683044,30,0.028994358292521442,26
9120053,sensor,cycle,1,0.13,fixed,1,33,34,1,1,1,sensor,0.0022221617907683096,30,0.028994358292521442,26
9120053,motor_external,cycle,1,0.13,fixed,1,33,34,1,1,1,motor_external,0.002222161790768295,30,0.028994358292521453,26
9120053,external_sensor,cycle,1,0.13,fixed,1,33,34,1,1,1,external_sensor,0.0022221617907683044,30,0.028994358292521442,26
9120053,nonlinear,cycle,1,0.13,fixed,1,33,34,1,0,0,unknown,0.3377819586884055,30,0.39353233028999346,26
9120053,none,cycle,1,0.13,calibrated,0,33,,0,1,0,none,0.003666603756995808,30,0.0,0
9120053,motor,cycle,1,0.13,calibrated,1,33,34,1,1,1,motor,0.002222161790768294,30,0.028994358292521442,26
9120053,external,cycle,1,0.13,calibrated,1,33,34,1,1,1,external,0.0022221617907683044,30,0.028994358292521442,26
9120053,sensor,cycle,1,0.13,calibrated,1,33,34,1,1,1,sensor,0.0022221617907683096,30,0.028994358292521442,26
9120053,motor_external,cycle,1,0.13,calibrated,1,33,34,1,1,1,motor_external,0.002222161790768295,30,0.028994358292521453,26
9120053,external_sensor,cycle,1,0.13,calibrated,1,33,34,1,1,1,external_sensor,0.0022221617907683044,30,0.028994358292521442,26
9120053,nonlinear,cycle,1,0.13,calibrated,1,33,34,1,0,0,unknown,0.3377819586884055,30,0.39353233028999346,26
9120053,none,adaptive,0,0.13,fixed,0,33,,0,1,0,none,0.003666603756995808,0,0.0,0
9120053,motor,adaptive,0,0.13,fixed,1,33,34,1,1,1,motor,0.0019177925130916926,19,0.028943164659431277,26
9120053,external,adaptive,0,0.13,fixed,1,33,34,1,0,0,undetermined,0.0019177925130916822,19,0.028943164659431284,26
9120053,sensor,adaptive,0,0.13,fixed,1,33,34,1,0,0,undetermined,0.0019177925130916765,19,0.028943164659431284,26
9120053,motor_external,adaptive,0,0.13,fixed,1,33,34,1,0,0,undetermined,0.001917792513091698,19,0.028943164659431288,26
9120053,external_sensor,adaptive,0,0.13,fixed,1,33,34,1,0,0,undetermined,0.0019177925130916822,19,0.028943164659431284,26
9120053,nonlinear,adaptive,0,0.13,fixed,1,33,34,1,0,0,unknown,0.3537069801300257,19,0.34944707856977913,26
9120053,none,adaptive,0,0.13,calibrated,0,33,,0,1,0,none,0.003666603756995808,0,0.0,0
9120053,motor,adaptive,0,0.13,calibrated,1,33,34,1,1,1,motor,0.0019177925130916926,19,0.028943164659431277,26
9120053,external,adaptive,0,0.13,calibrated,1,33,34,1,0,0,undetermined,0.0019177925130916822,19,0.028943164659431284,26
9120053,sensor,adaptive,0,0.13,calibrated,1,33,34,1,0,0,undetermined,0.0019177925130916765,19,0.028943164659431284,26
9120053,motor_external,adaptive,0,0.13,calibrated,1,33,34,1,0,0,undetermined,0.001917792513091698,19,0.028943164659431288,26
9120053,external_sensor,adaptive,0,0.13,calibrated,1,33,34,1,0,0,undetermined,0.0019177925130916822,19,0.028943164659431284,26
9120053,nonlinear,adaptive,0,0.13,calibrated,1,33,34,1,0,0,unknown,0.3537069801300257,19,0.34944707856977913,26
9120053,none,cycle,0,0.13,fixed,0,33,,0,1,0,none,0.003666603756995808,30,0.0,0
9120053,motor,cycle,0,0.13,fixed,1,33,34,1,1,1,motor,0.002222161790768294,30,0.028994358292521442,26
9120053,external,cycle,0,0.13,fixed,1,33,34,1,0,0,undetermined,0.0022221617907683044,30,0.028994358292521442,26
9120053,sensor,cycle,0,0.13,fixed,1,33,34,1,0,0,undetermined,0.0022221617907683096,30,0.028994358292521442,26
9120053,motor_external,cycle,0,0.13,fixed,1,33,35,1,0,0,undetermined,0.00281184621765336,30,0.027401741637431632,25
9120053,external_sensor,cycle,0,0.13,fixed,1,33,34,1,0,0,undetermined,0.0022221617907683044,30,0.028994358292521442,26
9120053,nonlinear,cycle,0,0.13,fixed,1,33,34,1,0,0,unknown,0.3377819586884055,30,0.39353233028999346,26
9120053,none,cycle,0,0.13,calibrated,0,33,,0,1,0,none,0.003666603756995808,30,0.0,0
9120053,motor,cycle,0,0.13,calibrated,1,33,34,1,1,1,motor,0.002222161790768294,30,0.028994358292521442,26
9120053,external,cycle,0,0.13,calibrated,1,33,34,1,0,0,undetermined,0.0022221617907683044,30,0.028994358292521442,26
9120053,sensor,cycle,0,0.13,calibrated,1,33,34,1,0,0,undetermined,0.0022221617907683096,30,0.028994358292521442,26
9120053,motor_external,cycle,0,0.13,calibrated,1,33,35,1,0,0,undetermined,0.00281184621765336,30,0.027401741637431632,25
9120053,external_sensor,cycle,0,0.13,calibrated,1,33,34,1,0,0,undetermined,0.0022221617907683044,30,0.028994358292521442,26
9120053,nonlinear,cycle,0,0.13,calibrated,1,33,34,1,0,0,unknown,0.3377819586884055,30,0.39353233028999346,26
9120053,none,adaptive,1,0.35,fixed,0,33,25,1,1,1,none,0.019434338440111464,26,0.20388593630303223,35
9120053,motor,adaptive,1,0.35,fixed,1,33,25,1,1,1,motor,0.11331983067860536,26,0.4860608593937267,35
9120053,external,adaptive,1,0.35,fixed,1,33,25,1,1,1,external,0.055884833494308186,26,0.3418157382402575,35
9120053,sensor,adaptive,1,0.35,fixed,1,33,25,1,1,1,sensor,0.019434338440111464,26,0.20388593630303223,35
9120053,motor_external,adaptive,1,0.35,fixed,1,33,25,1,1,1,motor_external,0.15689050237023855,26,0.6200926107110097,35
9120053,external_sensor,adaptive,1,0.35,fixed,1,33,25,1,1,1,external_sensor,0.055884833494308186,26,0.3418157382402575,35
9120053,nonlinear,adaptive,1,0.35,fixed,1,33,25,1,0,0,unknown,0.35784387176688437,26,0.44933900175296104,35
9120053,none,adaptive,1,0.35,calibrated,0,33,,0,1,0,none,0.02657745326816523,0,0.0,0
9120053,motor,adaptive,1,0.35,calibrated,1,33,,0,0,0,none,1.6143562581054016,0,0.0,0
9120053,external,adaptive,1,0.35,calibrated,1,33,,0,0,0,none,0.8589435215525991,0,0.0,0
9120053,sensor,adaptive,1,0.35,calibrated,1,33,,0,0,0,none,0.02657745326816523,0,0.0,0
9120053,motor_external,adaptive,1,0.35,calibrated,1,33,49,1,0,1,motor_external_sensor,0.03305117922794695,8,0.22612549743131696,11
9120053,external_sensor,adaptive,1,0.35,calibrated,1,33,,0,0,0,none,0.8589435215525991,0,0.0,0
9120053,nonlinear,adaptive,1,0.35,calibrated,1,33,,0,0,0,none,0.5877396939413073,0,0.0,0
9120053,none,cycle,1,0.35,fixed,0,33,25,1,1,1,none,0.02070455086105623,30,0.20748555322710097,35
9120053,motor,cycle,1,0.35,fixed,1,33,25,1,1,1,motor,0.08355536209568665,30,0.5376336260256834,35
9120053,external,cycle,1,0.35,fixed,1,33,25,1,1,1,external,0.04419607475229276,30,0.35730242236836884,35
9120053,sensor,cycle,1,0.35,fixed,1,33,25,1,1,1,sensor,0.02070455086105623,30,0.20748555322710097,35
9120053,motor_external,cycle,1,0.35,fixed,1,33,25,1,1,1,motor_external,0.1358312462184123,30,0.7236630773936634,35
9120053,external_sensor,cycle,1,0.35,fixed,1,33,25,1,1,1,external_sensor,0.04419607475229276,30,0.35730242236836884,35
9120053,nonlinear,cycle,1,0.35,fixed,1,33,25,1,0,0,unknown,0.3795731219564914,30,0.571712349688355,35
9120053,none,cycle,1,0.35,calibrated,0,33,,0,1,0,none,0.02657745326816523,30,0.0,0
9120053,motor,cycle,1,0.35,calibrated,1,33,34,1,1,1,motor,0.016107385761486265,30,0.21016620655821752,26
9120053,external,cycle,1,0.35,calibrated,1,33,,0,0,0,none,0.8589435215525991,30,0.0,0
9120053,sensor,cycle,1,0.35,calibrated,1,33,,0,0,0,none,0.02657745326816523,30,0.0,0
9120053,motor_external,cycle,1,0.35,calibrated,1,33,35,1,1,1,motor_external,0.02038172554216194,30,0.1986220917506138,25
9120053,external_sensor,cycle,1,0.35,calibrated,1,33,,0,0,0,none,0.8589435215525991,30,0.0,0
9120053,nonlinear,cycle,1,0.35,calibrated,1,33,,0,0,0,none,0.5877396939413073,30,0.0,0
9120053,none,adaptive,0,0.35,fixed,0,33,24,1,0,0,unknown,0.005987379745080787,27,0.24794824611672878,36
9120053,motor,adaptive,0,0.35,fixed,1,33,24,1,0,0,unknown,0.1332680286516475,27,0.5555102502170494,36
9120053,external,adaptive,0,0.35,fixed,1,33,24,1,0,0,unknown,0.05539643876190187,27,0.4196502502605937,36
9120053,sensor,adaptive,0,0.35,fixed,1,33,24,1,0,0,unknown,0.005987379745080787,27,0.24794824611672878,36
9120053,motor_external,adaptive,0,0.35,fixed,1,33,24,1,0,0,unknown,0.17929778967941573,27,0.7238329563718612,36
9120053,external_sensor,adaptive,0,0.35,fixed,1,33,24,1,0,0,unknown,0.05539643876190187,27,0.4196502502605937,36
9120053,nonlinear,adaptive,0,0.35,fixed,1,33,24,1,0,0,unknown,0.3418851664154155,27,0.6119176185903432,36
9120053,none,adaptive,0,0.35,calibrated,0,33,,0,1,0,none,0.02657745326816523,0,0.0,0
9120053,motor,adaptive,0,0.35,calibrated,1,33,40,1,1,1,motor,0.02131650515638661,15,0.17124694199143503,20
9120053,external,adaptive,0,0.35,calibrated,1,33,,0,0,0,none,0.8589435215525991,0,0.0,0
9120053,sensor,adaptive,0,0.35,calibrated,1,33,,0,0,0,none,0.02657745326816523,0,0.0,0
9120053,motor_external,adaptive,0,0.35,calibrated,1,33,40,1,0,0,undetermined,0.021316505156386605,15,0.17124694199143503,20
9120053,external_sensor,adaptive,0,0.35,calibrated,1,33,38,1,0,0,undetermined,0.02115225698646623,16,0.1829464456195918,22
9120053,nonlinear,adaptive,0,0.35,calibrated,1,33,,0,0,0,none,0.5877396939413073,0,0.0,0
9120053,none,cycle,0,0.35,fixed,0,33,24,1,0,0,unknown,0.029435831986963125,30,0.22516736252398875,36
9120053,motor,cycle,0,0.35,fixed,1,33,24,1,0,0,unknown,0.1343304554014204,30,0.6293472629795533,36
9120053,external,cycle,0,0.35,fixed,1,33,24,1,0,0,unknown,0.0692699010034041,30,0.4046111233583622,36
9120053,sensor,cycle,0,0.35,fixed,1,33,24,1,0,0,unknown,0.029435831986963125,30,0.22516736252398875,36
9120053,motor_external,cycle,0,0.35,fixed,1,33,24,1,0,0,unknown,0.20641478022063775,30,0.8469225891003774,36
9120053,external_sensor,cycle,0,0.35,fixed,1,33,24,1,0,0,unknown,0.0692699010034041,30,0.4046111233583622,36
9120053,nonlinear,cycle,0,0.35,fixed,1,33,24,1,0,0,unknown,0.38529943739472217,30,0.5797018316434954,36
9120053,none,cycle,0,0.35,calibrated,0,33,,0,1,0,none,0.02657745326816523,30,0.0,0
9120053,motor,cycle,0,0.35,calibrated,1,33,,0,0,0,none,1.6143562581054016,30,0.0,0
9120053,external,cycle,0,0.35,calibrated,1,33,,0,0,0,none,0.8589435215525991,30,0.0,0
9120053,sensor,cycle,0,0.35,calibrated,1,33,,0,0,0,none,0.02657745326816523,30,0.0,0
9120053,motor_external,cycle,0,0.35,calibrated,1,33,35,1,0,0,undetermined,0.02038172554216194,30,0.1986220917506138,25
9120053,external_sensor,cycle,0,0.35,calibrated,1,33,38,1,0,0,undetermined,0.024051019966943178,30,0.18372255567456852,22
9120053,nonlinear,cycle,0,0.35,calibrated,1,33,,0,0,0,none,0.5877396939413073,30,0.0,0
9120053,none,adaptive,1,0.65,fixed,0,33,24,1,0,0,unknown,0.020650350549360316,27,0.8551684406883098,36
9120053,motor,adaptive,1,0.65,fixed,1,33,24,1,0,0,unknown,0.16893346042346055,27,1.1075719509486937,36
9120053,external,adaptive,1,0.65,fixed,1,33,24,1,0,0,unknown,0.06816003158059947,27,1.044936448384059,36
9120053,sensor,adaptive,1,0.65,fixed,1,33,24,1,0,0,unknown,0.020650350549360316,27,0.8551684406883098,36
9120053,motor_external,adaptive,1,0.65,fixed,1,33,24,1,0,0,unknown,0.21306384346564658,27,1.29396066065539,36
9120053,external_sensor,adaptive,1,0.65,fixed,1,33,24,1,0,0,unknown,0.06816003158059947,27,1.044936448384059,36
9120053,nonlinear,adaptive,1,0.65,fixed,1,33,24,1,0,0,unknown,0.3558265972228389,27,1.2540199604673505,36
9120053,none,adaptive,1,0.65,calibrated,0,33,,0,1,0,none,0.09166509392489632,0,0.0,0
9120053,motor,adaptive,1,0.65,calibrated,1,33,,0,0,0,none,1.6689685886226215,0,0.0,0
9120053,external,adaptive,1,0.65,calibrated,1,33,,0,0,0,none,0.9432020778817025,0,0.0,0
9120053,sensor,adaptive,1,0.65,calibrated,1,33,,0,0,0,none,0.09166509392489632,0,0.0,0
9120053,motor_external,adaptive,1,0.65,calibrated,1,33,,0,0,0,none,2.5205055725794274,0,0.0,0
9120053,external_sensor,adaptive,1,0.65,calibrated,1,33,,0,0,0,none,0.9432020778817025,0,0.0,0
9120053,nonlinear,adaptive,1,0.65,calibrated,1,33,,0,0,0,none,0.6563949694607317,0,0.0,0
9120053,none,cycle,1,0.65,fixed,0,33,24,1,0,0,unknown,0.10152358379177084,30,0.7765976380929409,36
9120053,motor,cycle,1,0.65,fixed,1,33,24,1,0,0,unknown,0.21447356063479725,30,1.2767094578187492,36
9120053,external,cycle,1,0.65,fixed,1,33,24,1,0,0,unknown,0.13045278258656204,30,0.9811298226056508,36
9120053,sensor,cycle,1,0.65,fixed,1,33,24,1,0,0,unknown,0.10152358379177084,30,0.7765976380929409,36
9120053,motor_external,cycle,1,0.65,fixed,1,33,24,1,0,0,unknown,0.27565301523236474,30,1.5193732076179098,36
9120053,external_sensor,cycle,1,0.65,fixed,1,33,24,1,0,0,unknown,0.13045278258656204,30,0.9811298226056508,36
9120053,nonlinear,cycle,1,0.65,fixed,1,33,24,1,0,0,unknown,0.46357213724607166,30,1.1833514657597974,36
9120053,none,cycle,1,0.65,calibrated,0,33,,0,1,0,none,0.09166509392489632,30,0.0,0
9120053,motor,cycle,1,0.65,calibrated,1,33,,0,0,0,none,1.6689685886226215,30,0.0,0
9120053,external,cycle,1,0.65,calibrated,1,33,,0,0,0,none,0.9432020778817025,30,0.0,0
9120053,sensor,cycle,1,0.65,calibrated,1,33,,0,0,0,none,0.09166509392489632,30,0.0,0
9120053,motor_external,cycle,1,0.65,calibrated,1,33,,0,0,0,none,2.5205055725794274,30,0.0,0
9120053,external_sensor,cycle,1,0.65,calibrated,1,33,,0,0,0,none,0.9432020778817025,30,0.0,0
9120053,nonlinear,cycle,1,0.65,calibrated,1,33,,0,0,0,none,0.6563949694607317,30,0.0,0
9120053,none,adaptive,0,0.65,fixed,0,33,24,1,0,0,unknown,0.020650350549360316,27,0.8551684406883098,36
9120053,motor,adaptive,0,0.65,fixed,1,33,24,1,0,0,unknown,0.16893346042346055,27,1.1075719509486937,36
9120053,external,adaptive,0,0.65,fixed,1,33,24,1,0,0,unknown,0.06816003158059947,27,1.044936448384059,36
9120053,sensor,adaptive,0,0.65,fixed,1,33,24,1,0,0,unknown,0.020650350549360316,27,0.8551684406883098,36
9120053,motor_external,adaptive,0,0.65,fixed,1,33,24,1,0,0,unknown,0.21306384346564658,27,1.29396066065539,36
9120053,external_sensor,adaptive,0,0.65,fixed,1,33,24,1,0,0,unknown,0.06816003158059947,27,1.044936448384059,36
9120053,nonlinear,adaptive,0,0.65,fixed,1,33,24,1,0,0,unknown,0.3558265972228389,27,1.2540199604673505,36
9120053,none,adaptive,0,0.65,calibrated,0,33,,0,1,0,none,0.09166509392489632,0,0.0,0
9120053,motor,adaptive,0,0.65,calibrated,1,33,,0,0,0,none,1.6689685886226215,0,0.0,0
9120053,external,adaptive,0,0.65,calibrated,1,33,,0,0,0,none,0.9432020778817025,0,0.0,0
9120053,sensor,adaptive,0,0.65,calibrated,1,33,,0,0,0,none,0.09166509392489632,0,0.0,0
9120053,motor_external,adaptive,0,0.65,calibrated,1,33,,0,0,0,none,2.5205055725794274,0,0.0,0
9120053,external_sensor,adaptive,0,0.65,calibrated,1,33,,0,0,0,none,0.9432020778817025,0,0.0,0
9120053,nonlinear,adaptive,0,0.65,calibrated,1,33,,0,0,0,none,0.6563949694607317,0,0.0,0
9120053,none,cycle,0,0.65,fixed,0,33,24,1,0,0,unknown,0.10152358379177084,30,0.7765976380929409,36
9120053,motor,cycle,0,0.65,fixed,1,33,24,1,0,0,unknown,0.21447356063479725,30,1.2767094578187492,36
9120053,external,cycle,0,0.65,fixed,1,33,24,1,0,0,unknown,0.13045278258656204,30,0.9811298226056508,36
9120053,sensor,cycle,0,0.65,fixed,1,33,24,1,0,0,unknown,0.10152358379177084,30,0.7765976380929409,36
9120053,motor_external,cycle,0,0.65,fixed,1,33,24,1,0,0,unknown,0.27565301523236474,30,1.5193732076179098,36
9120053,external_sensor,cycle,0,0.65,fixed,1,33,24,1,0,0,unknown,0.13045278258656204,30,0.9811298226056508,36
9120053,nonlinear,cycle,0,0.65,fixed,1,33,24,1,0,0,unknown,0.46357213724607166,30,1.1833514657597974,36
9120053,none,cycle,0,0.65,calibrated,0,33,,0,1,0,none,0.09166509392489632,30,0.0,0
9120053,motor,cycle,0,0.65,calibrated,1,33,,0,0,0,none,1.6689685886226215,30,0.0,0
9120053,external,cycle,0,0.65,calibrated,1,33,,0,0,0,none,0.9432020778817025,30,0.0,0
9120053,sensor,cycle,0,0.65,calibrated,1,33,,0,0,0,none,0.09166509392489632,30,0.0,0
9120053,motor_external,cycle,0,0.65,calibrated,1,33,,0,0,0,none,2.5205055725794274,30,0.0,0
9120053,external_sensor,cycle,0,0.65,calibrated,1,33,,0,0,0,none,0.9432020778817025,30,0.0,0
9120053,nonlinear,cycle,0,0.65,calibrated,1,33,,0,0,0,none,0.6563949694607317,30,0.0,0
9120106,none,adaptive,1,0.13,fixed,0,33,,0,1,0,none,0.0035411908216972086,0,0.0,0
9120106,motor,adaptive,1,0.13,fixed,1,33,34,1,1,1,motor,0.0034449757741064667,19,0.02911948140449191,26
9120106,external,adaptive,1,0.13,fixed,1,33,34,1,1,1,external,0.0034449757741064533,19,0.02911948140449192,26
9120106,sensor,adaptive,1,0.13,fixed,1,33,34,1,1,1,sensor,0.003444975774106454,19,0.02911948140449191,26
9120106,motor_external,adaptive,1,0.13,fixed,1,33,34,1,1,1,motor_external,0.0034449757741064567,19,0.029119481404491908,26
9120106,external_sensor,adaptive,1,0.13,fixed,1,33,34,1,1,1,external_sensor,0.0034449757741064533,19,0.02911948140449192,26
9120106,nonlinear,adaptive,1,0.13,fixed,1,33,34,1,0,0,unknown,0.36695801713299153,19,0.35258958788011036,26
9120106,none,adaptive,1,0.13,calibrated,0,33,,0,1,0,none,0.0035411908216972086,0,0.0,0
9120106,motor,adaptive,1,0.13,calibrated,1,33,34,1,1,1,motor,0.0034449757741064667,19,0.02911948140449191,26
9120106,external,adaptive,1,0.13,calibrated,1,33,34,1,1,1,external,0.0034449757741064533,19,0.02911948140449192,26
9120106,sensor,adaptive,1,0.13,calibrated,1,33,34,1,1,1,sensor,0.003444975774106454,19,0.02911948140449191,26
9120106,motor_external,adaptive,1,0.13,calibrated,1,33,34,1,1,1,motor_external,0.0034449757741064567,19,0.029119481404491908,26
9120106,external_sensor,adaptive,1,0.13,calibrated,1,33,34,1,1,1,external_sensor,0.0034449757741064533,19,0.02911948140449192,26
9120106,nonlinear,adaptive,1,0.13,calibrated,1,33,34,1,0,0,unknown,0.36695801713299153,19,0.35258958788011036,26
9120106,none,cycle,1,0.13,fixed,0,33,,0,1,0,none,0.0035411908216972086,30,0.0,0
9120106,motor,cycle,1,0.13,fixed,1,33,34,1,1,1,motor,0.0031213683339313377,30,0.029962190329683395,26
9120106,external,cycle,1,0.13,fixed,1,33,34,1,1,1,external,0.0031213683339313546,30,0.029962190329683395,26
9120106,sensor,cycle,1,0.13,fixed,1,33,34,1,1,1,sensor,0.0031213683339313555,30,0.029962190329683395,26
9120106,motor_external,cycle,1,0.13,fixed,1,33,34,1,1,1,motor_external,0.003121368333931336,30,0.029962190329683388,26
9120106,external_sensor,cycle,1,0.13,fixed,1,33,34,1,1,1,external_sensor,0.0031213683339313546,30,0.029962190329683395,26
9120106,nonlinear,cycle,1,0.13,fixed,1,33,34,1,0,0,unknown,0.3407885527935858,30,0.3654144265913296,26
9120106,none,cycle,1,0.13,calibrated,0,33,,0,1,0,none,0.0035411908216972086,30,0.0,0
9120106,motor,cycle,1,0.13,calibrated,1,33,34,1,1,1,motor,0.0031213683339313377,30,0.029962190329683395,26
9120106,external,cycle,1,0.13,calibrated,1,33,34,1,1,1,external,0.0031213683339313546,30,0.029962190329683395,26
9120106,sensor,cycle,1,0.13,calibrated,1,33,34,1,1,1,sensor,0.0031213683339313555,30,0.029962190329683395,26
9120106,motor_external,cycle,1,0.13,calibrated,1,33,34,1,1,1,motor_external,0.003121368333931336,30,0.029962190329683388,26
9120106,external_sensor,cycle,1,0.13,calibrated,1,33,34,1,1,1,external_sensor,0.0031213683339313546,30,0.029962190329683395,26
9120106,nonlinear,cycle,1,0.13,calibrated,1,33,34,1,0,0,unknown,0.3407885527935858,30,0.3654144265913296,26
9120106,none,adaptive,0,0.13,fixed,0,33,,0,1,0,none,0.0035411908216972086,0,0.0,0
9120106,motor,adaptive,0,0.13,fixed,1,33,34,1,1,1,motor,0.0034449757741064667,19,0.02911948140449191,26
9120106,external,adaptive,0,0.13,fixed,1,33,34,1,0,0,undetermined,0.0034449757741064533,19,0.02911948140449192,26
9120106,sensor,adaptive,0,0.13,fixed,1,33,34,1,0,0,undetermined,0.003444975774106454,19,0.02911948140449191,26
9120106,motor_external,adaptive,0,0.13,fixed,1,33,34,1,0,0,undetermined,0.0034449757741064567,19,0.029119481404491908,26
9120106,external_sensor,adaptive,0,0.13,fixed,1,33,34,1,0,0,undetermined,0.0034449757741064533,19,0.02911948140449192,26
9120106,nonlinear,adaptive,0,0.13,fixed,1,33,34,1,0,0,unknown,0.36695801713299153,19,0.35258958788011036,26
9120106,none,adaptive,0,0.13,calibrated,0,33,,0,1,0,none,0.0035411908216972086,0,0.0,0
9120106,motor,adaptive,0,0.13,calibrated,1,33,34,1,1,1,motor,0.0034449757741064667,19,0.02911948140449191,26
9120106,external,adaptive,0,0.13,calibrated,1,33,34,1,0,0,undetermined,0.0034449757741064533,19,0.02911948140449192,26
9120106,sensor,adaptive,0,0.13,calibrated,1,33,34,1,0,0,undetermined,0.003444975774106454,19,0.02911948140449191,26
9120106,motor_external,adaptive,0,0.13,calibrated,1,33,34,1,0,0,undetermined,0.0034449757741064567,19,0.029119481404491908,26
9120106,external_sensor,adaptive,0,0.13,calibrated,1,33,34,1,0,0,undetermined,0.0034449757741064533,19,0.02911948140449192,26
9120106,nonlinear,adaptive,0,0.13,calibrated,1,33,34,1,0,0,unknown,0.36695801713299153,19,0.35258958788011036,26
9120106,none,cycle,0,0.13,fixed,0,33,,0,1,0,none,0.0035411908216972086,30,0.0,0
9120106,motor,cycle,0,0.13,fixed,1,33,34,1,1,1,motor,0.0031213683339313377,30,0.029962190329683395,26
9120106,external,cycle,0,0.13,fixed,1,33,34,1,0,0,undetermined,0.0031213683339313546,30,0.029962190329683395,26
9120106,sensor,cycle,0,0.13,fixed,1,33,34,1,0,0,undetermined,0.0031213683339313555,30,0.029962190329683395,26
9120106,motor_external,cycle,0,0.13,fixed,1,33,34,1,0,0,undetermined,0.003121368333931336,30,0.029962190329683388,26
9120106,external_sensor,cycle,0,0.13,fixed,1,33,34,1,0,0,undetermined,0.0031213683339313546,30,0.029962190329683395,26
9120106,nonlinear,cycle,0,0.13,fixed,1,33,34,1,0,0,unknown,0.3407885527935858,30,0.3654144265913296,26
9120106,none,cycle,0,0.13,calibrated,0,33,,0,1,0,none,0.0035411908216972086,30,0.0,0
9120106,motor,cycle,0,0.13,calibrated,1,33,34,1,1,1,motor,0.0031213683339313377,30,0.029962190329683395,26
9120106,external,cycle,0,0.13,calibrated,1,33,34,1,0,0,undetermined,0.0031213683339313546,30,0.029962190329683395,26
9120106,sensor,cycle,0,0.13,calibrated,1,33,34,1,0,0,undetermined,0.0031213683339313555,30,0.029962190329683395,26
9120106,motor_external,cycle,0,0.13,calibrated,1,33,34,1,0,0,undetermined,0.003121368333931336,30,0.029962190329683388,26
9120106,external_sensor,cycle,0,0.13,calibrated,1,33,34,1,0,0,undetermined,0.0031213683339313546,30,0.029962190329683395,26
9120106,nonlinear,cycle,0,0.13,calibrated,1,33,34,1,0,0,unknown,0.3407885527935858,30,0.3654144265913296,26
9120106,none,adaptive,1,0.35,fixed,0,33,24,1,1,1,none,0.011972002278166952,27,0.2331282589792827,36
9120106,motor,adaptive,1,0.35,fixed,1,33,24,1,1,1,motor,0.08102485320721133,27,0.5872628972511458,36
9120106,external,adaptive,1,0.35,fixed,1,33,24,1,1,1,external,0.06836355116643097,27,0.41384311650518213,36
9120106,sensor,adaptive,1,0.35,fixed,1,33,24,1,1,1,sensor,0.011972002278166952,27,0.2331282589792827,36
9120106,motor_external,adaptive,1,0.35,fixed,1,33,24,1,1,1,motor_external,0.1167120282943106,27,0.7472733809758805,36
9120106,external_sensor,adaptive,1,0.35,fixed,1,33,24,1,1,1,external_sensor,0.06836355116643097,27,0.41384311650518213,36
9120106,nonlinear,adaptive,1,0.35,fixed,1,33,24,1,0,0,unknown,0.34645772285125476,27,0.6253882203675878,36
9120106,none,adaptive,1,0.35,calibrated,0,33,,0,1,0,none,0.025668395009343613,0,0.0,0
9120106,motor,adaptive,1,0.35,calibrated,1,33,39,1,1,1,motor,0.03643820368617688,15,0.19463416726003363,21
9120106,external,adaptive,1,0.35,calibrated,1,33,,0,0,0,none,0.7580362168437886,0,0.0,0
9120106,sensor,adaptive,1,0.35,calibrated,1,33,51,1,0,1,external_sensor,0.10345175721288173,6,0.23117917563796653,9
9120106,motor_external,adaptive,1,0.35,calibrated,1,33,39,1,1,1,motor_external,0.036438203686176854,15,0.1946341672600336,21
9120106,external_sensor,adaptive,1,0.35,calibrated,1,33,51,1,1,1,external_sensor,0.10345175721288173,6,0.23117917563796653,9
9120106,nonlinear,adaptive,1,0.35,calibrated,1,33,39,1,0,1,external,0.4208614769130007,15,0.5471337168948712,21
9120106,none,cycle,1,0.35,fixed,0,33,24,1,1,1,none,0.004821009886090591,30,0.24321485881715757,36
9120106,motor,cycle,1,0.35,fixed,1,33,24,1,1,1,motor,0.07307532158712081,30,0.5185969397713949,36
9120106,external,cycle,1,0.35,fixed,1,33,24,1,1,1,external,0.06007112046086503,30,0.4251493859412154,36
9120106,sensor,cycle,1,0.35,fixed,1,33,24,1,1,1,sensor,0.004821009886090591,30,0.24321485881715757,36
9120106,motor_external,cycle,1,0.35,fixed,1,33,24,1,1,1,motor_external,0.1487480434512165,30,0.7331537445240669,36
9120106,external_sensor,cycle,1,0.35,fixed,1,33,24,1,1,1,external_sensor,0.06007112046086503,30,0.4251493859412154,36
9120106,nonlinear,cycle,1,0.35,fixed,1,33,24,1,0,0,unknown,0.3466234255052897,30,0.599671521925253,36
9120106,none,cycle,1,0.35,calibrated,0,33,,0,1,0,none,0.025668395009343613,30,0.0,0
9120106,motor,cycle,1,0.35,calibrated,1,33,34,1,1,1,motor,0.022625303012224228,30,0.21718155712344472,26
9120106,external,cycle,1,0.35,calibrated,1,33,,0,0,0,none,0.7580362168437886,30,0.0,0
9120106,sensor,cycle,1,0.35,calibrated,1,33,51,1,0,1,motor_sensor,0.1547782172132855,30,0.18423103819127384,9
9120106,motor_external,cycle,1,0.35,calibrated,1,33,35,1,1,1,motor_external,0.031776195409752135,30,0.21139221322427607,25
9120106,external_sensor,cycle,1,0.35,calibrated,1,33,51,1,0,1,motor_external_sensor,0.15477821721328552,30,0.18423103819127387,9
9120106,nonlinear,cycle,1,0.35,calibrated,1,33,,0,0,0,none,0.6427914766202216,30,0.0,0
9120106,none,adaptive,0,0.35,fixed,0,33,25,1,1,1,none,0.004900122486026335,26,0.24658337612832965,35
9120106,motor,adaptive,0,0.35,fixed,1,33,25,1,1,1,motor,0.10409371570916677,26,0.6702942595451012,35
9120106,external,adaptive,0,0.35,fixed,1,33,25,1,0,0,undetermined,0.052064731404254404,26,0.4125059912638593,35
9120106,sensor,adaptive,0,0.35,fixed,1,33,25,1,0,0,undetermined,0.004900122486026335,26,0.24658337612832965,35
9120106,motor_external,adaptive,0,0.35,fixed,1,33,25,1,0,0,undetermined,0.15687334378122342,26,0.8331428457613921,35
9120106,external_sensor,adaptive,0,0.35,fixed,1,33,25,1,0,0,undetermined,0.052064731404254404,26,0.4125059912638593,35
9120106,nonlinear,adaptive,0,0.35,fixed,1,33,25,1,0,0,unknown,0.3387667455262893,26,0.5885266780743049,35
9120106,none,adaptive,0,0.35,calibrated,0,33,,0,1,0,none,0.025668395009343613,0,0.0,0
9120106,motor,adaptive,0,0.35,calibrated,1,33,41,1,1,1,motor,0.0383155225024854,14,0.20443155802675542,19
9120106,external,adaptive,0,0.35,calibrated,1,33,,0,0,0,none,0.7580362168437886,0,0.0,0
9120106,sensor,adaptive,0,0.35,calibrated,1,33,,0,0,0,none,0.025668395009343613,0,0.0,0
9120106,motor_external,adaptive,0,0.35,calibrated,1,33,44,1,0,0,undetermined,0.0503354834895944,12,0.17909642072215795,16
9120106,external_sensor,adaptive,0,0.35,calibrated,1,33,34,1,0,0,undetermined,0.02497097824426276,19,0.21107316402664253,26
9120106,nonlinear,adaptive,0,0.35,calibrated,1,33,,0,0,0,none,0.6427914766202216,0,0.0,0
9120106,none,cycle,0,0.35,fixed,0,33,25,1,1,1,none,0.004672858408937688,30,0.24783616472112732,35
9120106,motor,cycle,0,0.35,fixed,1,33,25,1,1,1,motor,0.05613128953003481,30,0.5029939776002109,35
9120106,external,cycle,0,0.35,fixed,1,33,25,1,0,0,undetermined,0.051747189415513484,30,0.4136354466614478,35
9120106,sensor,cycle,0,0.35,fixed,1,33,25,1,0,0,undetermined,0.004672858408937688,30,0.24783616472112732,35
9120106,motor_external,cycle,0,0.35,fixed,1,33,25,1,0,0,undetermined,0.10850414227279362,30,0.6754591417247616,35
9120106,external_sensor,cycle,0,0.35,fixed,1,33,25,1,0,0,undetermined,0.051747189415513484,30,0.4136354466614478,35
9120106,nonlinear,cycle,0,0.35,fixed,1,33,25,1,0,0,unknown,0.34401318229392874,30,0.6031101692855844,35
9120106,none,cycle,0,0.35,calibrated,0,33,,0,1,0,none,0.025668395009343613,30,0.0,0
9120106,motor,cycle,0,0.35,calibrated,1,33,40,1,1,1,motor,0.059111755353299454,30,0.17747812575814273,20
9120106,external,cycle,0,0.35,calibrated,1,33,,0,0,0,none,0.7580362168437886,30,0.0,0
9120106,sensor,cycle,0,0.35,calibrated,1,33,,0,0,0,none,0.025668395009343613,30,0.0,0
9120106,motor_external,cycle,0,0.35,calibrated,1,33,35,1,0,0,undetermined,0.031776195409752135,30,0.21139221322427607,25
9120106,external_sensor,cycle,0,0.35,calibrated,1,33,34,1,0,0,undetermined,0.022625303012224283,30,0.21718155712344467,26
9120106,nonlinear,cycle,0,0.35,calibrated,1,33,,0,0,0,none,0.6427914766202216,30,0.0,0
9120106,none,adaptive,1,0.65,fixed,0,33,24,1,0,0,unknown,0.04129119153082081,27,0.8040546074999751,36
9120106,motor,adaptive,1,0.65,fixed,1,33,24,1,0,0,unknown,0.08143696230380786,27,1.1429501526503663,36
9120106,external,adaptive,1,0.65,fixed,1,33,24,1,0,0,unknown,0.1017683537518824,27,1.0105607714766454,36
9120106,sensor,adaptive,1,0.65,fixed,1,33,24,1,0,0,unknown,0.04129119153082081,27,0.8040546074999751,36
9120106,motor_external,adaptive,1,0.65,fixed,1,33,24,1,0,0,unknown,0.1212097507237048,27,1.3287519428258723,36
9120106,external_sensor,adaptive,1,0.65,fixed,1,33,24,1,0,0,unknown,0.1017683537518824,27,1.0105607714766454,36
9120106,nonlinear,adaptive,1,0.65,fixed,1,33,24,1,0,0,unknown,0.3738450297379839,27,1.2554457924062983,36
9120106,none,adaptive,1,0.65,calibrated,0,33,,0,1,0,none,0.08852977054243008,0,0.0,0
9120106,motor,adaptive,1,0.65,calibrated,1,33,58,1,0,0,undetermined,1.4985205873275256,1,4.749343242858924e-31,2
9120106,external,adaptive,1,0.65,calibrated,1,33,,0,0,0,none,0.754355725377828,0,0.0,0
9120106,sensor,adaptive,1,0.65,calibrated,1,33,,0,0,0,none,0.08852977054243008,0,0.0,0
9120106,motor_external,adaptive,1,0.65,calibrated,1,33,58,1,0,0,undetermined,1.498520587327526,1,4.437342591868191e-31,2
9120106,external_sensor,adaptive,1,0.65,calibrated,1,33,,0,0,0,none,0.754355725377828,0,0.0,0
9120106,nonlinear,adaptive,1,0.65,calibrated,1,33,58,1,0,0,undetermined,3.050431931710006,1,4.498972350088583e-31,2
9120106,none,cycle,1,0.65,fixed,0,33,24,1,0,0,unknown,0.016627564709169568,30,0.8388430844918292,36
9120106,motor,cycle,1,0.65,fixed,1,33,24,1,0,0,unknown,0.0615312483701171,30,1.0997589537151722,36
9120106,external,cycle,1,0.65,fixed,1,33,24,1,0,0,unknown,0.07418655496943735,30,1.0480009778282386,36
9120106,sensor,cycle,1,0.65,fixed,1,33,24,1,0,0,unknown,0.016627564709169568,30,0.8388430844918292,36
9120106,motor_external,cycle,1,0.65,fixed,1,33,24,1,0,0,unknown,0.13951284991970617,30,1.3415391246801962,36
9120106,external_sensor,cycle,1,0.65,fixed,1,33,24,1,0,0,unknown,0.07418655496943735,30,1.0480009778282386,36
9120106,nonlinear,cycle,1,0.65,fixed,1,33,24,1,0,0,unknown,0.352562479984716,30,1.2491667009946366,36
9120106,none,cycle,1,0.65,calibrated,0,33,,0,1,0,none,0.08852977054243008,30,0.0,0
9120106,motor,cycle,1,0.65,calibrated,1,33,,0,0,0,none,1.8786293061904427,30,0.0,0
9120106,external,cycle,1,0.65,calibrated,1,33,,0,0,0,none,0.754355725377828,30,0.0,0
9120106,sensor,cycle,1,0.65,calibrated,1,33,,0,0,0,none,0.08852977054243008,30,0.0,0
9120106,motor_external,cycle,1,0.65,calibrated,1,33,,0,0,0,none,2.544455261025841,30,0.0,0
9120106,external_sensor,cycle,1,0.65,calibrated,1,33,,0,0,0,none,0.754355725377828,30,0.0,0
9120106,nonlinear,cycle,1,0.65,calibrated,1,33,,0,0,0,none,0.7571869221054894,30,0.0,0
9120106,none,adaptive,0,0.65,fixed,0,33,24,1,0,0,unknown,0.04129119153082081,27,0.8040546074999751,36
9120106,motor,adaptive,0,0.65,fixed,1,33,24,1,0,0,unknown,0.08143696230380786,27,1.1429501526503663,36
9120106,external,adaptive,0,0.65,fixed,1,33,24,1,0,0,unknown,0.1017683537518824,27,1.0105607714766454,36
9120106,sensor,adaptive,0,0.65,fixed,1,33,24,1,0,0,unknown,0.04129119153082081,27,0.8040546074999751,36
9120106,motor_external,adaptive,0,0.65,fixed,1,33,24,1,0,0,unknown,0.1212097507237048,27,1.3287519428258723,36
9120106,external_sensor,adaptive,0,0.65,fixed,1,33,24,1,0,0,unknown,0.1017683537518824,27,1.0105607714766454,36
9120106,nonlinear,adaptive,0,0.65,fixed,1,33,24,1,0,0,unknown,0.3738450297379839,27,1.2554457924062983,36
9120106,none,adaptive,0,0.65,calibrated,0,33,,0,1,0,none,0.08852977054243008,0,0.0,0
9120106,motor,adaptive,0,0.65,calibrated,1,33,,0,0,0,none,1.8786293061904427,0,0.0,0
9120106,external,adaptive,0,0.65,calibrated,1,33,,0,0,0,none,0.754355725377828,0,0.0,0
9120106,sensor,adaptive,0,0.65,calibrated,1,33,,0,0,0,none,0.08852977054243008,0,0.0,0
9120106,motor_external,adaptive,0,0.65,calibrated,1,33,,0,0,0,none,2.544455261025841,0,0.0,0
9120106,external_sensor,adaptive,0,0.65,calibrated,1,33,,0,0,0,none,0.754355725377828,0,0.0,0
9120106,nonlinear,adaptive,0,0.65,calibrated,1,33,,0,0,0,none,0.7571869221054894,0,0.0,0
9120106,none,cycle,0,0.65,fixed,0,33,24,1,0,0,unknown,0.016627564709169568,30,0.8388430844918292,36
9120106,motor,cycle,0,0.65,fixed,1,33,24,1,0,0,unknown,0.0615312483701171,30,1.0997589537151722,36
9120106,external,cycle,0,0.65,fixed,1,33,24,1,0,0,unknown,0.07418655496943735,30,1.0480009778282386,36
9120106,sensor,cycle,0,0.65,fixed,1,33,24,1,0,0,unknown,0.016627564709169568,30,0.8388430844918292,36
9120106,motor_external,cycle,0,0.65,fixed,1,33,24,1,0,0,unknown,0.13951284991970617,30,1.3415391246801962,36
9120106,external_sensor,cycle,0,0.65,fixed,1,33,24,1,0,0,unknown,0.07418655496943735,30,1.0480009778282386,36
9120106,nonlinear,cycle,0,0.65,fixed,1,33,24,1,0,0,unknown,0.352562479984716,30,1.2491667009946366,36
9120106,none,cycle,0,0.65,calibrated,0,33,,0,1,0,none,0.08852977054243008,30,0.0,0
9120106,motor,cycle,0,0.65,calibrated,1,33,,0,0,0,none,1.8786293061904427,30,0.0,0
9120106,external,cycle,0,0.65,calibrated,1,33,,0,0,0,none,0.754355725377828,30,0.0,0
9120106,sensor,cycle,0,0.65,calibrated,1,33,,0,0,0,none,0.08852977054243008,30,0.0,0
9120106,motor_external,cycle,0,0.65,calibrated,1,33,,0,0,0,none,2.544455261025841,30,0.0,0
9120106,external_sensor,cycle,0,0.65,calibrated,1,33,,0,0,0,none,0.754355725377828,30,0.0,0
9120106,nonlinear,cycle,0,0.65,calibrated,1,33,,0,0,0,none,0.7571869221054894,30,0.0,0
9120159,none,adaptive,1,0.13,fixed,0,29,,0,1,0,none,0.006153039596707089,0,0.0,0
9120159,motor,adaptive,1,0.13,fixed,1,29,30,1,1,1,motor,0.0034038930326596465,22,0.02476763094863911,30
9120159,external,adaptive,1,0.13,fixed,1,29,30,1,1,1,external,0.003403893032659669,22,0.024767630948639104,30
9120159,sensor,adaptive,1,0.13,fixed,1,29,30,1,1,1,sensor,0.003403893032659657,22,0.024767630948639107,30
9120159,motor_external,adaptive,1,0.13,fixed,1,29,30,1,1,1,motor_external,0.0034038930326596474,22,0.024767630948639107,30
9120159,external_sensor,adaptive,1,0.13,fixed,1,29,30,1,1,1,external_sensor,0.003403893032659669,22,0.024767630948639104,30
9120159,nonlinear,adaptive,1,0.13,fixed,1,29,30,1,0,0,unknown,0.3525632313710698,22,0.3716119423437601,30
9120159,none,adaptive,1,0.13,calibrated,0,29,,0,1,0,none,0.006153039596707089,0,0.0,0
9120159,motor,adaptive,1,0.13,calibrated,1,29,30,1,1,1,motor,0.0034038930326596465,22,0.02476763094863911,30
9120159,external,adaptive,1,0.13,calibrated,1,29,30,1,1,1,external,0.003403893032659669,22,0.024767630948639104,30
9120159,sensor,adaptive,1,0.13,calibrated,1,29,30,1,1,1,sensor,0.003403893032659657,22,0.024767630948639107,30
9120159,motor_external,adaptive,1,0.13,calibrated,1,29,30,1,1,1,motor_external,0.0034038930326596474,22,0.024767630948639107,30
9120159,external_sensor,adaptive,1,0.13,calibrated,1,29,30,1,1,1,external_sensor,0.003403893032659669,22,0.024767630948639104,30
9120159,nonlinear,adaptive,1,0.13,calibrated,1,29,30,1,0,0,unknown,0.3525632313710698,22,0.3716119423437601,30
9120159,none,cycle,1,0.13,fixed,0,29,,0,1,0,none,0.006153039596707089,30,0.0,0
9120159,motor,cycle,1,0.13,fixed,1,29,30,1,1,1,motor,0.0021261948243230747,30,0.026571369205968268,30
9120159,external,cycle,1,0.13,fixed,1,29,30,1,1,1,external,0.0021261948243230682,30,0.02657136920596826,30
9120159,sensor,cycle,1,0.13,fixed,1,29,30,1,1,1,sensor,0.0021261948243230583,30,0.026571369205968268,30
9120159,motor_external,cycle,1,0.13,fixed,1,29,30,1,1,1,motor_external,0.002126194824323081,30,0.026571369205968264,30
9120159,external_sensor,cycle,1,0.13,fixed,1,29,30,1,1,1,external_sensor,0.0021261948243230682,30,0.02657136920596826,30
9120159,nonlinear,cycle,1,0.13,fixed,1,29,30,1,0,0,unknown,0.33632619482432313,30,0.3908756490817683,30
9120159,none,cycle,1,0.13,calibrated,0,29,,0,1,0,none,0.006153039596707089,30,0.0,0
9120159,motor,cycle,1,0.13,calibrated,1,29,30,1,1,1,motor,0.0021261948243230747,30,0.026571369205968268,30
9120159,external,cycle,1,0.13,calibrated,1,29,30,1,1,1,external,0.0021261948243230682,30,0.02657136920596826,30
9120159,sensor,cycle,1,0.13,calibrated,1,29,30,1,1,1,sensor,0.0021261948243230583,30,0.026571369205968268,30
9120159,motor_external,cycle,1,0.13,calibrated,1,29,30,1,1,1,motor_external,0.002126194824323081,30,0.026571369205968264,30
9120159,external_sensor,cycle,1,0.13,calibrated,1,29,30,1,1,1,external_sensor,0.0021261948243230682,30,0.02657136920596826,30
9120159,nonlinear,cycle,1,0.13,calibrated,1,29,30,1,0,0,unknown,0.33632619482432313,30,0.3908756490817683,30
9120159,none,adaptive,0,0.13,fixed,0,29,,0,1,0,none,0.006153039596707089,0,0.0,0
9120159,motor,adaptive,0,0.13,fixed,1,29,30,1,1,1,motor,0.0034038930326596465,22,0.02476763094863911,30
9120159,external,adaptive,0,0.13,fixed,1,29,30,1,0,0,undetermined,0.003403893032659669,22,0.024767630948639104,30
9120159,sensor,adaptive,0,0.13,fixed,1,29,30,1,0,0,undetermined,0.003403893032659657,22,0.024767630948639107,30
9120159,motor_external,adaptive,0,0.13,fixed,1,29,30,1,0,0,undetermined,0.0034038930326596474,22,0.024767630948639107,30
9120159,external_sensor,adaptive,0,0.13,fixed,1,29,30,1,0,0,undetermined,0.003403893032659669,22,0.024767630948639104,30
9120159,nonlinear,adaptive,0,0.13,fixed,1,29,30,1,0,0,unknown,0.3525632313710698,22,0.3716119423437601,30
9120159,none,adaptive,0,0.13,calibrated,0,29,,0,1,0,none,0.006153039596707089,0,0.0,0
9120159,motor,adaptive,0,0.13,calibrated,1,29,30,1,1,1,motor,0.0034038930326596465,22,0.02476763094863911,30
9120159,external,adaptive,0,0.13,calibrated,1,29,30,1,0,0,undetermined,0.003403893032659669,22,0.024767630948639104,30
9120159,sensor,adaptive,0,0.13,calibrated,1,29,30,1,0,0,undetermined,0.003403893032659657,22,0.024767630948639107,30
9120159,motor_external,adaptive,0,0.13,calibrated,1,29,30,1,0,0,undetermined,0.0034038930326596474,22,0.024767630948639107,30
9120159,external_sensor,adaptive,0,0.13,calibrated,1,29,30,1,0,0,undetermined,0.003403893032659669,22,0.024767630948639104,30
9120159,nonlinear,adaptive,0,0.13,calibrated,1,29,30,1,0,0,unknown,0.3525632313710698,22,0.3716119423437601,30
9120159,none,cycle,0,0.13,fixed,0,29,,0,1,0,none,0.006153039596707089,30,0.0,0
9120159,motor,cycle,0,0.13,fixed,1,29,30,1,1,1,motor,0.0021261948243230747,30,0.026571369205968268,30
9120159,external,cycle,0,0.13,fixed,1,29,30,1,0,0,undetermined,0.0021261948243230682,30,0.02657136920596826,30
9120159,sensor,cycle,0,0.13,fixed,1,29,30,1,0,0,undetermined,0.0021261948243230583,30,0.026571369205968268,30
9120159,motor_external,cycle,0,0.13,fixed,1,29,30,1,0,0,undetermined,0.002126194824323081,30,0.026571369205968264,30
9120159,external_sensor,cycle,0,0.13,fixed,1,29,30,1,0,0,undetermined,0.0021261948243230682,30,0.02657136920596826,30
9120159,nonlinear,cycle,0,0.13,fixed,1,29,30,1,0,0,unknown,0.33632619482432313,30,0.3908756490817683,30
9120159,none,cycle,0,0.13,calibrated,0,29,,0,1,0,none,0.006153039596707089,30,0.0,0
9120159,motor,cycle,0,0.13,calibrated,1,29,30,1,1,1,motor,0.0021261948243230747,30,0.026571369205968268,30
9120159,external,cycle,0,0.13,calibrated,1,29,30,1,0,0,undetermined,0.0021261948243230682,30,0.02657136920596826,30
9120159,sensor,cycle,0,0.13,calibrated,1,29,30,1,0,0,undetermined,0.0021261948243230583,30,0.026571369205968268,30
9120159,motor_external,cycle,0,0.13,calibrated,1,29,30,1,0,0,undetermined,0.002126194824323081,30,0.026571369205968264,30
9120159,external_sensor,cycle,0,0.13,calibrated,1,29,30,1,0,0,undetermined,0.0021261948243230682,30,0.02657136920596826,30
9120159,nonlinear,cycle,0,0.13,calibrated,1,29,30,1,0,0,unknown,0.33632619482432313,30,0.3908756490817683,30
9120159,none,adaptive,1,0.35,fixed,0,29,24,1,1,1,none,0.009782878165986695,27,0.1912176593637923,36
9120159,motor,adaptive,1,0.35,fixed,1,29,24,1,1,1,motor,0.06709662298614362,27,0.40416895793247737,36
9120159,external,adaptive,1,0.35,fixed,1,29,24,1,1,1,external,0.03050633843964896,27,0.29819657987817244,36
9120159,sensor,adaptive,1,0.35,fixed,1,29,24,1,1,1,sensor,0.009782878165986695,27,0.1912176593637923,36
9120159,motor_external,adaptive,1,0.35,fixed,1,29,24,1,1,1,motor_external,0.09723364770738929,27,0.5351620734662028,36
9120159,external_sensor,adaptive,1,0.35,fixed,1,29,24,1,1,1,external_sensor,0.03050633843964896,27,0.29819657987817244,36
9120159,nonlinear,adaptive,1,0.35,fixed,1,29,24,1,0,0,unknown,0.3458864854280788,27,0.5471046006271891,36
9120159,none,adaptive,1,0.35,calibrated,0,29,,0,1,0,none,0.044600434946545676,0,0.0,0
9120159,motor,adaptive,1,0.35,calibrated,1,29,33,1,1,1,motor,0.024873995429479927,20,0.17530328517930147,27
9120159,external,adaptive,1,0.35,calibrated,1,29,59,1,0,0,undetermined,1.1014941704906867,0,3.944304526105059e-31,1
9120159,sensor,adaptive,1,0.35,calibrated,1,29,43,1,0,1,motor_sensor,0.03280389180608875,12,0.1105210469227002,17
9120159,motor_external,adaptive,1,0.35,calibrated,1,29,30,1,1,1,motor_external,0.024673189142059574,22,0.17952868587031298,30
9120159,external_sensor,adaptive,1,0.35,calibrated,1,29,39,1,0,1,motor_external_sensor,0.023494052284178075,15,0.17205234842866096,21
9120159,nonlinear,adaptive,1,0.35,calibrated,1,29,,0,0,0,none,0.5798523766703375,0,0.0,0
9120159,none,cycle,1,0.35,fixed,0,29,24,1,1,1,none,0.0069850243283384305,30,0.19607473504916886,36
9120159,motor,cycle,1,0.35,fixed,1,29,24,1,1,1,motor,0.018037193890647743,30,0.42331447793513677,36
9120159,external,cycle,1,0.35,fixed,1,29,24,1,1,1,external,0.021455713835874766,30,0.31113468275778167,36
9120159,sensor,cycle,1,0.35,fixed,1,29,24,1,1,1,sensor,0.0069850243283384305,30,0.19607473504916886,36
9120159,motor_external,cycle,1,0.35,fixed,1,29,24,1,1,1,motor_external,0.03376768694327053,30,0.5377328590235667,36
9120159,external_sensor,cycle,1,0.35,fixed,1,29,24,1,1,1,external_sensor,0.021455713835874766,30,0.31113468275778167,36
9120159,nonlinear,cycle,1,0.35,fixed,1,29,24,1,0,0,unknown,0.34225350416319256,30,0.6010850503935009,36
9120159,none,cycle,1,0.35,calibrated,0,29,,0,1,0,none,0.044600434946545676,30,0.0,0
9120159,motor,cycle,1,0.35,calibrated,1,29,30,1,1,1,motor,0.015411767217726418,30,0.19260311998408944,30
9120159,external,cycle,1,0.35,calibrated,1,29,59,1,0,0,undetermined,1.076854850490649,30,2.0029671421627253e-31,1
9120159,sensor,cycle,1,0.35,calibrated,1,29,43,1,1,1,sensor,0.009133502555575039,30,0.14147682158716848,17
9120159,motor_external,cycle,1,0.35,calibrated,1,29,32,1,1,1,motor_external,0.016866095479531964,30,0.19736420851394018,28
9120159,external_sensor,cycle,1,0.35,calibrated,1,29,39,1,1,1,external_sensor,0.01652041241019513,30,0.1806773913135392,21
9120159,nonlinear,cycle,1,0.35,calibrated,1,29,,0,0,0,none,0.5798523766703375,30,0.0,0
9120159,none,adaptive,0,0.35,fixed,0,29,54,1,0,0,undetermined,0.13886132923668953,4,0.08572368316849695,6
9120159,motor,adaptive,0,0.35,fixed,1,29,30,1,1,1,motor,0.024673189142059578,22,0.179528685870313,30
9120159,external,adaptive,0,0.35,fixed,1,29,30,1,0,0,undetermined,0.024673189142059647,22,0.179528685870313,30
9120159,sensor,adaptive,0,0.35,fixed,1,29,30,1,0,0,undetermined,0.024673189142059605,22,0.17952868587031295,30
9120159,motor_external,adaptive,0,0.35,fixed,1,29,30,1,0,0,undetermined,0.024673189142059574,22,0.17952868587031298,30
9120159,external_sensor,adaptive,0,0.35,fixed,1,29,30,1,0,0,undetermined,0.024673189142059647,22,0.179528685870313,30
9120159,nonlinear,adaptive,0,0.35,fixed,1,29,31,1,0,0,unknown,0.3570231640805678,21,0.6261413493727536,29
9120159,none,adaptive,0,0.35,calibrated,0,29,,0,1,0,none,0.044600434946545676,0,0.0,0
9120159,motor,adaptive,0,0.35,calibrated,1,29,35,1,1,1,motor,0.028448454596257184,18,0.17620309528087005,25
9120159,external,adaptive,0,0.35,calibrated,1,29,,0,0,0,none,0.9273024543877195,0,0.0,0
9120159,sensor,adaptive,0,0.35,calibrated,1,29,,0,0,0,none,0.044600434946545676,0,0.0,0
9120159,motor_external,adaptive,0,0.35,calibrated,1,29,30,1,0,0,undetermined,0.024673189142059574,22,0.17952868587031298,30
9120159,external_sensor,adaptive,0,0.35,calibrated,1,29,30,1,0,0,undetermined,0.024673189142059647,22,0.179528685870313,30
9120159,nonlinear,adaptive,0,0.35,calibrated,1,29,,0,0,0,none,0.5798523766703375,0,0.0,0
9120159,none,cycle,0,0.35,fixed,0,29,54,1,0,0,undetermined,0.03213552715438853,30,0.17957847144185798,6
9120159,motor,cycle,0,0.35,fixed,1,29,30,1,1,1,motor,0.015411767217726418,30,0.19260311998408944,30
9120159,external,cycle,0,0.35,fixed,1,29,30,1,0,0,undetermined,0.01541176721772639,30,0.19260311998408947,30
9120159,sensor,cycle,0,0.35,fixed,1,29,30,1,0,0,undetermined,0.01541176721772639,30,0.19260311998408947,30
9120159,motor_external,cycle,0,0.35,fixed,1,29,30,1,0,0,undetermined,0.015411767217726404,30,0.19260311998408944,30
9120159,external_sensor,cycle,0,0.35,fixed,1,29,30,1,0,0,undetermined,0.01541176721772639,30,0.19260311998408947,30
9120159,nonlinear,cycle,0,0.35,fixed,1,29,30,1,0,0,unknown,0.34961176721772635,30,0.6078531042650896,30
9120159,none,cycle,0,0.35,calibrated,0,29,,0,1,0,none,0.044600434946545676,30,0.0,0
9120159,motor,cycle,0,0.35,calibrated,1,29,35,1,1,1,motor,0.021019980461556086,30,0.18827519775553697,25
9120159,external,cycle,0,0.35,calibrated,1,29,44,1,0,0,undetermined,0.0058058321596222515,30,0.1435691666070111,16
9120159,sensor,cycle,0,0.35,calibrated,1,29,44,1,0,0,undetermined,0.005805832159622256,30,0.1435691666070111,16
9120159,motor_external,cycle,0,0.35,calibrated,1,29,32,1,0,0,undetermined,0.016866095479531964,30,0.19736420851394018,28
9120159,external_sensor,cycle,0,0.35,calibrated,1,29,30,1,0,0,undetermined,0.01541176721772639,30,0.19260311998408947,30
9120159,nonlinear,cycle,0,0.35,calibrated,1,29,,0,0,0,none,0.5798523766703375,30,0.0,0
9120159,none,adaptive,1,0.65,fixed,0,29,24,1,0,0,unknown,0.03374094714391328,27,0.6595058047445084,36
9120159,motor,adaptive,1,0.65,fixed,1,29,24,1,0,0,unknown,0.11134478011679731,27,0.8526058354196852,36
9120159,external,adaptive,1,0.65,fixed,1,29,24,1,0,0,unknown,0.05797737336642881,27,0.7762166571283571,36
9120159,sensor,adaptive,1,0.65,fixed,1,29,24,1,0,0,unknown,0.03374094714391328,27,0.6595058047445084,36
9120159,motor_external,adaptive,1,0.65,fixed,1,29,24,1,0,0,unknown,0.14499477078689624,27,0.9933308828228795,36
9120159,external_sensor,adaptive,1,0.65,fixed,1,29,24,1,0,0,unknown,0.05797737336642881,27,0.7762166571283571,36
9120159,nonlinear,adaptive,1,0.65,fixed,1,29,24,1,0,0,unknown,0.3694766807364759,27,1.0299079416939914,36
9120159,none,adaptive,1,0.65,calibrated,0,29,,0,1,0,none,0.15382598991767787,0,0.0,0
9120159,motor,adaptive,1,0.65,calibrated,1,29,,0,0,0,none,1.1971708711516837,0,0.0,0
9120159,external,adaptive,1,0.65,calibrated,1,29,,0,0,0,none,1.098844026022715,0,0.0,0
9120159,sensor,adaptive,1,0.65,calibrated,1,29,,0,0,0,none,0.15382598991767787,0,0.0,0
9120159,motor_external,adaptive,1,0.65,calibrated,1,29,35,1,1,1,motor_external,0.09811813932178468,18,0.6077208796421845,25
9120159,external_sensor,adaptive,1,0.65,calibrated,1,29,42,1,0,1,motor_external_sensor,0.0707898218648028,13,0.4708479950415345,18
9120159,nonlinear,adaptive,1,0.65,calibrated,1,29,,0,0,0,none,0.6704367388332914,0,0.0,0
9120159,none,cycle,1,0.65,fixed,0,29,24,1,0,0,unknown,0.0240912063569223,30,0.6762577596593786,36
9120159,motor,cycle,1,0.65,fixed,1,29,24,1,0,0,unknown,0.01836314027384684,30,0.934125648625359,36
9120159,external,cycle,1,0.65,fixed,1,29,24,1,0,0,unknown,0.03749884761592477,30,0.8069296530053233,36
9120159,sensor,cycle,1,0.65,fixed,1,29,24,1,0,0,unknown,0.0240912063569223,30,0.6762577596593786,36
9120159,motor_external,cycle,1,0.65,fixed,1,29,24,1,0,0,unknown,0.033030585077935645,30,1.064155975351121,36
9120159,external_sensor,cycle,1,0.65,fixed,1,29,24,1,0,0,unknown,0.03749884761592477,30,0.8069296530053233,36
9120159,nonlinear,cycle,1,0.65,fixed,1,29,24,1,0,0,unknown,0.3565543203542491,30,1.1572882693204092,36
9120159,none,cycle,1,0.65,calibrated,0,29,,0,1,0,none,0.15382598991767787,30,0.0,0
9120159,motor,cycle,1,0.65,calibrated,1,29,,0,0,0,none,1.1971708711516837,30,0.0,0
9120159,external,cycle,1,0.65,calibrated,1,29,,0,0,0,none,1.098844026022715,30,0.0,0
9120159,sensor,cycle,1,0.65,calibrated,1,29,,0,0,0,none,0.15382598991767787,30,0.0,0
9120159,motor_external,cycle,1,0.65,calibrated,1,29,,0,0,0,none,2.1421889072567213,30,0.0,0
9120159,external_sensor,cycle,1,0.65,calibrated,1,29,,0,0,0,none,1.098844026022715,30,0.0,0
9120159,nonlinear,cycle,1,0.65,calibrated,1,29,,0,0,0,none,0.6704367388332914,30,0.0,0
9120159,none,adaptive,0,0.65,fixed,0,29,25,1,0,0,unknown,0.02498606731673491,26,0.683829026927063,35
9120159,motor,adaptive,0,0.65,fixed,1,29,25,1,0,0,unknown,0.032533557365687485,26,0.7776179334890537,35
9120159,external,adaptive,0,0.65,fixed,1,29,25,1,0,0,unknown,0.03512577881433422,26,0.8049125749466443,35
9120159,sensor,adaptive,0,0.65,fixed,1,29,25,1,0,0,unknown,0.02498606731673491,26,0.683829026927063,35
9120159,motor_external,adaptive,0,0.65,fixed,1,29,25,1,0,0,unknown,0.04423394420643898,26,0.8978470656986514,35
9120159,external_sensor,adaptive,0,0.65,fixed,1,29,25,1,0,0,unknown,0.03512577881433422,26,0.8049125749466443,35
9120159,nonlinear,adaptive,0,0.65,fixed,1,29,25,1,0,0,unknown,0.35874907167925585,26,0.9384574273423996,35
9120159,none,adaptive,0,0.65,calibrated,0,29,,0,1,0,none,0.15382598991767787,0,0.0,0
9120159,motor,adaptive,0,0.65,calibrated,1,29,,0,0,0,none,1.1971708711516837,0,0.0,0
9120159,external,adaptive,0,0.65,calibrated,1,29,,0,0,0,none,1.098844026022715,0,0.0,0
9120159,sensor,adaptive,0,0.65,calibrated,1,29,,0,0,0,none,0.15382598991767787,0,0.0,0
9120159,motor_external,adaptive,0,0.65,calibrated,1,29,43,1,0,0,undetermined,0.11313995337202047,12,0.3811848353048233,17
9120159,external_sensor,adaptive,0,0.65,calibrated,1,29,,0,0,0,none,1.098844026022715,0,0.0,0
9120159,nonlinear,adaptive,0,0.65,calibrated,1,29,,0,0,0,none,0.6704367388332914,0,0.0,0
9120159,none,cycle,0,0.65,fixed,0,29,24,1,0,0,unknown,0.0240912063569223,30,0.6762577596593786,36
9120159,motor,cycle,0,0.65,fixed,1,29,24,1,0,0,unknown,0.01836314027384684,30,0.934125648625359,36
9120159,external,cycle,0,0.65,fixed,1,29,24,1,0,0,unknown,0.03749884761592477,30,0.8069296530053233,36
9120159,sensor,cycle,0,0.65,fixed,1,29,24,1,0,0,unknown,0.0240912063569223,30,0.6762577596593786,36
9120159,motor_external,cycle,0,0.65,fixed,1,29,24,1,0,0,unknown,0.033030585077935645,30,1.064155975351121,36
9120159,external_sensor,cycle,0,0.65,fixed,1,29,24,1,0,0,unknown,0.03749884761592477,30,0.8069296530053233,36
9120159,nonlinear,cycle,0,0.65,fixed,1,29,24,1,0,0,unknown,0.3565543203542491,30,1.1572882693204092,36
9120159,none,cycle,0,0.65,calibrated,0,29,,0,1,0,none,0.15382598991767787,30,0.0,0
9120159,motor,cycle,0,0.65,calibrated,1,29,,0,0,0,none,1.1971708711516837,30,0.0,0
9120159,external,cycle,0,0.65,calibrated,1,29,,0,0,0,none,1.098844026022715,30,0.0,0
9120159,sensor,cycle,0,0.65,calibrated,1,29,,0,0,0,none,0.15382598991767787,30,0.0,0
9120159,motor_external,cycle,0,0.65,calibrated,1,29,55,1,0,0,undetermined,0.19360026331632132,30,0.6942542039097189,5
9120159,external_sensor,cycle,0,0.65,calibrated,1,29,44,1,0,0,undetermined,0.02002419663216654,30,0.4951671256445893,16
9120159,nonlinear,cycle,0,0.65,calibrated,1,29,,0,0,0,none,0.6704367388332914,30,0.0,0
9120212,none,adaptive,1,0.13,fixed,0,30,,0,1,0,none,0.006131539952904615,0,0.0,0
9120212,motor,adaptive,1,0.13,fixed,1,30,31,1,1,1,motor,0.0024404241067893543,21,0.02168295497164284,29
9120212,external,adaptive,1,0.13,fixed,1,30,31,1,1,1,external,0.0024404241067893643,21,0.021682954971642833,29
9120212,sensor,adaptive,1,0.13,fixed,1,30,32,1,1,1,sensor,0.002572782172284645,21,0.02154678880620161,28
9120212,motor_external,adaptive,1,0.13,fixed,1,30,31,1,1,1,motor_external,0.0024404241067893678,21,0.021682954971642843,29
9120212,external_sensor,adaptive,1,0.13,fixed,1,30,31,1,1,1,external_sensor,0.0024404241067893643,21,0.021682954971642833,29
9120212,nonlinear,adaptive,1,0.13,fixed,1,30,31,1,0,0,unknown,0.34920247930021275,21,0.3263870695697388,29
9120212,none,adaptive,1,0.13,calibrated,0,30,,0,1,0,none,0.006131539952904615,0,0.0,0
9120212,motor,adaptive,1,0.13,calibrated,1,30,31,1,1,1,motor,0.0024404241067893543,21,0.02168295497164284,29
9120212,external,adaptive,1,0.13,calibrated,1,30,31,1,1,1,external,0.0024404241067893643,21,0.021682954971642833,29
9120212,sensor,adaptive,1,0.13,calibrated,1,30,32,1,1,1,sensor,0.002572782172284645,21,0.02154678880620161,28
9120212,motor_external,adaptive,1,0.13,calibrated,1,30,31,1,1,1,motor_external,0.0024404241067893678,21,0.021682954971642843,29
9120212,external_sensor,adaptive,1,0.13,calibrated,1,30,31,1,1,1,external_sensor,0.0024404241067893643,21,0.021682954971642833,29
9120212,nonlinear,adaptive,1,0.13,calibrated,1,30,31,1,0,0,unknown,0.34920247930021275,21,0.3263870695697388,29
9120212,none,cycle,1,0.13,fixed,0,30,,0,1,0,none,0.006131539952904615,30,0.0,0
9120212,motor,cycle,1,0.13,fixed,1,30,32,1,1,1,motor,0.0008025772659381104,30,0.023876987192047918,28
9120212,external,cycle,1,0.13,fixed,1,30,31,1,1,1,external,0.0009116873081726564,30,0.023639124452492336,29
9120212,sensor,cycle,1,0.13,fixed,1,30,32,1,1,1,sensor,0.0008025772659381117,30,0.02387698719204792,28
9120212,motor_external,cycle,1,0.13,fixed,1,30,31,1,1,1,motor_external,0.0009116873081726545,30,0.023639124452492336,29
9120212,external_sensor,cycle,1,0.13,fixed,1,30,31,1,1,1,external_sensor,0.0009116873081726564,30,0.023639124452492336,29
9120212,nonlinear,cycle,1,0.13,fixed,1,30,32,1,0,0,unknown,0.3375759408928188,30,0.36922974533242464,28
9120212,none,cycle,1,0.13,calibrated,0,30,,0,1,0,none,0.006131539952904615,30,0.0,0
9120212,motor,cycle,1,0.13,calibrated,1,30,32,1,1,1,motor,0.0008025772659381104,30,0.023876987192047918,28
9120212,external,cycle,1,0.13,calibrated,1,30,31,1,1,1,external,0.0009116873081726564,30,0.023639124452492336,29
9120212,sensor,cycle,1,0.13,calibrated,1,30,32,1,1,1,sensor,0.0008025772659381117,30,0.02387698719204792,28
9120212,motor_external,cycle,1,0.13,calibrated,1,30,31,1,1,1,motor_external,0.0009116873081726545,30,0.023639124452492336,29
9120212,external_sensor,cycle,1,0.13,calibrated,1,30,31,1,1,1,external_sensor,0.0009116873081726564,30,0.023639124452492336,29
9120212,nonlinear,cycle,1,0.13,calibrated,1,30,32,1,0,0,unknown,0.3375759408928188,30,0.36922974533242464,28
9120212,none,adaptive,0,0.13,fixed,0,30,,0,1,0,none,0.006131539952904615,0,0.0,0
9120212,motor,adaptive,0,0.13,fixed,1,30,31,1,1,1,motor,0.0024404241067893543,21,0.02168295497164284,29
9120212,external,adaptive,0,0.13,fixed,1,30,31,1,0,0,undetermined,0.0024404241067893643,21,0.021682954971642833,29
9120212,sensor,adaptive,0,0.13,fixed,1,30,31,1,0,0,undetermined,0.002440424106789353,21,0.02168295497164284,29
9120212,motor_external,adaptive,0,0.13,fixed,1,30,33,1,0,0,undetermined,0.0027498328365884958,20,0.021468619941198017,27
9120212,external_sensor,adaptive,0,0.13,fixed,1,30,31,1,0,0,undetermined,0.0024404241067893643,21,0.021682954971642833,29
9120212,nonlinear,adaptive,0,0.13,fixed,1,30,31,1,0,0,unknown,0.34920247930021275,21,0.3263870695697388,29
9120212,none,adaptive,0,0.13,calibrated,0,30,,0,1,0,none,0.006131539952904615,0,0.0,0
9120212,motor,adaptive,0,0.13,calibrated,1,30,31,1,1,1,motor,0.0024404241067893543,21,0.02168295497164284,29
9120212,external,adaptive,0,0.13,calibrated,1,30,31,1,0,0,undetermined,0.0024404241067893643,21,0.021682954971642833,29
9120212,sensor,adaptive,0,0.13,calibrated,1,30,31,1,0,0,undetermined,0.002440424106789353,21,0.02168295497164284,29
9120212,motor_external,adaptive,0,0.13,calibrated,1,30,33,1,0,0,undetermined,0.0027498328365884958,20,0.021468619941198017,27
9120212,external_sensor,adaptive,0,0.13,calibrated,1,30,31,1,0,0,undetermined,0.0024404241067893643,21,0.021682954971642833,29
9120212,nonlinear,adaptive,0,0.13,calibrated,1,30,31,1,0,0,unknown,0.34920247930021275,21,0.3263870695697388,29
9120212,none,cycle,0,0.13,fixed,0,30,,0,1,0,none,0.006131539952904615,30,0.0,0
9120212,motor,cycle,0,0.13,fixed,1,30,32,1,1,1,motor,0.0008025772659381104,30,0.023876987192047918,28
9120212,external,cycle,0,0.13,fixed,1,30,31,1,0,0,undetermined,0.0009116873081726564,30,0.023639124452492336,29
9120212,sensor,cycle,0,0.13,fixed,1,30,31,1,0,0,undetermined,0.000911687308172658,30,0.023639124452492336,29
9120212,motor_external,cycle,0,0.13,fixed,1,30,31,1,0,0,undetermined,0.0009116873081726545,30,0.023639124452492336,29
9120212,external_sensor,cycle,0,0.13,fixed,1,30,31,1,0,0,undetermined,0.0009116873081726564,30,0.023639124452492336,29
9120212,nonlinear,cycle,0,0.13,fixed,1,30,32,1,0,0,unknown,0.3375759408928188,30,0.36922974533242464,28
9120212,none,cycle,0,0.13,calibrated,0,30,,0,1,0,none,0.006131539952904615,30,0.0,0
9120212,motor,cycle,0,0.13,calibrated,1,30,32,1,1,1,motor,0.0008025772659381104,30,0.023876987192047918,28
9120212,external,cycle,0,0.13,calibrated,1,30,31,1,0,0,undetermined,0.0009116873081726564,30,0.023639124452492336,29
9120212,sensor,cycle,0,0.13,calibrated,1,30,31,1,0,0,undetermined,0.000911687308172658,30,0.023639124452492336,29
9120212,motor_external,cycle,0,0.13,calibrated,1,30,31,1,0,0,undetermined,0.0009116873081726545,30,0.023639124452492336,29
9120212,external_sensor,cycle,0,0.13,calibrated,1,30,31,1,0,0,undetermined,0.0009116873081726564,30,0.023639124452492336,29
9120212,nonlinear,cycle,0,0.13,calibrated,1,30,32,1,0,0,unknown,0.3375759408928188,30,0.36922974533242464,28
9120212,none,adaptive,1,0.35,fixed,0,30,25,1,1,1,none,0.022119882512439012,26,0.16040033330170078,35
9120212,motor,adaptive,1,0.35,fixed,1,30,25,1,1,1,motor,0.09369638425152108,26,0.4134213814974251,35
9120212,external,adaptive,1,0.35,fixed,1,30,25,1,1,1,external,0.010827779831934965,26,0.2074815457598942,35
9120212,sensor,adaptive,1,0.35,fixed,1,30,25,1,1,1,sensor,0.022119882512439012,26,0.16040033330170078,35
9120212,motor_external,adaptive,1,0.35,fixed,1,30,25,1,1,1,motor_external,0.06296353966264409,26,0.41372277677789415,35
9120212,external_sensor,adaptive,1,0.35,fixed,1,30,25,1,1,1,external_sensor,0.010827779831934965,26,0.2074815457598942,35
9120212,nonlinear,adaptive,1,0.35,fixed,1,30,25,1,0,0,unknown,0.3578971526848584,26,0.6156432855878273,35
9120212,none,adaptive,1,0.35,calibrated,0,30,,0,1,0,none,0.044444594333184276,0,0.0,0
9120212,motor,adaptive,1,0.35,calibrated,1,30,33,1,1,1,motor,0.01993222026521243,20,0.15561573626016312,27
9120212,external,adaptive,1,0.35,calibrated,1,30,,0,0,0,none,0.9853147348366095,0,0.0,0
9120212,sensor,adaptive,1,0.35,calibrated,1,30,,0,0,0,none,0.044444594333184276,0,0.0,0
9120212,motor_external,adaptive,1,0.35,calibrated,1,30,,0,0,0,none,2.5903522505186407,0,0.0,0
9120212,external_sensor,adaptive,1,0.35,calibrated,1,30,,0,0,0,none,0.9853147348366095,0,0.0,0
9120212,nonlinear,adaptive,1,0.35,calibrated,1,30,,0,0,0,none,0.441647499704116,0,0.0,0
9120212,none,cycle,1,0.35,fixed,0,30,25,1,1,1,none,0.015008745176434583,30,0.17135622119931454,35
9120212,motor,cycle,1,0.35,fixed,1,30,25,1,1,1,motor,0.06110983039565924,30,0.3803892563055294,35
9120212,external,cycle,1,0.35,fixed,1,30,25,1,1,1,external,0.008852991034629979,30,0.21191714793777225,35
9120212,sensor,cycle,1,0.35,fixed,1,30,25,1,1,1,sensor,0.015008745176434583,30,0.17135622119931454,35
9120212,motor_external,cycle,1,0.35,fixed,1,30,25,1,1,1,motor_external,0.05495407625385469,30,0.42095018304398707,35
9120212,external_sensor,cycle,1,0.35,fixed,1,30,25,1,1,1,external_sensor,0.008852991034629979,30,0.21191714793777225,35
9120212,nonlinear,cycle,1,0.35,fixed,1,30,25,1,0,0,unknown,0.36264763631130414,30,0.5307071199726524,35
9120212,none,cycle,1,0.35,calibrated,0,30,,0,1,0,none,0.044444594333184276,30,0.0,0
9120212,motor,cycle,1,0.35,calibrated,1,30,49,1,1,1,motor,0.029136108263764515,30,0.1368960954565041,11
9120212,external,cycle,1,0.35,calibrated,1,30,,0,0,0,none,0.9853147348366095,30,0.0,0
9120212,sensor,cycle,1,0.35,calibrated,1,30,,0,0,0,none,0.044444594333184276,30,0.0,0
9120212,motor_external,cycle,1,0.35,calibrated,1,30,34,1,1,1,motor_external,0.012150238328716454,30,0.17507981194503205,26
9120212,external_sensor,cycle,1,0.35,calibrated,1,30,,0,0,0,none,0.9853147348366095,30,0.0,0
9120212,nonlinear,cycle,1,0.35,calibrated,1,30,,0,0,0,none,0.441647499704116,30,0.0,0
9120212,none,adaptive,0,0.35,fixed,0,30,31,1,1,1,none,0.017689464679390324,21,0.15716934816723357,29
9120212,motor,adaptive,0,0.35,fixed,1,30,30,1,1,1,motor,0.019212826305955916,22,0.14908126556088344,30
9120212,external,adaptive,0,0.35,fixed,1,30,30,1,0,0,undetermined,0.019212826305955895,22,0.14908126556088347,30
9120212,sensor,adaptive,0,0.35,fixed,1,30,30,1,0,0,undetermined,0.019212826305955878,22,0.14908126556088355,30
9120212,motor_external,adaptive,0,0.35,fixed,1,30,31,1,0,0,undetermined,0.017689464679390345,21,0.15716934816723357,29
9120212,external_sensor,adaptive,0,0.35,fixed,1,30,30,1,0,0,undetermined,0.019212826305955895,22,0.14908126556088347,30
9120212,nonlinear,adaptive,0,0.35,fixed,1,30,30,1,0,0,unknown,0.35876872095959705,22,0.5905580557526876,30
9120212,none,adaptive,0,0.35,calibrated,0,30,,0,1,0,none,0.044444594333184276,0,0.0,0
9120212,motor,adaptive,0,0.35,calibrated,1,30,38,1,1,1,motor,0.01604139300328768,16,0.1596861000332423,22
9120212,external,adaptive,0,0.35,calibrated,1,30,,0,0,0,none,0.9853147348366095,0,0.0,0
9120212,sensor,adaptive,0,0.35,calibrated,1,30,,0,0,0,none,0.044444594333184276,0,0.0,0
9120212,motor_external,adaptive,0,0.35,calibrated,1,30,,0,0,0,none,2.5903522505186407,0,0.0,0
9120212,external_sensor,adaptive,0,0.35,calibrated,1,30,32,1,0,0,undetermined,0.01864886485827639,21,0.15618234489702343,28
9120212,nonlinear,adaptive,0,0.35,calibrated,1,30,,0,0,0,none,0.441647499704116,0,0.0,0
9120212,none,cycle,0,0.35,fixed,0,30,25,1,1,1,none,0.015008745176434583,30,0.17135622119931454,35
9120212,motor,cycle,0,0.35,fixed,1,30,25,1,1,1,motor,0.06110983039565924,30,0.3803892563055294,35
9120212,external,cycle,0,0.35,fixed,1,30,25,1,0,0,undetermined,0.008852991034629979,30,0.21191714793777225,35
9120212,sensor,cycle,0,0.35,fixed,1,30,25,1,0,0,undetermined,0.015008745176434583,30,0.17135622119931454,35
9120212,motor_external,cycle,0,0.35,fixed,1,30,25,1,0,0,undetermined,0.05495407625385469,30,0.42095018304398707,35
9120212,external_sensor,cycle,0,0.35,fixed,1,30,25,1,0,0,undetermined,0.008852991034629979,30,0.21191714793777225,35
9120212,nonlinear,cycle,0,0.35,fixed,1,30,25,1,0,0,unknown,0.36264763631130414,30,0.5307071199726524,35
9120212,none,cycle,0,0.35,calibrated,0,30,,0,1,0,none,0.044444594333184276,30,0.0,0
9120212,motor,cycle,0,0.35,calibrated,1,30,34,1,1,1,motor,0.012150238328716456,30,0.17507981194503214,26
9120212,external,cycle,0,0.35,calibrated,1,30,,0,0,0,none,0.9853147348366095,30,0.0,0
9120212,sensor,cycle,0,0.35,calibrated,1,30,,0,0,0,none,0.044444594333184276,30,0.0,0
9120212,motor_external,cycle,0,0.35,calibrated,1,30,34,1,0,0,undetermined,0.012150238328716454,30,0.17507981194503205,26
9120212,external_sensor,cycle,0,0.35,calibrated,1,30,32,1,0,0,undetermined,0.005817497933575063,30,0.1730728361553769,28
9120212,nonlinear,cycle,0,0.35,calibrated,1,30,,0,0,0,none,0.441647499704116,30,0.0,0
9120212,none,adaptive,1,0.65,fixed,0,30,24,1,0,0,unknown,0.09017044222180001,27,0.5220171176554125,36
9120212,motor,adaptive,1,0.65,fixed,1,30,24,1,0,0,unknown,0.15755484960965388,27,0.8210145458677027,36
9120212,external,adaptive,1,0.65,fixed,1,30,24,1,0,0,unknown,0.06574448903318739,27,0.5398096948596699,36
9120212,sensor,adaptive,1,0.65,fixed,1,30,24,1,0,0,unknown,0.09017044222180001,27,0.5220171176554125,36
9120212,motor_external,adaptive,1,0.65,fixed,1,30,24,1,0,0,unknown,0.1331288964210411,27,0.8388071230719601,36
9120212,external_sensor,adaptive,1,0.65,fixed,1,30,24,1,0,0,unknown,0.06574448903318739,27,0.5398096948596699,36
9120212,nonlinear,adaptive,1,0.65,fixed,1,30,24,1,0,0,unknown,0.42984697021029306,27,0.7582658362910016,36
9120212,none,adaptive,1,0.65,calibrated,0,30,,0,1,0,none,0.15328849882261536,0,0.0,0
9120212,motor,adaptive,1,0.65,calibrated,1,30,,0,0,0,none,1.7626438850892439,0,0.0,0
9120212,external,adaptive,1,0.65,calibrated,1,30,,0,0,0,none,1.2063330454718335,0,0.0,0
9120212,sensor,adaptive,1,0.65,calibrated,1,30,,0,0,0,none,0.15328849882261536,0,0.0,0
9120212,motor_external,adaptive,1,0.65,calibrated,1,30,,0,0,0,none,2.8156884317384625,0,0.0,0
9120212,external_sensor,adaptive,1,0.65,calibrated,1,30,,0,0,0,none,1.2063330454718335,0,0.0,0
9120212,nonlinear,adaptive,1,0.65,calibrated,1,30,,0,0,0,none,0.41352246594006015,0,0.0,0
9120212,none,cycle,1,0.65,fixed,0,30,24,1,0,0,unknown,0.05148856724111358,30,0.5777291241179335,36
9120212,motor,cycle,1,0.65,fixed,1,30,24,1,0,0,unknown,0.12721242775774652,30,0.8430827222935469,36
9120212,external,cycle,1,0.65,fixed,1,30,24,1,0,0,unknown,0.032863300891994976,30,0.5882222833422488,36
9120212,sensor,cycle,1,0.65,fixed,1,30,24,1,0,0,unknown,0.05148856724111358,30,0.5777291241179335,36
9120212,motor_external,cycle,1,0.65,fixed,1,30,24,1,0,0,unknown,0.127962319593375,30,0.8979772856912409,36
9120212,external_sensor,cycle,1,0.65,fixed,1,30,24,1,0,0,unknown,0.032863300891994976,30,0.5882222833422488,36
9120212,nonlinear,cycle,1,0.65,fixed,1,30,24,1,0,0,unknown,0.4095548594123324,30,0.9739366177720462,36
9120212,none,cycle,1,0.65,calibrated,0,30,,0,1,0,none,0.15328849882261536,30,0.0,0
9120212,motor,cycle,1,0.65,calibrated,1,30,,0,0,0,none,1.7626438850892439,30,0.0,0
9120212,external,cycle,1,0.65,calibrated,1,30,,0,0,0,none,1.2063330454718335,30,0.0,0
9120212,sensor,cycle,1,0.65,calibrated,1,30,,0,0,0,none,0.15328849882261536,30,0.0,0
9120212,motor_external,cycle,1,0.65,calibrated,1,30,,0,0,0,none,2.8156884317384625,30,0.0,0
9120212,external_sensor,cycle,1,0.65,calibrated,1,30,,0,0,0,none,1.2063330454718335,30,0.0,0
9120212,nonlinear,cycle,1,0.65,calibrated,1,30,,0,0,0,none,0.41352246594006015,30,0.0,0
9120212,none,adaptive,0,0.65,fixed,0,30,24,1,0,0,unknown,0.09017044222180001,27,0.5220171176554125,36
9120212,motor,adaptive,0,0.65,fixed,1,30,24,1,0,0,unknown,0.15755484960965388,27,0.8210145458677027,36
9120212,external,adaptive,0,0.65,fixed,1,30,24,1,0,0,unknown,0.06574448903318739,27,0.5398096948596699,36
9120212,sensor,adaptive,0,0.65,fixed,1,30,24,1,0,0,unknown,0.09017044222180001,27,0.5220171176554125,36
9120212,motor_external,adaptive,0,0.65,fixed,1,30,24,1,0,0,unknown,0.1331288964210411,27,0.8388071230719601,36
9120212,external_sensor,adaptive,0,0.65,fixed,1,30,24,1,0,0,unknown,0.06574448903318739,27,0.5398096948596699,36
9120212,nonlinear,adaptive,0,0.65,fixed,1,30,24,1,0,0,unknown,0.42984697021029306,27,0.7582658362910016,36
9120212,none,adaptive,0,0.65,calibrated,0,30,,0,1,0,none,0.15328849882261536,0,0.0,0
9120212,motor,adaptive,0,0.65,calibrated,1,30,,0,0,0,none,1.7626438850892439,0,0.0,0
9120212,external,adaptive,0,0.65,calibrated,1,30,,0,0,0,none,1.2063330454718335,0,0.0,0
9120212,sensor,adaptive,0,0.65,calibrated,1,30,,0,0,0,none,0.15328849882261536,0,0.0,0
9120212,motor_external,adaptive,0,0.65,calibrated,1,30,,0,0,0,none,2.8156884317384625,0,0.0,0
9120212,external_sensor,adaptive,0,0.65,calibrated,1,30,,0,0,0,none,1.2063330454718335,0,0.0,0
9120212,nonlinear,adaptive,0,0.65,calibrated,1,30,,0,0,0,none,0.41352246594006015,0,0.0,0
9120212,none,cycle,0,0.65,fixed,0,30,24,1,0,0,unknown,0.05148856724111358,30,0.5777291241179335,36
9120212,motor,cycle,0,0.65,fixed,1,30,24,1,0,0,unknown,0.12721242775774652,30,0.8430827222935469,36
9120212,external,cycle,0,0.65,fixed,1,30,24,1,0,0,unknown,0.032863300891994976,30,0.5882222833422488,36
9120212,sensor,cycle,0,0.65,fixed,1,30,24,1,0,0,unknown,0.05148856724111358,30,0.5777291241179335,36
9120212,motor_external,cycle,0,0.65,fixed,1,30,24,1,0,0,unknown,0.127962319593375,30,0.8979772856912409,36
9120212,external_sensor,cycle,0,0.65,fixed,1,30,24,1,0,0,unknown,0.032863300891994976,30,0.5882222833422488,36
9120212,nonlinear,cycle,0,0.65,fixed,1,30,24,1,0,0,unknown,0.4095548594123324,30,0.9739366177720462,36
9120212,none,cycle,0,0.65,calibrated,0,30,,0,1,0,none,0.15328849882261536,30,0.0,0
9120212,motor,cycle,0,0.65,calibrated,1,30,,0,0,0,none,1.7626438850892439,30,0.0,0
9120212,external,cycle,0,0.65,calibrated,1,30,,0,0,0,none,1.2063330454718335,30,0.0,0
9120212,sensor,cycle,0,0.65,calibrated,1,30,,0,0,0,none,0.15328849882261536,30,0.0,0
9120212,motor_external,cycle,0,0.65,calibrated,1,30,,0,0,0,none,2.8156884317384625,30,0.0,0
9120212,external_sensor,cycle,0,0.65,calibrated,1,30,,0,0,0,none,1.2063330454718335,30,0.0,0
9120212,nonlinear,cycle,0,0.65,calibrated,1,30,,0,0,0,none,0.41352246594006015,30,0.0,0
9120265,none,adaptive,1,0.13,fixed,0,32,,0,1,0,none,0.0035561092627810634,0,0.0,0
9120265,motor,adaptive,1,0.13,fixed,1,32,33,1,1,1,motor,0.0012100440812697797,20,0.04088092618911495,27
9120265,external,adaptive,1,0.13,fixed,1,32,33,1,1,1,external,0.0012100440812697728,20,0.04088092618911496,27
9120265,sensor,adaptive,1,0.13,fixed,1,32,33,1,1,1,sensor,0.001210044081269769,20,0.04088092618911496,27
9120265,motor_external,adaptive,1,0.13,fixed,1,32,35,1,1,1,motor_external,0.001008024847860433,18,0.03755645377755001,25
9120265,external_sensor,adaptive,1,0.13,fixed,1,32,33,1,1,1,external_sensor,0.0012100440812697728,20,0.04088092618911496,27
9120265,nonlinear,adaptive,1,0.13,fixed,1,32,33,1,0,0,unknown,0.349061068108013,20,0.343779123937734,27
9120265,none,adaptive,1,0.13,calibrated,0,32,,0,1,0,none,0.0035561092627810634,0,0.0,0
9120265,motor,adaptive,1,0.13,calibrated,1,32,33,1,1,1,motor,0.0012100440812697797,20,0.04088092618911495,27
9120265,external,adaptive,1,0.13,calibrated,1,32,33,1,1,1,external,0.0012100440812697728,20,0.04088092618911496,27
9120265,sensor,adaptive,1,0.13,calibrated,1,32,33,1,1,1,sensor,0.001210044081269769,20,0.04088092618911496,27
9120265,motor_external,adaptive,1,0.13,calibrated,1,32,35,1,1,1,motor_external,0.001008024847860433,18,0.03755645377755001,25
9120265,external_sensor,adaptive,1,0.13,calibrated,1,32,33,1,1,1,external_sensor,0.0012100440812697728,20,0.04088092618911496,27
9120265,nonlinear,adaptive,1,0.13,calibrated,1,32,33,1,0,0,unknown,0.349061068108013,20,0.343779123937734,27
9120265,none,cycle,1,0.13,fixed,0,32,,0,1,0,none,0.0035561092627810634,30,0.0,0
9120265,motor,cycle,1,0.13,fixed,1,32,33,1,1,1,motor,0.002424489687428702,30,0.039748633607462794,27
9120265,external,cycle,1,0.13,fixed,1,32,34,1,1,1,external,0.0025058760603957845,30,0.03551106379169892,26
9120265,sensor,cycle,1,0.13,fixed,1,32,33,1,1,1,sensor,0.002424489687428712,30,0.0397486336074628,27
9120265,motor_external,cycle,1,0.13,fixed,1,32,34,1,1,1,motor_external,0.0025058760603958096,30,0.03551106379169893,26
9120265,external_sensor,cycle,1,0.13,fixed,1,32,33,1,1,1,external_sensor,0.0024244896874287348,30,0.0397486336074628,27
9120265,nonlinear,cycle,1,0.13,fixed,1,32,34,1,0,0,unknown,0.34086316545569717,30,0.3782590376380721,26
9120265,none,cycle,1,0.13,calibrated,0,32,,0,1,0,none,0.0035561092627810634,30,0.0,0
9120265,motor,cycle,1,0.13,calibrated,1,32,33,1,1,1,motor,0.002424489687428702,30,0.039748633607462794,27
9120265,external,cycle,1,0.13,calibrated,1,32,34,1,1,1,external,0.0025058760603957845,30,0.03551106379169892,26
9120265,sensor,cycle,1,0.13,calibrated,1,32,33,1,1,1,sensor,0.002424489687428712,30,0.0397486336074628,27
9120265,motor_external,cycle,1,0.13,calibrated,1,32,34,1,1,1,motor_external,0.0025058760603958096,30,0.03551106379169893,26
9120265,external_sensor,cycle,1,0.13,calibrated,1,32,33,1,1,1,external_sensor,0.0024244896874287348,30,0.0397486336074628,27
9120265,nonlinear,cycle,1,0.13,calibrated,1,32,34,1,0,0,unknown,0.34086316545569717,30,0.3782590376380721,26
9120265,none,adaptive,0,0.13,fixed,0,32,,0,1,0,none,0.0035561092627810634,0,0.0,0
9120265,motor,adaptive,0,0.13,fixed,1,32,33,1,1,1,motor,0.0012100440812697797,20,0.04088092618911495,27
9120265,external,adaptive,0,0.13,fixed,1,32,33,1,0,0,undetermined,0.0012100440812697728,20,0.04088092618911496,27
9120265,sensor,adaptive,0,0.13,fixed,1,32,33,1,0,0,undetermined,0.001210044081269769,20,0.04088092618911496,27
9120265,motor_external,adaptive,0,0.13,fixed,1,32,33,1,0,0,undetermined,0.0012100440812697955,20,0.04088092618911496,27
9120265,external_sensor,adaptive,0,0.13,fixed,1,32,33,1,0,0,undetermined,0.0012100440812697728,20,0.04088092618911496,27
9120265,nonlinear,adaptive,0,0.13,fixed,1,32,33,1,0,0,unknown,0.349061068108013,20,0.343779123937734,27
9120265,none,adaptive,0,0.13,calibrated,0,32,,0,1,0,none,0.0035561092627810634,0,0.0,0
9120265,motor,adaptive,0,0.13,calibrated,1,32,33,1,1,1,motor,0.0012100440812697797,20,0.04088092618911495,27
9120265,external,adaptive,0,0.13,calibrated,1,32,33,1,0,0,undetermined,0.0012100440812697728,20,0.04088092618911496,27
9120265,sensor,adaptive,0,0.13,calibrated,1,32,33,1,0,0,undetermined,0.001210044081269769,20,0.04088092618911496,27
9120265,motor_external,adaptive,0,0.13,calibrated,1,32,34,1,0,0,undetermined,0.0040163054617323255,19,0.03322045052285994,26
9120265,external_sensor,adaptive,0,0.13,calibrated,1,32,33,1,0,0,undetermined,0.0012100440812697728,20,0.04088092618911496,27
9120265,nonlinear,adaptive,0,0.13,calibrated,1,32,33,1,0,0,unknown,0.349061068108013,20,0.343779123937734,27
9120265,none,cycle,0,0.13,fixed,0,32,,0,1,0,none,0.0035561092627810634,30,0.0,0
9120265,motor,cycle,0,0.13,fixed,1,32,33,1,1,1,motor,0.002424489687428702,30,0.039748633607462794,27
9120265,external,cycle,0,0.13,fixed,1,32,33,1,0,0,undetermined,0.0024244896874287348,30,0.0397486336074628,27
9120265,sensor,cycle,0,0.13,fixed,1,32,33,1,0,0,undetermined,0.002424489687428712,30,0.0397486336074628,27
9120265,motor_external,cycle,0,0.13,fixed,1,32,33,1,0,0,undetermined,0.002424489687428728,30,0.0397486336074628,27
9120265,external_sensor,cycle,0,0.13,fixed,1,32,33,1,0,0,undetermined,0.0024244896874287348,30,0.0397486336074628,27
9120265,nonlinear,cycle,0,0.13,fixed,1,32,33,1,0,0,unknown,0.340848669793933,30,0.36544298985819396,27
9120265,none,cycle,0,0.13,calibrated,0,32,,0,1,0,none,0.0035561092627810634,30,0.0,0
9120265,motor,cycle,0,0.13,calibrated,1,32,33,1,1,1,motor,0.002424489687428702,30,0.039748633607462794,27
9120265,external,cycle,0,0.13,calibrated,1,32,33,1,0,0,undetermined,0.0024244896874287348,30,0.0397486336074628,27
9120265,sensor,cycle,0,0.13,calibrated,1,32,33,1,0,0,undetermined,0.002424489687428712,30,0.0397486336074628,27
9120265,motor_external,cycle,0,0.13,calibrated,1,32,34,1,0,0,undetermined,0.0025058760603958096,30,0.03551106379169893,26
9120265,external_sensor,cycle,0,0.13,calibrated,1,32,33,1,0,0,undetermined,0.0024244896874287348,30,0.0397486336074628,27
9120265,nonlinear,cycle,0,0.13,calibrated,1,32,34,1,0,0,unknown,0.34086316545569717,30,0.3782590376380721,26
9120265,none,adaptive,1,0.35,fixed,0,32,24,1,0,0,unknown,0.005254750598325232,27,0.29396817031862027,36
9120265,motor,adaptive,1,0.35,fixed,1,32,24,1,0,0,unknown,0.06900207948628244,27,0.7322561338069336,36
9120265,external,adaptive,1,0.35,fixed,1,32,24,1,0,0,unknown,0.059274752578614295,27,0.3980601188869616,36
9120265,sensor,adaptive,1,0.35,fixed,1,32,24,1,0,0,unknown,0.005254750598325232,27,0.29396817031862027,36
9120265,motor_external,adaptive,1,0.35,fixed,1,32,24,1,0,0,unknown,0.12302208146657143,27,0.8363480823752748,36
9120265,external_sensor,adaptive,1,0.35,fixed,1,32,24,1,0,0,unknown,0.059274752578614295,27,0.3980601188869616,36
9120265,nonlinear,adaptive,1,0.35,fixed,1,32,24,1,0,0,unknown,0.34117004143300084,27,0.6401198035284351,36
9120265,none,adaptive,1,0.35,calibrated,0,32,,0,1,0,none,0.025776531638501726,0,0.0,0
9120265,motor,adaptive,1,0.35,calibrated,1,32,35,1,1,1,motor,0.007306688985970589,18,0.2722287330029511,25
9120265,external,adaptive,1,0.35,calibrated,1,32,,0,0,0,none,0.903483556599296,0,0.0,0
9120265,sensor,adaptive,1,0.35,calibrated,1,32,,0,0,0,none,0.025776531638501726,0,0.0,0
9120265,motor_external,adaptive,1,0.35,calibrated,1,32,,0,0,0,none,2.6046011898092023,0,0.0,0
9120265,external_sensor,adaptive,1,0.35,calibrated,1,32,47,1,1,1,external_sensor,0.014952733974591612,9,0.24789272217372668,13
9120265,nonlinear,adaptive,1,0.35,calibrated,1,32,,0,0,0,none,0.4978329017352626,0,0.0,0
9120265,none,cycle,1,0.35,fixed,0,32,24,1,0,0,unknown,0.012864409303235924,30,0.286588069082674,36
9120265,motor,cycle,1,0.35,fixed,1,32,24,1,0,0,unknown,0.09753843155411646,30,0.4933436090060209,36
9120265,external,cycle,1,0.35,fixed,1,32,24,1,0,0,unknown,0.07109089294640084,30,0.3847505304800672,36
9120265,sensor,cycle,1,0.35,fixed,1,32,24,1,0,0,unknown,0.012864409303235924,30,0.286588069082674,36
9120265,motor_external,cycle,1,0.35,fixed,1,32,24,1,0,0,unknown,0.18848533784438234,30,0.6470568804801607,36
9120265,external_sensor,cycle,1,0.35,fixed,1,32,24,1,0,0,unknown,0.07109089294640084,30,0.3847505304800672,36
9120265,nonlinear,cycle,1,0.35,fixed,1,32,24,1,0,0,unknown,0.3653021059283713,30,0.5571373087202242,36
9120265,none,cycle,1,0.35,calibrated,0,32,,0,1,0,none,0.025776531638501726,30,0.0,0
9120265,motor,cycle,1,0.35,calibrated,1,32,34,1,1,1,motor,0.01816389452062047,30,0.2574026813303619,26
9120265,external,cycle,1,0.35,calibrated,1,32,,0,0,0,none,0.903483556599296,30,0.0,0
9120265,sensor,cycle,1,0.35,calibrated,1,32,,0,0,0,none,0.025776531638501726,30,0.0,0
9120265,motor_external,cycle,1,0.35,calibrated,1,32,39,1,1,1,motor_external,0.03731097481849879,30,0.25852755581539233,21
9120265,external_sensor,cycle,1,0.35,calibrated,1,32,47,1,1,1,external_sensor,0.03796636512421356,30,0.22328482825491283,13
9120265,nonlinear,cycle,1,0.35,calibrated,1,32,,0,0,0,none,0.4978329017352626,30,0.0,0
9120265,none,adaptive,0,0.35,fixed,0,32,36,1,1,1,none,0.031473804363651284,18,0.2437562521606069,24
9120265,motor,adaptive,0,0.35,fixed,1,32,32,1,1,1,motor,0.019567664244729853,21,0.2895400967209156,28
9120265,external,adaptive,0,0.35,fixed,1,32,32,1,0,0,undetermined,0.019567664244729818,21,0.2895400967209156,28
9120265,sensor,adaptive,0,0.35,fixed,1,32,32,1,0,0,undetermined,0.019567664244729874,21,0.2895400967209156,28
9120265,motor_external,adaptive,0,0.35,fixed,1,32,34,1,0,0,undetermined,0.029112273317290455,19,0.2407991236124462,26
9120265,external_sensor,adaptive,0,0.35,fixed,1,32,32,1,0,0,undetermined,0.019567664244729818,21,0.2895400967209156,28
9120265,nonlinear,adaptive,0,0.35,fixed,1,32,32,1,0,0,unknown,0.35067796128502493,21,0.6728526238002297,28
9120265,none,adaptive,0,0.35,calibrated,0,32,,0,1,0,none,0.025776531638501726,0,0.0,0
9120265,motor,adaptive,0,0.35,calibrated,1,32,35,1,1,1,motor,0.007306688985970589,18,0.2722287330029511,25
9120265,external,adaptive,0,0.35,calibrated,1,32,,0,0,0,none,0.903483556599296,0,0.0,0
9120265,sensor,adaptive,0,0.35,calibrated,1,32,,0,0,0,none,0.025776531638501726,0,0.0,0
9120265,motor_external,adaptive,0,0.35,calibrated,1,32,,0,0,0,none,2.6046011898092023,0,0.0,0
9120265,external_sensor,adaptive,0,0.35,calibrated,1,32,34,1,0,0,undetermined,0.029112273317290466,19,0.2407991236124462,26
9120265,nonlinear,adaptive,0,0.35,calibrated,1,32,,0,0,0,none,0.4978329017352626,0,0.0,0
9120265,none,cycle,0,0.35,fixed,0,32,37,1,1,1,none,0.027987382561088008,30,0.25169102285868045,23
9120265,motor,cycle,0,0.35,fixed,1,32,32,1,1,1,motor,0.024148860863382263,30,0.28657169196789567,28
9120265,external,cycle,0,0.35,fixed,1,32,32,1,0,0,undetermined,0.024148860863382297,30,0.28657169196789567,28
9120265,sensor,cycle,0,0.35,fixed,1,32,32,1,0,0,undetermined,0.024148860863382283,30,0.28657169196789567,28
9120265,motor_external,cycle,0,0.35,fixed,1,32,34,1,0,0,undetermined,0.01816389452062042,30,0.257402681330362,26
9120265,external_sensor,cycle,0,0.35,fixed,1,32,32,1,0,0,undetermined,0.024148860863382297,30,0.28657169196789567,28
9120265,nonlinear,cycle,0,0.35,fixed,1,32,32,1,0,0,unknown,0.3576456575070378,30,0.5916403616643662,28
9120265,none,cycle,0,0.35,calibrated,0,32,,0,1,0,none,0.025776531638501726,30,0.0,0
9120265,motor,cycle,0,0.35,calibrated,1,32,35,1,1,1,motor,0.02629727093804926,30,0.25427752055623837,25
9120265,external,cycle,0,0.35,calibrated,1,32,,0,0,0,none,0.903483556599296,30,0.0,0
9120265,sensor,cycle,0,0.35,calibrated,1,32,,0,0,0,none,0.025776531638501726,30,0.0,0
9120265,motor_external,cycle,0,0.35,calibrated,1,32,35,1,0,0,undetermined,0.026297270938049226,30,0.2542775205562383,25
9120265,external_sensor,cycle,0,0.35,calibrated,1,32,34,1,0,0,undetermined,0.018163894520620387,30,0.2574026813303619,26
9120265,nonlinear,cycle,0,0.35,calibrated,1,32,,0,0,0,none,0.4978329017352626,30,0.0,0
9120265,none,adaptive,1,0.65,fixed,0,32,24,1,0,0,unknown,0.01812352757381568,27,1.0138902200785065,36
9120265,motor,adaptive,1,0.65,fixed,1,32,24,1,0,0,unknown,0.06878655635515414,27,1.5315572845462206,36
9120265,external,adaptive,1,0.65,fixed,1,32,24,1,0,0,unknown,0.08416067410863813,27,1.0872038388482834,36
9120265,sensor,adaptive,1,0.65,fixed,1,32,24,1,0,0,unknown,0.01812352757381568,27,1.0138902200785065,36
9120265,motor_external,adaptive,1,0.65,fixed,1,32,24,1,0,0,unknown,0.13482370288997658,27,1.6048709033159976,36
9120265,external_sensor,adaptive,1,0.65,fixed,1,32,24,1,0,0,unknown,0.08416067410863813,27,1.0872038388482834,36
9120265,nonlinear,adaptive,1,0.65,fixed,1,32,24,1,0,0,unknown,0.35536171319800147,27,1.3730858457750414,36
9120265,none,adaptive,1,0.65,calibrated,0,32,,0,1,0,none,0.08890273156952636,0,0.0,0
9120265,motor,adaptive,1,0.65,calibrated,1,32,,0,0,0,none,1.876692621816494,0,0.0,0
9120265,external,adaptive,1,0.65,calibrated,1,32,,0,0,0,none,1.0246443493538586,0,0.0,0
9120265,sensor,adaptive,1,0.65,calibrated,1,32,,0,0,0,none,0.08890273156952636,0,0.0,0
9120265,motor_external,adaptive,1,0.65,calibrated,1,32,,0,0,0,none,2.812434239600827,0,0.0,0
9120265,external_sensor,adaptive,1,0.65,calibrated,1,32,,0,0,0,none,1.0246443493538586,0,0.0,0
9120265,nonlinear,adaptive,1,0.65,calibrated,1,32,,0,0,0,none,0.48815027603493977,0,0.0,0
9120265,none,cycle,1,0.65,fixed,0,32,24,1,0,0,unknown,0.04436908514789541,30,0.988436401530039,36
9120265,motor,cycle,1,0.65,fixed,1,32,24,1,0,0,unknown,0.14093125205224252,30,1.148053700295714,36
9120265,external,cycle,1,0.65,fixed,1,32,24,1,0,0,unknown,0.11649574297417839,30,1.0528948873533983,36
9120265,sensor,cycle,1,0.65,fixed,1,32,24,1,0,0,unknown,0.04436908514789541,30,0.988436401530039,36
9120265,motor_external,cycle,1,0.65,fixed,1,32,24,1,0,0,unknown,0.2457783325256265,30,1.2680629961958203,36
9120265,external_sensor,cycle,1,0.65,fixed,1,32,24,1,0,0,unknown,0.11649574297417839,30,1.0528948873533983,36
9120265,nonlinear,cycle,1,0.65,fixed,1,32,24,1,0,0,unknown,0.40428254544656195,30,1.2309254081932555,36
9120265,none,cycle,1,0.65,calibrated,0,32,,0,1,0,none,0.08890273156952636,30,0.0,0
9120265,motor,cycle,1,0.65,calibrated,1,32,,0,0,0,none,1.876692621816494,30,0.0,0
9120265,external,cycle,1,0.65,calibrated,1,32,,0,0,0,none,1.0246443493538586,30,0.0,0
9120265,sensor,cycle,1,0.65,calibrated,1,32,,0,0,0,none,0.08890273156952636,30,0.0,0
9120265,motor_external,cycle,1,0.65,calibrated,1,32,,0,0,0,none,2.812434239600827,30,0.0,0
9120265,external_sensor,cycle,1,0.65,calibrated,1,32,,0,0,0,none,1.0246443493538586,30,0.0,0
9120265,nonlinear,cycle,1,0.65,calibrated,1,32,,0,0,0,none,0.48815027603493977,30,0.0,0
9120265,none,adaptive,0,0.65,fixed,0,32,24,1,0,0,unknown,0.01812352757381568,27,1.0138902200785065,36
9120265,motor,adaptive,0,0.65,fixed,1,32,24,1,0,0,unknown,0.06878655635515414,27,1.5315572845462206,36
9120265,external,adaptive,0,0.65,fixed,1,32,24,1,0,0,unknown,0.08416067410863813,27,1.0872038388482834,36
9120265,sensor,adaptive,0,0.65,fixed,1,32,24,1,0,0,unknown,0.01812352757381568,27,1.0138902200785065,36
9120265,motor_external,adaptive,0,0.65,fixed,1,32,24,1,0,0,unknown,0.13482370288997658,27,1.6048709033159976,36
9120265,external_sensor,adaptive,0,0.65,fixed,1,32,24,1,0,0,unknown,0.08416067410863813,27,1.0872038388482834,36
9120265,nonlinear,adaptive,0,0.65,fixed,1,32,24,1,0,0,unknown,0.35536171319800147,27,1.3730858457750414,36
9120265,none,adaptive,0,0.65,calibrated,0,32,,0,1,0,none,0.08890273156952636,0,0.0,0
9120265,motor,adaptive,0,0.65,calibrated,1,32,,0,0,0,none,1.876692621816494,0,0.0,0
9120265,external,adaptive,0,0.65,calibrated,1,32,,0,0,0,none,1.0246443493538586,0,0.0,0
9120265,sensor,adaptive,0,0.65,calibrated,1,32,,0,0,0,none,0.08890273156952636,0,0.0,0
9120265,motor_external,adaptive,0,0.65,calibrated,1,32,,0,0,0,none,2.812434239600827,0,0.0,0
9120265,external_sensor,adaptive,0,0.65,calibrated,1,32,,0,0,0,none,1.0246443493538586,0,0.0,0
9120265,nonlinear,adaptive,0,0.65,calibrated,1,32,,0,0,0,none,0.48815027603493977,0,0.0,0
9120265,none,cycle,0,0.65,fixed,0,32,24,1,0,0,unknown,0.04436908514789541,30,0.988436401530039,36
9120265,motor,cycle,0,0.65,fixed,1,32,24,1,0,0,unknown,0.14093125205224252,30,1.148053700295714,36
9120265,external,cycle,0,0.65,fixed,1,32,24,1,0,0,unknown,0.11649574297417839,30,1.0528948873533983,36
9120265,sensor,cycle,0,0.65,fixed,1,32,24,1,0,0,unknown,0.04436908514789541,30,0.988436401530039,36
9120265,motor_external,cycle,0,0.65,fixed,1,32,24,1,0,0,unknown,0.2457783325256265,30,1.2680629961958203,36
9120265,external_sensor,cycle,0,0.65,fixed,1,32,24,1,0,0,unknown,0.11649574297417839,30,1.0528948873533983,36
9120265,nonlinear,cycle,0,0.65,fixed,1,32,24,1,0,0,unknown,0.40428254544656195,30,1.2309254081932555,36
9120265,none,cycle,0,0.65,calibrated,0,32,,0,1,0,none,0.08890273156952636,30,0.0,0
9120265,motor,cycle,0,0.65,calibrated,1,32,,0,0,0,none,1.876692621816494,30,0.0,0
9120265,external,cycle,0,0.65,calibrated,1,32,,0,0,0,none,1.0246443493538586,30,0.0,0
9120265,sensor,cycle,0,0.65,calibrated,1,32,,0,0,0,none,0.08890273156952636,30,0.0,0
9120265,motor_external,cycle,0,0.65,calibrated,1,32,,0,0,0,none,2.812434239600827,30,0.0,0
9120265,external_sensor,cycle,0,0.65,calibrated,1,32,,0,0,0,none,1.0246443493538586,30,0.0,0
9120265,nonlinear,cycle,0,0.65,calibrated,1,32,,0,0,0,none,0.48815027603493977,30,0.0,0
9120318,none,adaptive,1,0.13,fixed,0,30,,0,1,0,none,0.007910173479758682,0,0.0,0
9120318,motor,adaptive,1,0.13,fixed,1,30,31,1,1,1,motor,0.00246920174989274,21,0.029525957149513497,29
9120318,external,adaptive,1,0.13,fixed,1,30,31,1,1,1,external,0.0024692017498927415,21,0.029525957149513494,29
9120318,sensor,adaptive,1,0.13,fixed,1,30,31,1,1,1,sensor,0.002469201749892745,21,0.02952595714951349,29
9120318,motor_external,adaptive,1,0.13,fixed,1,30,31,1,1,1,motor_external,0.0024692017498927367,21,0.02952595714951349,29
9120318,external_sensor,adaptive,1,0.13,fixed,1,30,31,1,1,1,external_sensor,0.0024692017498927415,21,0.029525957149513494,29
9120318,nonlinear,adaptive,1,0.13,fixed,1,30,31,1,0,0,unknown,0.35636934636221984,21,0.3972600633241033,29
9120318,none,adaptive,1,0.13,calibrated,0,30,,0,1,0,none,0.007910173479758682,0,0.0,0
9120318,motor,adaptive,1,0.13,calibrated,1,30,31,1,1,1,motor,0.00246920174989274,21,0.029525957149513497,29
9120318,external,adaptive,1,0.13,calibrated,1,30,31,1,1,1,external,0.0024692017498927415,21,0.029525957149513494,29
9120318,sensor,adaptive,1,0.13,calibrated,1,30,31,1,1,1,sensor,0.002469201749892745,21,0.02952595714951349,29
9120318,motor_external,adaptive,1,0.13,calibrated,1,30,31,1,1,1,motor_external,0.0024692017498927367,21,0.02952595714951349,29
9120318,external_sensor,adaptive,1,0.13,calibrated,1,30,31,1,1,1,external_sensor,0.0024692017498927415,21,0.029525957149513494,29
9120318,nonlinear,adaptive,1,0.13,calibrated,1,30,31,1,0,0,unknown,0.35636934636221984,21,0.3972600633241033,29
9120318,none,cycle,1,0.13,fixed,0,30,,0,1,0,none,0.007910173479758682,30,0.0,0
9120318,motor,cycle,1,0.13,fixed,1,30,32,1,1,1,motor,0.0014113770147942256,30,0.03197125685534582,28
9120318,external,cycle,1,0.13,fixed,1,30,31,1,1,1,external,0.0012437999732957555,30,0.0313246608530183,29
9120318,sensor,cycle,1,0.13,fixed,1,30,31,1,1,1,sensor,0.0012437999732957561,30,0.031324660853018285,29
9120318,motor_external,cycle,1,0.13,fixed,1,30,31,1,1,1,motor_external,0.0012437999732957516,30,0.031324660853018285,29
9120318,external_sensor,cycle,1,0.13,fixed,1,30,31,1,1,1,external_sensor,0.0012437999732957555,30,0.0313246608530183,29
9120318,nonlinear,cycle,1,0.13,fixed,1,30,33,1,0,0,unknown,0.33903719687582984,30,0.4010642877413878,27
9120318,none,cycle,1,0.13,calibrated,0,30,,0,1,0,none,0.007910173479758682,30,0.0,0
9120318,motor,cycle,1,0.13,calibrated,1,30,32,1,1,1,motor,0.0014113770147942256,30,0.03197125685534582,28
9120318,external,cycle,1,0.13,calibrated,1,30,31,1,1,1,external,0.0012437999732957555,30,0.0313246608530183,29
9120318,sensor,cycle,1,0.13,calibrated,1,30,31,1,1,1,sensor,0.0012437999732957561,30,0.031324660853018285,29
9120318,motor_external,cycle,1,0.13,calibrated,1,30,31,1,1,1,motor_external,0.0012437999732957516,30,0.031324660853018285,29
9120318,external_sensor,cycle,1,0.13,calibrated,1,30,31,1,1,1,external_sensor,0.0012437999732957555,30,0.0313246608530183,29
9120318,nonlinear,cycle,1,0.13,calibrated,1,30,33,1,0,0,unknown,0.33903719687582984,30,0.4010642877413878,27
9120318,none,adaptive,0,0.13,fixed,0,30,,0,1,0,none,0.007910173479758682,0,0.0,0
9120318,motor,adaptive,0,0.13,fixed,1,30,31,1,1,1,motor,0.00246920174989274,21,0.029525957149513497,29
9120318,external,adaptive,0,0.13,fixed,1,30,31,1,0,0,undetermined,0.0024692017498927415,21,0.029525957149513494,29
9120318,sensor,adaptive,0,0.13,fixed,1,30,31,1,0,0,undetermined,0.002469201749892745,21,0.02952595714951349,29
9120318,motor_external,adaptive,0,0.13,fixed,1,30,31,1,0,0,undetermined,0.0024692017498927367,21,0.02952595714951349,29
9120318,external_sensor,adaptive,0,0.13,fixed,1,30,31,1,0,0,undetermined,0.0024692017498927415,21,0.029525957149513494,29
9120318,nonlinear,adaptive,0,0.13,fixed,1,30,31,1,0,0,unknown,0.35636934636221984,21,0.3972600633241033,29
9120318,none,adaptive,0,0.13,calibrated,0,30,,0,1,0,none,0.007910173479758682,0,0.0,0
9120318,motor,adaptive,0,0.13,calibrated,1,30,31,1,1,1,motor,0.00246920174989274,21,0.029525957149513497,29
9120318,external,adaptive,0,0.13,calibrated,1,30,31,1,0,0,undetermined,0.0024692017498927415,21,0.029525957149513494,29
9120318,sensor,adaptive,0,0.13,calibrated,1,30,31,1,0,0,undetermined,0.002469201749892745,21,0.02952595714951349,29
9120318,motor_external,adaptive,0,0.13,calibrated,1,30,31,1,0,0,undetermined,0.0024692017498927367,21,0.02952595714951349,29
9120318,external_sensor,adaptive,0,0.13,calibrated,1,30,31,1,0,0,undetermined,0.0024692017498927415,21,0.029525957149513494,29
9120318,nonlinear,adaptive,0,0.13,calibrated,1,30,31,1,0,0,unknown,0.35636934636221984,21,0.3972600633241033,29
9120318,none,cycle,0,0.13,fixed,0,30,,0,1,0,none,0.007910173479758682,30,0.0,0
9120318,motor,cycle,0,0.13,fixed,1,30,32,1,1,1,motor,0.0014113770147942256,30,0.03197125685534582,28
9120318,external,cycle,0,0.13,fixed,1,30,31,1,0,0,undetermined,0.0012437999732957555,30,0.0313246608530183,29
9120318,sensor,cycle,0,0.13,fixed,1,30,31,1,0,0,undetermined,0.0012437999732957561,30,0.031324660853018285,29
9120318,motor_external,cycle,0,0.13,fixed,1,30,31,1,0,0,undetermined,0.0012437999732957516,30,0.031324660853018285,29
9120318,external_sensor,cycle,0,0.13,fixed,1,30,31,1,0,0,undetermined,0.0012437999732957555,30,0.0313246608530183,29
9120318,nonlinear,cycle,0,0.13,fixed,1,30,32,1,0,0,unknown,0.3398818347605221,30,0.3970860073498118,28
9120318,none,cycle,0,0.13,calibrated,0,30,,0,1,0,none,0.007910173479758682,30,0.0,0
9120318,motor,cycle,0,0.13,calibrated,1,30,32,1,1,1,motor,0.0014113770147942256,30,0.03197125685534582,28
9120318,external,cycle,0,0.13,calibrated,1,30,31,1,0,0,undetermined,0.0012437999732957555,30,0.0313246608530183,29
9120318,sensor,cycle,0,0.13,calibrated,1,30,31,1,0,0,undetermined,0.0012437999732957561,30,0.031324660853018285,29
9120318,motor_external,cycle,0,0.13,calibrated,1,30,31,1,0,0,undetermined,0.0012437999732957516,30,0.031324660853018285,29
9120318,external_sensor,cycle,0,0.13,calibrated,1,30,31,1,0,0,undetermined,0.0012437999732957555,30,0.0313246608530183,29
9120318,nonlinear,cycle,0,0.13,calibrated,1,30,32,1,0,0,unknown,0.3398818347605221,30,0.3970860073498118,28
9120318,none,adaptive,1,0.35,fixed,0,30,24,1,0,1,motor,0.018480512168128037,27,0.1974760282856615,36
9120318,motor,adaptive,1,0.35,fixed,1,30,24,1,1,1,motor,0.06725011269060613,27,0.5054059238819479,36
9120318,external,adaptive,1,0.35,fixed,1,30,24,1,0,1,motor_external,0.04181393603589407,27,0.3120829437879069,36
9120318,sensor,adaptive,1,0.35,fixed,1,30,24,1,0,1,motor_sensor,0.018480512168128037,27,0.1974760282856615,36
9120318,motor_external,adaptive,1,0.35,fixed,1,30,24,1,1,1,motor_external,0.09058353655837212,27,0.6200128393841933,36
9120318,external_sensor,adaptive,1,0.35,fixed,1,30,24,1,0,1,motor_external_sensor,0.04181393603589407,27,0.3120829437879069,36
9120318,nonlinear,adaptive,1,0.35,fixed,1,30,24,1,0,0,unknown,0.35367982711709023,27,0.578489515754184,36
9120318,none,adaptive,1,0.35,calibrated,0,30,,0,1,0,none,0.05733705628819156,0,0.0,0
9120318,motor,adaptive,1,0.35,calibrated,1,30,31,1,1,1,motor,0.017898060021411942,21,0.21401951188256815,29
9120318,external,adaptive,1,0.35,calibrated,1,30,,0,0,0,none,1.1652148215168707,0,0.0,0
9120318,sensor,adaptive,1,0.35,calibrated,1,30,,0,0,0,none,0.05733705628819156,0,0.0,0
9120318,motor_external,adaptive,1,0.35,calibrated,1,30,31,1,1,1,motor_external,0.0178980600214119,21,0.21401951188256815,29
9120318,external_sensor,adaptive,1,0.35,calibrated,1,30,46,1,1,1,external_sensor,0.034332839535404336,10,0.14560526759894984,14
9120318,nonlinear,adaptive,1,0.35,calibrated,1,30,,0,0,0,none,0.4779483872061691,0,0.0,0
9120318,none,cycle,1,0.35,fixed,0,30,24,1,1,1,none,0.005909214932833988,30,0.21442031230637246,36
9120318,motor,cycle,1,0.35,fixed,1,30,24,1,1,1,motor,0.05156276734116551,30,0.4841094342787987,36
9120318,external,cycle,1,0.35,fixed,1,30,24,1,1,1,external,0.02922247069859777,30,0.32877019060657786,36
9120318,sensor,cycle,1,0.35,fixed,1,30,24,1,1,1,sensor,0.005909214932833988,30,0.21442031230637246,36
9120318,motor_external,cycle,1,0.35,fixed,1,30,24,1,1,1,motor_external,0.057390539262799925,30,0.5583884121028739,36
9120318,external_sensor,cycle,1,0.35,fixed,1,30,24,1,1,1,external_sensor,0.02922247069859777,30,0.32877019060657786,36
9120318,nonlinear,cycle,1,0.35,fixed,1,30,24,1,0,0,unknown,0.3412489899649144,30,0.5909565841344872,36
9120318,none,cycle,1,0.35,calibrated,0,30,,0,1,0,none,0.05733705628819156,30,0.0,0
9120318,motor,cycle,1,0.35,calibrated,1,30,39,1,1,1,motor,0.006021544519621712,30,0.22128894170480193,21
9120318,external,cycle,1,0.35,calibrated,1,30,,0,0,0,none,1.1652148215168707,30,0.0,0
9120318,sensor,cycle,1,0.35,calibrated,1,30,,0,0,0,none,0.05733705628819156,30,0.0,0
9120318,motor_external,cycle,1,0.35,calibrated,1,30,33,1,1,1,motor_external,0.014069772325511615,30,0.23587083090146238,27
9120318,external_sensor,cycle,1,0.35,calibrated,1,30,46,1,1,1,external_sensor,0.006724332454853063,30,0.18416907724237075,14
9120318,nonlinear,cycle,1,0.35,calibrated,1,30,,0,0,0,none,0.4779483872061691,30,0.0,0
9120318,none,adaptive,0,0.35,fixed,0,30,24,1,0,0,unknown,0.018480512168128037,27,0.1974760282856615,36
9120318,motor,adaptive,0,0.35,fixed,1,30,24,1,0,0,unknown,0.06725011269060613,27,0.5054059238819479,36
9120318,external,adaptive,0,0.35,fixed,1,30,24,1,0,0,unknown,0.04181393603589407,27,0.3120829437879069,36
9120318,sensor,adaptive,0,0.35,fixed,1,30,24,1,0,0,unknown,0.018480512168128037,27,0.1974760282856615,36
9120318,motor_external,adaptive,0,0.35,fixed,1,30,24,1,0,0,unknown,0.09058353655837212,27,0.6200128393841933,36
9120318,external_sensor,adaptive,0,0.35,fixed,1,30,24,1,0,0,unknown,0.04181393603589407,27,0.3120829437879069,36
9120318,nonlinear,adaptive,0,0.35,fixed,1,30,24,1,0,0,unknown,0.35367982711709023,27,0.578489515754184,36
9120318,none,adaptive,0,0.35,calibrated,0,30,,0,1,0,none,0.05733705628819156,0,0.0,0
9120318,motor,adaptive,0,0.35,calibrated,1,30,50,1,1,1,motor,0.010534063447963756,7,0.10547178802450644,10
9120318,external,adaptive,0,0.35,calibrated,1,30,,0,0,0,none,1.1652148215168707,0,0.0,0
9120318,sensor,adaptive,0,0.35,calibrated,1,30,,0,0,0,none,0.05733705628819156,0,0.0,0
9120318,motor_external,adaptive,0,0.35,calibrated,1,30,31,1,0,0,undetermined,0.0178980600214119,21,0.21401951188256815,29
9120318,external_sensor,adaptive,0,0.35,calibrated,1,30,31,1,0,0,undetermined,0.017898060021411918,21,0.21401951188256815,29
9120318,nonlinear,adaptive,0,0.35,calibrated,1,30,,0,0,0,none,0.4779483872061691,0,0.0,0
9120318,none,cycle,0,0.35,fixed,0,30,24,1,0,0,unknown,0.005909214932833988,30,0.21442031230637246,36
9120318,motor,cycle,0,0.35,fixed,1,30,24,1,0,0,unknown,0.05156276734116551,30,0.4841094342787987,36
9120318,external,cycle,0,0.35,fixed,1,30,24,1,0,0,unknown,0.02922247069859777,30,0.32877019060657786,36
9120318,sensor,cycle,0,0.35,fixed,1,30,24,1,0,0,unknown,0.005909214932833988,30,0.21442031230637246,36
9120318,motor_external,cycle,0,0.35,fixed,1,30,24,1,0,0,unknown,0.057390539262799925,30,0.5583884121028739,36
9120318,external_sensor,cycle,0,0.35,fixed,1,30,24,1,0,0,unknown,0.02922247069859777,30,0.32877019060657786,36
9120318,nonlinear,cycle,0,0.35,fixed,1,30,24,1,0,0,unknown,0.3412489899649144,30,0.5909565841344872,36
9120318,none,cycle,0,0.35,calibrated,0,30,,0,1,0,none,0.05733705628819156,30,0.0,0
9120318,motor,cycle,0,0.35,calibrated,1,30,44,1,1,1,motor,0.0009605990795405198,30,0.1948501480130704,16
9120318,external,cycle,0,0.35,calibrated,1,30,,0,0,0,none,1.1652148215168707,30,0.0,0
9120318,sensor,cycle,0,0.35,calibrated,1,30,,0,0,0,none,0.05733705628819156,30,0.0,0
9120318,motor_external,cycle,0,0.35,calibrated,1,30,33,1,0,0,undetermined,0.014069772325511615,30,0.23587083090146238,27
9120318,external_sensor,cycle,0,0.35,calibrated,1,30,31,1,0,0,undetermined,0.00901570986560531,30,0.2270574529286829,29
9120318,nonlinear,cycle,0,0.35,calibrated,1,30,,0,0,0,none,0.4779483872061691,30,0.0,0
9120318,none,adaptive,1,0.65,fixed,0,30,24,1,0,0,unknown,0.06373890931456398,27,0.6810907914342202,36
9120318,motor,adaptive,1,0.65,fixed,1,30,24,1,0,0,unknown,0.11198298224255258,27,1.0201563647373764,36
9120318,external,adaptive,1,0.65,fixed,1,30,24,1,0,0,unknown,0.08778669649755783,27,0.7975036345098189,36
9120318,sensor,adaptive,1,0.65,fixed,1,30,24,1,0,0,unknown,0.06373890931456398,27,0.6810907914342202,36
9120318,motor_external,adaptive,1,0.65,fixed,1,30,24,1,0,0,unknown,0.13603076942554643,27,1.1365692078129748,36
9120318,external_sensor,adaptive,1,0.65,fixed,1,30,24,1,0,0,unknown,0.08778669649755783,27,0.7975036345098189,36
9120318,nonlinear,adaptive,1,0.65,fixed,1,30,24,1,0,0,unknown,0.3988696476589329,27,1.1011409718651801,36
9120318,none,adaptive,1,0.65,calibrated,0,30,,0,1,0,none,0.19775433699396697,0,0.0,0
9120318,motor,adaptive,1,0.65,calibrated,1,30,,0,0,0,none,1.797354745644776,0,0.0,0
9120318,external,adaptive,1,0.65,calibrated,1,30,,0,0,0,none,1.5609559009900857,0,0.0,0
9120318,sensor,adaptive,1,0.65,calibrated,1,30,,0,0,0,none,0.19775433699396697,0,0.0,0
9120318,motor_external,adaptive,1,0.65,calibrated,1,30,42,1,0,1,motor_external_sensor,0.07249123498231694,13,0.5503940559775287,18
9120318,external_sensor,adaptive,1,0.65,calibrated,1,30,,0,0,0,none,1.5609559009900857,0,0.0,0
9120318,nonlinear,adaptive,1,0.65,calibrated,1,30,,0,0,0,none,0.5014610944130682,0,0.0,0
9120318,none,cycle,1,0.65,fixed,0,30,24,1,0,0,unknown,0.020380761707121255,30,0.7395312812199377,36
9120318,motor,cycle,1,0.65,fixed,1,30,24,1,0,0,unknown,0.06329907746687284,30,1.0453122718535954,36
9120318,external,cycle,1,0.65,fixed,1,30,24,1,0,0,unknown,0.04388691342284725,30,0.8563612831413633,36
9120318,sensor,cycle,1,0.65,fixed,1,30,24,1,0,0,unknown,0.020380761707121255,30,0.7395312812199377,36
9120318,motor_external,cycle,1,0.65,fixed,1,30,24,1,0,0,unknown,0.06931974533846938,30,1.1220713732988912,36
9120318,external_sensor,cycle,1,0.65,fixed,1,30,24,1,0,0,unknown,0.04388691342284725,30,0.8563612831413633,36
9120318,nonlinear,cycle,1,0.65,fixed,1,30,24,1,0,0,unknown,0.3512540441239985,30,1.1738208801331633,36
9120318,none,cycle,1,0.65,calibrated,0,30,,0,1,0,none,0.19775433699396697,30,0.0,0
9120318,motor,cycle,1,0.65,calibrated,1,30,,0,0,0,none,1.797354745644776,30,0.0,0
9120318,external,cycle,1,0.65,calibrated,1,30,,0,0,0,none,1.5609559009900857,30,0.0,0
9120318,sensor,cycle,1,0.65,calibrated,1,30,,0,0,0,none,0.19775433699396697,30,0.0,0
9120318,motor_external,cycle,1,0.65,calibrated,1,30,,0,0,0,none,3.1605563096408953,30,0.0,0
9120318,external_sensor,cycle,1,0.65,calibrated,1,30,,0,0,0,none,1.5609559009900857,30,0.0,0
9120318,nonlinear,cycle,1,0.65,calibrated,1,30,,0,0,0,none,0.5014610944130682,30,0.0,0
9120318,none,adaptive,0,0.65,fixed,0,30,24,1,0,0,unknown,0.06373890931456398,27,0.6810907914342202,36
9120318,motor,adaptive,0,0.65,fixed,1,30,24,1,0,0,unknown,0.11198298224255258,27,1.0201563647373764,36
9120318,external,adaptive,0,0.65,fixed,1,30,24,1,0,0,unknown,0.08778669649755783,27,0.7975036345098189,36
9120318,sensor,adaptive,0,0.65,fixed,1,30,24,1,0,0,unknown,0.06373890931456398,27,0.6810907914342202,36
9120318,motor_external,adaptive,0,0.65,fixed,1,30,24,1,0,0,unknown,0.13603076942554643,27,1.1365692078129748,36
9120318,external_sensor,adaptive,0,0.65,fixed,1,30,24,1,0,0,unknown,0.08778669649755783,27,0.7975036345098189,36
9120318,nonlinear,adaptive,0,0.65,fixed,1,30,24,1,0,0,unknown,0.3988696476589329,27,1.1011409718651801,36
9120318,none,adaptive,0,0.65,calibrated,0,30,,0,1,0,none,0.19775433699396697,0,0.0,0
9120318,motor,adaptive,0,0.65,calibrated,1,30,,0,0,0,none,1.797354745644776,0,0.0,0
9120318,external,adaptive,0,0.65,calibrated,1,30,,0,0,0,none,1.5609559009900857,0,0.0,0
9120318,sensor,adaptive,0,0.65,calibrated,1,30,,0,0,0,none,0.19775433699396697,0,0.0,0
9120318,motor_external,adaptive,0,0.65,calibrated,1,30,,0,0,0,none,3.1605563096408953,0,0.0,0
9120318,external_sensor,adaptive,0,0.65,calibrated,1,30,,0,0,0,none,1.5609559009900857,0,0.0,0
9120318,nonlinear,adaptive,0,0.65,calibrated,1,30,,0,0,0,none,0.5014610944130682,0,0.0,0
9120318,none,cycle,0,0.65,fixed,0,30,24,1,0,0,unknown,0.020380761707121255,30,0.7395312812199377,36
9120318,motor,cycle,0,0.65,fixed,1,30,24,1,0,0,unknown,0.06329907746687284,30,1.0453122718535954,36
9120318,external,cycle,0,0.65,fixed,1,30,24,1,0,0,unknown,0.04388691342284725,30,0.8563612831413633,36
9120318,sensor,cycle,0,0.65,fixed,1,30,24,1,0,0,unknown,0.020380761707121255,30,0.7395312812199377,36
9120318,motor_external,cycle,0,0.65,fixed,1,30,24,1,0,0,unknown,0.06931974533846938,30,1.1220713732988912,36
9120318,external_sensor,cycle,0,0.65,fixed,1,30,24,1,0,0,unknown,0.04388691342284725,30,0.8563612831413633,36
9120318,nonlinear,cycle,0,0.65,fixed,1,30,24,1,0,0,unknown,0.3512540441239985,30,1.1738208801331633,36
9120318,none,cycle,0,0.65,calibrated,0,30,,0,1,0,none,0.19775433699396697,30,0.0,0
9120318,motor,cycle,0,0.65,calibrated,1,30,,0,0,0,none,1.797354745644776,30,0.0,0
9120318,external,cycle,0,0.65,calibrated,1,30,,0,0,0,none,1.5609559009900857,30,0.0,0
9120318,sensor,cycle,0,0.65,calibrated,1,30,,0,0,0,none,0.19775433699396697,30,0.0,0
9120318,motor_external,cycle,0,0.65,calibrated,1,30,,0,0,0,none,3.1605563096408953,30,0.0,0
9120318,external_sensor,cycle,0,0.65,calibrated,1,30,,0,0,0,none,1.5609559009900857,30,0.0,0
9120318,nonlinear,cycle,0,0.65,calibrated,1,30,,0,0,0,none,0.5014610944130682,30,0.0,0
9120371,none,adaptive,1,0.13,fixed,0,33,,0,1,0,none,0.0026027768492001752,0,0.0,0
9120371,motor,adaptive,1,0.13,fixed,1,33,34,1,1,1,motor,0.011593561596006316,19,0.03281288594920437,26
9120371,external,adaptive,1,0.13,fixed,1,33,34,1,1,1,external,0.011593561596006339,19,0.032812885949204354,26
9120371,sensor,adaptive,1,0.13,fixed,1,33,34,1,1,1,sensor,0.011593561596006333,19,0.03281288594920436,26
9120371,motor_external,adaptive,1,0.13,fixed,1,33,34,1,1,1,motor_external,0.011593561596006328,19,0.032812885949204354,26
9120371,external_sensor,adaptive,1,0.13,fixed,1,33,34,1,1,1,external_sensor,0.011593561596006339,19,0.032812885949204354,26
9120371,nonlinear,adaptive,1,0.13,fixed,1,33,34,1,0,0,unknown,0.387870180898003,19,0.3357336556302251,26
9120371,none,adaptive,1,0.13,calibrated,0,33,,0,1,0,none,0.0026027768492001752,0,0.0,0
9120371,motor,adaptive,1,0.13,calibrated,1,33,34,1,1,1,motor,0.011593561596006316,19,0.03281288594920437,26
9120371,external,adaptive,1,0.13,calibrated,1,33,34,1,1,1,external,0.011593561596006339,19,0.032812885949204354,26
9120371,sensor,adaptive,1,0.13,calibrated,1,33,34,1,1,1,sensor,0.011593561596006333,19,0.03281288594920436,26
9120371,motor_external,adaptive,1,0.13,calibrated,1,33,34,1,1,1,motor_external,0.011593561596006328,19,0.032812885949204354,26
9120371,external_sensor,adaptive,1,0.13,calibrated,1,33,34,1,1,1,external_sensor,0.011593561596006339,19,0.032812885949204354,26
9120371,nonlinear,adaptive,1,0.13,calibrated,1,33,34,1,0,0,unknown,0.387870180898003,19,0.3357336556302251,26
9120371,none,cycle,1,0.13,fixed,0,33,,0,1,0,none,0.0026027768492001752,30,0.0,0
9120371,motor,cycle,1,0.13,fixed,1,33,34,1,1,1,motor,0.015893372967091784,30,0.028651207313253213,26
9120371,external,cycle,1,0.13,fixed,1,33,34,1,1,1,external,0.01589337296709184,30,0.0286512073132532,26
9120371,sensor,cycle,1,0.13,fixed,1,33,34,1,1,1,sensor,0.01589337296709179,30,0.02865120731325321,26
9120371,motor_external,cycle,1,0.13,fixed,1,33,34,1,1,1,motor_external,0.015893372967091784,30,0.028651207313253206,26
9120371,external_sensor,cycle,1,0.13,fixed,1,33,34,1,1,1,external_sensor,0.01589337296709184,30,0.0286512073132532,26
9120371,nonlinear,cycle,1,0.13,fixed,1,33,34,1,0,0,unknown,0.35758769286161307,30,0.3773459801983328,26
9120371,none,cycle,1,0.13,calibrated,0,33,,0,1,0,none,0.0026027768492001752,30,0.0,0
9120371,motor,cycle,1,0.13,calibrated,1,33,34,1,1,1,motor,0.015893372967091784,30,0.028651207313253213,26
9120371,external,cycle,1,0.13,calibrated,1,33,34,1,1,1,external,0.01589337296709184,30,0.0286512073132532,26
9120371,sensor,cycle,1,0.13,calibrated,1,33,34,1,1,1,sensor,0.01589337296709179,30,0.02865120731325321,26
9120371,motor_external,cycle,1,0.13,calibrated,1,33,34,1,1,1,motor_external,0.015893372967091784,30,0.028651207313253206,26
9120371,external_sensor,cycle,1,0.13,calibrated,1,33,34,1,1,1,external_sensor,0.01589337296709184,30,0.0286512073132532,26
9120371,nonlinear,cycle,1,0.13,calibrated,1,33,34,1,0,0,unknown,0.35758769286161307,30,0.3773459801983328,26
9120371,none,adaptive,0,0.13,fixed,0,33,,0,1,0,none,0.0026027768492001752,0,0.0,0
9120371,motor,adaptive,0,0.13,fixed,1,33,34,1,1,1,motor,0.011593561596006316,19,0.03281288594920437,26
9120371,external,adaptive,0,0.13,fixed,1,33,34,1,0,0,undetermined,0.011593561596006339,19,0.032812885949204354,26
9120371,sensor,adaptive,0,0.13,fixed,1,33,34,1,0,0,undetermined,0.011593561596006333,19,0.03281288594920436,26
9120371,motor_external,adaptive,0,0.13,fixed,1,33,34,1,0,0,undetermined,0.011593561596006328,19,0.032812885949204354,26
9120371,external_sensor,adaptive,0,0.13,fixed,1,33,34,1,0,0,undetermined,0.011593561596006339,19,0.032812885949204354,26
9120371,nonlinear,adaptive,0,0.13,fixed,1,33,34,1,0,0,unknown,0.387870180898003,19,0.3357336556302251,26
9120371,none,adaptive,0,0.13,calibrated,0,33,,0,1,0,none,0.0026027768492001752,0,0.0,0
9120371,motor,adaptive,0,0.13,calibrated,1,33,34,1,1,1,motor,0.011593561596006316,19,0.03281288594920437,26
9120371,external,adaptive,0,0.13,calibrated,1,33,34,1,0,0,undetermined,0.011593561596006339,19,0.032812885949204354,26
9120371,sensor,adaptive,0,0.13,calibrated,1,33,34,1,0,0,undetermined,0.011593561596006333,19,0.03281288594920436,26
9120371,motor_external,adaptive,0,0.13,calibrated,1,33,34,1,0,0,undetermined,0.011593561596006328,19,0.032812885949204354,26
9120371,external_sensor,adaptive,0,0.13,calibrated,1,33,34,1,0,0,undetermined,0.011593561596006339,19,0.032812885949204354,26
9120371,nonlinear,adaptive,0,0.13,calibrated,1,33,34,1,0,0,unknown,0.387870180898003,19,0.3357336556302251,26
9120371,none,cycle,0,0.13,fixed,0,33,,0,1,0,none,0.0026027768492001752,30,0.0,0
9120371,motor,cycle,0,0.13,fixed,1,33,34,1,1,1,motor,0.015893372967091784,30,0.028651207313253213,26
9120371,external,cycle,0,0.13,fixed,1,33,34,1,0,0,undetermined,0.01589337296709184,30,0.0286512073132532,26
9120371,sensor,cycle,0,0.13,fixed,1,33,34,1,0,0,undetermined,0.01589337296709179,30,0.02865120731325321,26
9120371,motor_external,cycle,0,0.13,fixed,1,33,34,1,0,0,undetermined,0.015893372967091784,30,0.028651207313253206,26
9120371,external_sensor,cycle,0,0.13,fixed,1,33,34,1,0,0,undetermined,0.01589337296709184,30,0.0286512073132532,26
9120371,nonlinear,cycle,0,0.13,fixed,1,33,34,1,0,0,unknown,0.35758769286161307,30,0.3773459801983328,26
9120371,none,cycle,0,0.13,calibrated,0,33,,0,1,0,none,0.0026027768492001752,30,0.0,0
9120371,motor,cycle,0,0.13,calibrated,1,33,34,1,1,1,motor,0.015893372967091784,30,0.028651207313253213,26
9120371,external,cycle,0,0.13,calibrated,1,33,34,1,0,0,undetermined,0.01589337296709184,30,0.0286512073132532,26
9120371,sensor,cycle,0,0.13,calibrated,1,33,34,1,0,0,undetermined,0.01589337296709179,30,0.02865120731325321,26
9120371,motor_external,cycle,0,0.13,calibrated,1,33,34,1,0,0,undetermined,0.015893372967091784,30,0.028651207313253206,26
9120371,external_sensor,cycle,0,0.13,calibrated,1,33,34,1,0,0,undetermined,0.01589337296709184,30,0.0286512073132532,26
9120371,nonlinear,cycle,0,0.13,calibrated,1,33,34,1,0,0,unknown,0.35758769286161307,30,0.3773459801983328,26
9120371,none,adaptive,1,0.35,fixed,0,33,24,1,0,0,unknown,0.052382624756863116,27,0.24190282740920788,36
9120371,motor,adaptive,1,0.35,fixed,1,33,24,1,0,0,unknown,0.13114719914857204,27,0.6335221605527596,36
9120371,external,adaptive,1,0.35,fixed,1,33,24,1,0,0,unknown,0.1451791246501193,27,0.427520248591166,36
9120371,sensor,adaptive,1,0.35,fixed,1,33,24,1,0,0,unknown,0.052382624756863116,27,0.24190282740920788,36
9120371,motor_external,adaptive,1,0.35,fixed,1,33,24,1,0,0,unknown,0.23196318730706494,27,0.8271590699999545,36
9120371,external_sensor,adaptive,1,0.35,fixed,1,33,24,1,0,0,unknown,0.1451791246501193,27,0.427520248591166,36
9120371,nonlinear,adaptive,1,0.35,fixed,1,33,24,1,0,0,unknown,0.3709064991451408,27,0.6361991401889506,36
9120371,none,adaptive,1,0.35,calibrated,0,33,,0,1,0,none,0.018866281895089876,0,0.0,0
9120371,motor,adaptive,1,0.35,calibrated,1,33,35,1,1,1,motor,0.09302090891755242,18,0.22761754382770583,25
9120371,external,adaptive,1,0.35,calibrated,1,33,,0,0,0,none,1.0146787258249215,0,0.0,0
9120371,sensor,adaptive,1,0.35,calibrated,1,33,,0,0,0,none,0.018866281895089876,0,0.0,0
9120371,motor_external,adaptive,1,0.35,calibrated,1,33,34,1,1,1,motor_external,0.08403617133199848,19,0.2378448833596174,26
9120371,external_sensor,adaptive,1,0.35,calibrated,1,33,,0,0,0,none,1.0146787258249215,0,0.0,0
9120371,nonlinear,adaptive,1,0.35,calibrated,1,33,38,1,0,1,external,0.4718708304007212,16,0.4757184316251575,22
9120371,none,cycle,1,0.35,fixed,0,33,24,1,1,1,none,0.07416842309275612,30,0.2226128461174252,36
9120371,motor,cycle,1,0.35,fixed,1,33,24,1,1,1,motor,0.12828881427096617,30,0.5119053449500607,36
9120371,external,cycle,1,0.35,fixed,1,33,24,1,1,1,external,0.18257572174006587,30,0.39500142814147576,36
9120371,sensor,cycle,1,0.35,fixed,1,33,24,1,1,1,sensor,0.07416842309275612,30,0.2226128461174252,36
9120371,motor_external,cycle,1,0.35,fixed,1,33,24,1,1,1,motor_external,0.2065397202491222,30,0.6464194987027656,36
9120371,external_sensor,cycle,1,0.35,fixed,1,33,24,1,1,1,external_sensor,0.18257572174006587,30,0.39500142814147576,36
9120371,nonlinear,cycle,1,0.35,fixed,1,33,24,1,0,0,unknown,0.3779500373693879,30,0.5720279802287286,36
9120371,none,cycle,1,0.35,calibrated,0,33,,0,1,0,none,0.018866281895089876,30,0.0,0
9120371,motor,cycle,1,0.35,calibrated,1,33,37,1,1,1,motor,0.10170018507265852,30,0.22703656319039506,23
9120371,external,cycle,1,0.35,calibrated,1,33,,0,0,0,none,1.0146787258249215,30,0.0,0
9120371,sensor,cycle,1,0.35,calibrated,1,33,,0,0,0,none,0.018866281895089876,30,0.0,0
9120371,motor_external,cycle,1,0.35,calibrated,1,33,38,1,1,1,motor_external,0.0925803460008646,30,0.20866897923610922,22
9120371,external_sensor,cycle,1,0.35,calibrated,1,33,,0,0,0,none,1.0146787258249215,30,0.0,0
9120371,nonlinear,cycle,1,0.35,calibrated,1,33,,0,0,0,none,0.46949043531916435,30,0.0,0
9120371,none,adaptive,0,0.35,fixed,0,33,28,1,1,1,none,0.07142797263724718,24,0.2301795362741975,32
9120371,motor,adaptive,0,0.35,fixed,1,33,28,1,1,1,motor,0.0868283512027731,24,0.5185130614361374,32
9120371,external,adaptive,0,0.35,fixed,1,33,28,1,0,0,undetermined,0.11398152289681467,24,0.3430590882857344,32
9120371,sensor,adaptive,0,0.35,fixed,1,33,28,1,0,0,undetermined,0.07142797263724718,24,0.2301795362741975,32
9120371,motor_external,adaptive,0,0.35,fixed,1,33,28,1,0,0,undetermined,0.13523288472056205,24,0.6439304347152915,32
9120371,external_sensor,adaptive,0,0.35,fixed,1,33,28,1,0,0,undetermined,0.11398152289681467,24,0.3430590882857344,32
9120371,nonlinear,adaptive,0,0.35,fixed,1,33,28,1,0,0,unknown,0.40342322604569925,24,0.6479379489208466,32
9120371,none,adaptive,0,0.35,calibrated,0,33,,0,1,0,none,0.018866281895089876,0,0.0,0
9120371,motor,adaptive,0,0.35,calibrated,1,33,43,1,1,1,motor,0.06713749314662137,12,0.21119907061161083,17
9120371,external,adaptive,0,0.35,calibrated,1,33,,0,0,0,none,1.0146787258249215,0,0.0,0
9120371,sensor,adaptive,0,0.35,calibrated,1,33,,0,0,0,none,0.018866281895089876,0,0.0,0
9120371,motor_external,adaptive,0,0.35,calibrated,1,33,34,1,0,0,undetermined,0.08403617133199848,19,0.2378448833596174,26
9120371,external_sensor,adaptive,0,0.35,calibrated,1,33,34,1,0,0,undetermined,0.0840361713319985,19,0.2378448833596174,26
9120371,nonlinear,adaptive,0,0.35,calibrated,1,33,44,1,0,0,undetermined,0.4168274747105286,12,0.6967912682761048,16
9120371,none,cycle,0,0.35,fixed,0,33,28,1,1,1,none,0.0912242508954503,30,0.21244259791071554,32
9120371,motor,cycle,0,0.35,fixed,1,33,28,1,1,1,motor,0.10781206091115433,30,0.4571734512965803,32
9120371,external,cycle,0,0.35,fixed,1,33,28,1,0,0,undetermined,0.13758104677585364,30,0.3254936008449855,32
9120371,sensor,cycle,0,0.35,fixed,1,33,28,1,0,0,undetermined,0.0912242508954503,30,0.21244259791071554,32
9120371,motor_external,cycle,0,0.35,fixed,1,33,28,1,0,0,undetermined,0.15136946062562234,30,0.5716282212035941,32
9120371,external_sensor,cycle,0,0.35,fixed,1,33,28,1,0,0,undetermined,0.13758104677585364,30,0.3254936008449855,32
9120371,nonlinear,cycle,0,0.35,fixed,1,33,28,1,0,0,unknown,0.40805995944543233,30,0.5782067771377951,32
9120371,none,cycle,0,0.35,calibrated,0,33,,0,1,0,none,0.018866281895089876,30,0.0,0
9120371,motor,cycle,0,0.35,calibrated,1,33,40,1,1,1,motor,0.11936175362935467,30,0.17065473235971468,20
9120371,external,cycle,0,0.35,calibrated,1,33,,0,0,0,none,1.0146787258249215,30,0.0,0
9120371,sensor,cycle,0,0.35,calibrated,1,33,,0,0,0,none,0.018866281895089876,30,0.0,0
9120371,motor_external,cycle,0,0.35,calibrated,1,33,38,1,0,0,undetermined,0.0925803460008646,30,0.20866897923610922,22
9120371,external_sensor,cycle,0,0.35,calibrated,1,33,34,1,0,0,undetermined,0.11520344310465944,30,0.2076788695783146,26
9120371,nonlinear,cycle,0,0.35,calibrated,1,33,,0,0,0,none,0.46949043531916435,30,0.0,0
9120371,none,adaptive,1,0.65,fixed,0,33,24,1,0,0,unknown,0.1806666037532626,27,0.834317914941962,36
9120371,motor,adaptive,1,0.65,fixed,1,33,24,1,0,0,unknown,0.2388484323854839,27,1.2428278934254893,36
9120371,external,adaptive,1,0.65,fixed,1,33,24,1,0,0,unknown,0.3087529606978813,27,1.04992883999417,36
9120371,sensor,adaptive,1,0.65,fixed,1,33,24,1,0,0,unknown,0.1806666037532626,27,0.834317914941962,36
9120371,motor_external,adaptive,1,0.65,fixed,1,33,24,1,0,0,unknown,0.37495427759533917,27,1.4664583067429335,36
9120371,external_sensor,adaptive,1,0.65,fixed,1,33,24,1,0,0,unknown,0.3087529606978813,27,1.04992883999417,36
9120371,nonlinear,adaptive,1,0.65,fixed,1,33,24,1,0,0,unknown,0.4835770133314927,27,1.2894908952895263,36
9120371,none,adaptive,1,0.65,calibrated,0,33,,0,1,0,none,0.06506942123000382,0,0.0,0
9120371,motor,adaptive,1,0.65,calibrated,1,33,,0,0,0,none,1.6263585414010318,0,0.0,0
9120371,external,adaptive,1,0.65,calibrated,1,33,,0,0,0,none,1.2201496742425484,0,0.0,0
9120371,sensor,adaptive,1,0.65,calibrated,1,33,,0,0,0,none,0.06506942123000382,0,0.0,0
9120371,motor_external,adaptive,1,0.65,calibrated,1,33,44,1,1,1,motor_external,0.18976097099514244,12,0.7330451193993448,16
9120371,external_sensor,adaptive,1,0.65,calibrated,1,33,,0,0,0,none,1.2201496742425484,0,0.0,0
9120371,nonlinear,adaptive,1,0.65,calibrated,1,33,,0,0,0,none,0.424514277588999,0,0.0,0
9120371,none,cycle,1,0.65,fixed,0,33,24,1,0,0,unknown,0.2558053776056283,30,0.7677871631396911,36
9120371,motor,cycle,1,0.65,fixed,1,33,24,1,0,0,unknown,0.2744603517241955,30,1.054536665565774,36
9120371,external,cycle,1,0.65,fixed,1,33,24,1,0,0,unknown,0.41208486000060446,30,0.9592168727189443,36
9120371,sensor,cycle,1,0.65,fixed,1,33,24,1,0,0,unknown,0.2558053776056283,30,0.7677871631396911,36
9120371,motor_external,cycle,1,0.65,fixed,1,33,24,1,0,0,unknown,0.40058344145001784,30,1.2080919468736815,36
9120371,external_sensor,cycle,1,0.65,fixed,1,33,24,1,0,0,unknown,0.41208486000060446,30,0.9592168727189443,36
9120371,nonlinear,cycle,1,0.65,fixed,1,33,24,1,0,0,unknown,0.5211302332449783,30,1.1650336543627418,36
9120371,none,cycle,1,0.65,calibrated,0,33,,0,1,0,none,0.06506942123000382,30,0.0,0
9120371,motor,cycle,1,0.65,calibrated,1,33,,0,0,0,none,1.6263585414010318,30,0.0,0
9120371,external,cycle,1,0.65,calibrated,1,33,,0,0,0,none,1.2201496742425484,30,0.0,0
9120371,sensor,cycle,1,0.65,calibrated,1,33,,0,0,0,none,0.06506942123000382,30,0.0,0
9120371,motor_external,cycle,1,0.65,calibrated,1,33,58,1,0,0,undetermined,0.8078449833715448,30,8.504906634414034e-31,2
9120371,external_sensor,cycle,1,0.65,calibrated,1,33,,0,0,0,none,1.2201496742425484,30,0.0,0
9120371,nonlinear,cycle,1,0.65,calibrated,1,33,,0,0,0,none,0.424514277588999,30,0.0,0
9120371,none,adaptive,0,0.65,fixed,0,33,24,1,0,0,unknown,0.1806666037532626,27,0.834317914941962,36
9120371,motor,adaptive,0,0.65,fixed,1,33,24,1,0,0,unknown,0.2388484323854839,27,1.2428278934254893,36
9120371,external,adaptive,0,0.65,fixed,1,33,24,1,0,0,unknown,0.3087529606978813,27,1.04992883999417,36
9120371,sensor,adaptive,0,0.65,fixed,1,33,24,1,0,0,unknown,0.1806666037532626,27,0.834317914941962,36
9120371,motor_external,adaptive,0,0.65,fixed,1,33,24,1,0,0,unknown,0.37495427759533917,27,1.4664583067429335,36
9120371,external_sensor,adaptive,0,0.65,fixed,1,33,24,1,0,0,unknown,0.3087529606978813,27,1.04992883999417,36
9120371,nonlinear,adaptive,0,0.65,fixed,1,33,24,1,0,0,unknown,0.4835770133314927,27,1.2894908952895263,36
9120371,none,adaptive,0,0.65,calibrated,0,33,,0,1,0,none,0.06506942123000382,0,0.0,0
9120371,motor,adaptive,0,0.65,calibrated,1,33,,0,0,0,none,1.6263585414010318,0,0.0,0
9120371,external,adaptive,0,0.65,calibrated,1,33,,0,0,0,none,1.2201496742425484,0,0.0,0
9120371,sensor,adaptive,0,0.65,calibrated,1,33,,0,0,0,none,0.06506942123000382,0,0.0,0
9120371,motor_external,adaptive,0,0.65,calibrated,1,33,,0,0,0,none,2.7814387944135763,0,0.0,0
9120371,external_sensor,adaptive,0,0.65,calibrated,1,33,,0,0,0,none,1.2201496742425484,0,0.0,0
9120371,nonlinear,adaptive,0,0.65,calibrated,1,33,,0,0,0,none,0.424514277588999,0,0.0,0
9120371,none,cycle,0,0.65,fixed,0,33,24,1,0,0,unknown,0.2558053776056283,30,0.7677871631396911,36
9120371,motor,cycle,0,0.65,fixed,1,33,24,1,0,0,unknown,0.2744603517241955,30,1.054536665565774,36
9120371,external,cycle,0,0.65,fixed,1,33,24,1,0,0,unknown,0.41208486000060446,30,0.9592168727189443,36
9120371,sensor,cycle,0,0.65,fixed,1,33,24,1,0,0,unknown,0.2558053776056283,30,0.7677871631396911,36
9120371,motor_external,cycle,0,0.65,fixed,1,33,24,1,0,0,unknown,0.40058344145001784,30,1.2080919468736815,36
9120371,external_sensor,cycle,0,0.65,fixed,1,33,24,1,0,0,unknown,0.41208486000060446,30,0.9592168727189443,36
9120371,nonlinear,cycle,0,0.65,fixed,1,33,24,1,0,0,unknown,0.5211302332449783,30,1.1650336543627418,36
9120371,none,cycle,0,0.65,calibrated,0,33,,0,1,0,none,0.06506942123000382,30,0.0,0
9120371,motor,cycle,0,0.65,calibrated,1,33,,0,0,0,none,1.6263585414010318,30,0.0,0
9120371,external,cycle,0,0.65,calibrated,1,33,,0,0,0,none,1.2201496742425484,30,0.0,0
9120371,sensor,cycle,0,0.65,calibrated,1,33,,0,0,0,none,0.06506942123000382,30,0.0,0
9120371,motor_external,cycle,0,0.65,calibrated,1,33,,0,0,0,none,2.7814387944135763,30,0.0,0
9120371,external_sensor,cycle,0,0.65,calibrated,1,33,50,1,0,0,undetermined,0.43121450319623966,30,0.4978512600332605,10
9120371,nonlinear,cycle,0,0.65,calibrated,1,33,,0,0,0,none,0.424514277588999,30,0.0,0
9120424,none,adaptive,1,0.13,fixed,0,27,,0,1,0,none,0.0015097932071779121,0,0.0,0
9120424,motor,adaptive,1,0.13,fixed,1,27,28,1,1,1,motor,0.0009650069096859392,24,0.021274133002337377,32
9120424,external,adaptive,1,0.13,fixed,1,27,28,1,1,1,external,0.000965006909685942,24,0.021274133002337377,32
9120424,sensor,adaptive,1,0.13,fixed,1,27,28,1,1,1,sensor,0.0009650069096859449,24,0.021274133002337377,32
9120424,motor_external,adaptive,1,0.13,fixed,1,27,28,1,1,1,motor_external,0.0009650069096859353,24,0.021274133002337367,32
9120424,external_sensor,adaptive,1,0.13,fixed,1,27,28,1,1,1,external_sensor,0.000965006909685942,24,0.021274133002337377,32
9120424,nonlinear,adaptive,1,0.13,fixed,1,27,28,1,0,0,unknown,0.3458130676618431,24,0.3633400174749264,32
9120424,none,adaptive,1,0.13,calibrated,0,27,,0,1,0,none,0.0015097932071779121,0,0.0,0
9120424,motor,adaptive,1,0.13,calibrated,1,27,28,1,1,1,motor,0.0009650069096859392,24,0.021274133002337377,32
9120424,external,adaptive,1,0.13,calibrated,1,27,28,1,1,1,external,0.000965006909685942,24,0.021274133002337377,32
9120424,sensor,adaptive,1,0.13,calibrated,1,27,28,1,1,1,sensor,0.0009650069096859449,24,0.021274133002337377,32
9120424,motor_external,adaptive,1,0.13,calibrated,1,27,28,1,1,1,motor_external,0.0009650069096859353,24,0.021274133002337367,32
9120424,external_sensor,adaptive,1,0.13,calibrated,1,27,28,1,1,1,external_sensor,0.000965006909685942,24,0.021274133002337377,32
9120424,nonlinear,adaptive,1,0.13,calibrated,1,27,28,1,0,0,unknown,0.3458130676618431,24,0.3633400174749264,32
9120424,none,cycle,1,0.13,fixed,0,27,,0,1,0,none,0.0015097932071779121,30,0.0,0
9120424,motor,cycle,1,0.13,fixed,1,27,28,1,1,1,motor,0.0020864109348488237,30,0.020109719920665244,32
9120424,external,cycle,1,0.13,fixed,1,27,28,1,1,1,external,0.0020864109348488246,30,0.020109719920665244,32
9120424,sensor,cycle,1,0.13,fixed,1,27,28,1,1,1,sensor,0.0020864109348488324,30,0.02010971992066525,32
9120424,motor_external,cycle,1,0.13,fixed,1,27,28,1,1,1,motor_external,0.0020864109348487847,30,0.02010971992066524,32
9120424,external_sensor,cycle,1,0.13,fixed,1,27,28,1,1,1,external_sensor,0.0020864109348488246,30,0.020109719920665244,32
9120424,nonlinear,cycle,1,0.13,fixed,1,27,28,1,0,0,unknown,0.3382927128747636,30,0.35562022268760746,32
9120424,none,cycle,1,0.13,calibrated,0,27,,0,1,0,none,0.0015097932071779121,30,0.0,0
9120424,motor,cycle,1,0.13,calibrated,1,27,28,1,1,1,motor,0.0020864109348488237,30,0.020109719920665244,32
9120424,external,cycle,1,0.13,calibrated,1,27,28,1,1,1,external,0.0020864109348488246,30,0.020109719920665244,32
9120424,sensor,cycle,1,0.13,calibrated,1,27,28,1,1,1,sensor,0.0020864109348488324,30,0.02010971992066525,32
9120424,motor_external,cycle,1,0.13,calibrated,1,27,28,1,1,1,motor_external,0.0020864109348487847,30,0.02010971992066524,32
9120424,external_sensor,cycle,1,0.13,calibrated,1,27,28,1,1,1,external_sensor,0.0020864109348488246,30,0.020109719920665244,32
9120424,nonlinear,cycle,1,0.13,calibrated,1,27,28,1,0,0,unknown,0.3382927128747636,30,0.35562022268760746,32
9120424,none,adaptive,0,0.13,fixed,0,27,,0,1,0,none,0.0015097932071779121,0,0.0,0
9120424,motor,adaptive,0,0.13,fixed,1,27,28,1,1,1,motor,0.0009650069096859392,24,0.021274133002337377,32
9120424,external,adaptive,0,0.13,fixed,1,27,28,1,0,0,undetermined,0.000965006909685942,24,0.021274133002337377,32
9120424,sensor,adaptive,0,0.13,fixed,1,27,28,1,0,0,undetermined,0.0009650069096859449,24,0.021274133002337377,32
9120424,motor_external,adaptive,0,0.13,fixed,1,27,28,1,0,0,undetermined,0.0009650069096859353,24,0.021274133002337367,32
9120424,external_sensor,adaptive,0,0.13,fixed,1,27,28,1,0,0,undetermined,0.000965006909685942,24,0.021274133002337377,32
9120424,nonlinear,adaptive,0,0.13,fixed,1,27,28,1,0,0,unknown,0.3458130676618431,24,0.3633400174749264,32
9120424,none,adaptive,0,0.13,calibrated,0,27,,0,1,0,none,0.0015097932071779121,0,0.0,0
9120424,motor,adaptive,0,0.13,calibrated,1,27,28,1,1,1,motor,0.0009650069096859392,24,0.021274133002337377,32
9120424,external,adaptive,0,0.13,calibrated,1,27,28,1,0,0,undetermined,0.000965006909685942,24,0.021274133002337377,32
9120424,sensor,adaptive,0,0.13,calibrated,1,27,28,1,0,0,undetermined,0.0009650069096859449,24,0.021274133002337377,32
9120424,motor_external,adaptive,0,0.13,calibrated,1,27,28,1,0,0,undetermined,0.0009650069096859353,24,0.021274133002337367,32
9120424,external_sensor,adaptive,0,0.13,calibrated,1,27,28,1,0,0,undetermined,0.000965006909685942,24,0.021274133002337377,32
9120424,nonlinear,adaptive,0,0.13,calibrated,1,27,28,1,0,0,unknown,0.3458130676618431,24,0.3633400174749264,32
9120424,none,cycle,0,0.13,fixed,0,27,,0,1,0,none,0.0015097932071779121,30,0.0,0
9120424,motor,cycle,0,0.13,fixed,1,27,28,1,1,1,motor,0.0020864109348488237,30,0.020109719920665244,32
9120424,external,cycle,0,0.13,fixed,1,27,28,1,0,0,undetermined,0.0020864109348488246,30,0.020109719920665244,32
9120424,sensor,cycle,0,0.13,fixed,1,27,28,1,0,0,undetermined,0.0020864109348488324,30,0.02010971992066525,32
9120424,motor_external,cycle,0,0.13,fixed,1,27,28,1,0,0,undetermined,0.0020864109348487847,30,0.02010971992066524,32
9120424,external_sensor,cycle,0,0.13,fixed,1,27,28,1,0,0,undetermined,0.0020864109348488246,30,0.020109719920665244,32
9120424,nonlinear,cycle,0,0.13,fixed,1,27,28,1,0,0,unknown,0.3382927128747636,30,0.35562022268760746,32
9120424,none,cycle,0,0.13,calibrated,0,27,,0,1,0,none,0.0015097932071779121,30,0.0,0
9120424,motor,cycle,0,0.13,calibrated,1,27,28,1,1,1,motor,0.0020864109348488237,30,0.020109719920665244,32
9120424,external,cycle,0,0.13,calibrated,1,27,28,1,0,0,undetermined,0.0020864109348488246,30,0.020109719920665244,32
9120424,sensor,cycle,0,0.13,calibrated,1,27,28,1,0,0,undetermined,0.0020864109348488324,30,0.02010971992066525,32
9120424,motor_external,cycle,0,0.13,calibrated,1,27,28,1,0,0,undetermined,0.0020864109348487847,30,0.02010971992066524,32
9120424,external_sensor,cycle,0,0.13,calibrated,1,27,28,1,0,0,undetermined,0.0020864109348488246,30,0.020109719920665244,32
9120424,nonlinear,cycle,0,0.13,calibrated,1,27,28,1,0,0,unknown,0.3382927128747636,30,0.35562022268760746,32
9120424,none,adaptive,1,0.35,fixed,0,27,26,1,1,1,none,0.0057068779646671204,25,0.16617714340498307,34
9120424,motor,adaptive,1,0.35,fixed,1,27,26,1,1,1,motor,0.004326882041521181,25,0.1981686693697017,34
9120424,external,adaptive,1,0.35,fixed,1,27,26,1,1,1,external,0.007573662951084259,25,0.22973985300677882,34
9120424,sensor,adaptive,1,0.35,fixed,1,27,26,1,1,1,sensor,0.0057068779646671204,25,0.16617714340498307,34
9120424,motor_external,adaptive,1,0.35,fixed,1,27,26,1,1,1,motor_external,0.0039774407713419006,25,0.2333240027424893,34
9120424,external_sensor,adaptive,1,0.35,fixed,1,27,26,1,1,1,external_sensor,0.007573662951084259,25,0.22973985300677882,34
9120424,nonlinear,adaptive,1,0.35,fixed,1,27,26,1,0,0,unknown,0.3513882759005861,25,0.5036524164688613,34
9120424,none,adaptive,1,0.35,calibrated,0,27,,0,1,0,none,0.010943767330135794,0,0.0,0
9120424,motor,adaptive,1,0.35,calibrated,1,27,33,1,1,1,motor,0.012622095988530114,20,0.1449219568523179,27
9120424,external,adaptive,1,0.35,calibrated,1,27,,0,0,0,none,0.8780050282045838,0,0.0,0
9120424,sensor,adaptive,1,0.35,calibrated,1,27,,0,0,0,none,0.010943767330135794,0,0.0,0
9120424,motor_external,adaptive,1,0.35,calibrated,1,27,48,1,1,1,motor_external,0.05953557506747118,9,0.18356739426854465,12
9120424,external_sensor,adaptive,1,0.35,calibrated,1,27,,0,0,0,none,0.8780050282045838,0,0.0,0
9120424,nonlinear,adaptive,1,0.35,calibrated,1,27,,0,0,0,none,0.5402356103537932,0,0.0,0
9120424,none,cycle,1,0.35,fixed,0,27,26,1,1,1,none,0.01518557150863185,30,0.15690021532630957,34
9120424,motor,cycle,1,0.35,fixed,1,27,26,1,1,1,motor,0.015185571508631854,30,0.15690021532630957,34
9120424,external,cycle,1,0.35,fixed,1,27,26,1,1,1,external,0.01648588457620925,30,0.22155799656268713,34
9120424,sensor,cycle,1,0.35,fixed,1,27,26,1,1,1,sensor,0.01518557150863185,30,0.15690021532630957,34
9120424,motor_external,cycle,1,0.35,fixed,1,27,26,1,1,1,motor_external,0.01648588457620923,30,0.22155799656268713,34
9120424,external_sensor,cycle,1,0.35,fixed,1,27,26,1,1,1,external_sensor,0.01648588457620925,30,0.22155799656268713,34
9120424,nonlinear,cycle,1,0.35,fixed,1,27,26,1,0,0,unknown,0.35174007034555044,30,0.4764296150780371,34
9120424,none,cycle,1,0.35,calibrated,0,27,,0,1,0,none,0.010943767330135794,30,0.0,0
9120424,motor,cycle,1,0.35,calibrated,1,27,45,1,1,1,motor,0.06569274373959362,30,0.15747865709627545,15
9120424,external,cycle,1,0.35,calibrated,1,27,,0,0,0,none,0.8780050282045838,30,0.0,0
9120424,sensor,cycle,1,0.35,calibrated,1,27,,0,0,0,none,0.010943767330135794,30,0.0,0
9120424,motor_external,cycle,1,0.35,calibrated,1,27,29,1,1,1,motor_external,0.019143851957620802,30,0.14495183004977472,31
9120424,external_sensor,cycle,1,0.35,calibrated,1,27,,0,0,0,none,0.8780050282045838,30,0.0,0
9120424,nonlinear,cycle,1,0.35,calibrated,1,27,,0,0,0,none,0.5402356103537932,30,0.0,0
9120424,none,adaptive,0,0.35,fixed,0,27,35,1,1,1,none,0.0149655756297778,18,0.14682606817513355,25
9120424,motor,adaptive,0,0.35,fixed,1,27,28,1,1,1,motor,0.006994872570208708,24,0.15420599365599574,32
9120424,external,adaptive,0,0.35,fixed,1,27,29,1,0,0,undetermined,0.008293314061666855,23,0.15439770962590205,31
9120424,sensor,adaptive,0,0.35,fixed,1,27,29,1,0,0,undetermined,0.008293314061666873,23,0.15439770962590202,31
9120424,motor_external,adaptive,0,0.35,fixed,1,27,28,1,0,0,undetermined,0.006994872570208704,24,0.15420599365599574,32
9120424,external_sensor,adaptive,0,0.35,fixed,1,27,28,1,0,0,undetermined,0.006994872570208717,24,0.15420599365599574,32
9120424,nonlinear,adaptive,0,0.35,fixed,1,27,28,1,0,0,unknown,0.34629734382601657,24,0.4860179903129662,32
9120424,none,adaptive,0,0.35,calibrated,0,27,,0,1,0,none,0.010943767330135794,0,0.0,0
9120424,motor,adaptive,0,0.35,calibrated,1,27,28,1,1,1,motor,0.006994872570208708,24,0.15420599365599574,32
9120424,external,adaptive,0,0.35,calibrated,1,27,,0,0,0,none,0.8780050282045838,0,0.0,0
9120424,sensor,adaptive,0,0.35,calibrated,1,27,,0,0,0,none,0.010943767330135794,0,0.0,0
9120424,motor_external,adaptive,0,0.35,calibrated,1,27,34,1,0,0,undetermined,0.013286475093860056,19,0.14165035157578798,26
9120424,external_sensor,adaptive,0,0.35,calibrated,1,27,29,1,0,0,undetermined,0.008293314061666855,23,0.15439770962590205,31
9120424,nonlinear,adaptive,0,0.35,calibrated,1,27,,0,0,0,none,0.5402356103537932,0,0.0,0
9120424,none,cycle,0,0.35,fixed,0,27,35,1,0,1,motor,0.03219962675420348,30,0.13052411226912738,25
9120424,motor,cycle,0,0.35,fixed,1,27,28,1,1,1,motor,0.015123392870945506,30,0.14576572131843146,32
9120424,external,cycle,0,0.35,fixed,1,27,29,1,0,0,undetermined,0.019143851957620778,30,0.14495183004977472,31
9120424,sensor,cycle,0,0.35,fixed,1,27,29,1,0,0,undetermined,0.01914385195762077,30,0.1449518300497747,31
9120424,motor_external,cycle,0,0.35,fixed,1,27,28,1,0,0,undetermined,0.015123392870945518,30,0.14576572131843146,32
9120424,external_sensor,cycle,0,0.35,fixed,1,27,28,1,0,0,undetermined,0.015123392870945551,30,0.1457657213184315,32
9120424,nonlinear,cycle,0,0.35,fixed,1,27,28,1,0,0,unknown,0.3517579839403634,30,0.4835728119940298,32
9120424,none,cycle,0,0.35,calibrated,0,27,,0,1,0,none,0.010943767330135794,30,0.0,0
9120424,motor,cycle,0,0.35,calibrated,1,27,29,1,1,1,motor,0.019143851957620812,30,0.14495183004977474,31
9120424,external,cycle,0,0.35,calibrated,1,27,,0,0,0,none,0.8780050282045838,30,0.0,0
9120424,sensor,cycle,0,0.35,calibrated,1,27,,0,0,0,none,0.010943767330135794,30,0.0,0
9120424,motor_external,cycle,0,0.35,calibrated,1,27,28,1,0,0,undetermined,0.015123392870945518,30,0.14576572131843146,32
9120424,external_sensor,cycle,0,0.35,calibrated,1,27,29,1,0,0,undetermined,0.019143851957620778,30,0.14495183004977472,31
9120424,nonlinear,cycle,0,0.35,calibrated,1,27,,0,0,0,none,0.5402356103537932,30,0.0,0
9120424,none,adaptive,1,0.65,fixed,0,27,24,1,0,0,unknown,0.025925232365212242,27,0.6068427029584845,36
9120424,motor,adaptive,1,0.65,fixed,1,27,24,1,0,0,unknown,0.030254635076389813,27,0.7894113364647507,36
9120424,external,adaptive,1,0.65,fixed,1,27,24,1,0,0,unknown,0.026662318324985047,27,0.6655302302726267,36
9120424,sensor,adaptive,1,0.65,fixed,1,27,24,1,0,0,unknown,0.025925232365212242,27,0.6068427029584845,36
9120424,motor_external,adaptive,1,0.65,fixed,1,27,24,1,0,0,unknown,0.039213612914280604,27,0.9035072655662097,36
9120424,external_sensor,adaptive,1,0.65,fixed,1,27,24,1,0,0,unknown,0.026662318324985047,27,0.6655302302726267,36
9120424,nonlinear,adaptive,1,0.65,fixed,1,27,24,1,0,0,unknown,0.3516814801390657,27,0.9200944961879964,36
9120424,none,adaptive,1,0.65,calibrated,0,27,,0,1,0,none,0.037744830179447984,0,0.0,0
9120424,motor,adaptive,1,0.65,calibrated,1,27,,0,0,0,none,1.1940365639713213,0,0.0,0
9120424,external,adaptive,1,0.65,calibrated,1,27,,0,0,0,none,0.9537157432319946,0,0.0,0
9120424,sensor,adaptive,1,0.65,calibrated,1,27,,0,0,0,none,0.037744830179447984,0,0.0,0
9120424,motor_external,adaptive,1,0.65,calibrated,1,27,,0,0,0,none,2.1100074770238675,0,0.0,0
9120424,external_sensor,adaptive,1,0.65,calibrated,1,27,,0,0,0,none,0.9537157432319946,0,0.0,0
9120424,nonlinear,adaptive,1,0.65,calibrated,1,27,,0,0,0,none,0.5432868243662404,0,0.0,0
9120424,none,cycle,1,0.65,fixed,0,27,24,1,0,0,unknown,0.03856756567736659,30,0.5953850571921229,36
9120424,motor,cycle,1,0.65,fixed,1,27,24,1,0,0,unknown,0.05791993546352249,30,0.8285918454180278,36
9120424,external,cycle,1,0.65,fixed,1,27,24,1,0,0,unknown,0.04936637859436137,30,0.6438932667827241,36
9120424,sensor,cycle,1,0.65,fixed,1,27,24,1,0,0,unknown,0.03856756567736659,30,0.5953850571921229,36
9120424,motor_external,cycle,1,0.65,fixed,1,27,24,1,0,0,unknown,0.06275082247412622,30,0.8477354073951335,36
9120424,external_sensor,cycle,1,0.65,fixed,1,27,24,1,0,0,unknown,0.04936637859436137,30,0.6438932667827241,36
9120424,nonlinear,cycle,1,0.65,fixed,1,27,24,1,0,0,unknown,0.37378006295561184,30,0.9442650634679803,36
9120424,none,cycle,1,0.65,calibrated,0,27,,0,1,0,none,0.037744830179447984,30,0.0,0
9120424,motor,cycle,1,0.65,calibrated,1,27,,0,0,0,none,1.1940365639713213,30,0.0,0
9120424,external,cycle,1,0.65,calibrated,1,27,,0,0,0,none,0.9537157432319946,30,0.0,0
9120424,sensor,cycle,1,0.65,calibrated,1,27,,0,0,0,none,0.037744830179447984,30,0.0,0
9120424,motor_external,cycle,1,0.65,calibrated,1,27,,0,0,0,none,2.1100074770238675,30,0.0,0
9120424,external_sensor,cycle,1,0.65,calibrated,1,27,,0,0,0,none,0.9537157432319946,30,0.0,0
9120424,nonlinear,cycle,1,0.65,calibrated,1,27,,0,0,0,none,0.5432868243662404,30,0.0,0
9120424,none,adaptive,0,0.65,fixed,0,27,24,1,0,0,unknown,0.025925232365212242,27,0.6068427029584845,36
9120424,motor,adaptive,0,0.65,fixed,1,27,24,1,0,0,unknown,0.030254635076389813,27,0.7894113364647507,36
9120424,external,adaptive,0,0.65,fixed,1,27,24,1,0,0,unknown,0.026662318324985047,27,0.6655302302726267,36
9120424,sensor,adaptive,0,0.65,fixed,1,27,24,1,0,0,unknown,0.025925232365212242,27,0.6068427029584845,36
9120424,motor_external,adaptive,0,0.65,fixed,1,27,24,1,0,0,unknown,0.039213612914280604,27,0.9035072655662097,36
9120424,external_sensor,adaptive,0,0.65,fixed,1,27,24,1,0,0,unknown,0.026662318324985047,27,0.6655302302726267,36
9120424,nonlinear,adaptive,0,0.65,fixed,1,27,24,1,0,0,unknown,0.3516814801390657,27,0.9200944961879964,36
9120424,none,adaptive,0,0.65,calibrated,0,27,,0,1,0,none,0.037744830179447984,0,0.0,0
9120424,motor,adaptive,0,0.65,calibrated,1,27,,0,0,0,none,1.1940365639713213,0,0.0,0
9120424,external,adaptive,0,0.65,calibrated,1,27,,0,0,0,none,0.9537157432319946,0,0.0,0
9120424,sensor,adaptive,0,0.65,calibrated,1,27,,0,0,0,none,0.037744830179447984,0,0.0,0
9120424,motor_external,adaptive,0,0.65,calibrated,1,27,,0,0,0,none,2.1100074770238675,0,0.0,0
9120424,external_sensor,adaptive,0,0.65,calibrated,1,27,,0,0,0,none,0.9537157432319946,0,0.0,0
9120424,nonlinear,adaptive,0,0.65,calibrated,1,27,,0,0,0,none,0.5432868243662404,0,0.0,0
9120424,none,cycle,0,0.65,fixed,0,27,24,1,0,0,unknown,0.03856756567736659,30,0.5953850571921229,36
9120424,motor,cycle,0,0.65,fixed,1,27,24,1,0,0,unknown,0.05791993546352249,30,0.8285918454180278,36
9120424,external,cycle,0,0.65,fixed,1,27,24,1,0,0,unknown,0.04936637859436137,30,0.6438932667827241,36
9120424,sensor,cycle,0,0.65,fixed,1,27,24,1,0,0,unknown,0.03856756567736659,30,0.5953850571921229,36
9120424,motor_external,cycle,0,0.65,fixed,1,27,24,1,0,0,unknown,0.06275082247412622,30,0.8477354073951335,36
9120424,external_sensor,cycle,0,0.65,fixed,1,27,24,1,0,0,unknown,0.04936637859436137,30,0.6438932667827241,36
9120424,nonlinear,cycle,0,0.65,fixed,1,27,24,1,0,0,unknown,0.37378006295561184,30,0.9442650634679803,36
9120424,none,cycle,0,0.65,calibrated,0,27,,0,1,0,none,0.037744830179447984,30,0.0,0
9120424,motor,cycle,0,0.65,calibrated,1,27,,0,0,0,none,1.1940365639713213,30,0.0,0
9120424,external,cycle,0,0.65,calibrated,1,27,,0,0,0,none,0.9537157432319946,30,0.0,0
9120424,sensor,cycle,0,0.65,calibrated,1,27,,0,0,0,none,0.037744830179447984,30,0.0,0
9120424,motor_external,cycle,0,0.65,calibrated,1,27,,0,0,0,none,2.1100074770238675,30,0.0,0
9120424,external_sensor,cycle,0,0.65,calibrated,1,27,,0,0,0,none,0.9537157432319946,30,0.0,0
9120424,nonlinear,cycle,0,0.65,calibrated,1,27,,0,0,0,none,0.5432868243662404,30,0.0,0
9120477,none,adaptive,1,0.13,fixed,0,29,,0,1,0,none,0.004155117297653525,0,0.0,0
9120477,motor,adaptive,1,0.13,fixed,1,29,30,1,1,1,motor,0.005891201426520243,22,0.030209103700122676,30
9120477,external,adaptive,1,0.13,fixed,1,29,30,1,1,1,external,0.005891201426520219,22,0.030209103700122673,30
9120477,sensor,adaptive,1,0.13,fixed,1,29,30,1,1,1,sensor,0.005891201426520258,22,0.030209103700122683,30
9120477,motor_external,adaptive,1,0.13,fixed,1,29,30,1,1,1,motor_external,0.005891201426520235,22,0.03020910370012268,30
9120477,external_sensor,adaptive,1,0.13,fixed,1,29,30,1,1,1,external_sensor,0.005891201426520219,22,0.030209103700122673,30
9120477,nonlinear,adaptive,1,0.13,fixed,1,29,30,1,0,0,unknown,0.35509918856539985,22,0.332985101179022,30
9120477,none,adaptive,1,0.13,calibrated,0,29,,0,1,0,none,0.004155117297653525,0,0.0,0
9120477,motor,adaptive,1,0.13,calibrated,1,29,30,1,1,1,motor,0.005891201426520243,22,0.030209103700122676,30
9120477,external,adaptive,1,0.13,calibrated,1,29,30,1,1,1,external,0.005891201426520219,22,0.030209103700122673,30
9120477,sensor,adaptive,1,0.13,calibrated,1,29,30,1,1,1,sensor,0.005891201426520258,22,0.030209103700122683,30
9120477,motor_external,adaptive,1,0.13,calibrated,1,29,30,1,1,1,motor_external,0.005891201426520235,22,0.03020910370012268,30
9120477,external_sensor,adaptive,1,0.13,calibrated,1,29,30,1,1,1,external_sensor,0.005891201426520219,22,0.030209103700122673,30
9120477,nonlinear,adaptive,1,0.13,calibrated,1,29,30,1,0,0,unknown,0.35509918856539985,22,0.332985101179022,30
9120477,none,cycle,1,0.13,fixed,0,29,,0,1,0,none,0.004155117297653525,30,0.0,0
9120477,motor,cycle,1,0.13,fixed,1,29,30,1,1,1,motor,0.0021262713631434197,30,0.03486169675339128,30
9120477,external,cycle,1,0.13,fixed,1,29,30,1,1,1,external,0.002126271363143425,30,0.03486169675339128,30
9120477,sensor,cycle,1,0.13,fixed,1,29,30,1,1,1,sensor,0.002126271363143425,30,0.03486169675339128,30
9120477,motor_external,cycle,1,0.13,fixed,1,29,30,1,1,1,motor_external,0.002126271363143429,30,0.03486169675339128,30
9120477,external_sensor,cycle,1,0.13,fixed,1,29,30,1,1,1,external_sensor,0.002126271363143425,30,0.03486169675339128,30
9120477,nonlinear,cycle,1,0.13,fixed,1,29,30,1,0,0,unknown,0.33632627136314336,30,0.4149540368203964,30
9120477,none,cycle,1,0.13,calibrated,0,29,,0,1,0,none,0.004155117297653525,30,0.0,0
9120477,motor,cycle,1,0.13,calibrated,1,29,30,1,1,1,motor,0.0021262713631434197,30,0.03486169675339128,30
9120477,external,cycle,1,0.13,calibrated,1,29,30,1,1,1,external,0.002126271363143425,30,0.03486169675339128,30
9120477,sensor,cycle,1,0.13,calibrated,1,29,30,1,1,1,sensor,0.002126271363143425,30,0.03486169675339128,30
9120477,motor_external,cycle,1,0.13,calibrated,1,29,30,1,1,1,motor_external,0.002126271363143429,30,0.03486169675339128,30
9120477,external_sensor,cycle,1,0.13,calibrated,1,29,30,1,1,1,external_sensor,0.002126271363143425,30,0.03486169675339128,30
9120477,nonlinear,cycle,1,0.13,calibrated,1,29,30,1,0,0,unknown,0.33632627136314336,30,0.4149540368203964,30
9120477,none,adaptive,0,0.13,fixed,0,29,,0,1,0,none,0.004155117297653525,0,0.0,0
9120477,motor,adaptive,0,0.13,fixed,1,29,30,1,1,1,motor,0.005891201426520243,22,0.030209103700122676,30
9120477,external,adaptive,0,0.13,fixed,1,29,30,1,0,0,undetermined,0.005891201426520219,22,0.030209103700122673,30
9120477,sensor,adaptive,0,0.13,fixed,1,29,30,1,0,0,undetermined,0.005891201426520258,22,0.030209103700122683,30
9120477,motor_external,adaptive,0,0.13,fixed,1,29,30,1,0,0,undetermined,0.005891201426520235,22,0.03020910370012268,30
9120477,external_sensor,adaptive,0,0.13,fixed,1,29,30,1,0,0,undetermined,0.005891201426520219,22,0.030209103700122673,30
9120477,nonlinear,adaptive,0,0.13,fixed,1,29,30,1,0,0,unknown,0.35509918856539985,22,0.332985101179022,30
9120477,none,adaptive,0,0.13,calibrated,0,29,,0,1,0,none,0.004155117297653525,0,0.0,0
9120477,motor,adaptive,0,0.13,calibrated,1,29,30,1,1,1,motor,0.005891201426520243,22,0.030209103700122676,30
9120477,external,adaptive,0,0.13,calibrated,1,29,30,1,0,0,undetermined,0.005891201426520219,22,0.030209103700122673,30
9120477,sensor,adaptive,0,0.13,calibrated,1,29,30,1,0,0,undetermined,0.005891201426520258,22,0.030209103700122683,30
9120477,motor_external,adaptive,0,0.13,calibrated,1,29,30,1,0,0,undetermined,0.005891201426520235,22,0.03020910370012268,30
9120477,external_sensor,adaptive,0,0.13,calibrated,1,29,30,1,0,0,undetermined,0.005891201426520219,22,0.030209103700122673,30
9120477,nonlinear,adaptive,0,0.13,calibrated,1,29,30,1,0,0,unknown,0.35509918856539985,22,0.332985101179022,30
9120477,none,cycle,0,0.13,fixed,0,29,,0,1,0,none,0.004155117297653525,30,0.0,0
9120477,motor,cycle,0,0.13,fixed,1,29,30,1,1,1,motor,0.0021262713631434197,30,0.03486169675339128,30
9120477,external,cycle,0,0.13,fixed,1,29,30,1,0,0,undetermined,0.002126271363143425,30,0.03486169675339128,30
9120477,sensor,cycle,0,0.13,fixed,1,29,30,1,0,0,undetermined,0.002126271363143425,30,0.03486169675339128,30
9120477,motor_external,cycle,0,0.13,fixed,1,29,30,1,0,0,undetermined,0.002126271363143429,30,0.03486169675339128,30
9120477,external_sensor,cycle,0,0.13,fixed,1,29,30,1,0,0,undetermined,0.002126271363143425,30,0.03486169675339128,30
9120477,nonlinear,cycle,0,0.13,fixed,1,29,30,1,0,0,unknown,0.33632627136314336,30,0.4149540368203964,30
9120477,none,cycle,0,0.13,calibrated,0,29,,0,1,0,none,0.004155117297653525,30,0.0,0
9120477,motor,cycle,0,0.13,calibrated,1,29,30,1,1,1,motor,0.0021262713631434197,30,0.03486169675339128,30
9120477,external,cycle,0,0.13,calibrated,1,29,30,1,0,0,undetermined,0.002126271363143425,30,0.03486169675339128,30
9120477,sensor,cycle,0,0.13,calibrated,1,29,30,1,0,0,undetermined,0.002126271363143425,30,0.03486169675339128,30
9120477,motor_external,cycle,0,0.13,calibrated,1,29,30,1,0,0,undetermined,0.002126271363143429,30,0.03486169675339128,30
9120477,external_sensor,cycle,0,0.13,calibrated,1,29,30,1,0,0,undetermined,0.002126271363143425,30,0.03486169675339128,30
9120477,nonlinear,cycle,0,0.13,calibrated,1,29,30,1,0,0,unknown,0.33632627136314336,30,0.4149540368203964,30
9120477,none,adaptive,1,0.35,fixed,0,29,25,1,0,1,motor,0.038488824392695006,26,0.2374327154888924,35
9120477,motor,adaptive,1,0.35,fixed,1,29,25,1,1,1,motor,0.03904866045206412,26,0.3178358474556123,35
9120477,external,adaptive,1,0.35,fixed,1,29,25,1,0,1,motor_external,0.07272697307243262,26,0.3134265541647944,35
9120477,sensor,adaptive,1,0.35,fixed,1,29,25,1,0,1,motor_sensor,0.038488824392695006,26,0.2374327154888924,35
9120477,motor_external,adaptive,1,0.35,fixed,1,29,25,1,1,1,motor_external,0.07449517238991676,26,0.39316814901140346,35
9120477,external_sensor,adaptive,1,0.35,fixed,1,29,25,1,0,1,motor_external_sensor,0.07272697307243262,26,0.3134265541647944,35
9120477,nonlinear,adaptive,1,0.35,fixed,1,29,25,1,0,0,unknown,0.3746012339422496,26,0.4904849861040551,35
9120477,none,adaptive,1,0.35,calibrated,0,29,,0,1,0,none,0.030118453784766637,0,0.0,0
9120477,motor,adaptive,1,0.35,calibrated,1,29,39,1,1,1,motor,0.04328324265350243,15,0.21436538719892478,21
9120477,external,adaptive,1,0.35,calibrated,1,29,,0,0,0,none,0.8149465009093824,0,0.0,0
9120477,sensor,adaptive,1,0.35,calibrated,1,29,34,1,1,1,sensor,0.03844335839674855,19,0.22657982773359936,26
9120477,motor_external,adaptive,1,0.35,calibrated,1,29,30,1,1,1,motor_external,0.042702495547262125,22,0.21897131380266435,30
9120477,external_sensor,adaptive,1,0.35,calibrated,1,29,34,1,1,1,external_sensor,0.03844335839674857,19,0.2265798277335994,26
9120477,nonlinear,adaptive,1,0.35,calibrated,1,29,,0,0,0,none,0.6188510348202426,0,0.0,0
9120477,none,cycle,1,0.35,fixed,0,29,26,1,0,0,unknown,0.023267258810640366,30,0.26150500894339296,34
9120477,motor,cycle,1,0.35,fixed,1,29,26,1,0,0,unknown,0.034584018749914215,30,0.41610215927870975,34
9120477,external,cycle,1,0.35,fixed,1,29,26,1,0,0,unknown,0.05046566178080565,30,0.3447752785015395,34
9120477,sensor,cycle,1,0.35,fixed,1,29,26,1,0,0,unknown,0.023267258810640366,30,0.26150500894339296,34
9120477,motor_external,cycle,1,0.35,fixed,1,29,26,1,0,0,unknown,0.06261453108865586,30,0.50323435447913,34
9120477,external_sensor,cycle,1,0.35,fixed,1,29,26,1,0,0,unknown,0.05046566178080565,30,0.3447752785015395,34
9120477,nonlinear,cycle,1,0.35,fixed,1,29,26,1,0,0,unknown,0.3630244276412632,30,0.7205054372965488,34
9120477,none,cycle,1,0.35,calibrated,0,29,,0,1,0,none,0.030118453784766637,30,0.0,0
9120477,motor,cycle,1,0.35,calibrated,1,29,55,1,0,0,undetermined,0.17160298364897214,30,0.14108148973325368,5
9120477,external,cycle,1,0.35,calibrated,1,29,,0,0,0,none,0.8149465009093824,30,0.0,0
9120477,sensor,cycle,1,0.35,calibrated,1,29,34,1,1,1,sensor,0.02037516016134945,30,0.25103070830391994,26
9120477,motor_external,cycle,1,0.35,calibrated,1,29,37,1,1,1,motor_external,0.012318235599782778,30,0.26047598808655986,23
9120477,external_sensor,cycle,1,0.35,calibrated,1,29,34,1,1,1,external_sensor,0.020375160161349513,30,0.25103070830392,26
9120477,nonlinear,cycle,1,0.35,calibrated,1,29,,0,0,0,none,0.6188510348202426,30,0.0,0
9120477,none,adaptive,0,0.35,fixed,0,29,42,1,0,0,unknown,0.04795222931388878,13,0.16733714729486945,18
9120477,motor,adaptive,0,0.35,fixed,1,29,30,1,0,0,unknown,0.04270249554726211,22,0.21897131380266435,30
9120477,external,adaptive,0,0.35,fixed,1,29,30,1,0,0,unknown,0.04270249554726211,22,0.2189713138026643,30
9120477,sensor,adaptive,0,0.35,fixed,1,29,30,1,0,0,unknown,0.042702495547262145,22,0.21897131380266435,30
9120477,motor_external,adaptive,0,0.35,fixed,1,29,30,1,0,0,unknown,0.042702495547262125,22,0.21897131380266435,30
9120477,external_sensor,adaptive,0,0.35,fixed,1,29,30,1,0,0,unknown,0.04270249554726211,22,0.2189713138026643,30
9120477,nonlinear,adaptive,0,0.35,fixed,1,29,30,1,0,0,unknown,0.38647100792971584,22,0.44762122154500034,30
9120477,none,adaptive,0,0.35,calibrated,0,29,,0,1,0,none,0.030118453784766637,0,0.0,0
9120477,motor,adaptive,0,0.35,calibrated,1,29,30,1,1,1,motor,0.04270249554726211,22,0.21897131380266435,30
9120477,external,adaptive,0,0.35,calibrated,1,29,,0,0,0,none,0.8149465009093824,0,0.0,0
9120477,sensor,adaptive,0,0.35,calibrated,1,29,,0,0,0,none,0.030118453784766637,0,0.0,0
9120477,motor_external,adaptive,0,0.35,calibrated,1,29,30,1,0,0,undetermined,0.042702495547262125,22,0.21897131380266435,30
9120477,external_sensor,adaptive,0,0.35,calibrated,1,29,30,1,0,0,undetermined,0.04270249554726211,22,0.2189713138026643,30
9120477,nonlinear,adaptive,0,0.35,calibrated,1,29,,0,0,0,none,0.6188510348202426,0,0.0,0
9120477,none,cycle,0,0.35,fixed,0,29,44,1,0,0,unknown,0.020824925649662783,30,0.20786708043263796,16
9120477,motor,cycle,0,0.35,fixed,1,29,30,1,0,0,unknown,0.015412322010950875,30,0.2526957309047593,30
9120477,external,cycle,0,0.35,fixed,1,29,30,1,0,0,unknown,0.015412322010950861,30,0.2526957309047592,30
9120477,sensor,cycle,0,0.35,fixed,1,29,30,1,0,0,unknown,0.015412322010950863,30,0.2526957309047592,30
9120477,motor_external,cycle,0,0.35,fixed,1,29,30,1,0,0,unknown,0.015412322010950805,30,0.2526957309047592,30
9120477,external_sensor,cycle,0,0.35,fixed,1,29,30,1,0,0,unknown,0.015412322010950861,30,0.2526957309047592,30
9120477,nonlinear,cycle,0,0.35,fixed,1,29,30,1,0,0,unknown,0.34961232201095077,30,0.7104520310851578,30
9120477,none,cycle,0,0.35,calibrated,0,29,,0,1,0,none,0.030118453784766637,30,0.0,0
9120477,motor,cycle,0,0.35,calibrated,1,29,,0,0,0,none,1.7325065948142153,30,0.0,0
9120477,external,cycle,0,0.35,calibrated,1,29,,0,0,0,none,0.8149465009093824,30,0.0,0
9120477,sensor,cycle,0,0.35,calibrated,1,29,,0,0,0,none,0.030118453784766637,30,0.0,0
9120477,motor_external,cycle,0,0.35,calibrated,1,29,32,1,0,0,undetermined,0.01949771627626016,30,0.263710997887766,28
9120477,external_sensor,cycle,0,0.35,calibrated,1,29,30,1,0,0,undetermined,0.015412322010950861,30,0.2526957309047592,30
9120477,nonlinear,cycle,0,0.35,calibrated,1,29,,0,0,0,none,0.6188510348202426,30,0.0,0
9120477,none,adaptive,1,0.65,fixed,0,29,24,1,0,0,unknown,0.09850773050392286,27,0.8528099525201447,36
9120477,motor,adaptive,1,0.65,fixed,1,29,24,1,0,0,unknown,0.22058452645216442,27,1.0637318439531553,36
9120477,external,adaptive,1,0.65,fixed,1,29,24,1,0,0,unknown,0.17086468958196643,27,0.8844852814210389,36
9120477,sensor,adaptive,1,0.65,fixed,1,29,24,1,0,0,unknown,0.09850773050392286,27,0.8528099525201447,36
9120477,motor_external,adaptive,1,0.65,fixed,1,29,24,1,0,0,unknown,0.30713752230290253,27,1.131621552376229,36
9120477,external_sensor,adaptive,1,0.65,fixed,1,29,24,1,0,0,unknown,0.17086468958196643,27,0.8844852814210389,36
9120477,nonlinear,adaptive,1,0.65,fixed,1,29,24,1,0,0,unknown,0.4291631903114411,27,1.3748223988201342,36
9120477,none,adaptive,1,0.65,calibrated,0,29,,0,1,0,none,0.10387793244133772,0,0.0,0
9120477,motor,adaptive,1,0.65,calibrated,1,29,,0,0,0,none,1.8940273372103156,0,0.0,0
9120477,external,adaptive,1,0.65,calibrated,1,29,,0,0,0,none,0.8671300199584808,0,0.0,0
9120477,sensor,adaptive,1,0.65,calibrated,1,29,,0,0,0,none,0.10387793244133772,0,0.0,0
9120477,motor_external,adaptive,1,0.65,calibrated,1,29,57,1,0,0,undetermined,2.3076368131284197,2,5.30272711354619e-31,3
9120477,external_sensor,adaptive,1,0.65,calibrated,1,29,,0,0,0,none,0.8671300199584808,0,0.0,0
9120477,nonlinear,adaptive,1,0.65,calibrated,1,29,,0,0,0,none,0.7198098686500788,0,0.0,0
9120477,none,cycle,1,0.65,fixed,0,29,24,1,0,0,unknown,0.053421862971666303,30,0.9151759172135585,36
9120477,motor,cycle,1,0.65,fixed,1,29,24,1,0,0,unknown,0.08050761338400572,30,1.202341559794732,36
9120477,external,cycle,1,0.65,fixed,1,29,24,1,0,0,unknown,0.11605931841360964,30,0.960413903225059,36
9120477,sensor,cycle,1,0.65,fixed,1,29,24,1,0,0,unknown,0.053421862971666303,30,0.9151759172135585,36
9120477,motor_external,cycle,1,0.65,fixed,1,29,24,1,0,0,unknown,0.14504490363900008,30,1.2466120373366232,36
9120477,external_sensor,cycle,1,0.65,fixed,1,29,24,1,0,0,unknown,0.11605931841360964,30,0.960413903225059,36
9120477,nonlinear,cycle,1,0.65,fixed,1,29,24,1,0,0,unknown,0.40204256438328995,30,1.4380095698132491,36
9120477,none,cycle,1,0.65,calibrated,0,29,,0,1,0,none,0.10387793244133772,30,0.0,0
9120477,motor,cycle,1,0.65,calibrated,1,29,,0,0,0,none,1.8940273372103156,30,0.0,0
9120477,external,cycle,1,0.65,calibrated,1,29,,0,0,0,none,0.8671300199584808,30,0.0,0
9120477,sensor,cycle,1,0.65,calibrated,1,29,,0,0,0,none,0.10387793244133772,30,0.0,0
9120477,motor_external,cycle,1,0.65,calibrated,1,29,,0,0,0,none,2.657279424727459,30,0.0,0
9120477,external_sensor,cycle,1,0.65,calibrated,1,29,,0,0,0,none,0.8671300199584808,30,0.0,0
9120477,nonlinear,cycle,1,0.65,calibrated,1,29,,0,0,0,none,0.7198098686500788,30,0.0,0
9120477,none,adaptive,0,0.65,fixed,0,29,28,1,0,0,unknown,0.09493020903558995,24,0.8097262831395535,32
9120477,motor,adaptive,0,0.65,fixed,1,29,28,1,0,0,unknown,0.1282505809561361,24,0.7489099250137068,32
9120477,external,adaptive,0,0.65,fixed,1,29,28,1,0,0,unknown,0.12048146305805767,24,0.7607740658117306,32
9120477,sensor,adaptive,0,0.65,fixed,1,29,28,1,0,0,unknown,0.09493020903558995,24,0.8097262831395535,32
9120477,motor_external,adaptive,0,0.65,fixed,1,29,28,1,0,0,unknown,0.15856855268321063,24,0.7531249436218832,32
9120477,external_sensor,adaptive,0,0.65,fixed,1,29,28,1,0,0,unknown,0.12048146305805767,24,0.7607740658117306,32
9120477,nonlinear,adaptive,0,0.65,fixed,1,29,28,1,0,0,unknown,0.4223130097118052,24,1.3395669835815462,32
9120477,none,adaptive,0,0.65,calibrated,0,29,,0,1,0,none,0.10387793244133772,0,0.0,0
9120477,motor,adaptive,0,0.65,calibrated,1,29,,0,0,0,none,1.8940273372103156,0,0.0,0
9120477,external,adaptive,0,0.65,calibrated,1,29,,0,0,0,none,0.8671300199584808,0,0.0,0
9120477,sensor,adaptive,0,0.65,calibrated,1,29,,0,0,0,none,0.10387793244133772,0,0.0,0
9120477,motor_external,adaptive,0,0.65,calibrated,1,29,51,1,0,0,undetermined,0.16343836715847043,6,0.7248845364965668,9
9120477,external_sensor,adaptive,0,0.65,calibrated,1,29,,0,0,0,none,0.8671300199584808,0,0.0,0
9120477,nonlinear,adaptive,0,0.65,calibrated,1,29,,0,0,0,none,0.7198098686500788,0,0.0,0
9120477,none,cycle,0,0.65,fixed,0,29,24,1,0,0,unknown,0.053421862971666303,30,0.9151759172135585,36
9120477,motor,cycle,0,0.65,fixed,1,29,24,1,0,0,unknown,0.08050761338400572,30,1.202341559794732,36
9120477,external,cycle,0,0.65,fixed,1,29,24,1,0,0,unknown,0.11605931841360964,30,0.960413903225059,36
9120477,sensor,cycle,0,0.65,fixed,1,29,24,1,0,0,unknown,0.053421862971666303,30,0.9151759172135585,36
9120477,motor_external,cycle,0,0.65,fixed,1,29,24,1,0,0,unknown,0.14504490363900008,30,1.2466120373366232,36
9120477,external_sensor,cycle,0,0.65,fixed,1,29,24,1,0,0,unknown,0.11605931841360964,30,0.960413903225059,36
9120477,nonlinear,cycle,0,0.65,fixed,1,29,24,1,0,0,unknown,0.40204256438328995,30,1.4380095698132491,36
9120477,none,cycle,0,0.65,calibrated,0,29,,0,1,0,none,0.10387793244133772,30,0.0,0
9120477,motor,cycle,0,0.65,calibrated,1,29,,0,0,0,none,1.8940273372103156,30,0.0,0
9120477,external,cycle,0,0.65,calibrated,1,29,,0,0,0,none,0.8671300199584808,30,0.0,0
9120477,sensor,cycle,0,0.65,calibrated,1,29,,0,0,0,none,0.10387793244133772,30,0.0,0
9120477,motor_external,cycle,0,0.65,calibrated,1,29,,0,0,0,none,2.657279424727459,30,0.0,0
9120477,external_sensor,cycle,0,0.65,calibrated,1,29,,0,0,0,none,0.8671300199584808,30,0.0,0
9120477,nonlinear,cycle,0,0.65,calibrated,1,29,,0,0,0,none,0.7198098686500788,30,0.0,0
9120530,none,adaptive,1,0.13,fixed,0,27,,0,1,0,none,0.003918179281635156,0,0.0,0
9120530,motor,adaptive,1,0.13,fixed,1,27,28,1,1,1,motor,0.0026303512758025374,24,0.029513178229510554,32
9120530,external,adaptive,1,0.13,fixed,1,27,28,1,1,1,external,0.0026303512758025158,24,0.029513178229510564,32
9120530,sensor,adaptive,1,0.13,fixed,1,27,28,1,1,1,sensor,0.0026303512758025106,24,0.029513178229510564,32
9120530,motor_external,adaptive,1,0.13,fixed,1,27,28,1,1,1,motor_external,0.0026303512758025305,24,0.02951317822951056,32
9120530,external_sensor,adaptive,1,0.13,fixed,1,27,28,1,1,1,external_sensor,0.0026303512758025158,24,0.029513178229510564,32
9120530,nonlinear,adaptive,1,0.13,fixed,1,27,28,1,0,0,unknown,0.34140532377494537,24,0.35681853333405267,32
9120530,none,adaptive,1,0.13,calibrated,0,27,,0,1,0,none,0.003918179281635156,0,0.0,0
9120530,motor,adaptive,1,0.13,calibrated,1,27,28,1,1,1,motor,0.0026303512758025374,24,0.029513178229510554,32
9120530,external,adaptive,1,0.13,calibrated,1,27,28,1,1,1,external,0.0026303512758025158,24,0.029513178229510564,32
9120530,sensor,adaptive,1,0.13,calibrated,1,27,28,1,1,1,sensor,0.0026303512758025106,24,0.029513178229510564,32
9120530,motor_external,adaptive,1,0.13,calibrated,1,27,28,1,1,1,motor_external,0.0026303512758025305,24,0.02951317822951056,32
9120530,external_sensor,adaptive,1,0.13,calibrated,1,27,28,1,1,1,external_sensor,0.0026303512758025158,24,0.029513178229510564,32
9120530,nonlinear,adaptive,1,0.13,calibrated,1,27,28,1,0,0,unknown,0.34140532377494537,24,0.35681853333405267,32
9120530,none,cycle,1,0.13,fixed,0,27,,0,1,0,none,0.003918179281635156,30,0.0,0
9120530,motor,cycle,1,0.13,fixed,1,27,28,1,1,1,motor,0.0040275183934485636,30,0.028533484365631082,32
9120530,external,cycle,1,0.13,fixed,1,27,28,1,1,1,external,0.004027518393448543,30,0.028533484365631086,32
9120530,sensor,cycle,1,0.13,fixed,1,27,28,1,1,1,sensor,0.004027518393448539,30,0.028533484365631082,32
9120530,motor_external,cycle,1,0.13,fixed,1,27,28,1,1,1,motor_external,0.0040275183934485505,30,0.02853348436563109,32
9120530,external_sensor,cycle,1,0.13,fixed,1,27,28,1,1,1,external_sensor,0.004027518393448543,30,0.028533484365631086,32
9120530,nonlinear,cycle,1,0.13,fixed,1,27,28,1,0,0,unknown,0.3383786359098478,30,0.37735228663496456,32
9120530,none,cycle,1,0.13,calibrated,0,27,,0,1,0,none,0.003918179281635156,30,0.0,0
9120530,motor,cycle,1,0.13,calibrated,1,27,28,1,1,1,motor,0.0040275183934485636,30,0.028533484365631082,32
9120530,external,cycle,1,0.13,calibrated,1,27,28,1,1,1,external,0.004027518393448543,30,0.028533484365631086,32
9120530,sensor,cycle,1,0.13,calibrated,1,27,28,1,1,1,sensor,0.004027518393448539,30,0.028533484365631082,32
9120530,motor_external,cycle,1,0.13,calibrated,1,27,28,1,1,1,motor_external,0.0040275183934485505,30,0.02853348436563109,32
9120530,external_sensor,cycle,1,0.13,calibrated,1,27,28,1,1,1,external_sensor,0.004027518393448543,30,0.028533484365631086,32
9120530,nonlinear,cycle,1,0.13,calibrated,1,27,28,1,0,0,unknown,0.3383786359098478,30,0.37735228663496456,32
9120530,none,adaptive,0,0.13,fixed,0,27,,0,1,0,none,0.003918179281635156,0,0.0,0
9120530,motor,adaptive,0,0.13,fixed,1,27,28,1,1,1,motor,0.0026303512758025374,24,0.029513178229510554,32
9120530,external,adaptive,0,0.13,fixed,1,27,28,1,0,0,undetermined,0.0026303512758025158,24,0.029513178229510564,32
9120530,sensor,adaptive,0,0.13,fixed,1,27,28,1,0,0,undetermined,0.0026303512758025106,24,0.029513178229510564,32
9120530,motor_external,adaptive,0,0.13,fixed,1,27,28,1,0,0,undetermined,0.0026303512758025305,24,0.02951317822951056,32
9120530,external_sensor,adaptive,0,0.13,fixed,1,27,28,1,0,0,undetermined,0.0026303512758025158,24,0.029513178229510564,32
9120530,nonlinear,adaptive,0,0.13,fixed,1,27,28,1,0,0,unknown,0.34140532377494537,24,0.35681853333405267,32
9120530,none,adaptive,0,0.13,calibrated,0,27,,0,1,0,none,0.003918179281635156,0,0.0,0
9120530,motor,adaptive,0,0.13,calibrated,1,27,28,1,1,1,motor,0.0026303512758025374,24,0.029513178229510554,32
9120530,external,adaptive,0,0.13,calibrated,1,27,28,1,0,0,undetermined,0.0026303512758025158,24,0.029513178229510564,32
9120530,sensor,adaptive,0,0.13,calibrated,1,27,28,1,0,0,undetermined,0.0026303512758025106,24,0.029513178229510564,32
9120530,motor_external,adaptive,0,0.13,calibrated,1,27,28,1,0,0,undetermined,0.0026303512758025305,24,0.02951317822951056,32
9120530,external_sensor,adaptive,0,0.13,calibrated,1,27,28,1,0,0,undetermined,0.0026303512758025158,24,0.029513178229510564,32
9120530,nonlinear,adaptive,0,0.13,calibrated,1,27,28,1,0,0,unknown,0.34140532377494537,24,0.35681853333405267,32
9120530,none,cycle,0,0.13,fixed,0,27,,0,1,0,none,0.003918179281635156,30,0.0,0
9120530,motor,cycle,0,0.13,fixed,1,27,28,1,1,1,motor,0.0040275183934485636,30,0.028533484365631082,32
9120530,external,cycle,0,0.13,fixed,1,27,28,1,0,0,undetermined,0.004027518393448543,30,0.028533484365631086,32
9120530,sensor,cycle,0,0.13,fixed,1,27,28,1,0,0,undetermined,0.004027518393448539,30,0.028533484365631082,32
9120530,motor_external,cycle,0,0.13,fixed,1,27,28,1,0,0,undetermined,0.0040275183934485505,30,0.02853348436563109,32
9120530,external_sensor,cycle,0,0.13,fixed,1,27,28,1,0,0,undetermined,0.004027518393448543,30,0.028533484365631086,32
9120530,nonlinear,cycle,0,0.13,fixed,1,27,28,1,0,0,unknown,0.3383786359098478,30,0.37735228663496456,32
9120530,none,cycle,0,0.13,calibrated,0,27,,0,1,0,none,0.003918179281635156,30,0.0,0
9120530,motor,cycle,0,0.13,calibrated,1,27,28,1,1,1,motor,0.0040275183934485636,30,0.028533484365631082,32
9120530,external,cycle,0,0.13,calibrated,1,27,28,1,0,0,undetermined,0.004027518393448543,30,0.028533484365631086,32
9120530,sensor,cycle,0,0.13,calibrated,1,27,28,1,0,0,undetermined,0.004027518393448539,30,0.028533484365631082,32
9120530,motor_external,cycle,0,0.13,calibrated,1,27,28,1,0,0,undetermined,0.0040275183934485505,30,0.02853348436563109,32
9120530,external_sensor,cycle,0,0.13,calibrated,1,27,28,1,0,0,undetermined,0.004027518393448543,30,0.028533484365631086,32
9120530,nonlinear,cycle,0,0.13,calibrated,1,27,28,1,0,0,unknown,0.3383786359098478,30,0.37735228663496456,32
9120530,none,adaptive,1,0.35,fixed,0,27,24,1,0,0,unknown,0.02301758703628886,27,0.22286098554452258,36
9120530,motor,adaptive,1,0.35,fixed,1,27,24,1,0,0,unknown,0.023109317263962224,27,0.3613441363730605,36
9120530,external,adaptive,1,0.35,fixed,1,27,24,1,0,0,unknown,0.03412291954339641,27,0.32419141074283225,36
9120530,sensor,adaptive,1,0.35,fixed,1,27,24,1,0,0,unknown,0.02301758703628886,27,0.22286098554452258,36
9120530,motor_external,adaptive,1,0.35,fixed,1,27,24,1,0,0,unknown,0.04311169156712297,27,0.5226328867186852,36
9120530,external_sensor,adaptive,1,0.35,fixed,1,27,24,1,0,0,unknown,0.03412291954339641,27,0.32419141074283225,36
9120530,nonlinear,adaptive,1,0.35,fixed,1,27,24,1,0,0,unknown,0.3503311143594946,27,0.5369554780852788,36
9120530,none,adaptive,1,0.35,calibrated,0,27,,0,1,0,none,0.028401003668657228,0,0.0,0
9120530,motor,adaptive,1,0.35,calibrated,1,27,42,1,1,1,motor,0.02354141958451336,13,0.22706625452373583,18
9120530,external,adaptive,1,0.35,calibrated,1,27,,0,0,0,none,0.6968932589083063,0,0.0,0
9120530,sensor,adaptive,1,0.35,calibrated,1,27,,0,0,0,none,0.028401003668657228,0,0.0,0
9120530,motor_external,adaptive,1,0.35,calibrated,1,27,53,1,0,0,undetermined,0.21021063960967873,5,0.0767109762883097,7
9120530,external_sensor,adaptive,1,0.35,calibrated,1,27,,0,0,0,none,0.6968932589083063,0,0.0,0
9120530,nonlinear,adaptive,1,0.35,calibrated,1,27,,0,0,0,none,0.7139084834028439,0,0.0,0
9120530,none,cycle,1,0.35,fixed,0,27,24,1,1,1,none,0.023931742524636358,30,0.22531933270810228,36
9120530,motor,cycle,1,0.35,fixed,1,27,24,1,1,1,motor,0.03756089100942586,30,0.34031640844385813,36
9120530,external,cycle,1,0.35,fixed,1,27,24,1,1,1,external,0.03136846235458753,30,0.3308620696727604,36
9120530,sensor,cycle,1,0.35,fixed,1,27,24,1,1,1,sensor,0.023931742524636358,30,0.22531933270810228,36
9120530,motor_external,cycle,1,0.35,fixed,1,27,24,1,1,1,motor_external,0.03594715810906203,30,0.39744821021304344,36
9120530,external_sensor,cycle,1,0.35,fixed,1,27,24,1,1,1,external_sensor,0.03136846235458753,30,0.3308620696727604,36
9120530,nonlinear,cycle,1,0.35,fixed,1,27,24,1,0,0,unknown,0.36043291329563615,30,0.5555942822803073,36
9120530,none,cycle,1,0.35,calibrated,0,27,,0,1,0,none,0.028401003668657228,30,0.0,0
9120530,motor,cycle,1,0.35,calibrated,1,27,,0,0,0,none,1.7233970564173557,30,0.0,0
9120530,external,cycle,1,0.35,calibrated,1,27,,0,0,0,none,0.6968932589083063,30,0.0,0
9120530,sensor,cycle,1,0.35,calibrated,1,27,,0,0,0,none,0.028401003668657228,30,0.0,0
9120530,motor_external,cycle,1,0.35,calibrated,1,27,28,1,1,1,motor_external,0.029193550485055998,30,0.20682555235442646,32
9120530,external_sensor,cycle,1,0.35,calibrated,1,27,,0,0,0,none,0.6968932589083063,30,0.0,0
9120530,nonlinear,cycle,1,0.35,calibrated,1,27,,0,0,0,none,0.7139084834028439,30,0.0,0
9120530,none,adaptive,0,0.35,fixed,0,27,46,1,0,1,motor,0.03430586108560606,10,0.1945473948477166,14
9120530,motor,adaptive,0,0.35,fixed,1,27,28,1,1,1,motor,0.019066155697385224,24,0.21392688361627474,32
9120530,external,adaptive,0,0.35,fixed,1,27,28,1,0,0,undetermined,0.01906615569738518,24,0.21392688361627474,32
9120530,sensor,adaptive,0,0.35,fixed,1,27,28,1,0,0,undetermined,0.019066155697385175,24,0.21392688361627474,32
9120530,motor_external,adaptive,0,0.35,fixed,1,27,28,1,0,0,undetermined,0.01906615569738525,24,0.21392688361627474,32
9120530,external_sensor,adaptive,0,0.35,fixed,1,27,28,1,0,0,undetermined,0.01906615569738518,24,0.21392688361627474,32
9120530,nonlinear,adaptive,0,0.35,fixed,1,27,28,1,0,0,unknown,0.34201800473353905,24,0.5059989935131189,32
9120530,none,adaptive,0,0.35,calibrated,0,27,,0,1,0,none,0.028401003668657228,0,0.0,0
9120530,motor,adaptive,0,0.35,calibrated,1,27,52,1,0,0,undetermined,0.08877707484973453,6,0.230170832500571,8
9120530,external,adaptive,0,0.35,calibrated,1,27,,0,0,0,none,0.6968932589083063,0,0.0,0
9120530,sensor,adaptive,0,0.35,calibrated,1,27,,0,0,0,none,0.028401003668657228,0,0.0,0
9120530,motor_external,adaptive,0,0.35,calibrated,1,27,37,1,0,0,undetermined,0.04399579082275031,17,0.2185598961174285,23
9120530,external_sensor,adaptive,0,0.35,calibrated,1,27,28,1,0,0,undetermined,0.01906615569738518,24,0.21392688361627474,32
9120530,nonlinear,adaptive,0,0.35,calibrated,1,27,,0,0,0,none,0.7139084834028439,0,0.0,0
9120530,none,cycle,0,0.35,fixed,0,27,46,1,0,0,unknown,0.060161350340973266,30,0.16695199116459072,14
9120530,motor,cycle,0,0.35,fixed,1,27,28,1,1,1,motor,0.029193550485056015,30,0.20682555235442646,32
9120530,external,cycle,0,0.35,fixed,1,27,28,1,0,0,undetermined,0.02919355048505599,30,0.20682555235442646,32
9120530,sensor,cycle,0,0.35,fixed,1,27,28,1,0,0,undetermined,0.02919355048505598,30,0.20682555235442646,32
9120530,motor_external,cycle,0,0.35,fixed,1,27,28,1,0,0,undetermined,0.029193550485055998,30,0.20682555235442646,32
9120530,external_sensor,cycle,0,0.35,fixed,1,27,28,1,0,0,undetermined,0.02919355048505599,30,0.20682555235442646,32
9120530,nonlinear,cycle,0,0.35,fixed,1,27,28,1,0,0,unknown,0.3608334142603935,30,0.5804626801518473,32
9120530,none,cycle,0,0.35,calibrated,0,27,,0,1,0,none,0.028401003668657228,30,0.0,0
9120530,motor,cycle,0,0.35,calibrated,1,27,52,1,0,0,undetermined,0.1307327113462013,30,0.17164627738234953,8
9120530,external,cycle,0,0.35,calibrated,1,27,,0,0,0,none,0.6968932589083063,30,0.0,0
9120530,sensor,cycle,0,0.35,calibrated,1,27,,0,0,0,none,0.028401003668657228,30,0.0,0
9120530,motor_external,cycle,0,0.35,calibrated,1,27,34,1,0,0,undetermined,0.0502176767783722,30,0.22242474837994586,26
9120530,external_sensor,cycle,0,0.35,calibrated,1,27,28,1,0,0,undetermined,0.02919355048505599,30,0.20682555235442646,32
9120530,nonlinear,cycle,0,0.35,calibrated,1,27,,0,0,0,none,0.7139084834028439,30,0.0,0
9120530,none,adaptive,1,0.65,fixed,0,27,24,1,0,0,unknown,0.07938718794148605,27,0.76864299095968,36
9120530,motor,adaptive,1,0.65,fixed,1,27,24,1,0,0,unknown,0.06765278217383185,27,0.897519107048658,36
9120530,external,adaptive,1,0.65,fixed,1,27,24,1,0,0,unknown,0.09433280545468588,27,0.9048637806136838,36
9120530,sensor,adaptive,1,0.65,fixed,1,27,24,1,0,0,unknown,0.07938718794148605,27,0.76864299095968,36
9120530,motor_external,adaptive,1,0.65,fixed,1,27,24,1,0,0,unknown,0.09149544148308482,27,1.0936982218499767,36
9120530,external_sensor,adaptive,1,0.65,fixed,1,27,24,1,0,0,unknown,0.09433280545468588,27,0.9048637806136838,36
9120530,nonlinear,adaptive,1,0.65,fixed,1,27,24,1,0,0,unknown,0.3965607228115666,27,1.056928265466587,36
9120530,none,adaptive,1,0.65,calibrated,0,27,,0,1,0,none,0.09795448204087921,0,0.0,0
9120530,motor,adaptive,1,0.65,calibrated,1,27,,0,0,0,none,1.8743757228598912,0,0.0,0
9120530,external,adaptive,1,0.65,calibrated,1,27,,0,0,0,none,0.645154384628799,0,0.0,0
9120530,sensor,adaptive,1,0.65,calibrated,1,27,,0,0,0,none,0.09795448204087921,0,0.0,0
9120530,motor_external,adaptive,1,0.65,calibrated,1,27,,0,0,0,none,2.4215756254478107,0,0.0,0
9120530,external_sensor,adaptive,1,0.65,calibrated,1,27,,0,0,0,none,0.645154384628799,0,0.0,0
9120530,nonlinear,adaptive,1,0.65,calibrated,1,27,,0,0,0,none,0.893611230118655,0,0.0,0
9120530,none,cycle,1,0.65,fixed,0,27,24,1,0,0,unknown,0.08254009156456225,30,0.7771217801565161,36
9120530,motor,cycle,1,0.65,fixed,1,27,24,1,0,0,unknown,0.09897490056058948,30,0.9045052529934561,36
9120530,external,cycle,1,0.65,fixed,1,27,24,1,0,0,unknown,0.08926659457237252,30,0.9225539184844672,36
9120530,sensor,cycle,1,0.65,fixed,1,27,24,1,0,0,unknown,0.08254009156456225,30,0.7771217801565161,36
9120530,motor_external,cycle,1,0.65,fixed,1,27,24,1,0,0,unknown,0.09665095083808475,30,1.0015264561259343,36
9120530,external_sensor,cycle,1,0.65,fixed,1,27,24,1,0,0,unknown,0.08926659457237252,30,0.9225539184844672,36
9120530,nonlinear,cycle,1,0.65,fixed,1,27,24,1,0,0,unknown,0.41915307712021727,30,1.1109007990590094,36
9120530,none,cycle,1,0.65,calibrated,0,27,,0,1,0,none,0.09795448204087921,30,0.0,0
9120530,motor,cycle,1,0.65,calibrated,1,27,,0,0,0,none,1.8743757228598912,30,0.0,0
9120530,external,cycle,1,0.65,calibrated,1,27,,0,0,0,none,0.645154384628799,30,0.0,0
9120530,sensor,cycle,1,0.65,calibrated,1,27,,0,0,0,none,0.09795448204087921,30,0.0,0
9120530,motor_external,cycle,1,0.65,calibrated,1,27,,0,0,0,none,2.4215756254478107,30,0.0,0
9120530,external_sensor,cycle,1,0.65,calibrated,1,27,,0,0,0,none,0.645154384628799,30,0.0,0
9120530,nonlinear,cycle,1,0.65,calibrated,1,27,,0,0,0,none,0.893611230118655,30,0.0,0
9120530,none,adaptive,0,0.65,fixed,0,27,24,1,0,0,unknown,0.07938718794148605,27,0.76864299095968,36
9120530,motor,adaptive,0,0.65,fixed,1,27,24,1,0,0,unknown,0.06765278217383185,27,0.897519107048658,36
9120530,external,adaptive,0,0.65,fixed,1,27,24,1,0,0,unknown,0.09433280545468588,27,0.9048637806136838,36
9120530,sensor,adaptive,0,0.65,fixed,1,27,24,1,0,0,unknown,0.07938718794148605,27,0.76864299095968,36
9120530,motor_external,adaptive,0,0.65,fixed,1,27,24,1,0,0,unknown,0.09149544148308482,27,1.0936982218499767,36
9120530,external_sensor,adaptive,0,0.65,fixed,1,27,24,1,0,0,unknown,0.09433280545468588,27,0.9048637806136838,36
9120530,nonlinear,adaptive,0,0.65,fixed,1,27,24,1,0,0,unknown,0.3965607228115666,27,1.056928265466587,36
9120530,none,adaptive,0,0.65,calibrated,0,27,,0,1,0,none,0.09795448204087921,0,0.0,0
9120530,motor,adaptive,0,0.65,calibrated,1,27,,0,0,0,none,1.8743757228598912,0,0.0,0
9120530,external,adaptive,0,0.65,calibrated,1,27,,0,0,0,none,0.645154384628799,0,0.0,0
9120530,sensor,adaptive,0,0.65,calibrated,1,27,,0,0,0,none,0.09795448204087921,0,0.0,0
9120530,motor_external,adaptive,0,0.65,calibrated,1,27,,0,0,0,none,2.4215756254478107,0,0.0,0
9120530,external_sensor,adaptive,0,0.65,calibrated,1,27,,0,0,0,none,0.645154384628799,0,0.0,0
9120530,nonlinear,adaptive,0,0.65,calibrated,1,27,,0,0,0,none,0.893611230118655,0,0.0,0
9120530,none,cycle,0,0.65,fixed,0,27,24,1,0,0,unknown,0.08254009156456225,30,0.7771217801565161,36
9120530,motor,cycle,0,0.65,fixed,1,27,24,1,0,0,unknown,0.09897490056058948,30,0.9045052529934561,36
9120530,external,cycle,0,0.65,fixed,1,27,24,1,0,0,unknown,0.08926659457237252,30,0.9225539184844672,36
9120530,sensor,cycle,0,0.65,fixed,1,27,24,1,0,0,unknown,0.08254009156456225,30,0.7771217801565161,36
9120530,motor_external,cycle,0,0.65,fixed,1,27,24,1,0,0,unknown,0.09665095083808475,30,1.0015264561259343,36
9120530,external_sensor,cycle,0,0.65,fixed,1,27,24,1,0,0,unknown,0.08926659457237252,30,0.9225539184844672,36
9120530,nonlinear,cycle,0,0.65,fixed,1,27,24,1,0,0,unknown,0.41915307712021727,30,1.1109007990590094,36
9120530,none,cycle,0,0.65,calibrated,0,27,,0,1,0,none,0.09795448204087921,30,0.0,0
9120530,motor,cycle,0,0.65,calibrated,1,27,,0,0,0,none,1.8743757228598912,30,0.0,0
9120530,external,cycle,0,0.65,calibrated,1,27,,0,0,0,none,0.645154384628799,30,0.0,0
9120530,sensor,cycle,0,0.65,calibrated,1,27,,0,0,0,none,0.09795448204087921,30,0.0,0
9120530,motor_external,cycle,0,0.65,calibrated,1,27,,0,0,0,none,2.4215756254478107,30,0.0,0
9120530,external_sensor,cycle,0,0.65,calibrated,1,27,,0,0,0,none,0.645154384628799,30,0.0,0
9120530,nonlinear,cycle,0,0.65,calibrated,1,27,,0,0,0,none,0.893611230118655,30,0.0,0
9120583,none,adaptive,1,0.13,fixed,0,33,,0,1,0,none,0.0027402729225477467,0,0.0,0
9120583,motor,adaptive,1,0.13,fixed,1,33,34,1,1,1,motor,0.004811814268620611,19,0.03122332725298625,26
9120583,external,adaptive,1,0.13,fixed,1,33,34,1,1,1,external,0.004811814268620644,19,0.031223327252986235,26
9120583,sensor,adaptive,1,0.13,fixed,1,33,34,1,1,1,sensor,0.004811814268620606,19,0.03122332725298625,26
9120583,motor_external,adaptive,1,0.13,fixed,1,33,34,1,1,1,motor_external,0.004811814268620616,19,0.031223327252986252,26
9120583,external_sensor,adaptive,1,0.13,fixed,1,33,34,1,1,1,external_sensor,0.004811814268620644,19,0.031223327252986235,26
9120583,nonlinear,adaptive,1,0.13,fixed,1,33,34,1,0,0,unknown,0.35200412863483177,19,0.4452693456807679,26
9120583,none,adaptive,1,0.13,calibrated,0,33,,0,1,0,none,0.0027402729225477467,0,0.0,0
9120583,motor,adaptive,1,0.13,calibrated,1,33,34,1,1,1,motor,0.004811814268620611,19,0.03122332725298625,26
9120583,external,adaptive,1,0.13,calibrated,1,33,34,1,1,1,external,0.004811814268620644,19,0.031223327252986235,26
9120583,sensor,adaptive,1,0.13,calibrated,1,33,34,1,1,1,sensor,0.004811814268620606,19,0.03122332725298625,26
9120583,motor_external,adaptive,1,0.13,calibrated,1,33,34,1,1,1,motor_external,0.004811814268620616,19,0.031223327252986252,26
9120583,external_sensor,adaptive,1,0.13,calibrated,1,33,34,1,1,1,external_sensor,0.004811814268620644,19,0.031223327252986235,26
9120583,nonlinear,adaptive,1,0.13,calibrated,1,33,34,1,0,0,unknown,0.35200412863483177,19,0.4452693456807679,26
9120583,none,cycle,1,0.13,fixed,0,33,,0,1,0,none,0.0027402729225477467,30,0.0,0
9120583,motor,cycle,1,0.13,fixed,1,33,34,1,1,1,motor,0.006785610952074065,30,0.03015476138131867,26
9120583,external,cycle,1,0.13,fixed,1,33,34,1,1,1,external,0.006785610952074106,30,0.03015476138131867,26
9120583,sensor,cycle,1,0.13,fixed,1,33,34,1,1,1,sensor,0.006785610952074107,30,0.030154761381318666,26
9120583,motor_external,cycle,1,0.13,fixed,1,33,34,1,1,1,motor_external,0.006785610952074049,30,0.03015476138131866,26
9120583,external_sensor,cycle,1,0.13,fixed,1,33,34,1,1,1,external_sensor,0.006785610952074106,30,0.03015476138131867,26
9120583,nonlinear,cycle,1,0.13,fixed,1,33,34,1,0,0,unknown,0.34124432152981815,30,0.36890008817148784,26
9120583,none,cycle,1,0.13,calibrated,0,33,,0,1,0,none,0.0027402729225477467,30,0.0,0
9120583,motor,cycle,1,0.13,calibrated,1,33,34,1,1,1,motor,0.006785610952074065,30,0.03015476138131867,26
9120583,external,cycle,1,0.13,calibrated,1,33,34,1,1,1,external,0.006785610952074106,30,0.03015476138131867,26
9120583,sensor,cycle,1,0.13,calibrated,1,33,34,1,1,1,sensor,0.006785610952074107,30,0.030154761381318666,26
9120583,motor_external,cycle,1,0.13,calibrated,1,33,34,1,1,1,motor_external,0.006785610952074049,30,0.03015476138131866,26
9120583,external_sensor,cycle,1,0.13,calibrated,1,33,34,1,1,1,external_sensor,0.006785610952074106,30,0.03015476138131867,26
9120583,nonlinear,cycle,1,0.13,calibrated,1,33,34,1,0,0,unknown,0.34124432152981815,30,0.36890008817148784,26
9120583,none,adaptive,0,0.13,fixed,0,33,,0,1,0,none,0.0027402729225477467,0,0.0,0
9120583,motor,adaptive,0,0.13,fixed,1,33,34,1,1,1,motor,0.004811814268620611,19,0.03122332725298625,26
9120583,external,adaptive,0,0.13,fixed,1,33,34,1,0,0,undetermined,0.004811814268620644,19,0.031223327252986235,26
9120583,sensor,adaptive,0,0.13,fixed,1,33,34,1,0,0,undetermined,0.004811814268620606,19,0.03122332725298625,26
9120583,motor_external,adaptive,0,0.13,fixed,1,33,34,1,0,0,undetermined,0.004811814268620616,19,0.031223327252986252,26
9120583,external_sensor,adaptive,0,0.13,fixed,1,33,34,1,0,0,undetermined,0.004811814268620644,19,0.031223327252986235,26
9120583,nonlinear,adaptive,0,0.13,fixed,1,33,34,1,0,0,unknown,0.35200412863483177,19,0.4452693456807679,26
9120583,none,adaptive,0,0.13,calibrated,0,33,,0,1,0,none,0.0027402729225477467,0,0.0,0
9120583,motor,adaptive,0,0.13,calibrated,1,33,34,1,1,1,motor,0.004811814268620611,19,0.03122332725298625,26
9120583,external,adaptive,0,0.13,calibrated,1,33,34,1,0,0,undetermined,0.004811814268620644,19,0.031223327252986235,26
9120583,sensor,adaptive,0,0.13,calibrated,1,33,34,1,0,0,undetermined,0.004811814268620606,19,0.03122332725298625,26
9120583,motor_external,adaptive,0,0.13,calibrated,1,33,34,1,0,0,undetermined,0.004811814268620616,19,0.031223327252986252,26
9120583,external_sensor,adaptive,0,0.13,calibrated,1,33,34,1,0,0,undetermined,0.004811814268620644,19,0.031223327252986235,26
9120583,nonlinear,adaptive,0,0.13,calibrated,1,33,34,1,0,0,unknown,0.35200412863483177,19,0.4452693456807679,26
9120583,none,cycle,0,0.13,fixed,0,33,,0,1,0,none,0.0027402729225477467,30,0.0,0
9120583,motor,cycle,0,0.13,fixed,1,33,34,1,1,1,motor,0.006785610952074065,30,0.03015476138131867,26
9120583,external,cycle,0,0.13,fixed,1,33,34,1,0,0,undetermined,0.006785610952074106,30,0.03015476138131867,26
9120583,sensor,cycle,0,0.13,fixed,1,33,34,1,0,0,undetermined,0.006785610952074107,30,0.030154761381318666,26
9120583,motor_external,cycle,0,0.13,fixed,1,33,34,1,0,0,undetermined,0.006785610952074049,30,0.03015476138131866,26
9120583,external_sensor,cycle,0,0.13,fixed,1,33,34,1,0,0,undetermined,0.006785610952074106,30,0.03015476138131867,26
9120583,nonlinear,cycle,0,0.13,fixed,1,33,34,1,0,0,unknown,0.34124432152981815,30,0.36890008817148784,26
9120583,none,cycle,0,0.13,calibrated,0,33,,0,1,0,none,0.0027402729225477467,30,0.0,0
9120583,motor,cycle,0,0.13,calibrated,1,33,34,1,1,1,motor,0.006785610952074065,30,0.03015476138131867,26
9120583,external,cycle,0,0.13,calibrated,1,33,34,1,0,0,undetermined,0.006785610952074106,30,0.03015476138131867,26
9120583,sensor,cycle,0,0.13,calibrated,1,33,34,1,0,0,undetermined,0.006785610952074107,30,0.030154761381318666,26
9120583,motor_external,cycle,0,0.13,calibrated,1,33,34,1,0,0,undetermined,0.006785610952074049,30,0.03015476138131866,26
9120583,external_sensor,cycle,0,0.13,calibrated,1,33,34,1,0,0,undetermined,0.006785610952074106,30,0.03015476138131867,26
9120583,nonlinear,cycle,0,0.13,calibrated,1,33,34,1,0,0,unknown,0.34124432152981815,30,0.36890008817148784,26
9120583,none,adaptive,1,0.35,fixed,0,33,24,1,1,1,none,0.025370725125085414,27,0.23205385271740303,36
9120583,motor,adaptive,1,0.35,fixed,1,33,24,1,1,1,motor,0.11827974956695893,27,0.5810734426142085,36
9120583,external,adaptive,1,0.35,fixed,1,33,24,1,1,1,external,0.05197852017062471,27,0.4553705146669453,36
9120583,sensor,adaptive,1,0.35,fixed,1,33,24,1,1,1,sensor,0.025370725125085414,27,0.23205385271740303,36
9120583,motor_external,adaptive,1,0.35,fixed,1,33,24,1,1,1,motor_external,0.17332817040758575,27,0.8328307303588383,36
9120583,external_sensor,adaptive,1,0.35,fixed,1,33,24,1,1,1,external_sensor,0.05197852017062471,27,0.4553705146669453,36
9120583,nonlinear,adaptive,1,0.35,fixed,1,33,24,1,0,0,unknown,0.36339200356618656,27,0.3949642546765497,36
9120583,none,adaptive,1,0.35,calibrated,0,33,,0,1,0,none,0.019862925030301713,0,0.0,0
9120583,motor,adaptive,1,0.35,calibrated,1,33,35,1,1,1,motor,0.04573816632833845,18,0.21245895669879655,25
9120583,external,adaptive,1,0.35,calibrated,1,33,,0,0,0,none,0.8325672170704863,0,0.0,0
9120583,sensor,adaptive,1,0.35,calibrated,1,33,,0,0,0,none,0.019862925030301713,0,0.0,0
9120583,motor_external,adaptive,1,0.35,calibrated,1,33,34,1,1,1,motor_external,0.03487853537905476,19,0.2263229342302257,26
9120583,external_sensor,adaptive,1,0.35,calibrated,1,33,,0,0,0,none,0.8325672170704863,0,0.0,0
9120583,nonlinear,adaptive,1,0.35,calibrated,1,33,,0,0,0,none,0.5741611678448807,0,0.0,0
9120583,none,cycle,1,0.35,fixed,0,33,24,1,1,1,none,0.011605376116684852,30,0.25092730809124586,36
9120583,motor,cycle,1,0.35,fixed,1,33,24,1,1,1,motor,0.07286992036244966,30,0.7128899111524032,36
9120583,external,cycle,1,0.35,fixed,1,33,24,1,1,1,external,0.03769086508183233,30,0.47547336014145153,36
9120583,sensor,cycle,1,0.35,fixed,1,33,24,1,1,1,sensor,0.011605376116684852,30,0.25092730809124586,36
9120583,motor_external,cycle,1,0.35,fixed,1,33,24,1,1,1,motor_external,0.089374895752734,30,0.9135824745638987,36
9120583,external_sensor,cycle,1,0.35,fixed,1,33,24,1,1,1,external_sensor,0.03769086508183233,30,0.47547336014145153,36
9120583,nonlinear,cycle,1,0.35,fixed,1,33,24,1,0,0,unknown,0.37080517214977937,30,0.5318349993720599,36
9120583,none,cycle,1,0.35,calibrated,0,33,,0,1,0,none,0.019862925030301713,30,0.0,0
9120583,motor,cycle,1,0.35,calibrated,1,33,37,1,1,1,motor,0.053212059283124793,30,0.21543325986360873,23
9120583,external,cycle,1,0.35,calibrated,1,33,,0,0,0,none,0.8325672170704863,30,0.0,0
9120583,sensor,cycle,1,0.35,calibrated,1,33,,0,0,0,none,0.019862925030301713,30,0.0,0
9120583,motor_external,cycle,1,0.35,calibrated,1,33,35,1,1,1,motor_external,0.053695930317206784,30,0.21386848196139538,25
9120583,external_sensor,cycle,1,0.35,calibrated,1,33,,0,0,0,none,0.8325672170704863,30,0.0,0
9120583,nonlinear,cycle,1,0.35,calibrated,1,33,,0,0,0,none,0.5741611678448807,30,0.0,0
9120583,none,adaptive,0,0.35,fixed,0,33,30,1,1,1,none,0.03120245374328081,22,0.2502247927575016,30
9120583,motor,adaptive,0,0.35,fixed,1,33,30,1,1,1,motor,0.07215006534347132,22,0.3980120026614177,30
9120583,external,adaptive,0,0.35,fixed,1,33,30,1,0,0,undetermined,0.03248362317004675,22,0.38036080933435973,30
9120583,sensor,adaptive,0,0.35,fixed,1,33,30,1,0,0,undetermined,0.03120245374328081,22,0.2502247927575016,30
9120583,motor_external,adaptive,0,0.35,fixed,1,33,30,1,0,0,undetermined,0.08059922589737917,22,0.5649860495878917,30
9120583,external_sensor,adaptive,0,0.35,fixed,1,33,30,1,0,0,undetermined,0.03248362317004675,22,0.38036080933435973,30
9120583,nonlinear,adaptive,0,0.35,fixed,1,33,30,1,0,0,unknown,0.3552481033706538,22,0.7677676185855941,30
9120583,none,adaptive,0,0.35,calibrated,0,33,,0,1,0,none,0.019862925030301713,0,0.0,0
9120583,motor,adaptive,0,0.35,calibrated,1,33,44,1,1,1,motor,0.10453572192549618,12,0.16813192708897456,16
9120583,external,adaptive,0,0.35,calibrated,1,33,,0,0,0,none,0.8325672170704863,0,0.0,0
9120583,sensor,adaptive,0,0.35,calibrated,1,33,,0,0,0,none,0.019862925030301713,0,0.0,0
9120583,motor_external,adaptive,0,0.35,calibrated,1,33,34,1,0,0,undetermined,0.03487853537905476,19,0.2263229342302257,26
9120583,external_sensor,adaptive,0,0.35,calibrated,1,33,35,1,0,0,undetermined,0.045738166328338124,18,0.21245895669879653,25
9120583,nonlinear,adaptive,0,0.35,calibrated,1,33,,0,0,0,none,0.5741611678448807,0,0.0,0
9120583,none,cycle,0,0.35,fixed,0,33,36,1,1,1,none,0.04850860319318086,30,0.21639115734073774,24
9120583,motor,cycle,0,0.35,fixed,1,33,34,1,1,1,motor,0.04918564151651333,30,0.2185774123793808,26
9120583,external,cycle,0,0.35,fixed,1,33,34,1,0,0,undetermined,0.04918564151651351,30,0.21857741237938078,26
9120583,sensor,cycle,0,0.35,fixed,1,33,34,1,0,0,undetermined,0.049185641516513515,30,0.2185774123793808,26
9120583,motor_external,cycle,0,0.35,fixed,1,33,34,1,0,0,undetermined,0.04918564151651333,30,0.2185774123793808,26
9120583,external_sensor,cycle,0,0.35,fixed,1,33,34,1,0,0,undetermined,0.04918564151651351,30,0.21857741237938078,26
9120583,nonlinear,cycle,0,0.35,fixed,1,33,34,1,0,0,unknown,0.3811412319549482,30,0.5637409180684742,26
9120583,none,cycle,0,0.35,calibrated,0,33,,0,1,0,none,0.019862925030301713,30,0.0,0
9120583,motor,cycle,0,0.35,calibrated,1,33,,0,0,0,none,1.3370872663432385,30,0.0,0
9120583,external,cycle,0,0.35,calibrated,1,33,,0,0,0,none,0.8325672170704863,30,0.0,0
9120583,sensor,cycle,0,0.35,calibrated,1,33,,0,0,0,none,0.019862925030301713,30,0.0,0
9120583,motor_external,cycle,0,0.35,calibrated,1,33,38,1,0,0,undetermined,0.052726623788107774,30,0.22292263184388209,22
9120583,external_sensor,cycle,0,0.35,calibrated,1,33,34,1,0,0,undetermined,0.04918564151651351,30,0.21857741237938078,26
9120583,nonlinear,cycle,0,0.35,calibrated,1,33,,0,0,0,none,0.5741611678448807,30,0.0,0
9120583,none,adaptive,1,0.65,fixed,0,33,24,1,0,0,unknown,0.08750311318651913,27,0.8003490022294106,36
9120583,motor,adaptive,1,0.65,fixed,1,33,24,1,0,0,unknown,0.17195320619761773,27,1.1297451718261238,36
9120583,external,adaptive,1,0.65,fixed,1,33,24,1,0,0,unknown,0.09266758969966346,27,1.0859728029928462,36
9120583,sensor,adaptive,1,0.65,fixed,1,33,24,1,0,0,unknown,0.08750311318651913,27,0.8003490022294106,36
9120583,motor_external,adaptive,1,0.65,fixed,1,33,24,1,0,0,unknown,0.2055583085058495,27,1.4438095983846462,36
9120583,external_sensor,adaptive,1,0.65,fixed,1,33,24,1,0,0,unknown,0.09266758969966346,27,1.0859728029928462,36
9120583,nonlinear,adaptive,1,0.65,fixed,1,33,24,1,0,0,unknown,0.4266229874342784,27,0.825805291053011,36
9120583,none,adaptive,1,0.65,calibrated,0,33,,0,1,0,none,0.06850682306369367,0,0.0,0
9120583,motor,adaptive,1,0.65,calibrated,1,33,,0,0,0,none,1.1433520283591478,0,0.0,0
9120583,external,adaptive,1,0.65,calibrated,1,33,,0,0,0,none,0.883529079709751,0,0.0,0
9120583,sensor,adaptive,1,0.65,calibrated,1,33,,0,0,0,none,0.06850682306369367,0,0.0,0
9120583,motor_external,adaptive,1,0.65,calibrated,1,33,44,1,0,1,motor_external_sensor,0.36054157153895655,12,0.5798835852660551,16
9120583,external_sensor,adaptive,1,0.65,calibrated,1,33,,0,0,0,none,0.883529079709751,0,0.0,0
9120583,nonlinear,adaptive,1,0.65,calibrated,1,33,,0,0,0,none,0.6204892740050548,0,0.0,0
9120583,none,cycle,1,0.65,fixed,0,33,24,1,0,0,unknown,0.040026705382035545,30,0.8654431646412362,36
9120583,motor,cycle,1,0.65,fixed,1,33,24,1,0,0,unknown,0.07194939234034733,30,1.4728657177774307,36
9120583,external,cycle,1,0.65,fixed,1,33,24,1,0,0,unknown,0.04342282693871039,30,1.153736747126206,36
9120583,sensor,cycle,1,0.65,fixed,1,33,24,1,0,0,unknown,0.040026705382035545,30,0.8654431646412362,36
9120583,motor_external,cycle,1,0.65,fixed,1,33,24,1,0,0,unknown,0.065765000322159,30,1.7373058116236901,36
9120583,external_sensor,cycle,1,0.65,fixed,1,33,24,1,0,0,unknown,0.04342282693871039,30,1.153736747126206,36
9120583,nonlinear,cycle,1,0.65,fixed,1,33,24,1,0,0,unknown,0.40827104142624504,30,1.1354615477505203,36
9120583,none,cycle,1,0.65,calibrated,0,33,,0,1,0,none,0.06850682306369367,30,0.0,0
9120583,motor,cycle,1,0.65,calibrated,1,33,,0,0,0,none,1.1433520283591478,30,0.0,0
9120583,external,cycle,1,0.65,calibrated,1,33,,0,0,0,none,0.883529079709751,30,0.0,0
9120583,sensor,cycle,1,0.65,calibrated,1,33,,0,0,0,none,0.06850682306369367,30,0.0,0
9120583,motor_external,cycle,1,0.65,calibrated,1,33,53,1,0,0,undetermined,0.4450367948993059,30,0.2779951707115892,7
9120583,external_sensor,cycle,1,0.65,calibrated,1,33,,0,0,0,none,0.883529079709751,30,0.0,0
9120583,nonlinear,cycle,1,0.65,calibrated,1,33,,0,0,0,none,0.6204892740050548,30,0.0,0
9120583,none,adaptive,0,0.65,fixed,0,33,24,1,0,0,unknown,0.08750311318651913,27,0.8003490022294106,36
9120583,motor,adaptive,0,0.65,fixed,1,33,24,1,0,0,unknown,0.17195320619761773,27,1.1297451718261238,36
9120583,external,adaptive,0,0.65,fixed,1,33,24,1,0,0,unknown,0.09266758969966346,27,1.0859728029928462,36
9120583,sensor,adaptive,0,0.65,fixed,1,33,24,1,0,0,unknown,0.08750311318651913,27,0.8003490022294106,36
9120583,motor_external,adaptive,0,0.65,fixed,1,33,24,1,0,0,unknown,0.2055583085058495,27,1.4438095983846462,36
9120583,external_sensor,adaptive,0,0.65,fixed,1,33,24,1,0,0,unknown,0.09266758969966346,27,1.0859728029928462,36
9120583,nonlinear,adaptive,0,0.65,fixed,1,33,24,1,0,0,unknown,0.4266229874342784,27,0.825805291053011,36
9120583,none,adaptive,0,0.65,calibrated,0,33,,0,1,0,none,0.06850682306369367,0,0.0,0
9120583,motor,adaptive,0,0.65,calibrated,1,33,,0,0,0,none,1.1433520283591478,0,0.0,0
9120583,external,adaptive,0,0.65,calibrated,1,33,,0,0,0,none,0.883529079709751,0,0.0,0
9120583,sensor,adaptive,0,0.65,calibrated,1,33,,0,0,0,none,0.06850682306369367,0,0.0,0
9120583,motor_external,adaptive,0,0.65,calibrated,1,33,,0,0,0,none,1.9583742850052055,0,0.0,0
9120583,external_sensor,adaptive,0,0.65,calibrated,1,33,,0,0,0,none,0.883529079709751,0,0.0,0
9120583,nonlinear,adaptive,0,0.65,calibrated,1,33,,0,0,0,none,0.6204892740050548,0,0.0,0
9120583,none,cycle,0,0.65,fixed,0,33,24,1,0,0,unknown,0.040026705382035545,30,0.8654431646412362,36
9120583,motor,cycle,0,0.65,fixed,1,33,24,1,0,0,unknown,0.07194939234034733,30,1.4728657177774307,36
9120583,external,cycle,0,0.65,fixed,1,33,24,1,0,0,unknown,0.04342282693871039,30,1.153736747126206,36
9120583,sensor,cycle,0,0.65,fixed,1,33,24,1,0,0,unknown,0.040026705382035545,30,0.8654431646412362,36
9120583,motor_external,cycle,0,0.65,fixed,1,33,24,1,0,0,unknown,0.065765000322159,30,1.7373058116236901,36
9120583,external_sensor,cycle,0,0.65,fixed,1,33,24,1,0,0,unknown,0.04342282693871039,30,1.153736747126206,36
9120583,nonlinear,cycle,0,0.65,fixed,1,33,24,1,0,0,unknown,0.40827104142624504,30,1.1354615477505203,36
9120583,none,cycle,0,0.65,calibrated,0,33,,0,1,0,none,0.06850682306369367,30,0.0,0
9120583,motor,cycle,0,0.65,calibrated,1,33,,0,0,0,none,1.1433520283591478,30,0.0,0
9120583,external,cycle,0,0.65,calibrated,1,33,,0,0,0,none,0.883529079709751,30,0.0,0
9120583,sensor,cycle,0,0.65,calibrated,1,33,,0,0,0,none,0.06850682306369367,30,0.0,0
9120583,motor_external,cycle,0,0.65,calibrated,1,33,,0,0,0,none,1.9583742850052055,30,0.0,0
9120583,external_sensor,cycle,0,0.65,calibrated,1,33,,0,0,0,none,0.883529079709751,30,0.0,0
9120583,nonlinear,cycle,0,0.65,calibrated,1,33,,0,0,0,none,0.6204892740050548,30,0.0,0
9120636,none,adaptive,1,0.13,fixed,0,29,,0,1,0,none,0.002889842317277528,0,0.0,0
9120636,motor,adaptive,1,0.13,fixed,1,29,30,1,1,1,motor,0.004183231307422692,22,0.031027060502050827,30
9120636,external,adaptive,1,0.13,fixed,1,29,30,1,1,1,external,0.0041832313074226645,22,0.03102706050205083,30
9120636,sensor,adaptive,1,0.13,fixed,1,29,30,1,1,1,sensor,0.00418323130742268,22,0.031027060502050823,30
9120636,motor_external,adaptive,1,0.13,fixed,1,29,30,1,1,1,motor_external,0.004183231307422675,22,0.031027060502050827,30
9120636,external_sensor,adaptive,1,0.13,fixed,1,29,30,1,1,1,external_sensor,0.0041832313074226645,22,0.03102706050205083,30
9120636,nonlinear,adaptive,1,0.13,fixed,1,29,30,1,0,0,unknown,0.3640472171944723,22,0.341397048291687,30
9120636,none,adaptive,1,0.13,calibrated,0,29,,0,1,0,none,0.002889842317277528,0,0.0,0
9120636,motor,adaptive,1,0.13,calibrated,1,29,30,1,1,1,motor,0.004183231307422692,22,0.031027060502050827,30
9120636,external,adaptive,1,0.13,calibrated,1,29,30,1,1,1,external,0.0041832313074226645,22,0.03102706050205083,30
9120636,sensor,adaptive,1,0.13,calibrated,1,29,30,1,1,1,sensor,0.00418323130742268,22,0.031027060502050823,30
9120636,motor_external,adaptive,1,0.13,calibrated,1,29,30,1,1,1,motor_external,0.004183231307422675,22,0.031027060502050827,30
9120636,external_sensor,adaptive,1,0.13,calibrated,1,29,30,1,1,1,external_sensor,0.0041832313074226645,22,0.03102706050205083,30
9120636,nonlinear,adaptive,1,0.13,calibrated,1,29,30,1,0,0,unknown,0.3640472171944723,22,0.341397048291687,30
9120636,none,cycle,1,0.13,fixed,0,29,,0,1,0,none,0.002889842317277528,30,0.0,0
9120636,motor,cycle,1,0.13,fixed,1,29,30,1,1,1,motor,0.0023139253566865445,30,0.033593158282802994,30
9120636,external,cycle,1,0.13,fixed,1,29,30,1,1,1,external,0.0023139253566865333,30,0.033593158282803,30
9120636,sensor,cycle,1,0.13,fixed,1,29,30,1,1,1,sensor,0.002313925356686549,30,0.033593158282803,30
9120636,motor_external,cycle,1,0.13,fixed,1,29,30,1,1,1,motor_external,0.0023139253566865224,30,0.033593158282802994,30
9120636,external_sensor,cycle,1,0.13,fixed,1,29,30,1,1,1,external_sensor,0.0023139253566865333,30,0.033593158282803,30
9120636,nonlinear,cycle,1,0.13,fixed,1,29,30,1,0,0,unknown,0.3365139253566865,30,0.412178333459515,30
9120636,none,cycle,1,0.13,calibrated,0,29,,0,1,0,none,0.002889842317277528,30,0.0,0
9120636,motor,cycle,1,0.13,calibrated,1,29,30,1,1,1,motor,0.0023139253566865445,30,0.033593158282802994,30
9120636,external,cycle,1,0.13,calibrated,1,29,30,1,1,1,external,0.0023139253566865333,30,0.033593158282803,30
9120636,sensor,cycle,1,0.13,calibrated,1,29,30,1,1,1,sensor,0.002313925356686549,30,0.033593158282803,30
9120636,motor_external,cycle,1,0.13,calibrated,1,29,30,1,1,1,motor_external,0.0023139253566865224,30,0.033593158282802994,30
9120636,external_sensor,cycle,1,0.13,calibrated,1,29,30,1,1,1,external_sensor,0.0023139253566865333,30,0.033593158282803,30
9120636,nonlinear,cycle,1,0.13,calibrated,1,29,30,1,0,0,unknown,0.3365139253566865,30,0.412178333459515,30
9120636,none,adaptive,0,0.13,fixed,0,29,,0,1,0,none,0.002889842317277528,0,0.0,0
9120636,motor,adaptive,0,0.13,fixed,1,29,30,1,1,1,motor,0.004183231307422692,22,0.031027060502050827,30
9120636,external,adaptive,0,0.13,fixed,1,29,30,1,0,0,undetermined,0.0041832313074226645,22,0.03102706050205083,30
9120636,sensor,adaptive,0,0.13,fixed,1,29,30,1,0,0,undetermined,0.00418323130742268,22,0.031027060502050823,30
9120636,motor_external,adaptive,0,0.13,fixed,1,29,30,1,0,0,undetermined,0.004183231307422675,22,0.031027060502050827,30
9120636,external_sensor,adaptive,0,0.13,fixed,1,29,30,1,0,0,undetermined,0.0041832313074226645,22,0.03102706050205083,30
9120636,nonlinear,adaptive,0,0.13,fixed,1,29,30,1,0,0,unknown,0.3640472171944723,22,0.341397048291687,30
9120636,none,adaptive,0,0.13,calibrated,0,29,,0,1,0,none,0.002889842317277528,0,0.0,0
9120636,motor,adaptive,0,0.13,calibrated,1,29,30,1,1,1,motor,0.004183231307422692,22,0.031027060502050827,30
9120636,external,adaptive,0,0.13,calibrated,1,29,30,1,0,0,undetermined,0.0041832313074226645,22,0.03102706050205083,30
9120636,sensor,adaptive,0,0.13,calibrated,1,29,30,1,0,0,undetermined,0.00418323130742268,22,0.031027060502050823,30
9120636,motor_external,adaptive,0,0.13,calibrated,1,29,30,1,0,0,undetermined,0.004183231307422675,22,0.031027060502050827,30
9120636,external_sensor,adaptive,0,0.13,calibrated,1,29,30,1,0,0,undetermined,0.0041832313074226645,22,0.03102706050205083,30
9120636,nonlinear,adaptive,0,0.13,calibrated,1,29,30,1,0,0,unknown,0.3640472171944723,22,0.341397048291687,30
9120636,none,cycle,0,0.13,fixed,0,29,,0,1,0,none,0.002889842317277528,30,0.0,0
9120636,motor,cycle,0,0.13,fixed,1,29,30,1,1,1,motor,0.0023139253566865445,30,0.033593158282802994,30
9120636,external,cycle,0,0.13,fixed,1,29,30,1,0,0,undetermined,0.0023139253566865333,30,0.033593158282803,30
9120636,sensor,cycle,0,0.13,fixed,1,29,30,1,0,0,undetermined,0.002313925356686549,30,0.033593158282803,30
9120636,motor_external,cycle,0,0.13,fixed,1,29,30,1,0,0,undetermined,0.0023139253566865224,30,0.033593158282802994,30
9120636,external_sensor,cycle,0,0.13,fixed,1,29,30,1,0,0,undetermined,0.0023139253566865333,30,0.033593158282803,30
9120636,nonlinear,cycle,0,0.13,fixed,1,29,30,1,0,0,unknown,0.3365139253566865,30,0.412178333459515,30
9120636,none,cycle,0,0.13,calibrated,0,29,,0,1,0,none,0.002889842317277528,30,0.0,0
9120636,motor,cycle,0,0.13,calibrated,1,29,30,1,1,1,motor,0.0023139253566865445,30,0.033593158282802994,30
9120636,external,cycle,0,0.13,calibrated,1,29,30,1,0,0,undetermined,0.0023139253566865333,30,0.033593158282803,30
9120636,sensor,cycle,0,0.13,calibrated,1,29,30,1,0,0,undetermined,0.002313925356686549,30,0.033593158282803,30
9120636,motor_external,cycle,0,0.13,calibrated,1,29,30,1,0,0,undetermined,0.0023139253566865224,30,0.033593158282802994,30
9120636,external_sensor,cycle,0,0.13,calibrated,1,29,30,1,0,0,undetermined,0.0023139253566865333,30,0.033593158282803,30
9120636,nonlinear,cycle,0,0.13,calibrated,1,29,30,1,0,0,unknown,0.3365139253566865,30,0.412178333459515,30
9120636,none,adaptive,1,0.35,fixed,0,29,24,1,0,0,unknown,0.025051785370375175,27,0.2118154323187259,36
9120636,motor,adaptive,1,0.35,fixed,1,29,24,1,0,0,unknown,0.021930646492286415,27,0.472224422888566,36
9120636,external,adaptive,1,0.35,fixed,1,29,24,1,0,0,unknown,0.06666610548341348,27,0.2665895051790825,36
9120636,sensor,adaptive,1,0.35,fixed,1,29,24,1,0,0,unknown,0.025051785370375175,27,0.2118154323187259,36
9120636,motor_external,adaptive,1,0.35,fixed,1,29,24,1,0,0,unknown,0.04543482455796692,27,0.48079915379137705,36
9120636,external_sensor,adaptive,1,0.35,fixed,1,29,24,1,0,0,unknown,0.06666610548341348,27,0.2665895051790825,36
9120636,nonlinear,adaptive,1,0.35,fixed,1,29,24,1,0,0,unknown,0.3680783789824446,27,0.6551164836928501,36
9120636,none,adaptive,1,0.35,calibrated,0,29,,0,1,0,none,0.0209470818855917,0,0.0,0
9120636,motor,adaptive,1,0.35,calibrated,1,29,30,1,1,1,motor,0.03032223876682132,22,0.22490029062137426,30
9120636,external,adaptive,1,0.35,calibrated,1,29,,0,0,0,none,0.7393171813402102,0,0.0,0
9120636,sensor,adaptive,1,0.35,calibrated,1,29,53,1,0,0,undetermined,0.20624086963976826,5,0.21652642455394316,7
9120636,motor_external,adaptive,1,0.35,calibrated,1,29,,0,0,0,none,2.437222950912286,0,0.0,0
9120636,external_sensor,adaptive,1,0.35,calibrated,1,29,53,1,0,0,undetermined,0.20624086963976856,5,0.21652642455394316,7
9120636,nonlinear,adaptive,1,0.35,calibrated,1,29,,0,0,0,none,0.616132993107104,0,0.0,0
9120636,none,cycle,1,0.35,fixed,0,29,24,1,0,0,unknown,0.01109232138206083,30,0.22934029644798443,36
9120636,motor,cycle,1,0.35,fixed,1,29,24,1,0,0,unknown,0.05448746727014457,30,0.39671750574143466,36
9120636,external,cycle,1,0.35,fixed,1,29,24,1,0,0,unknown,0.049264463683291584,30,0.28781902185548797,36
9120636,sensor,cycle,1,0.35,fixed,1,29,24,1,0,0,unknown,0.01109232138206083,30,0.22934029644798443,36
9120636,motor_external,cycle,1,0.35,fixed,1,29,24,1,0,0,unknown,0.09023595578111136,30,0.456430499282869,36
9120636,external_sensor,cycle,1,0.35,fixed,1,29,24,1,0,0,unknown,0.049264463683291584,30,0.28781902185548797,36
9120636,nonlinear,cycle,1,0.35,fixed,1,29,24,1,0,0,unknown,0.34050872725782555,30,0.6637266732989953,36
9120636,none,cycle,1,0.35,calibrated,0,29,,0,1,0,none,0.0209470818855917,30,0.0,0
9120636,motor,cycle,1,0.35,calibrated,1,29,37,1,1,1,motor,0.03406957182214897,30,0.26994349824013225,23
9120636,external,cycle,1,0.35,calibrated,1,29,,0,0,0,none,0.7393171813402102,30,0.0,0
9120636,sensor,cycle,1,0.35,calibrated,1,29,53,1,0,0,undetermined,0.2201214296088488,30,0.1733930896456936,7
9120636,motor_external,cycle,1,0.35,calibrated,1,29,34,1,1,1,motor_external,0.018898393690605232,30,0.27224786426604275,26
9120636,external_sensor,cycle,1,0.35,calibrated,1,29,53,1,0,0,undetermined,0.22012142960884856,30,0.17339308964569358,7
9120636,nonlinear,cycle,1,0.35,calibrated,1,29,,0,0,0,none,0.616132993107104,30,0.0,0
9120636,none,adaptive,0,0.35,fixed,0,29,25,1,0,0,unknown,0.02315492521440679,26,0.22071059607777346,35
9120636,motor,adaptive,0,0.35,fixed,1,29,25,1,0,0,unknown,0.06926546565779274,26,0.38712218327114994,35
9120636,external,adaptive,0,0.35,fixed,1,29,25,1,0,0,unknown,0.05444778557956007,26,0.2747652220486186,35
9120636,sensor,adaptive,0,0.35,fixed,1,29,25,1,0,0,unknown,0.02315492521440679,26,0.22071059607777346,35
9120636,motor_external,adaptive,0,0.35,fixed,1,29,25,1,0,0,unknown,0.09995201639244071,26,0.4415087428092948,35
9120636,external_sensor,adaptive,0,0.35,fixed,1,29,25,1,0,0,unknown,0.05444778557956007,26,0.2747652220486186,35
9120636,nonlinear,adaptive,0,0.35,fixed,1,29,25,1,0,0,unknown,0.3732133458803098,26,0.6930220106419807,35
9120636,none,adaptive,0,0.35,calibrated,0,29,,0,1,0,none,0.0209470818855917,0,0.0,0
9120636,motor,adaptive,0,0.35,calibrated,1,29,35,1,1,1,motor,0.036707510962315205,18,0.2545348220135883,25
9120636,external,adaptive,0,0.35,calibrated,1,29,,0,0,0,none,0.7393171813402102,0,0.0,0
9120636,sensor,adaptive,0,0.35,calibrated,1,29,,0,0,0,none,0.0209470818855917,0,0.0,0
9120636,motor_external,adaptive,0,0.35,calibrated,1,29,,0,0,0,none,2.437222950912286,0,0.0,0
9120636,external_sensor,adaptive,0,0.35,calibrated,1,29,30,1,0,0,undetermined,0.0303222387668212,22,0.2249002906213743,30
9120636,nonlinear,adaptive,0,0.35,calibrated,1,29,57,1,0,0,undetermined,1.5773676161524777,2,1.3590645640892594e-31,3
9120636,none,cycle,0,0.35,fixed,0,29,33,1,0,0,unknown,0.01737811585931067,30,0.2630945301888565,27
9120636,motor,cycle,0,0.35,fixed,1,29,30,1,0,0,unknown,0.01677253586947348,30,0.24350070352919342,30
9120636,external,cycle,0,0.35,fixed,1,29,30,1,0,0,unknown,0.01677253586947346,30,0.24350070352919334,30
9120636,sensor,cycle,0,0.35,fixed,1,29,30,1,0,0,unknown,0.016772535869473505,30,0.24350070352919329,30
9120636,motor_external,cycle,0,0.35,fixed,1,29,30,1,0,0,unknown,0.016772535869473464,30,0.24350070352919334,30
9120636,external_sensor,cycle,0,0.35,fixed,1,29,30,1,0,0,unknown,0.01677253586947346,30,0.24350070352919334,30
9120636,nonlinear,cycle,0,0.35,fixed,1,29,30,1,0,0,unknown,0.3509725358694734,30,0.6971992520818796,30
9120636,none,cycle,0,0.35,calibrated,0,29,,0,1,0,none,0.0209470818855917,30,0.0,0
9120636,motor,cycle,0,0.35,calibrated,1,29,39,1,1,1,motor,0.03402865107398946,30,0.28545499110791633,21
9120636,external,cycle,0,0.35,calibrated,1,29,,0,0,0,none,0.7393171813402102,30,0.0,0
9120636,sensor,cycle,0,0.35,calibrated,1,29,,0,0,0,none,0.0209470818855917,30,0.0,0
9120636,motor_external,cycle,0,0.35,calibrated,1,29,39,1,0,0,undetermined,0.0340286510739895,30,0.28545499110791633,21
9120636,external_sensor,cycle,0,0.35,calibrated,1,29,31,1,0,0,undetermined,0.015911116193326254,30,0.25095231324361206,29
9120636,nonlinear,cycle,0,0.35,calibrated,1,29,,0,0,0,none,0.616132993107104,30,0.0,0
9120636,none,adaptive,1,0.65,fixed,0,29,24,1,0,0,unknown,0.0864030964814981,27,0.7305471033033608,36
9120636,motor,adaptive,1,0.65,fixed,1,29,24,1,0,0,unknown,0.05177071687192579,27,1.0117828476949688,36
9120636,external,adaptive,1,0.65,fixed,1,29,24,1,0,0,unknown,0.14943683383428358,27,0.7503060957583086,36
9120636,sensor,adaptive,1,0.65,fixed,1,29,24,1,0,0,unknown,0.0864030964814981,27,0.7305471033033608,36
9120636,motor_external,adaptive,1,0.65,fixed,1,29,24,1,0,0,unknown,0.09669431217735333,27,0.9853424981923714,36
9120636,external_sensor,adaptive,1,0.65,fixed,1,29,24,1,0,0,unknown,0.14943683383428358,27,0.7503060957583086,36
9120636,nonlinear,adaptive,1,0.65,fixed,1,29,24,1,0,0,unknown,0.43499580472401866,27,1.2632897304584805,36
9120636,none,adaptive,1,0.65,calibrated,0,29,,0,1,0,none,0.0722460579319389,0,0.0,0
9120636,motor,adaptive,1,0.65,calibrated,1,29,,0,0,0,none,1.8540710585657947,0,0.0,0
9120636,external,adaptive,1,0.65,calibrated,1,29,,0,0,0,none,0.7120762426333733,0,0.0,0
9120636,sensor,adaptive,1,0.65,calibrated,1,29,,0,0,0,none,0.0722460579319389,0,0.0,0
9120636,motor_external,adaptive,1,0.65,calibrated,1,29,,0,0,0,none,2.493901243267229,0,0.0,0
9120636,external_sensor,adaptive,1,0.65,calibrated,1,29,,0,0,0,none,0.7120762426333733,0,0.0,0
9120636,nonlinear,adaptive,1,0.65,calibrated,1,29,,0,0,0,none,0.7001627502004615,0,0.0,0
9120636,none,cycle,1,0.65,fixed,0,29,24,1,0,0,unknown,0.03825719007282199,30,0.7909900020348852,36
9120636,motor,cycle,1,0.65,fixed,1,29,24,1,0,0,unknown,0.092594651451899,30,0.9376846143290469,36
9120636,external,cycle,1,0.65,fixed,1,29,24,1,0,0,unknown,0.09568181509154261,30,0.8165824825359131,36
9120636,sensor,cycle,1,0.65,fixed,1,29,24,1,0,0,unknown,0.03825719007282199,30,0.7909900020348852,36
9120636,motor_external,cycle,1,0.65,fixed,1,29,24,1,0,0,unknown,0.1475956226803556,30,0.9645113629640054,36
9120636,external_sensor,cycle,1,0.65,fixed,1,29,24,1,0,0,unknown,0.09568181509154261,30,0.8165824825359131,36
9120636,nonlinear,cycle,1,0.65,fixed,1,29,24,1,0,0,unknown,0.35985216671755416,30,1.3265760544940335,36
9120636,none,cycle,1,0.65,calibrated,0,29,,0,1,0,none,0.0722460579319389,30,0.0,0
9120636,motor,cycle,1,0.65,calibrated,1,29,,0,0,0,none,1.8540710585657947,30,0.0,0
9120636,external,cycle,1,0.65,calibrated,1,29,,0,0,0,none,0.7120762426333733,30,0.0,0
9120636,sensor,cycle,1,0.65,calibrated,1,29,,0,0,0,none,0.0722460579319389,30,0.0,0
9120636,motor_external,cycle,1,0.65,calibrated,1,29,,0,0,0,none,2.493901243267229,30,0.0,0
9120636,external_sensor,cycle,1,0.65,calibrated,1,29,,0,0,0,none,0.7120762426333733,30,0.0,0
9120636,nonlinear,cycle,1,0.65,calibrated,1,29,,0,0,0,none,0.7001627502004615,30,0.0,0
9120636,none,adaptive,0,0.65,fixed,0,29,24,1,0,0,unknown,0.0864030964814981,27,0.7305471033033608,36
9120636,motor,adaptive,0,0.65,fixed,1,29,24,1,0,0,unknown,0.05177071687192579,27,1.0117828476949688,36
9120636,external,adaptive,0,0.65,fixed,1,29,24,1,0,0,unknown,0.14943683383428358,27,0.7503060957583086,36
9120636,sensor,adaptive,0,0.65,fixed,1,29,24,1,0,0,unknown,0.0864030964814981,27,0.7305471033033608,36
9120636,motor_external,adaptive,0,0.65,fixed,1,29,24,1,0,0,unknown,0.09669431217735333,27,0.9853424981923714,36
9120636,external_sensor,adaptive,0,0.65,fixed,1,29,24,1,0,0,unknown,0.14943683383428358,27,0.7503060957583086,36
9120636,nonlinear,adaptive,0,0.65,fixed,1,29,24,1,0,0,unknown,0.43499580472401866,27,1.2632897304584805,36
9120636,none,adaptive,0,0.65,calibrated,0,29,,0,1,0,none,0.0722460579319389,0,0.0,0
9120636,motor,adaptive,0,0.65,calibrated,1,29,,0,0,0,none,1.8540710585657947,0,0.0,0
9120636,external,adaptive,0,0.65,calibrated,1,29,,0,0,0,none,0.7120762426333733,0,0.0,0
9120636,sensor,adaptive,0,0.65,calibrated,1,29,,0,0,0,none,0.0722460579319389,0,0.0,0
9120636,motor_external,adaptive,0,0.65,calibrated,1,29,,0,0,0,none,2.493901243267229,0,0.0,0
9120636,external_sensor,adaptive,0,0.65,calibrated,1,29,,0,0,0,none,0.7120762426333733,0,0.0,0
9120636,nonlinear,adaptive,0,0.65,calibrated,1,29,,0,0,0,none,0.7001627502004615,0,0.0,0
9120636,none,cycle,0,0.65,fixed,0,29,24,1,0,0,unknown,0.03825719007282199,30,0.7909900020348852,36
9120636,motor,cycle,0,0.65,fixed,1,29,24,1,0,0,unknown,0.092594651451899,30,0.9376846143290469,36
9120636,external,cycle,0,0.65,fixed,1,29,24,1,0,0,unknown,0.09568181509154261,30,0.8165824825359131,36
9120636,sensor,cycle,0,0.65,fixed,1,29,24,1,0,0,unknown,0.03825719007282199,30,0.7909900020348852,36
9120636,motor_external,cycle,0,0.65,fixed,1,29,24,1,0,0,unknown,0.1475956226803556,30,0.9645113629640054,36
9120636,external_sensor,cycle,0,0.65,fixed,1,29,24,1,0,0,unknown,0.09568181509154261,30,0.8165824825359131,36
9120636,nonlinear,cycle,0,0.65,fixed,1,29,24,1,0,0,unknown,0.35985216671755416,30,1.3265760544940335,36
9120636,none,cycle,0,0.65,calibrated,0,29,,0,1,0,none,0.0722460579319389,30,0.0,0
9120636,motor,cycle,0,0.65,calibrated,1,29,,0,0,0,none,1.8540710585657947,30,0.0,0
9120636,external,cycle,0,0.65,calibrated,1,29,,0,0,0,none,0.7120762426333733,30,0.0,0
9120636,sensor,cycle,0,0.65,calibrated,1,29,,0,0,0,none,0.0722460579319389,30,0.0,0
9120636,motor_external,cycle,0,0.65,calibrated,1,29,,0,0,0,none,2.493901243267229,30,0.0,0
9120636,external_sensor,cycle,0,0.65,calibrated,1,29,,0,0,0,none,0.7120762426333733,30,0.0,0
9120636,nonlinear,cycle,0,0.65,calibrated,1,29,,0,0,0,none,0.7001627502004615,30,0.0,0
9120689,none,adaptive,1,0.13,fixed,0,31,,0,1,0,none,0.003659354130795643,0,0.0,0
9120689,motor,adaptive,1,0.13,fixed,1,31,32,1,1,1,motor,0.003539888713205922,21,0.026028316929024086,28
9120689,external,adaptive,1,0.13,fixed,1,31,32,1,1,1,external,0.0035398887132059116,21,0.026028316929024083,28
9120689,sensor,adaptive,1,0.13,fixed,1,31,32,1,1,1,sensor,0.003539888713205917,21,0.02602831692902408,28
9120689,motor_external,adaptive,1,0.13,fixed,1,31,32,1,1,1,motor_external,0.0035398887132058908,21,0.026028316929024083,28
9120689,external_sensor,adaptive,1,0.13,fixed,1,31,32,1,1,1,external_sensor,0.0035398887132059116,21,0.026028316929024083,28
9120689,nonlinear,adaptive,1,0.13,fixed,1,31,32,1,0,0,unknown,0.34433847139876295,21,0.4159716003206511,28
9120689,none,adaptive,1,0.13,calibrated,0,31,,0,1,0,none,0.003659354130795643,0,0.0,0
9120689,motor,adaptive,1,0.13,calibrated,1,31,32,1,1,1,motor,0.003539888713205922,21,0.026028316929024086,28
9120689,external,adaptive,1,0.13,calibrated,1,31,32,1,1,1,external,0.0035398887132059116,21,0.026028316929024083,28
9120689,sensor,adaptive,1,0.13,calibrated,1,31,32,1,1,1,sensor,0.003539888713205917,21,0.02602831692902408,28
9120689,motor_external,adaptive,1,0.13,calibrated,1,31,32,1,1,1,motor_external,0.0035398887132058908,21,0.026028316929024083,28
9120689,external_sensor,adaptive,1,0.13,calibrated,1,31,32,1,1,1,external_sensor,0.0035398887132059116,21,0.026028316929024083,28
9120689,nonlinear,adaptive,1,0.13,calibrated,1,31,32,1,0,0,unknown,0.34433847139876295,21,0.4159716003206511,28
9120689,none,cycle,1,0.13,fixed,0,31,,0,1,0,none,0.003659354130795643,30,0.0,0
9120689,motor,cycle,1,0.13,fixed,1,31,33,1,1,1,motor,0.0034286200423840505,30,0.026767282093700055,27
9120689,external,cycle,1,0.13,fixed,1,31,32,1,1,1,external,0.0035168297196386594,30,0.02638174017315519,28
9120689,sensor,cycle,1,0.13,fixed,1,31,32,1,1,1,sensor,0.0035168297196386616,30,0.026381740173155192,28
9120689,motor_external,cycle,1,0.13,fixed,1,31,32,1,1,1,motor_external,0.0035168297196386754,30,0.026381740173155192,28
9120689,external_sensor,cycle,1,0.13,fixed,1,31,32,1,1,1,external_sensor,0.0035168297196386594,30,0.02638174017315519,28
9120689,nonlinear,cycle,1,0.13,fixed,1,31,33,1,0,0,unknown,0.33965640055715574,30,0.37004031986880515,27
9120689,none,cycle,1,0.13,calibrated,0,31,,0,1,0,none,0.003659354130795643,30,0.0,0
9120689,motor,cycle,1,0.13,calibrated,1,31,33,1,1,1,motor,0.0034286200423840505,30,0.026767282093700055,27
9120689,external,cycle,1,0.13,calibrated,1,31,32,1,1,1,external,0.0035168297196386594,30,0.02638174017315519,28
9120689,sensor,cycle,1,0.13,calibrated,1,31,32,1,1,1,sensor,0.0035168297196386616,30,0.026381740173155192,28
9120689,motor_external,cycle,1,0.13,calibrated,1,31,32,1,1,1,motor_external,0.0035168297196386754,30,0.026381740173155192,28
9120689,external_sensor,cycle,1,0.13,calibrated,1,31,32,1,1,1,external_sensor,0.0035168297196386594,30,0.02638174017315519,28
9120689,nonlinear,cycle,1,0.13,calibrated,1,31,33,1,0,0,unknown,0.33965640055715574,30,0.37004031986880515,27
9120689,none,adaptive,0,0.13,fixed,0,31,,0,1,0,none,0.003659354130795643,0,0.0,0
9120689,motor,adaptive,0,0.13,fixed,1,31,32,1,1,1,motor,0.003539888713205922,21,0.026028316929024086,28
9120689,external,adaptive,0,0.13,fixed,1,31,32,1,0,0,undetermined,0.0035398887132059116,21,0.026028316929024083,28
9120689,sensor,adaptive,0,0.13,fixed,1,31,32,1,0,0,undetermined,0.003539888713205917,21,0.02602831692902408,28
9120689,motor_external,adaptive,0,0.13,fixed,1,31,32,1,0,0,undetermined,0.0035398887132058908,21,0.026028316929024083,28
9120689,external_sensor,adaptive,0,0.13,fixed,1,31,32,1,0,0,undetermined,0.0035398887132059116,21,0.026028316929024083,28
9120689,nonlinear,adaptive,0,0.13,fixed,1,31,32,1,0,0,unknown,0.34433847139876295,21,0.4159716003206511,28
9120689,none,adaptive,0,0.13,calibrated,0,31,,0,1,0,none,0.003659354130795643,0,0.0,0
9120689,motor,adaptive,0,0.13,calibrated,1,31,32,1,1,1,motor,0.003539888713205922,21,0.026028316929024086,28
9120689,external,adaptive,0,0.13,calibrated,1,31,32,1,0,0,undetermined,0.0035398887132059116,21,0.026028316929024083,28
9120689,sensor,adaptive,0,0.13,calibrated,1,31,32,1,0,0,undetermined,0.003539888713205917,21,0.02602831692902408,28
9120689,motor_external,adaptive,0,0.13,calibrated,1,31,32,1,0,0,undetermined,0.0035398887132058908,21,0.026028316929024083,28
9120689,external_sensor,adaptive,0,0.13,calibrated,1,31,32,1,0,0,undetermined,0.0035398887132059116,21,0.026028316929024083,28
9120689,nonlinear,adaptive,0,0.13,calibrated,1,31,32,1,0,0,unknown,0.34433847139876295,21,0.4159716003206511,28
9120689,none,cycle,0,0.13,fixed,0,31,,0,1,0,none,0.003659354130795643,30,0.0,0
9120689,motor,cycle,0,0.13,fixed,1,31,33,1,1,1,motor,0.0034286200423840505,30,0.026767282093700055,27
9120689,external,cycle,0,0.13,fixed,1,31,32,1,0,0,undetermined,0.0035168297196386594,30,0.02638174017315519,28
9120689,sensor,cycle,0,0.13,fixed,1,31,32,1,0,0,undetermined,0.0035168297196386616,30,0.026381740173155192,28
9120689,motor_external,cycle,0,0.13,fixed,1,31,32,1,0,0,undetermined,0.0035168297196386754,30,0.026381740173155192,28
9120689,external_sensor,cycle,0,0.13,fixed,1,31,32,1,0,0,undetermined,0.0035168297196386594,30,0.02638174017315519,28
9120689,nonlinear,cycle,0,0.13,fixed,1,31,33,1,0,0,unknown,0.33965640055715574,30,0.37004031986880515,27
9120689,none,cycle,0,0.13,calibrated,0,31,,0,1,0,none,0.003659354130795643,30,0.0,0
9120689,motor,cycle,0,0.13,calibrated,1,31,33,1,1,1,motor,0.0034286200423840505,30,0.026767282093700055,27
9120689,external,cycle,0,0.13,calibrated,1,31,32,1,0,0,undetermined,0.0035168297196386594,30,0.02638174017315519,28
9120689,sensor,cycle,0,0.13,calibrated,1,31,32,1,0,0,undetermined,0.0035168297196386616,30,0.026381740173155192,28
9120689,motor_external,cycle,0,0.13,calibrated,1,31,32,1,0,0,undetermined,0.0035168297196386754,30,0.026381740173155192,28
9120689,external_sensor,cycle,0,0.13,calibrated,1,31,32,1,0,0,undetermined,0.0035168297196386594,30,0.02638174017315519,28
9120689,nonlinear,cycle,0,0.13,calibrated,1,31,33,1,0,0,unknown,0.33965640055715574,30,0.37004031986880515,27
9120689,none,adaptive,1,0.35,fixed,0,31,28,1,0,1,sensor,0.025904369956797218,24,0.18727255877447133,32
9120689,motor,adaptive,1,0.35,fixed,1,31,28,1,0,1,motor_sensor,0.05922724199414621,24,0.3797012541521314,32
9120689,external,adaptive,1,0.35,fixed,1,31,28,1,0,1,external_sensor,0.05111296794435011,24,0.24416936141696538,32
9120689,sensor,adaptive,1,0.35,fixed,1,31,28,1,1,1,sensor,0.025904369956797218,24,0.18727255877447133,32
9120689,motor_external,adaptive,1,0.35,fixed,1,31,28,1,0,1,motor_external_sensor,0.08158071644222101,24,0.4198397229759503,32
9120689,external_sensor,adaptive,1,0.35,fixed,1,31,28,1,1,1,external_sensor,0.05111296794435011,24,0.24416936141696538,32
9120689,nonlinear,adaptive,1,0.35,fixed,1,31,28,1,0,0,unknown,0.3533091759080013,24,0.638025379981947,32
9120689,none,adaptive,1,0.35,calibrated,0,31,,0,1,0,none,0.026524904202512873,0,0.0,0
9120689,motor,adaptive,1,0.35,calibrated,1,31,32,1,0,1,motor_sensor,0.025658956648977826,21,0.18866679430801478,28
9120689,external,adaptive,1,0.35,calibrated,1,31,,0,0,0,none,0.6461925962089003,0,0.0,0
9120689,sensor,adaptive,1,0.35,calibrated,1,31,33,1,1,1,sensor,0.021526366835815793,20,0.1949861056438129,27
9120689,motor_external,adaptive,1,0.35,calibrated,1,31,,0,0,0,none,2.3479471061431396,0,0.0,0
9120689,external_sensor,adaptive,1,0.35,calibrated,1,31,33,1,1,1,external_sensor,0.021526366835815828,20,0.19498610564381288,27
9120689,nonlinear,adaptive,1,0.35,calibrated,1,31,,0,0,0,none,0.478878023419277,0,0.0,0
9120689,none,cycle,1,0.35,fixed,0,31,24,1,0,1,sensor,0.02694948197036514,30,0.18251986238386236,36
9120689,motor,cycle,1,0.35,fixed,1,31,24,1,0,1,motor_sensor,0.06407421387512316,30,0.4464479352565911,36
9120689,external,cycle,1,0.35,fixed,1,31,24,1,0,1,external_sensor,0.08987512428291412,30,0.3236741717283664,36
9120689,sensor,cycle,1,0.35,fixed,1,31,24,1,1,1,sensor,0.02694948197036514,30,0.18251986238386236,36
9120689,motor_external,cycle,1,0.35,fixed,1,31,24,1,0,1,motor_external_sensor,0.1553985236964121,30,0.6422751749599813,36
9120689,external_sensor,cycle,1,0.35,fixed,1,31,24,1,1,1,external_sensor,0.08987512428291412,30,0.3236741717283664,36
9120689,nonlinear,cycle,1,0.35,fixed,1,31,24,1,0,0,unknown,0.38897764260832035,30,0.5369712168089295,36
9120689,none,cycle,1,0.35,calibrated,0,31,,0,1,0,none,0.026524904202512873,30,0.0,0
9120689,motor,cycle,1,0.35,calibrated,1,31,39,1,1,1,motor,0.02069861235539097,30,0.23339125098255917,21
9120689,external,cycle,1,0.35,calibrated,1,31,,0,0,0,none,0.6461925962089003,30,0.0,0
9120689,sensor,cycle,1,0.35,calibrated,1,31,33,1,1,1,sensor,0.024852423384144662,30,0.19402319860818085,27
9120689,motor_external,cycle,1,0.35,calibrated,1,31,35,1,0,1,motor_external_sensor,0.027465248177210216,30,0.2063419265219332,25
9120689,external_sensor,cycle,1,0.35,calibrated,1,31,33,1,1,1,external_sensor,0.024852423384144704,30,0.19402319860818085,27
9120689,nonlinear,cycle,1,0.35,calibrated,1,31,,0,0,0,none,0.478878023419277,30,0.0,0
9120689,none,adaptive,0,0.35,fixed,0,31,24,1,1,1,none,0.01885338916555444,27,0.18854128117265007,36
9120689,motor,adaptive,0,0.35,fixed,1,31,24,1,1,1,motor,0.10224223433005653,27,0.5109859173936441,36
9120689,external,adaptive,0,0.35,fixed,1,31,24,1,0,0,undetermined,0.08606209725242282,27,0.3242112492369027,36
9120689,sensor,adaptive,0,0.35,fixed,1,31,24,1,0,0,undetermined,0.01885338916555444,27,0.18854128117265007,36
9120689,motor_external,adaptive,0,0.35,fixed,1,31,24,1,0,0,undetermined,0.16366406829718846,27,0.6353763850550207,36
9120689,external_sensor,adaptive,0,0.35,fixed,1,31,24,1,0,0,undetermined,0.08606209725242282,27,0.3242112492369027,36
9120689,nonlinear,adaptive,0,0.35,fixed,1,31,24,1,0,0,unknown,0.35419297960152396,27,0.6262376290270312,36
9120689,none,adaptive,0,0.35,calibrated,0,31,,0,1,0,none,0.026524904202512873,0,0.0,0
9120689,motor,adaptive,0,0.35,calibrated,1,31,34,1,1,1,motor,0.02470169116390582,19,0.19940252154649174,26
9120689,external,adaptive,0,0.35,calibrated,1,31,,0,0,0,none,0.6461925962089003,0,0.0,0
9120689,sensor,adaptive,0,0.35,calibrated,1,31,,0,0,0,none,0.026524904202512873,0,0.0,0
9120689,motor_external,adaptive,0,0.35,calibrated,1,31,,0,0,0,none,2.3479471061431396,0,0.0,0
9120689,external_sensor,adaptive,0,0.35,calibrated,1,31,33,1,0,0,undetermined,0.021526366835815828,20,0.19498610564381288,27
9120689,nonlinear,adaptive,0,0.35,calibrated,1,31,,0,0,0,none,0.478878023419277,0,0.0,0
9120689,none,cycle,0,0.35,fixed,0,31,35,1,0,1,motor,0.02746524817721017,30,0.2063419265219332,25
9120689,motor,cycle,0,0.35,fixed,1,31,32,1,1,1,motor,0.025491813056552508,30,0.19122859001251538,28
9120689,external,cycle,0,0.35,fixed,1,31,31,1,0,0,undetermined,0.026631770389704025,30,0.19299304391096797,29
9120689,sensor,cycle,0,0.35,fixed,1,31,31,1,0,0,undetermined,0.02663177038970399,30,0.192993043910968,29
9120689,motor_external,cycle,0,0.35,fixed,1,31,31,1,0,0,undetermined,0.026631770389704025,30,0.192993043910968,29
9120689,external_sensor,cycle,0,0.35,fixed,1,31,31,1,0,0,undetermined,0.026631770389704025,30,0.19299304391096797,29
9120689,nonlinear,cycle,0,0.35,fixed,1,31,34,1,0,0,unknown,0.36352959045035454,30,0.5584218928737221,26
9120689,none,cycle,0,0.35,calibrated,0,31,,0,1,0,none,0.026524904202512873,30,0.0,0
9120689,motor,cycle,0,0.35,calibrated,1,31,33,1,1,1,motor,0.024852423384144694,30,0.19402319860818082,27
9120689,external,cycle,0,0.35,calibrated,1,31,,0,0,0,none,0.6461925962089003,30,0.0,0
9120689,sensor,cycle,0,0.35,calibrated,1,31,,0,0,0,none,0.026524904202512873,30,0.0,0
9120689,motor_external,cycle,0,0.35,calibrated,1,31,34,1,0,0,undetermined,0.027578092938187047,30,0.1998349319715794,26
9120689,external_sensor,cycle,0,0.35,calibrated,1,31,33,1,0,0,undetermined,0.024852423384144704,30,0.19402319860818085,27
9120689,nonlinear,cycle,0,0.35,calibrated,1,31,,0,0,0,none,0.478878023419277,30,0.0,0
9120689,none,adaptive,1,0.65,fixed,0,31,24,1,0,0,unknown,0.0650249544689531,27,0.6502750309832219,36
9120689,motor,adaptive,1,0.65,fixed,1,31,24,1,0,0,unknown,0.16565714839879558,27,0.983227768092052,36
9120689,external,adaptive,1,0.65,fixed,1,31,24,1,0,0,unknown,0.16273398377313714,27,0.7945549716739768,36
9120689,sensor,adaptive,1,0.65,fixed,1,31,24,1,0,0,unknown,0.0650249544689531,27,0.6502750309832219,36
9120689,motor_external,adaptive,1,0.65,fixed,1,31,24,1,0,0,unknown,0.2575793035832434,27,1.1162282083799306,36
9120689,external_sensor,adaptive,1,0.65,fixed,1,31,24,1,0,0,unknown,0.16273398377313714,27,0.7945549716739768,36
9120689,nonlinear,adaptive,1,0.65,fixed,1,31,24,1,0,0,unknown,0.4006106488764942,27,1.1778618992207233,36
9120689,none,adaptive,1,0.65,calibrated,0,31,,0,1,0,none,0.09148385326989159,0,0.0,0
9120689,motor,adaptive,1,0.65,calibrated,1,31,,0,0,0,none,1.8804565145763354,0,0.0,0
9120689,external,adaptive,1,0.65,calibrated,1,31,,0,0,0,none,0.5480095669960396,0,0.0,0
9120689,sensor,adaptive,1,0.65,calibrated,1,31,,0,0,0,none,0.09148385326989159,0,0.0,0
9120689,motor_external,adaptive,1,0.65,calibrated,1,31,,0,0,0,none,2.3369822283024835,0,0.0,0
9120689,external_sensor,adaptive,1,0.65,calibrated,1,31,,0,0,0,none,0.5480095669960396,0,0.0,0
9120689,nonlinear,adaptive,1,0.65,calibrated,1,31,,0,0,0,none,0.45413964610102486,0,0.0,0
9120689,none,cycle,1,0.65,fixed,0,31,24,1,0,0,unknown,0.0929482133263614,30,0.6295072804667908,36
9120689,motor,cycle,1,0.65,fixed,1,31,24,1,0,0,unknown,0.10120455530219533,30,0.8953021404241748,36
9120689,external,cycle,1,0.65,fixed,1,31,24,1,0,0,unknown,0.1817412579863698,30,0.7851144221516408,36
9120689,sensor,cycle,1,0.65,fixed,1,31,24,1,0,0,unknown,0.0929482133263614,30,0.6295072804667908,36
9120689,motor_external,cycle,1,0.65,fixed,1,31,24,1,0,0,unknown,0.2183962674709438,30,1.1055822124679109,36
9120689,external_sensor,cycle,1,0.65,fixed,1,31,24,1,0,0,unknown,0.1817412579863698,30,0.7851144221516408,36
9120689,nonlinear,cycle,1,0.65,fixed,1,31,24,1,0,0,unknown,0.47067253536312215,30,1.027814500306824,36
9120689,none,cycle,1,0.65,calibrated,0,31,,0,1,0,none,0.09148385326989159,30,0.0,0
9120689,motor,cycle,1,0.65,calibrated,1,31,,0,0,0,none,1.8804565145763354,30,0.0,0
9120689,external,cycle,1,0.65,calibrated,1,31,,0,0,0,none,0.5480095669960396,30,0.0,0
9120689,sensor,cycle,1,0.65,calibrated,1,31,,0,0,0,none,0.09148385326989159,30,0.0,0
9120689,motor_external,cycle,1,0.65,calibrated,1,31,,0,0,0,none,2.3369822283024835,30,0.0,0
9120689,external_sensor,cycle,1,0.65,calibrated,1,31,,0,0,0,none,0.5480095669960396,30,0.0,0
9120689,nonlinear,cycle,1,0.65,calibrated,1,31,,0,0,0,none,0.45413964610102486,30,0.0,0
9120689,none,adaptive,0,0.65,fixed,0,31,24,1,0,0,unknown,0.0650249544689531,27,0.6502750309832219,36
9120689,motor,adaptive,0,0.65,fixed,1,31,24,1,0,0,unknown,0.16565714839879558,27,0.983227768092052,36
9120689,external,adaptive,0,0.65,fixed,1,31,24,1,0,0,unknown,0.16273398377313714,27,0.7945549716739768,36
9120689,sensor,adaptive,0,0.65,fixed,1,31,24,1,0,0,unknown,0.0650249544689531,27,0.6502750309832219,36
9120689,motor_external,adaptive,0,0.65,fixed,1,31,24,1,0,0,unknown,0.2575793035832434,27,1.1162282083799306,36
9120689,external_sensor,adaptive,0,0.65,fixed,1,31,24,1,0,0,unknown,0.16273398377313714,27,0.7945549716739768,36
9120689,nonlinear,adaptive,0,0.65,fixed,1,31,24,1,0,0,unknown,0.4006106488764942,27,1.1778618992207233,36
9120689,none,adaptive,0,0.65,calibrated,0,31,,0,1,0,none,0.09148385326989159,0,0.0,0
9120689,motor,adaptive,0,0.65,calibrated,1,31,,0,0,0,none,1.8804565145763354,0,0.0,0
9120689,external,adaptive,0,0.65,calibrated,1,31,,0,0,0,none,0.5480095669960396,0,0.0,0
9120689,sensor,adaptive,0,0.65,calibrated,1,31,,0,0,0,none,0.09148385326989159,0,0.0,0
9120689,motor_external,adaptive,0,0.65,calibrated,1,31,,0,0,0,none,2.3369822283024835,0,0.0,0
9120689,external_sensor,adaptive,0,0.65,calibrated,1,31,,0,0,0,none,0.5480095669960396,0,0.0,0
9120689,nonlinear,adaptive,0,0.65,calibrated,1,31,,0,0,0,none,0.45413964610102486,0,0.0,0
9120689,none,cycle,0,0.65,fixed,0,31,24,1,0,0,unknown,0.0929482133263614,30,0.6295072804667908,36
9120689,motor,cycle,0,0.65,fixed,1,31,24,1,0,0,unknown,0.10120455530219533,30,0.8953021404241748,36
9120689,external,cycle,0,0.65,fixed,1,31,24,1,0,0,unknown,0.1817412579863698,30,0.7851144221516408,36
9120689,sensor,cycle,0,0.65,fixed,1,31,24,1,0,0,unknown,0.0929482133263614,30,0.6295072804667908,36
9120689,motor_external,cycle,0,0.65,fixed,1,31,24,1,0,0,unknown,0.2183962674709438,30,1.1055822124679109,36
9120689,external_sensor,cycle,0,0.65,fixed,1,31,24,1,0,0,unknown,0.1817412579863698,30,0.7851144221516408,36
9120689,nonlinear,cycle,0,0.65,fixed,1,31,24,1,0,0,unknown,0.47067253536312215,30,1.027814500306824,36
9120689,none,cycle,0,0.65,calibrated,0,31,,0,1,0,none,0.09148385326989159,30,0.0,0
9120689,motor,cycle,0,0.65,calibrated,1,31,,0,0,0,none,1.8804565145763354,30,0.0,0
9120689,external,cycle,0,0.65,calibrated,1,31,,0,0,0,none,0.5480095669960396,30,0.0,0
9120689,sensor,cycle,0,0.65,calibrated,1,31,,0,0,0,none,0.09148385326989159,30,0.0,0
9120689,motor_external,cycle,0,0.65,calibrated,1,31,,0,0,0,none,2.3369822283024835,30,0.0,0
9120689,external_sensor,cycle,0,0.65,calibrated,1,31,,0,0,0,none,0.5480095669960396,30,0.0,0
9120689,nonlinear,cycle,0,0.65,calibrated,1,31,,0,0,0,none,0.45413964610102486,30,0.0,0
9120742,none,adaptive,1,0.13,fixed,0,33,,0,1,0,none,0.0017022686096089437,0,0.0,0
9120742,motor,adaptive,1,0.13,fixed,1,33,34,1,1,1,motor,0.001590394160211701,19,0.025170668160093636,26
9120742,external,adaptive,1,0.13,fixed,1,33,34,1,1,1,external,0.0015903941602117065,19,0.02517066816009363,26
9120742,sensor,adaptive,1,0.13,fixed,1,33,34,1,1,1,sensor,0.0015903941602117121,19,0.02517066816009363,26
9120742,motor_external,adaptive,1,0.13,fixed,1,33,34,1,1,1,motor_external,0.0015903941602116941,19,0.025170668160093643,26
9120742,external_sensor,adaptive,1,0.13,fixed,1,33,34,1,1,1,external_sensor,0.0015903941602117065,19,0.02517066816009363,26
9120742,nonlinear,adaptive,1,0.13,fixed,1,33,34,1,0,0,unknown,0.3491364558056086,19,0.37361389945528134,26
9120742,none,adaptive,1,0.13,calibrated,0,33,,0,1,0,none,0.0017022686096089437,0,0.0,0
9120742,motor,adaptive,1,0.13,calibrated,1,33,34,1,1,1,motor,0.001590394160211701,19,0.025170668160093636,26
9120742,external,adaptive,1,0.13,calibrated,1,33,34,1,1,1,external,0.0015903941602117065,19,0.02517066816009363,26
9120742,sensor,adaptive,1,0.13,calibrated,1,33,34,1,1,1,sensor,0.0015903941602117121,19,0.02517066816009363,26
9120742,motor_external,adaptive,1,0.13,calibrated,1,33,34,1,1,1,motor_external,0.0015903941602116941,19,0.025170668160093643,26
9120742,external_sensor,adaptive,1,0.13,calibrated,1,33,34,1,1,1,external_sensor,0.0015903941602117065,19,0.02517066816009363,26
9120742,nonlinear,adaptive,1,0.13,calibrated,1,33,34,1,0,0,unknown,0.3491364558056086,19,0.37361389945528134,26
9120742,none,cycle,1,0.13,fixed,0,33,,0,1,0,none,0.0017022686096089437,30,0.0,0
9120742,motor,cycle,1,0.13,fixed,1,33,34,1,1,1,motor,0.008100332040942917,30,0.01910421706464163,26
9120742,external,cycle,1,0.13,fixed,1,33,34,1,1,1,external,0.00810033204094294,30,0.019104217064641625,26
9120742,sensor,cycle,1,0.13,fixed,1,33,34,1,1,1,sensor,0.008100332040942924,30,0.019104217064641625,26
9120742,motor_external,cycle,1,0.13,fixed,1,33,34,1,1,1,motor_external,0.008100332040942891,30,0.01910421706464163,26
9120742,external_sensor,cycle,1,0.13,fixed,1,33,34,1,1,1,external_sensor,0.00810033204094294,30,0.019104217064641625,26
9120742,nonlinear,cycle,1,0.13,fixed,1,33,34,1,0,0,unknown,0.3417364832692578,30,0.33590151994483197,26
9120742,none,cycle,1,0.13,calibrated,0,33,,0,1,0,none,0.0017022686096089437,30,0.0,0
9120742,motor,cycle,1,0.13,calibrated,1,33,34,1,1,1,motor,0.008100332040942917,30,0.01910421706464163,26
9120742,external,cycle,1,0.13,calibrated,1,33,34,1,1,1,external,0.00810033204094294,30,0.019104217064641625,26
9120742,sensor,cycle,1,0.13,calibrated,1,33,34,1,1,1,sensor,0.008100332040942924,30,0.019104217064641625,26
9120742,motor_external,cycle,1,0.13,calibrated,1,33,34,1,1,1,motor_external,0.008100332040942891,30,0.01910421706464163,26
9120742,external_sensor,cycle,1,0.13,calibrated,1,33,34,1,1,1,external_sensor,0.00810033204094294,30,0.019104217064641625,26
9120742,nonlinear,cycle,1,0.13,calibrated,1,33,34,1,0,0,unknown,0.3417364832692578,30,0.33590151994483197,26
9120742,none,adaptive,0,0.13,fixed,0,33,,0,1,0,none,0.0017022686096089437,0,0.0,0
9120742,motor,adaptive,0,0.13,fixed,1,33,34,1,1,1,motor,0.001590394160211701,19,0.025170668160093636,26
9120742,external,adaptive,0,0.13,fixed,1,33,34,1,0,0,undetermined,0.0015903941602117065,19,0.02517066816009363,26
9120742,sensor,adaptive,0,0.13,fixed,1,33,34,1,0,0,undetermined,0.0015903941602117121,19,0.02517066816009363,26
9120742,motor_external,adaptive,0,0.13,fixed,1,33,34,1,0,0,undetermined,0.0015903941602116941,19,0.025170668160093643,26
9120742,external_sensor,adaptive,0,0.13,fixed,1,33,34,1,0,0,undetermined,0.0015903941602117065,19,0.02517066816009363,26
9120742,nonlinear,adaptive,0,0.13,fixed,1,33,34,1,0,0,unknown,0.3491364558056086,19,0.37361389945528134,26
9120742,none,adaptive,0,0.13,calibrated,0,33,,0,1,0,none,0.0017022686096089437,0,0.0,0
9120742,motor,adaptive,0,0.13,calibrated,1,33,34,1,1,1,motor,0.001590394160211701,19,0.025170668160093636,26
9120742,external,adaptive,0,0.13,calibrated,1,33,34,1,0,0,undetermined,0.0015903941602117065,19,0.02517066816009363,26
9120742,sensor,adaptive,0,0.13,calibrated,1,33,34,1,0,0,undetermined,0.0015903941602117121,19,0.02517066816009363,26
9120742,motor_external,adaptive,0,0.13,calibrated,1,33,34,1,0,0,undetermined,0.0015903941602116941,19,0.025170668160093643,26
9120742,external_sensor,adaptive,0,0.13,calibrated,1,33,34,1,0,0,undetermined,0.0015903941602117065,19,0.02517066816009363,26
9120742,nonlinear,adaptive,0,0.13,calibrated,1,33,34,1,0,0,unknown,0.3491364558056086,19,0.37361389945528134,26
9120742,none,cycle,0,0.13,fixed,0,33,,0,1,0,none,0.0017022686096089437,30,0.0,0
9120742,motor,cycle,0,0.13,fixed,1,33,34,1,1,1,motor,0.008100332040942917,30,0.01910421706464163,26
9120742,external,cycle,0,0.13,fixed,1,33,34,1,0,0,undetermined,0.00810033204094294,30,0.019104217064641625,26
9120742,sensor,cycle,0,0.13,fixed,1,33,34,1,0,0,undetermined,0.008100332040942924,30,0.019104217064641625,26
9120742,motor_external,cycle,0,0.13,fixed,1,33,34,1,0,0,undetermined,0.008100332040942891,30,0.01910421706464163,26
9120742,external_sensor,cycle,0,0.13,fixed,1,33,34,1,0,0,undetermined,0.00810033204094294,30,0.019104217064641625,26
9120742,nonlinear,cycle,0,0.13,fixed,1,33,34,1,0,0,unknown,0.3417364832692578,30,0.33590151994483197,26
9120742,none,cycle,0,0.13,calibrated,0,33,,0,1,0,none,0.0017022686096089437,30,0.0,0
9120742,motor,cycle,0,0.13,calibrated,1,33,34,1,1,1,motor,0.008100332040942917,30,0.01910421706464163,26
9120742,external,cycle,0,0.13,calibrated,1,33,34,1,0,0,undetermined,0.00810033204094294,30,0.019104217064641625,26
9120742,sensor,cycle,0,0.13,calibrated,1,33,34,1,0,0,undetermined,0.008100332040942924,30,0.019104217064641625,26
9120742,motor_external,cycle,0,0.13,calibrated,1,33,34,1,0,0,undetermined,0.008100332040942891,30,0.01910421706464163,26
9120742,external_sensor,cycle,0,0.13,calibrated,1,33,34,1,0,0,undetermined,0.00810033204094294,30,0.019104217064641625,26
9120742,nonlinear,cycle,0,0.13,calibrated,1,33,34,1,0,0,unknown,0.3417364832692578,30,0.33590151994483197,26
9120742,none,adaptive,1,0.35,fixed,0,33,24,1,1,1,none,0.006832936563226357,27,0.21006999009268323,36
9120742,motor,adaptive,1,0.35,fixed,1,33,24,1,1,1,motor,0.12673637309559607,27,0.5027194463644377,36
9120742,external,adaptive,1,0.35,fixed,1,33,24,1,1,1,external,0.051938629201071417,27,0.36063540692389523,36
9120742,sensor,adaptive,1,0.35,fixed,1,33,24,1,1,1,sensor,0.006832936563226357,27,0.21006999009268323,36
9120742,motor_external,adaptive,1,0.35,fixed,1,33,24,1,1,1,motor_external,0.14191615915006084,27,0.6233589566122697,36
9120742,external_sensor,adaptive,1,0.35,fixed,1,33,24,1,1,1,external_sensor,0.051938629201071417,27,0.36063540692389523,36
9120742,nonlinear,adaptive,1,0.35,fixed,1,33,24,1,0,0,unknown,0.34913441614897744,27,0.5419222485939041,36
9120742,none,adaptive,1,0.35,calibrated,0,33,,0,1,0,none,0.012338929270834128,0,0.0,0
9120742,motor,adaptive,1,0.35,calibrated,1,33,34,1,1,1,motor,0.011528005007451722,19,0.18245010944446569,26
9120742,external,adaptive,1,0.35,calibrated,1,33,,0,0,0,none,0.6884293293226276,0,0.0,0
9120742,sensor,adaptive,1,0.35,calibrated,1,33,47,1,0,1,motor_sensor,0.05210265621028911,9,0.15397537859699476,13
9120742,motor_external,adaptive,1,0.35,calibrated,1,33,,0,0,0,none,2.3956457652057095,0,0.0,0
9120742,external_sensor,adaptive,1,0.35,calibrated,1,33,47,1,0,1,motor_external_sensor,0.05210265621028909,9,0.15397537859699476,13
9120742,nonlinear,adaptive,1,0.35,calibrated,1,33,47,1,0,1,motor_external,0.40076806696552686,9,0.6178152406679593,13
9120742,none,cycle,1,0.35,fixed,0,33,24,1,0,1,motor,0.030565820888012206,30,0.1870979241352033,36
9120742,motor,cycle,1,0.35,fixed,1,33,24,1,1,1,motor,0.11376821009930296,30,0.545270888796423,36
9120742,external,cycle,1,0.35,fixed,1,33,24,1,0,1,motor_external,0.09129463691543958,30,0.3232563926106099,36
9120742,sensor,cycle,1,0.35,fixed,1,33,24,1,0,1,motor_sensor,0.030565820888012206,30,0.1870979241352033,36
9120742,motor_external,cycle,1,0.35,fixed,1,33,24,1,1,1,motor_external,0.15138691251418118,30,0.6688725164237638,36
9120742,external_sensor,cycle,1,0.35,fixed,1,33,24,1,0,1,motor_external_sensor,0.09129463691543958,30,0.3232563926106099,36
9120742,nonlinear,cycle,1,0.35,fixed,1,33,24,1,0,0,unknown,0.39764673457022726,30,0.4220591996236497,36
9120742,none,cycle,1,0.35,calibrated,0,33,,0,1,0,none,0.012338929270834128,30,0.0,0
9120742,motor,cycle,1,0.35,calibrated,1,33,34,1,1,1,motor,0.058715424557130524,30,0.13847731304252064,26
9120742,external,cycle,1,0.35,calibrated,1,33,,0,0,0,none,0.6884293293226276,30,0.0,0
9120742,sensor,cycle,1,0.35,calibrated,1,33,47,1,0,1,motor_sensor,0.08978605559050896,30,0.12870388124769835,13
9120742,motor_external,cycle,1,0.35,calibrated,1,33,34,1,1,1,motor_external,0.058715424557130524,30,0.13847731304252067,26
9120742,external_sensor,cycle,1,0.35,calibrated,1,33,40,1,0,1,motor_external_sensor,0.07541706519524308,30,0.12686097428083404,20
9120742,nonlinear,cycle,1,0.35,calibrated,1,33,,0,0,0,none,0.6028175933119325,30,0.0,0
9120742,none,adaptive,0,0.35,fixed,0,33,24,1,1,1,none,0.006832936563226357,27,0.21006999009268323,36
9120742,motor,adaptive,0,0.35,fixed,1,33,24,1,1,1,motor,0.12673637309559607,27,0.5027194463644377,36
9120742,external,adaptive,0,0.35,fixed,1,33,24,1,0,0,undetermined,0.051938629201071417,27,0.36063540692389523,36
9120742,sensor,adaptive,0,0.35,fixed,1,33,24,1,0,0,undetermined,0.006832936563226357,27,0.21006999009268323,36
9120742,motor_external,adaptive,0,0.35,fixed,1,33,24,1,0,0,undetermined,0.14191615915006084,27,0.6233589566122697,36
9120742,external_sensor,adaptive,0,0.35,fixed,1,33,24,1,0,0,undetermined,0.051938629201071417,27,0.36063540692389523,36
9120742,nonlinear,adaptive,0,0.35,fixed,1,33,24,1,0,0,unknown,0.34913441614897744,27,0.5419222485939041,36
9120742,none,adaptive,0,0.35,calibrated,0,33,,0,1,0,none,0.012338929270834128,0,0.0,0
9120742,motor,adaptive,0,0.35,calibrated,1,33,34,1,1,1,motor,0.011528005007451722,19,0.18245010944446569,26
9120742,external,adaptive,0,0.35,calibrated,1,33,,0,0,0,none,0.6884293293226276,0,0.0,0
9120742,sensor,adaptive,0,0.35,calibrated,1,33,,0,0,0,none,0.012338929270834128,0,0.0,0
9120742,motor_external,adaptive,0,0.35,calibrated,1,33,,0,0,0,none,2.3956457652057095,0,0.0,0
9120742,external_sensor,adaptive,0,0.35,calibrated,1,33,38,1,0,0,undetermined,0.010591113151438073,16,0.18786694538106455,22
9120742,nonlinear,adaptive,0,0.35,calibrated,1,33,35,1,0,0,undetermined,0.35239981715517665,18,0.5493744428154351,25
9120742,none,cycle,0,0.35,fixed,0,33,25,1,0,1,motor,0.028916771330820157,30,0.18316629650704205,35
9120742,motor,cycle,0,0.35,fixed,1,33,25,1,1,1,motor,0.0915176553566969,30,0.5019763586205896,35
9120742,external,cycle,0,0.35,fixed,1,33,25,1,0,0,undetermined,0.08626440228429823,30,0.30799804370627815,35
9120742,sensor,cycle,0,0.35,fixed,1,33,25,1,0,0,undetermined,0.028916771330820157,30,0.18316629650704205,35
9120742,motor_external,cycle,0,0.35,fixed,1,33,25,1,0,0,undetermined,0.10571020839447251,30,0.5725162336032967,35
9120742,external_sensor,cycle,0,0.35,fixed,1,33,25,1,0,0,undetermined,0.08626440228429823,30,0.30799804370627815,35
9120742,nonlinear,cycle,0,0.35,fixed,1,33,25,1,0,0,unknown,0.39003051245300396,30,0.4100836198475248,35
9120742,none,cycle,0,0.35,calibrated,0,33,,0,1,0,none,0.012338929270834128,30,0.0,0
9120742,motor,cycle,0,0.35,calibrated,1,33,37,1,1,1,motor,0.06511158535680525,30,0.1298546928163292,23
9120742,external,cycle,0,0.35,calibrated,1,33,,0,0,0,none,0.6884293293226276,30,0.0,0
9120742,sensor,cycle,0,0.35,calibrated,1,33,,0,0,0,none,0.012338929270834128,30,0.0,0
9120742,motor_external,cycle,0,0.35,calibrated,1,33,34,1,0,0,undetermined,0.058715424557130524,30,0.13847731304252067,26
9120742,external_sensor,cycle,0,0.35,calibrated,1,33,37,1,0,0,undetermined,0.06511158535680536,30,0.12985469281632925,23
9120742,nonlinear,cycle,0,0.35,calibrated,1,33,,0,0,0,none,0.6028175933119325,30,0.0,0
9120742,none,adaptive,1,0.65,fixed,0,33,24,1,0,0,unknown,0.023566658758882735,27,0.7245271086870095,36
9120742,motor,adaptive,1,0.65,fixed,1,33,24,1,0,0,unknown,0.15814923136661702,27,0.9492358872657708,36
9120742,external,adaptive,1,0.65,fixed,1,33,24,1,0,0,unknown,0.06308437365773775,27,0.8750414542306891,36
9120742,sensor,adaptive,1,0.65,fixed,1,33,24,1,0,0,unknown,0.023566658758882735,27,0.7245271086870095,36
9120742,motor_external,adaptive,1,0.65,fixed,1,33,24,1,0,0,unknown,0.1677410396820917,27,1.06982432622607,36
9120742,external_sensor,adaptive,1,0.65,fixed,1,33,24,1,0,0,unknown,0.06308437365773775,27,0.8750414542306891,36
9120742,nonlinear,adaptive,1,0.65,fixed,1,33,24,1,0,0,unknown,0.37063547798956337,27,1.0637325596601765,36
9120742,none,adaptive,1,0.65,calibrated,0,33,,0,1,0,none,0.042556715240224,0,0.0,0
9120742,motor,adaptive,1,0.65,calibrated,1,33,,0,0,0,none,1.8416729533088045,0,0.0,0
9120742,external,adaptive,1,0.65,calibrated,1,33,,0,0,0,none,0.6038674581935545,0,0.0,0
9120742,sensor,adaptive,1,0.65,calibrated,1,33,,0,0,0,none,0.042556715240224,0,0.0,0
9120742,motor_external,adaptive,1,0.65,calibrated,1,33,,0,0,0,none,2.4029836962621345,0,0.0,0
9120742,external_sensor,adaptive,1,0.65,calibrated,1,33,,0,0,0,none,0.6038674581935545,0,0.0,0
9120742,nonlinear,adaptive,1,0.65,calibrated,1,33,,0,0,0,none,0.6617313770308355,0,0.0,0
9120742,none,cycle,1,0.65,fixed,0,33,24,1,0,0,unknown,0.10542089245049113,30,0.6452969220173339,36
9120742,motor,cycle,1,0.65,fixed,1,33,24,1,0,0,unknown,0.1780852914876367,30,1.0599672895536445,36
9120742,external,cycle,1,0.65,fixed,1,33,24,1,0,0,unknown,0.17315462140854276,30,0.7694421350062483,36
9120742,sensor,cycle,1,0.65,fixed,1,33,24,1,0,0,unknown,0.10542089245049113,30,0.6452969220173339,36
9120742,motor_external,cycle,1,0.65,fixed,1,33,24,1,0,0,unknown,0.22270890683313938,30,1.171555661694493,36
9120742,external_sensor,cycle,1,0.65,fixed,1,33,24,1,0,0,unknown,0.17315462140854276,30,0.7694421350062483,36
9120742,nonlinear,cycle,1,0.65,fixed,1,33,24,1,0,0,unknown,0.48830158984306743,30,0.8299862472265072,36
9120742,none,cycle,1,0.65,calibrated,0,33,,0,1,0,none,0.042556715240224,30,0.0,0
9120742,motor,cycle,1,0.65,calibrated,1,33,,0,0,0,none,1.8416729533088045,30,0.0,0
9120742,external,cycle,1,0.65,calibrated,1,33,,0,0,0,none,0.6038674581935545,30,0.0,0
9120742,sensor,cycle,1,0.65,calibrated,1,33,,0,0,0,none,0.042556715240224,30,0.0,0
9120742,motor_external,cycle,1,0.65,calibrated,1,33,54,1,0,0,undetermined,0.292460672094332,30,0.35418338822462947,6
9120742,external_sensor,cycle,1,0.65,calibrated,1,33,,0,0,0,none,0.6038674581935545,30,0.0,0
9120742,nonlinear,cycle,1,0.65,calibrated,1,33,,0,0,0,none,0.6617313770308355,30,0.0,0
9120742,none,adaptive,0,0.65,fixed,0,33,24,1,0,0,unknown,0.023566658758882735,27,0.7245271086870095,36
9120742,motor,adaptive,0,0.65,fixed,1,33,24,1,0,0,unknown,0.15814923136661702,27,0.9492358872657708,36
9120742,external,adaptive,0,0.65,fixed,1,33,24,1,0,0,unknown,0.06308437365773775,27,0.8750414542306891,36
9120742,sensor,adaptive,0,0.65,fixed,1,33,24,1,0,0,unknown,0.023566658758882735,27,0.7245271086870095,36
9120742,motor_external,adaptive,0,0.65,fixed,1,33,24,1,0,0,unknown,0.1677410396820917,27,1.06982432622607,36
9120742,external_sensor,adaptive,0,0.65,fixed,1,33,24,1,0,0,unknown,0.06308437365773775,27,0.8750414542306891,36
9120742,nonlinear,adaptive,0,0.65,fixed,1,33,24,1,0,0,unknown,0.37063547798956337,27,1.0637325596601765,36
9120742,none,adaptive,0,0.65,calibrated,0,33,,0,1,0,none,0.042556715240224,0,0.0,0
9120742,motor,adaptive,0,0.65,calibrated,1,33,,0,0,0,none,1.8416729533088045,0,0.0,0
9120742,external,adaptive,0,0.65,calibrated,1,33,,0,0,0,none,0.6038674581935545,0,0.0,0
9120742,sensor,adaptive,0,0.65,calibrated,1,33,,0,0,0,none,0.042556715240224,0,0.0,0
9120742,motor_external,adaptive,0,0.65,calibrated,1,33,,0,0,0,none,2.4029836962621345,0,0.0,0
9120742,external_sensor,adaptive,0,0.65,calibrated,1,33,,0,0,0,none,0.6038674581935545,0,0.0,0
9120742,nonlinear,adaptive,0,0.65,calibrated,1,33,,0,0,0,none,0.6617313770308355,0,0.0,0
9120742,none,cycle,0,0.65,fixed,0,33,24,1,0,0,unknown,0.10542089245049113,30,0.6452969220173339,36
9120742,motor,cycle,0,0.65,fixed,1,33,24,1,0,0,unknown,0.1780852914876367,30,1.0599672895536445,36
9120742,external,cycle,0,0.65,fixed,1,33,24,1,0,0,unknown,0.17315462140854276,30,0.7694421350062483,36
9120742,sensor,cycle,0,0.65,fixed,1,33,24,1,0,0,unknown,0.10542089245049113,30,0.6452969220173339,36
9120742,motor_external,cycle,0,0.65,fixed,1,33,24,1,0,0,unknown,0.22270890683313938,30,1.171555661694493,36
9120742,external_sensor,cycle,0,0.65,fixed,1,33,24,1,0,0,unknown,0.17315462140854276,30,0.7694421350062483,36
9120742,nonlinear,cycle,0,0.65,fixed,1,33,24,1,0,0,unknown,0.48830158984306743,30,0.8299862472265072,36
9120742,none,cycle,0,0.65,calibrated,0,33,,0,1,0,none,0.042556715240224,30,0.0,0
9120742,motor,cycle,0,0.65,calibrated,1,33,,0,0,0,none,1.8416729533088045,30,0.0,0
9120742,external,cycle,0,0.65,calibrated,1,33,,0,0,0,none,0.6038674581935545,30,0.0,0
9120742,sensor,cycle,0,0.65,calibrated,1,33,,0,0,0,none,0.042556715240224,30,0.0,0
9120742,motor_external,cycle,0,0.65,calibrated,1,33,44,1,0,0,undetermined,0.3809045770136003,30,0.41259477500466873,16
9120742,external_sensor,cycle,0,0.65,calibrated,1,33,,0,0,0,none,0.6038674581935545,30,0.0,0
9120742,nonlinear,cycle,0,0.65,calibrated,1,33,,0,0,0,none,0.6617313770308355,30,0.0,0
9120795,none,adaptive,1,0.13,fixed,0,33,,0,1,0,none,0.007401826766142721,0,0.0,0
9120795,motor,adaptive,1,0.13,fixed,1,33,34,1,1,1,motor,0.006513307706543463,19,0.022439738558256175,26
9120795,external,adaptive,1,0.13,fixed,1,33,34,1,1,1,external,0.00651330770654346,19,0.02243973855825617,26
9120795,sensor,adaptive,1,0.13,fixed,1,33,34,1,1,1,sensor,0.006513307706543438,19,0.022439738558256175,26
9120795,motor_external,adaptive,1,0.13,fixed,1,33,38,1,1,1,motor_external,0.00833024116340443,16,0.022164427801149158,22
9120795,external_sensor,adaptive,1,0.13,fixed,1,33,34,1,1,1,external_sensor,0.00651330770654346,19,0.02243973855825617,26
9120795,nonlinear,adaptive,1,0.13,fixed,1,33,34,1,0,0,unknown,0.36684445976257807,19,0.38653973562986776,26
9120795,none,adaptive,1,0.13,calibrated,0,33,,0,1,0,none,0.007401826766142721,0,0.0,0
9120795,motor,adaptive,1,0.13,calibrated,1,33,34,1,1,1,motor,0.006513307706543463,19,0.022439738558256175,26
9120795,external,adaptive,1,0.13,calibrated,1,33,34,1,1,1,external,0.00651330770654346,19,0.02243973855825617,26
9120795,sensor,adaptive,1,0.13,calibrated,1,33,34,1,1,1,sensor,0.006513307706543438,19,0.022439738558256175,26
9120795,motor_external,adaptive,1,0.13,calibrated,1,33,38,1,1,1,motor_external,0.00833024116340443,16,0.022164427801149158,22
9120795,external_sensor,adaptive,1,0.13,calibrated,1,33,34,1,1,1,external_sensor,0.00651330770654346,19,0.02243973855825617,26
9120795,nonlinear,adaptive,1,0.13,calibrated,1,33,34,1,0,0,unknown,0.36684445976257807,19,0.38653973562986776,26
9120795,none,cycle,1,0.13,fixed,0,33,,0,1,0,none,0.007401826766142721,30,0.0,0
9120795,motor,cycle,1,0.13,fixed,1,33,34,1,1,1,motor,0.0034865204595637715,30,0.02639616382849635,26
9120795,external,cycle,1,0.13,fixed,1,33,34,1,1,1,external,0.0034865204595638153,30,0.026396163828496348,26
9120795,sensor,cycle,1,0.13,fixed,1,33,34,1,1,1,sensor,0.0034865204595638127,30,0.026396163828496338,26
9120795,motor_external,cycle,1,0.13,fixed,1,33,34,1,1,1,motor_external,0.003486520459563799,30,0.026396163828496348,26
9120795,external_sensor,cycle,1,0.13,fixed,1,33,34,1,1,1,external_sensor,0.0034865204595638153,30,0.026396163828496348,26
9120795,nonlinear,cycle,1,0.13,fixed,1,33,34,1,0,0,unknown,0.343739946993238,30,0.3862249381481251,26
9120795,none,cycle,1,0.13,calibrated,0,33,,0,1,0,none,0.007401826766142721,30,0.0,0
9120795,motor,cycle,1,0.13,calibrated,1,33,34,1,1,1,motor,0.0034865204595637715,30,0.02639616382849635,26
9120795,external,cycle,1,0.13,calibrated,1,33,34,1,1,1,external,0.0034865204595638153,30,0.026396163828496348,26
9120795,sensor,cycle,1,0.13,calibrated,1,33,34,1,1,1,sensor,0.0034865204595638127,30,0.026396163828496338,26
9120795,motor_external,cycle,1,0.13,calibrated,1,33,34,1,1,1,motor_external,0.003486520459563799,30,0.026396163828496348,26
9120795,external_sensor,cycle,1,0.13,calibrated,1,33,34,1,1,1,external_sensor,0.0034865204595638153,30,0.026396163828496348,26
9120795,nonlinear,cycle,1,0.13,calibrated,1,33,34,1,0,0,unknown,0.343739946993238,30,0.3862249381481251,26
9120795,none,adaptive,0,0.13,fixed,0,33,,0,1,0,none,0.007401826766142721,0,0.0,0
9120795,motor,adaptive,0,0.13,fixed,1,33,34,1,1,1,motor,0.006513307706543463,19,0.022439738558256175,26
9120795,external,adaptive,0,0.13,fixed,1,33,34,1,0,0,undetermined,0.00651330770654346,19,0.02243973855825617,26
9120795,sensor,adaptive,0,0.13,fixed,1,33,34,1,0,0,undetermined,0.006513307706543438,19,0.022439738558256175,26
9120795,motor_external,adaptive,0,0.13,fixed,1,33,34,1,0,0,undetermined,0.006513307706543478,19,0.022439738558256175,26
9120795,external_sensor,adaptive,0,0.13,fixed,1,33,34,1,0,0,undetermined,0.00651330770654346,19,0.02243973855825617,26
9120795,nonlinear,adaptive,0,0.13,fixed,1,33,34,1,0,0,unknown,0.36684445976257807,19,0.38653973562986776,26
9120795,none,adaptive,0,0.13,calibrated,0,33,,0,1,0,none,0.007401826766142721,0,0.0,0
9120795,motor,adaptive,0,0.13,calibrated,1,33,34,1,1,1,motor,0.006513307706543463,19,0.022439738558256175,26
9120795,external,adaptive,0,0.13,calibrated,1,33,34,1,0,0,undetermined,0.00651330770654346,19,0.02243973855825617,26
9120795,sensor,adaptive,0,0.13,calibrated,1,33,34,1,0,0,undetermined,0.006513307706543438,19,0.022439738558256175,26
9120795,motor_external,adaptive,0,0.13,calibrated,1,33,34,1,0,0,undetermined,0.006513307706543478,19,0.022439738558256175,26
9120795,external_sensor,adaptive,0,0.13,calibrated,1,33,34,1,0,0,undetermined,0.00651330770654346,19,0.02243973855825617,26
9120795,nonlinear,adaptive,0,0.13,calibrated,1,33,34,1,0,0,unknown,0.36684445976257807,19,0.38653973562986776,26
9120795,none,cycle,0,0.13,fixed,0,33,,0,1,0,none,0.007401826766142721,30,0.0,0
9120795,motor,cycle,0,0.13,fixed,1,33,34,1,1,1,motor,0.0034865204595637715,30,0.02639616382849635,26
9120795,external,cycle,0,0.13,fixed,1,33,34,1,0,0,undetermined,0.0034865204595638153,30,0.026396163828496348,26
9120795,sensor,cycle,0,0.13,fixed,1,33,34,1,0,0,undetermined,0.0034865204595638127,30,0.026396163828496338,26
9120795,motor_external,cycle,0,0.13,fixed,1,33,34,1,0,0,undetermined,0.003486520459563799,30,0.026396163828496348,26
9120795,external_sensor,cycle,0,0.13,fixed,1,33,34,1,0,0,undetermined,0.0034865204595638153,30,0.026396163828496348,26
9120795,nonlinear,cycle,0,0.13,fixed,1,33,34,1,0,0,unknown,0.343739946993238,30,0.3862249381481251,26
9120795,none,cycle,0,0.13,calibrated,0,33,,0,1,0,none,0.007401826766142721,30,0.0,0
9120795,motor,cycle,0,0.13,calibrated,1,33,34,1,1,1,motor,0.0034865204595637715,30,0.02639616382849635,26
9120795,external,cycle,0,0.13,calibrated,1,33,34,1,0,0,undetermined,0.0034865204595638153,30,0.026396163828496348,26
9120795,sensor,cycle,0,0.13,calibrated,1,33,34,1,0,0,undetermined,0.0034865204595638127,30,0.026396163828496338,26
9120795,motor_external,cycle,0,0.13,calibrated,1,33,34,1,0,0,undetermined,0.003486520459563799,30,0.026396163828496348,26
9120795,external_sensor,cycle,0,0.13,calibrated,1,33,34,1,0,0,undetermined,0.0034865204595638153,30,0.026396163828496348,26
9120795,nonlinear,cycle,0,0.13,calibrated,1,33,34,1,0,0,unknown,0.343739946993238,30,0.3862249381481251,26
9120795,none,adaptive,1,0.35,fixed,0,33,24,1,1,1,none,0.031136041308218454,27,0.17921855673511725,36
9120795,motor,adaptive,1,0.35,fixed,1,33,24,1,1,1,motor,0.13816356134569138,27,0.6252914089600817,36
9120795,external,adaptive,1,0.35,fixed,1,33,24,1,1,1,external,0.03967928418598767,27,0.38194106450254883,36
9120795,sensor,adaptive,1,0.35,fixed,1,33,24,1,1,1,sensor,0.031136041308218454,27,0.17921855673511725,36
9120795,motor_external,adaptive,1,0.35,fixed,1,33,24,1,1,1,motor_external,0.11452915373787845,27,0.795836266241931,36
9120795,external_sensor,adaptive,1,0.35,fixed,1,33,24,1,1,1,external_sensor,0.03967928418598767,27,0.38194106450254883,36
9120795,nonlinear,adaptive,1,0.35,fixed,1,33,24,1,0,0,unknown,0.3624324039912824,27,0.49619760566415827,36
9120795,none,adaptive,1,0.35,calibrated,0,33,,0,1,0,none,0.05365229460665594,0,0.0,0
9120795,motor,adaptive,1,0.35,calibrated,1,33,41,1,1,1,motor,0.07148022980436959,14,0.177322571980292,19
9120795,external,adaptive,1,0.35,calibrated,1,33,44,1,1,1,external,0.09212003983057096,12,0.10134417218116132,16
9120795,sensor,adaptive,1,0.35,calibrated,1,33,42,1,1,1,sensor,0.10006693481041953,13,0.12172906404128724,18
9120795,motor_external,adaptive,1,0.35,calibrated,1,33,,0,0,0,none,2.2546694024161664,0,0.0,0
9120795,external_sensor,adaptive,1,0.35,calibrated,1,33,42,1,1,1,external_sensor,0.10006693481041984,13,0.12172906404128721,18
9120795,nonlinear,adaptive,1,0.35,calibrated,1,33,44,1,0,1,external,0.45883381376495214,12,0.46704919809279466,16
9120795,none,cycle,1,0.35,fixed,0,33,24,1,1,1,none,0.02222865561705601,30,0.19193247651051878,36
9120795,motor,cycle,1,0.35,fixed,1,33,24,1,1,1,motor,0.06908131319684713,30,0.47801254053239295,36
9120795,external,cycle,1,0.35,fixed,1,33,24,1,1,1,external,0.03800564272939001,30,0.3894745534818334,36
9120795,sensor,cycle,1,0.35,fixed,1,33,24,1,1,1,sensor,0.02222865561705601,30,0.19193247651051878,36
9120795,motor_external,cycle,1,0.35,fixed,1,33,24,1,1,1,motor_external,0.06700970108475074,30,0.6699951081242367,36
9120795,external_sensor,cycle,1,0.35,fixed,1,33,24,1,1,1,external_sensor,0.03800564272939001,30,0.3894745534818334,36
9120795,nonlinear,cycle,1,0.35,fixed,1,33,24,1,0,0,unknown,0.3794035278128452,30,0.5600537713631993,36
9120795,none,cycle,1,0.35,calibrated,0,33,,0,1,0,none,0.05365229460665594,30,0.0,0
9120795,motor,cycle,1,0.35,calibrated,1,33,44,1,1,1,motor,0.07316166395698412,30,0.1223591342612537,16
9120795,external,cycle,1,0.35,calibrated,1,33,44,1,1,1,external,0.07316166395698417,30,0.1223591342612537,16
9120795,sensor,cycle,1,0.35,calibrated,1,33,42,1,1,1,sensor,0.07367329162589267,30,0.1615884819255068,18
9120795,motor_external,cycle,1,0.35,calibrated,1,33,34,1,1,1,motor_external,0.025272115757193132,30,0.1913331401769705,26
9120795,external_sensor,cycle,1,0.35,calibrated,1,33,42,1,1,1,external_sensor,0.07367329162589269,30,0.16158848192550682,18
9120795,nonlinear,cycle,1,0.35,calibrated,1,33,,0,0,0,none,0.7091679591350151,30,0.0,0
9120795,none,adaptive,0,0.35,fixed,0,33,25,1,1,1,none,0.022440059163363744,26,0.18561567669291207,35
9120795,motor,adaptive,0,0.35,fixed,1,33,25,1,1,1,motor,0.12776265264837722,26,0.545540180010014,35
9120795,external,adaptive,0,0.35,fixed,1,33,25,1,0,0,undetermined,0.035225382483234105,26,0.3972933076086698,35
9120795,sensor,adaptive,0,0.35,fixed,1,33,25,1,0,0,undetermined,0.022440059163363744,26,0.18561567669291207,35
9120795,motor_external,adaptive,0,0.35,fixed,1,33,25,1,0,0,undetermined,0.13863608142677403,26,0.758264507107924,35
9120795,external_sensor,adaptive,0,0.35,fixed,1,33,25,1,0,0,undetermined,0.035225382483234105,26,0.3972933076086698,35
9120795,nonlinear,adaptive,0,0.35,fixed,1,33,25,1,0,0,unknown,0.35754344920712605,26,0.45384743344811274,35
9120795,none,adaptive,0,0.35,calibrated,0,33,,0,1,0,none,0.05365229460665594,0,0.0,0
9120795,motor,adaptive,0,0.35,calibrated,1,33,35,1,1,1,motor,0.05014461588080871,18,0.16542930202035128,25
9120795,external,adaptive,0,0.35,calibrated,1,33,,0,0,0,none,0.9691600429308274,0,0.0,0
9120795,sensor,adaptive,0,0.35,calibrated,1,33,,0,0,0,none,0.05365229460665594,0,0.0,0
9120795,motor_external,adaptive,0,0.35,calibrated,1,33,,0,0,0,none,2.2546694024161664,0,0.0,0
9120795,external_sensor,adaptive,0,0.35,calibrated,1,33,38,1,0,0,undetermined,0.0603819255927245,16,0.16065931394324087,22
9120795,nonlinear,adaptive,0,0.35,calibrated,1,33,49,1,0,0,undetermined,0.5088350017650833,8,0.3160647101167858,11
9120795,none,cycle,0,0.35,fixed,0,33,26,1,1,1,none,0.01754129819366048,30,0.19991453545449875,34
9120795,motor,cycle,0,0.35,fixed,1,33,26,1,1,1,motor,0.048601709073646006,30,0.4517932640688157,34
9120795,external,cycle,0,0.35,fixed,1,33,26,1,0,0,undetermined,0.03317894252705748,30,0.3972747910364859,34
9120795,sensor,cycle,0,0.35,fixed,1,33,26,1,0,0,undetermined,0.01754129819366048,30,0.19991453545449875,34
9120795,motor_external,cycle,0,0.35,fixed,1,33,26,1,0,0,undetermined,0.0329613950542121,30,0.6079877396186353,34
9120795,external_sensor,cycle,0,0.35,fixed,1,33,26,1,0,0,undetermined,0.03317894252705748,30,0.3972747910364859,34
9120795,nonlinear,cycle,0,0.35,fixed,1,33,26,1,0,0,unknown,0.37262159579482657,30,0.5847139258566343,34
9120795,none,cycle,0,0.35,calibrated,0,33,,0,1,0,none,0.05365229460665594,30,0.0,0
9120795,motor,cycle,0,0.35,calibrated,1,33,39,1,1,1,motor,0.03822162524058591,30,0.20065291087127757,21
9120795,external,cycle,0,0.35,calibrated,1,33,49,1,0,0,undetermined,0.09353474146600317,30,0.057693299080871535,11
9120795,sensor,cycle,0,0.35,calibrated,1,33,49,1,0,0,undetermined,0.09353474146600306,30,0.05769329908087155,11
9120795,motor_external,cycle,0,0.35,calibrated,1,33,34,1,0,0,undetermined,0.025272115757193132,30,0.1913331401769705,26
9120795,external_sensor,cycle,0,0.35,calibrated,1,33,34,1,0,0,undetermined,0.02527211575719327,30,0.1913331401769705,26
9120795,nonlinear,cycle,0,0.35,calibrated,1,33,,0,0,0,none,0.7091679591350151,30,0.0,0
9120795,none,adaptive,1,0.65,fixed,0,33,24,1,0,0,unknown,0.10738757104263083,27,0.6181211446578535,36
9120795,motor,adaptive,1,0.65,fixed,1,33,24,1,0,0,unknown,0.21805772730269993,27,1.1277590871497185,36
9120795,external,adaptive,1,0.65,fixed,1,33,24,1,0,0,unknown,0.07900359352991651,27,0.8654986590830837,36
9120795,sensor,adaptive,1,0.65,fixed,1,33,24,1,0,0,unknown,0.10738757104263083,27,0.6181211446578535,36
9120795,motor_external,adaptive,1,0.65,fixed,1,33,24,1,0,0,unknown,0.15749609930440328,27,1.3429589510893667,36
9120795,external_sensor,adaptive,1,0.65,fixed,1,33,24,1,0,0,unknown,0.07900359352991651,27,0.8654986590830837,36
9120795,nonlinear,adaptive,1,0.65,fixed,1,33,24,1,0,0,unknown,0.43401831602546415,27,0.9297049207112578,36
9120795,none,adaptive,1,0.65,calibrated,0,33,,0,1,0,none,0.18504566915356868,0,0.0,0
9120795,motor,adaptive,1,0.65,calibrated,1,33,,0,0,0,none,1.200991622483484,0,0.0,0
9120795,external,adaptive,1,0.65,calibrated,1,33,,0,0,0,none,1.1909886303270298,0,0.0,0
9120795,sensor,adaptive,1,0.65,calibrated,1,33,42,1,0,1,motor_external_sensor,0.3451288159787938,13,0.4198410576117866,18
9120795,motor_external,adaptive,1,0.65,calibrated,1,33,,0,0,0,none,2.206934583656945,0,0.0,0
9120795,external_sensor,adaptive,1,0.65,calibrated,1,33,42,1,0,1,motor_external_sensor,0.3451288159787939,13,0.4198410576117866,18
9120795,nonlinear,adaptive,1,0.65,calibrated,1,33,,0,0,0,none,0.9250033318490928,0,0.0,0
9120795,none,cycle,1,0.65,fixed,0,33,24,1,0,0,unknown,0.07666617957719316,30,0.6619711944954629,36
9120795,motor,cycle,1,0.65,fixed,1,33,24,1,0,0,unknown,0.08182393415583962,30,0.9427547465587028,36
9120795,external,cycle,1,0.65,fixed,1,33,24,1,0,0,unknown,0.06091794055007146,30,0.9001145375482064,36
9120795,sensor,cycle,1,0.65,fixed,1,33,24,1,0,0,unknown,0.07666617957719316,30,0.6619711944954629,36
9120795,motor_external,cycle,1,0.65,fixed,1,33,24,1,0,0,unknown,0.04822709590428744,30,1.1753385802319758,36
9120795,external_sensor,cycle,1,0.65,fixed,1,33,24,1,0,0,unknown,0.06091794055007146,30,0.9001145375482064,36
9120795,nonlinear,cycle,1,0.65,fixed,1,33,24,1,0,0,unknown,0.4411499427806926,30,1.093957698523928,36
9120795,none,cycle,1,0.65,calibrated,0,33,,0,1,0,none,0.18504566915356868,30,0.0,0
9120795,motor,cycle,1,0.65,calibrated,1,33,,0,0,0,none,1.200991622483484,30,0.0,0
9120795,external,cycle,1,0.65,calibrated,1,33,,0,0,0,none,1.1909886303270298,30,0.0,0
9120795,sensor,cycle,1,0.65,calibrated,1,33,42,1,0,1,motor_external_sensor,0.25409767928114024,30,0.5573153764369523,18
9120795,motor_external,cycle,1,0.65,calibrated,1,33,44,1,1,1,motor_external,0.25233308589245584,30,0.422014156941875,16
9120795,external_sensor,cycle,1,0.65,calibrated,1,33,42,1,0,1,motor_external_sensor,0.25409767928113985,30,0.5573153764369522,18
9120795,nonlinear,cycle,1,0.65,calibrated,1,33,,0,0,0,none,0.9250033318490928,30,0.0,0
9120795,none,adaptive,0,0.65,fixed,0,33,25,1,0,0,unknown,0.07739530609405068,26,0.6401846808388193,35
9120795,motor,adaptive,0,0.65,fixed,1,33,25,1,0,0,unknown,0.20096288574393123,26,1.0064926277330206,35
9120795,external,adaptive,0,0.65,fixed,1,33,25,1,0,0,unknown,0.06469398407377061,26,0.9109403553224436,35
9120795,sensor,adaptive,0,0.65,fixed,1,33,25,1,0,0,unknown,0.07739530609405068,26,0.6401846808388193,35
9120795,motor_external,adaptive,0,0.65,fixed,1,33,25,1,0,0,unknown,0.1863496691821776,26,1.2782949983987975,35
9120795,external_sensor,adaptive,0,0.65,fixed,1,33,25,1,0,0,unknown,0.06469398407377061,26,0.9109403553224436,35
9120795,nonlinear,adaptive,0,0.65,fixed,1,33,25,1,0,0,unknown,0.4125016154936634,26,0.8551028207290692,35
9120795,none,adaptive,0,0.65,calibrated,0,33,,0,1,0,none,0.18504566915356868,0,0.0,0
9120795,motor,adaptive,0,0.65,calibrated,1,33,,0,0,0,none,1.200991622483484,0,0.0,0
9120795,external,adaptive,0,0.65,calibrated,1,33,,0,0,0,none,1.1909886303270298,0,0.0,0
9120795,sensor,adaptive,0,0.65,calibrated,1,33,,0,0,0,none,0.18504566915356868,0,0.0,0
9120795,motor_external,adaptive,0,0.65,calibrated,1,33,,0,0,0,none,2.206934583656945,0,0.0,0
9120795,external_sensor,adaptive,0,0.65,calibrated,1,33,,0,0,0,none,1.1909886303270298,0,0.0,0
9120795,nonlinear,adaptive,0,0.65,calibrated,1,33,,0,0,0,none,0.9250033318490928,0,0.0,0
9120795,none,cycle,0,0.65,fixed,0,33,25,1,0,0,unknown,0.06182910864202477,30,0.6704101122183393,35
9120795,motor,cycle,0,0.65,fixed,1,33,25,1,0,0,unknown,0.08461790893278599,30,0.9618654235654938,35
9120795,external,cycle,0,0.65,fixed,1,33,25,1,0,0,unknown,0.06264937607642418,30,0.9254305697765369,35
9120795,sensor,cycle,0,0.65,fixed,1,33,25,1,0,0,unknown,0.06182910864202477,30,0.6704101122183393,35
9120795,motor_external,cycle,0,0.65,fixed,1,33,25,1,0,0,unknown,0.045794894606620305,30,1.167012075037819,35
9120795,external_sensor,cycle,0,0.65,fixed,1,33,25,1,0,0,unknown,0.06264937607642418,30,0.9254305697765369,35
9120795,nonlinear,cycle,0,0.65,fixed,1,33,25,1,0,0,unknown,0.42884157453503635,30,1.1166903564114925,35
9120795,none,cycle,0,0.65,calibrated,0,33,,0,1,0,none,0.18504566915356868,30,0.0,0
9120795,motor,cycle,0,0.65,calibrated,1,33,,0,0,0,none,1.200991622483484,30,0.0,0
9120795,external,cycle,0,0.65,calibrated,1,33,,0,0,0,none,1.1909886303270298,30,0.0,0
9120795,sensor,cycle,0,0.65,calibrated,1,33,,0,0,0,none,0.18504566915356868,30,0.0,0
9120795,motor_external,cycle,0,0.65,calibrated,1,33,49,1,0,0,undetermined,0.32259941444396983,30,0.19898301111565894,11
9120795,external_sensor,cycle,0,0.65,calibrated,1,33,49,1,0,0,undetermined,0.32259941444397,30,0.19898301111565903,11
9120795,nonlinear,cycle,0,0.65,calibrated,1,33,,0,0,0,none,0.9250033318490928,30,0.0,0
9120848,none,adaptive,1,0.13,fixed,0,32,,0,1,0,none,0.006157522659632446,0,0.0,0
9120848,motor,adaptive,1,0.13,fixed,1,32,33,1,1,1,motor,0.0049529349876399785,20,0.028060947950841384,27
9120848,external,adaptive,1,0.13,fixed,1,32,33,1,1,1,external,0.004952934987639983,20,0.028060947950841394,27
9120848,sensor,adaptive,1,0.13,fixed,1,32,33,1,1,1,sensor,0.004952934987639981,20,0.028060947950841384,27
9120848,motor_external,adaptive,1,0.13,fixed,1,32,33,1,1,1,motor_external,0.004952934987639977,20,0.02806094795084139,27
9120848,external_sensor,adaptive,1,0.13,fixed,1,32,33,1,1,1,external_sensor,0.004952934987639983,20,0.028060947950841394,27
9120848,nonlinear,adaptive,1,0.13,fixed,1,32,33,1,0,0,unknown,0.35530390456701477,20,0.34701613217744565,27
9120848,none,adaptive,1,0.13,calibrated,0,32,,0,1,0,none,0.006157522659632446,0,0.0,0
9120848,motor,adaptive,1,0.13,calibrated,1,32,33,1,1,1,motor,0.0049529349876399785,20,0.028060947950841384,27
9120848,external,adaptive,1,0.13,calibrated,1,32,33,1,1,1,external,0.004952934987639983,20,0.028060947950841394,27
9120848,sensor,adaptive,1,0.13,calibrated,1,32,33,1,1,1,sensor,0.004952934987639981,20,0.028060947950841384,27
9120848,motor_external,adaptive,1,0.13,calibrated,1,32,33,1,1,1,motor_external,0.004952934987639977,20,0.02806094795084139,27
9120848,external_sensor,adaptive,1,0.13,calibrated,1,32,33,1,1,1,external_sensor,0.004952934987639983,20,0.028060947950841394,27
9120848,nonlinear,adaptive,1,0.13,calibrated,1,32,33,1,0,0,unknown,0.35530390456701477,20,0.34701613217744565,27
9120848,none,cycle,1,0.13,fixed,0,32,,0,1,0,none,0.006157522659632446,30,0.0,0
9120848,motor,cycle,1,0.13,fixed,1,32,33,1,1,1,motor,0.003908044421486786,30,0.029936379051798932,27
9120848,external,cycle,1,0.13,fixed,1,32,33,1,1,1,external,0.003908044421486787,30,0.029936379051798936,27
9120848,sensor,cycle,1,0.13,fixed,1,32,33,1,1,1,sensor,0.003908044421486788,30,0.029936379051798936,27
9120848,motor_external,cycle,1,0.13,fixed,1,32,33,1,1,1,motor_external,0.003908044421486761,30,0.029936379051798932,27
9120848,external_sensor,cycle,1,0.13,fixed,1,32,33,1,1,1,external_sensor,0.003908044421486787,30,0.029936379051798936,27
9120848,nonlinear,cycle,1,0.13,fixed,1,32,33,1,0,0,unknown,0.3368334212200191,30,0.3639585185360551,27
9120848,none,cycle,1,0.13,calibrated,0,32,,0,1,0,none,0.006157522659632446,30,0.0,0
9120848,motor,cycle,1,0.13,calibrated,1,32,33,1,1,1,motor,0.003908044421486786,30,0.029936379051798932,27
9120848,external,cycle,1,0.13,calibrated,1,32,33,1,1,1,external,0.003908044421486787,30,0.029936379051798936,27
9120848,sensor,cycle,1,0.13,calibrated,1,32,33,1,1,1,sensor,0.003908044421486788,30,0.029936379051798936,27
9120848,motor_external,cycle,1,0.13,calibrated,1,32,33,1,1,1,motor_external,0.003908044421486761,30,0.029936379051798932,27
9120848,external_sensor,cycle,1,0.13,calibrated,1,32,33,1,1,1,external_sensor,0.003908044421486787,30,0.029936379051798936,27
9120848,nonlinear,cycle,1,0.13,calibrated,1,32,33,1,0,0,unknown,0.3368334212200191,30,0.3639585185360551,27
9120848,none,adaptive,0,0.13,fixed,0,32,,0,1,0,none,0.006157522659632446,0,0.0,0
9120848,motor,adaptive,0,0.13,fixed,1,32,33,1,1,1,motor,0.0049529349876399785,20,0.028060947950841384,27
9120848,external,adaptive,0,0.13,fixed,1,32,33,1,0,0,undetermined,0.004952934987639983,20,0.028060947950841394,27
9120848,sensor,adaptive,0,0.13,fixed,1,32,33,1,0,0,undetermined,0.004952934987639981,20,0.028060947950841384,27
9120848,motor_external,adaptive,0,0.13,fixed,1,32,33,1,0,0,undetermined,0.004952934987639977,20,0.02806094795084139,27
9120848,external_sensor,adaptive,0,0.13,fixed,1,32,33,1,0,0,undetermined,0.004952934987639983,20,0.028060947950841394,27
9120848,nonlinear,adaptive,0,0.13,fixed,1,32,33,1,0,0,unknown,0.35530390456701477,20,0.34701613217744565,27
9120848,none,adaptive,0,0.13,calibrated,0,32,,0,1,0,none,0.006157522659632446,0,0.0,0
9120848,motor,adaptive,0,0.13,calibrated,1,32,33,1,1,1,motor,0.0049529349876399785,20,0.028060947950841384,27
9120848,external,adaptive,0,0.13,calibrated,1,32,33,1,0,0,undetermined,0.004952934987639983,20,0.028060947950841394,27
9120848,sensor,adaptive,0,0.13,calibrated,1,32,33,1,0,0,undetermined,0.004952934987639981,20,0.028060947950841384,27
9120848,motor_external,adaptive,0,0.13,calibrated,1,32,33,1,0,0,undetermined,0.004952934987639977,20,0.02806094795084139,27
9120848,external_sensor,adaptive,0,0.13,calibrated,1,32,33,1,0,0,undetermined,0.004952934987639983,20,0.028060947950841394,27
9120848,nonlinear,adaptive,0,0.13,calibrated,1,32,33,1,0,0,unknown,0.35530390456701477,20,0.34701613217744565,27
9120848,none,cycle,0,0.13,fixed,0,32,,0,1,0,none,0.006157522659632446,30,0.0,0
9120848,motor,cycle,0,0.13,fixed,1,32,33,1,1,1,motor,0.003908044421486786,30,0.029936379051798932,27
9120848,external,cycle,0,0.13,fixed,1,32,33,1,0,0,undetermined,0.003908044421486787,30,0.029936379051798936,27
9120848,sensor,cycle,0,0.13,fixed,1,32,33,1,0,0,undetermined,0.003908044421486788,30,0.029936379051798936,27
9120848,motor_external,cycle,0,0.13,fixed,1,32,33,1,0,0,undetermined,0.003908044421486761,30,0.029936379051798932,27
9120848,external_sensor,cycle,0,0.13,fixed,1,32,33,1,0,0,undetermined,0.003908044421486787,30,0.029936379051798936,27
9120848,nonlinear,cycle,0,0.13,fixed,1,32,33,1,0,0,unknown,0.3368334212200191,30,0.3639585185360551,27
9120848,none,cycle,0,0.13,calibrated,0,32,,0,1,0,none,0.006157522659632446,30,0.0,0
9120848,motor,cycle,0,0.13,calibrated,1,32,33,1,1,1,motor,0.003908044421486786,30,0.029936379051798932,27
9120848,external,cycle,0,0.13,calibrated,1,32,33,1,0,0,undetermined,0.003908044421486787,30,0.029936379051798936,27
9120848,sensor,cycle,0,0.13,calibrated,1,32,33,1,0,0,undetermined,0.003908044421486788,30,0.029936379051798936,27
9120848,motor_external,cycle,0,0.13,calibrated,1,32,33,1,0,0,undetermined,0.003908044421486761,30,0.029936379051798932,27
9120848,external_sensor,cycle,0,0.13,calibrated,1,32,33,1,0,0,undetermined,0.003908044421486787,30,0.029936379051798936,27
9120848,nonlinear,cycle,0,0.13,calibrated,1,32,33,1,0,0,unknown,0.3368334212200191,30,0.3639585185360551,27
9120848,none,adaptive,1,0.35,fixed,0,32,24,1,1,1,none,0.025955732986368003,27,0.21585369388899733,36
9120848,motor,adaptive,1,0.35,fixed,1,32,24,1,1,1,motor,0.09242356010676067,27,0.5107439214572165,36
9120848,external,adaptive,1,0.35,fixed,1,32,24,1,1,1,external,0.07543889850242863,27,0.3817507670916446,36
9120848,sensor,adaptive,1,0.35,fixed,1,32,24,1,1,1,sensor,0.025955732986368003,27,0.21585369388899733,36
9120848,motor_external,adaptive,1,0.35,fixed,1,32,24,1,1,1,motor_external,0.1419067256228213,27,0.6766409946598638,36
9120848,external_sensor,adaptive,1,0.35,fixed,1,32,24,1,1,1,external_sensor,0.07543889850242863,27,0.3817507670916446,36
9120848,nonlinear,adaptive,1,0.35,fixed,1,32,24,1,0,0,unknown,0.36090332831605765,27,0.6409386656309023,36
9120848,none,adaptive,1,0.35,calibrated,0,32,,0,1,0,none,0.04463293052100457,0,0.0,0
9120848,motor,adaptive,1,0.35,calibrated,1,32,33,1,1,1,motor,0.03590145183348508,20,0.20340036236556625,27
9120848,external,adaptive,1,0.35,calibrated,1,32,34,1,1,1,external,0.020521418936526026,19,0.22771616725854266,26
9120848,sensor,adaptive,1,0.35,calibrated,1,32,43,1,0,1,motor_sensor,0.03775019753267977,12,0.18774922782819567,17
9120848,motor_external,adaptive,1,0.35,calibrated,1,32,33,1,1,1,motor_external,0.03590145183348516,20,0.20340036236556625,27
9120848,external_sensor,adaptive,1,0.35,calibrated,1,32,34,1,1,1,external_sensor,0.020521418936526026,19,0.22771616725854266,26
9120848,nonlinear,adaptive,1,0.35,calibrated,1,32,40,1,0,0,unknown,0.3713713099649802,15,0.6814550668625097,20
9120848,none,cycle,1,0.35,fixed,0,32,24,1,1,1,none,0.01629116157366162,30,0.22925760462829312,36
9120848,motor,cycle,1,0.35,fixed,1,32,24,1,1,1,motor,0.07062329194298224,30,0.5157417935337825,36
9120848,external,cycle,1,0.35,fixed,1,32,24,1,1,1,external,0.06566358319751922,30,0.39405071844779943,36
9120848,sensor,cycle,1,0.35,fixed,1,32,24,1,1,1,sensor,0.01629116157366162,30,0.22925760462829312,36
9120848,motor_external,cycle,1,0.35,fixed,1,32,24,1,1,1,motor_external,0.09200977125842753,30,0.6302866674217865,36
9120848,external_sensor,cycle,1,0.35,fixed,1,32,24,1,1,1,external_sensor,0.06566358319751922,30,0.39405071844779943,36
9120848,nonlinear,cycle,1,0.35,fixed,1,32,24,1,0,0,unknown,0.3597122442299569,30,0.5664177046732254,36
9120848,none,cycle,1,0.35,calibrated,0,32,,0,1,0,none,0.04463293052100457,30,0.0,0
9120848,motor,cycle,1,0.35,calibrated,1,32,37,1,1,1,motor,0.030852582345947233,30,0.22973203267514455,23
9120848,external,cycle,1,0.35,calibrated,1,32,57,1,0,0,undetermined,0.4173968493361066,30,1.7256332301709633e-31,3
9120848,sensor,cycle,1,0.35,calibrated,1,32,43,1,1,1,sensor,0.045617709608140974,30,0.18470696092418357,17
9120848,motor_external,cycle,1,0.35,calibrated,1,32,33,1,1,1,motor_external,0.02832754092497814,30,0.2169944635411461,27
9120848,external_sensor,cycle,1,0.35,calibrated,1,32,42,1,1,1,external_sensor,0.03853848296231779,30,0.22665712944632851,18
9120848,nonlinear,cycle,1,0.35,calibrated,1,32,,0,0,0,none,0.6857102107384938,30,0.0,0
9120848,none,adaptive,0,0.35,fixed,0,32,32,1,1,1,none,0.023928015325613776,21,0.22489985210735344,28
9120848,motor,adaptive,0,0.35,fixed,1,32,32,1,1,1,motor,0.02392801532561377,21,0.2248998521073535,28
9120848,external,adaptive,0,0.35,fixed,1,32,32,1,0,0,undetermined,0.023928015325613745,21,0.22489985210735347,28
9120848,sensor,adaptive,0,0.35,fixed,1,32,32,1,0,0,undetermined,0.023928015325613776,21,0.22489985210735344,28
9120848,motor_external,adaptive,0,0.35,fixed,1,32,32,1,0,0,undetermined,0.023928015325613786,21,0.22489985210735353,28
9120848,external_sensor,adaptive,0,0.35,fixed,1,32,32,1,0,0,undetermined,0.023928015325613745,21,0.22489985210735347,28
9120848,nonlinear,adaptive,0,0.35,fixed,1,32,32,1,0,0,unknown,0.37124283318889867,21,0.672221793765916,28
9120848,none,adaptive,0,0.35,calibrated,0,32,,0,1,0,none,0.04463293052100457,0,0.0,0
9120848,motor,adaptive,0,0.35,calibrated,1,32,37,1,1,1,motor,0.048355474857120426,17,0.20158569476113444,23
9120848,external,adaptive,0,0.35,calibrated,1,32,48,1,0,0,undetermined,0.03148105091502808,9,0.19555604871734242,12
9120848,sensor,adaptive,0,0.35,calibrated,1,32,48,1,0,0,undetermined,0.03148105091502802,9,0.19555604871734236,12
9120848,motor_external,adaptive,0,0.35,calibrated,1,32,33,1,0,0,undetermined,0.03590145183348516,20,0.20340036236556625,27
9120848,external_sensor,adaptive,0,0.35,calibrated,1,32,33,1,0,0,undetermined,0.035901451833485115,20,0.20340036236556627,27
9120848,nonlinear,adaptive,0,0.35,calibrated,1,32,48,1,0,0,unknown,0.3885255104016669,9,0.8128896757807613,12
9120848,none,cycle,0,0.35,fixed,0,32,32,1,0,1,motor,0.03259776367946717,30,0.21919763208633172,28
9120848,motor,cycle,0,0.35,fixed,1,32,32,1,1,1,motor,0.0325977636794672,30,0.21919763208633172,28
9120848,external,cycle,0,0.35,fixed,1,32,32,1,0,0,undetermined,0.03259776367946714,30,0.21919763208633167,28
9120848,sensor,cycle,0,0.35,fixed,1,32,32,1,0,0,undetermined,0.03259776367946717,30,0.21919763208633172,28
9120848,motor_external,cycle,0,0.35,fixed,1,32,32,1,0,0,undetermined,0.03259776367946709,30,0.21919763208633167,28
9120848,external_sensor,cycle,0,0.35,fixed,1,32,32,1,0,0,undetermined,0.03259776367946714,30,0.21919763208633167,28
9120848,nonlinear,cycle,0,0.35,fixed,1,32,32,1,0,0,unknown,0.3636816079180213,30,0.5808553948830772,28
9120848,none,cycle,0,0.35,calibrated,0,32,,0,1,0,none,0.04463293052100457,30,0.0,0
9120848,motor,cycle,0,0.35,calibrated,1,32,33,1,1,1,motor,0.02832754092497814,30,0.21699446354114607,27
9120848,external,cycle,0,0.35,calibrated,1,32,48,1,0,0,undetermined,0.0781484514402109,30,0.1465880116117679,12
9120848,sensor,cycle,0,0.35,calibrated,1,32,48,1,0,0,undetermined,0.07814845144021086,30,0.14658801161176788,12
9120848,motor_external,cycle,0,0.35,calibrated,1,32,33,1,0,0,undetermined,0.02832754092497814,30,0.2169944635411461,27
9120848,external_sensor,cycle,0,0.35,calibrated,1,32,33,1,0,0,undetermined,0.028327540924978245,30,0.2169944635411461,27
9120848,nonlinear,cycle,0,0.35,calibrated,1,32,59,1,0,0,undetermined,1.1314075338954976,30,2.465190328815662e-31,1
9120848,none,adaptive,1,0.65,fixed,0,32,24,1,0,0,unknown,0.08952079336114686,27,0.7444749850457255,36
9120848,motor,adaptive,1,0.65,fixed,1,32,24,1,0,0,unknown,0.14523617600272248,27,0.9958319685189791,36
9120848,external,adaptive,1,0.65,fixed,1,32,24,1,0,0,unknown,0.14713238646240237,27,0.932569549564928,36
9120848,sensor,adaptive,1,0.65,fixed,1,32,24,1,0,0,unknown,0.08952079336114686,27,0.7444749850457255,36
9120848,motor_external,adaptive,1,0.65,fixed,1,32,24,1,0,0,unknown,0.20284776910397806,27,1.1839265330381812,36
9120848,external_sensor,adaptive,1,0.65,fixed,1,32,24,1,0,0,unknown,0.14713238646240237,27,0.932569549564928,36
9120848,nonlinear,adaptive,1,0.65,fixed,1,32,24,1,0,0,unknown,0.4249618301903588,27,1.25026109658757,36
9120848,none,adaptive,1,0.65,calibrated,0,32,,0,1,0,none,0.1539380664908119,0,0.0,0
9120848,motor,adaptive,1,0.65,calibrated,1,32,34,1,1,1,motor,0.0707779551076103,19,0.7853884136059943,26
9120848,external,adaptive,1,0.65,calibrated,1,32,,0,0,0,none,1.2661418556983741,0,0.0,0
9120848,sensor,adaptive,1,0.65,calibrated,1,32,48,1,1,1,sensor,0.10857750213550477,9,0.6744688210863442,12
9120848,motor_external,adaptive,1,0.65,calibrated,1,32,33,1,1,1,motor_external,0.12382337469099958,20,0.7015236987710347,27
9120848,external_sensor,adaptive,1,0.65,calibrated,1,32,48,1,1,1,external_sensor,0.10857750213550485,9,0.6744688210863443,12
9120848,nonlinear,adaptive,1,0.65,calibrated,1,32,,0,0,0,none,0.8670815868947208,0,0.0,0
9120848,none,cycle,1,0.65,fixed,0,32,24,1,0,0,unknown,0.05618788379487376,30,0.7907047996363578,36
9120848,motor,cycle,1,0.65,fixed,1,32,24,1,0,0,unknown,0.09640082291918117,30,1.0983895893688689,36
9120848,external,cycle,1,0.65,fixed,1,32,24,1,0,0,unknown,0.11187128358530012,30,0.9789059256722131,36
9120848,sensor,cycle,1,0.65,fixed,1,32,24,1,0,0,unknown,0.05618788379487376,30,0.7907047996363578,36
9120848,motor_external,cycle,1,0.65,fixed,1,32,24,1,0,0,unknown,0.12409828040119524,30,1.236342475473222,36
9120848,external_sensor,cycle,1,0.65,fixed,1,32,24,1,0,0,unknown,0.11187128358530012,30,0.9789059256722131,36
9120848,nonlinear,cycle,1,0.65,fixed,1,32,24,1,0,0,unknown,0.3993562038656947,30,1.1568996899132837,36
9120848,none,cycle,1,0.65,calibrated,0,32,,0,1,0,none,0.1539380664908119,30,0.0,0
9120848,motor,cycle,1,0.65,calibrated,1,32,52,1,0,0,undetermined,0.3469138902444979,30,0.36440731697369366,8
9120848,external,cycle,1,0.65,calibrated,1,32,,0,0,0,none,1.2661418556983741,30,0.0,0
9120848,sensor,cycle,1,0.65,calibrated,1,32,48,1,0,1,motor_sensor,0.2695324141509317,30,0.5055790604569138,12
9120848,motor_external,cycle,1,0.65,calibrated,1,32,38,1,1,1,motor_external,0.11286705568281385,30,0.8135763949480963,22
9120848,external_sensor,cycle,1,0.65,calibrated,1,32,48,1,0,1,motor_external_sensor,0.26953241415093165,30,0.5055790604569138,12
9120848,nonlinear,cycle,1,0.65,calibrated,1,32,,0,0,0,none,0.8670815868947208,30,0.0,0
9120848,none,adaptive,0,0.65,fixed,0,32,24,1,0,0,unknown,0.08952079336114686,27,0.7444749850457255,36
9120848,motor,adaptive,0,0.65,fixed,1,32,24,1,0,0,unknown,0.14523617600272248,27,0.9958319685189791,36
9120848,external,adaptive,0,0.65,fixed,1,32,24,1,0,0,unknown,0.14713238646240237,27,0.932569549564928,36
9120848,sensor,adaptive,0,0.65,fixed,1,32,24,1,0,0,unknown,0.08952079336114686,27,0.7444749850457255,36
9120848,motor_external,adaptive,0,0.65,fixed,1,32,24,1,0,0,unknown,0.20284776910397806,27,1.1839265330381812,36
9120848,external_sensor,adaptive,0,0.65,fixed,1,32,24,1,0,0,unknown,0.14713238646240237,27,0.932569549564928,36
9120848,nonlinear,adaptive,0,0.65,fixed,1,32,24,1,0,0,unknown,0.4249618301903588,27,1.25026109658757,36
9120848,none,adaptive,0,0.65,calibrated,0,32,,0,1,0,none,0.1539380664908119,0,0.0,0
9120848,motor,adaptive,0,0.65,calibrated,1,32,48,1,1,1,motor,0.10857750213550466,9,0.6744688210863443,12
9120848,external,adaptive,0,0.65,calibrated,1,32,,0,0,0,none,1.2661418556983741,0,0.0,0
9120848,sensor,adaptive,0,0.65,calibrated,1,32,,0,0,0,none,0.1539380664908119,0,0.0,0
9120848,motor_external,adaptive,0,0.65,calibrated,1,32,37,1,0,0,undetermined,0.16677704593578263,17,0.6952649472373821,23
9120848,external_sensor,adaptive,0,0.65,calibrated,1,32,43,1,0,0,undetermined,0.13019966087801813,12,0.6475432551625525,17
9120848,nonlinear,adaptive,0,0.65,calibrated,1,32,,0,0,0,none,0.8670815868947208,0,0.0,0
9120848,none,cycle,0,0.65,fixed,0,32,24,1,0,0,unknown,0.05618788379487376,30,0.7907047996363578,36
9120848,motor,cycle,0,0.65,fixed,1,32,24,1,0,0,unknown,0.09640082291918117,30,1.0983895893688689,36
9120848,external,cycle,0,0.65,fixed,1,32,24,1,0,0,unknown,0.11187128358530012,30,0.9789059256722131,36
9120848,sensor,cycle,0,0.65,fixed,1,32,24,1,0,0,unknown,0.05618788379487376,30,0.7907047996363578,36
9120848,motor_external,cycle,0,0.65,fixed,1,32,24,1,0,0,unknown,0.12409828040119524,30,1.236342475473222,36
9120848,external_sensor,cycle,0,0.65,fixed,1,32,24,1,0,0,unknown,0.11187128358530012,30,0.9789059256722131,36
9120848,nonlinear,cycle,0,0.65,fixed,1,32,24,1,0,0,unknown,0.3993562038656947,30,1.1568996899132837,36
9120848,none,cycle,0,0.65,calibrated,0,32,,0,1,0,none,0.1539380664908119,30,0.0,0
9120848,motor,cycle,0,0.65,calibrated,1,32,,0,0,0,none,2.4568799416039644,30,0.0,0
9120848,external,cycle,0,0.65,calibrated,1,32,,0,0,0,none,1.2661418556983741,30,0.0,0
9120848,sensor,cycle,0,0.65,calibrated,1,32,,0,0,0,none,0.1539380664908119,30,0.0,0
9120848,motor_external,cycle,0,0.65,calibrated,1,32,43,1,0,0,undetermined,0.1573345494648127,30,0.6370505386976946,17
9120848,external_sensor,cycle,0,0.65,calibrated,1,32,43,1,0,0,undetermined,0.15733454946481273,30,0.6370505386976943,17
9120848,nonlinear,cycle,0,0.65,calibrated,1,32,,0,0,0,none,0.8670815868947208,30,0.0,0
9120901,none,adaptive,1,0.13,fixed,0,34,,0,1,0,none,0.0049917522089679275,0,0.0,0
9120901,motor,adaptive,1,0.13,fixed,1,34,35,1,1,1,motor,0.0042700547131418135,18,0.043013255124627545,25
9120901,external,adaptive,1,0.13,fixed,1,34,35,1,1,1,external,0.004270054713141836,18,0.04301325512462755,25
9120901,sensor,adaptive,1,0.13,fixed,1,34,35,1,1,1,sensor,0.004270054713141829,18,0.04301325512462755,25
9120901,motor_external,adaptive,1,0.13,fixed,1,34,35,1,1,1,motor_external,0.004270054713141834,18,0.043013255124627545,25
9120901,external_sensor,adaptive,1,0.13,fixed,1,34,35,1,1,1,external_sensor,0.004270054713141836,18,0.04301325512462755,25
9120901,nonlinear,adaptive,1,0.13,fixed,1,34,35,1,0,0,unknown,0.3525744412265608,18,0.5217118877268575,25
9120901,none,adaptive,1,0.13,calibrated,0,34,,0,1,0,none,0.0049917522089679275,0,0.0,0
9120901,motor,adaptive,1,0.13,calibrated,1,34,35,1,1,1,motor,0.0042700547131418135,18,0.043013255124627545,25
9120901,external,adaptive,1,0.13,calibrated,1,34,35,1,1,1,external,0.004270054713141836,18,0.04301325512462755,25
9120901,sensor,adaptive,1,0.13,calibrated,1,34,35,1,1,1,sensor,0.004270054713141829,18,0.04301325512462755,25
9120901,motor_external,adaptive,1,0.13,calibrated,1,34,35,1,1,1,motor_external,0.004270054713141834,18,0.043013255124627545,25
9120901,external_sensor,adaptive,1,0.13,calibrated,1,34,35,1,1,1,external_sensor,0.004270054713141836,18,0.04301325512462755,25
9120901,nonlinear,adaptive,1,0.13,calibrated,1,34,35,1,0,0,unknown,0.3525744412265608,18,0.5217118877268575,25
9120901,none,cycle,1,0.13,fixed,0,34,,0,1,0,none,0.0049917522089679275,30,0.0,0
9120901,motor,cycle,1,0.13,fixed,1,34,35,1,1,1,motor,0.0022806944527059047,30,0.04557391747734086,25
9120901,external,cycle,1,0.13,fixed,1,34,35,1,1,1,external,0.002280694452705904,30,0.04557391747734086,25
9120901,sensor,cycle,1,0.13,fixed,1,34,35,1,1,1,sensor,0.002280694452705902,30,0.04557391747734086,25
9120901,motor_external,cycle,1,0.13,fixed,1,34,35,1,1,1,motor_external,0.0022806944527059116,30,0.04557391747734086,25
9120901,external_sensor,cycle,1,0.13,fixed,1,34,35,1,1,1,external_sensor,0.002280694452705904,30,0.04557391747734086,25
9120901,nonlinear,cycle,1,0.13,fixed,1,34,35,1,0,0,unknown,0.3364806944527059,30,0.3971567059479019,25
9120901,none,cycle,1,0.13,calibrated,0,34,,0,1,0,none,0.0049917522089679275,30,0.0,0
9120901,motor,cycle,1,0.13,calibrated,1,34,35,1,1,1,motor,0.0022806944527059047,30,0.04557391747734086,25
9120901,external,cycle,1,0.13,calibrated,1,34,35,1,1,1,external,0.002280694452705904,30,0.04557391747734086,25
9120901,sensor,cycle,1,0.13,calibrated,1,34,35,1,1,1,sensor,0.002280694452705902,30,0.04557391747734086,25
9120901,motor_external,cycle,1,0.13,calibrated,1,34,35,1,1,1,motor_external,0.0022806944527059116,30,0.04557391747734086,25
9120901,external_sensor,cycle,1,0.13,calibrated,1,34,35,1,1,1,external_sensor,0.002280694452705904,30,0.04557391747734086,25
9120901,nonlinear,cycle,1,0.13,calibrated,1,34,35,1,0,0,unknown,0.3364806944527059,30,0.3971567059479019,25
9120901,none,adaptive,0,0.13,fixed,0,34,,0,1,0,none,0.0049917522089679275,0,0.0,0
9120901,motor,adaptive,0,0.13,fixed,1,34,35,1,1,1,motor,0.0042700547131418135,18,0.043013255124627545,25
9120901,external,adaptive,0,0.13,fixed,1,34,35,1,0,0,undetermined,0.004270054713141836,18,0.04301325512462755,25
9120901,sensor,adaptive,0,0.13,fixed,1,34,35,1,0,0,undetermined,0.004270054713141829,18,0.04301325512462755,25
9120901,motor_external,adaptive,0,0.13,fixed,1,34,35,1,0,0,undetermined,0.004270054713141834,18,0.043013255124627545,25
9120901,external_sensor,adaptive,0,0.13,fixed,1,34,35,1,0,0,undetermined,0.004270054713141836,18,0.04301325512462755,25
9120901,nonlinear,adaptive,0,0.13,fixed,1,34,35,1,0,0,unknown,0.3525744412265608,18,0.5217118877268575,25
9120901,none,adaptive,0,0.13,calibrated,0,34,,0,1,0,none,0.0049917522089679275,0,0.0,0
9120901,motor,adaptive,0,0.13,calibrated,1,34,35,1,1,1,motor,0.0042700547131418135,18,0.043013255124627545,25
9120901,external,adaptive,0,0.13,calibrated,1,34,35,1,0,0,undetermined,0.004270054713141836,18,0.04301325512462755,25
9120901,sensor,adaptive,0,0.13,calibrated,1,34,35,1,0,0,undetermined,0.004270054713141829,18,0.04301325512462755,25
9120901,motor_external,adaptive,0,0.13,calibrated,1,34,35,1,0,0,undetermined,0.004270054713141834,18,0.043013255124627545,25
9120901,external_sensor,adaptive,0,0.13,calibrated,1,34,35,1,0,0,undetermined,0.004270054713141836,18,0.04301325512462755,25
9120901,nonlinear,adaptive,0,0.13,calibrated,1,34,35,1,0,0,unknown,0.3525744412265608,18,0.5217118877268575,25
9120901,none,cycle,0,0.13,fixed,0,34,,0,1,0,none,0.0049917522089679275,30,0.0,0
9120901,motor,cycle,0,0.13,fixed,1,34,35,1,1,1,motor,0.0022806944527059047,30,0.04557391747734086,25
9120901,external,cycle,0,0.13,fixed,1,34,36,1,0,0,undetermined,0.002471342175698248,30,0.04700404781706143,24
9120901,sensor,cycle,0,0.13,fixed,1,34,36,1,0,0,undetermined,0.00247134217569826,30,0.04700404781706143,24
9120901,motor_external,cycle,0,0.13,fixed,1,34,35,1,0,0,undetermined,0.0022806944527059116,30,0.04557391747734086,25
9120901,external_sensor,cycle,0,0.13,fixed,1,34,35,1,0,0,undetermined,0.002280694452705904,30,0.04557391747734086,25
9120901,nonlinear,cycle,0,0.13,fixed,1,34,37,1,0,0,unknown,0.3382693972820618,30,0.41086007878530395,23
9120901,none,cycle,0,0.13,calibrated,0,34,,0,1,0,none,0.0049917522089679275,30,0.0,0
9120901,motor,cycle,0,0.13,calibrated,1,34,35,1,1,1,motor,0.0022806944527059047,30,0.04557391747734086,25
9120901,external,cycle,0,0.13,calibrated,1,34,36,1,0,0,undetermined,0.002471342175698248,30,0.04700404781706143,24
9120901,sensor,cycle,0,0.13,calibrated,1,34,36,1,0,0,undetermined,0.00247134217569826,30,0.04700404781706143,24
9120901,motor_external,cycle,0,0.13,calibrated,1,34,35,1,0,0,undetermined,0.0022806944527059116,30,0.04557391747734086,25
9120901,external_sensor,cycle,0,0.13,calibrated,1,34,35,1,0,0,undetermined,0.002280694452705904,30,0.04557391747734086,25
9120901,nonlinear,cycle,0,0.13,calibrated,1,34,37,1,0,0,unknown,0.3382693972820618,30,0.41086007878530395,23
9120901,none,adaptive,1,0.35,fixed,0,34,24,1,0,1,motor,0.057465566221232736,27,0.24176974678110005,36
9120901,motor,adaptive,1,0.35,fixed,1,34,24,1,1,1,motor,0.21267711304204603,27,0.5875861950858063,36
9120901,external,adaptive,1,0.35,fixed,1,34,24,1,0,1,motor_external,0.16149795438576314,27,0.41013763097341616,36
9120901,sensor,adaptive,1,0.35,fixed,1,34,24,1,0,1,motor_sensor,0.057465566221232736,27,0.24176974678110005,36
9120901,motor_external,adaptive,1,0.35,fixed,1,34,24,1,1,1,motor_external,0.31670950120657626,27,0.7559540792781224,36
9120901,external_sensor,adaptive,1,0.35,fixed,1,34,24,1,0,1,motor_external_sensor,0.16149795438576314,27,0.41013763097341616,36
9120901,nonlinear,adaptive,1,0.35,fixed,1,34,24,1,0,0,unknown,0.4066506297049992,27,0.6109641851725929,36
9120901,none,adaptive,1,0.35,calibrated,0,34,,0,1,0,none,0.03618281926618756,0,0.0,0
9120901,motor,adaptive,1,0.35,calibrated,1,34,42,1,1,1,motor,0.16342527305742174,13,0.208674221808079,18
9120901,external,adaptive,1,0.35,calibrated,1,34,57,1,0,0,undetermined,1.1389200755340636,2,2.3830173178551397e-31,3
9120901,sensor,adaptive,1,0.35,calibrated,1,34,53,1,0,0,undetermined,0.17012770989613218,5,0.4983354866693003,7
9120901,motor_external,adaptive,1,0.35,calibrated,1,34,35,1,1,1,motor_external,0.030951580021294306,18,0.3117824705779216,25
9120901,external_sensor,adaptive,1,0.35,calibrated,1,34,53,1,0,0,undetermined,0.1701277098961323,5,0.4983354866693004,7
9120901,nonlinear,adaptive,1,0.35,calibrated,1,34,57,1,0,0,undetermined,0.43619845028290155,2,9.4755753263852e-32,3
9120901,none,cycle,1,0.35,fixed,0,34,24,1,0,0,unknown,0.017660194363516058,30,0.2933064899640261,36
9120901,motor,cycle,1,0.35,fixed,1,34,24,1,0,0,unknown,0.14232494393941508,30,0.5577948754466902,36
9120901,external,cycle,1,0.35,fixed,1,34,24,1,0,0,unknown,0.12071839245474716,30,0.46226878159934376,36
9120901,sensor,cycle,1,0.35,fixed,1,34,24,1,0,0,unknown,0.017660194363516058,30,0.2933064899640261,36
9120901,motor_external,cycle,1,0.35,fixed,1,34,24,1,0,0,unknown,0.25376231733063015,30,0.7224899944755346,36
9120901,external_sensor,cycle,1,0.35,fixed,1,34,24,1,0,0,unknown,0.12071839245474716,30,0.46226878159934376,36
9120901,nonlinear,cycle,1,0.35,fixed,1,34,24,1,0,0,unknown,0.37608878361410236,30,0.6203749056445267,36
9120901,none,cycle,1,0.35,calibrated,0,34,,0,1,0,none,0.03618281926618756,30,0.0,0
9120901,motor,cycle,1,0.35,calibrated,1,34,42,1,1,1,motor,0.02256118984814385,30,0.38168874402589764,18
9120901,external,cycle,1,0.35,calibrated,1,34,56,1,0,0,undetermined,0.34108404909348095,30,0.24899786237183494,4
9120901,sensor,cycle,1,0.35,calibrated,1,34,53,1,0,0,undetermined,0.21519362542415008,30,0.41973284321798815,7
9120901,motor_external,cycle,1,0.35,calibrated,1,34,43,1,1,1,motor_external,0.023898458208650088,30,0.40074695982881087,17
9120901,external_sensor,cycle,1,0.35,calibrated,1,34,53,1,0,0,undetermined,0.2151936254241496,30,0.41973284321798815,7
9120901,nonlinear,cycle,1,0.35,calibrated,1,34,,0,0,0,none,0.6923441063102174,30,0.0,0
9120901,none,adaptive,0,0.35,fixed,0,34,24,1,0,1,motor,0.057465566221232736,27,0.24176974678110005,36
9120901,motor,adaptive,0,0.35,fixed,1,34,24,1,1,1,motor,0.21267711304204603,27,0.5875861950858063,36
9120901,external,adaptive,0,0.35,fixed,1,34,24,1,0,0,undetermined,0.16149795438576314,27,0.41013763097341616,36
9120901,sensor,adaptive,0,0.35,fixed,1,34,24,1,0,0,undetermined,0.057465566221232736,27,0.24176974678110005,36
9120901,motor_external,adaptive,0,0.35,fixed,1,34,24,1,0,0,undetermined,0.31670950120657626,27,0.7559540792781224,36
9120901,external_sensor,adaptive,0,0.35,fixed,1,34,24,1,0,0,undetermined,0.16149795438576314,27,0.41013763097341616,36
9120901,nonlinear,adaptive,0,0.35,fixed,1,34,24,1,0,0,unknown,0.4066506297049992,27,0.6109641851725929,36
9120901,none,adaptive,0,0.35,calibrated,0,34,,0,1,0,none,0.03618281926618756,0,0.0,0
9120901,motor,adaptive,0,0.35,calibrated,1,34,36,1,1,1,motor,0.1058108399986036,18,0.23098796675904124,24
9120901,external,adaptive,0,0.35,calibrated,1,34,36,1,0,0,undetermined,0.10581083999860363,18,0.23098796675904124,24
9120901,sensor,adaptive,0,0.35,calibrated,1,34,36,1,0,0,undetermined,0.10581083999860363,18,0.23098796675904124,24
9120901,motor_external,adaptive,0,0.35,calibrated,1,34,35,1,0,0,undetermined,0.030951580021294306,18,0.3117824705779216,25
9120901,external_sensor,adaptive,0,0.35,calibrated,1,34,36,1,0,0,undetermined,0.10581083999860363,18,0.23098796675904124,24
9120901,nonlinear,adaptive,0,0.35,calibrated,1,34,36,1,0,0,undetermined,0.4519545483376234,18,0.652087724770414,24
9120901,none,cycle,0,0.35,fixed,0,34,33,1,0,0,unknown,0.015690843383810296,30,0.3270575017242206,27
9120901,motor,cycle,0,0.35,fixed,1,34,33,1,0,0,unknown,0.042556843231178455,30,0.387042950782953,27
9120901,external,cycle,0,0.35,fixed,1,34,33,1,0,0,unknown,0.023709803687911417,30,0.3265151787228778,27
9120901,sensor,cycle,0,0.35,fixed,1,34,33,1,0,0,unknown,0.015690843383810296,30,0.3270575017242206,27
9120901,motor_external,cycle,0,0.35,fixed,1,34,33,1,0,0,unknown,0.056855265222574704,30,0.4346944448864691,27
9120901,external_sensor,cycle,0,0.35,fixed,1,34,33,1,0,0,unknown,0.023709803687911417,30,0.3265151787228778,27
9120901,nonlinear,cycle,0,0.35,fixed,1,34,33,1,0,0,unknown,0.3478678704022036,30,0.6781677705827688,27
9120901,none,cycle,0,0.35,calibrated,0,34,,0,1,0,none,0.03618281926618756,30,0.0,0
9120901,motor,cycle,0,0.35,calibrated,1,34,40,1,1,1,motor,0.021900975379512265,30,0.35351355068398255,20
9120901,external,cycle,0,0.35,calibrated,1,34,,0,0,0,none,1.0080872906481226,30,0.0,0
9120901,sensor,cycle,0,0.35,calibrated,1,34,,0,0,0,none,0.03618281926618756,30,0.0,0
9120901,motor_external,cycle,0,0.35,calibrated,1,34,38,1,0,0,undetermined,0.021610745524671772,30,0.36093541160826903,22
9120901,external_sensor,cycle,0,0.35,calibrated,1,34,36,1,0,0,undetermined,0.017913574942191486,30,0.34070981405858136,24
9120901,nonlinear,cycle,0,0.35,calibrated,1,34,,0,0,0,none,0.6923441063102174,30,0.0,0
9120901,none,adaptive,1,0.65,fixed,0,34,24,1,0,0,unknown,0.19819756513037398,27,0.8338589225715493,36
9120901,motor,adaptive,1,0.65,fixed,1,34,24,1,0,0,unknown,0.3763946706018314,27,1.137465130798808,36
9120901,external,adaptive,1,0.65,fixed,1,34,24,1,0,0,unknown,0.3378291431502159,27,1.0072564217858506,36
9120901,sensor,adaptive,1,0.65,fixed,1,34,24,1,0,0,unknown,0.19819756513037398,27,0.8338589225715493,36
9120901,motor_external,adaptive,1,0.65,fixed,1,34,24,1,0,0,unknown,0.5160262486216733,27,1.3108626300131094,36
9120901,external_sensor,adaptive,1,0.65,fixed,1,34,24,1,0,0,unknown,0.3378291431502159,27,1.0072564217858506,36
9120901,nonlinear,adaptive,1,0.65,fixed,1,34,24,1,0,0,unknown,0.5567370216531361,27,1.2477861600076021,36
9120901,none,adaptive,1,0.65,calibrated,0,34,,0,1,0,none,0.12479380522419806,0,0.0,0
9120901,motor,adaptive,1,0.65,calibrated,1,34,,0,0,0,none,1.5083491612143838,0,0.0,0
9120901,external,adaptive,1,0.65,calibrated,1,34,,0,0,0,none,1.235473537790649,0,0.0,0
9120901,sensor,adaptive,1,0.65,calibrated,1,34,,0,0,0,none,0.12479380522419806,0,0.0,0
9120901,motor_external,adaptive,1,0.65,calibrated,1,34,54,1,0,0,undetermined,1.9202448862763926,4,0.39789414743152585,6
9120901,external_sensor,adaptive,1,0.65,calibrated,1,34,,0,0,0,none,1.235473537790649,0,0.0,0
9120901,nonlinear,adaptive,1,0.65,calibrated,1,34,,0,0,0,none,0.8659504811631106,0,0.0,0
9120901,none,cycle,1,0.65,fixed,0,34,24,1,0,0,unknown,0.06090964994763699,30,1.0116080980391924,36
9120901,motor,cycle,1,0.65,fixed,1,34,24,1,0,0,unknown,0.18741580379342096,30,1.227158089313252,36
9120901,external,cycle,1,0.65,fixed,1,34,24,1,0,0,unknown,0.19843746081137753,30,1.1862088871960095,36
9120901,sensor,cycle,1,0.65,fixed,1,34,24,1,0,0,unknown,0.06090964994763699,30,1.0116080980391924,36
9120901,motor_external,cycle,1,0.65,fixed,1,34,24,1,0,0,unknown,0.33332278995714537,30,1.3974917058635958,36
9120901,external_sensor,cycle,1,0.65,fixed,1,34,24,1,0,0,unknown,0.19843746081137753,30,1.1862088871960095,36
9120901,nonlinear,cycle,1,0.65,fixed,1,34,24,1,0,0,unknown,0.4260712135374364,30,1.3713686922630466,36
9120901,none,cycle,1,0.65,calibrated,0,34,,0,1,0,none,0.12479380522419806,30,0.0,0
9120901,motor,cycle,1,0.65,calibrated,1,34,,0,0,0,none,1.5083491612143838,30,0.0,0
9120901,external,cycle,1,0.65,calibrated,1,34,,0,0,0,none,1.235473537790649,30,0.0,0
9120901,sensor,cycle,1,0.65,calibrated,1,34,,0,0,0,none,0.12479380522419806,30,0.0,0
9120901,motor_external,cycle,1,0.65,calibrated,1,34,,0,0,0,none,2.619028893780835,30,0.0,0
9120901,external_sensor,cycle,1,0.65,calibrated,1,34,,0,0,0,none,1.235473537790649,30,0.0,0
9120901,nonlinear,cycle,1,0.65,calibrated,1,34,,0,0,0,none,0.8659504811631106,30,0.0,0
9120901,none,adaptive,0,0.65,fixed,0,34,24,1,0,0,unknown,0.19819756513037398,27,0.8338589225715493,36
9120901,motor,adaptive,0,0.65,fixed,1,34,24,1,0,0,unknown,0.3763946706018314,27,1.137465130798808,36
9120901,external,adaptive,0,0.65,fixed,1,34,24,1,0,0,unknown,0.3378291431502159,27,1.0072564217858506,36
9120901,sensor,adaptive,0,0.65,fixed,1,34,24,1,0,0,unknown,0.19819756513037398,27,0.8338589225715493,36
9120901,motor_external,adaptive,0,0.65,fixed,1,34,24,1,0,0,unknown,0.5160262486216733,27,1.3108626300131094,36
9120901,external_sensor,adaptive,0,0.65,fixed,1,34,24,1,0,0,unknown,0.3378291431502159,27,1.0072564217858506,36
9120901,nonlinear,adaptive,0,0.65,fixed,1,34,24,1,0,0,unknown,0.5567370216531361,27,1.2477861600076021,36
9120901,none,adaptive,0,0.65,calibrated,0,34,,0,1,0,none,0.12479380522419806,0,0.0,0
9120901,motor,adaptive,0,0.65,calibrated,1,34,52,1,0,0,undetermined,1.4979078229050564,6,0.3588627485560105,8
9120901,external,adaptive,0,0.65,calibrated,1,34,,0,0,0,none,1.235473537790649,0,0.0,0
9120901,sensor,adaptive,0,0.65,calibrated,1,34,,0,0,0,none,0.12479380522419806,0,0.0,0
9120901,motor_external,adaptive,0,0.65,calibrated,1,34,36,1,0,0,undetermined,0.3649394277502861,18,0.7966727833117954,24
9120901,external_sensor,adaptive,0,0.65,calibrated,1,34,36,1,0,0,undetermined,0.3649394277502859,18,0.7966727833117955,24
9120901,nonlinear,adaptive,0,0.65,calibrated,1,34,,0,0,0,none,0.8659504811631106,0,0.0,0
9120901,none,cycle,0,0.65,fixed,0,34,24,1,0,0,unknown,0.06090964994763699,30,1.0116080980391924,36
9120901,motor,cycle,0,0.65,fixed,1,34,24,1,0,0,unknown,0.18741580379342096,30,1.227158089313252,36
9120901,external,cycle,0,0.65,fixed,1,34,24,1,0,0,unknown,0.19843746081137753,30,1.1862088871960095,36
9120901,sensor,cycle,0,0.65,fixed,1,34,24,1,0,0,unknown,0.06090964994763699,30,1.0116080980391924,36
9120901,motor_external,cycle,0,0.65,fixed,1,34,24,1,0,0,unknown,0.33332278995714537,30,1.3974917058635958,36
9120901,external_sensor,cycle,0,0.65,fixed,1,34,24,1,0,0,unknown,0.19843746081137753,30,1.1862088871960095,36
9120901,nonlinear,cycle,0,0.65,fixed,1,34,24,1,0,0,unknown,0.4260712135374364,30,1.3713686922630466,36
9120901,none,cycle,0,0.65,calibrated,0,34,,0,1,0,none,0.12479380522419806,30,0.0,0
9120901,motor,cycle,0,0.65,calibrated,1,34,,0,0,0,none,1.5083491612143838,30,0.0,0
9120901,external,cycle,0,0.65,calibrated,1,34,,0,0,0,none,1.235473537790649,30,0.0,0
9120901,sensor,cycle,0,0.65,calibrated,1,34,,0,0,0,none,0.12479380522419806,30,0.0,0
9120901,motor_external,cycle,0,0.65,calibrated,1,34,43,1,0,0,undetermined,0.08242529463799722,30,1.3821680859401848,17
9120901,external_sensor,cycle,0,0.65,calibrated,1,34,53,1,0,0,undetermined,0.7421984223812513,30,1.4476500102824494,7
9120901,nonlinear,cycle,0,0.65,calibrated,1,34,,0,0,0,none,0.8659504811631106,30,0.0,0
9120954,none,adaptive,1,0.13,fixed,0,29,,0,1,0,none,0.0023824223183738754,0,0.0,0
9120954,motor,adaptive,1,0.13,fixed,1,29,30,1,1,1,motor,0.003119360448669856,22,0.028868878140100473,30
9120954,external,adaptive,1,0.13,fixed,1,29,30,1,1,1,external,0.0031193604486698554,22,0.028868878140100467,30
9120954,sensor,adaptive,1,0.13,fixed,1,29,30,1,1,1,sensor,0.003119360448669849,22,0.028868878140100467,30
9120954,motor_external,adaptive,1,0.13,fixed,1,29,30,1,1,1,motor_external,0.00311936044866986,22,0.028868878140100473,30
9120954,external_sensor,adaptive,1,0.13,fixed,1,29,30,1,1,1,external_sensor,0.0031193604486698554,22,0.028868878140100467,30
9120954,nonlinear,adaptive,1,0.13,fixed,1,29,30,1,0,0,unknown,0.34732688919961185,22,0.36189657022138205,30
9120954,none,adaptive,1,0.13,calibrated,0,29,,0,1,0,none,0.0023824223183738754,0,0.0,0
9120954,motor,adaptive,1,0.13,calibrated,1,29,30,1,1,1,motor,0.003119360448669856,22,0.028868878140100473,30
9120954,external,adaptive,1,0.13,calibrated,1,29,30,1,1,1,external,0.0031193604486698554,22,0.028868878140100467,30
9120954,sensor,adaptive,1,0.13,calibrated,1,29,30,1,1,1,sensor,0.003119360448669849,22,0.028868878140100467,30
9120954,motor_external,adaptive,1,0.13,calibrated,1,29,30,1,1,1,motor_external,0.00311936044866986,22,0.028868878140100473,30
9120954,external_sensor,adaptive,1,0.13,calibrated,1,29,30,1,1,1,external_sensor,0.0031193604486698554,22,0.028868878140100467,30
9120954,nonlinear,adaptive,1,0.13,calibrated,1,29,30,1,0,0,unknown,0.34732688919961185,22,0.36189657022138205,30
9120954,none,cycle,1,0.13,fixed,0,29,,0,1,0,none,0.0023824223183738754,30,0.0,0
9120954,motor,cycle,1,0.13,fixed,1,29,30,1,1,1,motor,0.0024941637754507884,30,0.029904421115699895,30
9120954,external,cycle,1,0.13,fixed,1,29,30,1,1,1,external,0.0024941637754507884,30,0.029904421115699898,30
9120954,sensor,cycle,1,0.13,fixed,1,29,30,1,1,1,sensor,0.002494163775450791,30,0.029904421115699905,30
9120954,motor_external,cycle,1,0.13,fixed,1,29,30,1,1,1,motor_external,0.00249416377545079,30,0.029904421115699888,30
9120954,external_sensor,cycle,1,0.13,fixed,1,29,30,1,1,1,external_sensor,0.0024941637754507884,30,0.029904421115699898,30
9120954,nonlinear,cycle,1,0.13,fixed,1,29,30,1,0,0,unknown,0.33669416377545075,30,0.36785719288460417,30
9120954,none,cycle,1,0.13,calibrated,0,29,,0,1,0,none,0.0023824223183738754,30,0.0,0
9120954,motor,cycle,1,0.13,calibrated,1,29,30,1,1,1,motor,0.0024941637754507884,30,0.029904421115699895,30
9120954,external,cycle,1,0.13,calibrated,1,29,30,1,1,1,external,0.0024941637754507884,30,0.029904421115699898,30
9120954,sensor,cycle,1,0.13,calibrated,1,29,30,1,1,1,sensor,0.002494163775450791,30,0.029904421115699905,30
9120954,motor_external,cycle,1,0.13,calibrated,1,29,30,1,1,1,motor_external,0.00249416377545079,30,0.029904421115699888,30
9120954,external_sensor,cycle,1,0.13,calibrated,1,29,30,1,1,1,external_sensor,0.0024941637754507884,30,0.029904421115699898,30
9120954,nonlinear,cycle,1,0.13,calibrated,1,29,30,1,0,0,unknown,0.33669416377545075,30,0.36785719288460417,30
9120954,none,adaptive,0,0.13,fixed,0,29,,0,1,0,none,0.0023824223183738754,0,0.0,0
9120954,motor,adaptive,0,0.13,fixed,1,29,30,1,1,1,motor,0.003119360448669856,22,0.028868878140100473,30
9120954,external,adaptive,0,0.13,fixed,1,29,30,1,0,0,undetermined,0.0031193604486698554,22,0.028868878140100467,30
9120954,sensor,adaptive,0,0.13,fixed,1,29,30,1,0,0,undetermined,0.003119360448669849,22,0.028868878140100467,30
9120954,motor_external,adaptive,0,0.13,fixed,1,29,30,1,0,0,undetermined,0.00311936044866986,22,0.028868878140100473,30
9120954,external_sensor,adaptive,0,0.13,fixed,1,29,30,1,0,0,undetermined,0.0031193604486698554,22,0.028868878140100467,30
9120954,nonlinear,adaptive,0,0.13,fixed,1,29,30,1,0,0,unknown,0.34732688919961185,22,0.36189657022138205,30
9120954,none,adaptive,0,0.13,calibrated,0,29,,0,1,0,none,0.0023824223183738754,0,0.0,0
9120954,motor,adaptive,0,0.13,calibrated,1,29,30,1,1,1,motor,0.003119360448669856,22,0.028868878140100473,30
9120954,external,adaptive,0,0.13,calibrated,1,29,30,1,0,0,undetermined,0.0031193604486698554,22,0.028868878140100467,30
9120954,sensor,adaptive,0,0.13,calibrated,1,29,30,1,0,0,undetermined,0.003119360448669849,22,0.028868878140100467,30
9120954,motor_external,adaptive,0,0.13,calibrated,1,29,30,1,0,0,undetermined,0.00311936044866986,22,0.028868878140100473,30
9120954,external_sensor,adaptive,0,0.13,calibrated,1,29,30,1,0,0,undetermined,0.0031193604486698554,22,0.028868878140100467,30
9120954,nonlinear,adaptive,0,0.13,calibrated,1,29,30,1,0,0,unknown,0.34732688919961185,22,0.36189657022138205,30
9120954,none,cycle,0,0.13,fixed,0,29,,0,1,0,none,0.0023824223183738754,30,0.0,0
9120954,motor,cycle,0,0.13,fixed,1,29,30,1,1,1,motor,0.0024941637754507884,30,0.029904421115699895,30
9120954,external,cycle,0,0.13,fixed,1,29,30,1,0,0,undetermined,0.0024941637754507884,30,0.029904421115699898,30
9120954,sensor,cycle,0,0.13,fixed,1,29,30,1,0,0,undetermined,0.002494163775450791,30,0.029904421115699905,30
9120954,motor_external,cycle,0,0.13,fixed,1,29,30,1,0,0,undetermined,0.00249416377545079,30,0.029904421115699888,30
9120954,external_sensor,cycle,0,0.13,fixed,1,29,30,1,0,0,undetermined,0.0024941637754507884,30,0.029904421115699898,30
9120954,nonlinear,cycle,0,0.13,fixed,1,29,33,1,0,0,unknown,0.33716068199697985,30,0.3768862289739624,27
9120954,none,cycle,0,0.13,calibrated,0,29,,0,1,0,none,0.0023824223183738754,30,0.0,0
9120954,motor,cycle,0,0.13,calibrated,1,29,30,1,1,1,motor,0.0024941637754507884,30,0.029904421115699895,30
9120954,external,cycle,0,0.13,calibrated,1,29,30,1,0,0,undetermined,0.0024941637754507884,30,0.029904421115699898,30
9120954,sensor,cycle,0,0.13,calibrated,1,29,30,1,0,0,undetermined,0.002494163775450791,30,0.029904421115699905,30
9120954,motor_external,cycle,0,0.13,calibrated,1,29,30,1,0,0,undetermined,0.00249416377545079,30,0.029904421115699888,30
9120954,external_sensor,cycle,0,0.13,calibrated,1,29,30,1,0,0,undetermined,0.0024941637754507884,30,0.029904421115699898,30
9120954,nonlinear,cycle,0,0.13,calibrated,1,29,33,1,0,0,unknown,0.33716068199697985,30,0.3768862289739624,27
9120954,none,adaptive,1,0.35,fixed,0,29,25,1,1,1,none,0.010788156528359252,26,0.22235684034697148,35
9120954,motor,adaptive,1,0.35,fixed,1,29,25,1,1,1,motor,0.0393547473243467,26,0.49848605193848966,35
9120954,external,adaptive,1,0.35,fixed,1,29,25,1,1,1,external,0.017689733974058146,26,0.3171990719669525,35
9120954,sensor,adaptive,1,0.35,fixed,1,29,25,1,1,1,sensor,0.010788156528359252,26,0.22235684034697148,35
9120954,motor_external,adaptive,1,0.35,fixed,1,29,25,1,1,1,motor_external,0.04501424233884231,26,0.5940082807604382,35
9120954,external_sensor,adaptive,1,0.35,fixed,1,29,25,1,1,1,external_sensor,0.017689733974058146,26,0.3171990719669525,35
9120954,nonlinear,adaptive,1,0.35,fixed,1,29,25,1,0,0,unknown,0.3407685105271042,26,0.5755862886260554,35
9120954,none,adaptive,1,0.35,calibrated,0,29,,0,1,0,none,0.01726903751484023,0,0.0,0
9120954,motor,adaptive,1,0.35,calibrated,1,29,30,1,1,1,motor,0.022610748814322925,22,0.2092566610746927,30
9120954,external,adaptive,1,0.35,calibrated,1,29,,0,0,0,none,0.8803382492926808,0,0.0,0
9120954,sensor,adaptive,1,0.35,calibrated,1,29,,0,0,0,none,0.01726903751484023,0,0.0,0
9120954,motor_external,adaptive,1,0.35,calibrated,1,29,30,1,1,1,motor_external,0.022610748814322935,22,0.2092566610746927,30
9120954,external_sensor,adaptive,1,0.35,calibrated,1,29,,0,0,0,none,0.8803382492926808,0,0.0,0
9120954,nonlinear,adaptive,1,0.35,calibrated,1,29,,0,0,0,none,0.6720652132306573,0,0.0,0
9120954,none,cycle,1,0.35,fixed,0,29,25,1,1,1,none,0.009422804347325956,30,0.2247255422036712,35
9120954,motor,cycle,1,0.35,fixed,1,29,25,1,1,1,motor,0.02246377008535899,30,0.4048489942259535,35
9120954,external,cycle,1,0.35,fixed,1,29,25,1,1,1,external,0.01705598609244854,30,0.31868207151504463,35
9120954,sensor,cycle,1,0.35,fixed,1,29,25,1,1,1,sensor,0.009422804347325956,30,0.2247255422036712,35
9120954,motor_external,cycle,1,0.35,fixed,1,29,25,1,1,1,motor_external,0.039819190998388695,30,0.5414338029658428,35
9120954,external_sensor,cycle,1,0.35,fixed,1,29,25,1,1,1,external_sensor,0.01705598609244854,30,0.31868207151504463,35
9120954,nonlinear,cycle,1,0.35,fixed,1,29,25,1,0,0,unknown,0.34759271525023117,30,0.5388298564268479,35
9120954,none,cycle,1,0.35,calibrated,0,29,,0,1,0,none,0.01726903751484023,30,0.0,0
9120954,motor,cycle,1,0.35,calibrated,1,29,33,1,1,1,motor,0.02700530024354658,30,0.20695421564026642,27
9120954,external,cycle,1,0.35,calibrated,1,29,,0,0,0,none,0.8803382492926808,30,0.0,0
9120954,sensor,cycle,1,0.35,calibrated,1,29,,0,0,0,none,0.01726903751484023,30,0.0,0
9120954,motor_external,cycle,1,0.35,calibrated,1,29,33,1,1,1,motor_external,0.02700530024354659,30,0.20695421564026642,27
9120954,external_sensor,cycle,1,0.35,calibrated,1,29,,0,0,0,none,0.8803382492926808,30,0.0,0
9120954,nonlinear,cycle,1,0.35,calibrated,1,29,,0,0,0,none,0.6720652132306573,30,0.0,0
9120954,none,adaptive,0,0.35,fixed,0,29,36,1,1,1,none,0.019785792922039976,18,0.20533075652907073,24
9120954,motor,adaptive,0,0.35,fixed,1,29,29,1,1,1,motor,0.010960495467456265,23,0.22214546861189732,31
9120954,external,adaptive,0,0.35,fixed,1,29,29,1,0,0,undetermined,0.010960495467456217,23,0.22214546861189738,31
9120954,sensor,adaptive,0,0.35,fixed,1,29,29,1,0,0,undetermined,0.01096049546745625,23,0.22214546861189735,31
9120954,motor_external,adaptive,0,0.35,fixed,1,29,29,1,0,0,undetermined,0.010960495467456246,23,0.22214546861189735,31
9120954,external_sensor,adaptive,0,0.35,fixed,1,29,29,1,0,0,undetermined,0.010960495467456217,23,0.22214546861189738,31
9120954,nonlinear,adaptive,0,0.35,fixed,1,29,29,1,0,0,unknown,0.34284950781722967,23,0.5899828144281306,31
9120954,none,adaptive,0,0.35,calibrated,0,29,,0,1,0,none,0.01726903751484023,0,0.0,0
9120954,motor,adaptive,0,0.35,calibrated,1,29,33,1,1,1,motor,0.011784514267667722,20,0.22092930773885755,27
9120954,external,adaptive,0,0.35,calibrated,1,29,,0,0,0,none,0.8803382492926808,0,0.0,0
9120954,sensor,adaptive,0,0.35,calibrated,1,29,,0,0,0,none,0.01726903751484023,0,0.0,0
9120954,motor_external,adaptive,0,0.35,calibrated,1,29,30,1,0,0,undetermined,0.022610748814322935,22,0.2092566610746927,30
9120954,external_sensor,adaptive,0,0.35,calibrated,1,29,31,1,0,0,undetermined,0.01168976721276332,21,0.22546118369181814,29
9120954,nonlinear,adaptive,0,0.35,calibrated,1,29,,0,0,0,none,0.6720652132306573,0,0.0,0
9120954,none,cycle,0,0.35,fixed,0,29,28,1,1,1,none,0.01837385102488052,30,0.20997821317186477,32
9120954,motor,cycle,0,0.35,fixed,1,29,28,1,1,1,motor,0.024078041315096627,30,0.2880822321187557,32
9120954,external,cycle,0,0.35,fixed,1,29,28,1,0,0,undetermined,0.02099421282923001,30,0.23844494256347804,32
9120954,sensor,cycle,0,0.35,fixed,1,29,28,1,0,0,undetermined,0.01837385102488052,30,0.20997821317186477,32
9120954,motor_external,cycle,0,0.35,fixed,1,29,28,1,0,0,undetermined,0.03213023074802802,30,0.3660466884405829,32
9120954,external_sensor,cycle,0,0.35,fixed,1,29,28,1,0,0,undetermined,0.02099421282923001,30,0.23844494256347804,32
9120954,nonlinear,cycle,0,0.35,fixed,1,29,28,1,0,0,unknown,0.34793218085969047,30,0.5496515390178736,32
9120954,none,cycle,0,0.35,calibrated,0,29,,0,1,0,none,0.01726903751484023,30,0.0,0
9120954,motor,cycle,0,0.35,calibrated,1,29,32,1,1,1,motor,0.026775324605488166,30,0.21708701327151517,28
9120954,external,cycle,0,0.35,calibrated,1,29,,0,0,0,none,0.8803382492926808,30,0.0,0
9120954,sensor,cycle,0,0.35,calibrated,1,29,,0,0,0,none,0.01726903751484023,30,0.0,0
9120954,motor_external,cycle,0,0.35,calibrated,1,29,33,1,0,0,undetermined,0.02700530024354659,30,0.20695421564026642,27
9120954,external_sensor,cycle,0,0.35,calibrated,1,29,31,1,0,0,undetermined,0.023433912133186068,30,0.2156287631442966,29
9120954,nonlinear,cycle,0,0.35,calibrated,1,29,,0,0,0,none,0.6720652132306573,30,0.0,0
9120954,none,adaptive,1,0.65,fixed,0,29,24,1,0,0,unknown,0.0727545228083717,27,0.7037029636236706,36
9120954,motor,adaptive,1,0.65,fixed,1,29,24,1,0,0,unknown,0.05675971044334368,27,0.8464913746718465,36
9120954,external,adaptive,1,0.65,fixed,1,29,24,1,0,0,unknown,0.08865396196634764,27,0.8333761133496126,36
9120954,sensor,adaptive,1,0.65,fixed,1,29,24,1,0,0,unknown,0.0727545228083717,27,0.7037029636236706,36
9120954,motor_external,adaptive,1,0.65,fixed,1,29,24,1,0,0,unknown,0.0865142637051569,27,1.011509203234108,36
9120954,external_sensor,adaptive,1,0.65,fixed,1,29,24,1,0,0,unknown,0.08865396196634764,27,0.8333761133496126,36
9120954,nonlinear,adaptive,1,0.65,fixed,1,29,24,1,0,0,unknown,0.41688692832567514,27,1.0532202306117489,36
9120954,none,adaptive,1,0.65,calibrated,0,29,,0,1,0,none,0.059560557959347005,0,0.0,0
9120954,motor,adaptive,1,0.65,calibrated,1,29,,0,0,0,none,1.5461544072890334,0,0.0,0
9120954,external,adaptive,1,0.65,calibrated,1,29,,0,0,0,none,0.9681176655467647,0,0.0,0
9120954,sensor,adaptive,1,0.65,calibrated,1,29,,0,0,0,none,0.059560557959347005,0,0.0,0
9120954,motor_external,adaptive,1,0.65,calibrated,1,29,36,1,1,1,motor_external,0.06824079599642377,18,0.7081815888451626,24
9120954,external_sensor,adaptive,1,0.65,calibrated,1,29,,0,0,0,none,0.9681176655467647,0,0.0,0
9120954,nonlinear,adaptive,1,0.65,calibrated,1,29,,0,0,0,none,0.7981820271458643,0,0.0,0
9120954,none,cycle,1,0.65,fixed,0,29,24,1,0,0,unknown,0.0279334890546447,30,0.7604741282277203,36
9120954,motor,cycle,1,0.65,fixed,1,29,24,1,0,0,unknown,0.05053356769623808,30,0.9716675214934936,36
9120954,external,cycle,1,0.65,fixed,1,29,24,1,0,0,unknown,0.03677048753598315,30,0.898571274538802,36
9120954,sensor,cycle,1,0.65,fixed,1,29,24,1,0,0,unknown,0.0279334890546447,30,0.7604741282277203,36
9120954,motor_external,cycle,1,0.65,fixed,1,29,24,1,0,0,unknown,0.06122477580909088,30,1.1088203943811186,36
9120954,external_sensor,cycle,1,0.65,fixed,1,29,24,1,0,0,unknown,0.03677048753598315,30,0.898571274538802,36
9120954,nonlinear,cycle,1,0.65,fixed,1,29,24,1,0,0,unknown,0.37301751806262134,30,1.0643009393564158,36
9120954,none,cycle,1,0.65,calibrated,0,29,,0,1,0,none,0.059560557959347005,30,0.0,0
9120954,motor,cycle,1,0.65,calibrated,1,29,,0,0,0,none,1.5461544072890334,30,0.0,0
9120954,external,cycle,1,0.65,calibrated,1,29,,0,0,0,none,0.9681176655467647,30,0.0,0
9120954,sensor,cycle,1,0.65,calibrated,1,29,,0,0,0,none,0.059560557959347005,30,0.0,0
9120954,motor_external,cycle,1,0.65,calibrated,1,29,,0,0,0,none,2.4547115148764513,30,0.0,0
9120954,external_sensor,cycle,1,0.65,calibrated,1,29,,0,0,0,none,0.9681176655467647,30,0.0,0
9120954,nonlinear,cycle,1,0.65,calibrated,1,29,,0,0,0,none,0.7981820271458643,30,0.0,0
9120954,none,adaptive,0,0.65,fixed,0,29,24,1,0,0,unknown,0.0727545228083717,27,0.7037029636236706,36
9120954,motor,adaptive,0,0.65,fixed,1,29,24,1,0,0,unknown,0.05675971044334368,27,0.8464913746718465,36
9120954,external,adaptive,0,0.65,fixed,1,29,24,1,0,0,unknown,0.08865396196634764,27,0.8333761133496126,36
9120954,sensor,adaptive,0,0.65,fixed,1,29,24,1,0,0,unknown,0.0727545228083717,27,0.7037029636236706,36
9120954,motor_external,adaptive,0,0.65,fixed,1,29,24,1,0,0,unknown,0.0865142637051569,27,1.011509203234108,36
9120954,external_sensor,adaptive,0,0.65,fixed,1,29,24,1,0,0,unknown,0.08865396196634764,27,0.8333761133496126,36
9120954,nonlinear,adaptive,0,0.65,fixed,1,29,24,1,0,0,unknown,0.41688692832567514,27,1.0532202306117489,36
9120954,none,adaptive,0,0.65,calibrated,0,29,,0,1,0,none,0.059560557959347005,0,0.0,0
9120954,motor,adaptive,0,0.65,calibrated,1,29,,0,0,0,none,1.5461544072890334,0,0.0,0
9120954,external,adaptive,0,0.65,calibrated,1,29,,0,0,0,none,0.9681176655467647,0,0.0,0
9120954,sensor,adaptive,0,0.65,calibrated,1,29,,0,0,0,none,0.059560557959347005,0,0.0,0
9120954,motor_external,adaptive,0,0.65,calibrated,1,29,36,1,0,0,undetermined,0.06824079599642377,18,0.7081815888451626,24
9120954,external_sensor,adaptive,0,0.65,calibrated,1,29,,0,0,0,none,0.9681176655467647,0,0.0,0
9120954,nonlinear,adaptive,0,0.65,calibrated,1,29,,0,0,0,none,0.7981820271458643,0,0.0,0
9120954,none,cycle,0,0.65,fixed,0,29,24,1,0,0,unknown,0.0279334890546447,30,0.7604741282277203,36
9120954,motor,cycle,0,0.65,fixed,1,29,24,1,0,0,unknown,0.05053356769623808,30,0.9716675214934936,36
9120954,external,cycle,0,0.65,fixed,1,29,24,1,0,0,unknown,0.03677048753598315,30,0.898571274538802,36
9120954,sensor,cycle,0,0.65,fixed,1,29,24,1,0,0,unknown,0.0279334890546447,30,0.7604741282277203,36
9120954,motor_external,cycle,0,0.65,fixed,1,29,24,1,0,0,unknown,0.06122477580909088,30,1.1088203943811186,36
9120954,external_sensor,cycle,0,0.65,fixed,1,29,24,1,0,0,unknown,0.03677048753598315,30,0.898571274538802,36
9120954,nonlinear,cycle,0,0.65,fixed,1,29,24,1,0,0,unknown,0.37301751806262134,30,1.0643009393564158,36
9120954,none,cycle,0,0.65,calibrated,0,29,,0,1,0,none,0.059560557959347005,30,0.0,0
9120954,motor,cycle,0,0.65,calibrated,1,29,,0,0,0,none,1.5461544072890334,30,0.0,0
9120954,external,cycle,0,0.65,calibrated,1,29,,0,0,0,none,0.9681176655467647,30,0.0,0
9120954,sensor,cycle,0,0.65,calibrated,1,29,,0,0,0,none,0.059560557959347005,30,0.0,0
9120954,motor_external,cycle,0,0.65,calibrated,1,29,33,1,0,0,undetermined,0.09314072941141589,30,0.7137808661878577,27
9120954,external_sensor,cycle,0,0.65,calibrated,1,29,,0,0,0,none,0.9681176655467647,30,0.0,0
9120954,nonlinear,cycle,0,0.65,calibrated,1,29,,0,0,0,none,0.7981820271458643,30,0.0,0
9121007,none,adaptive,1,0.13,fixed,0,27,,0,1,0,none,0.009487586030421767,0,0.0,0
9121007,motor,adaptive,1,0.13,fixed,1,27,28,1,1,1,motor,0.0023680537670923993,24,0.03515535339270413,32
9121007,external,adaptive,1,0.13,fixed,1,27,28,1,1,1,external,0.002368053767092393,24,0.035155353392704126,32
9121007,sensor,adaptive,1,0.13,fixed,1,27,28,1,1,1,sensor,0.002368053767092408,24,0.03515535339270413,32
9121007,motor_external,adaptive,1,0.13,fixed,1,27,28,1,1,1,motor_external,0.0023680537670923967,24,0.03515535339270415,32
9121007,external_sensor,adaptive,1,0.13,fixed,1,27,28,1,1,1,external_sensor,0.002368053767092393,24,0.035155353392704126,32
9121007,nonlinear,adaptive,1,0.13,fixed,1,27,28,1,0,0,unknown,0.36008253739941154,24,0.3935156681576639,32
9121007,none,adaptive,1,0.13,calibrated,0,27,,0,1,0,none,0.009487586030421767,0,0.0,0
9121007,motor,adaptive,1,0.13,calibrated,1,27,28,1,1,1,motor,0.0023680537670923993,24,0.03515535339270413,32
9121007,external,adaptive,1,0.13,calibrated,1,27,28,1,1,1,external,0.002368053767092393,24,0.035155353392704126,32
9121007,sensor,adaptive,1,0.13,calibrated,1,27,28,1,1,1,sensor,0.002368053767092408,24,0.03515535339270413,32
9121007,motor_external,adaptive,1,0.13,calibrated,1,27,28,1,1,1,motor_external,0.0023680537670923967,24,0.03515535339270415,32
9121007,external_sensor,adaptive,1,0.13,calibrated,1,27,28,1,1,1,external_sensor,0.002368053767092393,24,0.035155353392704126,32
9121007,nonlinear,adaptive,1,0.13,calibrated,1,27,28,1,0,0,unknown,0.36008253739941154,24,0.3935156681576639,32
9121007,none,cycle,1,0.13,fixed,0,27,,0,1,0,none,0.009487586030421767,30,0.0,0
9121007,motor,cycle,1,0.13,fixed,1,27,28,1,1,1,motor,0.0061837676183538635,30,0.031501281853460884,32
9121007,external,cycle,1,0.13,fixed,1,27,28,1,1,1,external,0.006183767618353875,30,0.031501281853460884,32
9121007,sensor,cycle,1,0.13,fixed,1,27,28,1,1,1,sensor,0.0061837676183539225,30,0.03150128185346089,32
9121007,motor_external,cycle,1,0.13,fixed,1,27,28,1,1,1,motor_external,0.0061837676183538635,30,0.03150128185346089,32
9121007,external_sensor,cycle,1,0.13,fixed,1,27,28,1,1,1,external_sensor,0.006183767618353875,30,0.031501281853460884,32
9121007,nonlinear,cycle,1,0.13,fixed,1,27,28,1,0,0,unknown,0.34280651003044355,30,0.33806847012282837,32
9121007,none,cycle,1,0.13,calibrated,0,27,,0,1,0,none,0.009487586030421767,30,0.0,0
9121007,motor,cycle,1,0.13,calibrated,1,27,28,1,1,1,motor,0.0061837676183538635,30,0.031501281853460884,32
9121007,external,cycle,1,0.13,calibrated,1,27,28,1,1,1,external,0.006183767618353875,30,0.031501281853460884,32
9121007,sensor,cycle,1,0.13,calibrated,1,27,28,1,1,1,sensor,0.0061837676183539225,30,0.03150128185346089,32
9121007,motor_external,cycle,1,0.13,calibrated,1,27,28,1,1,1,motor_external,0.0061837676183538635,30,0.03150128185346089,32
9121007,external_sensor,cycle,1,0.13,calibrated,1,27,28,1,1,1,external_sensor,0.006183767618353875,30,0.031501281853460884,32
9121007,nonlinear,cycle,1,0.13,calibrated,1,27,28,1,0,0,unknown,0.34280651003044355,30,0.33806847012282837,32
9121007,none,adaptive,0,0.13,fixed,0,27,,0,1,0,none,0.009487586030421767,0,0.0,0
9121007,motor,adaptive,0,0.13,fixed,1,27,28,1,1,1,motor,0.0023680537670923993,24,0.03515535339270413,32
9121007,external,adaptive,0,0.13,fixed,1,27,28,1,0,0,undetermined,0.002368053767092393,24,0.035155353392704126,32
9121007,sensor,adaptive,0,0.13,fixed,1,27,28,1,0,0,undetermined,0.002368053767092408,24,0.03515535339270413,32
9121007,motor_external,adaptive,0,0.13,fixed,1,27,29,1,0,0,undetermined,0.0018576845234395526,23,0.03465328358162549,31
9121007,external_sensor,adaptive,0,0.13,fixed,1,27,28,1,0,0,undetermined,0.002368053767092393,24,0.035155353392704126,32
9121007,nonlinear,adaptive,0,0.13,fixed,1,27,28,1,0,0,unknown,0.36008253739941154,24,0.3935156681576639,32
9121007,none,adaptive,0,0.13,calibrated,0,27,,0,1,0,none,0.009487586030421767,0,0.0,0
9121007,motor,adaptive,0,0.13,calibrated,1,27,28,1,1,1,motor,0.0023680537670923993,24,0.03515535339270413,32
9121007,external,adaptive,0,0.13,calibrated,1,27,28,1,0,0,undetermined,0.002368053767092393,24,0.035155353392704126,32
9121007,sensor,adaptive,0,0.13,calibrated,1,27,28,1,0,0,undetermined,0.002368053767092408,24,0.03515535339270413,32
9121007,motor_external,adaptive,0,0.13,calibrated,1,27,29,1,0,0,undetermined,0.0018576845234395526,23,0.03465328358162549,31
9121007,external_sensor,adaptive,0,0.13,calibrated,1,27,28,1,0,0,undetermined,0.002368053767092393,24,0.035155353392704126,32
9121007,nonlinear,adaptive,0,0.13,calibrated,1,27,28,1,0,0,unknown,0.36008253739941154,24,0.3935156681576639,32
9121007,none,cycle,0,0.13,fixed,0,27,,0,1,0,none,0.009487586030421767,30,0.0,0
9121007,motor,cycle,0,0.13,fixed,1,27,28,1,1,1,motor,0.0061837676183538635,30,0.031501281853460884,32
9121007,external,cycle,0,0.13,fixed,1,27,28,1,0,0,undetermined,0.006183767618353875,30,0.031501281853460884,32
9121007,sensor,cycle,0,0.13,fixed,1,27,28,1,0,0,undetermined,0.0061837676183539225,30,0.03150128185346089,32
9121007,motor_external,cycle,0,0.13,fixed,1,27,29,1,0,0,undetermined,0.006189424085370284,30,0.03047481303111444,31
9121007,external_sensor,cycle,0,0.13,fixed,1,27,28,1,0,0,undetermined,0.006183767618353875,30,0.031501281853460884,32
9121007,nonlinear,cycle,0,0.13,fixed,1,27,28,1,0,0,unknown,0.34280651003044355,30,0.33806847012282837,32
9121007,none,cycle,0,0.13,calibrated,0,27,,0,1,0,none,0.009487586030421767,30,0.0,0
9121007,motor,cycle,0,0.13,calibrated,1,27,28,1,1,1,motor,0.0061837676183538635,30,0.031501281853460884,32
9121007,external,cycle,0,0.13,calibrated,1,27,28,1,0,0,undetermined,0.006183767618353875,30,0.031501281853460884,32
9121007,sensor,cycle,0,0.13,calibrated,1,27,28,1,0,0,undetermined,0.0061837676183539225,30,0.03150128185346089,32
9121007,motor_external,cycle,0,0.13,calibrated,1,27,29,1,0,0,undetermined,0.006189424085370284,30,0.03047481303111444,31
9121007,external_sensor,cycle,0,0.13,calibrated,1,27,28,1,0,0,undetermined,0.006183767618353875,30,0.031501281853460884,32
9121007,nonlinear,cycle,0,0.13,calibrated,1,27,28,1,0,0,unknown,0.34280651003044355,30,0.33806847012282837,32
9121007,none,adaptive,1,0.35,fixed,0,27,24,1,0,1,motor,0.017352616871808033,27,0.24275010317946422,36
9121007,motor,adaptive,1,0.35,fixed,1,27,24,1,1,1,motor,0.03456715250106311,27,0.3823963645940526,36
9121007,external,adaptive,1,0.35,fixed,1,27,24,1,0,1,motor_external,0.020304014167380518,27,0.30020944961074353,36
9121007,sensor,adaptive,1,0.35,fixed,1,27,24,1,0,1,motor_sensor,0.017352616871808033,27,0.24275010317946422,36
9121007,motor_external,adaptive,1,0.35,fixed,1,27,24,1,1,1,motor_external,0.03373434927060416,27,0.4143534900890323,36
9121007,external_sensor,adaptive,1,0.35,fixed,1,27,24,1,0,1,motor_external_sensor,0.020304014167380518,27,0.30020944961074353,36
9121007,nonlinear,adaptive,1,0.35,fixed,1,27,24,1,0,0,unknown,0.3714503224599419,27,0.618330255332348,36
9121007,none,adaptive,1,0.35,calibrated,0,27,,0,1,0,none,0.06877096382998003,0,0.0,0
9121007,motor,adaptive,1,0.35,calibrated,1,27,30,1,1,1,motor,0.016624127581005257,22,0.24793515621350407,30
9121007,external,adaptive,1,0.35,calibrated,1,27,44,1,0,1,motor_external,0.0475817611995592,12,0.2161151988268536,16
9121007,sensor,adaptive,1,0.35,calibrated,1,27,,0,0,0,none,0.06877096382998003,0,0.0,0
9121007,motor_external,adaptive,1,0.35,calibrated,1,27,,0,0,0,none,2.6145827534063857,0,0.0,0
9121007,external_sensor,adaptive,1,0.35,calibrated,1,27,,0,0,0,none,1.034905578196496,0,0.0,0
9121007,nonlinear,adaptive,1,0.35,calibrated,1,27,45,1,0,1,motor_external,0.4640424611431483,11,0.4324812826144834,15
9121007,none,cycle,1,0.35,fixed,0,27,24,1,0,1,motor,0.038903008938490656,30,0.2218358889137172,36
9121007,motor,cycle,1,0.35,fixed,1,27,24,1,1,1,motor,0.026368053764495608,30,0.3385109886232154,36
9121007,external,cycle,1,0.35,fixed,1,27,24,1,0,1,motor_external,0.03998366869545273,30,0.2828839935269954,36
9121007,sensor,cycle,1,0.35,fixed,1,27,24,1,0,1,motor_sensor,0.038903008938490656,30,0.2218358889137172,36
9121007,motor_external,cycle,1,0.35,fixed,1,27,24,1,1,1,motor_external,0.040575395225091695,30,0.47967873049124843,36
9121007,external_sensor,cycle,1,0.35,fixed,1,27,24,1,0,1,motor_external_sensor,0.03998366869545273,30,0.2828839935269954,36
9121007,nonlinear,cycle,1,0.35,fixed,1,27,24,1,0,0,unknown,0.37139762044087143,30,0.4908486409998949,36
9121007,none,cycle,1,0.35,calibrated,0,27,,0,1,0,none,0.06877096382998003,30,0.0,0
9121007,motor,cycle,1,0.35,calibrated,1,27,33,1,1,1,motor,0.05280118585596742,30,0.21089070793886464,27
9121007,external,cycle,1,0.35,calibrated,1,27,44,1,0,1,motor_external,0.10962310344790187,30,0.14847164271959756,16
9121007,sensor,cycle,1,0.35,calibrated,1,27,,0,0,0,none,0.06877096382998003,30,0.0,0
9121007,motor_external,cycle,1,0.35,calibrated,1,27,30,1,1,1,motor_external,0.05872130473436793,30,0.2078345683981556,30
9121007,external_sensor,cycle,1,0.35,calibrated,1,27,35,1,0,1,motor_external_sensor,0.06389195275403192,30,0.19882273779502582,25
9121007,nonlinear,cycle,1,0.35,calibrated,1,27,,0,0,0,none,0.6216433146344549,30,0.0,0
9121007,none,adaptive,0,0.35,fixed,0,27,26,1,0,1,motor,0.016240791131326728,25,0.2455389777856705,34
9121007,motor,adaptive,0,0.35,fixed,1,27,26,1,1,1,motor,0.020195844420404837,25,0.2735448398790321,34
9121007,external,adaptive,0,0.35,fixed,1,27,26,1,0,0,undetermined,0.017825384247500974,25,0.2884704249745552,34
9121007,sensor,adaptive,0,0.35,fixed,1,27,26,1,0,0,undetermined,0.016240791131326728,25,0.2455389777856705,34
9121007,motor_external,adaptive,0,0.35,fixed,1,27,26,1,0,0,undetermined,0.016927040909283327,25,0.254265913208378,34
9121007,external_sensor,adaptive,0,0.35,fixed,1,27,26,1,0,0,undetermined,0.017825384247500974,25,0.2884704249745552,34
9121007,nonlinear,adaptive,0,0.35,fixed,1,27,26,1,0,0,unknown,0.38937096970873186,25,0.5723054274610994,34
9121007,none,adaptive,0,0.35,calibrated,0,27,,0,1,0,none,0.06877096382998003,0,0.0,0
9121007,motor,adaptive,0,0.35,calibrated,1,27,41,1,1,1,motor,0.053586066217582426,14,0.20611677500426598,19
9121007,external,adaptive,0,0.35,calibrated,1,27,58,1,0,0,undetermined,0.7286156974783882,1,1.560003254953661e-31,2
9121007,sensor,adaptive,0,0.35,calibrated,1,27,58,1,0,0,undetermined,0.7286156974783878,1,3.959711965660157e-31,2
9121007,motor_external,adaptive,0,0.35,calibrated,1,27,,0,0,0,none,2.6145827534063857,0,0.0,0
9121007,external_sensor,adaptive,0,0.35,calibrated,1,27,28,1,0,0,undetermined,0.017164886773302863,24,0.25482430713646487,32
9121007,nonlinear,adaptive,0,0.35,calibrated,1,27,,0,0,0,none,0.6216433146344549,0,0.0,0
9121007,none,cycle,0,0.35,fixed,0,27,26,1,1,1,none,0.04047279491304816,30,0.22402371083137723,34
9121007,motor,cycle,0,0.35,fixed,1,27,26,1,1,1,motor,0.04047279491304815,30,0.22402371083137723,34
9121007,external,cycle,0,0.35,fixed,1,27,26,1,0,0,undetermined,0.04077462978265754,30,0.268982980202796,34
9121007,sensor,cycle,0,0.35,fixed,1,27,26,1,0,0,undetermined,0.04047279491304816,30,0.22402371083137723,34
9121007,motor_external,cycle,0,0.35,fixed,1,27,26,1,0,0,undetermined,0.04077462978265757,30,0.268982980202796,34
9121007,external_sensor,cycle,0,0.35,fixed,1,27,26,1,0,0,undetermined,0.04077462978265754,30,0.268982980202796,34
9121007,nonlinear,cycle,0,0.35,fixed,1,27,26,1,0,0,unknown,0.3827274645482097,30,0.4930252702922876,34
9121007,none,cycle,0,0.35,calibrated,0,27,,0,1,0,none,0.06877096382998003,30,0.0,0
9121007,motor,cycle,0,0.35,calibrated,1,27,40,1,1,1,motor,0.09385065399346029,30,0.16259175742774556,20
9121007,external,cycle,0,0.35,calibrated,1,27,,0,0,0,none,1.034905578196496,30,0.0,0
9121007,sensor,cycle,0,0.35,calibrated,1,27,,0,0,0,none,0.06877096382998003,30,0.0,0
9121007,motor_external,cycle,0,0.35,calibrated,1,27,30,1,0,0,undetermined,0.05872130473436793,30,0.2078345683981556,30
9121007,external_sensor,cycle,0,0.35,calibrated,1,27,28,1,0,0,undetermined,0.044823167647831376,30,0.22833769390822237,32
9121007,nonlinear,cycle,0,0.35,calibrated,1,27,,0,0,0,none,0.6216433146344549,30,0.0,0
9121007,none,adaptive,1,0.65,fixed,0,27,24,1,0,0,unknown,0.059848821455827816,27,0.8372401517822337,36
9121007,motor,adaptive,1,0.65,fixed,1,27,24,1,0,0,unknown,0.07991391143396818,27,0.9682763303881623,36
9121007,external,adaptive,1,0.65,fixed,1,27,24,1,0,0,unknown,0.05965141643331963,27,0.8919860808688953,36
9121007,sensor,adaptive,1,0.65,fixed,1,27,24,1,0,0,unknown,0.059848821455827816,27,0.8372401517822337,36
9121007,motor_external,adaptive,1,0.65,fixed,1,27,24,1,0,0,unknown,0.07593230588542851,27,0.9975200385385246,36
9121007,external_sensor,adaptive,1,0.65,fixed,1,27,24,1,0,0,unknown,0.05965141643331963,27,0.8919860808688953,36
9121007,nonlinear,adaptive,1,0.65,fixed,1,27,24,1,0,0,unknown,0.4267644016750606,27,1.2397130798545204,36
9121007,none,adaptive,1,0.65,calibrated,0,27,,0,1,0,none,0.23718965076054346,0,0.0,0
9121007,motor,adaptive,1,0.65,calibrated,1,27,,0,0,0,none,1.7994472618646224,0,0.0,0
9121007,external,adaptive,1,0.65,calibrated,1,27,,0,0,0,none,1.337153934584073,0,0.0,0
9121007,sensor,adaptive,1,0.65,calibrated,1,27,,0,0,0,none,0.23718965076054346,0,0.0,0
9121007,motor_external,adaptive,1,0.65,calibrated,1,27,,0,0,0,none,2.899411545688152,0,0.0,0
9121007,external_sensor,adaptive,1,0.65,calibrated,1,27,,0,0,0,none,1.337153934584073,0,0.0,0
9121007,nonlinear,adaptive,1,0.65,calibrated,1,27,,0,0,0,none,0.7865240165402824,0,0.0,0
9121007,none,cycle,1,0.65,fixed,0,27,24,1,0,0,unknown,0.13417568388989648,30,0.7651074536003719,36
9121007,motor,cycle,1,0.65,fixed,1,27,24,1,0,0,unknown,0.10202001466246671,30,0.8956072566742621,36
9121007,external,cycle,1,0.65,fixed,1,27,24,1,0,0,unknown,0.12909807533358392,30,0.82790670327576,36
9121007,sensor,cycle,1,0.65,fixed,1,27,24,1,0,0,unknown,0.13417568388989648,30,0.7651074536003719,36
9121007,motor_external,cycle,1,0.65,fixed,1,27,24,1,0,0,unknown,0.11006908780978822,30,1.038526143604405,36
9121007,external_sensor,cycle,1,0.65,fixed,1,27,24,1,0,0,unknown,0.12909807533358392,30,0.82790670327576,36
9121007,nonlinear,cycle,1,0.65,fixed,1,27,24,1,0,0,unknown,0.46334791651811613,30,0.9851138200288143,36
9121007,none,cycle,1,0.65,calibrated,0,27,,0,1,0,none,0.23718965076054346,30,0.0,0
9121007,motor,cycle,1,0.65,calibrated,1,27,44,1,1,1,motor,0.3780878465856206,30,0.5120756657063673,16
9121007,external,cycle,1,0.65,calibrated,1,27,44,1,0,1,motor_external,0.37808784658562083,30,0.5120756657063674,16
9121007,sensor,cycle,1,0.65,calibrated,1,27,,0,0,0,none,0.23718965076054346,30,0.0,0
9121007,motor_external,cycle,1,0.65,calibrated,1,27,44,1,1,1,motor_external,0.37808784658562095,30,0.5120756657063674,16
9121007,external_sensor,cycle,1,0.65,calibrated,1,27,,0,0,0,none,1.337153934584073,30,0.0,0
9121007,nonlinear,cycle,1,0.65,calibrated,1,27,,0,0,0,none,0.7865240165402824,30,0.0,0
9121007,none,adaptive,0,0.65,fixed,0,27,24,1,0,0,unknown,0.059848821455827816,27,0.8372401517822337,36
9121007,motor,adaptive,0,0.65,fixed,1,27,24,1,0,0,unknown,0.07991391143396818,27,0.9682763303881623,36
9121007,external,adaptive,0,0.65,fixed,1,27,24,1,0,0,unknown,0.05965141643331963,27,0.8919860808688953,36
9121007,sensor,adaptive,0,0.65,fixed,1,27,24,1,0,0,unknown,0.059848821455827816,27,0.8372401517822337,36
9121007,motor_external,adaptive,0,0.65,fixed,1,27,24,1,0,0,unknown,0.07593230588542851,27,0.9975200385385246,36
9121007,external_sensor,adaptive,0,0.65,fixed,1,27,24,1,0,0,unknown,0.05965141643331963,27,0.8919860808688953,36
9121007,nonlinear,adaptive,0,0.65,fixed,1,27,24,1,0,0,unknown,0.4267644016750606,27,1.2397130798545204,36
9121007,none,adaptive,0,0.65,calibrated,0,27,,0,1,0,none,0.23718965076054346,0,0.0,0
9121007,motor,adaptive,0,0.65,calibrated,1,27,,0,0,0,none,1.7994472618646224,0,0.0,0
9121007,external,adaptive,0,0.65,calibrated,1,27,,0,0,0,none,1.337153934584073,0,0.0,0
9121007,sensor,adaptive,0,0.65,calibrated,1,27,,0,0,0,none,0.23718965076054346,0,0.0,0
9121007,motor_external,adaptive,0,0.65,calibrated,1,27,,0,0,0,none,2.899411545688152,0,0.0,0
9121007,external_sensor,adaptive,0,0.65,calibrated,1,27,35,1,0,0,undetermined,0.09999149674164423,18,0.7945276529301942,25
9121007,nonlinear,adaptive,0,0.65,calibrated,1,27,,0,0,0,none,0.7865240165402824,0,0.0,0
9121007,none,cycle,0,0.65,fixed,0,27,24,1,0,0,unknown,0.13417568388989648,30,0.7651074536003719,36
9121007,motor,cycle,0,0.65,fixed,1,27,24,1,0,0,unknown,0.10202001466246671,30,0.8956072566742621,36
9121007,external,cycle,0,0.65,fixed,1,27,24,1,0,0,unknown,0.12909807533358392,30,0.82790670327576,36
9121007,sensor,cycle,0,0.65,fixed,1,27,24,1,0,0,unknown,0.13417568388989648,30,0.7651074536003719,36
9121007,motor_external,cycle,0,0.65,fixed,1,27,24,1,0,0,unknown,0.11006908780978822,30,1.038526143604405,36
9121007,external_sensor,cycle,0,0.65,fixed,1,27,24,1,0,0,unknown,0.12909807533358392,30,0.82790670327576,36
9121007,nonlinear,cycle,0,0.65,fixed,1,27,24,1,0,0,unknown,0.46334791651811613,30,0.9851138200288143,36
9121007,none,cycle,0,0.65,calibrated,0,27,,0,1,0,none,0.23718965076054346,30,0.0,0
9121007,motor,cycle,0,0.65,calibrated,1,27,,0,0,0,none,1.7994472618646224,30,0.0,0
9121007,external,cycle,0,0.65,calibrated,1,27,,0,0,0,none,1.337153934584073,30,0.0,0
9121007,sensor,cycle,0,0.65,calibrated,1,27,,0,0,0,none,0.23718965076054346,30,0.0,0
9121007,motor_external,cycle,0,0.65,calibrated,1,27,,0,0,0,none,2.899411545688152,30,0.0,0
9121007,external_sensor,cycle,0,0.65,calibrated,1,27,58,1,0,0,undetermined,1.7091256306867901,30,3.512896218562318e-31,2
9121007,nonlinear,cycle,0,0.65,calibrated,1,27,,0,0,0,none,0.7865240165402824,30,0.0,0
9121060,none,adaptive,1,0.13,fixed,0,27,,0,1,0,none,0.011470860463710847,0,0.0,0
9121060,motor,adaptive,1,0.13,fixed,1,27,28,1,1,1,motor,0.0027582502518702723,24,0.026478084828495223,32
9121060,external,adaptive,1,0.13,fixed,1,27,28,1,1,1,external,0.0027582502518702715,24,0.02647808482849523,32
9121060,sensor,adaptive,1,0.13,fixed,1,27,28,1,1,1,sensor,0.0027582502518702706,24,0.026478084828495223,32
9121060,motor_external,adaptive,1,0.13,fixed,1,27,28,1,1,1,motor_external,0.0027582502518702463,24,0.02647808482849523,32
9121060,external_sensor,adaptive,1,0.13,fixed,1,27,28,1,1,1,external_sensor,0.0027582502518702715,24,0.02647808482849523,32
9121060,nonlinear,adaptive,1,0.13,fixed,1,27,28,1,0,0,unknown,0.35935420235823184,24,0.34753852311870054,32
9121060,none,adaptive,1,0.13,calibrated,0,27,,0,1,0,none,0.011470860463710847,0,0.0,0
9121060,motor,adaptive,1,0.13,calibrated,1,27,28,1,1,1,motor,0.0027582502518702723,24,0.026478084828495223,32
9121060,external,adaptive,1,0.13,calibrated,1,27,28,1,1,1,external,0.0027582502518702715,24,0.02647808482849523,32
9121060,sensor,adaptive,1,0.13,calibrated,1,27,28,1,1,1,sensor,0.0027582502518702706,24,0.026478084828495223,32
9121060,motor_external,adaptive,1,0.13,calibrated,1,27,28,1,1,1,motor_external,0.0027582502518702463,24,0.02647808482849523,32
9121060,external_sensor,adaptive,1,0.13,calibrated,1,27,28,1,1,1,external_sensor,0.0027582502518702715,24,0.02647808482849523,32
9121060,nonlinear,adaptive,1,0.13,calibrated,1,27,28,1,0,0,unknown,0.35935420235823184,24,0.34753852311870054,32
9121060,none,cycle,1,0.13,fixed,0,27,,0,1,0,none,0.011470860463710847,30,0.0,0
9121060,motor,cycle,1,0.13,fixed,1,27,28,1,1,1,motor,0.00260406338506145,30,0.026683853319720452,32
9121060,external,cycle,1,0.13,fixed,1,27,28,1,1,1,external,0.002604063385061463,30,0.02668385331972046,32
9121060,sensor,cycle,1,0.13,fixed,1,27,28,1,1,1,sensor,0.002604063385061446,30,0.026683853319720452,32
9121060,motor_external,cycle,1,0.13,fixed,1,27,29,1,1,1,motor_external,0.0026869599226376963,30,0.027406673863826343,31
9121060,external_sensor,cycle,1,0.13,fixed,1,27,28,1,1,1,external_sensor,0.002604063385061463,30,0.02668385331972046,32
9121060,nonlinear,cycle,1,0.13,fixed,1,27,28,1,0,0,unknown,0.33790210327981784,30,0.35052545886809755,32
9121060,none,cycle,1,0.13,calibrated,0,27,,0,1,0,none,0.011470860463710847,30,0.0,0
9121060,motor,cycle,1,0.13,calibrated,1,27,28,1,1,1,motor,0.00260406338506145,30,0.026683853319720452,32
9121060,external,cycle,1,0.13,calibrated,1,27,28,1,1,1,external,0.002604063385061463,30,0.02668385331972046,32
9121060,sensor,cycle,1,0.13,calibrated,1,27,28,1,1,1,sensor,0.002604063385061446,30,0.026683853319720452,32
9121060,motor_external,cycle,1,0.13,calibrated,1,27,29,1,1,1,motor_external,0.0026869599226376963,30,0.027406673863826343,31
9121060,external_sensor,cycle,1,0.13,calibrated,1,27,28,1,1,1,external_sensor,0.002604063385061463,30,0.02668385331972046,32
9121060,nonlinear,cycle,1,0.13,calibrated,1,27,28,1,0,0,unknown,0.33790210327981784,30,0.35052545886809755,32
9121060,none,adaptive,0,0.13,fixed,0,27,,0,1,0,none,0.011470860463710847,0,0.0,0
9121060,motor,adaptive,0,0.13,fixed,1,27,28,1,1,1,motor,0.0027582502518702723,24,0.026478084828495223,32
9121060,external,adaptive,0,0.13,fixed,1,27,28,1,0,0,undetermined,0.0027582502518702715,24,0.02647808482849523,32
9121060,sensor,adaptive,0,0.13,fixed,1,27,28,1,0,0,undetermined,0.0027582502518702706,24,0.026478084828495223,32
9121060,motor_external,adaptive,0,0.13,fixed,1,27,28,1,0,0,undetermined,0.0027582502518702463,24,0.02647808482849523,32
9121060,external_sensor,adaptive,0,0.13,fixed,1,27,28,1,0,0,undetermined,0.0027582502518702715,24,0.02647808482849523,32
9121060,nonlinear,adaptive,0,0.13,fixed,1,27,28,1,0,0,unknown,0.35935420235823184,24,0.34753852311870054,32
9121060,none,adaptive,0,0.13,calibrated,0,27,,0,1,0,none,0.011470860463710847,0,0.0,0
9121060,motor,adaptive,0,0.13,calibrated,1,27,28,1,1,1,motor,0.0027582502518702723,24,0.026478084828495223,32
9121060,external,adaptive,0,0.13,calibrated,1,27,28,1,0,0,undetermined,0.0027582502518702715,24,0.02647808482849523,32
9121060,sensor,adaptive,0,0.13,calibrated,1,27,28,1,0,0,undetermined,0.0027582502518702706,24,0.026478084828495223,32
9121060,motor_external,adaptive,0,0.13,calibrated,1,27,28,1,0,0,undetermined,0.0027582502518702463,24,0.02647808482849523,32
9121060,external_sensor,adaptive,0,0.13,calibrated,1,27,28,1,0,0,undetermined,0.0027582502518702715,24,0.02647808482849523,32
9121060,nonlinear,adaptive,0,0.13,calibrated,1,27,28,1,0,0,unknown,0.35935420235823184,24,0.34753852311870054,32
9121060,none,cycle,0,0.13,fixed,0,27,,0,1,0,none,0.011470860463710847,30,0.0,0
9121060,motor,cycle,0,0.13,fixed,1,27,28,1,1,1,motor,0.00260406338506145,30,0.026683853319720452,32
9121060,external,cycle,0,0.13,fixed,1,27,28,1,0,0,undetermined,0.002604063385061463,30,0.02668385331972046,32
9121060,sensor,cycle,0,0.13,fixed,1,27,28,1,0,0,undetermined,0.002604063385061446,30,0.026683853319720452,32
9121060,motor_external,cycle,0,0.13,fixed,1,27,29,1,0,0,undetermined,0.0026869599226376963,30,0.027406673863826343,31
9121060,external_sensor,cycle,0,0.13,fixed,1,27,28,1,0,0,undetermined,0.002604063385061463,30,0.02668385331972046,32
9121060,nonlinear,cycle,0,0.13,fixed,1,27,28,1,0,0,unknown,0.33790210327981784,30,0.35052545886809755,32
9121060,none,cycle,0,0.13,calibrated,0,27,,0,1,0,none,0.011470860463710847,30,0.0,0
9121060,motor,cycle,0,0.13,calibrated,1,27,28,1,1,1,motor,0.00260406338506145,30,0.026683853319720452,32
9121060,external,cycle,0,0.13,calibrated,1,27,28,1,0,0,undetermined,0.002604063385061463,30,0.02668385331972046,32
9121060,sensor,cycle,0,0.13,calibrated,1,27,28,1,0,0,undetermined,0.002604063385061446,30,0.026683853319720452,32
9121060,motor_external,cycle,0,0.13,calibrated,1,27,29,1,0,0,undetermined,0.0026869599226376963,30,0.027406673863826343,31
9121060,external_sensor,cycle,0,0.13,calibrated,1,27,28,1,0,0,undetermined,0.002604063385061463,30,0.02668385331972046,32
9121060,nonlinear,cycle,0,0.13,calibrated,1,27,28,1,0,0,unknown,0.33790210327981784,30,0.35052545886809755,32
9121060,none,adaptive,1,0.35,fixed,0,27,29,1,0,1,motor,0.0352275759315301,23,0.1777440376945909,31
9121060,motor,adaptive,1,0.35,fixed,1,27,28,1,1,1,motor,0.01999323407420757,24,0.1919269462420512,32
9121060,external,adaptive,1,0.35,fixed,1,27,28,1,1,1,external,0.019993234074207607,24,0.19192694624205123,32
9121060,sensor,adaptive,1,0.35,fixed,1,27,28,1,1,1,sensor,0.019993234074207562,24,0.1919269462420512,32
9121060,motor_external,adaptive,1,0.35,fixed,1,27,28,1,1,1,motor_external,0.019993234074207587,24,0.19192694624205117,32
9121060,external_sensor,adaptive,1,0.35,fixed,1,27,28,1,1,1,external_sensor,0.019993234074207607,24,0.19192694624205123,32
9121060,nonlinear,adaptive,1,0.35,fixed,1,27,28,1,0,0,unknown,0.39092464359133494,24,0.46718581856183466,32
9121060,none,adaptive,1,0.35,calibrated,0,27,,0,1,0,none,0.08314676963340706,0,0.0,0
9121060,motor,adaptive,1,0.35,calibrated,1,27,28,1,1,1,motor,0.01999323407420757,24,0.1919269462420512,32
9121060,external,adaptive,1,0.35,calibrated,1,27,,0,0,0,none,0.9948222813500411,0,0.0,0
9121060,sensor,adaptive,1,0.35,calibrated,1,27,,0,0,0,none,0.08314676963340706,0,0.0,0
9121060,motor_external,adaptive,1,0.35,calibrated,1,27,28,1,1,1,motor_external,0.019993234074207587,24,0.19192694624205117,32
9121060,external_sensor,adaptive,1,0.35,calibrated,1,27,31,1,0,1,motor_external_sensor,0.0373329898791364,21,0.17306171830370815,29
9121060,nonlinear,adaptive,1,0.35,calibrated,1,27,31,1,0,1,motor_external,0.4084111684606048,21,0.5351104497577069,29
9121060,none,cycle,1,0.35,fixed,0,27,25,1,1,1,none,0.022057250553239937,30,0.19159347757876818,35
9121060,motor,cycle,1,0.35,fixed,1,27,25,1,1,1,motor,0.021888480382229625,30,0.25239274286599017,35
9121060,external,cycle,1,0.35,fixed,1,27,25,1,1,1,external,0.01948463918565581,30,0.2446121098452658,35
9121060,sensor,cycle,1,0.35,fixed,1,27,25,1,1,1,sensor,0.022057250553239937,30,0.19159347757876818,35
9121060,motor_external,cycle,1,0.35,fixed,1,27,25,1,1,1,motor_external,0.02866590678070193,30,0.3687838533246485,35
9121060,external_sensor,cycle,1,0.35,fixed,1,27,25,1,1,1,external_sensor,0.01948463918565581,30,0.2446121098452658,35
9121060,nonlinear,cycle,1,0.35,fixed,1,27,25,1,0,0,unknown,0.35300159542651743,30,0.48136137242667437,35
9121060,none,cycle,1,0.35,calibrated,0,27,,0,1,0,none,0.08314676963340706,30,0.0,0
9121060,motor,cycle,1,0.35,calibrated,1,27,31,1,1,1,motor,0.019825533902605576,30,0.19697091725644622,29
9121060,external,cycle,1,0.35,calibrated,1,27,,0,0,0,none,0.9948222813500411,30,0.0,0
9121060,sensor,cycle,1,0.35,calibrated,1,27,,0,0,0,none,0.08314676963340706,30,0.0,0
9121060,motor_external,cycle,1,0.35,calibrated,1,27,31,1,1,1,motor_external,0.019825533902605517,30,0.19697091725644625,29
9121060,external_sensor,cycle,1,0.35,calibrated,1,27,31,1,1,1,external_sensor,0.019825533902605597,30,0.19697091725644622,29
9121060,nonlinear,cycle,1,0.35,calibrated,1,27,30,1,0,1,external,0.3558132904641881,30,0.4705444375293817,30
9121060,none,adaptive,0,0.35,fixed,0,27,30,1,1,1,none,0.01747446754431766,22,0.1970525264972142,30
9121060,motor,adaptive,0,0.35,fixed,1,27,28,1,1,1,motor,0.01999323407420757,24,0.1919269462420512,32
9121060,external,adaptive,0,0.35,fixed,1,27,28,1,0,0,undetermined,0.019993234074207607,24,0.19192694624205123,32
9121060,sensor,adaptive,0,0.35,fixed,1,27,28,1,0,0,undetermined,0.019993234074207562,24,0.1919269462420512,32
9121060,motor_external,adaptive,0,0.35,fixed,1,27,28,1,0,0,undetermined,0.019993234074207587,24,0.19192694624205117,32
9121060,external_sensor,adaptive,0,0.35,fixed,1,27,28,1,0,0,undetermined,0.019993234074207607,24,0.19192694624205123,32
9121060,nonlinear,adaptive,0,0.35,fixed,1,27,28,1,0,0,unknown,0.39092464359133494,24,0.46718581856183466,32
9121060,none,adaptive,0,0.35,calibrated,0,27,,0,1,0,none,0.08314676963340706,0,0.0,0
9121060,motor,adaptive,0,0.35,calibrated,1,27,36,1,1,1,motor,0.020250865568601655,18,0.15969440398965193,24
9121060,external,adaptive,0,0.35,calibrated,1,27,41,1,0,0,undetermined,0.04375684232101777,14,0.13191305297665362,19
9121060,sensor,adaptive,0,0.35,calibrated,1,27,41,1,0,0,undetermined,0.04375684232101781,14,0.13191305297665365,19
9121060,motor_external,adaptive,0,0.35,calibrated,1,27,28,1,0,0,undetermined,0.019993234074207587,24,0.19192694624205117,32
9121060,external_sensor,adaptive,0,0.35,calibrated,1,27,28,1,0,0,undetermined,0.019993234074207607,24,0.19192694624205123,32
9121060,nonlinear,adaptive,0,0.35,calibrated,1,27,,0,0,0,none,0.7601812421039413,0,0.0,0
9121060,none,cycle,0,0.35,fixed,0,27,30,1,1,1,none,0.021613290464188178,30,0.19413158033658176,30
9121060,motor,cycle,0,0.35,fixed,1,27,28,1,1,1,motor,0.018875607376924747,30,0.1934184634121749,32
9121060,external,cycle,0,0.35,fixed,1,27,28,1,0,0,undetermined,0.018875607376924744,30,0.19341846341217486,32
9121060,sensor,cycle,0,0.35,fixed,1,27,28,1,0,0,undetermined,0.018875607376924747,30,0.19341846341217483,32
9121060,motor_external,cycle,0,0.35,fixed,1,27,29,1,0,0,undetermined,0.019476484646338305,30,0.19865784309578258,31
9121060,external_sensor,cycle,0,0.35,fixed,1,27,28,1,0,0,undetermined,0.018875607376924744,30,0.19341846341217486,32
9121060,nonlinear,cycle,0,0.35,fixed,1,27,28,1,0,0,unknown,0.35306487755553173,30,0.49980929234548255,32
9121060,none,cycle,0,0.35,calibrated,0,27,,0,1,0,none,0.08314676963340706,30,0.0,0
9121060,motor,cycle,0,0.35,calibrated,1,27,29,1,1,1,motor,0.019476484646338266,30,0.1986578430957826,31
9121060,external,cycle,0,0.35,calibrated,1,27,41,1,0,0,undetermined,0.029941445546490253,30,0.15458721596140076,19
9121060,sensor,cycle,0,0.35,calibrated,1,27,41,1,0,0,undetermined,0.029941445546490298,30,0.1545872159614008,19
9121060,motor_external,cycle,0,0.35,calibrated,1,27,29,1,0,0,undetermined,0.019476484646338305,30,0.19865784309578258,31
9121060,external_sensor,cycle,0,0.35,calibrated,1,27,28,1,0,0,undetermined,0.018875607376924744,30,0.19341846341217486,32
9121060,nonlinear,cycle,0,0.35,calibrated,1,27,,0,0,0,none,0.7601812421039413,30,0.0,0
9121060,none,adaptive,1,0.65,fixed,0,27,24,1,0,0,unknown,0.0862101497853065,27,0.6322832963579078,36
9121060,motor,adaptive,1,0.65,fixed,1,27,24,1,0,0,unknown,0.12654595162824067,27,0.8074982679751163,36
9121060,external,adaptive,1,0.65,fixed,1,27,24,1,0,0,unknown,0.07041480834177385,27,0.7034932817404365,36
9121060,sensor,adaptive,1,0.65,fixed,1,27,24,1,0,0,unknown,0.0862101497853065,27,0.6322832963579078,36
9121060,motor_external,adaptive,1,0.65,fixed,1,27,24,1,0,0,unknown,0.10171640874236783,27,0.8178255914636127,36
9121060,external_sensor,adaptive,1,0.65,fixed,1,27,24,1,0,0,unknown,0.07041480834177385,27,0.7034932817404365,36
9121060,nonlinear,adaptive,1,0.65,fixed,1,27,24,1,0,0,unknown,0.4558440951433436,27,0.8458964095320396,36
9121060,none,adaptive,1,0.65,calibrated,0,27,,0,1,0,none,0.2867715115927716,0,0.0,0
9121060,motor,adaptive,1,0.65,calibrated,1,27,,0,0,0,none,1.4587107280631557,0,0.0,0
9121060,external,adaptive,1,0.65,calibrated,1,27,,0,0,0,none,1.2855974619236634,0,0.0,0
9121060,sensor,adaptive,1,0.65,calibrated,1,27,,0,0,0,none,0.2867715115927716,0,0.0,0
9121060,motor_external,adaptive,1,0.65,calibrated,1,27,,0,0,0,none,2.4575366783940473,0,0.0,0
9121060,external_sensor,adaptive,1,0.65,calibrated,1,27,,0,0,0,none,1.2855974619236634,0,0.0,0
9121060,nonlinear,adaptive,1,0.65,calibrated,1,27,,0,0,0,none,1.0666926747523358,0,0.0,0
9121060,none,cycle,1,0.65,fixed,0,27,24,1,0,0,unknown,0.07803329509276509,30,0.6434570025374893,36
9121060,motor,cycle,1,0.65,fixed,1,27,24,1,0,0,unknown,0.09475921615965376,30,0.759674583006943,36
9121060,external,cycle,1,0.65,fixed,1,27,24,1,0,0,unknown,0.06288105015891406,30,0.7138790694883641,36
9121060,sensor,cycle,1,0.65,fixed,1,27,24,1,0,0,unknown,0.07803329509276509,30,0.6434570025374893,36
9121060,motor_external,cycle,1,0.65,fixed,1,27,24,1,0,0,unknown,0.09032400013768534,30,0.8890524841162892,36
9121060,external_sensor,cycle,1,0.65,fixed,1,27,24,1,0,0,unknown,0.06288105015891406,30,0.7138790694883641,36
9121060,nonlinear,cycle,1,0.65,fixed,1,27,24,1,0,0,unknown,0.40110975150192124,30,0.8983832531569873,36
9121060,none,cycle,1,0.65,calibrated,0,27,,0,1,0,none,0.2867715115927716,30,0.0,0
9121060,motor,cycle,1,0.65,calibrated,1,27,,0,0,0,none,1.4587107280631557,30,0.0,0
9121060,external,cycle,1,0.65,calibrated,1,27,,0,0,0,none,1.2855974619236634,30,0.0,0
9121060,sensor,cycle,1,0.65,calibrated,1,27,,0,0,0,none,0.2867715115927716,30,0.0,0
9121060,motor_external,cycle,1,0.65,calibrated,1,27,31,1,0,1,motor_external_sensor,0.06837786182735381,30,0.6793486738028455,29
9121060,external_sensor,cycle,1,0.65,calibrated,1,27,,0,0,0,none,1.2855974619236634,30,0.0,0
9121060,nonlinear,cycle,1,0.65,calibrated,1,27,,0,0,0,none,1.0666926747523358,30,0.0,0
9121060,none,adaptive,0,0.65,fixed,0,27,27,1,0,0,unknown,0.13350723246495041,24,0.5950719681480865,33
9121060,motor,adaptive,0,0.65,fixed,1,27,27,1,0,0,unknown,0.1335072324649505,24,0.5950719681480865,33
9121060,external,adaptive,0,0.65,fixed,1,27,27,1,0,0,unknown,0.13350723246495053,24,0.5950719681480864,33
9121060,sensor,adaptive,0,0.65,fixed,1,27,27,1,0,0,unknown,0.13350723246495041,24,0.5950719681480865,33
9121060,motor_external,adaptive,0,0.65,fixed,1,27,27,1,0,0,unknown,0.1335072324649504,24,0.5950719681480865,33
9121060,external_sensor,adaptive,0,0.65,fixed,1,27,27,1,0,0,unknown,0.13350723246495053,24,0.5950719681480864,33
9121060,nonlinear,adaptive,0,0.65,fixed,1,27,27,1,0,0,unknown,0.532196195731361,24,0.9437285717288224,33
9121060,none,adaptive,0,0.65,calibrated,0,27,,0,1,0,none,0.2867715115927716,0,0.0,0
9121060,motor,adaptive,0,0.65,calibrated,1,27,,0,0,0,none,1.4587107280631557,0,0.0,0
9121060,external,adaptive,0,0.65,calibrated,1,27,,0,0,0,none,1.2855974619236634,0,0.0,0
9121060,sensor,adaptive,0,0.65,calibrated,1,27,,0,0,0,none,0.2867715115927716,0,0.0,0
9121060,motor_external,adaptive,0,0.65,calibrated,1,27,,0,0,0,none,2.4575366783940473,0,0.0,0
9121060,external_sensor,adaptive,0,0.65,calibrated,1,27,41,1,0,0,undetermined,0.15091645616840837,14,0.45496542761335645,19
9121060,nonlinear,adaptive,0,0.65,calibrated,1,27,,0,0,0,none,1.0666926747523358,0,0.0,0
9121060,none,cycle,0,0.65,fixed,0,27,24,1,0,0,unknown,0.07803329509276509,30,0.6434570025374893,36
9121060,motor,cycle,0,0.65,fixed,1,27,24,1,0,0,unknown,0.09475921615965376,30,0.759674583006943,36
9121060,external,cycle,0,0.65,fixed,1,27,24,1,0,0,unknown,0.06288105015891406,30,0.7138790694883641,36
9121060,sensor,cycle,0,0.65,fixed,1,27,24,1,0,0,unknown,0.07803329509276509,30,0.6434570025374893,36
9121060,motor_external,cycle,0,0.65,fixed,1,27,24,1,0,0,unknown,0.09032400013768534,30,0.8890524841162892,36
9121060,external_sensor,cycle,0,0.65,fixed,1,27,24,1,0,0,unknown,0.06288105015891406,30,0.7138790694883641,36
9121060,nonlinear,cycle,0,0.65,fixed,1,27,24,1,0,0,unknown,0.40110975150192124,30,0.8983832531569873,36
9121060,none,cycle,0,0.65,calibrated,0,27,,0,1,0,none,0.2867715115927716,30,0.0,0
9121060,motor,cycle,0,0.65,calibrated,1,27,,0,0,0,none,1.4587107280631557,30,0.0,0
9121060,external,cycle,0,0.65,calibrated,1,27,,0,0,0,none,1.2855974619236634,30,0.0,0
9121060,sensor,cycle,0,0.65,calibrated,1,27,,0,0,0,none,0.2867715115927716,30,0.0,0
9121060,motor_external,cycle,0,0.65,calibrated,1,27,30,1,0,0,undetermined,0.0745437977234246,30,0.6695558587118844,30
9121060,external_sensor,cycle,0,0.65,calibrated,1,27,41,1,0,0,undetermined,0.10326743463993579,30,0.5331681530097295,19
9121060,nonlinear,cycle,0,0.65,calibrated,1,27,,0,0,0,none,1.0666926747523358,30,0.0,0
9121113,none,adaptive,1,0.13,fixed,0,27,,0,1,0,none,0.004072094411336134,0,0.0,0
9121113,motor,adaptive,1,0.13,fixed,1,27,28,1,1,1,motor,0.002762200246781414,24,0.03125421986739152,32
9121113,external,adaptive,1,0.13,fixed,1,27,28,1,1,1,external,0.0027622002467814094,24,0.03125421986739152,32
9121113,sensor,adaptive,1,0.13,fixed,1,27,28,1,1,1,sensor,0.002762200246781415,24,0.03125421986739152,32
9121113,motor_external,adaptive,1,0.13,fixed,1,27,28,1,1,1,motor_external,0.002762200246781412,24,0.03125421986739152,32
9121113,external_sensor,adaptive,1,0.13,fixed,1,27,28,1,1,1,external_sensor,0.0027622002467814094,24,0.03125421986739152,32
9121113,nonlinear,adaptive,1,0.13,fixed,1,27,28,1,0,0,unknown,0.34883575139451584,24,0.4181825991351812,32
9121113,none,adaptive,1,0.13,calibrated,0,27,,0,1,0,none,0.004072094411336134,0,0.0,0
9121113,motor,adaptive,1,0.13,calibrated,1,27,28,1,1,1,motor,0.002762200246781414,24,0.03125421986739152,32
9121113,external,adaptive,1,0.13,calibrated,1,27,28,1,1,1,external,0.0027622002467814094,24,0.03125421986739152,32
9121113,sensor,adaptive,1,0.13,calibrated,1,27,28,1,1,1,sensor,0.002762200246781415,24,0.03125421986739152,32
9121113,motor_external,adaptive,1,0.13,calibrated,1,27,28,1,1,1,motor_external,0.002762200246781412,24,0.03125421986739152,32
9121113,external_sensor,adaptive,1,0.13,calibrated,1,27,28,1,1,1,external_sensor,0.0027622002467814094,24,0.03125421986739152,32
9121113,nonlinear,adaptive,1,0.13,calibrated,1,27,28,1,0,0,unknown,0.34883575139451584,24,0.4181825991351812,32
9121113,none,cycle,1,0.13,fixed,0,27,,0,1,0,none,0.004072094411336134,30,0.0,0
9121113,motor,cycle,1,0.13,fixed,1,27,28,1,1,1,motor,0.002687534777644022,30,0.031936632241026774,32
9121113,external,cycle,1,0.13,fixed,1,27,28,1,1,1,external,0.0026875347776440287,30,0.03193663224102678,32
9121113,sensor,cycle,1,0.13,fixed,1,27,28,1,1,1,sensor,0.0026875347776440287,30,0.03193663224102678,32
9121113,motor_external,cycle,1,0.13,fixed,1,27,28,1,1,1,motor_external,0.0026875347776440443,30,0.03193663224102679,32
9121113,external_sensor,cycle,1,0.13,fixed,1,27,28,1,1,1,external_sensor,0.0026875347776440287,30,0.03193663224102678,32
9121113,nonlinear,cycle,1,0.13,fixed,1,27,28,1,0,0,unknown,0.3352213114828692,30,0.4282113374459536,32
9121113,none,cycle,1,0.13,calibrated,0,27,,0,1,0,none,0.004072094411336134,30,0.0,0
9121113,motor,cycle,1,0.13,calibrated,1,27,28,1,1,1,motor,0.002687534777644022,30,0.031936632241026774,32
9121113,external,cycle,1,0.13,calibrated,1,27,28,1,1,1,external,0.0026875347776440287,30,0.03193663224102678,32
9121113,sensor,cycle,1,0.13,calibrated,1,27,28,1,1,1,sensor,0.0026875347776440287,30,0.03193663224102678,32
9121113,motor_external,cycle,1,0.13,calibrated,1,27,28,1,1,1,motor_external,0.0026875347776440443,30,0.03193663224102679,32
9121113,external_sensor,cycle,1,0.13,calibrated,1,27,28,1,1,1,external_sensor,0.0026875347776440287,30,0.03193663224102678,32
9121113,nonlinear,cycle,1,0.13,calibrated,1,27,28,1,0,0,unknown,0.3352213114828692,30,0.4282113374459536,32
9121113,none,adaptive,0,0.13,fixed,0,27,,0,1,0,none,0.004072094411336134,0,0.0,0
9121113,motor,adaptive,0,0.13,fixed,1,27,28,1,1,1,motor,0.002762200246781414,24,0.03125421986739152,32
9121113,external,adaptive,0,0.13,fixed,1,27,28,1,0,0,undetermined,0.0027622002467814094,24,0.03125421986739152,32
9121113,sensor,adaptive,0,0.13,fixed,1,27,28,1,0,0,undetermined,0.002762200246781415,24,0.03125421986739152,32
9121113,motor_external,adaptive,0,0.13,fixed,1,27,28,1,0,0,undetermined,0.002762200246781412,24,0.03125421986739152,32
9121113,external_sensor,adaptive,0,0.13,fixed,1,27,28,1,0,0,undetermined,0.0027622002467814094,24,0.03125421986739152,32
9121113,nonlinear,adaptive,0,0.13,fixed,1,27,28,1,0,0,unknown,0.34883575139451584,24,0.4181825991351812,32
9121113,none,adaptive,0,0.13,calibrated,0,27,,0,1,0,none,0.004072094411336134,0,0.0,0
9121113,motor,adaptive,0,0.13,calibrated,1,27,28,1,1,1,motor,0.002762200246781414,24,0.03125421986739152,32
9121113,external,adaptive,0,0.13,calibrated,1,27,28,1,0,0,undetermined,0.0027622002467814094,24,0.03125421986739152,32
9121113,sensor,adaptive,0,0.13,calibrated,1,27,28,1,0,0,undetermined,0.002762200246781415,24,0.03125421986739152,32
9121113,motor_external,adaptive,0,0.13,calibrated,1,27,28,1,0,0,undetermined,0.002762200246781412,24,0.03125421986739152,32
9121113,external_sensor,adaptive,0,0.13,calibrated,1,27,28,1,0,0,undetermined,0.0027622002467814094,24,0.03125421986739152,32
9121113,nonlinear,adaptive,0,0.13,calibrated,1,27,28,1,0,0,unknown,0.34883575139451584,24,0.4181825991351812,32
9121113,none,cycle,0,0.13,fixed,0,27,,0,1,0,none,0.004072094411336134,30,0.0,0
9121113,motor,cycle,0,0.13,fixed,1,27,28,1,1,1,motor,0.002687534777644022,30,0.031936632241026774,32
9121113,external,cycle,0,0.13,fixed,1,27,28,1,0,0,undetermined,0.0026875347776440287,30,0.03193663224102678,32
9121113,sensor,cycle,0,0.13,fixed,1,27,28,1,0,0,undetermined,0.0026875347776440287,30,0.03193663224102678,32
9121113,motor_external,cycle,0,0.13,fixed,1,27,28,1,0,0,undetermined,0.0026875347776440443,30,0.03193663224102679,32
9121113,external_sensor,cycle,0,0.13,fixed,1,27,28,1,0,0,undetermined,0.0026875347776440287,30,0.03193663224102678,32
9121113,nonlinear,cycle,0,0.13,fixed,1,27,28,1,0,0,unknown,0.3352213114828692,30,0.4282113374459536,32
9121113,none,cycle,0,0.13,calibrated,0,27,,0,1,0,none,0.004072094411336134,30,0.0,0
9121113,motor,cycle,0,0.13,calibrated,1,27,28,1,1,1,motor,0.002687534777644022,30,0.031936632241026774,32
9121113,external,cycle,0,0.13,calibrated,1,27,28,1,0,0,undetermined,0.0026875347776440287,30,0.03193663224102678,32
9121113,sensor,cycle,0,0.13,calibrated,1,27,28,1,0,0,undetermined,0.0026875347776440287,30,0.03193663224102678,32
9121113,motor_external,cycle,0,0.13,calibrated,1,27,28,1,0,0,undetermined,0.0026875347776440443,30,0.03193663224102679,32
9121113,external_sensor,cycle,0,0.13,calibrated,1,27,28,1,0,0,undetermined,0.0026875347776440287,30,0.03193663224102678,32
9121113,nonlinear,cycle,0,0.13,calibrated,1,27,28,1,0,0,unknown,0.3352213114828692,30,0.4282113374459536,32
9121113,none,adaptive,1,0.35,fixed,0,27,25,1,1,1,none,0.03774258227753514,26,0.20271275413924067,35
9121113,motor,adaptive,1,0.35,fixed,1,27,25,1,1,1,motor,0.032037957940531804,26,0.2874337340062305,35
9121113,external,adaptive,1,0.35,fixed,1,27,25,1,1,1,external,0.04220178560375787,26,0.271271921664558,35
9121113,sensor,adaptive,1,0.35,fixed,1,27,25,1,1,1,sensor,0.03774258227753514,26,0.20271275413924067,35
9121113,motor_external,adaptive,1,0.35,fixed,1,27,25,1,1,1,motor_external,0.03649716126675458,26,0.3559929015315477,35
9121113,external_sensor,adaptive,1,0.35,fixed,1,27,25,1,1,1,external_sensor,0.04220178560375787,26,0.271271921664558,35
9121113,nonlinear,adaptive,1,0.35,fixed,1,27,25,1,0,0,unknown,0.3765311092903787,26,0.5198898081016461,35
9121113,none,adaptive,1,0.35,calibrated,0,27,,0,1,0,none,0.029516660673886412,0,0.0,0
9121113,motor,adaptive,1,0.35,calibrated,1,27,29,1,1,1,motor,0.03726540073757335,23,0.21018231365306903,31
9121113,external,adaptive,1,0.35,calibrated,1,27,40,1,0,1,motor_external,0.038892231883802725,15,0.20088590537489023,20
9121113,sensor,adaptive,1,0.35,calibrated,1,27,47,1,1,1,sensor,0.0578948825911602,9,0.18928480239976506,13
9121113,motor_external,adaptive,1,0.35,calibrated,1,27,56,1,0,0,undetermined,0.1983184561066646,3,0.11432547871417573,4
9121113,external_sensor,adaptive,1,0.35,calibrated,1,27,40,1,0,1,motor_external_sensor,0.038892231883802725,15,0.20088590537489023,20
9121113,nonlinear,adaptive,1,0.35,calibrated,1,27,33,1,0,1,external,0.39406370474114133,20,0.5671968592427696,27
9121113,none,cycle,1,0.35,fixed,0,27,25,1,1,1,none,0.011588393849332714,30,0.23915394433588416,35
9121113,motor,cycle,1,0.35,fixed,1,27,25,1,1,1,motor,0.01990053406026413,30,0.23506715443035767,35
9121113,external,cycle,1,0.35,fixed,1,27,25,1,1,1,external,0.01572438658932569,30,0.3079496920516168,35
9121113,sensor,cycle,1,0.35,fixed,1,27,25,1,1,1,sensor,0.011588393849332714,30,0.23915394433588416,35
9121113,motor_external,cycle,1,0.35,fixed,1,27,25,1,1,1,motor_external,0.01899264109866977,30,0.2696765657242209,35
9121113,external_sensor,cycle,1,0.35,fixed,1,27,25,1,1,1,external_sensor,0.01572438658932569,30,0.3079496920516168,35
9121113,nonlinear,cycle,1,0.35,fixed,1,27,25,1,0,0,unknown,0.348041469901572,30,0.6877399241875787,35
9121113,none,cycle,1,0.35,calibrated,0,27,,0,1,0,none,0.029516660673886412,30,0.0,0
9121113,motor,cycle,1,0.35,calibrated,1,27,29,1,1,1,motor,0.021270886613115665,30,0.23546298745204158,31
9121113,external,cycle,1,0.35,calibrated,1,27,,0,0,0,none,0.862159173981006,30,0.0,0
9121113,sensor,cycle,1,0.35,calibrated,1,27,47,1,0,1,motor_sensor,0.06468950191425132,30,0.18534979366325677,13
9121113,motor_external,cycle,1,0.35,calibrated,1,27,29,1,1,1,motor_external,0.021270886613115575,30,0.23546298745204156,31
9121113,external_sensor,cycle,1,0.35,calibrated,1,27,46,1,0,1,motor_external_sensor,0.07284570338857978,30,0.20845950645629413,14
9121113,nonlinear,cycle,1,0.35,calibrated,1,27,,0,0,0,none,0.507779820811307,30,0.0,0
9121113,none,adaptive,0,0.35,fixed,0,27,,0,1,0,none,0.029516660673886412,0,0.0,0
9121113,motor,adaptive,0,0.35,fixed,1,27,28,1,1,1,motor,0.020021865694125705,24,0.22654685998553026,32
9121113,external,adaptive,0,0.35,fixed,1,27,28,1,0,0,undetermined,0.020021865694125698,24,0.22654685998553023,32
9121113,sensor,adaptive,0,0.35,fixed,1,27,28,1,0,0,undetermined,0.020021865694125715,24,0.22654685998553023,32
9121113,motor_external,adaptive,0,0.35,fixed,1,27,29,1,0,0,undetermined,0.037265400737573215,23,0.21018231365306891,31
9121113,external_sensor,adaptive,0,0.35,fixed,1,27,28,1,0,0,undetermined,0.020021865694125698,24,0.22654685998553023,32
9121113,nonlinear,adaptive,0,0.35,fixed,1,27,28,1,0,0,unknown,0.36262373416879523,24,0.6791424964757332,32
9121113,none,adaptive,0,0.35,calibrated,0,27,,0,1,0,none,0.029516660673886412,0,0.0,0
9121113,motor,adaptive,0,0.35,calibrated,1,27,29,1,1,1,motor,0.03726540073757335,23,0.21018231365306903,31
9121113,external,adaptive,0,0.35,calibrated,1,27,,0,0,0,none,0.862159173981006,0,0.0,0
9121113,sensor,adaptive,0,0.35,calibrated,1,27,,0,0,0,none,0.029516660673886412,0,0.0,0
9121113,motor_external,adaptive,0,0.35,calibrated,1,27,,0,0,0,none,2.454010155258859,0,0.0,0
9121113,external_sensor,adaptive,0,0.35,calibrated,1,27,28,1,0,0,undetermined,0.020021865694125698,24,0.22654685998553023,32
9121113,nonlinear,adaptive,0,0.35,calibrated,1,27,,0,0,0,none,0.507779820811307,0,0.0,0
9121113,none,cycle,0,0.35,fixed,0,27,24,1,1,1,none,0.01129971005687382,30,0.2362573303818866,36
9121113,motor,cycle,0,0.35,fixed,1,27,24,1,1,1,motor,0.014623436682900465,30,0.268724534259921,36
9121113,external,cycle,0,0.35,fixed,1,27,24,1,0,0,undetermined,0.013237577183251012,30,0.32137584422067134,36
9121113,sensor,cycle,0,0.35,fixed,1,27,24,1,0,0,undetermined,0.01129971005687382,30,0.2362573303818866,36
9121113,motor_external,cycle,0,0.35,fixed,1,27,24,1,0,0,undetermined,0.018655966421144126,30,0.37257676633515613,36
9121113,external_sensor,cycle,0,0.35,fixed,1,27,24,1,0,0,undetermined,0.013237577183251012,30,0.32137584422067134,36
9121113,nonlinear,cycle,0,0.35,fixed,1,27,24,1,0,0,unknown,0.3503656531579058,30,0.6711947037884491,36
9121113,none,cycle,0,0.35,calibrated,0,27,,0,1,0,none,0.029516660673886412,30,0.0,0
9121113,motor,cycle,0,0.35,calibrated,1,27,30,1,1,1,motor,0.022238333785845797,30,0.24297535551425337,30
9121113,external,cycle,0,0.35,calibrated,1,27,,0,0,0,none,0.862159173981006,30,0.0,0
9121113,sensor,cycle,0,0.35,calibrated,1,27,,0,0,0,none,0.029516660673886412,30,0.0,0
9121113,motor_external,cycle,0,0.35,calibrated,1,27,29,1,0,0,undetermined,0.021270886613115575,30,0.23546298745204156,31
9121113,external_sensor,cycle,0,0.35,calibrated,1,27,28,1,0,0,undetermined,0.019480651494757067,30,0.23149334020862605,32
9121113,nonlinear,cycle,0,0.35,calibrated,1,27,,0,0,0,none,0.507779820811307,30,0.0,0
9121113,none,adaptive,1,0.65,fixed,0,27,24,1,0,0,unknown,0.06179141130991141,27,0.7779264806525217,36
9121113,motor,adaptive,1,0.65,fixed,1,27,24,1,0,0,unknown,0.07847901560475419,27,1.0155223645508304,36
9121113,external,adaptive,1,0.65,fixed,1,27,24,1,0,0,unknown,0.06527166382975827,27,0.8785032947411681,36
9121113,sensor,adaptive,1,0.65,fixed,1,27,24,1,0,0,unknown,0.06179141130991141,27,0.7779264806525217,36
9121113,motor_external,adaptive,1,0.65,fixed,1,27,24,1,0,0,unknown,0.0868327756569132,27,1.148942381574624,36
9121113,external_sensor,adaptive,1,0.65,fixed,1,27,24,1,0,0,unknown,0.06527166382975827,27,0.8785032947411681,36
9121113,nonlinear,adaptive,1,0.65,fixed,1,27,24,1,0,0,unknown,0.39855171145212076,27,1.2481409234267622,36
9121113,none,adaptive,1,0.65,calibrated,0,27,,0,1,0,none,0.10180236028340425,0,0.0,0
9121113,motor,adaptive,1,0.65,calibrated,1,27,,0,0,0,none,1.6866684683708457,0,0.0,0
9121113,external,adaptive,1,0.65,calibrated,1,27,,0,0,0,none,0.9538527421394836,0,0.0,0
9121113,sensor,adaptive,1,0.65,calibrated,1,27,,0,0,0,none,0.10180236028340425,0,0.0,0
9121113,motor_external,adaptive,1,0.65,calibrated,1,27,,0,0,0,none,2.5387188502269256,0,0.0,0
9121113,external_sensor,adaptive,1,0.65,calibrated,1,27,,0,0,0,none,0.9538527421394836,0,0.0,0
9121113,nonlinear,adaptive,1,0.65,calibrated,1,27,,0,0,0,none,0.512576800538614,0,0.0,0
9121113,none,cycle,1,0.65,fixed,0,27,24,1,0,0,unknown,0.03897246937983012,30,0.8148467109089559,36
9121113,motor,cycle,1,0.65,fixed,1,27,24,1,0,0,unknown,0.036268637781012136,30,0.7889604217244132,36
9121113,external,cycle,1,0.65,fixed,1,27,24,1,0,0,unknown,0.035486817366717265,30,0.9223481491459994,36
9121113,sensor,cycle,1,0.65,fixed,1,27,24,1,0,0,unknown,0.03897246937983012,30,0.8148467109089559,36
9121113,motor_external,cycle,1,0.65,fixed,1,27,24,1,0,0,unknown,0.03487764837976563,30,0.915195578197907,36
9121113,external_sensor,cycle,1,0.65,fixed,1,27,24,1,0,0,unknown,0.035486817366717265,30,0.9223481491459994,36
9121113,nonlinear,cycle,1,0.65,fixed,1,27,24,1,0,0,unknown,0.380348603548402,30,1.342998802646685,36
9121113,none,cycle,1,0.65,calibrated,0,27,,0,1,0,none,0.10180236028340425,30,0.0,0
9121113,motor,cycle,1,0.65,calibrated,1,27,,0,0,0,none,1.6866684683708457,30,0.0,0
9121113,external,cycle,1,0.65,calibrated,1,27,,0,0,0,none,0.9538527421394836,30,0.0,0
9121113,sensor,cycle,1,0.65,calibrated,1,27,,0,0,0,none,0.10180236028340425,30,0.0,0
9121113,motor_external,cycle,1,0.65,calibrated,1,27,,0,0,0,none,2.5387188502269256,30,0.0,0
9121113,external_sensor,cycle,1,0.65,calibrated,1,27,,0,0,0,none,0.9538527421394836,30,0.0,0
9121113,nonlinear,cycle,1,0.65,calibrated,1,27,,0,0,0,none,0.512576800538614,30,0.0,0
9121113,none,adaptive,0,0.65,fixed,0,27,24,1,0,0,unknown,0.06179141130991141,27,0.7779264806525217,36
9121113,motor,adaptive,0,0.65,fixed,1,27,24,1,0,0,unknown,0.07847901560475419,27,1.0155223645508304,36
9121113,external,adaptive,0,0.65,fixed,1,27,24,1,0,0,unknown,0.06527166382975827,27,0.8785032947411681,36
9121113,sensor,adaptive,0,0.65,fixed,1,27,24,1,0,0,unknown,0.06179141130991141,27,0.7779264806525217,36
9121113,motor_external,adaptive,0,0.65,fixed,1,27,24,1,0,0,unknown,0.0868327756569132,27,1.148942381574624,36
9121113,external_sensor,adaptive,0,0.65,fixed,1,27,24,1,0,0,unknown,0.06527166382975827,27,0.8785032947411681,36
9121113,nonlinear,adaptive,0,0.65,fixed,1,27,24,1,0,0,unknown,0.39855171145212076,27,1.2481409234267622,36
9121113,none,adaptive,0,0.65,calibrated,0,27,,0,1,0,none,0.10180236028340425,0,0.0,0
9121113,motor,adaptive,0,0.65,calibrated,1,27,,0,0,0,none,1.6866684683708457,0,0.0,0
9121113,external,adaptive,0,0.65,calibrated,1,27,,0,0,0,none,0.9538527421394836,0,0.0,0
9121113,sensor,adaptive,0,0.65,calibrated,1,27,,0,0,0,none,0.10180236028340425,0,0.0,0
9121113,motor_external,adaptive,0,0.65,calibrated,1,27,,0,0,0,none,2.5387188502269256,0,0.0,0
9121113,external_sensor,adaptive,0,0.65,calibrated,1,27,,0,0,0,none,0.9538527421394836,0,0.0,0
9121113,nonlinear,adaptive,0,0.65,calibrated,1,27,,0,0,0,none,0.512576800538614,0,0.0,0
9121113,none,cycle,0,0.65,fixed,0,27,24,1,0,0,unknown,0.03897246937983012,30,0.8148467109089559,36
9121113,motor,cycle,0,0.65,fixed,1,27,24,1,0,0,unknown,0.036268637781012136,30,0.7889604217244132,36
9121113,external,cycle,0,0.65,fixed,1,27,24,1,0,0,unknown,0.035486817366717265,30,0.9223481491459994,36
9121113,sensor,cycle,0,0.65,fixed,1,27,24,1,0,0,unknown,0.03897246937983012,30,0.8148467109089559,36
9121113,motor_external,cycle,0,0.65,fixed,1,27,24,1,0,0,unknown,0.03487764837976563,30,0.915195578197907,36
9121113,external_sensor,cycle,0,0.65,fixed,1,27,24,1,0,0,unknown,0.035486817366717265,30,0.9223481491459994,36
9121113,nonlinear,cycle,0,0.65,fixed,1,27,24,1,0,0,unknown,0.380348603548402,30,1.342998802646685,36
9121113,none,cycle,0,0.65,calibrated,0,27,,0,1,0,none,0.10180236028340425,30,0.0,0
9121113,motor,cycle,0,0.65,calibrated,1,27,,0,0,0,none,1.6866684683708457,30,0.0,0
9121113,external,cycle,0,0.65,calibrated,1,27,,0,0,0,none,0.9538527421394836,30,0.0,0
9121113,sensor,cycle,0,0.65,calibrated,1,27,,0,0,0,none,0.10180236028340425,30,0.0,0
9121113,motor_external,cycle,0,0.65,calibrated,1,27,59,1,0,0,undetermined,0.9781341973340838,30,1.7757074087250315e-30,1
9121113,external_sensor,cycle,0,0.65,calibrated,1,27,,0,0,0,none,0.9538527421394836,30,0.0,0
9121113,nonlinear,cycle,0,0.65,calibrated,1,27,,0,0,0,none,0.512576800538614,30,0.0,0
9121166,none,adaptive,1,0.13,fixed,0,29,,0,1,0,none,0.009645960797550436,0,0.0,0
9121166,motor,adaptive,1,0.13,fixed,1,29,30,1,1,1,motor,0.005441462513340904,22,0.0331817936283776,30
9121166,external,adaptive,1,0.13,fixed,1,29,30,1,1,1,external,0.0054414625133409325,22,0.0331817936283776,30
9121166,sensor,adaptive,1,0.13,fixed,1,29,30,1,1,1,sensor,0.005441462513340928,22,0.033181793628377594,30
9121166,motor_external,adaptive,1,0.13,fixed,1,29,36,1,1,1,motor_external,0.0038375157697864226,18,0.03312574964340298,24
9121166,external_sensor,adaptive,1,0.13,fixed,1,29,30,1,1,1,external_sensor,0.0054414625133409325,22,0.0331817936283776,30
9121166,nonlinear,adaptive,1,0.13,fixed,1,29,30,1,0,0,unknown,0.362617829204539,22,0.38552290044941573,30
9121166,none,adaptive,1,0.13,calibrated,0,29,,0,1,0,none,0.009645960797550436,0,0.0,0
9121166,motor,adaptive,1,0.13,calibrated,1,29,30,1,1,1,motor,0.005441462513340904,22,0.0331817936283776,30
9121166,external,adaptive,1,0.13,calibrated,1,29,30,1,1,1,external,0.0054414625133409325,22,0.0331817936283776,30
9121166,sensor,adaptive,1,0.13,calibrated,1,29,30,1,1,1,sensor,0.005441462513340928,22,0.033181793628377594,30
9121166,motor_external,adaptive,1,0.13,calibrated,1,29,36,1,1,1,motor_external,0.0038375157697864226,18,0.03312574964340298,24
9121166,external_sensor,adaptive,1,0.13,calibrated,1,29,30,1,1,1,external_sensor,0.0054414625133409325,22,0.0331817936283776,30
9121166,nonlinear,adaptive,1,0.13,calibrated,1,29,30,1,0,0,unknown,0.362617829204539,22,0.38552290044941573,30
9121166,none,cycle,1,0.13,fixed,0,29,,0,1,0,none,0.009645960797550436,30,0.0,0
9121166,motor,cycle,1,0.13,fixed,1,29,30,1,1,1,motor,0.003000116930363696,30,0.03652527142970904,30
9121166,external,cycle,1,0.13,fixed,1,29,30,1,1,1,external,0.0030001169303636973,30,0.03652527142970905,30
9121166,sensor,cycle,1,0.13,fixed,1,29,30,1,1,1,sensor,0.003000116930363687,30,0.03652527142970904,30
9121166,motor_external,cycle,1,0.13,fixed,1,29,30,1,1,1,motor_external,0.0030001169303637107,30,0.03652527142970904,30
9121166,external_sensor,cycle,1,0.13,fixed,1,29,30,1,1,1,external_sensor,0.0030001169303636973,30,0.03652527142970905,30
9121166,nonlinear,cycle,1,0.13,fixed,1,29,30,1,0,0,unknown,0.33720011693036367,30,0.3771158075795727,30
9121166,none,cycle,1,0.13,calibrated,0,29,,0,1,0,none,0.009645960797550436,30,0.0,0
9121166,motor,cycle,1,0.13,calibrated,1,29,30,1,1,1,motor,0.003000116930363696,30,0.03652527142970904,30
9121166,external,cycle,1,0.13,calibrated,1,29,30,1,1,1,external,0.0030001169303636973,30,0.03652527142970905,30
9121166,sensor,cycle,1,0.13,calibrated,1,29,30,1,1,1,sensor,0.003000116930363687,30,0.03652527142970904,30
9121166,motor_external,cycle,1,0.13,calibrated,1,29,30,1,1,1,motor_external,0.0030001169303637107,30,0.03652527142970904,30
9121166,external_sensor,cycle,1,0.13,calibrated,1,29,30,1,1,1,external_sensor,0.0030001169303636973,30,0.03652527142970905,30
9121166,nonlinear,cycle,1,0.13,calibrated,1,29,30,1,0,0,unknown,0.33720011693036367,30,0.3771158075795727,30
9121166,none,adaptive,0,0.13,fixed,0,29,,0,1,0,none,0.009645960797550436,0,0.0,0
9121166,motor,adaptive,0,0.13,fixed,1,29,30,1,1,1,motor,0.005441462513340904,22,0.0331817936283776,30
9121166,external,adaptive,0,0.13,fixed,1,29,30,1,0,0,undetermined,0.0054414625133409325,22,0.0331817936283776,30
9121166,sensor,adaptive,0,0.13,fixed,1,29,30,1,0,0,undetermined,0.005441462513340928,22,0.033181793628377594,30
9121166,motor_external,adaptive,0,0.13,fixed,1,29,33,1,0,0,undetermined,0.004181100217435908,20,0.03440021852877626,27
9121166,external_sensor,adaptive,0,0.13,fixed,1,29,30,1,0,0,undetermined,0.0054414625133409325,22,0.0331817936283776,30
9121166,nonlinear,adaptive,0,0.13,fixed,1,29,30,1,0,0,unknown,0.362617829204539,22,0.38552290044941573,30
9121166,none,adaptive,0,0.13,calibrated,0,29,,0,1,0,none,0.009645960797550436,0,0.0,0
9121166,motor,adaptive,0,0.13,calibrated,1,29,30,1,1,1,motor,0.005441462513340904,22,0.0331817936283776,30
9121166,external,adaptive,0,0.13,calibrated,1,29,30,1,0,0,undetermined,0.0054414625133409325,22,0.0331817936283776,30
9121166,sensor,adaptive,0,0.13,calibrated,1,29,30,1,0,0,undetermined,0.005441462513340928,22,0.033181793628377594,30
9121166,motor_external,adaptive,0,0.13,calibrated,1,29,,0,0,0,none,2.459733602835139,0,0.0,0
9121166,external_sensor,adaptive,0,0.13,calibrated,1,29,30,1,0,0,undetermined,0.0054414625133409325,22,0.0331817936283776,30
9121166,nonlinear,adaptive,0,0.13,calibrated,1,29,30,1,0,0,unknown,0.362617829204539,22,0.38552290044941573,30
9121166,none,cycle,0,0.13,fixed,0,29,,0,1,0,none,0.009645960797550436,30,0.0,0
9121166,motor,cycle,0,0.13,fixed,1,29,30,1,1,1,motor,0.003000116930363696,30,0.03652527142970904,30
9121166,external,cycle,0,0.13,fixed,1,29,30,1,0,0,undetermined,0.0030001169303636973,30,0.03652527142970905,30
9121166,sensor,cycle,0,0.13,fixed,1,29,30,1,0,0,undetermined,0.003000116930363687,30,0.03652527142970904,30
9121166,motor_external,cycle,0,0.13,fixed,1,29,30,1,0,0,undetermined,0.0030001169303637107,30,0.03652527142970904,30
9121166,external_sensor,cycle,0,0.13,fixed,1,29,30,1,0,0,undetermined,0.0030001169303636973,30,0.03652527142970905,30
9121166,nonlinear,cycle,0,0.13,fixed,1,29,30,1,0,0,unknown,0.33720011693036367,30,0.3771158075795727,30
9121166,none,cycle,0,0.13,calibrated,0,29,,0,1,0,none,0.009645960797550436,30,0.0,0
9121166,motor,cycle,0,0.13,calibrated,1,29,30,1,1,1,motor,0.003000116930363696,30,0.03652527142970904,30
9121166,external,cycle,0,0.13,calibrated,1,29,30,1,0,0,undetermined,0.0030001169303636973,30,0.03652527142970905,30
9121166,sensor,cycle,0,0.13,calibrated,1,29,30,1,0,0,undetermined,0.003000116930363687,30,0.03652527142970904,30
9121166,motor_external,cycle,0,0.13,calibrated,1,29,30,1,0,0,undetermined,0.0030001169303637107,30,0.03652527142970904,30
9121166,external_sensor,cycle,0,0.13,calibrated,1,29,30,1,0,0,undetermined,0.0030001169303636973,30,0.03652527142970905,30
9121166,nonlinear,cycle,0,0.13,calibrated,1,29,30,1,0,0,unknown,0.33720011693036367,30,0.3771158075795727,30
9121166,none,adaptive,1,0.35,fixed,0,29,27,1,1,1,none,0.025408849852211472,24,0.24979583046198983,33
9121166,motor,adaptive,1,0.35,fixed,1,29,27,1,1,1,motor,0.022133525303071822,24,0.3320514727472594,33
9121166,external,adaptive,1,0.35,fixed,1,29,27,1,1,1,external,0.020532508852149647,24,0.3194405304252413,33
9121166,sensor,adaptive,1,0.35,fixed,1,29,27,1,1,1,sensor,0.025408849852211472,24,0.24979583046198983,33
9121166,motor_external,adaptive,1,0.35,fixed,1,29,27,1,1,1,motor_external,0.018236847599186024,24,0.4011456896221519,33
9121166,external_sensor,adaptive,1,0.35,fixed,1,29,27,1,1,1,external_sensor,0.020532508852149647,24,0.3194405304252413,33
9121166,nonlinear,adaptive,1,0.35,fixed,1,29,27,1,0,0,unknown,0.3758499287726829,24,0.7066146317918859,33
9121166,none,adaptive,1,0.35,calibrated,0,29,,0,1,0,none,0.06991894660946338,0,0.0,0
9121166,motor,adaptive,1,0.35,calibrated,1,29,36,1,1,1,motor,0.027816312532475417,18,0.24011268232644165,24
9121166,external,adaptive,1,0.35,calibrated,1,29,,0,0,0,none,0.9978448991417317,0,0.0,0
9121166,sensor,adaptive,1,0.35,calibrated,1,29,,0,0,0,none,0.06991894660946338,0,0.0,0
9121166,motor_external,adaptive,1,0.35,calibrated,1,29,,0,0,0,none,2.5878472136337414,0,0.0,0
9121166,external_sensor,adaptive,1,0.35,calibrated,1,29,,0,0,0,none,0.9978448991417317,0,0.0,0
9121166,nonlinear,adaptive,1,0.35,calibrated,1,29,,0,0,0,none,0.6827630690582264,0,0.0,0
9121166,none,cycle,1,0.35,fixed,0,29,27,1,0,0,unknown,0.024849738543342353,30,0.253034524316329,33
9121166,motor,cycle,1,0.35,fixed,1,29,27,1,0,0,unknown,0.021705977451294736,30,0.3587706880143622,33
9121166,external,cycle,1,0.35,fixed,1,29,27,1,0,0,unknown,0.026562917421606963,30,0.3161105938887039,33
9121166,sensor,cycle,1,0.35,fixed,1,29,27,1,0,0,unknown,0.024849738543342353,30,0.253034524316329,33
9121166,motor_external,cycle,1,0.35,fixed,1,29,27,1,0,0,unknown,0.013472714592713392,30,0.3519037790169,33
9121166,external_sensor,cycle,1,0.35,fixed,1,29,27,1,0,0,unknown,0.026562917421606963,30,0.3161105938887039,33
9121166,nonlinear,cycle,1,0.35,fixed,1,29,27,1,0,0,unknown,0.35860239170387437,30,0.5969593053854371,33
9121166,none,cycle,1,0.35,calibrated,0,29,,0,1,0,none,0.06991894660946338,30,0.0,0
9121166,motor,cycle,1,0.35,calibrated,1,29,33,1,1,1,motor,0.026649340628657637,30,0.25695099476869016,27
9121166,external,cycle,1,0.35,calibrated,1,29,30,1,0,1,motor_external,0.021746409702340326,30,0.26475418639877846,30
9121166,sensor,cycle,1,0.35,calibrated,1,29,,0,0,0,none,0.06991894660946338,30,0.0,0
9121166,motor_external,cycle,1,0.35,calibrated,1,29,30,1,1,1,motor_external,0.021746409702340375,30,0.2647541863987784,30
9121166,external_sensor,cycle,1,0.35,calibrated,1,29,30,1,0,1,motor_external_sensor,0.021746409702340326,30,0.26475418639877846,30
9121166,nonlinear,cycle,1,0.35,calibrated,1,29,45,1,0,1,motor_external,0.39235506339040593,30,0.5461818360703522,15
9121166,none,adaptive,0,0.35,fixed,0,29,25,1,1,1,none,0.02300210349420472,26,0.24066835953441817,35
9121166,motor,adaptive,0,0.35,fixed,1,29,25,1,1,1,motor,0.047186567999315726,26,0.3705141111792264,35
9121166,external,adaptive,0,0.35,fixed,1,29,25,1,0,0,undetermined,0.018093734069289814,26,0.33938596955797673,35
9121166,sensor,adaptive,0,0.35,fixed,1,29,25,1,0,0,undetermined,0.02300210349420472,26,0.24066835953441817,35
9121166,motor_external,adaptive,0,0.35,fixed,1,29,25,1,0,0,undetermined,0.04235510383695548,26,0.46918961822955224,35
9121166,external_sensor,adaptive,0,0.35,fixed,1,29,25,1,0,0,undetermined,0.018093734069289814,26,0.33938596955797673,35
9121166,nonlinear,adaptive,0,0.35,fixed,1,29,25,1,0,0,unknown,0.36808707172372224,26,0.5048352125352895,35
9121166,none,adaptive,0,0.35,calibrated,0,29,,0,1,0,none,0.06991894660946338,0,0.0,0
9121166,motor,adaptive,0,0.35,calibrated,1,29,,0,0,0,none,1.659921261101473,0,0.0,0
9121166,external,adaptive,0,0.35,calibrated,1,29,35,1,0,0,undetermined,0.029740182444652864,18,0.2490568273592123,25
9121166,sensor,adaptive,0,0.35,calibrated,1,29,35,1,0,0,undetermined,0.02974018244465288,18,0.2490568273592123,25
9121166,motor_external,adaptive,0,0.35,calibrated,1,29,,0,0,0,none,2.5878472136337414,0,0.0,0
9121166,external_sensor,adaptive,0,0.35,calibrated,1,29,30,1,0,0,undetermined,0.039442553720962385,22,0.24051891831220448,30
9121166,nonlinear,adaptive,0,0.35,calibrated,1,29,,0,0,0,none,0.6827630690582264,0,0.0,0
9121166,none,cycle,0,0.35,fixed,0,29,25,1,1,1,none,0.025903638316417864,30,0.24115539751025084,35
9121166,motor,cycle,0,0.35,fixed,1,29,25,1,1,1,motor,0.03679888058285518,30,0.3983607207150796,35
9121166,external,cycle,0,0.35,fixed,1,29,25,1,0,0,undetermined,0.0318627897951491,30,0.3295098408061129,35
9121166,sensor,cycle,0,0.35,fixed,1,29,25,1,0,0,undetermined,0.025903638316417864,30,0.24115539751025084,35
9121166,motor_external,cycle,0,0.35,fixed,1,29,25,1,0,0,undetermined,0.0292633323526716,30,0.4275460960564689,35
9121166,external_sensor,cycle,0,0.35,fixed,1,29,25,1,0,0,undetermined,0.0318627897951491,30,0.3295098408061129,35
9121166,nonlinear,cycle,0,0.35,fixed,1,29,25,1,0,0,unknown,0.3601872279457444,30,0.5713857221667464,35
9121166,none,cycle,0,0.35,calibrated,0,29,,0,1,0,none,0.06991894660946338,30,0.0,0
9121166,motor,cycle,0,0.35,calibrated,1,29,54,1,0,0,undetermined,0.08805753254717315,30,0.07199696671746576,6
9121166,external,cycle,0,0.35,calibrated,1,29,,0,0,0,none,0.9978448991417317,30,0.0,0
9121166,sensor,cycle,0,0.35,calibrated,1,29,,0,0,0,none,0.06991894660946338,30,0.0,0
9121166,motor_external,cycle,0,0.35,calibrated,1,29,30,1,0,0,undetermined,0.021746409702340375,30,0.2647541863987784,30
9121166,external_sensor,cycle,0,0.35,calibrated,1,29,30,1,0,0,undetermined,0.021746409702340326,30,0.26475418639877846,30
9121166,nonlinear,cycle,0,0.35,calibrated,1,29,,0,0,0,none,0.6827630690582264,30,0.0,0
9121166,none,adaptive,1,0.65,fixed,0,29,24,1,0,0,unknown,0.13689047451702632,27,0.7338940294373756,36
9121166,motor,adaptive,1,0.65,fixed,1,29,24,1,0,0,unknown,0.13014572128717328,27,1.1127416074758738,36
9121166,external,adaptive,1,0.65,fixed,1,29,24,1,0,0,unknown,0.12999610169553552,27,0.8403090440465468,36
9121166,sensor,adaptive,1,0.65,fixed,1,29,24,1,0,0,unknown,0.13689047451702632,27,0.7338940294373756,36
9121166,motor_external,adaptive,1,0.65,fixed,1,29,24,1,0,0,unknown,0.10402011983254833,27,1.170097365367866,36
9121166,external_sensor,adaptive,1,0.65,fixed,1,29,24,1,0,0,unknown,0.12999610169553552,27,0.8403090440465468,36
9121166,nonlinear,adaptive,1,0.65,fixed,1,29,24,1,0,0,unknown,0.4824732467255857,27,1.0467465691761546,36
9121166,none,adaptive,1,0.65,calibrated,0,29,,0,1,0,none,0.24114901993876128,0,0.0,0
9121166,motor,adaptive,1,0.65,calibrated,1,29,,0,0,0,none,1.8225818897096364,0,0.0,0
9121166,external,adaptive,1,0.65,calibrated,1,29,,0,0,0,none,1.270154360355831,0,0.0,0
9121166,sensor,adaptive,1,0.65,calibrated,1,29,,0,0,0,none,0.24114901993876128,0,0.0,0
9121166,motor_external,adaptive,1,0.65,calibrated,1,29,,0,0,0,none,2.8515872301267056,0,0.0,0
9121166,external_sensor,adaptive,1,0.65,calibrated,1,29,,0,0,0,none,1.270154360355831,0,0.0,0
9121166,nonlinear,adaptive,1,0.65,calibrated,1,29,,0,0,0,none,0.9018595330578923,0,0.0,0
9121166,none,cycle,1,0.65,fixed,0,29,24,1,0,0,unknown,0.08325360679519059,30,0.810605981975826,36
9121166,motor,cycle,1,0.65,fixed,1,29,24,1,0,0,unknown,0.06434392920505325,30,1.0274705892257971,36
9121166,external,cycle,1,0.65,fixed,1,29,24,1,0,0,unknown,0.06934091475784959,30,0.9286507482760408,36
9121166,sensor,cycle,1,0.65,fixed,1,29,24,1,0,0,unknown,0.08325360679519059,30,0.810605981975826,36
9121166,motor_external,cycle,1,0.65,fixed,1,29,24,1,0,0,unknown,0.047857550001358516,30,1.1468260295459143,36
9121166,external_sensor,cycle,1,0.65,fixed,1,29,24,1,0,0,unknown,0.06934091475784959,30,0.9286507482760408,36
9121166,nonlinear,cycle,1,0.65,fixed,1,29,24,1,0,0,unknown,0.4060449023519979,30,1.1491493588045243,36
9121166,none,cycle,1,0.65,calibrated,0,29,,0,1,0,none,0.24114901993876128,30,0.0,0
9121166,motor,cycle,1,0.65,calibrated,1,29,,0,0,0,none,1.8225818897096364,30,0.0,0
9121166,external,cycle,1,0.65,calibrated,1,29,,0,0,0,none,1.270154360355831,30,0.0,0
9121166,sensor,cycle,1,0.65,calibrated,1,29,,0,0,0,none,0.24114901993876128,30,0.0,0
9121166,motor_external,cycle,1,0.65,calibrated,1,29,54,1,0,0,undetermined,0.3037086326626989,30,0.2483160688826881,6
9121166,external_sensor,cycle,1,0.65,calibrated,1,29,,0,0,0,none,1.270154360355831,30,0.0,0
9121166,nonlinear,cycle,1,0.65,calibrated,1,29,,0,0,0,none,0.9018595330578923,30,0.0,0
9121166,none,adaptive,0,0.65,fixed,0,29,24,1,0,0,unknown,0.13689047451702632,27,0.7338940294373756,36
9121166,motor,adaptive,0,0.65,fixed,1,29,24,1,0,0,unknown,0.13014572128717328,27,1.1127416074758738,36
9121166,external,adaptive,0,0.65,fixed,1,29,24,1,0,0,unknown,0.12999610169553552,27,0.8403090440465468,36
9121166,sensor,adaptive,0,0.65,fixed,1,29,24,1,0,0,unknown,0.13689047451702632,27,0.7338940294373756,36
9121166,motor_external,adaptive,0,0.65,fixed,1,29,24,1,0,0,unknown,0.10402011983254833,27,1.170097365367866,36
9121166,external_sensor,adaptive,0,0.65,fixed,1,29,24,1,0,0,unknown,0.12999610169553552,27,0.8403090440465468,36
9121166,nonlinear,adaptive,0,0.65,fixed,1,29,24,1,0,0,unknown,0.4824732467255857,27,1.0467465691761546,36
9121166,none,adaptive,0,0.65,calibrated,0,29,,0,1,0,none,0.24114901993876128,0,0.0,0
9121166,motor,adaptive,0,0.65,calibrated,1,29,,0,0,0,none,1.8225818897096364,0,0.0,0
9121166,external,adaptive,0,0.65,calibrated,1,29,,0,0,0,none,1.270154360355831,0,0.0,0
9121166,sensor,adaptive,0,0.65,calibrated,1,29,,0,0,0,none,0.24114901993876128,0,0.0,0
9121166,motor_external,adaptive,0,0.65,calibrated,1,29,,0,0,0,none,2.8515872301267056,0,0.0,0
9121166,external_sensor,adaptive,0,0.65,calibrated,1,29,35,1,0,0,undetermined,0.10257328230910905,18,0.8589919147695284,25
9121166,nonlinear,adaptive,0,0.65,calibrated,1,29,,0,0,0,none,0.9018595330578923,0,0.0,0
9121166,none,cycle,0,0.65,fixed,0,29,24,1,0,0,unknown,0.08325360679519059,30,0.810605981975826,36
9121166,motor,cycle,0,0.65,fixed,1,29,24,1,0,0,unknown,0.06434392920505325,30,1.0274705892257971,36
9121166,external,cycle,0,0.65,fixed,1,29,24,1,0,0,unknown,0.06934091475784959,30,0.9286507482760408,36
9121166,sensor,cycle,0,0.65,fixed,1,29,24,1,0,0,unknown,0.08325360679519059,30,0.810605981975826,36
9121166,motor_external,cycle,0,0.65,fixed,1,29,24,1,0,0,unknown,0.047857550001358516,30,1.1468260295459143,36
9121166,external_sensor,cycle,0,0.65,fixed,1,29,24,1,0,0,unknown,0.06934091475784959,30,0.9286507482760408,36
9121166,nonlinear,cycle,0,0.65,fixed,1,29,24,1,0,0,unknown,0.4060449023519979,30,1.1491493588045243,36
9121166,none,cycle,0,0.65,calibrated,0,29,,0,1,0,none,0.24114901993876128,30,0.0,0
9121166,motor,cycle,0,0.65,calibrated,1,29,,0,0,0,none,1.8225818897096364,30,0.0,0
9121166,external,cycle,0,0.65,calibrated,1,29,,0,0,0,none,1.270154360355831,30,0.0,0
9121166,sensor,cycle,0,0.65,calibrated,1,29,,0,0,0,none,0.24114901993876128,30,0.0,0
9121166,motor_external,cycle,0,0.65,calibrated,1,29,,0,0,0,none,2.8515872301267056,30,0.0,0
9121166,external_sensor,cycle,0,0.65,calibrated,1,29,,0,0,0,none,1.270154360355831,30,0.0,0
9121166,nonlinear,cycle,0,0.65,calibrated,1,29,,0,0,0,none,0.9018595330578923,30,0.0,0
9121219,none,adaptive,1,0.13,fixed,0,31,,0,1,0,none,0.007156344388907101,0,0.0,0
9121219,motor,adaptive,1,0.13,fixed,1,31,32,1,1,1,motor,0.002789608281810099,21,0.0343994029719634,28
9121219,external,adaptive,1,0.13,fixed,1,31,32,1,1,1,external,0.0027896082818100773,21,0.0343994029719634,28
9121219,sensor,adaptive,1,0.13,fixed,1,31,32,1,1,1,sensor,0.0027896082818101033,21,0.0343994029719634,28
9121219,motor_external,adaptive,1,0.13,fixed,1,31,32,1,1,1,motor_external,0.002789608281810075,21,0.03439940297196341,28
9121219,external_sensor,adaptive,1,0.13,fixed,1,31,32,1,1,1,external_sensor,0.0027896082818100773,21,0.0343994029719634,28
9121219,nonlinear,adaptive,1,0.13,fixed,1,31,32,1,0,0,unknown,0.35111786803401035,21,0.3801947190702908,28
9121219,none,adaptive,1,0.13,calibrated,0,31,,0,1,0,none,0.007156344388907101,0,0.0,0
9121219,motor,adaptive,1,0.13,calibrated,1,31,32,1,1,1,motor,0.002789608281810099,21,0.0343994029719634,28
9121219,external,adaptive,1,0.13,calibrated,1,31,32,1,1,1,external,0.0027896082818100773,21,0.0343994029719634,28
9121219,sensor,adaptive,1,0.13,calibrated,1,31,32,1,1,1,sensor,0.0027896082818101033,21,0.0343994029719634,28
9121219,motor_external,adaptive,1,0.13,calibrated,1,31,32,1,1,1,motor_external,0.002789608281810075,21,0.03439940297196341,28
9121219,external_sensor,adaptive,1,0.13,calibrated,1,31,32,1,1,1,external_sensor,0.0027896082818100773,21,0.0343994029719634,28
9121219,nonlinear,adaptive,1,0.13,calibrated,1,31,32,1,0,0,unknown,0.35111786803401035,21,0.3801947190702908,28
9121219,none,cycle,1,0.13,fixed,0,31,,0,1,0,none,0.007156344388907101,30,0.0,0
9121219,motor,cycle,1,0.13,fixed,1,31,33,1,1,1,motor,0.006966194949611532,30,0.032054419444940536,27
9121219,external,cycle,1,0.13,fixed,1,31,32,1,1,1,external,0.006670096995145762,30,0.03127739233600928,28
9121219,sensor,cycle,1,0.13,fixed,1,31,32,1,1,1,sensor,0.006670096995145787,30,0.03127739233600928,28
9121219,motor_external,cycle,1,0.13,fixed,1,31,32,1,1,1,motor_external,0.006670096995145818,30,0.03127739233600928,28
9121219,external_sensor,cycle,1,0.13,fixed,1,31,32,1,1,1,external_sensor,0.006670096995145762,30,0.03127739233600928,28
9121219,nonlinear,cycle,1,0.13,fixed,1,31,33,1,0,0,unknown,0.3460348036688011,30,0.3382673097037611,27
9121219,none,cycle,1,0.13,calibrated,0,31,,0,1,0,none,0.007156344388907101,30,0.0,0
9121219,motor,cycle,1,0.13,calibrated,1,31,33,1,1,1,motor,0.006966194949611532,30,0.032054419444940536,27
9121219,external,cycle,1,0.13,calibrated,1,31,32,1,1,1,external,0.006670096995145762,30,0.03127739233600928,28
9121219,sensor,cycle,1,0.13,calibrated,1,31,32,1,1,1,sensor,0.006670096995145787,30,0.03127739233600928,28
9121219,motor_external,cycle,1,0.13,calibrated,1,31,32,1,1,1,motor_external,0.006670096995145818,30,0.03127739233600928,28
9121219,external_sensor,cycle,1,0.13,calibrated,1,31,32,1,1,1,external_sensor,0.006670096995145762,30,0.03127739233600928,28
9121219,nonlinear,cycle,1,0.13,calibrated,1,31,33,1,0,0,unknown,0.3460348036688011,30,0.3382673097037611,27
9121219,none,adaptive,0,0.13,fixed,0,31,,0,1,0,none,0.007156344388907101,0,0.0,0
9121219,motor,adaptive,0,0.13,fixed,1,31,32,1,1,1,motor,0.002789608281810099,21,0.0343994029719634,28
9121219,external,adaptive,0,0.13,fixed,1,31,32,1,0,0,undetermined,0.0027896082818100773,21,0.0343994029719634,28
9121219,sensor,adaptive,0,0.13,fixed,1,31,32,1,0,0,undetermined,0.0027896082818101033,21,0.0343994029719634,28
9121219,motor_external,adaptive,0,0.13,fixed,1,31,32,1,0,0,undetermined,0.002789608281810075,21,0.03439940297196341,28
9121219,external_sensor,adaptive,0,0.13,fixed,1,31,32,1,0,0,undetermined,0.0027896082818100773,21,0.0343994029719634,28
9121219,nonlinear,adaptive,0,0.13,fixed,1,31,32,1,0,0,unknown,0.35111786803401035,21,0.3801947190702908,28
9121219,none,adaptive,0,0.13,calibrated,0,31,,0,1,0,none,0.007156344388907101,0,0.0,0
9121219,motor,adaptive,0,0.13,calibrated,1,31,32,1,1,1,motor,0.002789608281810099,21,0.0343994029719634,28
9121219,external,adaptive,0,0.13,calibrated,1,31,32,1,0,0,undetermined,0.0027896082818100773,21,0.0343994029719634,28
9121219,sensor,adaptive,0,0.13,calibrated,1,31,32,1,0,0,undetermined,0.0027896082818101033,21,0.0343994029719634,28
9121219,motor_external,adaptive,0,0.13,calibrated,1,31,32,1,0,0,undetermined,0.002789608281810075,21,0.03439940297196341,28
9121219,external_sensor,adaptive,0,0.13,calibrated,1,31,32,1,0,0,undetermined,0.0027896082818100773,21,0.0343994029719634,28
9121219,nonlinear,adaptive,0,0.13,calibrated,1,31,32,1,0,0,unknown,0.35111786803401035,21,0.3801947190702908,28
9121219,none,cycle,0,0.13,fixed,0,31,,0,1,0,none,0.007156344388907101,30,0.0,0
9121219,motor,cycle,0,0.13,fixed,1,31,33,1,1,1,motor,0.006966194949611532,30,0.032054419444940536,27
9121219,external,cycle,0,0.13,fixed,1,31,32,1,0,0,undetermined,0.006670096995145762,30,0.03127739233600928,28
9121219,sensor,cycle,0,0.13,fixed,1,31,32,1,0,0,undetermined,0.006670096995145787,30,0.03127739233600928,28
9121219,motor_external,cycle,0,0.13,fixed,1,31,32,1,0,0,undetermined,0.006670096995145818,30,0.03127739233600928,28
9121219,external_sensor,cycle,0,0.13,fixed,1,31,32,1,0,0,undetermined,0.006670096995145762,30,0.03127739233600928,28
9121219,nonlinear,cycle,0,0.13,fixed,1,31,33,1,0,0,unknown,0.3460348036688011,30,0.3382673097037611,27
9121219,none,cycle,0,0.13,calibrated,0,31,,0,1,0,none,0.007156344388907101,30,0.0,0
9121219,motor,cycle,0,0.13,calibrated,1,31,33,1,1,1,motor,0.006966194949611532,30,0.032054419444940536,27
9121219,external,cycle,0,0.13,calibrated,1,31,32,1,0,0,undetermined,0.006670096995145762,30,0.03127739233600928,28
9121219,sensor,cycle,0,0.13,calibrated,1,31,32,1,0,0,undetermined,0.006670096995145787,30,0.03127739233600928,28
9121219,motor_external,cycle,0,0.13,calibrated,1,31,32,1,0,0,undetermined,0.006670096995145818,30,0.03127739233600928,28
9121219,external_sensor,cycle,0,0.13,calibrated,1,31,32,1,0,0,undetermined,0.006670096995145762,30,0.03127739233600928,28
9121219,nonlinear,cycle,0,0.13,calibrated,1,31,33,1,0,0,unknown,0.3460348036688011,30,0.3382673097037611,27
9121219,none,adaptive,1,0.35,fixed,0,31,24,1,1,1,none,0.01899952637930311,27,0.23854737080618987,36
9121219,motor,adaptive,1,0.35,fixed,1,31,24,1,1,1,motor,0.0916317666873728,27,0.5318368905377429,36
9121219,external,adaptive,1,0.35,fixed,1,31,24,1,1,1,external,0.06670142090831438,27,0.3662840517010556,36
9121219,sensor,adaptive,1,0.35,fixed,1,31,24,1,1,1,sensor,0.01899952637930311,27,0.23854737080618987,36
9121219,motor_external,adaptive,1,0.35,fixed,1,31,24,1,1,1,motor_external,0.12510777841961832,27,0.6318451558117936,36
9121219,external_sensor,adaptive,1,0.35,fixed,1,31,24,1,1,1,external_sensor,0.06670142090831438,27,0.3662840517010556,36
9121219,nonlinear,adaptive,1,0.35,fixed,1,31,24,1,0,0,unknown,0.34771401595186274,27,0.5387269342036339,36
9121219,none,adaptive,1,0.35,calibrated,0,31,,0,1,0,none,0.05187291051130881,0,0.0,0
9121219,motor,adaptive,1,0.35,calibrated,1,31,36,1,1,1,motor,0.016961539967755478,18,0.2102603596374009,24
9121219,external,adaptive,1,0.35,calibrated,1,31,,0,0,0,none,0.9912538833837694,0,0.0,0
9121219,sensor,adaptive,1,0.35,calibrated,1,31,,0,0,0,none,0.05187291051130881,0,0.0,0
9121219,motor_external,adaptive,1,0.35,calibrated,1,31,32,1,1,1,motor_external,0.020220533403653075,21,0.24934478485594772,28
9121219,external_sensor,adaptive,1,0.35,calibrated,1,31,,0,0,0,none,0.9912538833837694,0,0.0,0
9121219,nonlinear,adaptive,1,0.35,calibrated,1,31,,0,0,0,none,0.5455677862675523,0,0.0,0
9121219,none,cycle,1,0.35,fixed,0,31,24,1,1,1,none,0.042587113373105966,30,0.21765381865640368,36
9121219,motor,cycle,1,0.35,fixed,1,31,24,1,1,1,motor,0.18986237082275023,30,0.4282547686737408,36
9121219,external,cycle,1,0.35,fixed,1,31,24,1,1,1,external,0.10305200708859116,30,0.3325517945899461,36
9121219,sensor,cycle,1,0.35,fixed,1,31,24,1,1,1,sensor,0.042587113373105966,30,0.21765381865640368,36
9121219,motor_external,cycle,1,0.35,fixed,1,31,24,1,1,1,motor_external,0.2510015614345248,30,0.532836900197969,36
9121219,external_sensor,cycle,1,0.35,fixed,1,31,24,1,1,1,external_sensor,0.10305200708859116,30,0.3325517945899461,36
9121219,nonlinear,cycle,1,0.35,fixed,1,31,24,1,0,0,unknown,0.3926775217133743,30,0.4340234532926231,36
9121219,none,cycle,1,0.35,calibrated,0,31,,0,1,0,none,0.05187291051130881,30,0.0,0
9121219,motor,cycle,1,0.35,calibrated,1,31,48,1,1,1,motor,0.035382984783556115,30,0.20737503061506465,12
9121219,external,cycle,1,0.35,calibrated,1,31,,0,0,0,none,0.9912538833837694,30,0.0,0
9121219,sensor,cycle,1,0.35,calibrated,1,31,,0,0,0,none,0.05187291051130881,30,0.0,0
9121219,motor_external,cycle,1,0.35,calibrated,1,31,42,1,1,1,motor_external,0.028773108729755616,30,0.23155518366979896,18
9121219,external_sensor,cycle,1,0.35,calibrated,1,31,,0,0,0,none,0.9912538833837694,30,0.0,0
9121219,nonlinear,cycle,1,0.35,calibrated,1,31,,0,0,0,none,0.5455677862675523,30,0.0,0
9121219,none,adaptive,0,0.35,fixed,0,31,24,1,1,1,none,0.01899952637930311,27,0.23854737080618987,36
9121219,motor,adaptive,0,0.35,fixed,1,31,24,1,1,1,motor,0.0916317666873728,27,0.5318368905377429,36
9121219,external,adaptive,0,0.35,fixed,1,31,24,1,0,0,undetermined,0.06670142090831438,27,0.3662840517010556,36
9121219,sensor,adaptive,0,0.35,fixed,1,31,24,1,0,0,undetermined,0.01899952637930311,27,0.23854737080618987,36
9121219,motor_external,adaptive,0,0.35,fixed,1,31,24,1,0,0,undetermined,0.12510777841961832,27,0.6318451558117936,36
9121219,external_sensor,adaptive,0,0.35,fixed,1,31,24,1,0,0,undetermined,0.06670142090831438,27,0.3662840517010556,36
9121219,nonlinear,adaptive,0,0.35,fixed,1,31,24,1,0,0,unknown,0.34771401595186274,27,0.5387269342036339,36
9121219,none,adaptive,0,0.35,calibrated,0,31,,0,1,0,none,0.05187291051130881,0,0.0,0
9121219,motor,adaptive,0,0.35,calibrated,1,31,32,1,1,1,motor,0.020220533403653075,21,0.24934478485594772,28
9121219,external,adaptive,0,0.35,calibrated,1,31,,0,0,0,none,0.9912538833837694,0,0.0,0
9121219,sensor,adaptive,0,0.35,calibrated,1,31,,0,0,0,none,0.05187291051130881,0,0.0,0
9121219,motor_external,adaptive,0,0.35,calibrated,1,31,32,1,0,0,undetermined,0.020220533403653075,21,0.24934478485594772,28
9121219,external_sensor,adaptive,0,0.35,calibrated,1,31,32,1,0,0,undetermined,0.02022053340365305,21,0.24934478485594772,28
9121219,nonlinear,adaptive,0,0.35,calibrated,1,31,53,1,0,0,undetermined,0.36608859308338026,5,0.265893606525516,7
9121219,none,cycle,0,0.35,fixed,0,31,24,1,1,1,none,0.042587113373105966,30,0.21765381865640368,36
9121219,motor,cycle,0,0.35,fixed,1,31,24,1,1,1,motor,0.18986237082275023,30,0.4282547686737408,36
9121219,external,cycle,0,0.35,fixed,1,31,24,1,0,0,undetermined,0.10305200708859116,30,0.3325517945899461,36
9121219,sensor,cycle,0,0.35,fixed,1,31,24,1,0,0,undetermined,0.042587113373105966,30,0.21765381865640368,36
9121219,motor_external,cycle,0,0.35,fixed,1,31,24,1,0,0,undetermined,0.2510015614345248,30,0.532836900197969,36
9121219,external_sensor,cycle,0,0.35,fixed,1,31,24,1,0,0,undetermined,0.10305200708859116,30,0.3325517945899461,36
9121219,nonlinear,cycle,0,0.35,fixed,1,31,24,1,0,0,unknown,0.3926775217133743,30,0.4340234532926231,36
9121219,none,cycle,0,0.35,calibrated,0,31,,0,1,0,none,0.05187291051130881,30,0.0,0
9121219,motor,cycle,0,0.35,calibrated,1,31,33,1,1,1,motor,0.05049460836256856,30,0.23234712319557485,27
9121219,external,cycle,0,0.35,calibrated,1,31,,0,0,0,none,0.9912538833837694,30,0.0,0
9121219,sensor,cycle,0,0.35,calibrated,1,31,,0,0,0,none,0.05187291051130881,30,0.0,0
9121219,motor_external,cycle,0,0.35,calibrated,1,31,34,1,0,0,undetermined,0.046683859385511936,30,0.238152898557697,26
9121219,external_sensor,cycle,0,0.35,calibrated,1,31,32,1,0,0,undetermined,0.04834833620741759,30,0.22671482610420918,28
9121219,nonlinear,cycle,0,0.35,calibrated,1,31,,0,0,0,none,0.5455677862675523,30,0.0,0
9121219,none,adaptive,1,0.65,fixed,0,31,24,1,0,0,unknown,0.06552897873678017,27,0.8227450135968589,36
9121219,motor,adaptive,1,0.65,fixed,1,31,24,1,0,0,unknown,0.14618462079039105,27,1.1015525343681556,36
9121219,external,adaptive,1,0.65,fixed,1,31,24,1,0,0,unknown,0.1270110685763724,27,0.9522917066873239,36
9121219,sensor,adaptive,1,0.65,fixed,1,31,24,1,0,0,unknown,0.06552897873678017,27,0.8227450135968589,36
9121219,motor_external,adaptive,1,0.65,fixed,1,31,24,1,0,0,unknown,0.19344082783321748,27,1.2033708118378057,36
9121219,external_sensor,adaptive,1,0.65,fixed,1,31,24,1,0,0,unknown,0.1270110685763724,27,0.9522917066873239,36
9121219,nonlinear,adaptive,1,0.65,fixed,1,31,24,1,0,0,unknown,0.38881091439798887,27,1.0949435678429058,36
9121219,none,adaptive,1,0.65,calibrated,0,31,,0,1,0,none,0.17890860972267747,0,0.0,0
9121219,motor,adaptive,1,0.65,calibrated,1,31,,0,0,0,none,1.5960952182705106,0,0.0,0
9121219,external,adaptive,1,0.65,calibrated,1,31,,0,0,0,none,1.2291875593429622,0,0.0,0
9121219,sensor,adaptive,1,0.65,calibrated,1,31,,0,0,0,none,0.17890860972267747,0,0.0,0
9121219,motor_external,adaptive,1,0.65,calibrated,1,31,49,1,0,1,motor_external_sensor,0.09809445529694141,8,0.7541575893443649,11
9121219,external_sensor,adaptive,1,0.65,calibrated,1,31,,0,0,0,none,1.2291875593429622,0,0.0,0
9121219,nonlinear,adaptive,1,0.65,calibrated,1,31,,0,0,0,none,0.618341950412844,0,0.0,0
9121219,none,cycle,1,0.65,fixed,0,31,24,1,0,0,unknown,0.14688208489907958,30,0.75068357863127,36
9121219,motor,cycle,1,0.65,fixed,1,31,24,1,0,0,unknown,0.359703688601131,30,0.9174423532857838,36
9121219,external,cycle,1,0.65,fixed,1,31,24,1,0,0,unknown,0.23110516787882718,30,0.8575289582671914,36
9121219,sensor,cycle,1,0.65,fixed,1,31,24,1,0,0,unknown,0.14688208489907958,30,0.75068357863127,36
9121219,motor_external,cycle,1,0.65,fixed,1,31,24,1,0,0,unknown,0.4446010684771678,30,1.0139718885123912,36
9121219,external_sensor,cycle,1,0.65,fixed,1,31,24,1,0,0,unknown,0.23110516787882718,30,0.8575289582671914,36
9121219,nonlinear,cycle,1,0.65,fixed,1,31,24,1,0,0,unknown,0.5024362955258505,30,0.8925533188634431,36
9121219,none,cycle,1,0.65,calibrated,0,31,,0,1,0,none,0.17890860972267747,30,0.0,0
9121219,motor,cycle,1,0.65,calibrated,1,31,,0,0,0,none,1.5960952182705106,30,0.0,0
9121219,external,cycle,1,0.65,calibrated,1,31,,0,0,0,none,1.2291875593429622,30,0.0,0
9121219,sensor,cycle,1,0.65,calibrated,1,31,,0,0,0,none,0.17890860972267747,30,0.0,0
9121219,motor_external,cycle,1,0.65,calibrated,1,31,,0,0,0,none,2.6463741678907953,30,0.0,0
9121219,external_sensor,cycle,1,0.65,calibrated,1,31,,0,0,0,none,1.2291875593429622,30,0.0,0
9121219,nonlinear,cycle,1,0.65,calibrated,1,31,,0,0,0,none,0.618341950412844,30,0.0,0
9121219,none,adaptive,0,0.65,fixed,0,31,24,1,0,0,unknown,0.06552897873678017,27,0.8227450135968589,36
9121219,motor,adaptive,0,0.65,fixed,1,31,24,1,0,0,unknown,0.14618462079039105,27,1.1015525343681556,36
9121219,external,adaptive,0,0.65,fixed,1,31,24,1,0,0,unknown,0.1270110685763724,27,0.9522917066873239,36
9121219,sensor,adaptive,0,0.65,fixed,1,31,24,1,0,0,unknown,0.06552897873678017,27,0.8227450135968589,36
9121219,motor_external,adaptive,0,0.65,fixed,1,31,24,1,0,0,unknown,0.19344082783321748,27,1.2033708118378057,36
9121219,external_sensor,adaptive,0,0.65,fixed,1,31,24,1,0,0,unknown,0.1270110685763724,27,0.9522917066873239,36
9121219,nonlinear,adaptive,0,0.65,fixed,1,31,24,1,0,0,unknown,0.38881091439798887,27,1.0949435678429058,36
9121219,none,adaptive,0,0.65,calibrated,0,31,,0,1,0,none,0.17890860972267747,0,0.0,0
9121219,motor,adaptive,0,0.65,calibrated,1,31,,0,0,0,none,1.5960952182705106,0,0.0,0
9121219,external,adaptive,0,0.65,calibrated,1,31,,0,0,0,none,1.2291875593429622,0,0.0,0
9121219,sensor,adaptive,0,0.65,calibrated,1,31,,0,0,0,none,0.17890860972267747,0,0.0,0
9121219,motor_external,adaptive,0,0.65,calibrated,1,31,38,1,0,0,undetermined,0.057890709093867156,16,0.7273636359623793,22
9121219,external_sensor,adaptive,0,0.65,calibrated,1,31,,0,0,0,none,1.2291875593429622,0,0.0,0
9121219,nonlinear,adaptive,0,0.65,calibrated,1,31,,0,0,0,none,0.618341950412844,0,0.0,0
9121219,none,cycle,0,0.65,fixed,0,31,24,1,0,0,unknown,0.14688208489907958,30,0.75068357863127,36
9121219,motor,cycle,0,0.65,fixed,1,31,24,1,0,0,unknown,0.359703688601131,30,0.9174423532857838,36
9121219,external,cycle,0,0.65,fixed,1,31,24,1,0,0,unknown,0.23110516787882718,30,0.8575289582671914,36
9121219,sensor,cycle,0,0.65,fixed,1,31,24,1,0,0,unknown,0.14688208489907958,30,0.75068357863127,36
9121219,motor_external,cycle,0,0.65,fixed,1,31,24,1,0,0,unknown,0.4446010684771678,30,1.0139718885123912,36
9121219,external_sensor,cycle,0,0.65,fixed,1,31,24,1,0,0,unknown,0.23110516787882718,30,0.8575289582671914,36
9121219,nonlinear,cycle,0,0.65,fixed,1,31,24,1,0,0,unknown,0.5024362955258505,30,0.8925533188634431,36
9121219,none,cycle,0,0.65,calibrated,0,31,,0,1,0,none,0.17890860972267747,30,0.0,0
9121219,motor,cycle,0,0.65,calibrated,1,31,,0,0,0,none,1.5960952182705106,30,0.0,0
9121219,external,cycle,0,0.65,calibrated,1,31,,0,0,0,none,1.2291875593429622,30,0.0,0
9121219,sensor,cycle,0,0.65,calibrated,1,31,,0,0,0,none,0.17890860972267747,30,0.0,0
9121219,motor_external,cycle,0,0.65,calibrated,1,31,,0,0,0,none,2.6463741678907953,30,0.0,0
9121219,external_sensor,cycle,0,0.65,calibrated,1,31,,0,0,0,none,1.2291875593429622,30,0.0,0
9121219,nonlinear,cycle,0,0.65,calibrated,1,31,,0,0,0,none,0.618341950412844,30,0.0,0
9121272,none,adaptive,1,0.13,fixed,0,33,,0,1,0,none,0.006235788558597738,0,0.0,0
9121272,motor,adaptive,1,0.13,fixed,1,33,34,1,1,1,motor,0.003525029922255366,19,0.029155770999637787,26
9121272,external,adaptive,1,0.13,fixed,1,33,34,1,1,1,external,0.00352502992225533,19,0.02915577099963778,26
9121272,sensor,adaptive,1,0.13,fixed,1,33,34,1,1,1,sensor,0.003525029922255339,19,0.02915577099963778,26
9121272,motor_external,adaptive,1,0.13,fixed,1,33,34,1,1,1,motor_external,0.003525029922255359,19,0.02915577099963778,26
9121272,external_sensor,adaptive,1,0.13,fixed,1,33,34,1,1,1,external_sensor,0.00352502992225533,19,0.02915577099963778,26
9121272,nonlinear,adaptive,1,0.13,fixed,1,33,34,1,0,0,unknown,0.35226859414323364,19,0.4148727411469302,26
9121272,none,adaptive,1,0.13,calibrated,0,33,,0,1,0,none,0.006235788558597738,0,0.0,0
9121272,motor,adaptive,1,0.13,calibrated,1,33,34,1,1,1,motor,0.003525029922255366,19,0.029155770999637787,26
9121272,external,adaptive,1,0.13,calibrated,1,33,34,1,1,1,external,0.00352502992225533,19,0.02915577099963778,26
9121272,sensor,adaptive,1,0.13,calibrated,1,33,34,1,1,1,sensor,0.003525029922255339,19,0.02915577099963778,26
9121272,motor_external,adaptive,1,0.13,calibrated,1,33,34,1,1,1,motor_external,0.003525029922255359,19,0.02915577099963778,26
9121272,external_sensor,adaptive,1,0.13,calibrated,1,33,34,1,1,1,external_sensor,0.00352502992225533,19,0.02915577099963778,26
9121272,nonlinear,adaptive,1,0.13,calibrated,1,33,34,1,0,0,unknown,0.35226859414323364,19,0.4148727411469302,26
9121272,none,cycle,1,0.13,fixed,0,33,,0,1,0,none,0.006235788558597738,30,0.0,0
9121272,motor,cycle,1,0.13,fixed,1,33,34,1,1,1,motor,0.0019480234429886216,30,0.03141552830720022,26
9121272,external,cycle,1,0.13,fixed,1,33,34,1,1,1,external,0.0019480234429886886,30,0.03141552830720022,26
9121272,sensor,cycle,1,0.13,fixed,1,33,34,1,1,1,sensor,0.0019480234429886845,30,0.03141552830720022,26
9121272,motor_external,cycle,1,0.13,fixed,1,33,35,1,1,1,motor_external,0.001614306356773482,30,0.027536148880054276,25
9121272,external_sensor,cycle,1,0.13,fixed,1,33,34,1,1,1,external_sensor,0.0019480234429886886,30,0.03141552830720022,26
9121272,nonlinear,cycle,1,0.13,fixed,1,33,38,1,0,0,unknown,0.3413421196362849,30,0.3267794793558348,22
9121272,none,cycle,1,0.13,calibrated,0,33,,0,1,0,none,0.006235788558597738,30,0.0,0
9121272,motor,cycle,1,0.13,calibrated,1,33,34,1,1,1,motor,0.0019480234429886216,30,0.03141552830720022,26
9121272,external,cycle,1,0.13,calibrated,1,33,34,1,1,1,external,0.0019480234429886886,30,0.03141552830720022,26
9121272,sensor,cycle,1,0.13,calibrated,1,33,34,1,1,1,sensor,0.0019480234429886845,30,0.03141552830720022,26
9121272,motor_external,cycle,1,0.13,calibrated,1,33,35,1,1,1,motor_external,0.001614306356773482,30,0.027536148880054276,25
9121272,external_sensor,cycle,1,0.13,calibrated,1,33,34,1,1,1,external_sensor,0.0019480234429886886,30,0.03141552830720022,26
9121272,nonlinear,cycle,1,0.13,calibrated,1,33,38,1,0,0,unknown,0.3413421196362849,30,0.3267794793558348,22
9121272,none,adaptive,0,0.13,fixed,0,33,,0,1,0,none,0.006235788558597738,0,0.0,0
9121272,motor,adaptive,0,0.13,fixed,1,33,34,1,1,1,motor,0.003525029922255366,19,0.029155770999637787,26
9121272,external,adaptive,0,0.13,fixed,1,33,34,1,0,0,undetermined,0.00352502992225533,19,0.02915577099963778,26
9121272,sensor,adaptive,0,0.13,fixed,1,33,34,1,0,0,undetermined,0.003525029922255339,19,0.02915577099963778,26
9121272,motor_external,adaptive,0,0.13,fixed,1,33,34,1,0,0,undetermined,0.003525029922255359,19,0.02915577099963778,26
9121272,external_sensor,adaptive,0,0.13,fixed,1,33,34,1,0,0,undetermined,0.00352502992225533,19,0.02915577099963778,26
9121272,nonlinear,adaptive,0,0.13,fixed,1,33,34,1,0,0,unknown,0.35226859414323364,19,0.4148727411469302,26
9121272,none,adaptive,0,0.13,calibrated,0,33,,0,1,0,none,0.006235788558597738,0,0.0,0
9121272,motor,adaptive,0,0.13,calibrated,1,33,34,1,1,1,motor,0.003525029922255366,19,0.029155770999637787,26
9121272,external,adaptive,0,0.13,calibrated,1,33,34,1,0,0,undetermined,0.00352502992225533,19,0.02915577099963778,26
9121272,sensor,adaptive,0,0.13,calibrated,1,33,34,1,0,0,undetermined,0.003525029922255339,19,0.02915577099963778,26
9121272,motor_external,adaptive,0,0.13,calibrated,1,33,34,1,0,0,undetermined,0.003525029922255359,19,0.02915577099963778,26
9121272,external_sensor,adaptive,0,0.13,calibrated,1,33,34,1,0,0,undetermined,0.00352502992225533,19,0.02915577099963778,26
9121272,nonlinear,adaptive,0,0.13,calibrated,1,33,34,1,0,0,unknown,0.35226859414323364,19,0.4148727411469302,26
9121272,none,cycle,0,0.13,fixed,0,33,,0,1,0,none,0.006235788558597738,30,0.0,0
9121272,motor,cycle,0,0.13,fixed,1,33,34,1,1,1,motor,0.0019480234429886216,30,0.03141552830720022,26
9121272,external,cycle,0,0.13,fixed,1,33,34,1,0,0,undetermined,0.0019480234429886886,30,0.03141552830720022,26
9121272,sensor,cycle,0,0.13,fixed,1,33,34,1,0,0,undetermined,0.0019480234429886845,30,0.03141552830720022,26
9121272,motor_external,cycle,0,0.13,fixed,1,33,35,1,0,0,undetermined,0.001614306356773482,30,0.027536148880054276,25
9121272,external_sensor,cycle,0,0.13,fixed,1,33,34,1,0,0,undetermined,0.0019480234429886886,30,0.03141552830720022,26
9121272,nonlinear,cycle,0,0.13,fixed,1,33,34,1,0,0,unknown,0.33749031740389623,30,0.347106067571903,26
9121272,none,cycle,0,0.13,calibrated,0,33,,0,1,0,none,0.006235788558597738,30,0.0,0
9121272,motor,cycle,0,0.13,calibrated,1,33,34,1,1,1,motor,0.0019480234429886216,30,0.03141552830720022,26
9121272,external,cycle,0,0.13,calibrated,1,33,34,1,0,0,undetermined,0.0019480234429886886,30,0.03141552830720022,26
9121272,sensor,cycle,0,0.13,calibrated,1,33,34,1,0,0,undetermined,0.0019480234429886845,30,0.03141552830720022,26
9121272,motor_external,cycle,0,0.13,calibrated,1,33,35,1,0,0,undetermined,0.001614306356773482,30,0.027536148880054276,25
9121272,external_sensor,cycle,0,0.13,calibrated,1,33,34,1,0,0,undetermined,0.0019480234429886886,30,0.03141552830720022,26
9121272,nonlinear,cycle,0,0.13,calibrated,1,33,34,1,0,0,unknown,0.33749031740389623,30,0.347106067571903,26
9121272,none,adaptive,1,0.35,fixed,0,33,24,1,0,1,motor,0.04405607813711375,27,0.20901343471779504,36
9121272,motor,adaptive,1,0.35,fixed,1,33,24,1,1,1,motor,0.07581667888276009,27,0.4224068028576491,36
9121272,external,adaptive,1,0.35,fixed,1,33,24,1,0,1,motor_external,0.09424785181864734,27,0.32815766092599924,36
9121272,sensor,adaptive,1,0.35,fixed,1,33,24,1,0,1,motor_sensor,0.04405607813711375,27,0.20901343471779504,36
9121272,motor_external,adaptive,1,0.35,fixed,1,33,24,1,1,1,motor_external,0.13040625856180885,27,0.5459488350633683,36
9121272,external_sensor,adaptive,1,0.35,fixed,1,33,24,1,0,1,motor_external_sensor,0.09424785181864734,27,0.32815766092599924,36
9121272,nonlinear,adaptive,1,0.35,fixed,1,33,24,1,0,0,unknown,0.3928685000179797,27,0.4489006330275794,36
9121272,none,adaptive,1,0.35,calibrated,0,33,,0,1,0,none,0.04520024251054551,0,0.0,0
9121272,motor,adaptive,1,0.35,calibrated,1,33,33,1,1,1,motor,0.028148599023588138,20,0.21925332068994496,27
9121272,external,adaptive,1,0.35,calibrated,1,33,,0,0,0,none,0.6565839284779592,0,0.0,0
9121272,sensor,adaptive,1,0.35,calibrated,1,33,34,1,1,1,sensor,0.025551252395046138,19,0.21133620990861704,26
9121272,motor_external,adaptive,1,0.35,calibrated,1,33,33,1,1,1,motor_external,0.028148599023588156,20,0.21925332068994496,27
9121272,external_sensor,adaptive,1,0.35,calibrated,1,33,34,1,1,1,external_sensor,0.02555125239504613,19,0.211336209908617,26
9121272,nonlinear,adaptive,1,0.35,calibrated,1,33,34,1,0,0,unknown,0.3664857914788359,19,0.6641563639465027,26
9121272,none,cycle,1,0.35,fixed,0,33,24,1,1,1,none,0.018574166031439306,30,0.24517481161841415,36
9121272,motor,cycle,1,0.35,fixed,1,33,24,1,1,1,motor,0.05765398516515526,30,0.4908472416001811,36
9121272,external,cycle,1,0.35,fixed,1,33,24,1,1,1,external,0.060175061015141605,30,0.37607639341273985,36
9121272,sensor,cycle,1,0.35,fixed,1,33,24,1,1,1,sensor,0.018574166031439306,30,0.24517481161841415,36
9121272,motor_external,cycle,1,0.35,fixed,1,33,24,1,1,1,motor_external,0.13354577325531536,30,0.6586450294572657,36
9121272,external_sensor,cycle,1,0.35,fixed,1,33,24,1,1,1,external_sensor,0.060175061015141605,30,0.37607639341273985,36
9121272,nonlinear,cycle,1,0.35,fixed,1,33,24,1,0,0,unknown,0.3758954043106981,30,0.4632419858567673,36
9121272,none,cycle,1,0.35,calibrated,0,33,,0,1,0,none,0.04520024251054551,30,0.0,0
9121272,motor,cycle,1,0.35,calibrated,1,33,34,1,1,1,motor,0.014120288270184028,30,0.22771610755219093,26
9121272,external,cycle,1,0.35,calibrated,1,33,33,1,1,1,external,0.012876382630577287,30,0.24035800170280763,27
9121272,sensor,cycle,1,0.35,calibrated,1,33,34,1,1,1,sensor,0.014120288270184186,30,0.2277161075521909,26
9121272,motor_external,cycle,1,0.35,calibrated,1,33,34,1,1,1,motor_external,0.014120288270184089,30,0.227716107552191,26
9121272,external_sensor,cycle,1,0.35,calibrated,1,33,33,1,1,1,external_sensor,0.012876382630577287,30,0.24035800170280763,27
9121272,nonlinear,cycle,1,0.35,calibrated,1,33,34,1,0,1,external,0.348993218586367,30,0.5108090314419521,26
9121272,none,adaptive,0,0.35,fixed,0,33,30,1,1,1,none,0.04272011515590969,22,0.2226139899148018,30
9121272,motor,adaptive,0,0.35,fixed,1,33,30,1,1,1,motor,0.056412655246149246,22,0.3807845923433392,30
9121272,external,adaptive,0,0.35,fixed,1,33,30,1,0,0,undetermined,0.06574416606429687,22,0.29816202827433325,30
9121272,sensor,adaptive,0,0.35,fixed,1,33,30,1,0,0,undetermined,0.04272011515590969,22,0.2226139899148018,30
9121272,motor_external,adaptive,0,0.35,fixed,1,33,30,1,0,0,undetermined,0.06587552601784,22,0.38663846443073463,30
9121272,external_sensor,adaptive,0,0.35,fixed,1,33,30,1,0,0,undetermined,0.06574416606429687,22,0.29816202827433325,30
9121272,nonlinear,adaptive,0,0.35,fixed,1,33,30,1,0,0,unknown,0.37071210773423385,22,0.644203683114448,30
9121272,none,adaptive,0,0.35,calibrated,0,33,,0,1,0,none,0.04520024251054551,0,0.0,0
9121272,motor,adaptive,0,0.35,calibrated,1,33,36,1,1,1,motor,0.023911761861559827,18,0.1801803138397012,24
9121272,external,adaptive,0,0.35,calibrated,1,33,,0,0,0,none,0.6565839284779592,0,0.0,0
9121272,sensor,adaptive,0,0.35,calibrated,1,33,,0,0,0,none,0.04520024251054551,0,0.0,0
9121272,motor_external,adaptive,0,0.35,calibrated,1,33,34,1,0,0,undetermined,0.02555125239504618,19,0.21133620990861704,26
9121272,external_sensor,adaptive,0,0.35,calibrated,1,33,38,1,0,0,undetermined,0.01884893401068014,16,0.18514846879460525,22
9121272,nonlinear,adaptive,0,0.35,calibrated,1,33,,0,0,0,none,0.5833589866658925,0,0.0,0
9121272,none,cycle,0,0.35,fixed,0,33,25,1,1,1,none,0.02019170091790328,30,0.24407414209324765,35
9121272,motor,cycle,0,0.35,fixed,1,33,25,1,1,1,motor,0.042862827787686,30,0.4380597839552725,35
9121272,external,cycle,0,0.35,fixed,1,33,25,1,0,0,undetermined,0.060354916027651695,30,0.38138946102188553,35
9121272,sensor,cycle,0,0.35,fixed,1,33,25,1,0,0,undetermined,0.02019170091790328,30,0.24407414209324765,35
9121272,motor_external,cycle,0,0.35,fixed,1,33,25,1,0,0,undetermined,0.1191970643534225,30,0.6208805814898307,35
9121272,external_sensor,cycle,0,0.35,fixed,1,33,25,1,0,0,undetermined,0.060354916027651695,30,0.38138946102188553,35
9121272,nonlinear,cycle,0,0.35,fixed,1,33,25,1,0,0,unknown,0.37730879880456547,30,0.45735474556428884,35
9121272,none,cycle,0,0.35,calibrated,0,33,,0,1,0,none,0.04520024251054551,30,0.0,0
9121272,motor,cycle,0,0.35,calibrated,1,33,39,1,1,1,motor,0.025553781758842865,30,0.18816906367960234,21
9121272,external,cycle,0,0.35,calibrated,1,33,49,1,0,0,undetermined,0.08765331785089772,30,0.23488058090435793,11
9121272,sensor,cycle,0,0.35,calibrated,1,33,49,1,0,0,undetermined,0.08765331785089778,30,0.2348805809043579,11
9121272,motor_external,cycle,0,0.35,calibrated,1,33,40,1,0,0,undetermined,0.02582881328059138,30,0.1939391303787722,20
9121272,external_sensor,cycle,0,0.35,calibrated,1,33,34,1,0,0,undetermined,0.0141202882701842,30,0.2277161075521909,26
9121272,nonlinear,cycle,0,0.35,calibrated,1,33,,0,0,0,none,0.5833589866658925,30,0.0,0
9121272,none,adaptive,1,0.65,fixed,0,33,24,1,0,0,unknown,0.15194851439126983,27,0.7208830707613747,36
9121272,motor,adaptive,1,0.65,fixed,1,33,24,1,0,0,unknown,0.12283724910937499,27,0.7984019713808921,36
9121272,external,adaptive,1,0.65,fixed,1,33,24,1,0,0,unknown,0.20091180837126088,27,0.8130437765766111,36
9121272,sensor,adaptive,1,0.65,fixed,1,33,24,1,0,0,unknown,0.15194851439126983,27,0.7208830707613747,36
9121272,motor_external,adaptive,1,0.65,fixed,1,33,24,1,0,0,unknown,0.17619834908688134,27,0.8949604831936434,36
9121272,external_sensor,adaptive,1,0.65,fixed,1,33,24,1,0,0,unknown,0.20091180837126088,27,0.8130437765766111,36
9121272,nonlinear,adaptive,1,0.65,fixed,1,33,24,1,0,0,unknown,0.5111090835985924,27,0.8892962670933026,36
9121272,none,adaptive,1,0.65,calibrated,0,33,,0,1,0,none,0.1558947139649429,0,0.0,0
9121272,motor,adaptive,1,0.65,calibrated,1,33,53,1,0,0,undetermined,0.3967224701467467,5,0.6102677439295304,7
9121272,external,adaptive,1,0.65,calibrated,1,33,,0,0,0,none,0.5970358450472828,0,0.0,0
9121272,sensor,adaptive,1,0.65,calibrated,1,33,,0,0,0,none,0.1558947139649429,0,0.0,0
9121272,motor_external,adaptive,1,0.65,calibrated,1,33,53,1,0,0,undetermined,0.3967224701467468,5,0.6102677439295304,7
9121272,external_sensor,adaptive,1,0.65,calibrated,1,33,,0,0,0,none,0.5970358450472828,0,0.0,0
9121272,nonlinear,adaptive,1,0.65,calibrated,1,33,,0,0,0,none,0.6779038102534445,0,0.0,0
9121272,none,cycle,1,0.65,fixed,0,33,24,1,0,0,unknown,0.06406191957782119,30,0.8456029217043264,36
9121272,motor,cycle,1,0.65,fixed,1,33,24,1,0,0,unknown,0.05478440275661385,30,1.0513437248359392,36
9121272,external,cycle,1,0.65,fixed,1,33,24,1,0,0,unknown,0.09627236659752628,30,0.9599853451426623,36
9121272,sensor,cycle,1,0.65,fixed,1,33,24,1,0,0,unknown,0.06406191957782119,30,0.8456029217043264,36
9121272,motor_external,cycle,1,0.65,fixed,1,33,24,1,0,0,unknown,0.1212857428827768,30,1.2026223543370336,36
9121272,external_sensor,cycle,1,0.65,fixed,1,33,24,1,0,0,unknown,0.09627236659752628,30,0.9599853451426623,36
9121272,nonlinear,cycle,1,0.65,fixed,1,33,24,1,0,0,unknown,0.4288175055077644,30,0.9989174874490406,36
9121272,none,cycle,1,0.65,calibrated,0,33,,0,1,0,none,0.1558947139649429,30,0.0,0
9121272,motor,cycle,1,0.65,calibrated,1,33,34,1,1,1,motor,0.04870058607471664,30,0.7853882076800056,26
9121272,external,cycle,1,0.65,calibrated,1,33,,0,0,0,none,0.5970358450472828,30,0.0,0
9121272,sensor,cycle,1,0.65,calibrated,1,33,,0,0,0,none,0.1558947139649429,30,0.0,0
9121272,motor_external,cycle,1,0.65,calibrated,1,33,34,1,1,1,motor_external,0.0487005860747166,30,0.7853882076800056,26
9121272,external_sensor,cycle,1,0.65,calibrated,1,33,,0,0,0,none,0.5970358450472828,30,0.0,0
9121272,nonlinear,cycle,1,0.65,calibrated,1,33,,0,0,0,none,0.6779038102534445,30,0.0,0
9121272,none,adaptive,0,0.65,fixed,0,33,24,1,0,0,unknown,0.15194851439126983,27,0.7208830707613747,36
9121272,motor,adaptive,0,0.65,fixed,1,33,24,1,0,0,unknown,0.12283724910937499,27,0.7984019713808921,36
9121272,external,adaptive,0,0.65,fixed,1,33,24,1,0,0,unknown,0.20091180837126088,27,0.8130437765766111,36
9121272,sensor,adaptive,0,0.65,fixed,1,33,24,1,0,0,unknown,0.15194851439126983,27,0.7208830707613747,36
9121272,motor_external,adaptive,0,0.65,fixed,1,33,24,1,0,0,unknown,0.17619834908688134,27,0.8949604831936434,36
9121272,external_sensor,adaptive,0,0.65,fixed,1,33,24,1,0,0,unknown,0.20091180837126088,27,0.8130437765766111,36
9121272,nonlinear,adaptive,0,0.65,fixed,1,33,24,1,0,0,unknown,0.5111090835985924,27,0.8892962670933026,36
9121272,none,adaptive,0,0.65,calibrated,0,33,,0,1,0,none,0.1558947139649429,0,0.0,0
9121272,motor,adaptive,0,0.65,calibrated,1,33,,0,0,0,none,1.4556981890093545,0,0.0,0
9121272,external,adaptive,0,0.65,calibrated,1,33,,0,0,0,none,0.5970358450472828,0,0.0,0
9121272,sensor,adaptive,0,0.65,calibrated,1,33,,0,0,0,none,0.1558947139649429,0,0.0,0
9121272,motor_external,adaptive,0,0.65,calibrated,1,33,,0,0,0,none,1.8968393200916949,0,0.0,0
9121272,external_sensor,adaptive,0,0.65,calibrated,1,33,,0,0,0,none,0.5970358450472828,0,0.0,0
9121272,nonlinear,adaptive,0,0.65,calibrated,1,33,,0,0,0,none,0.6779038102534445,0,0.0,0
9121272,none,cycle,0,0.65,fixed,0,33,24,1,0,0,unknown,0.06406191957782119,30,0.8456029217043264,36
9121272,motor,cycle,0,0.65,fixed,1,33,24,1,0,0,unknown,0.05478440275661385,30,1.0513437248359392,36
9121272,external,cycle,0,0.65,fixed,1,33,24,1,0,0,unknown,0.09627236659752628,30,0.9599853451426623,36
9121272,sensor,cycle,0,0.65,fixed,1,33,24,1,0,0,unknown,0.06406191957782119,30,0.8456029217043264,36
9121272,motor_external,cycle,0,0.65,fixed,1,33,24,1,0,0,unknown,0.1212857428827768,30,1.2026223543370336,36
9121272,external_sensor,cycle,0,0.65,fixed,1,33,24,1,0,0,unknown,0.09627236659752628,30,0.9599853451426623,36
9121272,nonlinear,cycle,0,0.65,fixed,1,33,24,1,0,0,unknown,0.4288175055077644,30,0.9989174874490406,36
9121272,none,cycle,0,0.65,calibrated,0,33,,0,1,0,none,0.1558947139649429,30,0.0,0
9121272,motor,cycle,0,0.65,calibrated,1,33,,0,0,0,none,1.4556981890093545,30,0.0,0
9121272,external,cycle,0,0.65,calibrated,1,33,,0,0,0,none,0.5970358450472828,30,0.0,0
9121272,sensor,cycle,0,0.65,calibrated,1,33,,0,0,0,none,0.1558947139649429,30,0.0,0
9121272,motor_external,cycle,0,0.65,calibrated,1,33,,0,0,0,none,1.8968393200916949,30,0.0,0
9121272,external_sensor,cycle,0,0.65,calibrated,1,33,49,1,0,0,undetermined,0.3023145044245253,30,0.8100983300578876,11
9121272,nonlinear,cycle,0,0.65,calibrated,1,33,,0,0,0,none,0.6779038102534445,30,0.0,0
9121325,none,adaptive,1,0.13,fixed,0,27,,0,1,0,none,0.002890448926415425,0,0.0,0
9121325,motor,adaptive,1,0.13,fixed,1,27,28,1,1,1,motor,0.0006565308955514111,24,0.025307025700923216,32
9121325,external,adaptive,1,0.13,fixed,1,27,28,1,1,1,external,0.0006565308955513904,24,0.02530702570092322,32
9121325,sensor,adaptive,1,0.13,fixed,1,27,28,1,1,1,sensor,0.0006565308955513952,24,0.02530702570092322,32
9121325,motor_external,adaptive,1,0.13,fixed,1,27,28,1,1,1,motor_external,0.0006565308955514055,24,0.025307025700923223,32
9121325,external_sensor,adaptive,1,0.13,fixed,1,27,28,1,1,1,external_sensor,0.0006565308955513904,24,0.02530702570092322,32
9121325,nonlinear,adaptive,1,0.13,fixed,1,27,28,1,0,0,unknown,0.3495067836654941,24,0.3708957084856653,32
9121325,none,adaptive,1,0.13,calibrated,0,27,,0,1,0,none,0.002890448926415425,0,0.0,0
9121325,motor,adaptive,1,0.13,calibrated,1,27,28,1,1,1,motor,0.0006565308955514111,24,0.025307025700923216,32
9121325,external,adaptive,1,0.13,calibrated,1,27,28,1,1,1,external,0.0006565308955513904,24,0.02530702570092322,32
9121325,sensor,adaptive,1,0.13,calibrated,1,27,28,1,1,1,sensor,0.0006565308955513952,24,0.02530702570092322,32
9121325,motor_external,adaptive,1,0.13,calibrated,1,27,28,1,1,1,motor_external,0.0006565308955514055,24,0.025307025700923223,32
9121325,external_sensor,adaptive,1,0.13,calibrated,1,27,28,1,1,1,external_sensor,0.0006565308955513904,24,0.02530702570092322,32
9121325,nonlinear,adaptive,1,0.13,calibrated,1,27,28,1,0,0,unknown,0.3495067836654941,24,0.3708957084856653,32
9121325,none,cycle,1,0.13,fixed,0,27,,0,1,0,none,0.002890448926415425,30,0.0,0
9121325,motor,cycle,1,0.13,fixed,1,27,28,1,1,1,motor,0.0037816301522543526,30,0.022306194740765704,32
9121325,external,cycle,1,0.13,fixed,1,27,28,1,1,1,external,0.0037816301522543222,30,0.02230619474076571,32
9121325,sensor,cycle,1,0.13,fixed,1,27,28,1,1,1,sensor,0.00378163015225434,30,0.022306194740765707,32
9121325,motor_external,cycle,1,0.13,fixed,1,27,28,1,1,1,motor_external,0.0037816301522543548,30,0.022306194740765707,32
9121325,external_sensor,cycle,1,0.13,fixed,1,27,28,1,1,1,external_sensor,0.0037816301522543222,30,0.02230619474076571,32
9121325,nonlinear,cycle,1,0.13,fixed,1,27,28,1,0,0,unknown,0.3440392936308657,30,0.37315656144574966,32
9121325,none,cycle,1,0.13,calibrated,0,27,,0,1,0,none,0.002890448926415425,30,0.0,0
9121325,motor,cycle,1,0.13,calibrated,1,27,28,1,1,1,motor,0.0037816301522543526,30,0.022306194740765704,32
9121325,external,cycle,1,0.13,calibrated,1,27,28,1,1,1,external,0.0037816301522543222,30,0.02230619474076571,32
9121325,sensor,cycle,1,0.13,calibrated,1,27,28,1,1,1,sensor,0.00378163015225434,30,0.022306194740765707,32
9121325,motor_external,cycle,1,0.13,calibrated,1,27,28,1,1,1,motor_external,0.0037816301522543548,30,0.022306194740765707,32
9121325,external_sensor,cycle,1,0.13,calibrated,1,27,28,1,1,1,external_sensor,0.0037816301522543222,30,0.02230619474076571,32
9121325,nonlinear,cycle,1,0.13,calibrated,1,27,28,1,0,0,unknown,0.3440392936308657,30,0.37315656144574966,32
9121325,none,adaptive,0,0.13,fixed,0,27,,0,1,0,none,0.002890448926415425,0,0.0,0
9121325,motor,adaptive,0,0.13,fixed,1,27,28,1,1,1,motor,0.0006565308955514111,24,0.025307025700923216,32
9121325,external,adaptive,0,0.13,fixed,1,27,28,1,0,0,undetermined,0.0006565308955513904,24,0.02530702570092322,32
9121325,sensor,adaptive,0,0.13,fixed,1,27,28,1,0,0,undetermined,0.0006565308955513952,24,0.02530702570092322,32
9121325,motor_external,adaptive,0,0.13,fixed,1,27,28,1,0,0,undetermined,0.0006565308955514055,24,0.025307025700923223,32
9121325,external_sensor,adaptive,0,0.13,fixed,1,27,28,1,0,0,undetermined,0.0006565308955513904,24,0.02530702570092322,32
9121325,nonlinear,adaptive,0,0.13,fixed,1,27,28,1,0,0,unknown,0.3495067836654941,24,0.3708957084856653,32
9121325,none,adaptive,0,0.13,calibrated,0,27,,0,1,0,none,0.002890448926415425,0,0.0,0
9121325,motor,adaptive,0,0.13,calibrated,1,27,28,1,1,1,motor,0.0006565308955514111,24,0.025307025700923216,32
9121325,external,adaptive,0,0.13,calibrated,1,27,28,1,0,0,undetermined,0.0006565308955513904,24,0.02530702570092322,32
9121325,sensor,adaptive,0,0.13,calibrated,1,27,28,1,0,0,undetermined,0.0006565308955513952,24,0.02530702570092322,32
9121325,motor_external,adaptive,0,0.13,calibrated,1,27,28,1,0,0,undetermined,0.0006565308955514055,24,0.025307025700923223,32
9121325,external_sensor,adaptive,0,0.13,calibrated,1,27,28,1,0,0,undetermined,0.0006565308955513904,24,0.02530702570092322,32
9121325,nonlinear,adaptive,0,0.13,calibrated,1,27,28,1,0,0,unknown,0.3495067836654941,24,0.3708957084856653,32
9121325,none,cycle,0,0.13,fixed,0,27,,0,1,0,none,0.002890448926415425,30,0.0,0
9121325,motor,cycle,0,0.13,fixed,1,27,28,1,1,1,motor,0.0037816301522543526,30,0.022306194740765704,32
9121325,external,cycle,0,0.13,fixed,1,27,28,1,0,0,undetermined,0.0037816301522543222,30,0.02230619474076571,32
9121325,sensor,cycle,0,0.13,fixed,1,27,28,1,0,0,undetermined,0.00378163015225434,30,0.022306194740765707,32
9121325,motor_external,cycle,0,0.13,fixed,1,27,28,1,0,0,undetermined,0.0037816301522543548,30,0.022306194740765707,32
9121325,external_sensor,cycle,0,0.13,fixed,1,27,28,1,0,0,undetermined,0.0037816301522543222,30,0.02230619474076571,32
9121325,nonlinear,cycle,0,0.13,fixed,1,27,28,1,0,0,unknown,0.3440392936308657,30,0.37315656144574966,32
9121325,none,cycle,0,0.13,calibrated,0,27,,0,1,0,none,0.002890448926415425,30,0.0,0
9121325,motor,cycle,0,0.13,calibrated,1,27,28,1,1,1,motor,0.0037816301522543526,30,0.022306194740765704,32
9121325,external,cycle,0,0.13,calibrated,1,27,28,1,0,0,undetermined,0.0037816301522543222,30,0.02230619474076571,32
9121325,sensor,cycle,0,0.13,calibrated,1,27,28,1,0,0,undetermined,0.00378163015225434,30,0.022306194740765707,32
9121325,motor_external,cycle,0,0.13,calibrated,1,27,28,1,0,0,undetermined,0.0037816301522543548,30,0.022306194740765707,32
9121325,external_sensor,cycle,0,0.13,calibrated,1,27,28,1,0,0,undetermined,0.0037816301522543222,30,0.02230619474076571,32
9121325,nonlinear,cycle,0,0.13,calibrated,1,27,28,1,0,0,unknown,0.3440392936308657,30,0.37315656144574966,32
9121325,none,adaptive,1,0.35,fixed,0,27,25,1,1,1,none,0.002677369106044678,26,0.18717240361391657,35
9121325,motor,adaptive,1,0.35,fixed,1,27,25,1,1,1,motor,0.01492235751059159,26,0.27948470415401566,35
9121325,external,adaptive,1,0.35,fixed,1,27,25,1,1,1,external,0.007680937762232294,26,0.22656325966525018,35
9121325,sensor,adaptive,1,0.35,fixed,1,27,25,1,1,1,sensor,0.002677369106044678,26,0.18717240361391657,35
9121325,motor_external,adaptive,1,0.35,fixed,1,27,25,1,1,1,motor_external,0.019925926166779243,26,0.31887556020534924,35
9121325,external_sensor,adaptive,1,0.35,fixed,1,27,25,1,1,1,external_sensor,0.007680937762232294,26,0.22656325966525018,35
9121325,nonlinear,adaptive,1,0.35,fixed,1,27,25,1,0,0,unknown,0.34773544993007455,26,0.48180088789270914,35
9121325,none,adaptive,1,0.35,calibrated,0,27,,0,1,0,none,0.020951478904490443,0,0.0,0
9121325,motor,adaptive,1,0.35,calibrated,1,27,29,1,1,1,motor,0.0016454216872491992,23,0.19269401840188274,31
9121325,external,adaptive,1,0.35,calibrated,1,27,,0,0,0,none,0.8891914477188683,0,0.0,0
9121325,sensor,adaptive,1,0.35,calibrated,1,27,44,1,1,1,sensor,0.025499824001502126,12,0.21085811608220606,16
9121325,motor_external,adaptive,1,0.35,calibrated,1,27,28,1,1,1,motor_external,0.004758877793198018,24,0.18343849990314165,32
9121325,external_sensor,adaptive,1,0.35,calibrated,1,27,44,1,1,1,external_sensor,0.025499824001502025,12,0.21085811608220606,16
9121325,nonlinear,adaptive,1,0.35,calibrated,1,27,,0,0,0,none,0.6027432350415077,0,0.0,0
9121325,none,cycle,1,0.35,fixed,0,27,25,1,1,1,none,0.029955335303347135,30,0.16039552919944253,35
9121325,motor,cycle,1,0.35,fixed,1,27,25,1,1,1,motor,0.03615415548521732,30,0.19428363606265203,35
9121325,external,cycle,1,0.35,fixed,1,27,25,1,1,1,external,0.03246240003688813,30,0.20228494687355147,35
9121325,sensor,cycle,1,0.35,fixed,1,27,25,1,1,1,sensor,0.029955335303347135,30,0.16039552919944253,35
9121325,motor_external,cycle,1,0.35,fixed,1,27,25,1,1,1,motor_external,0.03345675134919667,30,0.20089832028750937,35
9121325,external_sensor,cycle,1,0.35,fixed,1,27,25,1,1,1,external_sensor,0.03246240003688813,30,0.20228494687355147,35
9121325,nonlinear,cycle,1,0.35,fixed,1,27,25,1,0,0,unknown,0.3675824157304749,30,0.5044568601624347,35
9121325,none,cycle,1,0.35,calibrated,0,27,,0,1,0,none,0.020951478904490443,30,0.0,0
9121325,motor,cycle,1,0.35,calibrated,1,27,43,1,1,1,motor,0.06635113192316358,30,0.1684379169340816,17
9121325,external,cycle,1,0.35,calibrated,1,27,,0,0,0,none,0.8891914477188683,30,0.0,0
9121325,sensor,cycle,1,0.35,calibrated,1,27,44,1,0,1,motor_sensor,0.06468376845862459,30,0.17596029735071125,16
9121325,motor_external,cycle,1,0.35,calibrated,1,27,28,1,1,1,motor_external,0.02741122447639977,30,0.1616869145410532,32
9121325,external_sensor,cycle,1,0.35,calibrated,1,27,44,1,0,1,motor_external_sensor,0.06468376845862461,30,0.17596029735071125,16
9121325,nonlinear,cycle,1,0.35,calibrated,1,27,,0,0,0,none,0.6027432350415077,30,0.0,0
9121325,none,adaptive,0,0.35,fixed,0,27,34,1,0,0,unknown,0.009198980769452532,19,0.18254537888329805,26
9121325,motor,adaptive,0,0.35,fixed,1,27,28,1,0,0,unknown,0.00475887779319804,24,0.18343849990314165,32
9121325,external,adaptive,0,0.35,fixed,1,27,28,1,0,0,unknown,0.004758877793198003,24,0.18343849990314165,32
9121325,sensor,adaptive,0,0.35,fixed,1,27,28,1,0,0,unknown,0.004758877793198013,24,0.18343849990314162,32
9121325,motor_external,adaptive,0,0.35,fixed,1,27,28,1,0,0,unknown,0.004758877793198018,24,0.18343849990314165,32
9121325,external_sensor,adaptive,0,0.35,fixed,1,27,28,1,0,0,unknown,0.004758877793198003,24,0.18343849990314165,32
9121325,nonlinear,adaptive,0,0.35,fixed,1,27,28,1,0,0,unknown,0.3548364814045822,24,0.5247349535543704,32
9121325,none,adaptive,0,0.35,calibrated,0,27,,0,1,0,none,0.020951478904490443,0,0.0,0
9121325,motor,adaptive,0,0.35,calibrated,1,27,28,1,1,1,motor,0.00475887779319804,24,0.18343849990314165,32
9121325,external,adaptive,0,0.35,calibrated,1,27,44,1,0,0,undetermined,0.025499824001502025,12,0.21085811608220606,16
9121325,sensor,adaptive,0,0.35,calibrated,1,27,44,1,0,0,undetermined,0.025499824001502126,12,0.21085811608220606,16
9121325,motor_external,adaptive,0,0.35,calibrated,1,27,28,1,0,0,undetermined,0.004758877793198018,24,0.18343849990314165,32
9121325,external_sensor,adaptive,0,0.35,calibrated,1,27,28,1,0,0,undetermined,0.004758877793198003,24,0.18343849990314165,32
9121325,nonlinear,adaptive,0,0.35,calibrated,1,27,39,1,0,0,undetermined,0.355379892374209,15,0.5530330823660551,21
9121325,none,cycle,0,0.35,fixed,0,27,24,1,0,0,unknown,0.027400852874531884,30,0.15808495578357007,36
9121325,motor,cycle,0,0.35,fixed,1,27,24,1,0,0,unknown,0.05503559541873082,30,0.22821760941419125,36
9121325,external,cycle,0,0.35,fixed,1,27,24,1,0,0,unknown,0.026400824730297735,30,0.21796449038048193,36
9121325,sensor,cycle,0,0.35,fixed,1,27,24,1,0,0,unknown,0.027400852874531884,30,0.15808495578357007,36
9121325,motor_external,cycle,0,0.35,fixed,1,27,24,1,0,0,unknown,0.0401425163601451,30,0.20441154698861602,36
9121325,external_sensor,cycle,0,0.35,fixed,1,27,24,1,0,0,unknown,0.026400824730297735,30,0.21796449038048193,36
9121325,nonlinear,cycle,0,0.35,fixed,1,27,24,1,0,0,unknown,0.36430882044354046,30,0.5039456297510694,36
9121325,none,cycle,0,0.35,calibrated,0,27,,0,1,0,none,0.020951478904490443,30,0.0,0
9121325,motor,cycle,0,0.35,calibrated,1,27,28,1,1,1,motor,0.02741122447639981,30,0.16168691454105316,32
9121325,external,cycle,0,0.35,calibrated,1,27,44,1,0,0,undetermined,0.06468376845862461,30,0.17596029735071125,16
9121325,sensor,cycle,0,0.35,calibrated,1,27,44,1,0,0,undetermined,0.06468376845862459,30,0.17596029735071125,16
9121325,motor_external,cycle,0,0.35,calibrated,1,27,28,1,0,0,undetermined,0.02741122447639977,30,0.1616869145410532,32
9121325,external_sensor,cycle,0,0.35,calibrated,1,27,28,1,0,0,undetermined,0.027411224476399813,30,0.16168691454105316,32
9121325,nonlinear,cycle,0,0.35,calibrated,1,27,,0,0,0,none,0.6027432350415077,30,0.0,0
9121325,none,adaptive,1,0.65,fixed,0,27,24,1,0,0,unknown,0.021657485004806923,27,0.6150761372827395,36
9121325,motor,adaptive,1,0.65,fixed,1,27,24,1,0,0,unknown,0.0373857342305675,27,0.8442244395823217,36
9121325,external,adaptive,1,0.65,fixed,1,27,24,1,0,0,unknown,0.037202444088302755,27,0.6484501215354173,36
9121325,sensor,adaptive,1,0.65,fixed,1,27,24,1,0,0,unknown,0.021657485004806923,27,0.6150761372827395,36
9121325,motor_external,adaptive,1,0.65,fixed,1,27,24,1,0,0,unknown,0.05795935965150846,27,0.9114872621960431,36
9121325,external_sensor,adaptive,1,0.65,fixed,1,27,24,1,0,0,unknown,0.037202444088302755,27,0.6484501215354173,36
9121325,nonlinear,adaptive,1,0.65,fixed,1,27,24,1,0,0,unknown,0.3594951578400218,27,0.9537247813697297,36
9121325,none,adaptive,1,0.65,calibrated,0,27,,0,1,0,none,0.0722612231603855,0,0.0,0
9121325,motor,adaptive,1,0.65,calibrated,1,27,,0,0,0,none,1.350785172388607,0,0.0,0
9121325,external,adaptive,1,0.65,calibrated,1,27,,0,0,0,none,0.9904211652442297,0,0.0,0
9121325,sensor,adaptive,1,0.65,calibrated,1,27,,0,0,0,none,0.0722612231603855,0,0.0,0
9121325,motor_external,adaptive,1,0.65,calibrated,1,27,30,1,1,1,motor_external,0.02517068847771651,22,0.6243954081139612,30
9121325,external_sensor,adaptive,1,0.65,calibrated,1,27,,0,0,0,none,0.9904211652442297,0,0.0,0
9121325,nonlinear,adaptive,1,0.65,calibrated,1,27,,0,0,0,none,0.675303055986275,0,0.0,0
9121325,none,cycle,1,0.65,fixed,0,27,24,1,0,0,unknown,0.09450498236318139,30,0.5452317862739459,36
9121325,motor,cycle,1,0.65,fixed,1,27,24,1,0,0,unknown,0.1369501803266832,30,0.5892956180584927,36
9121325,external,cycle,1,0.65,fixed,1,27,24,1,0,0,unknown,0.08556323913321881,30,0.6058608344903682,36
9121325,sensor,cycle,1,0.65,fixed,1,27,24,1,0,0,unknown,0.09450498236318139,30,0.5452317862739459,36
9121325,motor_external,cycle,1,0.65,fixed,1,27,24,1,0,0,unknown,0.11411538618236938,30,0.5662390692524281,36
9121325,external_sensor,cycle,1,0.65,fixed,1,27,24,1,0,0,unknown,0.08556323913321881,30,0.6058608344903682,36
9121325,nonlinear,cycle,1,0.65,fixed,1,27,24,1,0,0,unknown,0.43187344768656716,30,0.9079557219105572,36
9121325,none,cycle,1,0.65,calibrated,0,27,,0,1,0,none,0.0722612231603855,30,0.0,0
9121325,motor,cycle,1,0.65,calibrated,1,27,,0,0,0,none,1.350785172388607,30,0.0,0
9121325,external,cycle,1,0.65,calibrated,1,27,,0,0,0,none,0.9904211652442297,30,0.0,0
9121325,sensor,cycle,1,0.65,calibrated,1,27,,0,0,0,none,0.0722612231603855,30,0.0,0
9121325,motor_external,cycle,1,0.65,calibrated,1,27,,0,0,0,none,2.268945114472452,30,0.0,0
9121325,external_sensor,cycle,1,0.65,calibrated,1,27,,0,0,0,none,0.9904211652442297,30,0.0,0
9121325,nonlinear,cycle,1,0.65,calibrated,1,27,,0,0,0,none,0.675303055986275,30,0.0,0
9121325,none,adaptive,0,0.65,fixed,0,27,24,1,0,0,unknown,0.021657485004806923,27,0.6150761372827395,36
9121325,motor,adaptive,0,0.65,fixed,1,27,24,1,0,0,unknown,0.0373857342305675,27,0.8442244395823217,36
9121325,external,adaptive,0,0.65,fixed,1,27,24,1,0,0,unknown,0.037202444088302755,27,0.6484501215354173,36
9121325,sensor,adaptive,0,0.65,fixed,1,27,24,1,0,0,unknown,0.021657485004806923,27,0.6150761372827395,36
9121325,motor_external,adaptive,0,0.65,fixed,1,27,24,1,0,0,unknown,0.05795935965150846,27,0.9114872621960431,36
9121325,external_sensor,adaptive,0,0.65,fixed,1,27,24,1,0,0,unknown,0.037202444088302755,27,0.6484501215354173,36
9121325,nonlinear,adaptive,0,0.65,fixed,1,27,24,1,0,0,unknown,0.3594951578400218,27,0.9537247813697297,36
9121325,none,adaptive,0,0.65,calibrated,0,27,,0,1,0,none,0.0722612231603855,0,0.0,0
9121325,motor,adaptive,0,0.65,calibrated,1,27,44,1,1,1,motor,0.08794837257660944,12,0.72724533914067,16
9121325,external,adaptive,0,0.65,calibrated,1,27,,0,0,0,none,0.9904211652442297,0,0.0,0
9121325,sensor,adaptive,0,0.65,calibrated,1,27,,0,0,0,none,0.0722612231603855,0,0.0,0
9121325,motor_external,adaptive,0,0.65,calibrated,1,27,34,1,0,0,undetermined,0.03172709693954022,19,0.6295952863525993,26
9121325,external_sensor,adaptive,0,0.65,calibrated,1,27,44,1,0,0,undetermined,0.08794837257660926,12,0.72724533914067,16
9121325,nonlinear,adaptive,0,0.65,calibrated,1,27,,0,0,0,none,0.675303055986275,0,0.0,0
9121325,none,cycle,0,0.65,fixed,0,27,24,1,0,0,unknown,0.09450498236318139,30,0.5452317862739459,36
9121325,motor,cycle,0,0.65,fixed,1,27,24,1,0,0,unknown,0.1369501803266832,30,0.5892956180584927,36
9121325,external,cycle,0,0.65,fixed,1,27,24,1,0,0,unknown,0.08556323913321881,30,0.6058608344903682,36
9121325,sensor,cycle,0,0.65,fixed,1,27,24,1,0,0,unknown,0.09450498236318139,30,0.5452317862739459,36
9121325,motor_external,cycle,0,0.65,fixed,1,27,24,1,0,0,unknown,0.11411538618236938,30,0.5662390692524281,36
9121325,external_sensor,cycle,0,0.65,fixed,1,27,24,1,0,0,unknown,0.08556323913321881,30,0.6058608344903682,36
9121325,nonlinear,cycle,0,0.65,fixed,1,27,24,1,0,0,unknown,0.43187344768656716,30,0.9079557219105572,36
9121325,none,cycle,0,0.65,calibrated,0,27,,0,1,0,none,0.0722612231603855,30,0.0,0
9121325,motor,cycle,0,0.65,calibrated,1,27,,0,0,0,none,1.350785172388607,30,0.0,0
9121325,external,cycle,0,0.65,calibrated,1,27,,0,0,0,none,0.9904211652442297,30,0.0,0
9121325,sensor,cycle,0,0.65,calibrated,1,27,,0,0,0,none,0.0722612231603855,30,0.0,0
9121325,motor_external,cycle,0,0.65,calibrated,1,27,43,1,0,0,undetermined,0.22884369989825823,30,0.5809389379971388,17
9121325,external_sensor,cycle,0,0.65,calibrated,1,27,44,1,0,0,undetermined,0.2230929973368891,30,0.6068834745361267,16
9121325,nonlinear,cycle,0,0.65,calibrated,1,27,,0,0,0,none,0.675303055986275,30,0.0,0
9121378,none,adaptive,1,0.13,fixed,0,29,,0,1,0,none,0.002284871906769344,0,0.0,0
9121378,motor,adaptive,1,0.13,fixed,1,29,30,1,1,1,motor,0.0031734471508565675,22,0.033115531093700336,30
9121378,external,adaptive,1,0.13,fixed,1,29,30,1,1,1,external,0.0031734471508565497,22,0.03311553109370035,30
9121378,sensor,adaptive,1,0.13,fixed,1,29,30,1,1,1,sensor,0.00317344715085656,22,0.03311553109370034,30
9121378,motor_external,adaptive,1,0.13,fixed,1,29,30,1,1,1,motor_external,0.003173447150856564,22,0.03311553109370034,30
9121378,external_sensor,adaptive,1,0.13,fixed,1,29,30,1,1,1,external_sensor,0.0031734471508565497,22,0.03311553109370035,30
9121378,nonlinear,adaptive,1,0.13,fixed,1,29,30,1,0,0,unknown,0.3466425175357605,22,0.3600626265183627,30
9121378,none,adaptive,1,0.13,calibrated,0,29,,0,1,0,none,0.002284871906769344,0,0.0,0
9121378,motor,adaptive,1,0.13,calibrated,1,29,30,1,1,1,motor,0.0031734471508565675,22,0.033115531093700336,30
9121378,external,adaptive,1,0.13,calibrated,1,29,30,1,1,1,external,0.0031734471508565497,22,0.03311553109370035,30
9121378,sensor,adaptive,1,0.13,calibrated,1,29,30,1,1,1,sensor,0.00317344715085656,22,0.03311553109370034,30
9121378,motor_external,adaptive,1,0.13,calibrated,1,29,30,1,1,1,motor_external,0.003173447150856564,22,0.03311553109370034,30
9121378,external_sensor,adaptive,1,0.13,calibrated,1,29,30,1,1,1,external_sensor,0.0031734471508565497,22,0.03311553109370035,30
9121378,nonlinear,adaptive,1,0.13,calibrated,1,29,30,1,0,0,unknown,0.3466425175357605,22,0.3600626265183627,30
9121378,none,cycle,1,0.13,fixed,0,29,,0,1,0,none,0.002284871906769344,30,0.0,0
9121378,motor,cycle,1,0.13,fixed,1,29,30,1,1,1,motor,0.0022342310603653817,30,0.0342816265341146,30
9121378,external,cycle,1,0.13,fixed,1,29,30,1,1,1,external,0.002234231060365378,30,0.034281626534114616,30
9121378,sensor,cycle,1,0.13,fixed,1,29,30,1,1,1,sensor,0.00223423106036538,30,0.03428162653411461,30
9121378,motor_external,cycle,1,0.13,fixed,1,29,30,1,1,1,motor_external,0.0022342310603653747,30,0.03428162653411461,30
9121378,external_sensor,cycle,1,0.13,fixed,1,29,30,1,1,1,external_sensor,0.002234231060365378,30,0.034281626534114616,30
9121378,nonlinear,cycle,1,0.13,fixed,1,29,30,1,0,0,unknown,0.3364342310603654,30,0.3559413328094525,30
9121378,none,cycle,1,0.13,calibrated,0,29,,0,1,0,none,0.002284871906769344,30,0.0,0
9121378,motor,cycle,1,0.13,calibrated,1,29,30,1,1,1,motor,0.0022342310603653817,30,0.0342816265341146,30
9121378,external,cycle,1,0.13,calibrated,1,29,30,1,1,1,external,0.002234231060365378,30,0.034281626534114616,30
9121378,sensor,cycle,1,0.13,calibrated,1,29,30,1,1,1,sensor,0.00223423106036538,30,0.03428162653411461,30
9121378,motor_external,cycle,1,0.13,calibrated,1,29,30,1,1,1,motor_external,0.0022342310603653747,30,0.03428162653411461,30
9121378,external_sensor,cycle,1,0.13,calibrated,1,29,30,1,1,1,external_sensor,0.002234231060365378,30,0.034281626534114616,30
9121378,nonlinear,cycle,1,0.13,calibrated,1,29,30,1,0,0,unknown,0.3364342310603654,30,0.3559413328094525,30
9121378,none,adaptive,0,0.13,fixed,0,29,,0,1,0,none,0.002284871906769344,0,0.0,0
9121378,motor,adaptive,0,0.13,fixed,1,29,30,1,1,1,motor,0.0031734471508565675,22,0.033115531093700336,30
9121378,external,adaptive,0,0.13,fixed,1,29,30,1,0,0,undetermined,0.0031734471508565497,22,0.03311553109370035,30
9121378,sensor,adaptive,0,0.13,fixed,1,29,30,1,0,0,undetermined,0.00317344715085656,22,0.03311553109370034,30
9121378,motor_external,adaptive,0,0.13,fixed,1,29,30,1,0,0,undetermined,0.003173447150856564,22,0.03311553109370034,30
9121378,external_sensor,adaptive,0,0.13,fixed,1,29,30,1,0,0,undetermined,0.0031734471508565497,22,0.03311553109370035,30
9121378,nonlinear,adaptive,0,0.13,fixed,1,29,30,1,0,0,unknown,0.3466425175357605,22,0.3600626265183627,30
9121378,none,adaptive,0,0.13,calibrated,0,29,,0,1,0,none,0.002284871906769344,0,0.0,0
9121378,motor,adaptive,0,0.13,calibrated,1,29,30,1,1,1,motor,0.0031734471508565675,22,0.033115531093700336,30
9121378,external,adaptive,0,0.13,calibrated,1,29,30,1,0,0,undetermined,0.0031734471508565497,22,0.03311553109370035,30
9121378,sensor,adaptive,0,0.13,calibrated,1,29,30,1,0,0,undetermined,0.00317344715085656,22,0.03311553109370034,30
9121378,motor_external,adaptive,0,0.13,calibrated,1,29,30,1,0,0,undetermined,0.003173447150856564,22,0.03311553109370034,30
9121378,external_sensor,adaptive,0,0.13,calibrated,1,29,30,1,0,0,undetermined,0.0031734471508565497,22,0.03311553109370035,30
9121378,nonlinear,adaptive,0,0.13,calibrated,1,29,30,1,0,0,unknown,0.3466425175357605,22,0.3600626265183627,30
9121378,none,cycle,0,0.13,fixed,0,29,,0,1,0,none,0.002284871906769344,30,0.0,0
9121378,motor,cycle,0,0.13,fixed,1,29,30,1,1,1,motor,0.0022342310603653817,30,0.0342816265341146,30
9121378,external,cycle,0,0.13,fixed,1,29,30,1,0,0,undetermined,0.002234231060365378,30,0.034281626534114616,30
9121378,sensor,cycle,0,0.13,fixed,1,29,30,1,0,0,undetermined,0.00223423106036538,30,0.03428162653411461,30
9121378,motor_external,cycle,0,0.13,fixed,1,29,30,1,0,0,undetermined,0.0022342310603653747,30,0.03428162653411461,30
9121378,external_sensor,cycle,0,0.13,fixed,1,29,30,1,0,0,undetermined,0.002234231060365378,30,0.034281626534114616,30
9121378,nonlinear,cycle,0,0.13,fixed,1,29,30,1,0,0,unknown,0.3364342310603654,30,0.3559413328094525,30
9121378,none,cycle,0,0.13,calibrated,0,29,,0,1,0,none,0.002284871906769344,30,0.0,0
9121378,motor,cycle,0,0.13,calibrated,1,29,30,1,1,1,motor,0.0022342310603653817,30,0.0342816265341146,30
9121378,external,cycle,0,0.13,calibrated,1,29,30,1,0,0,undetermined,0.002234231060365378,30,0.034281626534114616,30
9121378,sensor,cycle,0,0.13,calibrated,1,29,30,1,0,0,undetermined,0.00223423106036538,30,0.03428162653411461,30
9121378,motor_external,cycle,0,0.13,calibrated,1,29,30,1,0,0,undetermined,0.0022342310603653747,30,0.03428162653411461,30
9121378,external_sensor,cycle,0,0.13,calibrated,1,29,30,1,0,0,undetermined,0.002234231060365378,30,0.034281626534114616,30
9121378,nonlinear,cycle,0,0.13,calibrated,1,29,30,1,0,0,unknown,0.3364342310603654,30,0.3559413328094525,30
9121378,none,adaptive,1,0.35,fixed,0,29,24,1,1,1,none,0.02415222867354198,27,0.2421384864135399,36
9121378,motor,adaptive,1,0.35,fixed,1,29,24,1,1,1,motor,0.03943507561695824,27,0.4605990664257181,36
9121378,external,adaptive,1,0.35,fixed,1,29,24,1,1,1,external,0.0483305670386227,27,0.28131436063150983,36
9121378,sensor,adaptive,1,0.35,fixed,1,29,24,1,1,1,sensor,0.02415222867354198,27,0.2421384864135399,36
9121378,motor_external,adaptive,1,0.35,fixed,1,29,24,1,1,1,motor_external,0.08119695747693294,27,0.5446309189469891,36
9121378,external_sensor,adaptive,1,0.35,fixed,1,29,24,1,1,1,external_sensor,0.0483305670386227,27,0.28131436063150983,36
9121378,nonlinear,adaptive,1,0.35,fixed,1,29,24,1,0,0,unknown,0.34753928746482404,27,0.6173260376578587,36
9121378,none,adaptive,1,0.35,calibrated,0,29,,0,1,0,none,0.01656194133604998,0,0.0,0
9121378,motor,adaptive,1,0.35,calibrated,1,29,,0,0,0,none,1.6901316679871692,0,0.0,0
9121378,external,adaptive,1,0.35,calibrated,1,29,,0,0,0,none,0.6300016096393064,0,0.0,0
9121378,sensor,adaptive,1,0.35,calibrated,1,29,34,1,1,1,sensor,0.018525914173032725,19,0.23585987033216346,26
9121378,motor_external,adaptive,1,0.35,calibrated,1,29,31,1,1,1,motor_external,0.02188465276747526,21,0.24101493366740612,29
9121378,external_sensor,adaptive,1,0.35,calibrated,1,29,34,1,1,1,external_sensor,0.018525914173032752,19,0.23585987033216343,26
9121378,nonlinear,adaptive,1,0.35,calibrated,1,29,,0,0,0,none,0.4650107562664639,0,0.0,0
9121378,none,cycle,1,0.35,fixed,0,29,24,1,1,1,none,0.021394919827304657,30,0.2460143697286837,36
9121378,motor,cycle,1,0.35,fixed,1,29,24,1,1,1,motor,0.05301013391777835,30,0.42978393945616505,36
9121378,external,cycle,1,0.35,fixed,1,29,24,1,1,1,external,0.049871674536810316,30,0.2798939732469797,36
9121378,sensor,cycle,1,0.35,fixed,1,29,24,1,1,1,sensor,0.021394919827304657,30,0.2460143697286837,36
9121378,motor_external,cycle,1,0.35,fixed,1,29,24,1,1,1,motor_external,0.08384006850440637,30,0.4624651643333339,36
9121378,external_sensor,cycle,1,0.35,fixed,1,29,24,1,1,1,external_sensor,0.049871674536810316,30,0.2798939732469797,36
9121378,nonlinear,cycle,1,0.35,fixed,1,29,24,1,0,0,unknown,0.3744883982786367,30,0.519253800073814,36
9121378,none,cycle,1,0.35,calibrated,0,29,,0,1,0,none,0.01656194133604998,30,0.0,0
9121378,motor,cycle,1,0.35,calibrated,1,29,30,1,1,1,motor,0.016194870112115935,30,0.2484910799070437,30
9121378,external,cycle,1,0.35,calibrated,1,29,,0,0,0,none,0.6300016096393064,30,0.0,0
9121378,sensor,cycle,1,0.35,calibrated,1,29,34,1,1,1,sensor,0.007541565041421523,30,0.24937407217283186,26
9121378,motor_external,cycle,1,0.35,calibrated,1,29,33,1,1,1,motor_external,0.011382850353886673,30,0.2499653669941011,27
9121378,external_sensor,cycle,1,0.35,calibrated,1,29,34,1,1,1,external_sensor,0.007541565041421565,30,0.24937407217283183,26
9121378,nonlinear,cycle,1,0.35,calibrated,1,29,,0,0,0,none,0.4650107562664639,30,0.0,0
9121378,none,adaptive,0,0.35,fixed,0,29,27,1,1,1,none,0.0245352724288534,24,0.24664239232886565,33
9121378,motor,adaptive,0,0.35,fixed,1,29,27,1,1,1,motor,0.04878322692300718,24,0.38924663652383745,33
9121378,external,adaptive,0,0.35,fixed,1,29,27,1,0,0,undetermined,0.034097617554587505,24,0.25182793511736995,33
9121378,sensor,adaptive,0,0.35,fixed,1,29,27,1,0,0,undetermined,0.0245352724288534,24,0.24664239232886565,33
9121378,motor_external,adaptive,0,0.35,fixed,1,29,27,1,0,0,undetermined,0.0574498439334308,24,0.39493549834161523,33
9121378,external_sensor,adaptive,0,0.35,fixed,1,29,27,1,0,0,undetermined,0.034097617554587505,24,0.25182793511736995,33
9121378,nonlinear,adaptive,0,0.35,fixed,1,29,27,1,0,0,unknown,0.34642606622995986,24,0.592098157719047,33
9121378,none,adaptive,0,0.35,calibrated,0,29,,0,1,0,none,0.01656194133604998,0,0.0,0
9121378,motor,adaptive,0,0.35,calibrated,1,29,34,1,1,1,motor,0.018525914173032745,19,0.23585987033216343,26
9121378,external,adaptive,0,0.35,calibrated,1,29,,0,0,0,none,0.6300016096393064,0,0.0,0
9121378,sensor,adaptive,0,0.35,calibrated,1,29,,0,0,0,none,0.01656194133604998,0,0.0,0
9121378,motor_external,adaptive,0,0.35,calibrated,1,29,31,1,0,0,undetermined,0.02188465276747526,21,0.24101493366740612,29
9121378,external_sensor,adaptive,0,0.35,calibrated,1,29,31,1,0,0,undetermined,0.021884652767475244,21,0.2410149336674061,29
9121378,nonlinear,adaptive,0,0.35,calibrated,1,29,,0,0,0,none,0.4650107562664639,0,0.0,0
9121378,none,cycle,0,0.35,fixed,0,29,26,1,1,1,none,0.016328801467956885,30,0.2538690366520892,34
9121378,motor,cycle,0,0.35,fixed,1,29,26,1,1,1,motor,0.030137417839572224,30,0.3465487052127866,34
9121378,external,cycle,0,0.35,fixed,1,29,26,1,0,0,undetermined,0.03458779413551207,30,0.25938384928929076,34
9121378,sensor,cycle,0,0.35,fixed,1,29,26,1,0,0,undetermined,0.016328801467956885,30,0.2538690366520892,34
9121378,motor_external,cycle,0,0.35,fixed,1,29,26,1,0,0,undetermined,0.06350819608993329,30,0.4353747405072618,34
9121378,external_sensor,cycle,0,0.35,fixed,1,29,26,1,0,0,undetermined,0.03458779413551207,30,0.25938384928929076,34
9121378,nonlinear,cycle,0,0.35,fixed,1,29,26,1,0,0,unknown,0.363533497611669,30,0.5337294518438093,34
9121378,none,cycle,0,0.35,calibrated,0,29,,0,1,0,none,0.01656194133604998,30,0.0,0
9121378,motor,cycle,0,0.35,calibrated,1,29,33,1,1,1,motor,0.011382850353886646,30,0.24996536699410113,27
9121378,external,cycle,0,0.35,calibrated,1,29,,0,0,0,none,0.6300016096393064,30,0.0,0
9121378,sensor,cycle,0,0.35,calibrated,1,29,,0,0,0,none,0.01656194133604998,30,0.0,0
9121378,motor_external,cycle,0,0.35,calibrated,1,29,33,1,0,0,undetermined,0.011382850353886673,30,0.2499653669941011,27
9121378,external_sensor,cycle,0,0.35,calibrated,1,29,31,1,0,0,undetermined,0.016183217200454646,30,0.24937556802566374,29
9121378,nonlinear,cycle,0,0.35,calibrated,1,29,,0,0,0,none,0.4650107562664639,30,0.0,0
9121378,none,adaptive,1,0.65,fixed,0,29,24,1,0,0,unknown,0.0833005437924203,27,0.8351306980385358,36
9121378,motor,adaptive,1,0.65,fixed,1,29,24,1,0,0,unknown,0.08284699499421458,27,1.0384622513944857,36
9121378,external,adaptive,1,0.65,fixed,1,29,24,1,0,0,unknown,0.11395317218471294,27,0.8259216073004798,36
9121378,sensor,adaptive,1,0.65,fixed,1,29,24,1,0,0,unknown,0.0833005437924203,27,0.8351306980385358,36
9121378,motor_external,adaptive,1,0.65,fixed,1,29,24,1,0,0,unknown,0.1310831668814012,27,1.0741091389597313,36
9121378,external_sensor,adaptive,1,0.65,fixed,1,29,24,1,0,0,unknown,0.11395317218471294,27,0.8259216073004798,36
9121378,nonlinear,adaptive,1,0.65,fixed,1,29,24,1,0,0,unknown,0.3954198302249073,27,1.241376824952588,36
9121378,none,adaptive,1,0.65,calibrated,0,29,,0,1,0,none,0.057121797669233684,0,0.0,0
9121378,motor,adaptive,1,0.65,calibrated,1,29,,0,0,0,none,1.7937512900213104,0,0.0,0
9121378,external,adaptive,1,0.65,calibrated,1,29,,0,0,0,none,0.5020811816609952,0,0.0,0
9121378,sensor,adaptive,1,0.65,calibrated,1,29,54,1,0,0,undetermined,0.23289670840568127,4,0.5672917960729692,6
9121378,motor_external,adaptive,1,0.65,calibrated,1,29,,0,0,0,none,2.2387106740130718,0,0.0,0
9121378,external_sensor,adaptive,1,0.65,calibrated,1,29,54,1,0,0,undetermined,0.23289670840568094,4,0.5672917960729692,6
9121378,nonlinear,adaptive,1,0.65,calibrated,1,29,,0,0,0,none,0.4125267396828594,0,0.0,0
9121378,none,cycle,1,0.65,fixed,0,29,24,1,0,0,unknown,0.07379064185335678,30,0.8484985404928072,36
9121378,motor,cycle,1,0.65,fixed,1,29,24,1,0,0,unknown,0.10625108703687222,30,1.0256361078787413,36
9121378,external,cycle,1,0.65,fixed,1,29,24,1,0,0,unknown,0.1132095470588739,30,0.8284069374853066,36
9121378,sensor,cycle,1,0.65,fixed,1,29,24,1,0,0,unknown,0.07379064185335678,30,0.8484985404928072,36
9121378,motor_external,cycle,1,0.65,fixed,1,29,24,1,0,0,unknown,0.14802317211951163,30,1.0043461262301134,36
9121378,external_sensor,cycle,1,0.65,fixed,1,29,24,1,0,0,unknown,0.1132095470588739,30,0.8284069374853066,36
9121378,nonlinear,cycle,1,0.65,fixed,1,29,24,1,0,0,unknown,0.4393573247098569,30,1.0848116922981776,36
9121378,none,cycle,1,0.65,calibrated,0,29,,0,1,0,none,0.057121797669233684,30,0.0,0
9121378,motor,cycle,1,0.65,calibrated,1,29,,0,0,0,none,1.7937512900213104,30,0.0,0
9121378,external,cycle,1,0.65,calibrated,1,29,,0,0,0,none,0.5020811816609952,30,0.0,0
9121378,sensor,cycle,1,0.65,calibrated,1,29,54,1,0,0,undetermined,0.29190690800397373,30,0.5189685455713898,6
9121378,motor_external,cycle,1,0.65,calibrated,1,29,,0,0,0,none,2.2387106740130718,30,0.0,0
9121378,external_sensor,cycle,1,0.65,calibrated,1,29,54,1,0,0,undetermined,0.29190690800397334,30,0.5189685455713898,6
9121378,nonlinear,cycle,1,0.65,calibrated,1,29,,0,0,0,none,0.4125267396828594,30,0.0,0
9121378,none,adaptive,0,0.65,fixed,0,29,24,1,0,0,unknown,0.0833005437924203,27,0.8351306980385358,36
9121378,motor,adaptive,0,0.65,fixed,1,29,24,1,0,0,unknown,0.08284699499421458,27,1.0384622513944857,36
9121378,external,adaptive,0,0.65,fixed,1,29,24,1,0,0,unknown,0.11395317218471294,27,0.8259216073004798,36
9121378,sensor,adaptive,0,0.65,fixed,1,29,24,1,0,0,unknown,0.0833005437924203,27,0.8351306980385358,36
9121378,motor_external,adaptive,0,0.65,fixed,1,29,24,1,0,0,unknown,0.1310831668814012,27,1.0741091389597313,36
9121378,external_sensor,adaptive,0,0.65,fixed,1,29,24,1,0,0,unknown,0.11395317218471294,27,0.8259216073004798,36
9121378,nonlinear,adaptive,0,0.65,fixed,1,29,24,1,0,0,unknown,0.3954198302249073,27,1.241376824952588,36
9121378,none,adaptive,0,0.65,calibrated,0,29,,0,1,0,none,0.057121797669233684,0,0.0,0
9121378,motor,adaptive,0,0.65,calibrated,1,29,,0,0,0,none,1.7937512900213104,0,0.0,0
9121378,external,adaptive,0,0.65,calibrated,1,29,,0,0,0,none,0.5020811816609952,0,0.0,0
9121378,sensor,adaptive,0,0.65,calibrated,1,29,,0,0,0,none,0.057121797669233684,0,0.0,0
9121378,motor_external,adaptive,0,0.65,calibrated,1,29,34,1,0,0,undetermined,0.0638954999029088,19,0.8134758793088904,26
9121378,external_sensor,adaptive,0,0.65,calibrated,1,29,54,1,0,0,undetermined,0.23289670840568094,4,0.5672917960729692,6
9121378,nonlinear,adaptive,0,0.65,calibrated,1,29,,0,0,0,none,0.4125267396828594,0,0.0,0
9121378,none,cycle,0,0.65,fixed,0,29,24,1,0,0,unknown,0.07379064185335678,30,0.8484985404928072,36
9121378,motor,cycle,0,0.65,fixed,1,29,24,1,0,0,unknown,0.10625108703687222,30,1.0256361078787413,36
9121378,external,cycle,0,0.65,fixed,1,29,24,1,0,0,unknown,0.1132095470588739,30,0.8284069374853066,36
9121378,sensor,cycle,0,0.65,fixed,1,29,24,1,0,0,unknown,0.07379064185335678,30,0.8484985404928072,36
9121378,motor_external,cycle,0,0.65,fixed,1,29,24,1,0,0,unknown,0.14802317211951163,30,1.0043461262301134,36
9121378,external_sensor,cycle,0,0.65,fixed,1,29,24,1,0,0,unknown,0.1132095470588739,30,0.8284069374853066,36
9121378,nonlinear,cycle,0,0.65,fixed,1,29,24,1,0,0,unknown,0.4393573247098569,30,1.0848116922981776,36
9121378,none,cycle,0,0.65,calibrated,0,29,,0,1,0,none,0.057121797669233684,30,0.0,0
9121378,motor,cycle,0,0.65,calibrated,1,29,,0,0,0,none,1.7937512900213104,30,0.0,0
9121378,external,cycle,0,0.65,calibrated,1,29,,0,0,0,none,0.5020811816609952,30,0.0,0
9121378,sensor,cycle,0,0.65,calibrated,1,29,,0,0,0,none,0.057121797669233684,30,0.0,0
9121378,motor_external,cycle,0,0.65,calibrated,1,29,,0,0,0,none,2.2387106740130718,30,0.0,0
9121378,external_sensor,cycle,0,0.65,calibrated,1,29,54,1,0,0,undetermined,0.29190690800397334,30,0.5189685455713898,6
9121378,nonlinear,cycle,0,0.65,calibrated,1,29,,0,0,0,none,0.4125267396828594,30,0.0,0
9121431,none,adaptive,1,0.13,fixed,0,32,,0,1,0,none,0.0011101764245439387,0,0.0,0
9121431,motor,adaptive,1,0.13,fixed,1,32,33,1,1,1,motor,0.0020315797652577456,20,0.018826257287865026,27
9121431,external,adaptive,1,0.13,fixed,1,32,33,1,1,1,external,0.0020315797652577486,20,0.018826257287865023,27
9121431,sensor,adaptive,1,0.13,fixed,1,32,33,1,1,1,sensor,0.0020315797652577473,20,0.018826257287865023,27
9121431,motor_external,adaptive,1,0.13,fixed,1,32,33,1,1,1,motor_external,0.002031579765257758,20,0.01882625728786502,27
9121431,external_sensor,adaptive,1,0.13,fixed,1,32,33,1,1,1,external_sensor,0.0020315797652577486,20,0.018826257287865023,27
9121431,nonlinear,adaptive,1,0.13,fixed,1,32,33,1,0,0,unknown,0.3444665377201522,20,0.39869319332050224,27
9121431,none,adaptive,1,0.13,calibrated,0,32,,0,1,0,none,0.0011101764245439387,0,0.0,0
9121431,motor,adaptive,1,0.13,calibrated,1,32,33,1,1,1,motor,0.0020315797652577456,20,0.018826257287865026,27
9121431,external,adaptive,1,0.13,calibrated,1,32,33,1,1,1,external,0.0020315797652577486,20,0.018826257287865023,27
9121431,sensor,adaptive,1,0.13,calibrated,1,32,33,1,1,1,sensor,0.0020315797652577473,20,0.018826257287865023,27
9121431,motor_external,adaptive,1,0.13,calibrated,1,32,33,1,1,1,motor_external,0.002031579765257758,20,0.01882625728786502,27
9121431,external_sensor,adaptive,1,0.13,calibrated,1,32,33,1,1,1,external_sensor,0.0020315797652577486,20,0.018826257287865023,27
9121431,nonlinear,adaptive,1,0.13,calibrated,1,32,33,1,0,0,unknown,0.3444665377201522,20,0.39869319332050224,27
9121431,none,cycle,1,0.13,fixed,0,32,,0,1,0,none,0.0011101764245439387,30,0.0,0
9121431,motor,cycle,1,0.13,fixed,1,32,33,1,1,1,motor,0.004259822933930275,30,0.01688132808306733,27
9121431,external,cycle,1,0.13,fixed,1,32,33,1,1,1,external,0.0042598229339302265,30,0.01688132808306733,27
9121431,sensor,cycle,1,0.13,fixed,1,32,33,1,1,1,sensor,0.004259822933930275,30,0.01688132808306733,27
9121431,motor_external,cycle,1,0.13,fixed,1,32,33,1,1,1,motor_external,0.004259822933930269,30,0.01688132808306733,27
9121431,external_sensor,cycle,1,0.13,fixed,1,32,33,1,1,1,external_sensor,0.0042598229339302265,30,0.01688132808306733,27
9121431,nonlinear,cycle,1,0.13,fixed,1,32,33,1,0,0,unknown,0.33929071024824237,30,0.344389664992896,27
9121431,none,cycle,1,0.13,calibrated,0,32,,0,1,0,none,0.0011101764245439387,30,0.0,0
9121431,motor,cycle,1,0.13,calibrated,1,32,33,1,1,1,motor,0.004259822933930275,30,0.01688132808306733,27
9121431,external,cycle,1,0.13,calibrated,1,32,33,1,1,1,external,0.0042598229339302265,30,0.01688132808306733,27
9121431,sensor,cycle,1,0.13,calibrated,1,32,33,1,1,1,sensor,0.004259822933930275,30,0.01688132808306733,27
9121431,motor_external,cycle,1,0.13,calibrated,1,32,33,1,1,1,motor_external,0.004259822933930269,30,0.01688132808306733,27
9121431,external_sensor,cycle,1,0.13,calibrated,1,32,33,1,1,1,external_sensor,0.0042598229339302265,30,0.01688132808306733,27
9121431,nonlinear,cycle,1,0.13,calibrated,1,32,34,1,0,0,unknown,0.33880076952772636,30,0.34947032682868123,26
9121431,none,adaptive,0,0.13,fixed,0,32,,0,1,0,none,0.0011101764245439387,0,0.0,0
9121431,motor,adaptive,0,0.13,fixed,1,32,33,1,1,1,motor,0.0020315797652577456,20,0.018826257287865026,27
9121431,external,adaptive,0,0.13,fixed,1,32,33,1,0,0,undetermined,0.0020315797652577486,20,0.018826257287865023,27
9121431,sensor,adaptive,0,0.13,fixed,1,32,33,1,0,0,undetermined,0.0020315797652577473,20,0.018826257287865023,27
9121431,motor_external,adaptive,0,0.13,fixed,1,32,33,1,0,0,undetermined,0.002031579765257758,20,0.01882625728786502,27
9121431,external_sensor,adaptive,0,0.13,fixed,1,32,33,1,0,0,undetermined,0.0020315797652577486,20,0.018826257287865023,27
9121431,nonlinear,adaptive,0,0.13,fixed,1,32,33,1,0,0,unknown,0.3444665377201522,20,0.39869319332050224,27
9121431,none,adaptive,0,0.13,calibrated,0,32,,0,1,0,none,0.0011101764245439387,0,0.0,0
9121431,motor,adaptive,0,0.13,calibrated,1,32,33,1,1,1,motor,0.0020315797652577456,20,0.018826257287865026,27
9121431,external,adaptive,0,0.13,calibrated,1,32,33,1,0,0,undetermined,0.0020315797652577486,20,0.018826257287865023,27
9121431,sensor,adaptive,0,0.13,calibrated,1,32,33,1,0,0,undetermined,0.0020315797652577473,20,0.018826257287865023,27
9121431,motor_external,adaptive,0,0.13,calibrated,1,32,33,1,0,0,undetermined,0.002031579765257758,20,0.01882625728786502,27
9121431,external_sensor,adaptive,0,0.13,calibrated,1,32,33,1,0,0,undetermined,0.0020315797652577486,20,0.018826257287865023,27
9121431,nonlinear,adaptive,0,0.13,calibrated,1,32,33,1,0,0,unknown,0.3444665377201522,20,0.39869319332050224,27
9121431,none,cycle,0,0.13,fixed,0,32,,0,1,0,none,0.0011101764245439387,30,0.0,0
9121431,motor,cycle,0,0.13,fixed,1,32,33,1,1,1,motor,0.004259822933930275,30,0.01688132808306733,27
9121431,external,cycle,0,0.13,fixed,1,32,33,1,0,0,undetermined,0.0042598229339302265,30,0.01688132808306733,27
9121431,sensor,cycle,0,0.13,fixed,1,32,33,1,0,0,undetermined,0.004259822933930275,30,0.01688132808306733,27
9121431,motor_external,cycle,0,0.13,fixed,1,32,33,1,0,0,undetermined,0.004259822933930269,30,0.01688132808306733,27
9121431,external_sensor,cycle,0,0.13,fixed,1,32,33,1,0,0,undetermined,0.0042598229339302265,30,0.01688132808306733,27
9121431,nonlinear,cycle,0,0.13,fixed,1,32,33,1,0,0,unknown,0.33929071024824237,30,0.344389664992896,27
9121431,none,cycle,0,0.13,calibrated,0,32,,0,1,0,none,0.0011101764245439387,30,0.0,0
9121431,motor,cycle,0,0.13,calibrated,1,32,33,1,1,1,motor,0.004259822933930275,30,0.01688132808306733,27
9121431,external,cycle,0,0.13,calibrated,1,32,33,1,0,0,undetermined,0.0042598229339302265,30,0.01688132808306733,27
9121431,sensor,cycle,0,0.13,calibrated,1,32,33,1,0,0,undetermined,0.004259822933930275,30,0.01688132808306733,27
9121431,motor_external,cycle,0,0.13,calibrated,1,32,33,1,0,0,undetermined,0.004259822933930269,30,0.01688132808306733,27
9121431,external_sensor,cycle,0,0.13,calibrated,1,32,33,1,0,0,undetermined,0.0042598229339302265,30,0.01688132808306733,27
9121431,nonlinear,cycle,0,0.13,calibrated,1,32,33,1,0,0,unknown,0.33929071024824237,30,0.344389664992896,27
9121431,none,adaptive,1,0.35,fixed,0,32,24,1,1,1,none,0.015125601757917662,27,0.16356909308499878,36
9121431,motor,adaptive,1,0.35,fixed,1,32,24,1,1,1,motor,0.06520851142499602,27,0.40940615061640506,36
9121431,external,adaptive,1,0.35,fixed,1,32,24,1,1,1,external,0.048335907555365445,27,0.38460146665981615,36
9121431,sensor,adaptive,1,0.35,fixed,1,32,24,1,1,1,sensor,0.015125601757917662,27,0.16356909308499878,36
9121431,motor_external,adaptive,1,0.35,fixed,1,32,24,1,1,1,motor_external,0.0984188172224437,27,0.6304385241912225,36
9121431,external_sensor,adaptive,1,0.35,fixed,1,32,24,1,1,1,external_sensor,0.048335907555365445,27,0.38460146665981615,36
9121431,nonlinear,adaptive,1,0.35,fixed,1,32,24,1,0,0,unknown,0.35065658915626297,27,0.4537703823690998,36
9121431,none,adaptive,1,0.35,calibrated,0,32,,0,1,0,none,0.008047136805126066,0,0.0,0
9121431,motor,adaptive,1,0.35,calibrated,1,32,33,1,1,1,motor,0.014725948002607925,20,0.136462515843992,27
9121431,external,adaptive,1,0.35,calibrated,1,32,,0,0,0,none,0.7624317308554135,0,0.0,0
9121431,sensor,adaptive,1,0.35,calibrated,1,32,54,1,0,0,undetermined,0.04109765897555183,4,0.1778468126476047,6
9121431,motor_external,adaptive,1,0.35,calibrated,1,32,33,1,1,1,motor_external,0.014725948002607903,20,0.136462515843992,27
9121431,external_sensor,adaptive,1,0.35,calibrated,1,32,54,1,0,0,undetermined,0.041097658975551954,4,0.17784681264760474,6
9121431,nonlinear,adaptive,1,0.35,calibrated,1,32,,0,0,0,none,0.5835340860962382,0,0.0,0
9121431,none,cycle,1,0.35,fixed,0,32,24,1,1,1,none,0.015668474905687797,30,0.16489824973529388,36
9121431,motor,cycle,1,0.35,fixed,1,32,24,1,1,1,motor,0.05903290143389846,30,0.48054574933345706,36
9121431,external,cycle,1,0.35,fixed,1,32,24,1,1,1,external,0.053681004029000855,30,0.3803938223431456,36
9121431,sensor,cycle,1,0.35,fixed,1,32,24,1,1,1,sensor,0.015668474905687797,30,0.16489824973529388,36
9121431,motor_external,cycle,1,0.35,fixed,1,32,24,1,1,1,motor_external,0.06281196901968901,30,0.6390005681518924,36
9121431,external_sensor,cycle,1,0.35,fixed,1,32,24,1,1,1,external_sensor,0.053681004029000855,30,0.3803938223431456,36
9121431,nonlinear,cycle,1,0.35,fixed,1,32,24,1,0,0,unknown,0.3695510225893829,30,0.41785144306381,36
9121431,none,cycle,1,0.35,calibrated,0,32,,0,1,0,none,0.008047136805126066,30,0.0,0
9121431,motor,cycle,1,0.35,calibrated,1,32,34,1,1,1,motor,0.029952580122600457,30,0.12191088857435875,26
9121431,external,cycle,1,0.35,calibrated,1,32,,0,0,0,none,0.7624317308554135,30,0.0,0
9121431,sensor,cycle,1,0.35,calibrated,1,32,54,1,0,0,undetermined,0.12567975705121212,30,0.09696121557919087,6
9121431,motor_external,cycle,1,0.35,calibrated,1,32,33,1,1,1,motor_external,0.03087741475777851,30,0.122364656223417,27
9121431,external_sensor,cycle,1,0.35,calibrated,1,32,54,1,0,0,undetermined,0.12567975705121212,30,0.0969612155791909,6
9121431,nonlinear,cycle,1,0.35,calibrated,1,32,,0,0,0,none,0.5835340860962382,30,0.0,0
9121431,none,adaptive,0,0.35,fixed,0,32,26,1,1,1,none,0.015840429245085785,25,0.1451230651735933,34
9121431,motor,adaptive,0,0.35,fixed,1,32,26,1,1,1,motor,0.04605637884690742,25,0.40312942807408886,34
9121431,external,adaptive,0,0.35,fixed,1,32,26,1,0,0,undetermined,0.03195831739691058,25,0.331300668260982,34
9121431,sensor,adaptive,0,0.35,fixed,1,32,26,1,0,0,undetermined,0.015840429245085785,25,0.1451230651735933,34
9121431,motor_external,adaptive,0,0.35,fixed,1,32,26,1,0,0,undetermined,0.06217426699873223,25,0.5893070311614776,34
9121431,external_sensor,adaptive,0,0.35,fixed,1,32,26,1,0,0,undetermined,0.03195831739691058,25,0.331300668260982,34
9121431,nonlinear,adaptive,0,0.35,fixed,1,32,26,1,0,0,unknown,0.34873513825103286,25,0.4371325962943815,34
9121431,none,adaptive,0,0.35,calibrated,0,32,,0,1,0,none,0.008047136805126066,0,0.0,0
9121431,motor,adaptive,0,0.35,calibrated,1,32,35,1,1,1,motor,0.015620482248310827,18,0.13796563595104538,25
9121431,external,adaptive,0,0.35,calibrated,1,32,,0,0,0,none,0.7624317308554135,0,0.0,0
9121431,sensor,adaptive,0,0.35,calibrated,1,32,,0,0,0,none,0.008047136805126066,0,0.0,0
9121431,motor_external,adaptive,0,0.35,calibrated,1,32,33,1,0,0,undetermined,0.014725948002607903,20,0.136462515843992,27
9121431,external_sensor,adaptive,0,0.35,calibrated,1,32,35,1,0,0,undetermined,0.01562048224831084,18,0.13796563595104538,25
9121431,nonlinear,adaptive,0,0.35,calibrated,1,32,34,1,0,0,undetermined,0.35029434435784784,19,0.48585131746735133,26
9121431,none,cycle,0,0.35,fixed,0,32,26,1,1,1,none,0.0222875457269798,30,0.1400019149002028,34
9121431,motor,cycle,0,0.35,fixed,1,32,26,1,1,1,motor,0.030240863958238794,30,0.34658547266506307,34
9121431,external,cycle,0,0.35,fixed,1,32,26,1,0,0,undetermined,0.03883978110722664,30,0.32598554492303794,34
9121431,sensor,cycle,0,0.35,fixed,1,32,26,1,0,0,undetermined,0.0222875457269798,30,0.1400019149002028,34
9121431,motor_external,cycle,0,0.35,fixed,1,32,26,1,0,0,undetermined,0.04498159077191151,30,0.5334524234285651,34
9121431,external_sensor,cycle,0,0.35,fixed,1,32,26,1,0,0,undetermined,0.03883978110722664,30,0.32598554492303794,34
9121431,nonlinear,cycle,0,0.35,fixed,1,32,26,1,0,0,unknown,0.37475414852722627,30,0.4042835515219353,34
9121431,none,cycle,0,0.35,calibrated,0,32,,0,1,0,none,0.008047136805126066,30,0.0,0
9121431,motor,cycle,0,0.35,calibrated,1,32,34,1,1,1,motor,0.029952580122600457,30,0.12191088857435875,26
9121431,external,cycle,0,0.35,calibrated,1,32,,0,0,0,none,0.7624317308554135,30,0.0,0
9121431,sensor,cycle,0,0.35,calibrated,1,32,,0,0,0,none,0.008047136805126066,30,0.0,0
9121431,motor_external,cycle,0,0.35,calibrated,1,32,33,1,0,0,undetermined,0.03087741475777851,30,0.122364656223417,27
9121431,external_sensor,cycle,0,0.35,calibrated,1,32,35,1,0,0,undetermined,0.0324224979212418,30,0.12164381144141079,25
9121431,nonlinear,cycle,0,0.35,calibrated,1,32,34,1,0,0,undetermined,0.36247308522698873,30,0.4506682071823768,26
9121431,none,adaptive,1,0.65,fixed,0,32,24,1,0,0,unknown,0.052167891777307865,27,0.564146463905404,36
9121431,motor,adaptive,1,0.65,fixed,1,32,24,1,0,0,unknown,0.07745414200558558,27,0.7244047030245766,36
9121431,external,adaptive,1,0.65,fixed,1,32,24,1,0,0,unknown,0.07955845968685357,27,0.8546351576872077,36
9121431,sensor,adaptive,1,0.65,fixed,1,32,24,1,0,0,unknown,0.052167891777307865,27,0.564146463905404,36
9121431,motor_external,adaptive,1,0.65,fixed,1,32,24,1,0,0,unknown,0.10484470991513142,27,1.01489339680638,36
9121431,external_sensor,adaptive,1,0.65,fixed,1,32,24,1,0,0,unknown,0.07955845968685357,27,0.8546351576872077,36
9121431,nonlinear,adaptive,1,0.65,fixed,1,32,24,1,0,0,unknown,0.38869237101973764,27,0.8194343080256128,36
9121431,none,adaptive,1,0.65,calibrated,0,32,,0,1,0,none,0.02775441061359805,0,0.0,0
9121431,motor,adaptive,1,0.65,calibrated,1,32,,0,0,0,none,1.8456621508082727,0,0.0,0
9121431,external,adaptive,1,0.65,calibrated,1,32,,0,0,0,none,0.7344686567069887,0,0.0,0
9121431,sensor,adaptive,1,0.65,calibrated,1,32,,0,0,0,none,0.02775441061359805,0,0.0,0
9121431,motor_external,adaptive,1,0.65,calibrated,1,32,48,1,1,1,motor_external,0.05460496845404282,9,0.5108400407096617,12
9121431,external_sensor,adaptive,1,0.65,calibrated,1,32,,0,0,0,none,0.7344686567069887,0,0.0,0
9121431,nonlinear,adaptive,1,0.65,calibrated,1,32,,0,0,0,none,0.6190873164399495,0,0.0,0
9121431,none,cycle,1,0.65,fixed,0,32,24,1,0,0,unknown,0.05404025018492327,30,0.5687306980666259,36
9121431,motor,cycle,1,0.65,fixed,1,32,24,1,0,0,unknown,0.07388459646145495,30,0.9305759219426741,36
9121431,external,cycle,1,0.65,fixed,1,32,24,1,0,0,unknown,0.0886267067600526,30,0.8510935332808367,36
9121431,sensor,cycle,1,0.65,fixed,1,32,24,1,0,0,unknown,0.05404025018492327,30,0.5687306980666259,36
9121431,motor_external,cycle,1,0.65,fixed,1,32,24,1,0,0,unknown,0.07423759149906176,30,1.1558980033674686,36
9121431,external_sensor,cycle,1,0.65,fixed,1,32,24,1,0,0,unknown,0.0886267067600526,30,0.8510935332808367,36
9121431,nonlinear,cycle,1,0.65,fixed,1,32,24,1,0,0,unknown,0.4166370053066292,30,0.7785413330130644,36
9121431,none,cycle,1,0.65,calibrated,0,32,,0,1,0,none,0.02775441061359805,30,0.0,0
9121431,motor,cycle,1,0.65,calibrated,1,32,,0,0,0,none,1.8456621508082727,30,0.0,0
9121431,external,cycle,1,0.65,calibrated,1,32,,0,0,0,none,0.7344686567069887,30,0.0,0
9121431,sensor,cycle,1,0.65,calibrated,1,32,,0,0,0,none,0.02775441061359805,30,0.0,0
9121431,motor_external,cycle,1,0.65,calibrated,1,32,58,1,0,0,undetermined,1.521152027634882,30,7.457200744667377e-31,2
9121431,external_sensor,cycle,1,0.65,calibrated,1,32,,0,0,0,none,0.7344686567069887,30,0.0,0
9121431,nonlinear,cycle,1,0.65,calibrated,1,32,,0,0,0,none,0.6190873164399495,30,0.0,0
9121431,none,adaptive,0,0.65,fixed,0,32,24,1,0,0,unknown,0.052167891777307865,27,0.564146463905404,36
9121431,motor,adaptive,0,0.65,fixed,1,32,24,1,0,0,unknown,0.07745414200558558,27,0.7244047030245766,36
9121431,external,adaptive,0,0.65,fixed,1,32,24,1,0,0,unknown,0.07955845968685357,27,0.8546351576872077,36
9121431,sensor,adaptive,0,0.65,fixed,1,32,24,1,0,0,unknown,0.052167891777307865,27,0.564146463905404,36
9121431,motor_external,adaptive,0,0.65,fixed,1,32,24,1,0,0,unknown,0.10484470991513142,27,1.01489339680638,36
9121431,external_sensor,adaptive,0,0.65,fixed,1,32,24,1,0,0,unknown,0.07955845968685357,27,0.8546351576872077,36
9121431,nonlinear,adaptive,0,0.65,fixed,1,32,24,1,0,0,unknown,0.38869237101973764,27,0.8194343080256128,36
9121431,none,adaptive,0,0.65,calibrated,0,32,,0,1,0,none,0.02775441061359805,0,0.0,0
9121431,motor,adaptive,0,0.65,calibrated,1,32,,0,0,0,none,1.8456621508082727,0,0.0,0
9121431,external,adaptive,0,0.65,calibrated,1,32,,0,0,0,none,0.7344686567069887,0,0.0,0
9121431,sensor,adaptive,0,0.65,calibrated,1,32,,0,0,0,none,0.02775441061359805,0,0.0,0
9121431,motor_external,adaptive,0,0.65,calibrated,1,32,35,1,0,0,undetermined,0.053874724489071976,18,0.47584066276993214,25
9121431,external_sensor,adaptive,0,0.65,calibrated,1,32,,0,0,0,none,0.7344686567069887,0,0.0,0
9121431,nonlinear,adaptive,0,0.65,calibrated,1,32,,0,0,0,none,0.6190873164399495,0,0.0,0
9121431,none,cycle,0,0.65,fixed,0,32,24,1,0,0,unknown,0.05404025018492327,30,0.5687306980666259,36
9121431,motor,cycle,0,0.65,fixed,1,32,24,1,0,0,unknown,0.07388459646145495,30,0.9305759219426741,36
9121431,external,cycle,0,0.65,fixed,1,32,24,1,0,0,unknown,0.0886267067600526,30,0.8510935332808367,36
9121431,sensor,cycle,0,0.65,fixed,1,32,24,1,0,0,unknown,0.05404025018492327,30,0.5687306980666259,36
9121431,motor_external,cycle,0,0.65,fixed,1,32,24,1,0,0,unknown,0.07423759149906176,30,1.1558980033674686,36
9121431,external_sensor,cycle,0,0.65,fixed,1,32,24,1,0,0,unknown,0.0886267067600526,30,0.8510935332808367,36
9121431,nonlinear,cycle,0,0.65,fixed,1,32,24,1,0,0,unknown,0.4166370053066292,30,0.7785413330130644,36
9121431,none,cycle,0,0.65,calibrated,0,32,,0,1,0,none,0.02775441061359805,30,0.0,0
9121431,motor,cycle,0,0.65,calibrated,1,32,,0,0,0,none,1.8456621508082727,30,0.0,0
9121431,external,cycle,0,0.65,calibrated,1,32,,0,0,0,none,0.7344686567069887,30,0.0,0
9121431,sensor,cycle,0,0.65,calibrated,1,32,,0,0,0,none,0.02775441061359805,30,0.0,0
9121431,motor_external,cycle,0,0.65,calibrated,1,32,,0,0,0,none,2.5523763969016637,30,0.0,0
9121431,external_sensor,cycle,0,0.65,calibrated,1,32,54,1,0,0,undetermined,0.43346691717662944,30,0.3344172537323115,6
9121431,nonlinear,cycle,0,0.65,calibrated,1,32,,0,0,0,none,0.6190873164399495,30,0.0,0
9121484,none,adaptive,1,0.13,fixed,0,31,,0,1,0,none,0.004973133938239447,0,0.0,0
9121484,motor,adaptive,1,0.13,fixed,1,31,32,1,1,1,motor,0.004241423355261651,21,0.02956775268257596,28
9121484,external,adaptive,1,0.13,fixed,1,31,32,1,1,1,external,0.004241423355261706,21,0.029567752682575967,28
9121484,sensor,adaptive,1,0.13,fixed,1,31,32,1,1,1,sensor,0.004241423355261659,21,0.029567752682575967,28
9121484,motor_external,adaptive,1,0.13,fixed,1,31,32,1,1,1,motor_external,0.004241423355261673,21,0.029567752682575964,28
9121484,external_sensor,adaptive,1,0.13,fixed,1,31,32,1,1,1,external_sensor,0.004241423355261706,21,0.029567752682575967,28
9121484,nonlinear,adaptive,1,0.13,fixed,1,31,32,1,0,0,unknown,0.35065147363893123,21,0.37232567662973387,28
9121484,none,adaptive,1,0.13,calibrated,0,31,,0,1,0,none,0.004973133938239447,0,0.0,0
9121484,motor,adaptive,1,0.13,calibrated,1,31,32,1,1,1,motor,0.004241423355261651,21,0.02956775268257596,28
9121484,external,adaptive,1,0.13,calibrated,1,31,32,1,1,1,external,0.004241423355261706,21,0.029567752682575967,28
9121484,sensor,adaptive,1,0.13,calibrated,1,31,32,1,1,1,sensor,0.004241423355261659,21,0.029567752682575967,28
9121484,motor_external,adaptive,1,0.13,calibrated,1,31,32,1,1,1,motor_external,0.004241423355261673,21,0.029567752682575964,28
9121484,external_sensor,adaptive,1,0.13,calibrated,1,31,32,1,1,1,external_sensor,0.004241423355261706,21,0.029567752682575967,28
9121484,nonlinear,adaptive,1,0.13,calibrated,1,31,32,1,0,0,unknown,0.35065147363893123,21,0.37232567662973387,28
9121484,none,cycle,1,0.13,fixed,0,31,,0,1,0,none,0.004973133938239447,30,0.0,0
9121484,motor,cycle,1,0.13,fixed,1,31,33,1,1,1,motor,0.0053870113198163936,30,0.029684408610880845,27
9121484,external,cycle,1,0.13,fixed,1,31,32,1,1,1,external,0.005312219907622406,30,0.02864686761955796,28
9121484,sensor,cycle,1,0.13,fixed,1,31,32,1,1,1,sensor,0.005312219907622431,30,0.02864686761955796,28
9121484,motor_external,cycle,1,0.13,fixed,1,31,32,1,1,1,motor_external,0.005312219907622448,30,0.028646867619557963,28
9121484,external_sensor,cycle,1,0.13,fixed,1,31,32,1,1,1,external_sensor,0.005312219907622406,30,0.02864686761955796,28
9121484,nonlinear,cycle,1,0.13,fixed,1,31,33,1,0,0,unknown,0.33935662601079997,30,0.39635572462551527,27
9121484,none,cycle,1,0.13,calibrated,0,31,,0,1,0,none,0.004973133938239447,30,0.0,0
9121484,motor,cycle,1,0.13,calibrated,1,31,33,1,1,1,motor,0.0053870113198163936,30,0.029684408610880845,27
9121484,external,cycle,1,0.13,calibrated,1,31,32,1,1,1,external,0.005312219907622406,30,0.02864686761955796,28
9121484,sensor,cycle,1,0.13,calibrated,1,31,32,1,1,1,sensor,0.005312219907622431,30,0.02864686761955796,28
9121484,motor_external,cycle,1,0.13,calibrated,1,31,32,1,1,1,motor_external,0.005312219907622448,30,0.028646867619557963,28
9121484,external_sensor,cycle,1,0.13,calibrated,1,31,32,1,1,1,external_sensor,0.005312219907622406,30,0.02864686761955796,28
9121484,nonlinear,cycle,1,0.13,calibrated,1,31,33,1,0,0,unknown,0.33935662601079997,30,0.39635572462551527,27
9121484,none,adaptive,0,0.13,fixed,0,31,,0,1,0,none,0.004973133938239447,0,0.0,0
9121484,motor,adaptive,0,0.13,fixed,1,31,32,1,1,1,motor,0.004241423355261651,21,0.02956775268257596,28
9121484,external,adaptive,0,0.13,fixed,1,31,32,1,0,0,undetermined,0.004241423355261706,21,0.029567752682575967,28
9121484,sensor,adaptive,0,0.13,fixed,1,31,32,1,0,0,undetermined,0.004241423355261659,21,0.029567752682575967,28
9121484,motor_external,adaptive,0,0.13,fixed,1,31,32,1,0,0,undetermined,0.004241423355261673,21,0.029567752682575964,28
9121484,external_sensor,adaptive,0,0.13,fixed,1,31,32,1,0,0,undetermined,0.004241423355261706,21,0.029567752682575967,28
9121484,nonlinear,adaptive,0,0.13,fixed,1,31,32,1,0,0,unknown,0.35065147363893123,21,0.37232567662973387,28
9121484,none,adaptive,0,0.13,calibrated,0,31,,0,1,0,none,0.004973133938239447,0,0.0,0
9121484,motor,adaptive,0,0.13,calibrated,1,31,32,1,1,1,motor,0.004241423355261651,21,0.02956775268257596,28
9121484,external,adaptive,0,0.13,calibrated,1,31,32,1,0,0,undetermined,0.004241423355261706,21,0.029567752682575967,28
9121484,sensor,adaptive,0,0.13,calibrated,1,31,32,1,0,0,undetermined,0.004241423355261659,21,0.029567752682575967,28
9121484,motor_external,adaptive,0,0.13,calibrated,1,31,32,1,0,0,undetermined,0.004241423355261673,21,0.029567752682575964,28
9121484,external_sensor,adaptive,0,0.13,calibrated,1,31,32,1,0,0,undetermined,0.004241423355261706,21,0.029567752682575967,28
9121484,nonlinear,adaptive,0,0.13,calibrated,1,31,32,1,0,0,unknown,0.35065147363893123,21,0.37232567662973387,28
9121484,none,cycle,0,0.13,fixed,0,31,,0,1,0,none,0.004973133938239447,30,0.0,0
9121484,motor,cycle,0,0.13,fixed,1,31,33,1,1,1,motor,0.0053870113198163936,30,0.029684408610880845,27
9121484,external,cycle,0,0.13,fixed,1,31,32,1,0,0,undetermined,0.005312219907622406,30,0.02864686761955796,28
9121484,sensor,cycle,0,0.13,fixed,1,31,32,1,0,0,undetermined,0.005312219907622431,30,0.02864686761955796,28
9121484,motor_external,cycle,0,0.13,fixed,1,31,32,1,0,0,undetermined,0.005312219907622448,30,0.028646867619557963,28
9121484,external_sensor,cycle,0,0.13,fixed,1,31,32,1,0,0,undetermined,0.005312219907622406,30,0.02864686761955796,28
9121484,nonlinear,cycle,0,0.13,fixed,1,31,33,1,0,0,unknown,0.33935662601079997,30,0.39635572462551527,27
9121484,none,cycle,0,0.13,calibrated,0,31,,0,1,0,none,0.004973133938239447,30,0.0,0
9121484,motor,cycle,0,0.13,calibrated,1,31,33,1,1,1,motor,0.0053870113198163936,30,0.029684408610880845,27
9121484,external,cycle,0,0.13,calibrated,1,31,32,1,0,0,undetermined,0.005312219907622406,30,0.02864686761955796,28
9121484,sensor,cycle,0,0.13,calibrated,1,31,32,1,0,0,undetermined,0.005312219907622431,30,0.02864686761955796,28
9121484,motor_external,cycle,0,0.13,calibrated,1,31,32,1,0,0,undetermined,0.005312219907622448,30,0.028646867619557963,28
9121484,external_sensor,cycle,0,0.13,calibrated,1,31,32,1,0,0,undetermined,0.005312219907622406,30,0.02864686761955796,28
9121484,nonlinear,cycle,0,0.13,calibrated,1,31,33,1,0,0,unknown,0.33935662601079997,30,0.39635572462551527,27
9121484,none,adaptive,1,0.35,fixed,0,31,24,1,1,1,none,0.022411639368414636,27,0.20951704970087515,36
9121484,motor,adaptive,1,0.35,fixed,1,31,24,1,1,1,motor,0.0645167933275741,27,0.494327581084327,36
9121484,external,adaptive,1,0.35,fixed,1,31,24,1,1,1,external,0.012581852018597873,27,0.38807452512630103,36
9121484,sensor,adaptive,1,0.35,fixed,1,31,24,1,1,1,sensor,0.022411639368414636,27,0.20951704970087515,36
9121484,motor_external,adaptive,1,0.35,fixed,1,31,24,1,1,1,motor_external,0.06369460210034719,27,0.6904422353927671,36
9121484,external_sensor,adaptive,1,0.35,fixed,1,31,24,1,1,1,external_sensor,0.012581852018597873,27,0.38807452512630103,36
9121484,nonlinear,adaptive,1,0.35,fixed,1,31,24,1,0,0,unknown,0.36152972854008836,27,0.5033878181407804,36
9121484,none,adaptive,1,0.35,calibrated,0,31,,0,1,0,none,0.03604786434522677,0,0.0,0
9121484,motor,adaptive,1,0.35,calibrated,1,31,34,1,1,1,motor,0.03224749893717674,19,0.22411326662676767,26
9121484,external,adaptive,1,0.35,calibrated,1,31,54,1,0,0,undetermined,0.17915580650940746,4,0.12757233764440007,6
9121484,sensor,adaptive,1,0.35,calibrated,1,31,47,1,1,1,sensor,0.03681950908436418,9,0.2485314985129705,13
9121484,motor_external,adaptive,1,0.35,calibrated,1,31,,0,0,0,none,2.560694269370666,0,0.0,0
9121484,external_sensor,adaptive,1,0.35,calibrated,1,31,47,1,1,1,external_sensor,0.036819509084364085,9,0.24853149851297043,13
9121484,nonlinear,adaptive,1,0.35,calibrated,1,31,,0,0,0,none,0.5448593693468109,0,0.0,0
9121484,none,cycle,1,0.35,fixed,0,31,24,1,1,1,none,0.029369867592898273,30,0.2028354018266996,36
9121484,motor,cycle,1,0.35,fixed,1,31,24,1,1,1,motor,0.08245188995563939,30,0.5020693116232962,36
9121484,external,cycle,1,0.35,fixed,1,31,24,1,1,1,external,0.01751060999736241,30,0.3841187473498489,36
9121484,sensor,cycle,1,0.35,fixed,1,31,24,1,1,1,sensor,0.029369867592898273,30,0.2028354018266996,36
9121484,motor_external,cycle,1,0.35,fixed,1,31,24,1,1,1,motor_external,0.07935907201014822,30,0.7091278700529365,36
9121484,external_sensor,cycle,1,0.35,fixed,1,31,24,1,1,1,external_sensor,0.01751060999736241,30,0.3841187473498489,36
9121484,nonlinear,cycle,1,0.35,fixed,1,31,24,1,0,0,unknown,0.37103791792854873,30,0.5478893894768011,36
9121484,none,cycle,1,0.35,calibrated,0,31,,0,1,0,none,0.03604786434522677,30,0.0,0
9121484,motor,cycle,1,0.35,calibrated,1,31,34,1,1,1,motor,0.03670138626475634,30,0.22027152226472482,26
9121484,external,cycle,1,0.35,calibrated,1,31,54,1,0,0,undetermined,0.16006507179883397,30,0.23359200070528174,6
9121484,sensor,cycle,1,0.35,calibrated,1,31,47,1,0,1,motor_sensor,0.03244265974225918,30,0.25417552432489693,13
9121484,motor_external,cycle,1,0.35,calibrated,1,31,34,1,1,1,motor_external,0.036701386264756275,30,0.22027152226472482,26
9121484,external_sensor,cycle,1,0.35,calibrated,1,31,47,1,0,1,motor_external_sensor,0.03244265974225907,30,0.25417552432489693,13
9121484,nonlinear,cycle,1,0.35,calibrated,1,31,,0,0,0,none,0.5448593693468109,30,0.0,0
9121484,none,adaptive,0,0.35,fixed,0,31,46,1,1,1,none,0.0865199335187212,10,0.22062259774940743,14
9121484,motor,adaptive,0,0.35,fixed,1,31,32,1,1,1,motor,0.030744045030742812,21,0.21432246766955945,28
9121484,external,adaptive,0,0.35,fixed,1,31,33,1,0,0,undetermined,0.025887367144945595,20,0.23095117138026508,27
9121484,sensor,adaptive,0,0.35,fixed,1,31,33,1,0,0,undetermined,0.02588736714494566,20,0.230951171380265,27
9121484,motor_external,adaptive,0,0.35,fixed,1,31,33,1,0,0,undetermined,0.025887367144945606,20,0.23095117138026502,27
9121484,external_sensor,adaptive,0,0.35,fixed,1,31,32,1,0,0,undetermined,0.030744045030742923,21,0.21432246766955945,28
9121484,nonlinear,adaptive,0,0.35,fixed,1,31,32,1,0,0,unknown,0.37425187271754556,21,0.5479976475272922,28
9121484,none,adaptive,0,0.35,calibrated,0,31,,0,1,0,none,0.03604786434522677,0,0.0,0
9121484,motor,adaptive,0,0.35,calibrated,1,31,40,1,1,1,motor,0.03780048643257462,15,0.24125742524072483,20
9121484,external,adaptive,0,0.35,calibrated,1,31,,0,0,0,none,0.6891315912012568,0,0.0,0
9121484,sensor,adaptive,0,0.35,calibrated,1,31,,0,0,0,none,0.03604786434522677,0,0.0,0
9121484,motor_external,adaptive,0,0.35,calibrated,1,31,,0,0,0,none,2.560694269370666,0,0.0,0
9121484,external_sensor,adaptive,0,0.35,calibrated,1,31,33,1,0,0,undetermined,0.025887367144945595,20,0.23095117138026508,27
9121484,nonlinear,adaptive,0,0.35,calibrated,1,31,,0,0,0,none,0.5448593693468109,0,0.0,0
9121484,none,cycle,0,0.35,fixed,0,31,26,1,0,1,motor,0.026883395912042325,30,0.2104006943580387,34
9121484,motor,cycle,0,0.35,fixed,1,31,26,1,1,1,motor,0.06227639326208223,30,0.4812469492169099,34
9121484,external,cycle,0,0.35,fixed,1,31,26,1,0,0,undetermined,0.017830578883861695,30,0.3787583275462794,34
9121484,sensor,cycle,0,0.35,fixed,1,31,26,1,0,0,undetermined,0.026883395912042325,30,0.2104006943580387,34
9121484,motor_external,cycle,0,0.35,fixed,1,31,26,1,0,0,undetermined,0.05187045609689152,30,0.6502643855679341,34
9121484,external_sensor,cycle,0,0.35,fixed,1,31,26,1,0,0,undetermined,0.017830578883861695,30,0.3787583275462794,34
9121484,nonlinear,cycle,0,0.35,fixed,1,31,26,1,0,0,unknown,0.3621424990927938,30,0.5738687666690805,34
9121484,none,cycle,0,0.35,calibrated,0,31,,0,1,0,none,0.03604786434522677,30,0.0,0
9121484,motor,cycle,0,0.35,calibrated,1,31,34,1,1,1,motor,0.03670138626475634,30,0.22027152226472482,26
9121484,external,cycle,0,0.35,calibrated,1,31,55,1,0,0,undetermined,0.2004786200760499,30,0.10515331478908067,5
9121484,sensor,cycle,0,0.35,calibrated,1,31,55,1,0,0,undetermined,0.20047862007604977,30,0.10515331478908066,5
9121484,motor_external,cycle,0,0.35,calibrated,1,31,34,1,0,0,undetermined,0.036701386264756275,30,0.22027152226472482,26
9121484,external_sensor,cycle,0,0.35,calibrated,1,31,33,1,0,0,undetermined,0.03904786311701194,30,0.21516805058182853,27
9121484,nonlinear,cycle,0,0.35,calibrated,1,31,,0,0,0,none,0.5448593693468109,30,0.0,0
9121484,none,adaptive,1,0.65,fixed,0,31,24,1,0,0,unknown,0.0772972868012669,27,0.7226200285601613,36
9121484,motor,adaptive,1,0.65,fixed,1,31,24,1,0,0,unknown,0.10125976849261586,27,0.9856808566849846,36
9121484,external,adaptive,1,0.65,fixed,1,31,24,1,0,0,unknown,0.03193482458017859,27,0.9465481972073808,36
9121484,sensor,adaptive,1,0.65,fixed,1,31,24,1,0,0,unknown,0.0772972868012669,27,0.7226200285601613,36
9121484,motor_external,adaptive,1,0.65,fixed,1,31,24,1,0,0,unknown,0.06490490239411752,27,1.2271662042152185,36
9121484,external_sensor,adaptive,1,0.65,fixed,1,31,24,1,0,0,unknown,0.03193482458017859,27,0.9465481972073808,36
9121484,nonlinear,adaptive,1,0.65,fixed,1,31,24,1,0,0,unknown,0.4199001931465446,27,0.9831022493136362,36
9121484,none,adaptive,1,0.65,calibrated,0,31,,0,1,0,none,0.12432834845598631,0,0.0,0
9121484,motor,adaptive,1,0.65,calibrated,1,31,,0,0,0,none,2.2286590364848897,0,0.0,0
9121484,external,adaptive,1,0.65,calibrated,1,31,,0,0,0,none,0.642912412617185,0,0.0,0
9121484,sensor,adaptive,1,0.65,calibrated,1,31,,0,0,0,none,0.12432834845598631,0,0.0,0
9121484,motor_external,adaptive,1,0.65,calibrated,1,31,,0,0,0,none,2.747243100646089,0,0.0,0
9121484,external_sensor,adaptive,1,0.65,calibrated,1,31,,0,0,0,none,0.642912412617185,0,0.0,0
9121484,nonlinear,adaptive,1,0.65,calibrated,1,31,,0,0,0,none,0.5918354291732135,0,0.0,0
9121484,none,cycle,1,0.65,fixed,0,31,24,1,0,0,unknown,0.10129607394285316,30,0.6995751614022905,36
9121484,motor,cycle,1,0.65,fixed,1,31,24,1,0,0,unknown,0.13918738391208435,30,1.0309380042182863,36
9121484,external,cycle,1,0.65,fixed,1,31,24,1,0,0,unknown,0.051202875916418436,30,0.9297076559903391,36
9121484,sensor,cycle,1,0.65,fixed,1,31,24,1,0,0,unknown,0.10129607394285316,30,0.6995751614022905,36
9121484,motor_external,cycle,1,0.65,fixed,1,31,24,1,0,0,unknown,0.09786062553569427,30,1.286845711712826,36
9121484,external_sensor,cycle,1,0.65,fixed,1,31,24,1,0,0,unknown,0.051202875916418436,30,0.9297076559903391,36
9121484,nonlinear,cycle,1,0.65,fixed,1,31,24,1,0,0,unknown,0.441208762561048,30,1.080430128660245,36
9121484,none,cycle,1,0.65,calibrated,0,31,,0,1,0,none,0.12432834845598631,30,0.0,0
9121484,motor,cycle,1,0.65,calibrated,1,31,54,1,0,0,undetermined,0.55206116600006,30,0.8056540432488289,6
9121484,external,cycle,1,0.65,calibrated,1,31,,0,0,0,none,0.642912412617185,30,0.0,0
9121484,sensor,cycle,1,0.65,calibrated,1,31,,0,0,0,none,0.12432834845598631,30,0.0,0
9121484,motor_external,cycle,1,0.65,calibrated,1,31,54,1,0,0,undetermined,0.5520611660000599,30,0.8056540432488289,6
9121484,external_sensor,cycle,1,0.65,calibrated,1,31,,0,0,0,none,0.642912412617185,30,0.0,0
9121484,nonlinear,cycle,1,0.65,calibrated,1,31,,0,0,0,none,0.5918354291732135,30,0.0,0
9121484,none,adaptive,0,0.65,fixed,0,31,24,1,0,0,unknown,0.0772972868012669,27,0.7226200285601613,36
9121484,motor,adaptive,0,0.65,fixed,1,31,24,1,0,0,unknown,0.10125976849261586,27,0.9856808566849846,36
9121484,external,adaptive,0,0.65,fixed,1,31,24,1,0,0,unknown,0.03193482458017859,27,0.9465481972073808,36
9121484,sensor,adaptive,0,0.65,fixed,1,31,24,1,0,0,unknown,0.0772972868012669,27,0.7226200285601613,36
9121484,motor_external,adaptive,0,0.65,fixed,1,31,24,1,0,0,unknown,0.06490490239411752,27,1.2271662042152185,36
9121484,external_sensor,adaptive,0,0.65,fixed,1,31,24,1,0,0,unknown,0.03193482458017859,27,0.9465481972073808,36
9121484,nonlinear,adaptive,0,0.65,fixed,1,31,24,1,0,0,unknown,0.4199001931465446,27,0.9831022493136362,36
9121484,none,adaptive,0,0.65,calibrated,0,31,,0,1,0,none,0.12432834845598631,0,0.0,0
9121484,motor,adaptive,0,0.65,calibrated,1,31,,0,0,0,none,2.2286590364848897,0,0.0,0
9121484,external,adaptive,0,0.65,calibrated,1,31,,0,0,0,none,0.642912412617185,0,0.0,0
9121484,sensor,adaptive,0,0.65,calibrated,1,31,,0,0,0,none,0.12432834845598631,0,0.0,0
9121484,motor_external,adaptive,0,0.65,calibrated,1,31,,0,0,0,none,2.747243100646089,0,0.0,0
9121484,external_sensor,adaptive,0,0.65,calibrated,1,31,,0,0,0,none,0.642912412617185,0,0.0,0
9121484,nonlinear,adaptive,0,0.65,calibrated,1,31,,0,0,0,none,0.5918354291732135,0,0.0,0
9121484,none,cycle,0,0.65,fixed,0,31,24,1,0,0,unknown,0.10129607394285316,30,0.6995751614022905,36
9121484,motor,cycle,0,0.65,fixed,1,31,24,1,0,0,unknown,0.13918738391208435,30,1.0309380042182863,36
9121484,external,cycle,0,0.65,fixed,1,31,24,1,0,0,unknown,0.051202875916418436,30,0.9297076559903391,36
9121484,sensor,cycle,0,0.65,fixed,1,31,24,1,0,0,unknown,0.10129607394285316,30,0.6995751614022905,36
9121484,motor_external,cycle,0,0.65,fixed,1,31,24,1,0,0,unknown,0.09786062553569427,30,1.286845711712826,36
9121484,external_sensor,cycle,0,0.65,fixed,1,31,24,1,0,0,unknown,0.051202875916418436,30,0.9297076559903391,36
9121484,nonlinear,cycle,0,0.65,fixed,1,31,24,1,0,0,unknown,0.441208762561048,30,1.080430128660245,36
9121484,none,cycle,0,0.65,calibrated,0,31,,0,1,0,none,0.12432834845598631,30,0.0,0
9121484,motor,cycle,0,0.65,calibrated,1,31,,0,0,0,none,2.2286590364848897,30,0.0,0
9121484,external,cycle,0,0.65,calibrated,1,31,,0,0,0,none,0.642912412617185,30,0.0,0
9121484,sensor,cycle,0,0.65,calibrated,1,31,,0,0,0,none,0.12432834845598631,30,0.0,0
9121484,motor_external,cycle,0,0.65,calibrated,1,31,,0,0,0,none,2.747243100646089,30,0.0,0
9121484,external_sensor,cycle,0,0.65,calibrated,1,31,35,1,0,0,undetermined,0.1275887242183059,30,0.7752574496213077,25
9121484,nonlinear,cycle,0,0.65,calibrated,1,31,,0,0,0,none,0.5918354291732135,30,0.0,0
9121537,none,adaptive,1,0.13,fixed,0,30,,0,1,0,none,0.0012422496494416426,0,0.0,0
9121537,motor,adaptive,1,0.13,fixed,1,30,31,1,1,1,motor,0.002768929852736186,21,0.02360106871089463,29
9121537,external,adaptive,1,0.13,fixed,1,30,31,1,1,1,external,0.002768929852736196,21,0.023601068710894627,29
9121537,sensor,adaptive,1,0.13,fixed,1,30,32,1,1,1,sensor,0.0014137663854048206,21,0.025712585776405332,28
9121537,motor_external,adaptive,1,0.13,fixed,1,30,31,1,1,1,motor_external,0.00276892985273621,21,0.023601068710894627,29
9121537,external_sensor,adaptive,1,0.13,fixed,1,30,31,1,1,1,external_sensor,0.002768929852736196,21,0.023601068710894627,29
9121537,nonlinear,adaptive,1,0.13,fixed,1,30,31,1,0,0,unknown,0.3527148413466885,21,0.3684860564320421,29
9121537,none,adaptive,1,0.13,calibrated,0,30,,0,1,0,none,0.0012422496494416426,0,0.0,0
9121537,motor,adaptive,1,0.13,calibrated,1,30,31,1,1,1,motor,0.002768929852736186,21,0.02360106871089463,29
9121537,external,adaptive,1,0.13,calibrated,1,30,31,1,1,1,external,0.002768929852736196,21,0.023601068710894627,29
9121537,sensor,adaptive,1,0.13,calibrated,1,30,32,1,1,1,sensor,0.0014137663854048206,21,0.025712585776405332,28
9121537,motor_external,adaptive,1,0.13,calibrated,1,30,31,1,1,1,motor_external,0.00276892985273621,21,0.023601068710894627,29
9121537,external_sensor,adaptive,1,0.13,calibrated,1,30,31,1,1,1,external_sensor,0.002768929852736196,21,0.023601068710894627,29
9121537,nonlinear,adaptive,1,0.13,calibrated,1,30,31,1,0,0,unknown,0.3527148413466885,21,0.3684860564320421,29
9121537,none,cycle,1,0.13,fixed,0,30,,0,1,0,none,0.0012422496494416426,30,0.0,0
9121537,motor,cycle,1,0.13,fixed,1,30,32,1,1,1,motor,0.0032921826068800417,30,0.024148599004615873,28
9121537,external,cycle,1,0.13,fixed,1,30,31,1,1,1,external,0.003310906273765847,30,0.023741264548522274,29
9121537,sensor,cycle,1,0.13,fixed,1,30,32,1,1,1,sensor,0.0032921826068800447,30,0.024148599004615863,28
9121537,motor_external,cycle,1,0.13,fixed,1,30,31,1,1,1,motor_external,0.0033109062737658513,30,0.023741264548522274,29
9121537,external_sensor,cycle,1,0.13,fixed,1,30,31,1,1,1,external_sensor,0.003310906273765847,30,0.023741264548522274,29
9121537,nonlinear,cycle,1,0.13,fixed,1,30,32,1,0,0,unknown,0.3369382718187099,30,0.3621549211646397,28
9121537,none,cycle,1,0.13,calibrated,0,30,,0,1,0,none,0.0012422496494416426,30,0.0,0
9121537,motor,cycle,1,0.13,calibrated,1,30,32,1,1,1,motor,0.0032921826068800417,30,0.024148599004615873,28
9121537,external,cycle,1,0.13,calibrated,1,30,31,1,1,1,external,0.003310906273765847,30,0.023741264548522274,29
9121537,sensor,cycle,1,0.13,calibrated,1,30,32,1,1,1,sensor,0.0032921826068800447,30,0.024148599004615863,28
9121537,motor_external,cycle,1,0.13,calibrated,1,30,31,1,1,1,motor_external,0.0033109062737658513,30,0.023741264548522274,29
9121537,external_sensor,cycle,1,0.13,calibrated,1,30,31,1,1,1,external_sensor,0.003310906273765847,30,0.023741264548522274,29
9121537,nonlinear,cycle,1,0.13,calibrated,1,30,32,1,0,0,unknown,0.3369382718187099,30,0.3621549211646397,28
9121537,none,adaptive,0,0.13,fixed,0,30,,0,1,0,none,0.0012422496494416426,0,0.0,0
9121537,motor,adaptive,0,0.13,fixed,1,30,31,1,1,1,motor,0.002768929852736186,21,0.02360106871089463,29
9121537,external,adaptive,0,0.13,fixed,1,30,31,1,0,0,undetermined,0.002768929852736196,21,0.023601068710894627,29
9121537,sensor,adaptive,0,0.13,fixed,1,30,31,1,0,0,undetermined,0.0027689298527361944,21,0.02360106871089462,29
9121537,motor_external,adaptive,0,0.13,fixed,1,30,31,1,0,0,undetermined,0.00276892985273621,21,0.023601068710894627,29
9121537,external_sensor,adaptive,0,0.13,fixed,1,30,31,1,0,0,undetermined,0.002768929852736196,21,0.023601068710894627,29
9121537,nonlinear,adaptive,0,0.13,fixed,1,30,31,1,0,0,unknown,0.3527148413466885,21,0.3684860564320421,29
9121537,none,adaptive,0,0.13,calibrated,0,30,,0,1,0,none,0.0012422496494416426,0,0.0,0
9121537,motor,adaptive,0,0.13,calibrated,1,30,31,1,1,1,motor,0.002768929852736186,21,0.02360106871089463,29
9121537,external,adaptive,0,0.13,calibrated,1,30,32,1,0,0,undetermined,0.001413766385404825,21,0.025712585776405332,28
9121537,sensor,adaptive,0,0.13,calibrated,1,30,32,1,0,0,undetermined,0.0014137663854048206,21,0.025712585776405332,28
9121537,motor_external,adaptive,0,0.13,calibrated,1,30,31,1,0,0,undetermined,0.00276892985273621,21,0.023601068710894627,29
9121537,external_sensor,adaptive,0,0.13,calibrated,1,30,31,1,0,0,undetermined,0.002768929852736196,21,0.023601068710894627,29
9121537,nonlinear,adaptive,0,0.13,calibrated,1,30,31,1,0,0,unknown,0.3527148413466885,21,0.3684860564320421,29
9121537,none,cycle,0,0.13,fixed,0,30,,0,1,0,none,0.0012422496494416426,30,0.0,0
9121537,motor,cycle,0,0.13,fixed,1,30,32,1,1,1,motor,0.0032921826068800417,30,0.024148599004615873,28
9121537,external,cycle,0,0.13,fixed,1,30,31,1,0,0,undetermined,0.003310906273765847,30,0.023741264548522274,29
9121537,sensor,cycle,0,0.13,fixed,1,30,31,1,0,0,undetermined,0.003310906273765847,30,0.02374126454852227,29
9121537,motor_external,cycle,0,0.13,fixed,1,30,31,1,0,0,undetermined,0.0033109062737658513,30,0.023741264548522274,29
9121537,external_sensor,cycle,0,0.13,fixed,1,30,31,1,0,0,undetermined,0.003310906273765847,30,0.023741264548522274,29
9121537,nonlinear,cycle,0,0.13,fixed,1,30,32,1,0,0,unknown,0.3369382718187099,30,0.3621549211646397,28
9121537,none,cycle,0,0.13,calibrated,0,30,,0,1,0,none,0.0012422496494416426,30,0.0,0
9121537,motor,cycle,0,0.13,calibrated,1,30,32,1,1,1,motor,0.0032921826068800417,30,0.024148599004615873,28
9121537,external,cycle,0,0.13,calibrated,1,30,32,1,0,0,undetermined,0.003292182606880045,30,0.024148599004615863,28
9121537,sensor,cycle,0,0.13,calibrated,1,30,32,1,0,0,undetermined,0.0032921826068800447,30,0.024148599004615863,28
9121537,motor_external,cycle,0,0.13,calibrated,1,30,32,1,0,0,undetermined,0.0032921826068800356,30,0.024148599004615866,28
9121537,external_sensor,cycle,0,0.13,calibrated,1,30,31,1,0,0,undetermined,0.003310906273765847,30,0.023741264548522274,29
9121537,nonlinear,cycle,0,0.13,calibrated,1,30,32,1,0,0,unknown,0.3369382718187099,30,0.3621549211646397,28
9121537,none,adaptive,1,0.35,fixed,0,30,24,1,1,1,none,0.005799851894257682,27,0.1916616186487778,36
9121537,motor,adaptive,1,0.35,fixed,1,30,24,1,1,1,motor,0.07881555546659445,27,0.3770549453446811,36
9121537,external,adaptive,1,0.35,fixed,1,30,24,1,1,1,external,0.026224431734465724,27,0.2957335825142702,36
9121537,sensor,adaptive,1,0.35,fixed,1,30,24,1,1,1,sensor,0.005799851894257682,27,0.1916616186487778,36
9121537,motor_external,adaptive,1,0.35,fixed,1,30,24,1,1,1,motor_external,0.0992401353068025,27,0.4811269092101734,36
9121537,external_sensor,adaptive,1,0.35,fixed,1,30,24,1,1,1,external_sensor,0.026224431734465724,27,0.2957335825142702,36
9121537,nonlinear,adaptive,1,0.35,fixed,1,30,24,1,0,0,unknown,0.34154952600067523,27,0.5350391228481233,36
9121537,none,adaptive,1,0.35,calibrated,0,30,,0,1,0,none,0.009004472311041381,0,0.0,0
9121537,motor,adaptive,1,0.35,calibrated,1,30,35,1,1,1,motor,0.01040600297697671,18,0.17424760330415517,25
9121537,external,adaptive,1,0.35,calibrated,1,30,,0,0,0,none,0.7394768701785333,0,0.0,0
9121537,sensor,adaptive,1,0.35,calibrated,1,30,53,1,0,0,undetermined,0.10639039572757239,5,0.09704402852980998,7
9121537,motor_external,adaptive,1,0.35,calibrated,1,30,,0,0,0,none,2.5180205200289096,0,0.0,0
9121537,external_sensor,adaptive,1,0.35,calibrated,1,30,53,1,0,0,undetermined,0.10639039572757251,5,0.09704402852980999,7
9121537,nonlinear,adaptive,1,0.35,calibrated,1,30,,0,0,0,none,0.6026579803527082,0,0.0,0
9121537,none,cycle,1,0.35,fixed,0,30,24,1,1,1,none,0.03644598424899713,30,0.16202563112791488,36
9121537,motor,cycle,1,0.35,fixed,1,30,24,1,1,1,motor,0.044662194327691515,30,0.39360460136808,36
9121537,external,cycle,1,0.35,fixed,1,30,24,1,1,1,external,0.05174289240397208,30,0.27256429115263875,36
9121537,sensor,cycle,1,0.35,fixed,1,30,24,1,1,1,sensor,0.03644598424899713,30,0.16202563112791488,36
9121537,motor_external,cycle,1,0.35,fixed,1,30,24,1,1,1,motor_external,0.07575074339331433,30,0.5403324384797054,36
9121537,external_sensor,cycle,1,0.35,fixed,1,30,24,1,1,1,external_sensor,0.05174289240397208,30,0.27256429115263875,36
9121537,nonlinear,cycle,1,0.35,fixed,1,30,24,1,0,0,unknown,0.3819902240182437,30,0.49804647917393563,36
9121537,none,cycle,1,0.35,calibrated,0,30,,0,1,0,none,0.009004472311041381,30,0.0,0
9121537,motor,cycle,1,0.35,calibrated,1,30,34,1,1,1,motor,0.02368924241028152,30,0.17644480338997412,26
9121537,external,cycle,1,0.35,calibrated,1,30,,0,0,0,none,0.7394768701785333,30,0.0,0
9121537,sensor,cycle,1,0.35,calibrated,1,30,53,1,0,0,undetermined,0.10252707730421336,30,0.13521036247563203,7
9121537,motor_external,cycle,1,0.35,calibrated,1,30,34,1,1,1,motor_external,0.02368924241028157,30,0.17644480338997412,26
9121537,external_sensor,cycle,1,0.35,calibrated,1,30,45,1,1,1,external_sensor,0.03029682749456967,30,0.12310857482597586,15
9121537,nonlinear,cycle,1,0.35,calibrated,1,30,,0,0,0,none,0.6026579803527082,30,0.0,0
9121537,none,adaptive,0,0.35,fixed,0,30,31,1,1,1,none,0.020070645382259385,21,0.17107283533044917,29
9121537,motor,adaptive,0,0.35,fixed,1,30,31,1,1,1,motor,0.020070645382259396,21,0.17107283533044917,29
9121537,external,adaptive,0,0.35,fixed,1,30,32,1,0,0,undetermined,0.010247714923792398,21,0.1863782105094469,28
9121537,sensor,adaptive,0,0.35,fixed,1,30,32,1,0,0,undetermined,0.010247714923792384,21,0.1863782105094469,28
9121537,motor_external,adaptive,0,0.35,fixed,1,30,31,1,0,0,undetermined,0.020070645382259382,21,0.1710728353304492,29
9121537,external_sensor,adaptive,0,0.35,fixed,1,30,31,1,0,0,undetermined,0.0200706453822594,21,0.1710728353304492,29
9121537,nonlinear,adaptive,0,0.35,fixed,1,30,31,1,0,0,unknown,0.36925232577120404,21,0.5124406918073813,29
9121537,none,adaptive,0,0.35,calibrated,0,30,,0,1,0,none,0.009004472311041381,0,0.0,0
9121537,motor,adaptive,0,0.35,calibrated,1,30,31,1,1,1,motor,0.020070645382259396,21,0.17107283533044917,29
9121537,external,adaptive,0,0.35,calibrated,1,30,,0,0,0,none,0.7394768701785333,0,0.0,0
9121537,sensor,adaptive,0,0.35,calibrated,1,30,,0,0,0,none,0.009004472311041381,0,0.0,0
9121537,motor_external,adaptive,0,0.35,calibrated,1,30,,0,0,0,none,2.5180205200289096,0,0.0,0
9121537,external_sensor,adaptive,0,0.35,calibrated,1,30,32,1,0,0,undetermined,0.010247714923792398,21,0.1863782105094469,28
9121537,nonlinear,adaptive,0,0.35,calibrated,1,30,,0,0,0,none,0.6026579803527082,0,0.0,0
9121537,none,cycle,0,0.35,fixed,0,30,25,1,1,1,none,0.03452436616698092,30,0.1615975771016139,35
9121537,motor,cycle,0,0.35,fixed,1,30,25,1,1,1,motor,0.028844488766397412,30,0.3451476185811136,35
9121537,external,cycle,0,0.35,fixed,1,30,25,1,0,0,undetermined,0.05074878895331414,30,0.26094886604590706,35
9121537,sensor,cycle,0,0.35,fixed,1,30,25,1,0,0,undetermined,0.03452436616698092,30,0.1615975771016139,35
9121537,motor_external,cycle,0,0.35,fixed,1,30,25,1,0,0,undetermined,0.04506891155273055,30,0.44449890752540683,35
9121537,external_sensor,cycle,0,0.35,fixed,1,30,25,1,0,0,undetermined,0.05074878895331414,30,0.26094886604590706,35
9121537,nonlinear,cycle,0,0.35,fixed,1,30,25,1,0,0,unknown,0.3782857386321437,30,0.5095241827410844,35
9121537,none,cycle,0,0.35,calibrated,0,30,,0,1,0,none,0.009004472311041381,30,0.0,0
9121537,motor,cycle,0,0.35,calibrated,1,30,38,1,1,1,motor,0.03823877337492846,30,0.14314526207455433,22
9121537,external,cycle,0,0.35,calibrated,1,30,,0,0,0,none,0.7394768701785333,30,0.0,0
9121537,sensor,cycle,0,0.35,calibrated,1,30,,0,0,0,none,0.009004472311041381,30,0.0,0
9121537,motor_external,cycle,0,0.35,calibrated,1,30,34,1,0,0,undetermined,0.02368924241028157,30,0.17644480338997412,26
9121537,external_sensor,cycle,0,0.35,calibrated,1,30,32,1,0,0,undetermined,0.023863453807266614,30,0.1750416200038724,28
9121537,nonlinear,cycle,0,0.35,calibrated,1,30,,0,0,0,none,0.6026579803527082,30,0.0,0
9121537,none,adaptive,1,0.65,fixed,0,30,24,1,0,0,unknown,0.020003570818970418,27,0.6610370112580297,36
9121537,motor,adaptive,1,0.65,fixed,1,30,24,1,0,0,unknown,0.11327612083955349,27,0.7725346708890458,36
9121537,external,adaptive,1,0.65,fixed,1,30,24,1,0,0,unknown,0.038649219093642294,27,0.7578849441510871,36
9121537,sensor,adaptive,1,0.65,fixed,1,30,24,1,0,0,unknown,0.020003570818970418,27,0.6610370112580297,36
9121537,motor_external,adaptive,1,0.65,fixed,1,30,24,1,0,0,unknown,0.1319217691142254,27,0.8693826037821032,36
9121537,external_sensor,adaptive,1,0.65,fixed,1,30,24,1,0,0,unknown,0.038649219093642294,27,0.7578849441510871,36
9121537,nonlinear,adaptive,1,0.65,fixed,1,30,24,1,0,0,unknown,0.35615640474147064,27,1.011191794189089,36
9121537,none,adaptive,1,0.65,calibrated,0,30,,0,1,0,none,0.031056241236040744,0,0.0,0
9121537,motor,adaptive,1,0.65,calibrated,1,30,,0,0,0,none,1.9626373052438832,0,0.0,0
9121537,external,adaptive,1,0.65,calibrated,1,30,,0,0,0,none,0.6933621229899545,0,0.0,0
9121537,sensor,adaptive,1,0.65,calibrated,1,30,,0,0,0,none,0.031056241236040744,0,0.0,0
9121537,motor_external,adaptive,1,0.65,calibrated,1,30,,0,0,0,none,2.6249431869977977,0,0.0,0
9121537,external_sensor,adaptive,1,0.65,calibrated,1,30,,0,0,0,none,0.6933621229899545,0,0.0,0
9121537,nonlinear,adaptive,1,0.65,calibrated,1,30,,0,0,0,none,0.6561270418848505,0,0.0,0
9121537,none,cycle,1,0.65,fixed,0,30,24,1,0,0,unknown,0.1257014558791942,30,0.5588230951146453,36
9121537,motor,cycle,1,0.65,fixed,1,30,24,1,0,0,unknown,0.09909327874104831,30,0.7938280896741038,36
9121537,external,cycle,1,0.65,fixed,1,30,24,1,0,0,unknown,0.1343201048891692,30,0.6685751202387481,36
9121537,sensor,cycle,1,0.65,fixed,1,30,24,1,0,0,unknown,0.1257014558791942,30,0.5588230951146453,36
9121537,motor_external,cycle,1,0.65,fixed,1,30,24,1,0,0,unknown,0.12350356866167125,30,0.9397692918851082,36
9121537,external_sensor,cycle,1,0.65,fixed,1,30,24,1,0,0,unknown,0.1343201048891692,30,0.6685751202387481,36
9121537,nonlinear,cycle,1,0.65,fixed,1,30,24,1,0,0,unknown,0.47552588709366594,30,0.9178697641468394,36
9121537,none,cycle,1,0.65,calibrated,0,30,,0,1,0,none,0.031056241236040744,30,0.0,0
9121537,motor,cycle,1,0.65,calibrated,1,30,,0,0,0,none,1.9626373052438832,30,0.0,0
9121537,external,cycle,1,0.65,calibrated,1,30,,0,0,0,none,0.6933621229899545,30,0.0,0
9121537,sensor,cycle,1,0.65,calibrated,1,30,,0,0,0,none,0.031056241236040744,30,0.0,0
9121537,motor_external,cycle,1,0.65,calibrated,1,30,44,1,1,1,motor_external,0.12229161097655372,30,0.4934811151717443,16
9121537,external_sensor,cycle,1,0.65,calibrated,1,30,,0,0,0,none,0.6933621229899545,30,0.0,0
9121537,nonlinear,cycle,1,0.65,calibrated,1,30,,0,0,0,none,0.6561270418848505,30,0.0,0
9121537,none,adaptive,0,0.65,fixed,0,30,24,1,0,0,unknown,0.020003570818970418,27,0.6610370112580297,36
9121537,motor,adaptive,0,0.65,fixed,1,30,24,1,0,0,unknown,0.11327612083955349,27,0.7725346708890458,36
9121537,external,adaptive,0,0.65,fixed,1,30,24,1,0,0,unknown,0.038649219093642294,27,0.7578849441510871,36
9121537,sensor,adaptive,0,0.65,fixed,1,30,24,1,0,0,unknown,0.020003570818970418,27,0.6610370112580297,36
9121537,motor_external,adaptive,0,0.65,fixed,1,30,24,1,0,0,unknown,0.1319217691142254,27,0.8693826037821032,36
9121537,external_sensor,adaptive,0,0.65,fixed,1,30,24,1,0,0,unknown,0.038649219093642294,27,0.7578849441510871,36
9121537,nonlinear,adaptive,0,0.65,fixed,1,30,24,1,0,0,unknown,0.35615640474147064,27,1.011191794189089,36
9121537,none,adaptive,0,0.65,calibrated,0,30,,0,1,0,none,0.031056241236040744,0,0.0,0
9121537,motor,adaptive,0,0.65,calibrated,1,30,,0,0,0,none,1.9626373052438832,0,0.0,0
9121537,external,adaptive,0,0.65,calibrated,1,30,,0,0,0,none,0.6933621229899545,0,0.0,0
9121537,sensor,adaptive,0,0.65,calibrated,1,30,,0,0,0,none,0.031056241236040744,0,0.0,0
9121537,motor_external,adaptive,0,0.65,calibrated,1,30,,0,0,0,none,2.6249431869977977,0,0.0,0
9121537,external_sensor,adaptive,0,0.65,calibrated,1,30,,0,0,0,none,0.6933621229899545,0,0.0,0
9121537,nonlinear,adaptive,0,0.65,calibrated,1,30,,0,0,0,none,0.6561270418848505,0,0.0,0
9121537,none,cycle,0,0.65,fixed,0,30,24,1,0,0,unknown,0.1257014558791942,30,0.5588230951146453,36
9121537,motor,cycle,0,0.65,fixed,1,30,24,1,0,0,unknown,0.09909327874104831,30,0.7938280896741038,36
9121537,external,cycle,0,0.65,fixed,1,30,24,1,0,0,unknown,0.1343201048891692,30,0.6685751202387481,36
9121537,sensor,cycle,0,0.65,fixed,1,30,24,1,0,0,unknown,0.1257014558791942,30,0.5588230951146453,36
9121537,motor_external,cycle,0,0.65,fixed,1,30,24,1,0,0,unknown,0.12350356866167125,30,0.9397692918851082,36
9121537,external_sensor,cycle,0,0.65,fixed,1,30,24,1,0,0,unknown,0.1343201048891692,30,0.6685751202387481,36
9121537,nonlinear,cycle,0,0.65,fixed,1,30,24,1,0,0,unknown,0.47552588709366594,30,0.9178697641468394,36
9121537,none,cycle,0,0.65,calibrated,0,30,,0,1,0,none,0.031056241236040744,30,0.0,0
9121537,motor,cycle,0,0.65,calibrated,1,30,,0,0,0,none,1.9626373052438832,30,0.0,0
9121537,external,cycle,0,0.65,calibrated,1,30,,0,0,0,none,0.6933621229899545,30,0.0,0
9121537,sensor,cycle,0,0.65,calibrated,1,30,,0,0,0,none,0.031056241236040744,30,0.0,0
9121537,motor_external,cycle,0,0.65,calibrated,1,30,,0,0,0,none,2.6249431869977977,30,0.0,0
9121537,external_sensor,cycle,0,0.65,calibrated,1,30,,0,0,0,none,0.6933621229899545,30,0.0,0
9121537,nonlinear,cycle,0,0.65,calibrated,1,30,,0,0,0,none,0.6561270418848505,30,0.0,0
9121590,none,adaptive,1,0.13,fixed,0,33,,0,1,0,none,0.0016703439440532795,0,0.0,0
9121590,motor,adaptive,1,0.13,fixed,1,33,33,1,1,1,motor,0.007190179813735641,20,0.04466380485523898,27
9121590,external,adaptive,1,0.13,fixed,1,33,33,1,1,1,external,0.007190179813735602,20,0.04466380485523897,27
9121590,sensor,adaptive,1,0.13,fixed,1,33,35,1,1,1,sensor,0.005822757160579811,18,0.04598228947049168,25
9121590,motor_external,adaptive,1,0.13,fixed,1,33,33,1,1,1,motor_external,0.007190179813735602,20,0.04466380485523897,27
9121590,external_sensor,adaptive,1,0.13,fixed,1,33,33,1,1,1,external_sensor,0.007190179813735602,20,0.04466380485523897,27
9121590,nonlinear,adaptive,1,0.13,fixed,1,33,33,1,0,0,unknown,0.36647037765031965,20,0.3683525773868142,27
9121590,none,adaptive,1,0.13,calibrated,0,33,,0,1,0,none,0.0016703439440532795,0,0.0,0
9121590,motor,adaptive,1,0.13,calibrated,1,33,34,1,1,1,motor,0.006379090254026086,19,0.04315000891264541,26
9121590,external,adaptive,1,0.13,calibrated,1,33,34,1,1,1,external,0.006379090254026111,19,0.04315000891264541,26
9121590,sensor,adaptive,1,0.13,calibrated,1,33,36,1,1,1,sensor,0.0069497233911348915,18,0.043888126160371195,24
9121590,motor_external,adaptive,1,0.13,calibrated,1,33,34,1,1,1,motor_external,0.006379090254026086,19,0.04315000891264541,26
9121590,external_sensor,adaptive,1,0.13,calibrated,1,33,34,1,1,1,external_sensor,0.006379090254026111,19,0.04315000891264541,26
9121590,nonlinear,adaptive,1,0.13,calibrated,1,33,34,1,0,0,unknown,0.36926086698524,19,0.3963336998480772,26
9121590,none,cycle,1,0.13,fixed,0,33,,0,1,0,none,0.0016703439440532795,30,0.0,0
9121590,motor,cycle,1,0.13,fixed,1,33,33,1,1,1,motor,0.004502846307848448,30,0.0488429609304382,27
9121590,external,cycle,1,0.13,fixed,1,33,33,1,1,1,external,0.004502846307848484,30,0.0488429609304382,27
9121590,sensor,cycle,1,0.13,fixed,1,33,35,1,1,1,sensor,0.0039708443142708475,30,0.04908866831589533,25
9121590,motor_external,cycle,1,0.13,fixed,1,33,33,1,1,1,motor_external,0.004502846307848428,30,0.0488429609304382,27
9121590,external_sensor,cycle,1,0.13,fixed,1,33,33,1,1,1,external_sensor,0.004502846307848484,30,0.0488429609304382,27
9121590,nonlinear,cycle,1,0.13,fixed,1,33,33,1,0,0,unknown,0.3402789118601273,30,0.3669474509354109,27
9121590,none,cycle,1,0.13,calibrated,0,33,,0,1,0,none,0.0016703439440532795,30,0.0,0
9121590,motor,cycle,1,0.13,calibrated,1,33,34,1,1,1,motor,0.00394618181591779,30,0.04731278287743187,26
9121590,external,cycle,1,0.13,calibrated,1,33,34,1,1,1,external,0.003946181815917817,30,0.04731278287743187,26
9121590,sensor,cycle,1,0.13,calibrated,1,33,36,1,1,1,sensor,0.004193481268301918,30,0.04821178074853242,24
9121590,motor_external,cycle,1,0.13,calibrated,1,33,34,1,1,1,motor_external,0.003946181815917812,30,0.047312782877431875,26
9121590,external_sensor,cycle,1,0.13,calibrated,1,33,34,1,1,1,external_sensor,0.003946181815917817,30,0.04731278287743187,26
9121590,nonlinear,cycle,1,0.13,calibrated,1,33,34,1,0,0,unknown,0.33846131852499817,30,0.37624579299738825,26
9121590,none,adaptive,0,0.13,fixed,0,33,,0,1,0,none,0.0016703439440532795,0,0.0,0
9121590,motor,adaptive,0,0.13,fixed,1,33,34,1,1,1,motor,0.006379090254026086,19,0.04315000891264541,26
9121590,external,adaptive,0,0.13,fixed,1,33,34,1,0,0,undetermined,0.006379090254026111,19,0.04315000891264541,26
9121590,sensor,adaptive,0,0.13,fixed,1,33,34,1,0,0,undetermined,0.006379090254026101,19,0.04315000891264541,26
9121590,motor_external,adaptive,0,0.13,fixed,1,33,34,1,0,0,undetermined,0.006379090254026086,19,0.04315000891264541,26
9121590,external_sensor,adaptive,0,0.13,fixed,1,33,34,1,0,0,undetermined,0.006379090254026111,19,0.04315000891264541,26
9121590,nonlinear,adaptive,0,0.13,fixed,1,33,34,1,0,0,unknown,0.36926086698524,19,0.3963336998480772,26
9121590,none,adaptive,0,0.13,calibrated,0,33,,0,1,0,none,0.0016703439440532795,0,0.0,0
9121590,motor,adaptive,0,0.13,calibrated,1,33,34,1,1,1,motor,0.006379090254026086,19,0.04315000891264541,26
9121590,external,adaptive,0,0.13,calibrated,1,33,34,1,0,0,undetermined,0.006379090254026111,19,0.04315000891264541,26
9121590,sensor,adaptive,0,0.13,calibrated,1,33,34,1,0,0,undetermined,0.006379090254026101,19,0.04315000891264541,26
9121590,motor_external,adaptive,0,0.13,calibrated,1,33,34,1,0,0,undetermined,0.006379090254026086,19,0.04315000891264541,26
9121590,external_sensor,adaptive,0,0.13,calibrated,1,33,34,1,0,0,undetermined,0.006379090254026111,19,0.04315000891264541,26
9121590,nonlinear,adaptive,0,0.13,calibrated,1,33,34,1,0,0,unknown,0.36926086698524,19,0.3963336998480772,26
9121590,none,cycle,0,0.13,fixed,0,33,,0,1,0,none,0.0016703439440532795,30,0.0,0
9121590,motor,cycle,0,0.13,fixed,1,33,34,1,1,1,motor,0.00394618181591779,30,0.04731278287743187,26
9121590,external,cycle,0,0.13,fixed,1,33,34,1,0,0,undetermined,0.003946181815917817,30,0.04731278287743187,26
9121590,sensor,cycle,0,0.13,fixed,1,33,34,1,0,0,undetermined,0.003946181815917826,30,0.04731278287743187,26
9121590,motor_external,cycle,0,0.13,fixed,1,33,34,1,0,0,undetermined,0.003946181815917812,30,0.047312782877431875,26
9121590,external_sensor,cycle,0,0.13,fixed,1,33,34,1,0,0,undetermined,0.003946181815917817,30,0.04731278287743187,26
9121590,nonlinear,cycle,0,0.13,fixed,1,33,34,1,0,0,unknown,0.33846131852499817,30,0.37624579299738825,26
9121590,none,cycle,0,0.13,calibrated,0,33,,0,1,0,none,0.0016703439440532795,30,0.0,0
9121590,motor,cycle,0,0.13,calibrated,1,33,34,1,1,1,motor,0.00394618181591779,30,0.04731278287743187,26
9121590,external,cycle,0,0.13,calibrated,1,33,34,1,0,0,undetermined,0.003946181815917817,30,0.04731278287743187,26
9121590,sensor,cycle,0,0.13,calibrated,1,33,34,1,0,0,undetermined,0.003946181815917826,30,0.04731278287743187,26
9121590,motor_external,cycle,0,0.13,calibrated,1,33,34,1,0,0,undetermined,0.003946181815917812,30,0.047312782877431875,26
9121590,external_sensor,cycle,0,0.13,calibrated,1,33,34,1,0,0,undetermined,0.003946181815917817,30,0.04731278287743187,26
9121590,nonlinear,cycle,0,0.13,calibrated,1,33,34,1,0,0,unknown,0.33846131852499817,30,0.37624579299738825,26
9121590,none,adaptive,1,0.35,fixed,0,33,24,1,0,0,unknown,0.03963600016869278,27,0.27745250591080184,36
9121590,motor,adaptive,1,0.35,fixed,1,33,24,1,0,0,unknown,0.1580540594816482,27,0.5212531253596183,36
9121590,external,adaptive,1,0.35,fixed,1,33,24,1,0,0,unknown,0.03955498536404863,27,0.4194894401450203,36
9121590,sensor,adaptive,1,0.35,fixed,1,33,24,1,0,0,unknown,0.03963600016869278,27,0.27745250591080184,36
9121590,motor_external,adaptive,1,0.35,fixed,1,33,24,1,0,0,unknown,0.17686678685957485,27,0.6821838017764077,36
9121590,external_sensor,adaptive,1,0.35,fixed,1,33,24,1,0,0,unknown,0.03955498536404863,27,0.4194894401450203,36
9121590,nonlinear,adaptive,1,0.35,fixed,1,33,24,1,0,0,unknown,0.3708272041813719,27,0.6117173459111639,36
9121590,none,adaptive,1,0.35,calibrated,0,33,,0,1,0,none,0.012107522671392038,0,0.0,0
9121590,motor,adaptive,1,0.35,calibrated,1,33,35,1,1,1,motor,0.04220637586810833,18,0.33330357752279466,25
9121590,external,adaptive,1,0.35,calibrated,1,33,,0,0,0,none,0.8439793348621695,0,0.0,0
9121590,sensor,adaptive,1,0.35,calibrated,1,33,51,1,0,1,motor_sensor,0.12903029009558153,6,0.2866447499597937,9
9121590,motor_external,adaptive,1,0.35,calibrated,1,33,34,1,1,1,motor_external,0.0462389678176448,19,0.3127737332425481,26
9121590,external_sensor,adaptive,1,0.35,calibrated,1,33,51,1,0,1,motor_external_sensor,0.1290302900955814,6,0.2866447499597937,9
9121590,nonlinear,adaptive,1,0.35,calibrated,1,33,,0,0,0,none,0.5629337833469621,0,0.0,0
9121590,none,cycle,1,0.35,fixed,0,33,24,1,0,0,unknown,0.031242949559939743,30,0.29285127682619916,36
9121590,motor,cycle,1,0.35,fixed,1,33,24,1,0,0,unknown,0.13160265871377902,30,0.664559976780028,36
9121590,external,cycle,1,0.35,fixed,1,33,24,1,0,0,unknown,0.032246841083222635,30,0.433958500825729,36
9121590,sensor,cycle,1,0.35,fixed,1,33,24,1,0,0,unknown,0.031242949559939743,30,0.29285127682619916,36
9121590,motor_external,cycle,1,0.35,fixed,1,33,24,1,0,0,unknown,0.1653600758349753,30,0.8342013228834961,36
9121590,external_sensor,cycle,1,0.35,fixed,1,33,24,1,0,0,unknown,0.032246841083222635,30,0.433958500825729,36
9121590,nonlinear,cycle,1,0.35,fixed,1,33,24,1,0,0,unknown,0.35662051603812006,30,0.5550254545757206,36
9121590,none,cycle,1,0.35,calibrated,0,33,,0,1,0,none,0.012107522671392038,30,0.0,0
9121590,motor,cycle,1,0.35,calibrated,1,33,48,1,1,1,motor,0.07851398168826848,30,0.3555859037620073,12
9121590,external,cycle,1,0.35,calibrated,1,33,35,1,1,1,external,0.028782747248412927,30,0.35582022891699283,25
9121590,sensor,cycle,1,0.35,calibrated,1,33,51,1,0,1,motor_sensor,0.1469945730705246,30,0.3027515764393164,9
9121590,motor_external,cycle,1,0.35,calibrated,1,33,37,1,1,1,motor_external,0.027606260067263307,30,0.3461231522002483,23
9121590,external_sensor,cycle,1,0.35,calibrated,1,33,35,1,1,1,external_sensor,0.028782747248412927,30,0.35582022891699283,25
9121590,nonlinear,cycle,1,0.35,calibrated,1,33,,0,0,0,none,0.5629337833469621,30,0.0,0
9121590,none,adaptive,0,0.35,fixed,0,33,24,1,0,0,unknown,0.03963600016869278,27,0.27745250591080184,36
9121590,motor,adaptive,0,0.35,fixed,1,33,24,1,0,0,unknown,0.1580540594816482,27,0.5212531253596183,36
9121590,external,adaptive,0,0.35,fixed,1,33,24,1,0,0,unknown,0.03955498536404863,27,0.4194894401450203,36
9121590,sensor,adaptive,0,0.35,fixed,1,33,24,1,0,0,unknown,0.03963600016869278,27,0.27745250591080184,36
9121590,motor_external,adaptive,0,0.35,fixed,1,33,24,1,0,0,unknown,0.17686678685957485,27,0.6821838017764077,36
9121590,external_sensor,adaptive,0,0.35,fixed,1,33,24,1,0,0,unknown,0.03955498536404863,27,0.4194894401450203,36
9121590,nonlinear,adaptive,0,0.35,fixed,1,33,24,1,0,0,unknown,0.3708272041813719,27,0.6117173459111639,36
9121590,none,adaptive,0,0.35,calibrated,0,33,,0,1,0,none,0.012107522671392038,0,0.0,0
9121590,motor,adaptive,0,0.35,calibrated,1,33,50,1,1,1,motor,0.0789383479065607,7,0.3485278061340016,10
9121590,external,adaptive,0,0.35,calibrated,1,33,,0,0,0,none,0.8439793348621695,0,0.0,0
9121590,sensor,adaptive,0,0.35,calibrated,1,33,,0,0,0,none,0.012107522671392038,0,0.0,0
9121590,motor_external,adaptive,0,0.35,calibrated,1,33,34,1,0,0,undetermined,0.0462389678176448,19,0.3127737332425481,26
9121590,external_sensor,adaptive,0,0.35,calibrated,1,33,38,1,0,0,undetermined,0.0604629452137748,16,0.27927007588323166,22
9121590,nonlinear,adaptive,0,0.35,calibrated,1,33,,0,0,0,none,0.5629337833469621,0,0.0,0
9121590,none,cycle,0,0.35,fixed,0,33,24,1,0,0,unknown,0.031242949559939743,30,0.29285127682619916,36
9121590,motor,cycle,0,0.35,fixed,1,33,24,1,0,0,unknown,0.13160265871377902,30,0.664559976780028,36
9121590,external,cycle,0,0.35,fixed,1,33,24,1,0,0,unknown,0.032246841083222635,30,0.433958500825729,36
9121590,sensor,cycle,0,0.35,fixed,1,33,24,1,0,0,unknown,0.031242949559939743,30,0.29285127682619916,36
9121590,motor_external,cycle,0,0.35,fixed,1,33,24,1,0,0,unknown,0.1653600758349753,30,0.8342013228834961,36
9121590,external_sensor,cycle,0,0.35,fixed,1,33,24,1,0,0,unknown,0.032246841083222635,30,0.433958500825729,36
9121590,nonlinear,cycle,0,0.35,fixed,1,33,24,1,0,0,unknown,0.35662051603812006,30,0.5550254545757206,36
9121590,none,cycle,0,0.35,calibrated,0,33,,0,1,0,none,0.012107522671392038,30,0.0,0
9121590,motor,cycle,0,0.35,calibrated,1,33,40,1,1,1,motor,0.04589901074005023,30,0.32940677882794084,20
9121590,external,cycle,0,0.35,calibrated,1,33,,0,0,0,none,0.8439793348621695,30,0.0,0
9121590,sensor,cycle,0,0.35,calibrated,1,33,,0,0,0,none,0.012107522671392038,30,0.0,0
9121590,motor_external,cycle,0,0.35,calibrated,1,33,47,1,0,0,undetermined,0.08275329429986884,30,0.32920498856637415,13
9121590,external_sensor,cycle,0,0.35,calibrated,1,33,35,1,0,0,undetermined,0.028782747248412927,30,0.35582022891699283,25
9121590,nonlinear,cycle,0,0.35,calibrated,1,33,,0,0,0,none,0.5629337833469621,30,0.0,0
9121590,none,adaptive,1,0.65,fixed,0,33,24,1,0,0,unknown,0.1367037556838588,27,0.9569280305903166,36
9121590,motor,adaptive,1,0.65,fixed,1,33,24,1,0,0,unknown,0.2685277705983951,27,1.0909175407836214,36
9121590,external,adaptive,1,0.65,fixed,1,33,24,1,0,0,unknown,0.09230329961809099,27,1.0916037655967226,36
9121590,sensor,adaptive,1,0.65,fixed,1,33,24,1,0,0,unknown,0.1367037556838588,27,0.9569280305903166,36
9121590,motor_external,adaptive,1,0.65,fixed,1,33,24,1,0,0,unknown,0.2430210567151981,27,1.244487017972598,36
9121590,external_sensor,adaptive,1,0.65,fixed,1,33,24,1,0,0,unknown,0.09230329961809099,27,1.0916037655967226,36
9121590,nonlinear,adaptive,1,0.65,fixed,1,33,24,1,0,0,unknown,0.46313920599312003,27,1.3006139900618887,36
9121590,none,adaptive,1,0.65,calibrated,0,33,,0,1,0,none,0.04175859860133161,0,0.0,0
9121590,motor,adaptive,1,0.65,calibrated,1,33,,0,0,0,none,1.920259776360035,0,0.0,0
9121590,external,adaptive,1,0.65,calibrated,1,33,,0,0,0,none,0.8923776783842046,0,0.0,0
9121590,sensor,adaptive,1,0.65,calibrated,1,33,,0,0,0,none,0.04175859860133161,0,0.0,0
9121590,motor_external,adaptive,1,0.65,calibrated,1,33,41,1,1,1,motor_external,0.19247718476957204,14,1.1020470046767459,19
9121590,external_sensor,adaptive,1,0.65,calibrated,1,33,,0,0,0,none,0.8923776783842046,0,0.0,0
9121590,nonlinear,adaptive,1,0.65,calibrated,1,33,,0,0,0,none,0.5872930827131049,0,0.0,0
9121590,none,cycle,1,0.65,fixed,0,33,24,1,0,0,unknown,0.10775629542101642,30,1.0100380772168913,36
9121590,motor,cycle,1,0.65,fixed,1,33,24,1,0,0,unknown,0.2122842886371809,30,1.449846238868047,36
9121590,external,cycle,1,0.65,fixed,1,33,24,1,0,0,unknown,0.06457230744279986,30,1.1433738361791772,36
9121590,sensor,cycle,1,0.65,fixed,1,33,24,1,0,0,unknown,0.10775629542101642,30,1.0100380772168913,36
9121590,motor_external,cycle,1,0.65,fixed,1,33,24,1,0,0,unknown,0.20185382625687778,30,1.6117161199342716,36
9121590,external_sensor,cycle,1,0.65,fixed,1,33,24,1,0,0,unknown,0.06457230744279986,30,1.1433738361791772,36
9121590,nonlinear,cycle,1,0.65,fixed,1,33,24,1,0,0,unknown,0.4131879194346709,30,1.2452656494823464,36
9121590,none,cycle,1,0.65,calibrated,0,33,,0,1,0,none,0.04175859860133161,30,0.0,0
9121590,motor,cycle,1,0.65,calibrated,1,33,,0,0,0,none,1.920259776360035,30,0.0,0
9121590,external,cycle,1,0.65,calibrated,1,33,,0,0,0,none,0.8923776783842046,30,0.0,0
9121590,sensor,cycle,1,0.65,calibrated,1,33,,0,0,0,none,0.04175859860133161,30,0.0,0
9121590,motor_external,cycle,1,0.65,calibrated,1,33,57,1,0,0,undetermined,1.9834059148845142,30,5.063911800442172e-31,3
9121590,external_sensor,cycle,1,0.65,calibrated,1,33,,0,0,0,none,0.8923776783842046,30,0.0,0
9121590,nonlinear,cycle,1,0.65,calibrated,1,33,,0,0,0,none,0.5872930827131049,30,0.0,0
9121590,none,adaptive,0,0.65,fixed,0,33,24,1,0,0,unknown,0.1367037556838588,27,0.9569280305903166,36
9121590,motor,adaptive,0,0.65,fixed,1,33,24,1,0,0,unknown,0.2685277705983951,27,1.0909175407836214,36
9121590,external,adaptive,0,0.65,fixed,1,33,24,1,0,0,unknown,0.09230329961809099,27,1.0916037655967226,36
9121590,sensor,adaptive,0,0.65,fixed,1,33,24,1,0,0,unknown,0.1367037556838588,27,0.9569280305903166,36
9121590,motor_external,adaptive,0,0.65,fixed,1,33,24,1,0,0,unknown,0.2430210567151981,27,1.244487017972598,36
9121590,external_sensor,adaptive,0,0.65,fixed,1,33,24,1,0,0,unknown,0.09230329961809099,27,1.0916037655967226,36
9121590,nonlinear,adaptive,0,0.65,fixed,1,33,24,1,0,0,unknown,0.46313920599312003,27,1.3006139900618887,36
9121590,none,adaptive,0,0.65,calibrated,0,33,,0,1,0,none,0.04175859860133161,0,0.0,0
9121590,motor,adaptive,0,0.65,calibrated,1,33,,0,0,0,none,1.920259776360035,0,0.0,0
9121590,external,adaptive,0,0.65,calibrated,1,33,,0,0,0,none,0.8923776783842046,0,0.0,0
9121590,sensor,adaptive,0,0.65,calibrated,1,33,,0,0,0,none,0.04175859860133161,0,0.0,0
9121590,motor_external,adaptive,0,0.65,calibrated,1,33,,0,0,0,none,2.770878856142908,0,0.0,0
9121590,external_sensor,adaptive,0,0.65,calibrated,1,33,,0,0,0,none,0.8923776783842046,0,0.0,0
9121590,nonlinear,adaptive,0,0.65,calibrated,1,33,,0,0,0,none,0.5872930827131049,0,0.0,0
9121590,none,cycle,0,0.65,fixed,0,33,24,1,0,0,unknown,0.10775629542101642,30,1.0100380772168913,36
9121590,motor,cycle,0,0.65,fixed,1,33,24,1,0,0,unknown,0.2122842886371809,30,1.449846238868047,36
9121590,external,cycle,0,0.65,fixed,1,33,24,1,0,0,unknown,0.06457230744279986,30,1.1433738361791772,36
9121590,sensor,cycle,0,0.65,fixed,1,33,24,1,0,0,unknown,0.10775629542101642,30,1.0100380772168913,36
9121590,motor_external,cycle,0,0.65,fixed,1,33,24,1,0,0,unknown,0.20185382625687778,30,1.6117161199342716,36
9121590,external_sensor,cycle,0,0.65,fixed,1,33,24,1,0,0,unknown,0.06457230744279986,30,1.1433738361791772,36
9121590,nonlinear,cycle,0,0.65,fixed,1,33,24,1,0,0,unknown,0.4131879194346709,30,1.2452656494823464,36
9121590,none,cycle,0,0.65,calibrated,0,33,,0,1,0,none,0.04175859860133161,30,0.0,0
9121590,motor,cycle,0,0.65,calibrated,1,33,,0,0,0,none,1.920259776360035,30,0.0,0
9121590,external,cycle,0,0.65,calibrated,1,33,,0,0,0,none,0.8923776783842046,30,0.0,0
9121590,sensor,cycle,0,0.65,calibrated,1,33,,0,0,0,none,0.04175859860133161,30,0.0,0
9121590,motor_external,cycle,0,0.65,calibrated,1,33,,0,0,0,none,2.770878856142908,30,0.0,0
9121590,external_sensor,cycle,0,0.65,calibrated,1,33,,0,0,0,none,0.8923776783842046,30,0.0,0
9121590,nonlinear,cycle,0,0.65,calibrated,1,33,,0,0,0,none,0.5872930827131049,30,0.0,0
9121643,none,adaptive,1,0.13,fixed,0,29,,0,1,0,none,0.005123272007682885,0,0.0,0
9121643,motor,adaptive,1,0.13,fixed,1,29,30,1,1,1,motor,0.0056418234096107965,22,0.03504500641068321,30
9121643,external,adaptive,1,0.13,fixed,1,29,30,1,1,1,external,0.005641823409610793,22,0.03504500641068321,30
9121643,sensor,adaptive,1,0.13,fixed,1,29,30,1,1,1,sensor,0.005641823409610797,22,0.03504500641068321,30
9121643,motor_external,adaptive,1,0.13,fixed,1,29,30,1,1,1,motor_external,0.005641823409610799,22,0.035045006410683206,30
9121643,external_sensor,adaptive,1,0.13,fixed,1,29,30,1,1,1,external_sensor,0.005641823409610793,22,0.03504500641068321,30
9121643,nonlinear,adaptive,1,0.13,fixed,1,29,30,1,0,0,unknown,0.35475266112899617,22,0.3342206982263593,30
9121643,none,adaptive,1,0.13,calibrated,0,29,,0,1,0,none,0.005123272007682885,0,0.0,0
9121643,motor,adaptive,1,0.13,calibrated,1,29,30,1,1,1,motor,0.0056418234096107965,22,0.03504500641068321,30
9121643,external,adaptive,1,0.13,calibrated,1,29,30,1,1,1,external,0.005641823409610793,22,0.03504500641068321,30
9121643,sensor,adaptive,1,0.13,calibrated,1,29,30,1,1,1,sensor,0.005641823409610797,22,0.03504500641068321,30
9121643,motor_external,adaptive,1,0.13,calibrated,1,29,30,1,1,1,motor_external,0.005641823409610799,22,0.035045006410683206,30
9121643,external_sensor,adaptive,1,0.13,calibrated,1,29,30,1,1,1,external_sensor,0.005641823409610793,22,0.03504500641068321,30
9121643,nonlinear,adaptive,1,0.13,calibrated,1,29,30,1,0,0,unknown,0.35475266112899617,22,0.3342206982263593,30
9121643,none,cycle,1,0.13,fixed,0,29,,0,1,0,none,0.005123272007682885,30,0.0,0
9121643,motor,cycle,1,0.13,fixed,1,29,30,1,1,1,motor,0.00226337879403968,30,0.039402481219799924,30
9121643,external,cycle,1,0.13,fixed,1,29,30,1,1,1,external,0.0022633787940396694,30,0.03940248121979993,30
9121643,sensor,cycle,1,0.13,fixed,1,29,30,1,1,1,sensor,0.0022633787940396694,30,0.03940248121979993,30
9121643,motor_external,cycle,1,0.13,fixed,1,29,30,1,1,1,motor_external,0.002263378794039676,30,0.039402481219799924,30
9121643,external_sensor,cycle,1,0.13,fixed,1,29,30,1,1,1,external_sensor,0.0022633787940396694,30,0.03940248121979993,30
9121643,nonlinear,cycle,1,0.13,fixed,1,29,30,1,0,0,unknown,0.33646337879403965,30,0.4239426981602483,30
9121643,none,cycle,1,0.13,calibrated,0,29,,0,1,0,none,0.005123272007682885,30,0.0,0
9121643,motor,cycle,1,0.13,calibrated,1,29,30,1,1,1,motor,0.00226337879403968,30,0.039402481219799924,30
9121643,external,cycle,1,0.13,calibrated,1,29,30,1,1,1,external,0.0022633787940396694,30,0.03940248121979993,30
9121643,sensor,cycle,1,0.13,calibrated,1,29,30,1,1,1,sensor,0.0022633787940396694,30,0.03940248121979993,30
9121643,motor_external,cycle,1,0.13,calibrated,1,29,30,1,1,1,motor_external,0.002263378794039676,30,0.039402481219799924,30
9121643,external_sensor,cycle,1,0.13,calibrated,1,29,30,1,1,1,external_sensor,0.0022633787940396694,30,0.03940248121979993,30
9121643,nonlinear,cycle,1,0.13,calibrated,1,29,30,1,0,0,unknown,0.33646337879403965,30,0.4239426981602483,30
9121643,none,adaptive,0,0.13,fixed,0,29,,0,1,0,none,0.005123272007682885,0,0.0,0
9121643,motor,adaptive,0,0.13,fixed,1,29,30,1,1,1,motor,0.0056418234096107965,22,0.03504500641068321,30
9121643,external,adaptive,0,0.13,fixed,1,29,30,1,0,0,undetermined,0.005641823409610793,22,0.03504500641068321,30
9121643,sensor,adaptive,0,0.13,fixed,1,29,30,1,0,0,undetermined,0.005641823409610797,22,0.03504500641068321,30
9121643,motor_external,adaptive,0,0.13,fixed,1,29,30,1,0,0,undetermined,0.005641823409610799,22,0.035045006410683206,30
9121643,external_sensor,adaptive,0,0.13,fixed,1,29,30,1,0,0,undetermined,0.005641823409610793,22,0.03504500641068321,30
9121643,nonlinear,adaptive,0,0.13,fixed,1,29,30,1,0,0,unknown,0.35475266112899617,22,0.3342206982263593,30
9121643,none,adaptive,0,0.13,calibrated,0,29,,0,1,0,none,0.005123272007682885,0,0.0,0
9121643,motor,adaptive,0,0.13,calibrated,1,29,30,1,1,1,motor,0.0056418234096107965,22,0.03504500641068321,30
9121643,external,adaptive,0,0.13,calibrated,1,29,30,1,0,0,undetermined,0.005641823409610793,22,0.03504500641068321,30
9121643,sensor,adaptive,0,0.13,calibrated,1,29,30,1,0,0,undetermined,0.005641823409610797,22,0.03504500641068321,30
9121643,motor_external,adaptive,0,0.13,calibrated,1,29,30,1,0,0,undetermined,0.005641823409610799,22,0.035045006410683206,30
9121643,external_sensor,adaptive,0,0.13,calibrated,1,29,30,1,0,0,undetermined,0.005641823409610793,22,0.03504500641068321,30
9121643,nonlinear,adaptive,0,0.13,calibrated,1,29,30,1,0,0,unknown,0.35475266112899617,22,0.3342206982263593,30
9121643,none,cycle,0,0.13,fixed,0,29,,0,1,0,none,0.005123272007682885,30,0.0,0
9121643,motor,cycle,0,0.13,fixed,1,29,30,1,1,1,motor,0.00226337879403968,30,0.039402481219799924,30
9121643,external,cycle,0,0.13,fixed,1,29,30,1,0,0,undetermined,0.0022633787940396694,30,0.03940248121979993,30
9121643,sensor,cycle,0,0.13,fixed,1,29,30,1,0,0,undetermined,0.0022633787940396694,30,0.03940248121979993,30
9121643,motor_external,cycle,0,0.13,fixed,1,29,30,1,0,0,undetermined,0.002263378794039676,30,0.039402481219799924,30
9121643,external_sensor,cycle,0,0.13,fixed,1,29,30,1,0,0,undetermined,0.0022633787940396694,30,0.03940248121979993,30
9121643,nonlinear,cycle,0,0.13,fixed,1,29,30,1,0,0,unknown,0.33646337879403965,30,0.4239426981602483,30
9121643,none,cycle,0,0.13,calibrated,0,29,,0,1,0,none,0.005123272007682885,30,0.0,0
9121643,motor,cycle,0,0.13,calibrated,1,29,30,1,1,1,motor,0.00226337879403968,30,0.039402481219799924,30
9121643,external,cycle,0,0.13,calibrated,1,29,30,1,0,0,undetermined,0.0022633787940396694,30,0.03940248121979993,30
9121643,sensor,cycle,0,0.13,calibrated,1,29,30,1,0,0,undetermined,0.0022633787940396694,30,0.03940248121979993,30
9121643,motor_external,cycle,0,0.13,calibrated,1,29,30,1,0,0,undetermined,0.002263378794039676,30,0.039402481219799924,30
9121643,external_sensor,cycle,0,0.13,calibrated,1,29,30,1,0,0,undetermined,0.0022633787940396694,30,0.03940248121979993,30
9121643,nonlinear,cycle,0,0.13,calibrated,1,29,30,1,0,0,unknown,0.33646337879403965,30,0.4239426981602483,30
9121643,none,adaptive,1,0.35,fixed,0,29,24,1,0,0,unknown,0.019677128789423095,27,0.3060013472871481,36
9121643,motor,adaptive,1,0.35,fixed,1,29,24,1,0,0,unknown,0.0968226159562656,27,0.5408474575463833,36
9121643,external,adaptive,1,0.35,fixed,1,29,24,1,0,0,unknown,0.04849077757934038,27,0.3754060536318232,36
9121643,sensor,adaptive,1,0.35,fixed,1,29,24,1,0,0,unknown,0.019677128789423095,27,0.3060013472871481,36
9121643,motor_external,adaptive,1,0.35,fixed,1,29,24,1,0,0,unknown,0.14052353486580899,27,0.6482298937880637,36
9121643,external_sensor,adaptive,1,0.35,fixed,1,29,24,1,0,0,unknown,0.04849077757934038,27,0.3754060536318232,36
9121643,nonlinear,adaptive,1,0.35,fixed,1,29,24,1,0,0,unknown,0.3526016857208637,27,0.7056515030617303,36
9121643,none,adaptive,1,0.35,calibrated,0,29,,0,1,0,none,0.0371361432509559,0,0.0,0
9121643,motor,adaptive,1,0.35,calibrated,1,29,37,1,1,1,motor,0.041793281506195296,17,0.26447371409991716,23
9121643,external,adaptive,1,0.35,calibrated,1,29,,0,0,0,none,1.0622723261982308,0,0.0,0
9121643,sensor,adaptive,1,0.35,calibrated,1,29,,0,0,0,none,0.0371361432509559,0,0.0,0
9121643,motor_external,adaptive,1,0.35,calibrated,1,29,30,1,1,1,motor_external,0.04089487382706046,22,0.2540244547519937,30
9121643,external_sensor,adaptive,1,0.35,calibrated,1,29,40,1,0,1,motor_external_sensor,0.03727834837266159,15,0.2376476014355911,20
9121643,nonlinear,adaptive,1,0.35,calibrated,1,29,,0,0,0,none,0.6809080810492251,0,0.0,0
9121643,none,cycle,1,0.35,fixed,0,29,24,1,0,0,unknown,0.012298510270456205,30,0.31831367887606843,36
9121643,motor,cycle,1,0.35,fixed,1,29,24,1,0,0,unknown,0.057188508984651776,30,0.49935385027736373,36
9121643,external,cycle,1,0.35,fixed,1,29,24,1,0,0,unknown,0.032839894019781685,30,0.39761539397246753,36
9121643,sensor,cycle,1,0.35,fixed,1,29,24,1,0,0,unknown,0.012298510270456205,30,0.31831367887606843,36
9121643,motor_external,cycle,1,0.35,fixed,1,29,24,1,0,0,unknown,0.07972223429362721,30,0.577640946986904,36
9121643,external_sensor,cycle,1,0.35,fixed,1,29,24,1,0,0,unknown,0.032839894019781685,30,0.39761539397246753,36
9121643,nonlinear,cycle,1,0.35,fixed,1,29,24,1,0,0,unknown,0.3550811309892205,30,0.6991554444843466,36
9121643,none,cycle,1,0.35,calibrated,0,29,,0,1,0,none,0.0371361432509559,30,0.0,0
9121643,motor,cycle,1,0.35,calibrated,1,29,49,1,1,1,motor,0.08419084279887401,30,0.2043856169254931,11
9121643,external,cycle,1,0.35,calibrated,1,29,,0,0,0,none,1.0622723261982308,30,0.0,0
9121643,sensor,cycle,1,0.35,calibrated,1,29,,0,0,0,none,0.0371361432509559,30,0.0,0
9121643,motor_external,cycle,1,0.35,calibrated,1,29,38,1,1,1,motor_external,0.0373338266889833,30,0.2899724164702295,22
9121643,external_sensor,cycle,1,0.35,calibrated,1,29,40,1,1,1,external_sensor,0.043547325603579136,30,0.24047583478955253,20
9121643,nonlinear,cycle,1,0.35,calibrated,1,29,,0,0,0,none,0.6809080810492251,30,0.0,0
9121643,none,adaptive,0,0.35,fixed,0,29,24,1,1,1,none,0.019677128789423095,27,0.3060013472871481,36
9121643,motor,adaptive,0,0.35,fixed,1,29,24,1,1,1,motor,0.0968226159562656,27,0.5408474575463833,36
9121643,external,adaptive,0,0.35,fixed,1,29,24,1,0,0,undetermined,0.04849077757934038,27,0.3754060536318232,36
9121643,sensor,adaptive,0,0.35,fixed,1,29,24,1,0,0,undetermined,0.019677128789423095,27,0.3060013472871481,36
9121643,motor_external,adaptive,0,0.35,fixed,1,29,24,1,0,0,undetermined,0.14052353486580899,27,0.6482298937880637,36
9121643,external_sensor,adaptive,0,0.35,fixed,1,29,24,1,0,0,undetermined,0.04849077757934038,27,0.3754060536318232,36
9121643,nonlinear,adaptive,0,0.35,fixed,1,29,24,1,0,0,unknown,0.3526016857208637,27,0.7056515030617303,36
9121643,none,adaptive,0,0.35,calibrated,0,29,,0,1,0,none,0.0371361432509559,0,0.0,0
9121643,motor,adaptive,0,0.35,calibrated,1,29,32,1,1,1,motor,0.03980249748000784,21,0.2657701786401218,28
9121643,external,adaptive,0,0.35,calibrated,1,29,,0,0,0,none,1.0622723261982308,0,0.0,0
9121643,sensor,adaptive,0,0.35,calibrated,1,29,,0,0,0,none,0.0371361432509559,0,0.0,0
9121643,motor_external,adaptive,0,0.35,calibrated,1,29,30,1,0,0,undetermined,0.04089487382706046,22,0.2540244547519937,30
9121643,external_sensor,adaptive,0,0.35,calibrated,1,29,30,1,0,0,undetermined,0.04089487382706043,22,0.2540244547519937,30
9121643,nonlinear,adaptive,0,0.35,calibrated,1,29,,0,0,0,none,0.6809080810492251,0,0.0,0
9121643,none,cycle,0,0.35,fixed,0,29,50,1,1,1,none,0.08142285572709804,30,0.19957194631020841,10
9121643,motor,cycle,0,0.35,fixed,1,29,30,1,1,1,motor,0.016406148063305336,30,0.2856097011494373,30
9121643,external,cycle,0,0.35,fixed,1,29,30,1,0,0,undetermined,0.016406148063305308,30,0.2856097011494373,30
9121643,sensor,cycle,0,0.35,fixed,1,29,30,1,0,0,undetermined,0.016406148063305308,30,0.2856097011494373,30
9121643,motor_external,cycle,0,0.35,fixed,1,29,30,1,0,0,undetermined,0.016406148063305332,30,0.2856097011494373,30
9121643,external_sensor,cycle,0,0.35,fixed,1,29,30,1,0,0,undetermined,0.016406148063305308,30,0.2856097011494373,30
9121643,nonlinear,cycle,0,0.35,fixed,1,29,30,1,0,0,unknown,0.3506061480633053,30,0.7553410544506447,30
9121643,none,cycle,0,0.35,calibrated,0,29,,0,1,0,none,0.0371361432509559,30,0.0,0
9121643,motor,cycle,0,0.35,calibrated,1,29,33,1,1,1,motor,0.03009703442689326,30,0.276490770984976,27
9121643,external,cycle,0,0.35,calibrated,1,29,,0,0,0,none,1.0622723261982308,30,0.0,0
9121643,sensor,cycle,0,0.35,calibrated,1,29,,0,0,0,none,0.0371361432509559,30,0.0,0
9121643,motor_external,cycle,0,0.35,calibrated,1,29,33,1,0,0,undetermined,0.030097034426893342,30,0.27649077098497593,27
9121643,external_sensor,cycle,0,0.35,calibrated,1,29,30,1,0,0,undetermined,0.016406148063305308,30,0.2856097011494373,30
9121643,nonlinear,cycle,0,0.35,calibrated,1,29,,0,0,0,none,0.6809080810492251,30,0.0,0
9121643,none,adaptive,1,0.65,fixed,0,29,24,1,0,0,unknown,0.06786601562066338,27,1.0553924018679193,36
9121643,motor,adaptive,1,0.65,fixed,1,29,24,1,0,0,unknown,0.18230022723739206,27,1.2891542256826891,36
9121643,external,adaptive,1,0.65,fixed,1,29,24,1,0,0,unknown,0.10712707765908111,27,1.1023225707937443,36
9121643,sensor,adaptive,1,0.65,fixed,1,29,24,1,0,0,unknown,0.06786601562066338,27,1.0553924018679193,36
9121643,motor_external,adaptive,1,0.65,fixed,1,29,24,1,0,0,unknown,0.23644855939543596,27,1.3740621245055193,36
9121643,external_sensor,adaptive,1,0.65,fixed,1,29,24,1,0,0,unknown,0.10712707765908111,27,1.1023225707937443,36
9121643,nonlinear,adaptive,1,0.65,fixed,1,29,24,1,0,0,unknown,0.39769779859915866,27,1.5070690800524607,36
9121643,none,adaptive,1,0.65,calibrated,0,29,,0,1,0,none,0.12808180019207244,0,0.0,0
9121643,motor,adaptive,1,0.65,calibrated,1,29,,0,0,0,none,1.7548514688613692,0,0.0,0
9121643,external,adaptive,1,0.65,calibrated,1,29,,0,0,0,none,1.337620425665583,0,0.0,0
9121643,sensor,adaptive,1,0.65,calibrated,1,29,,0,0,0,none,0.12808180019207244,0,0.0,0
9121643,motor_external,adaptive,1,0.65,calibrated,1,29,46,1,0,1,motor_external_sensor,0.18297454213177017,10,0.8791481855245785,14
9121643,external_sensor,adaptive,1,0.65,calibrated,1,29,,0,0,0,none,1.337620425665583,0,0.0,0
9121643,nonlinear,adaptive,1,0.65,calibrated,1,29,,0,0,0,none,0.8462296846745725,0,0.0,0
9121643,none,cycle,1,0.65,fixed,0,29,24,1,0,0,unknown,0.042417310932797804,30,1.097857382246032,36
9121643,motor,cycle,1,0.65,fixed,1,29,24,1,0,0,unknown,0.09953092756036827,30,1.2699260670261916,36
9121643,external,cycle,1,0.65,fixed,1,29,24,1,0,0,unknown,0.0670990986408372,30,1.1621211293121516,36
9121643,sensor,cycle,1,0.65,fixed,1,29,24,1,0,0,unknown,0.042417310932797804,30,1.097857382246032,36
9121643,motor_external,cycle,1,0.65,fixed,1,29,24,1,0,0,unknown,0.12620505682805758,30,1.3331751957054523,36
9121643,external_sensor,cycle,1,0.65,fixed,1,29,24,1,0,0,unknown,0.0670990986408372,30,1.1621211293121516,36
9121643,nonlinear,cycle,1,0.65,fixed,1,29,24,1,0,0,unknown,0.3888352580002435,30,1.5340034423972482,36
9121643,none,cycle,1,0.65,calibrated,0,29,,0,1,0,none,0.12808180019207244,30,0.0,0
9121643,motor,cycle,1,0.65,calibrated,1,29,,0,0,0,none,1.7548514688613692,30,0.0,0
9121643,external,cycle,1,0.65,calibrated,1,29,,0,0,0,none,1.337620425665583,30,0.0,0
9121643,sensor,cycle,1,0.65,calibrated,1,29,,0,0,0,none,0.12808180019207244,30,0.0,0
9121643,motor_external,cycle,1,0.65,calibrated,1,29,,0,0,0,none,2.96439009433488,30,0.0,0
9121643,external_sensor,cycle,1,0.65,calibrated,1,29,,0,0,0,none,1.337620425665583,30,0.0,0
9121643,nonlinear,cycle,1,0.65,calibrated,1,29,,0,0,0,none,0.8462296846745725,30,0.0,0
9121643,none,adaptive,0,0.65,fixed,0,29,24,1,0,0,unknown,0.06786601562066338,27,1.0553924018679193,36
9121643,motor,adaptive,0,0.65,fixed,1,29,24,1,0,0,unknown,0.18230022723739206,27,1.2891542256826891,36
9121643,external,adaptive,0,0.65,fixed,1,29,24,1,0,0,unknown,0.10712707765908111,27,1.1023225707937443,36
9121643,sensor,adaptive,0,0.65,fixed,1,29,24,1,0,0,unknown,0.06786601562066338,27,1.0553924018679193,36
9121643,motor_external,adaptive,0,0.65,fixed,1,29,24,1,0,0,unknown,0.23644855939543596,27,1.3740621245055193,36
9121643,external_sensor,adaptive,0,0.65,fixed,1,29,24,1,0,0,unknown,0.10712707765908111,27,1.1023225707937443,36
9121643,nonlinear,adaptive,0,0.65,fixed,1,29,24,1,0,0,unknown,0.39769779859915866,27,1.5070690800524607,36
9121643,none,adaptive,0,0.65,calibrated,0,29,,0,1,0,none,0.12808180019207244,0,0.0,0
9121643,motor,adaptive,0,0.65,calibrated,1,29,,0,0,0,none,1.7548514688613692,0,0.0,0
9121643,external,adaptive,0,0.65,calibrated,1,29,,0,0,0,none,1.337620425665583,0,0.0,0
9121643,sensor,adaptive,0,0.65,calibrated,1,29,,0,0,0,none,0.12808180019207244,0,0.0,0
9121643,motor_external,adaptive,0,0.65,calibrated,1,29,,0,0,0,none,2.96439009433488,0,0.0,0
9121643,external_sensor,adaptive,0,0.65,calibrated,1,29,,0,0,0,none,1.337620425665583,0,0.0,0
9121643,nonlinear,adaptive,0,0.65,calibrated,1,29,,0,0,0,none,0.8462296846745725,0,0.0,0
9121643,none,cycle,0,0.65,fixed,0,29,24,1,0,0,unknown,0.042417310932797804,30,1.097857382246032,36
9121643,motor,cycle,0,0.65,fixed,1,29,24,1,0,0,unknown,0.09953092756036827,30,1.2699260670261916,36
9121643,external,cycle,0,0.65,fixed,1,29,24,1,0,0,unknown,0.0670990986408372,30,1.1621211293121516,36
9121643,sensor,cycle,0,0.65,fixed,1,29,24,1,0,0,unknown,0.042417310932797804,30,1.097857382246032,36
9121643,motor_external,cycle,0,0.65,fixed,1,29,24,1,0,0,unknown,0.12620505682805758,30,1.3331751957054523,36
9121643,external_sensor,cycle,0,0.65,fixed,1,29,24,1,0,0,unknown,0.0670990986408372,30,1.1621211293121516,36
9121643,nonlinear,cycle,0,0.65,fixed,1,29,24,1,0,0,unknown,0.3888352580002435,30,1.5340034423972482,36
9121643,none,cycle,0,0.65,calibrated,0,29,,0,1,0,none,0.12808180019207244,30,0.0,0
9121643,motor,cycle,0,0.65,calibrated,1,29,,0,0,0,none,1.7548514688613692,30,0.0,0
9121643,external,cycle,0,0.65,calibrated,1,29,,0,0,0,none,1.337620425665583,30,0.0,0
9121643,sensor,cycle,0,0.65,calibrated,1,29,,0,0,0,none,0.12808180019207244,30,0.0,0
9121643,motor_external,cycle,0,0.65,calibrated,1,29,,0,0,0,none,2.96439009433488,30,0.0,0
9121643,external_sensor,cycle,0,0.65,calibrated,1,29,,0,0,0,none,1.337620425665583,30,0.0,0
9121643,nonlinear,cycle,0,0.65,calibrated,1,29,,0,0,0,none,0.8462296846745725,30,0.0,0
9121696,none,adaptive,1,0.13,fixed,0,30,,0,1,0,none,0.0022389381184729075,0,0.0,0
9121696,motor,adaptive,1,0.13,fixed,1,30,31,1,1,1,motor,0.0014507666965874228,21,0.033055238955296884,29
9121696,external,adaptive,1,0.13,fixed,1,30,31,1,1,1,external,0.0014507666965874189,21,0.033055238955296884,29
9121696,sensor,adaptive,1,0.13,fixed,1,30,31,1,1,1,sensor,0.0014507666965874221,21,0.033055238955296884,29
9121696,motor_external,adaptive,1,0.13,fixed,1,30,31,1,1,1,motor_external,0.0014507666965874095,21,0.03305523895529688,29
9121696,external_sensor,adaptive,1,0.13,fixed,1,30,31,1,1,1,external_sensor,0.0014507666965874189,21,0.033055238955296884,29
9121696,nonlinear,adaptive,1,0.13,fixed,1,30,31,1,0,0,unknown,0.3562180288209539,21,0.37294221157987545,29
9121696,none,adaptive,1,0.13,calibrated,0,30,,0,1,0,none,0.0022389381184729075,0,0.0,0
9121696,motor,adaptive,1,0.13,calibrated,1,30,31,1,1,1,motor,0.0014507666965874228,21,0.033055238955296884,29
9121696,external,adaptive,1,0.13,calibrated,1,30,31,1,1,1,external,0.0014507666965874189,21,0.033055238955296884,29
9121696,sensor,adaptive,1,0.13,calibrated,1,30,31,1,1,1,sensor,0.0014507666965874221,21,0.033055238955296884,29
9121696,motor_external,adaptive,1,0.13,calibrated,1,30,31,1,1,1,motor_external,0.0014507666965874095,21,0.03305523895529688,29
9121696,external_sensor,adaptive,1,0.13,calibrated,1,30,31,1,1,1,external_sensor,0.0014507666965874189,21,0.033055238955296884,29
9121696,nonlinear,adaptive,1,0.13,calibrated,1,30,31,1,0,0,unknown,0.3562180288209539,21,0.37294221157987545,29
9121696,none,cycle,1,0.13,fixed,0,30,,0,1,0,none,0.0022389381184729075,30,0.0,0
9121696,motor,cycle,1,0.13,fixed,1,30,32,1,1,1,motor,0.003880798998962968,30,0.029036507789422326,28
9121696,external,cycle,1,0.13,fixed,1,30,31,1,1,1,external,0.0036850635028423404,30,0.0309967797998644,29
9121696,sensor,cycle,1,0.13,fixed,1,30,31,1,1,1,sensor,0.0036850635028423478,30,0.030996779799864385,29
9121696,motor_external,cycle,1,0.13,fixed,1,30,31,1,1,1,motor_external,0.0036850635028423243,30,0.030996779799864392,29
9121696,external_sensor,cycle,1,0.13,fixed,1,30,31,1,1,1,external_sensor,0.0036850635028423404,30,0.0309967797998644,29
9121696,nonlinear,cycle,1,0.13,fixed,1,30,32,1,0,0,unknown,0.33887535199016305,30,0.4135925390023809,28
9121696,none,cycle,1,0.13,calibrated,0,30,,0,1,0,none,0.0022389381184729075,30,0.0,0
9121696,motor,cycle,1,0.13,calibrated,1,30,32,1,1,1,motor,0.003880798998962968,30,0.029036507789422326,28
9121696,external,cycle,1,0.13,calibrated,1,30,31,1,1,1,external,0.0036850635028423404,30,0.0309967797998644,29
9121696,sensor,cycle,1,0.13,calibrated,1,30,31,1,1,1,sensor,0.0036850635028423478,30,0.030996779799864385,29
9121696,motor_external,cycle,1,0.13,calibrated,1,30,31,1,1,1,motor_external,0.0036850635028423243,30,0.030996779799864392,29
9121696,external_sensor,cycle,1,0.13,calibrated,1,30,31,1,1,1,external_sensor,0.0036850635028423404,30,0.0309967797998644,29
9121696,nonlinear,cycle,1,0.13,calibrated,1,30,32,1,0,0,unknown,0.33887535199016305,30,0.4135925390023809,28
9121696,none,adaptive,0,0.13,fixed,0,30,,0,1,0,none,0.0022389381184729075,0,0.0,0
9121696,motor,adaptive,0,0.13,fixed,1,30,31,1,1,1,motor,0.0014507666965874228,21,0.033055238955296884,29
9121696,external,adaptive,0,0.13,fixed,1,30,31,1,0,0,undetermined,0.0014507666965874189,21,0.033055238955296884,29
9121696,sensor,adaptive,0,0.13,fixed,1,30,31,1,0,0,undetermined,0.0014507666965874221,21,0.033055238955296884,29
9121696,motor_external,adaptive,0,0.13,fixed,1,30,31,1,0,0,undetermined,0.0014507666965874095,21,0.03305523895529688,29
9121696,external_sensor,adaptive,0,0.13,fixed,1,30,31,1,0,0,undetermined,0.0014507666965874189,21,0.033055238955296884,29
9121696,nonlinear,adaptive,0,0.13,fixed,1,30,31,1,0,0,unknown,0.3562180288209539,21,0.37294221157987545,29
9121696,none,adaptive,0,0.13,calibrated,0,30,,0,1,0,none,0.0022389381184729075,0,0.0,0
9121696,motor,adaptive,0,0.13,calibrated,1,30,31,1,1,1,motor,0.0014507666965874228,21,0.033055238955296884,29
9121696,external,adaptive,0,0.13,calibrated,1,30,31,1,0,0,undetermined,0.0014507666965874189,21,0.033055238955296884,29
9121696,sensor,adaptive,0,0.13,calibrated,1,30,31,1,0,0,undetermined,0.0014507666965874221,21,0.033055238955296884,29
9121696,motor_external,adaptive,0,0.13,calibrated,1,30,31,1,0,0,undetermined,0.0014507666965874095,21,0.03305523895529688,29
9121696,external_sensor,adaptive,0,0.13,calibrated,1,30,31,1,0,0,undetermined,0.0014507666965874189,21,0.033055238955296884,29
9121696,nonlinear,adaptive,0,0.13,calibrated,1,30,31,1,0,0,unknown,0.3562180288209539,21,0.37294221157987545,29
9121696,none,cycle,0,0.13,fixed,0,30,,0,1,0,none,0.0022389381184729075,30,0.0,0
9121696,motor,cycle,0,0.13,fixed,1,30,32,1,1,1,motor,0.003880798998962968,30,0.029036507789422326,28
9121696,external,cycle,0,0.13,fixed,1,30,31,1,0,0,undetermined,0.0036850635028423404,30,0.0309967797998644,29
9121696,sensor,cycle,0,0.13,fixed,1,30,31,1,0,0,undetermined,0.0036850635028423478,30,0.030996779799864385,29
9121696,motor_external,cycle,0,0.13,fixed,1,30,32,1,0,0,undetermined,0.003880798998962954,30,0.02903650778942233,28
9121696,external_sensor,cycle,0,0.13,fixed,1,30,31,1,0,0,undetermined,0.0036850635028423404,30,0.0309967797998644,29
9121696,nonlinear,cycle,0,0.13,fixed,1,30,32,1,0,0,unknown,0.33887535199016305,30,0.4135925390023809,28
9121696,none,cycle,0,0.13,calibrated,0,30,,0,1,0,none,0.0022389381184729075,30,0.0,0
9121696,motor,cycle,0,0.13,calibrated,1,30,32,1,1,1,motor,0.003880798998962968,30,0.029036507789422326,28
9121696,external,cycle,0,0.13,calibrated,1,30,31,1,0,0,undetermined,0.0036850635028423404,30,0.0309967797998644,29
9121696,sensor,cycle,0,0.13,calibrated,1,30,31,1,0,0,undetermined,0.0036850635028423478,30,0.030996779799864385,29
9121696,motor_external,cycle,0,0.13,calibrated,1,30,32,1,0,0,undetermined,0.003880798998962954,30,0.02903650778942233,28
9121696,external_sensor,cycle,0,0.13,calibrated,1,30,31,1,0,0,undetermined,0.0036850635028423404,30,0.0309967797998644,29
9121696,nonlinear,cycle,0,0.13,calibrated,1,30,32,1,0,0,unknown,0.33887535199016305,30,0.4135925390023809,28
9121696,none,adaptive,1,0.35,fixed,0,30,27,1,1,1,none,0.005333381725830899,24,0.271823715769711,33
9121696,motor,adaptive,1,0.35,fixed,1,30,27,1,1,1,motor,0.025509020607181514,24,0.544675177785971,33
9121696,external,adaptive,1,0.35,fixed,1,30,27,1,1,1,external,0.01795390206166895,24,0.31286214655935973,33
9121696,sensor,adaptive,1,0.35,fixed,1,30,27,1,1,1,sensor,0.005333381725830899,24,0.271823715769711,33
9121696,motor_external,adaptive,1,0.35,fixed,1,30,27,1,1,1,motor_external,0.049107555386769634,24,0.6510029355960846,33
9121696,external_sensor,adaptive,1,0.35,fixed,1,30,27,1,1,1,external_sensor,0.01795390206166895,24,0.31286214655935973,33
9121696,nonlinear,adaptive,1,0.35,fixed,1,30,27,1,0,0,unknown,0.3478637106760608,24,0.6088102000696842,33
9121696,none,adaptive,1,0.35,calibrated,0,30,,0,1,0,none,0.016228989320291758,0,0.0,0
9121696,motor,adaptive,1,0.35,calibrated,1,30,40,1,1,1,motor,0.014867836616747569,15,0.24523079329792646,20
9121696,external,adaptive,1,0.35,calibrated,1,30,,0,0,0,none,0.9056142312706159,0,0.0,0
9121696,sensor,adaptive,1,0.35,calibrated,1,30,,0,0,0,none,0.016228989320291758,0,0.0,0
9121696,motor_external,adaptive,1,0.35,calibrated,1,30,38,1,1,1,motor_external,0.012620873717580139,16,0.23549519865780894,22
9121696,external_sensor,adaptive,1,0.35,calibrated,1,30,31,1,1,1,external_sensor,0.010515912445678042,21,0.23960158414342408,29
9121696,nonlinear,adaptive,1,0.35,calibrated,1,30,,0,0,0,none,0.5187718359350537,0,0.0,0
9121696,none,cycle,1,0.35,fixed,0,30,28,1,1,1,none,0.013723394298171671,30,0.27185703076204276,32
9121696,motor,cycle,1,0.35,fixed,1,30,28,1,1,1,motor,0.027828098591795452,30,0.27545415412235086,32
9121696,external,cycle,1,0.35,fixed,1,30,28,1,1,1,external,0.03367693975752877,30,0.27880151061574676,32
9121696,sensor,cycle,1,0.35,fixed,1,30,28,1,1,1,sensor,0.013723394298171671,30,0.27185703076204276,32
9121696,motor_external,cycle,1,0.35,fixed,1,30,28,1,1,1,motor_external,0.05712480897851789,30,0.3495526318914933,32
9121696,external_sensor,cycle,1,0.35,fixed,1,30,28,1,1,1,external_sensor,0.03367693975752877,30,0.27880151061574676,32
9121696,nonlinear,cycle,1,0.35,fixed,1,30,28,1,0,0,unknown,0.34576159909240406,30,0.7160260771979333,32
9121696,none,cycle,1,0.35,calibrated,0,30,,0,1,0,none,0.016228989320291758,30,0.0,0
9121696,motor,cycle,1,0.35,calibrated,1,30,55,1,0,0,undetermined,0.133293576141191,30,0.0795101340395727,5
9121696,external,cycle,1,0.35,calibrated,1,30,,0,0,0,none,0.9056142312706159,30,0.0,0
9121696,sensor,cycle,1,0.35,calibrated,1,30,,0,0,0,none,0.016228989320291758,30,0.0,0
9121696,motor_external,cycle,1,0.35,calibrated,1,30,33,1,1,1,motor_external,0.030440666223298045,30,0.21469067432479086,27
9121696,external_sensor,cycle,1,0.35,calibrated,1,30,31,1,1,1,external_sensor,0.026711259118235908,30,0.22468080032446083,29
9121696,nonlinear,cycle,1,0.35,calibrated,1,30,,0,0,0,none,0.5187718359350537,30,0.0,0
9121696,none,adaptive,0,0.35,fixed,0,30,24,1,1,1,none,0.013038305781205645,27,0.25195137902556924,36
9121696,motor,adaptive,0,0.35,fixed,1,30,24,1,1,1,motor,0.038917432589908575,27,0.40136179741010214,36
9121696,external,adaptive,0,0.35,fixed,1,30,24,1,0,0,undetermined,0.04030968909671908,27,0.3284153810483283,36
9121696,sensor,adaptive,0,0.35,fixed,1,30,24,1,0,0,undetermined,0.013038305781205645,27,0.25195137902556924,36
9121696,motor_external,adaptive,0,0.35,fixed,1,30,24,1,0,0,undetermined,0.06618881590542193,27,0.4778257994328612,36
9121696,external_sensor,adaptive,0,0.35,fixed,1,30,24,1,0,0,undetermined,0.04030968909671908,27,0.3284153810483283,36
9121696,nonlinear,adaptive,0,0.35,fixed,1,30,24,1,0,0,unknown,0.3492685988247815,27,0.6340032331070993,36
9121696,none,adaptive,0,0.35,calibrated,0,30,,0,1,0,none,0.016228989320291758,0,0.0,0
9121696,motor,adaptive,0,0.35,calibrated,1,30,34,1,1,1,motor,0.0047285288271621964,19,0.23863528921573102,26
9121696,external,adaptive,0,0.35,calibrated,1,30,34,1,0,0,undetermined,0.004728528827162203,19,0.238635289215731,26
9121696,sensor,adaptive,0,0.35,calibrated,1,30,34,1,0,0,undetermined,0.004728528827162221,19,0.238635289215731,26
9121696,motor_external,adaptive,0,0.35,calibrated,1,30,31,1,0,0,undetermined,0.010515912445678014,21,0.23960158414342408,29
9121696,external_sensor,adaptive,0,0.35,calibrated,1,30,31,1,0,0,undetermined,0.010515912445678042,21,0.23960158414342408,29
9121696,nonlinear,adaptive,0,0.35,calibrated,1,30,,0,0,0,none,0.5187718359350537,0,0.0,0
9121696,none,cycle,0,0.35,fixed,0,30,38,1,1,1,none,0.044937894611529416,30,0.2021946749433986,22
9121696,motor,cycle,0,0.35,fixed,1,30,32,1,1,1,motor,0.028130051915559767,30,0.2104717280594221,28
9121696,external,cycle,0,0.35,fixed,1,30,31,1,0,0,undetermined,0.026711259118235908,30,0.22468080032446083,29
9121696,sensor,cycle,0,0.35,fixed,1,30,31,1,0,0,undetermined,0.026711259118235915,30,0.2246808003244608,29
9121696,motor_external,cycle,0,0.35,fixed,1,30,31,1,0,0,undetermined,0.02671125911823588,30,0.2246808003244608,29
9121696,external_sensor,cycle,0,0.35,fixed,1,30,31,1,0,0,undetermined,0.026711259118235908,30,0.22468080032446083,29
9121696,nonlinear,cycle,0,0.35,fixed,1,30,32,1,0,0,unknown,0.3610781679701409,30,0.6759013335175128,28
9121696,none,cycle,0,0.35,calibrated,0,30,,0,1,0,none,0.016228989320291758,30,0.0,0
9121696,motor,cycle,0,0.35,calibrated,1,30,35,1,1,1,motor,0.03101663965964273,30,0.21009448099057945,25
9121696,external,cycle,0,0.35,calibrated,1,30,,0,0,0,none,0.9056142312706159,30,0.0,0
9121696,sensor,cycle,0,0.35,calibrated,1,30,,0,0,0,none,0.016228989320291758,30,0.0,0
9121696,motor_external,cycle,0,0.35,calibrated,1,30,38,1,0,0,undetermined,0.04493789461152938,30,0.20219467494339857,22
9121696,external_sensor,cycle,0,0.35,calibrated,1,30,31,1,0,0,undetermined,0.026711259118235908,30,0.22468080032446083,29
9121696,nonlinear,cycle,0,0.35,calibrated,1,30,40,1,0,0,undetermined,0.39399763620027317,30,0.6507889763248784,20
9121696,none,adaptive,1,0.65,fixed,0,30,24,1,0,0,unknown,0.04496885055150514,27,0.8689751643943103,36
9121696,motor,adaptive,1,0.65,fixed,1,30,24,1,0,0,unknown,0.05070204372533967,27,0.9136474228756389,36
9121696,external,adaptive,1,0.65,fixed,1,30,24,1,0,0,unknown,0.0763299909946015,27,0.9145511681508629,36
9121696,sensor,adaptive,1,0.65,fixed,1,30,24,1,0,0,unknown,0.04496885055150514,27,0.8689751643943103,36
9121696,motor_external,adaptive,1,0.65,fixed,1,30,24,1,0,0,unknown,0.08206318416843598,27,0.9592234266321914,36
9121696,external_sensor,adaptive,1,0.65,fixed,1,30,24,1,0,0,unknown,0.0763299909946015,27,0.9145511681508629,36
9121696,nonlinear,adaptive,1,0.65,fixed,1,30,24,1,0,0,unknown,0.38201426250015674,27,1.2909537399637125,36
9121696,none,adaptive,1,0.65,calibrated,0,30,,0,1,0,none,0.05597345296182256,0,0.0,0
9121696,motor,adaptive,1,0.65,calibrated,1,30,,0,0,0,none,1.5213125665974048,0,0.0,0
9121696,external,adaptive,1,0.65,calibrated,1,30,,0,0,0,none,1.0134031880124241,0,0.0,0
9121696,sensor,adaptive,1,0.65,calibrated,1,30,,0,0,0,none,0.05597345296182256,0,0.0,0
9121696,motor_external,adaptive,1,0.65,calibrated,1,30,,0,0,0,none,2.478742301648006,0,0.0,0
9121696,external_sensor,adaptive,1,0.65,calibrated,1,30,,0,0,0,none,1.0134031880124241,0,0.0,0
9121696,nonlinear,adaptive,1,0.65,calibrated,1,30,,0,0,0,none,0.5118387395320951,0,0.0,0
9121696,none,cycle,1,0.65,fixed,0,30,24,1,0,0,unknown,0.03523090076893192,30,0.8854950448241878,36
9121696,motor,cycle,1,0.65,fixed,1,30,24,1,0,0,unknown,0.08451593872991078,30,0.9086783129541964,36
9121696,external,cycle,1,0.65,fixed,1,30,24,1,0,0,unknown,0.07343099626518042,30,0.921734307871643,36
9121696,sensor,cycle,1,0.65,fixed,1,30,24,1,0,0,unknown,0.03523090076893192,30,0.8854950448241878,36
9121696,motor_external,cycle,1,0.65,fixed,1,30,24,1,0,0,unknown,0.12212291317877158,30,0.9435583402680545,36
9121696,external_sensor,cycle,1,0.65,fixed,1,30,24,1,0,0,unknown,0.07343099626518042,30,0.921734307871643,36
9121696,nonlinear,cycle,1,0.65,fixed,1,30,24,1,0,0,unknown,0.3563638388449671,30,1.3625838888830435,36
9121696,none,cycle,1,0.65,calibrated,0,30,,0,1,0,none,0.05597345296182256,30,0.0,0
9121696,motor,cycle,1,0.65,calibrated,1,30,,0,0,0,none,1.5213125665974048,30,0.0,0
9121696,external,cycle,1,0.65,calibrated,1,30,,0,0,0,none,1.0134031880124241,30,0.0,0
9121696,sensor,cycle,1,0.65,calibrated,1,30,,0,0,0,none,0.05597345296182256,30,0.0,0
9121696,motor_external,cycle,1,0.65,calibrated,1,30,,0,0,0,none,2.478742301648006,30,0.0,0
9121696,external_sensor,cycle,1,0.65,calibrated,1,30,,0,0,0,none,1.0134031880124241,30,0.0,0
9121696,nonlinear,cycle,1,0.65,calibrated,1,30,,0,0,0,none,0.5118387395320951,30,0.0,0
9121696,none,adaptive,0,0.65,fixed,0,30,24,1,0,0,unknown,0.04496885055150514,27,0.8689751643943103,36
9121696,motor,adaptive,0,0.65,fixed,1,30,24,1,0,0,unknown,0.05070204372533967,27,0.9136474228756389,36
9121696,external,adaptive,0,0.65,fixed,1,30,24,1,0,0,unknown,0.0763299909946015,27,0.9145511681508629,36
9121696,sensor,adaptive,0,0.65,fixed,1,30,24,1,0,0,unknown,0.04496885055150514,27,0.8689751643943103,36
9121696,motor_external,adaptive,0,0.65,fixed,1,30,24,1,0,0,unknown,0.08206318416843598,27,0.9592234266321914,36
9121696,external_sensor,adaptive,0,0.65,fixed,1,30,24,1,0,0,unknown,0.0763299909946015,27,0.9145511681508629,36
9121696,nonlinear,adaptive,0,0.65,fixed,1,30,24,1,0,0,unknown,0.38201426250015674,27,1.2909537399637125,36
9121696,none,adaptive,0,0.65,calibrated,0,30,,0,1,0,none,0.05597345296182256,0,0.0,0
9121696,motor,adaptive,0,0.65,calibrated,1,30,,0,0,0,none,1.5213125665974048,0,0.0,0
9121696,external,adaptive,0,0.65,calibrated,1,30,,0,0,0,none,1.0134031880124241,0,0.0,0
9121696,sensor,adaptive,0,0.65,calibrated,1,30,,0,0,0,none,0.05597345296182256,0,0.0,0
9121696,motor_external,adaptive,0,0.65,calibrated,1,30,,0,0,0,none,2.478742301648006,0,0.0,0
9121696,external_sensor,adaptive,0,0.65,calibrated,1,30,34,1,0,0,undetermined,0.016308599424294173,19,0.8230482423971133,26
9121696,nonlinear,adaptive,0,0.65,calibrated,1,30,,0,0,0,none,0.5118387395320951,0,0.0,0
9121696,none,cycle,0,0.65,fixed,0,30,24,1,0,0,unknown,0.03523090076893192,30,0.8854950448241878,36
9121696,motor,cycle,0,0.65,fixed,1,30,24,1,0,0,unknown,0.08451593872991078,30,0.9086783129541964,36
9121696,external,cycle,0,0.65,fixed,1,30,24,1,0,0,unknown,0.07343099626518042,30,0.921734307871643,36
9121696,sensor,cycle,0,0.65,fixed,1,30,24,1,0,0,unknown,0.03523090076893192,30,0.8854950448241878,36
9121696,motor_external,cycle,0,0.65,fixed,1,30,24,1,0,0,unknown,0.12212291317877158,30,0.9435583402680545,36
9121696,external_sensor,cycle,0,0.65,fixed,1,30,24,1,0,0,unknown,0.07343099626518042,30,0.921734307871643,36
9121696,nonlinear,cycle,0,0.65,fixed,1,30,24,1,0,0,unknown,0.3563638388449671,30,1.3625838888830435,36
9121696,none,cycle,0,0.65,calibrated,0,30,,0,1,0,none,0.05597345296182256,30,0.0,0
9121696,motor,cycle,0,0.65,calibrated,1,30,,0,0,0,none,1.5213125665974048,30,0.0,0
9121696,external,cycle,0,0.65,calibrated,1,30,,0,0,0,none,1.0134031880124241,30,0.0,0
9121696,sensor,cycle,0,0.65,calibrated,1,30,,0,0,0,none,0.05597345296182256,30,0.0,0
9121696,motor_external,cycle,0,0.65,calibrated,1,30,,0,0,0,none,2.478742301648006,30,0.0,0
9121696,external_sensor,cycle,0,0.65,calibrated,1,30,,0,0,0,none,1.0134031880124241,30,0.0,0
9121696,nonlinear,cycle,0,0.65,calibrated,1,30,,0,0,0,none,0.5118387395320951,30,0.0,0
9121749,none,adaptive,1,0.13,fixed,0,29,,0,1,0,none,0.006531498096464379,0,0.0,0
9121749,motor,adaptive,1,0.13,fixed,1,29,30,1,1,1,motor,0.0037672302561481915,22,0.03631150230168586,30
9121749,external,adaptive,1,0.13,fixed,1,29,30,1,1,1,external,0.00376723025614817,22,0.036311502301685866,30
9121749,sensor,adaptive,1,0.13,fixed,1,29,30,1,1,1,sensor,0.003767230256148165,22,0.03631150230168586,30
9121749,motor_external,adaptive,1,0.13,fixed,1,29,30,1,1,1,motor_external,0.003767230256148195,22,0.03631150230168585,30
9121749,external_sensor,adaptive,1,0.13,fixed,1,29,30,1,1,1,external_sensor,0.00376723025614817,22,0.036311502301685866,30
9121749,nonlinear,adaptive,1,0.13,fixed,1,29,30,1,0,0,unknown,0.35550424715786755,22,0.39918701171992166,30
9121749,none,adaptive,1,0.13,calibrated,0,29,,0,1,0,none,0.006531498096464379,0,0.0,0
9121749,motor,adaptive,1,0.13,calibrated,1,29,30,1,1,1,motor,0.0037672302561481915,22,0.03631150230168586,30
9121749,external,adaptive,1,0.13,calibrated,1,29,30,1,1,1,external,0.00376723025614817,22,0.036311502301685866,30
9121749,sensor,adaptive,1,0.13,calibrated,1,29,30,1,1,1,sensor,0.003767230256148165,22,0.03631150230168586,30
9121749,motor_external,adaptive,1,0.13,calibrated,1,29,30,1,1,1,motor_external,0.003767230256148195,22,0.03631150230168585,30
9121749,external_sensor,adaptive,1,0.13,calibrated,1,29,30,1,1,1,external_sensor,0.00376723025614817,22,0.036311502301685866,30
9121749,nonlinear,adaptive,1,0.13,calibrated,1,29,30,1,0,0,unknown,0.35550424715786755,22,0.39918701171992166,30
9121749,none,cycle,1,0.13,fixed,0,29,,0,1,0,none,0.006531498096464379,30,0.0,0
9121749,motor,cycle,1,0.13,fixed,1,29,30,1,1,1,motor,0.004980264084934051,30,0.03564012402387853,30
9121749,external,cycle,1,0.13,fixed,1,29,30,1,1,1,external,0.004980264084934036,30,0.035640124023878526,30
9121749,sensor,cycle,1,0.13,fixed,1,29,30,1,1,1,sensor,0.004980264084934041,30,0.035640124023878526,30
9121749,motor_external,cycle,1,0.13,fixed,1,29,30,1,1,1,motor_external,0.004980264084934054,30,0.03564012402387853,30
9121749,external_sensor,cycle,1,0.13,fixed,1,29,30,1,1,1,external_sensor,0.004980264084934036,30,0.035640124023878526,30
9121749,nonlinear,cycle,1,0.13,fixed,1,29,30,1,0,0,unknown,0.339180264084934,30,0.3495122800485782,30
9121749,none,cycle,1,0.13,calibrated,0,29,,0,1,0,none,0.006531498096464379,30,0.0,0
9121749,motor,cycle,1,0.13,calibrated,1,29,30,1,1,1,motor,0.004980264084934051,30,0.03564012402387853,30
9121749,external,cycle,1,0.13,calibrated,1,29,30,1,1,1,external,0.004980264084934036,30,0.035640124023878526,30
9121749,sensor,cycle,1,0.13,calibrated,1,29,30,1,1,1,sensor,0.004980264084934041,30,0.035640124023878526,30
9121749,motor_external,cycle,1,0.13,calibrated,1,29,30,1,1,1,motor_external,0.004980264084934054,30,0.03564012402387853,30
9121749,external_sensor,cycle,1,0.13,calibrated,1,29,30,1,1,1,external_sensor,0.004980264084934036,30,0.035640124023878526,30
9121749,nonlinear,cycle,1,0.13,calibrated,1,29,30,1,0,0,unknown,0.339180264084934,30,0.3495122800485782,30
9121749,none,adaptive,0,0.13,fixed,0,29,,0,1,0,none,0.006531498096464379,0,0.0,0
9121749,motor,adaptive,0,0.13,fixed,1,29,30,1,1,1,motor,0.0037672302561481915,22,0.03631150230168586,30
9121749,external,adaptive,0,0.13,fixed,1,29,30,1,0,0,undetermined,0.00376723025614817,22,0.036311502301685866,30
9121749,sensor,adaptive,0,0.13,fixed,1,29,30,1,0,0,undetermined,0.003767230256148165,22,0.03631150230168586,30
9121749,motor_external,adaptive,0,0.13,fixed,1,29,30,1,0,0,undetermined,0.003767230256148195,22,0.03631150230168585,30
9121749,external_sensor,adaptive,0,0.13,fixed,1,29,30,1,0,0,undetermined,0.00376723025614817,22,0.036311502301685866,30
9121749,nonlinear,adaptive,0,0.13,fixed,1,29,30,1,0,0,unknown,0.35550424715786755,22,0.39918701171992166,30
9121749,none,adaptive,0,0.13,calibrated,0,29,,0,1,0,none,0.006531498096464379,0,0.0,0
9121749,motor,adaptive,0,0.13,calibrated,1,29,30,1,1,1,motor,0.0037672302561481915,22,0.03631150230168586,30
9121749,external,adaptive,0,0.13,calibrated,1,29,30,1,0,0,undetermined,0.00376723025614817,22,0.036311502301685866,30
9121749,sensor,adaptive,0,0.13,calibrated,1,29,30,1,0,0,undetermined,0.003767230256148165,22,0.03631150230168586,30
9121749,motor_external,adaptive,0,0.13,calibrated,1,29,30,1,0,0,undetermined,0.003767230256148195,22,0.03631150230168585,30
9121749,external_sensor,adaptive,0,0.13,calibrated,1,29,30,1,0,0,undetermined,0.00376723025614817,22,0.036311502301685866,30
9121749,nonlinear,adaptive,0,0.13,calibrated,1,29,30,1,0,0,unknown,0.35550424715786755,22,0.39918701171992166,30
9121749,none,cycle,0,0.13,fixed,0,29,,0,1,0,none,0.006531498096464379,30,0.0,0
9121749,motor,cycle,0,0.13,fixed,1,29,30,1,1,1,motor,0.004980264084934051,30,0.03564012402387853,30
9121749,external,cycle,0,0.13,fixed,1,29,30,1,0,0,undetermined,0.004980264084934036,30,0.035640124023878526,30
9121749,sensor,cycle,0,0.13,fixed,1,29,30,1,0,0,undetermined,0.004980264084934041,30,0.035640124023878526,30
9121749,motor_external,cycle,0,0.13,fixed,1,29,30,1,0,0,undetermined,0.004980264084934054,30,0.03564012402387853,30
9121749,external_sensor,cycle,0,0.13,fixed,1,29,30,1,0,0,undetermined,0.004980264084934036,30,0.035640124023878526,30
9121749,nonlinear,cycle,0,0.13,fixed,1,29,30,1,0,0,unknown,0.339180264084934,30,0.3495122800485782,30
9121749,none,cycle,0,0.13,calibrated,0,29,,0,1,0,none,0.006531498096464379,30,0.0,0
9121749,motor,cycle,0,0.13,calibrated,1,29,30,1,1,1,motor,0.004980264084934051,30,0.03564012402387853,30
9121749,external,cycle,0,0.13,calibrated,1,29,30,1,0,0,undetermined,0.004980264084934036,30,0.035640124023878526,30
9121749,sensor,cycle,0,0.13,calibrated,1,29,30,1,0,0,undetermined,0.004980264084934041,30,0.035640124023878526,30
9121749,motor_external,cycle,0,0.13,calibrated,1,29,30,1,0,0,undetermined,0.004980264084934054,30,0.03564012402387853,30
9121749,external_sensor,cycle,0,0.13,calibrated,1,29,30,1,0,0,undetermined,0.004980264084934036,30,0.035640124023878526,30
9121749,nonlinear,cycle,0,0.13,calibrated,1,29,30,1,0,0,unknown,0.339180264084934,30,0.3495122800485782,30
9121749,none,adaptive,1,0.35,fixed,0,29,34,1,0,0,unknown,0.016491178781835363,19,0.2530074738080538,26
9121749,motor,adaptive,1,0.35,fixed,1,29,30,1,0,0,unknown,0.027306846531251656,22,0.2632046764471312,30
9121749,external,adaptive,1,0.35,fixed,1,29,30,1,0,0,unknown,0.027306846531251604,22,0.2632046764471312,30
9121749,sensor,adaptive,1,0.35,fixed,1,29,33,1,0,0,unknown,0.015584582402813508,20,0.28729674899783086,27
9121749,motor_external,adaptive,1,0.35,fixed,1,29,30,1,0,0,unknown,0.027306846531251726,22,0.26320467644713114,30
9121749,external_sensor,adaptive,1,0.35,fixed,1,29,30,1,0,0,unknown,0.027306846531251604,22,0.2632046764471312,30
9121749,nonlinear,adaptive,1,0.35,fixed,1,29,31,1,0,0,unknown,0.3729547168799022,21,0.6976570592730756,29
9121749,none,adaptive,1,0.35,calibrated,0,29,,0,1,0,none,0.047343699219933984,0,0.0,0
9121749,motor,adaptive,1,0.35,calibrated,1,29,30,1,1,1,motor,0.027306846531251656,22,0.2632046764471312,30
9121749,external,adaptive,1,0.35,calibrated,1,29,,0,0,0,none,0.5348655001031176,0,0.0,0
9121749,sensor,adaptive,1,0.35,calibrated,1,29,49,1,1,1,sensor,0.04736732757328445,8,0.13454393543010534,11
9121749,motor_external,adaptive,1,0.35,calibrated,1,29,30,1,1,1,motor_external,0.027306846531251726,22,0.26320467644713114,30
9121749,external_sensor,adaptive,1,0.35,calibrated,1,29,49,1,1,1,external_sensor,0.04736732757328442,8,0.13454393543010534,11
9121749,nonlinear,adaptive,1,0.35,calibrated,1,29,,0,0,0,none,0.4497331233303023,0,0.0,0
9121749,none,cycle,1,0.35,fixed,0,29,34,1,1,1,none,0.043559179258087846,30,0.23046273145189836,26
9121749,motor,cycle,1,0.35,fixed,1,29,30,1,1,1,motor,0.03609954736120836,30,0.2583381770961609,30
9121749,external,cycle,1,0.35,fixed,1,29,30,1,1,1,external,0.036099547361208295,30,0.25833817709616086,30
9121749,sensor,cycle,1,0.35,fixed,1,29,33,1,1,1,sensor,0.03376335873137365,30,0.2683536086725377,27
9121749,motor_external,cycle,1,0.35,fixed,1,29,30,1,1,1,motor_external,0.036099547361208316,30,0.2583381770961609,30
9121749,external_sensor,cycle,1,0.35,fixed,1,29,30,1,1,1,external_sensor,0.036099547361208295,30,0.25833817709616086,30
9121749,nonlinear,cycle,1,0.35,fixed,1,29,32,1,0,0,unknown,0.37146545032694234,30,0.5343504803113726,28
9121749,none,cycle,1,0.35,calibrated,0,29,,0,1,0,none,0.047343699219933984,30,0.0,0
9121749,motor,cycle,1,0.35,calibrated,1,29,33,1,1,1,motor,0.03376335873137369,30,0.26835360867253777,27
9121749,external,cycle,1,0.35,calibrated,1,29,,0,0,0,none,0.5348655001031176,30,0.0,0
9121749,sensor,cycle,1,0.35,calibrated,1,29,49,1,1,1,sensor,0.07057901356667619,30,0.1329422929627959,11
9121749,motor_external,cycle,1,0.35,calibrated,1,29,33,1,1,1,motor_external,0.0337633587313737,30,0.2683536086725377,27
9121749,external_sensor,cycle,1,0.35,calibrated,1,29,49,1,1,1,external_sensor,0.07057901356667629,30,0.1329422929627959,11
9121749,nonlinear,cycle,1,0.35,calibrated,1,29,34,1,0,1,none,0.3799357518960547,30,0.47595848605712515,26
9121749,none,adaptive,0,0.35,fixed,0,29,29,1,1,1,none,0.02464838980010817,23,0.2673113597263967,31
9121749,motor,adaptive,0,0.35,fixed,1,29,29,1,1,1,motor,0.024648389800108174,23,0.26731135972639675,31
9121749,external,adaptive,0,0.35,fixed,1,29,29,1,0,0,undetermined,0.024648389800108087,23,0.26731135972639675,31
9121749,sensor,adaptive,0,0.35,fixed,1,29,29,1,0,0,undetermined,0.02464838980010817,23,0.2673113597263967,31
9121749,motor_external,adaptive,0,0.35,fixed,1,29,29,1,0,0,undetermined,0.024648389800108104,23,0.2673113597263968,31
9121749,external_sensor,adaptive,0,0.35,fixed,1,29,29,1,0,0,undetermined,0.024648389800108087,23,0.26731135972639675,31
9121749,nonlinear,adaptive,0,0.35,fixed,1,29,29,1,0,0,unknown,0.371039507701863,23,0.5192507193282015,31
9121749,none,adaptive,0,0.35,calibrated,0,29,,0,1,0,none,0.047343699219933984,0,0.0,0
9121749,motor,adaptive,0,0.35,calibrated,1,29,30,1,1,1,motor,0.027306846531251656,22,0.2632046764471312,30
9121749,external,adaptive,0,0.35,calibrated,1,29,,0,0,0,none,0.5348655001031176,0,0.0,0
9121749,sensor,adaptive,0,0.35,calibrated,1,29,,0,0,0,none,0.047343699219933984,0,0.0,0
9121749,motor_external,adaptive,0,0.35,calibrated,1,29,30,1,0,0,undetermined,0.027306846531251726,22,0.26320467644713114,30
9121749,external_sensor,adaptive,0,0.35,calibrated,1,29,30,1,0,0,undetermined,0.027306846531251604,22,0.2632046764471312,30
9121749,nonlinear,adaptive,0,0.35,calibrated,1,29,,0,0,0,none,0.4497331233303023,0,0.0,0
9121749,none,cycle,0,0.35,fixed,0,29,,0,1,0,none,0.047343699219933984,30,0.0,0
9121749,motor,cycle,0,0.35,fixed,1,29,29,1,1,1,motor,0.03539066845993794,30,0.2575880587990755,31
9121749,external,cycle,0,0.35,fixed,1,29,29,1,0,0,undetermined,0.035390668459938004,30,0.25758805879907554,31
9121749,sensor,cycle,0,0.35,fixed,1,29,29,1,0,0,undetermined,0.035390668459938004,30,0.2575880587990755,31
9121749,motor_external,cycle,0,0.35,fixed,1,29,29,1,0,0,undetermined,0.035390668459937935,30,0.2575880587990755,31
9121749,external_sensor,cycle,0,0.35,fixed,1,29,29,1,0,0,undetermined,0.035390668459938004,30,0.25758805879907554,31
9121749,nonlinear,cycle,0,0.35,fixed,1,29,29,1,0,0,unknown,0.36927801808335203,30,0.5218068398065501,31
9121749,none,cycle,0,0.35,calibrated,0,29,,0,1,0,none,0.047343699219933984,30,0.0,0
9121749,motor,cycle,0,0.35,calibrated,1,29,33,1,1,1,motor,0.03376335873137369,30,0.26835360867253777,27
9121749,external,cycle,0,0.35,calibrated,1,29,,0,0,0,none,0.5348655001031176,30,0.0,0
9121749,sensor,cycle,0,0.35,calibrated,1,29,,0,0,0,none,0.047343699219933984,30,0.0,0
9121749,motor_external,cycle,0,0.35,calibrated,1,29,33,1,0,0,undetermined,0.0337633587313737,30,0.2683536086725377,27
9121749,external_sensor,cycle,0,0.35,calibrated,1,29,30,1,0,0,undetermined,0.036099547361208295,30,0.25833817709616086,30
9121749,nonlinear,cycle,0,0.35,calibrated,1,29,,0,0,0,none,0.4497331233303023,30,0.0,0
9121749,none,adaptive,1,0.65,fixed,0,29,25,1,0,0,unknown,0.09041802256332904,26,0.846135084104314,35
9121749,motor,adaptive,1,0.65,fixed,1,29,25,1,0,0,unknown,0.1259829818778614,26,1.0980291793208343,35
9121749,external,adaptive,1,0.65,fixed,1,29,25,1,0,0,unknown,0.05389983034925566,26,0.9038560174776881,35
9121749,sensor,adaptive,1,0.65,fixed,1,29,25,1,0,0,unknown,0.09041802256332904,26,0.846135084104314,35
9121749,motor_external,adaptive,1,0.65,fixed,1,29,25,1,0,0,unknown,0.08809940235229063,26,1.1564976150564474,35
9121749,external_sensor,adaptive,1,0.65,fixed,1,29,25,1,0,0,unknown,0.05389983034925566,26,0.9038560174776881,35
9121749,nonlinear,adaptive,1,0.65,fixed,1,29,25,1,0,0,unknown,0.41772125460922654,26,1.0390992285613367,35
9121749,none,adaptive,1,0.65,calibrated,0,29,,0,1,0,none,0.16328745241160914,0,0.0,0
9121749,motor,adaptive,1,0.65,calibrated,1,29,,0,0,0,none,2.0276590175984035,0,0.0,0
9121749,external,adaptive,1,0.65,calibrated,1,29,,0,0,0,none,0.3743993683375217,0,0.0,0
9121749,sensor,adaptive,1,0.65,calibrated,1,29,,0,0,0,none,0.16328745241160914,0,0.0,0
9121749,motor_external,adaptive,1,0.65,calibrated,1,29,30,1,1,1,motor_external,0.09418075640370474,22,0.9077875575421466,30
9121749,external_sensor,adaptive,1,0.65,calibrated,1,29,,0,0,0,none,0.3743993683375217,0,0.0,0
9121749,nonlinear,adaptive,1,0.65,calibrated,1,29,,0,0,0,none,0.43315352575943605,0,0.0,0
9121749,none,cycle,1,0.65,fixed,0,29,24,1,0,0,unknown,0.10652688101674594,30,0.8084537124803783,36
9121749,motor,cycle,1,0.65,fixed,1,29,24,1,0,0,unknown,0.15821265720802244,30,0.9103923324065922,36
9121749,external,cycle,1,0.65,fixed,1,29,24,1,0,0,unknown,0.0689901966419039,30,0.8938023025568143,36
9121749,sensor,cycle,1,0.65,fixed,1,29,24,1,0,0,unknown,0.10652688101674594,30,0.8084537124803783,36
9121749,motor_external,cycle,1,0.65,fixed,1,29,24,1,0,0,unknown,0.12234079170907994,30,0.9948930980554862,36
9121749,external_sensor,cycle,1,0.65,fixed,1,29,24,1,0,0,unknown,0.0689901966419039,30,0.8938023025568143,36
9121749,nonlinear,cycle,1,0.65,fixed,1,29,24,1,0,0,unknown,0.4395889201565037,30,1.0236259730254895,36
9121749,none,cycle,1,0.65,calibrated,0,29,,0,1,0,none,0.16328745241160914,30,0.0,0
9121749,motor,cycle,1,0.65,calibrated,1,29,,0,0,0,none,2.0276590175984035,30,0.0,0
9121749,external,cycle,1,0.65,calibrated,1,29,,0,0,0,none,0.3743993683375217,30,0.0,0
9121749,sensor,cycle,1,0.65,calibrated,1,29,,0,0,0,none,0.16328745241160914,30,0.0,0
9121749,motor_external,cycle,1,0.65,calibrated,1,29,33,1,1,1,motor_external,0.11644913521637024,30,0.9255461197073243,27
9121749,external_sensor,cycle,1,0.65,calibrated,1,29,,0,0,0,none,0.3743993683375217,30,0.0,0
9121749,nonlinear,cycle,1,0.65,calibrated,1,29,,0,0,0,none,0.43315352575943605,30,0.0,0
9121749,none,adaptive,0,0.65,fixed,0,29,24,1,0,0,unknown,0.10480548122313345,27,0.7996845653761344,36
9121749,motor,adaptive,0,0.65,fixed,1,29,24,1,0,0,unknown,0.1186135567862946,27,1.1024465405018629,36
9121749,external,adaptive,0,0.65,fixed,1,29,24,1,0,0,unknown,0.07053801525272071,27,0.8810458334026717,36
9121749,sensor,adaptive,0,0.65,fixed,1,29,24,1,0,0,unknown,0.10480548122313345,27,0.7996845653761344,36
9121749,motor_external,adaptive,0,0.65,fixed,1,29,24,1,0,0,unknown,0.09678603023577,27,1.2155423478648495,36
9121749,external_sensor,adaptive,0,0.65,fixed,1,29,24,1,0,0,unknown,0.07053801525272071,27,0.8810458334026717,36
9121749,nonlinear,adaptive,0,0.65,fixed,1,29,24,1,0,0,unknown,0.44953292143681073,27,1.0635199053016549,36
9121749,none,adaptive,0,0.65,calibrated,0,29,,0,1,0,none,0.16328745241160914,0,0.0,0
9121749,motor,adaptive,0,0.65,calibrated,1,29,,0,0,0,none,2.0276590175984035,0,0.0,0
9121749,external,adaptive,0,0.65,calibrated,1,29,,0,0,0,none,0.3743993683375217,0,0.0,0
9121749,sensor,adaptive,0,0.65,calibrated,1,29,,0,0,0,none,0.16328745241160914,0,0.0,0
9121749,motor_external,adaptive,0,0.65,calibrated,1,29,35,1,0,0,undetermined,0.07476408749875937,18,0.8371508830837991,25
9121749,external_sensor,adaptive,0,0.65,calibrated,1,29,49,1,0,0,undetermined,0.16336894612010305,8,0.4640392875038328,11
9121749,nonlinear,adaptive,0,0.65,calibrated,1,29,,0,0,0,none,0.43315352575943605,0,0.0,0
9121749,none,cycle,0,0.65,fixed,0,29,24,1,0,0,unknown,0.10652688101674594,30,0.8084537124803783,36
9121749,motor,cycle,0,0.65,fixed,1,29,24,1,0,0,unknown,0.15821265720802244,30,0.9103923324065922,36
9121749,external,cycle,0,0.65,fixed,1,29,24,1,0,0,unknown,0.0689901966419039,30,0.8938023025568143,36
9121749,sensor,cycle,0,0.65,fixed,1,29,24,1,0,0,unknown,0.10652688101674594,30,0.8084537124803783,36
9121749,motor_external,cycle,0,0.65,fixed,1,29,24,1,0,0,unknown,0.12234079170907994,30,0.9948930980554862,36
9121749,external_sensor,cycle,0,0.65,fixed,1,29,24,1,0,0,unknown,0.0689901966419039,30,0.8938023025568143,36
9121749,nonlinear,cycle,0,0.65,fixed,1,29,24,1,0,0,unknown,0.4395889201565037,30,1.0236259730254895,36
9121749,none,cycle,0,0.65,calibrated,0,29,,0,1,0,none,0.16328745241160914,30,0.0,0
9121749,motor,cycle,0,0.65,calibrated,1,29,,0,0,0,none,2.0276590175984035,30,0.0,0
9121749,external,cycle,0,0.65,calibrated,1,29,,0,0,0,none,0.3743993683375217,30,0.0,0
9121749,sensor,cycle,0,0.65,calibrated,1,29,,0,0,0,none,0.16328745241160914,30,0.0,0
9121749,motor_external,cycle,0,0.65,calibrated,1,29,38,1,0,0,undetermined,0.14666664628563278,30,0.6106571750371447,22
9121749,external_sensor,cycle,0,0.65,calibrated,1,29,,0,0,0,none,0.3743993683375217,30,0.0,0
9121749,nonlinear,cycle,0,0.65,calibrated,1,29,,0,0,0,none,0.43315352575943605,30,0.0,0
9121802,none,adaptive,1,0.13,fixed,0,32,,0,1,0,none,0.016936426455400506,0,0.0,0
9121802,motor,adaptive,1,0.13,fixed,1,32,33,1,1,1,motor,0.0014273815844799873,20,0.025466674466574007,27
9121802,external,adaptive,1,0.13,fixed,1,32,33,1,1,1,external,0.0014273815844799934,20,0.025466674466574003,27
9121802,sensor,adaptive,1,0.13,fixed,1,32,33,1,1,1,sensor,0.0014273815844799906,20,0.02546667446657401,27
9121802,motor_external,adaptive,1,0.13,fixed,1,32,33,1,1,1,motor_external,0.0014273815844799797,20,0.025466674466574003,27
9121802,external_sensor,adaptive,1,0.13,fixed,1,32,33,1,1,1,external_sensor,0.0014273815844799934,20,0.025466674466574003,27
9121802,nonlinear,adaptive,1,0.13,fixed,1,32,33,1,0,0,unknown,0.3453853325295972,20,0.3634448973988506,27
9121802,none,adaptive,1,0.13,calibrated,0,32,,0,1,0,none,0.016936426455400506,0,0.0,0
9121802,motor,adaptive,1,0.13,calibrated,1,32,33,1,1,1,motor,0.0014273815844799873,20,0.025466674466574007,27
9121802,external,adaptive,1,0.13,calibrated,1,32,33,1,1,1,external,0.0014273815844799934,20,0.025466674466574003,27
9121802,sensor,adaptive,1,0.13,calibrated,1,32,33,1,1,1,sensor,0.0014273815844799906,20,0.02546667446657401,27
9121802,motor_external,adaptive,1,0.13,calibrated,1,32,33,1,1,1,motor_external,0.0014273815844799797,20,0.025466674466574003,27
9121802,external_sensor,adaptive,1,0.13,calibrated,1,32,33,1,1,1,external_sensor,0.0014273815844799934,20,0.025466674466574003,27
9121802,nonlinear,adaptive,1,0.13,calibrated,1,32,33,1,0,0,unknown,0.3453853325295972,20,0.3634448973988506,27
9121802,none,cycle,1,0.13,fixed,0,32,,0,1,0,none,0.016936426455400506,30,0.0,0
9121802,motor,cycle,1,0.13,fixed,1,32,33,1,1,1,motor,0.006680662372971877,30,0.01994972712594365,27
9121802,external,cycle,1,0.13,fixed,1,32,33,1,1,1,external,0.006680662372971867,30,0.019949727125943652,27
9121802,sensor,cycle,1,0.13,fixed,1,32,33,1,1,1,sensor,0.006680662372971819,30,0.019949727125943652,27
9121802,motor_external,cycle,1,0.13,fixed,1,32,33,1,1,1,motor_external,0.006680662372971842,30,0.019949727125943652,27
9121802,external_sensor,cycle,1,0.13,fixed,1,32,33,1,1,1,external_sensor,0.006680662372971867,30,0.019949727125943652,27
9121802,nonlinear,cycle,1,0.13,fixed,1,32,33,1,0,0,unknown,0.3464812904430048,30,0.37811494110409855,27
9121802,none,cycle,1,0.13,calibrated,0,32,,0,1,0,none,0.016936426455400506,30,0.0,0
9121802,motor,cycle,1,0.13,calibrated,1,32,33,1,1,1,motor,0.006680662372971877,30,0.01994972712594365,27
9121802,external,cycle,1,0.13,calibrated,1,32,33,1,1,1,external,0.006680662372971867,30,0.019949727125943652,27
9121802,sensor,cycle,1,0.13,calibrated,1,32,33,1,1,1,sensor,0.006680662372971819,30,0.019949727125943652,27
9121802,motor_external,cycle,1,0.13,calibrated,1,32,33,1,1,1,motor_external,0.006680662372971842,30,0.019949727125943652,27
9121802,external_sensor,cycle,1,0.13,calibrated,1,32,33,1,1,1,external_sensor,0.006680662372971867,30,0.019949727125943652,27
9121802,nonlinear,cycle,1,0.13,calibrated,1,32,34,1,0,0,unknown,0.3435628325056135,30,0.3895478574661257,26
9121802,none,adaptive,0,0.13,fixed,0,32,,0,1,0,none,0.016936426455400506,0,0.0,0
9121802,motor,adaptive,0,0.13,fixed,1,32,33,1,1,1,motor,0.0014273815844799873,20,0.025466674466574007,27
9121802,external,adaptive,0,0.13,fixed,1,32,33,1,0,0,undetermined,0.0014273815844799934,20,0.025466674466574003,27
9121802,sensor,adaptive,0,0.13,fixed,1,32,33,1,0,0,undetermined,0.0014273815844799906,20,0.02546667446657401,27
9121802,motor_external,adaptive,0,0.13,fixed,1,32,33,1,0,0,undetermined,0.0014273815844799797,20,0.025466674466574003,27
9121802,external_sensor,adaptive,0,0.13,fixed,1,32,33,1,0,0,undetermined,0.0014273815844799934,20,0.025466674466574003,27
9121802,nonlinear,adaptive,0,0.13,fixed,1,32,33,1,0,0,unknown,0.3453853325295972,20,0.3634448973988506,27
9121802,none,adaptive,0,0.13,calibrated,0,32,,0,1,0,none,0.016936426455400506,0,0.0,0
9121802,motor,adaptive,0,0.13,calibrated,1,32,33,1,1,1,motor,0.0014273815844799873,20,0.025466674466574007,27
9121802,external,adaptive,0,0.13,calibrated,1,32,34,1,0,0,undetermined,0.001710509592479921,19,0.0249061326087238,26
9121802,sensor,adaptive,0,0.13,calibrated,1,32,34,1,0,0,undetermined,0.001710509592479946,19,0.024906132608723798,26
9121802,motor_external,adaptive,0,0.13,calibrated,1,32,33,1,0,0,undetermined,0.0014273815844799797,20,0.025466674466574003,27
9121802,external_sensor,adaptive,0,0.13,calibrated,1,32,33,1,0,0,undetermined,0.0014273815844799934,20,0.025466674466574003,27
9121802,nonlinear,adaptive,0,0.13,calibrated,1,32,33,1,0,0,unknown,0.3453853325295972,20,0.3634448973988506,27
9121802,none,cycle,0,0.13,fixed,0,32,,0,1,0,none,0.016936426455400506,30,0.0,0
9121802,motor,cycle,0,0.13,fixed,1,32,33,1,1,1,motor,0.006680662372971877,30,0.01994972712594365,27
9121802,external,cycle,0,0.13,fixed,1,32,33,1,0,0,undetermined,0.006680662372971867,30,0.019949727125943652,27
9121802,sensor,cycle,0,0.13,fixed,1,32,33,1,0,0,undetermined,0.006680662372971819,30,0.019949727125943652,27
9121802,motor_external,cycle,0,0.13,fixed,1,32,33,1,0,0,undetermined,0.006680662372971842,30,0.019949727125943652,27
9121802,external_sensor,cycle,0,0.13,fixed,1,32,33,1,0,0,undetermined,0.006680662372971867,30,0.019949727125943652,27
9121802,nonlinear,cycle,0,0.13,fixed,1,32,33,1,0,0,unknown,0.3464812904430048,30,0.37811494110409855,27
9121802,none,cycle,0,0.13,calibrated,0,32,,0,1,0,none,0.016936426455400506,30,0.0,0
9121802,motor,cycle,0,0.13,calibrated,1,32,33,1,1,1,motor,0.006680662372971877,30,0.01994972712594365,27
9121802,external,cycle,0,0.13,calibrated,1,32,34,1,0,0,undetermined,0.008971718611909865,30,0.01799458518161516,26
9121802,sensor,cycle,0,0.13,calibrated,1,32,34,1,0,0,undetermined,0.008971718611909846,30,0.01799458518161516,26
9121802,motor_external,cycle,0,0.13,calibrated,1,32,33,1,0,0,undetermined,0.006680662372971842,30,0.019949727125943652,27
9121802,external_sensor,cycle,0,0.13,calibrated,1,32,33,1,0,0,undetermined,0.006680662372971867,30,0.019949727125943652,27
9121802,nonlinear,cycle,0,0.13,calibrated,1,32,33,1,0,0,unknown,0.3464812904430048,30,0.37811494110409855,27
9121802,none,adaptive,1,0.35,fixed,0,32,24,1,0,1,motor,0.004371212558367669,27,0.17681708816751854,36
9121802,motor,adaptive,1,0.35,fixed,1,32,24,1,1,1,motor,0.07325640840257935,27,0.5244307678076563,36
9121802,external,adaptive,1,0.35,fixed,1,32,24,1,0,1,motor_external,0.055708795724990455,27,0.23631619859425612,36
9121802,sensor,adaptive,1,0.35,fixed,1,32,24,1,0,1,motor_sensor,0.004371212558367669,27,0.17681708816751854,36
9121802,motor_external,adaptive,1,0.35,fixed,1,32,24,1,1,1,motor_external,0.12459399156920208,27,0.5839298782343936,36
9121802,external_sensor,adaptive,1,0.35,fixed,1,32,24,1,0,1,motor_external_sensor,0.055708795724990455,27,0.23631619859425612,36
9121802,nonlinear,adaptive,1,0.35,fixed,1,32,24,1,0,0,unknown,0.34007384595223134,27,0.49838470928466244,36
9121802,none,adaptive,1,0.35,calibrated,0,32,,0,1,0,none,0.12276403791636432,0,0.0,0
9121802,motor,adaptive,1,0.35,calibrated,1,32,,0,0,0,none,1.4098931838096658,0,0.0,0
9121802,external,adaptive,1,0.35,calibrated,1,32,,0,0,0,none,0.930119668918042,0,0.0,0
9121802,sensor,adaptive,1,0.35,calibrated,1,32,,0,0,0,none,0.12276403791636432,0,0.0,0
9121802,motor_external,adaptive,1,0.35,calibrated,1,32,34,1,1,1,motor_external,0.012398664205845735,19,0.1805326180218145,26
9121802,external_sensor,adaptive,1,0.35,calibrated,1,32,,0,0,0,none,0.930119668918042,0,0.0,0
9121802,nonlinear,adaptive,1,0.35,calibrated,1,32,,0,0,0,none,0.5642049237975947,0,0.0,0
9121802,none,cycle,1,0.35,fixed,0,32,24,1,0,1,motor,0.041933645196179654,30,0.14065503296357354,36
9121802,motor,cycle,1,0.35,fixed,1,32,24,1,1,1,motor,0.15995137148294486,30,0.3833699536101258,36
9121802,external,cycle,1,0.35,fixed,1,32,24,1,0,1,motor_external,0.07851333723495418,30,0.2145142779763453,36
9121802,sensor,cycle,1,0.35,fixed,1,32,24,1,0,1,motor_sensor,0.041933645196179654,30,0.14065503296357354,36
9121802,motor_external,cycle,1,0.35,fixed,1,32,24,1,1,1,motor_external,0.15793630013010052,30,0.39998194926569197,36
9121802,external_sensor,cycle,1,0.35,fixed,1,32,24,1,0,1,motor_external_sensor,0.07851333723495418,30,0.2145142779763453,36
9121802,nonlinear,cycle,1,0.35,fixed,1,32,24,1,0,0,unknown,0.3949145022954025,30,0.4724066335397317,36
9121802,none,cycle,1,0.35,calibrated,0,32,,0,1,0,none,0.12276403791636432,30,0.0,0
9121802,motor,cycle,1,0.35,calibrated,1,32,,0,0,0,none,1.4098931838096658,30,0.0,0
9121802,external,cycle,1,0.35,calibrated,1,32,,0,0,0,none,0.930119668918042,30,0.0,0
9121802,sensor,cycle,1,0.35,calibrated,1,32,,0,0,0,none,0.12276403791636432,30,0.0,0
9121802,motor_external,cycle,1,0.35,calibrated,1,32,58,1,0,0,undetermined,0.18877500919216877,30,5.069047613627205e-31,2
9121802,external_sensor,cycle,1,0.35,calibrated,1,32,,0,0,0,none,0.930119668918042,30,0.0,0
9121802,nonlinear,cycle,1,0.35,calibrated,1,32,,0,0,0,none,0.5642049237975947,30,0.0,0
9121802,none,adaptive,0,0.35,fixed,0,32,24,1,0,1,motor,0.004371212558367669,27,0.17681708816751854,36
9121802,motor,adaptive,0,0.35,fixed,1,32,24,1,1,1,motor,0.07325640840257935,27,0.5244307678076563,36
9121802,external,adaptive,0,0.35,fixed,1,32,24,1,0,0,undetermined,0.055708795724990455,27,0.23631619859425612,36
9121802,sensor,adaptive,0,0.35,fixed,1,32,24,1,0,0,undetermined,0.004371212558367669,27,0.17681708816751854,36
9121802,motor_external,adaptive,0,0.35,fixed,1,32,24,1,0,0,undetermined,0.12459399156920208,27,0.5839298782343936,36
9121802,external_sensor,adaptive,0,0.35,fixed,1,32,24,1,0,0,undetermined,0.055708795724990455,27,0.23631619859425612,36
9121802,nonlinear,adaptive,0,0.35,fixed,1,32,24,1,0,0,unknown,0.34007384595223134,27,0.49838470928466244,36
9121802,none,adaptive,0,0.35,calibrated,0,32,,0,1,0,none,0.12276403791636432,0,0.0,0
9121802,motor,adaptive,0,0.35,calibrated,1,32,,0,0,0,none,1.4098931838096658,0,0.0,0
9121802,external,adaptive,0,0.35,calibrated,1,32,,0,0,0,none,0.930119668918042,0,0.0,0
9121802,sensor,adaptive,0,0.35,calibrated,1,32,,0,0,0,none,0.12276403791636432,0,0.0,0
9121802,motor_external,adaptive,0,0.35,calibrated,1,32,34,1,0,0,undetermined,0.012398664205845735,19,0.1805326180218145,26
9121802,external_sensor,adaptive,0,0.35,calibrated,1,32,39,1,0,0,undetermined,0.009276580217793741,15,0.18642240661355058,21
9121802,nonlinear,adaptive,0,0.35,calibrated,1,32,,0,0,0,none,0.5642049237975947,0,0.0,0
9121802,none,cycle,0,0.35,fixed,0,32,24,1,0,1,motor,0.041933645196179654,30,0.14065503296357354,36
9121802,motor,cycle,0,0.35,fixed,1,32,24,1,1,1,motor,0.15995137148294486,30,0.3833699536101258,36
9121802,external,cycle,0,0.35,fixed,1,32,24,1,0,0,undetermined,0.07851333723495418,30,0.2145142779763453,36
9121802,sensor,cycle,0,0.35,fixed,1,32,24,1,0,0,undetermined,0.041933645196179654,30,0.14065503296357354,36
9121802,motor_external,cycle,0,0.35,fixed,1,32,24,1,0,0,undetermined,0.15793630013010052,30,0.39998194926569197,36
9121802,external_sensor,cycle,0,0.35,fixed,1,32,24,1,0,0,undetermined,0.07851333723495418,30,0.2145142779763453,36
9121802,nonlinear,cycle,0,0.35,fixed,1,32,24,1,0,0,unknown,0.3949145022954025,30,0.4724066335397317,36
9121802,none,cycle,0,0.35,calibrated,0,32,,0,1,0,none,0.12276403791636432,30,0.0,0
9121802,motor,cycle,0,0.35,calibrated,1,32,,0,0,0,none,1.4098931838096658,30,0.0,0
9121802,external,cycle,0,0.35,calibrated,1,32,,0,0,0,none,0.930119668918042,30,0.0,0
9121802,sensor,cycle,0,0.35,calibrated,1,32,,0,0,0,none,0.12276403791636432,30,0.0,0
9121802,motor_external,cycle,0,0.35,calibrated,1,32,38,1,0,0,undetermined,0.0754166628998484,30,0.12830788598721166,22
9121802,external_sensor,cycle,0,0.35,calibrated,1,32,34,1,0,0,undetermined,0.06503168816325186,30,0.1304341233578613,26
9121802,nonlinear,cycle,0,0.35,calibrated,1,32,,0,0,0,none,0.5642049237975947,30,0.0,0
9121802,none,adaptive,1,0.65,fixed,0,32,24,1,0,0,unknown,0.015076222905390558,27,0.6098385285777682,36
9121802,motor,adaptive,1,0.65,fixed,1,32,24,1,0,0,unknown,0.07528100460548738,27,0.959110494470299,36
9121802,external,adaptive,1,0.65,fixed,1,32,24,1,0,0,unknown,0.07613173450054725,27,0.6003368765131378,36
9121802,sensor,adaptive,1,0.65,fixed,1,32,24,1,0,0,unknown,0.015076222905390558,27,0.6098385285777682,36
9121802,motor_external,adaptive,1,0.65,fixed,1,32,24,1,0,0,unknown,0.136336516200644,27,0.9496088424056689,36
9121802,external_sensor,adaptive,1,0.65,fixed,1,32,24,1,0,0,unknown,0.07613173450054725,27,0.6003368765131378,36
9121802,nonlinear,adaptive,1,0.65,fixed,1,32,24,1,0,0,unknown,0.3519194732823545,27,0.9233781318164852,36
9121802,none,adaptive,1,0.65,calibrated,0,32,,0,1,0,none,0.42341066138501127,0,0.0,0
9121802,motor,adaptive,1,0.65,calibrated,1,32,,0,0,0,none,1.4423647894725709,0,0.0,0
9121802,external,adaptive,1,0.65,calibrated,1,32,,0,0,0,none,1.2284996903881271,0,0.0,0
9121802,sensor,adaptive,1,0.65,calibrated,1,32,,0,0,0,none,0.42341066138501127,0,0.0,0
9121802,motor_external,adaptive,1,0.65,calibrated,1,32,,0,0,0,none,2.2474538184756865,0,0.0,0
9121802,external_sensor,adaptive,1,0.65,calibrated,1,32,,0,0,0,none,1.2284996903881271,0,0.0,0
9121802,nonlinear,adaptive,1,0.65,calibrated,1,32,,0,0,0,none,0.7658008780215815,0,0.0,0
9121802,none,cycle,1,0.65,fixed,0,32,24,1,0,0,unknown,0.14462828649294635,30,0.4851163381804883,36
9121802,motor,cycle,1,0.65,fixed,1,32,24,1,0,0,unknown,0.3031144751782221,30,0.7115153440035447,36
9121802,external,cycle,1,0.65,fixed,1,32,24,1,0,0,unknown,0.17655375991107564,30,0.5044402792895507,36
9121802,sensor,cycle,1,0.65,fixed,1,32,24,1,0,0,unknown,0.14462828649294635,30,0.4851163381804883,36
9121802,motor_external,cycle,1,0.65,fixed,1,32,24,1,0,0,unknown,0.29644518520473234,30,0.6735920357554016,36
9121802,external_sensor,cycle,1,0.65,fixed,1,32,24,1,0,0,unknown,0.17655375991107564,30,0.5044402792895507,36
9121802,nonlinear,cycle,1,0.65,fixed,1,32,24,1,0,0,unknown,0.5055504733863468,30,0.8412668723011193,36
9121802,none,cycle,1,0.65,calibrated,0,32,,0,1,0,none,0.42341066138501127,30,0.0,0
9121802,motor,cycle,1,0.65,calibrated,1,32,,0,0,0,none,1.4423647894725709,30,0.0,0
9121802,external,cycle,1,0.65,calibrated,1,32,,0,0,0,none,1.2284996903881271,30,0.0,0
9121802,sensor,cycle,1,0.65,calibrated,1,32,,0,0,0,none,0.42341066138501127,30,0.0,0
9121802,motor_external,cycle,1,0.65,calibrated,1,32,,0,0,0,none,2.2474538184756865,30,0.0,0
9121802,external_sensor,cycle,1,0.65,calibrated,1,32,,0,0,0,none,1.2284996903881271,30,0.0,0
9121802,nonlinear,cycle,1,0.65,calibrated,1,32,,0,0,0,none,0.7658008780215815,30,0.0,0
9121802,none,adaptive,0,0.65,fixed,0,32,24,1,0,0,unknown,0.015076222905390558,27,0.6098385285777682,36
9121802,motor,adaptive,0,0.65,fixed,1,32,24,1,0,0,unknown,0.07528100460548738,27,0.959110494470299,36
9121802,external,adaptive,0,0.65,fixed,1,32,24,1,0,0,unknown,0.07613173450054725,27,0.6003368765131378,36
9121802,sensor,adaptive,0,0.65,fixed,1,32,24,1,0,0,unknown,0.015076222905390558,27,0.6098385285777682,36
9121802,motor_external,adaptive,0,0.65,fixed,1,32,24,1,0,0,unknown,0.136336516200644,27,0.9496088424056689,36
9121802,external_sensor,adaptive,0,0.65,fixed,1,32,24,1,0,0,unknown,0.07613173450054725,27,0.6003368765131378,36
9121802,nonlinear,adaptive,0,0.65,fixed,1,32,24,1,0,0,unknown,0.3519194732823545,27,0.9233781318164852,36
9121802,none,adaptive,0,0.65,calibrated,0,32,,0,1,0,none,0.42341066138501127,0,0.0,0
9121802,motor,adaptive,0,0.65,calibrated,1,32,,0,0,0,none,1.4423647894725709,0,0.0,0
9121802,external,adaptive,0,0.65,calibrated,1,32,,0,0,0,none,1.2284996903881271,0,0.0,0
9121802,sensor,adaptive,0,0.65,calibrated,1,32,,0,0,0,none,0.42341066138501127,0,0.0,0
9121802,motor_external,adaptive,0,0.65,calibrated,1,32,,0,0,0,none,2.2474538184756865,0,0.0,0
9121802,external_sensor,adaptive,0,0.65,calibrated,1,32,,0,0,0,none,1.2284996903881271,0,0.0,0
9121802,nonlinear,adaptive,0,0.65,calibrated,1,32,,0,0,0,none,0.7658008780215815,0,0.0,0
9121802,none,cycle,0,0.65,fixed,0,32,24,1,0,0,unknown,0.14462828649294635,30,0.4851163381804883,36
9121802,motor,cycle,0,0.65,fixed,1,32,24,1,0,0,unknown,0.3031144751782221,30,0.7115153440035447,36
9121802,external,cycle,0,0.65,fixed,1,32,24,1,0,0,unknown,0.17655375991107564,30,0.5044402792895507,36
9121802,sensor,cycle,0,0.65,fixed,1,32,24,1,0,0,unknown,0.14462828649294635,30,0.4851163381804883,36
9121802,motor_external,cycle,0,0.65,fixed,1,32,24,1,0,0,unknown,0.29644518520473234,30,0.6735920357554016,36
9121802,external_sensor,cycle,0,0.65,fixed,1,32,24,1,0,0,unknown,0.17655375991107564,30,0.5044402792895507,36
9121802,nonlinear,cycle,0,0.65,fixed,1,32,24,1,0,0,unknown,0.5055504733863468,30,0.8412668723011193,36
9121802,none,cycle,0,0.65,calibrated,0,32,,0,1,0,none,0.42341066138501127,30,0.0,0
9121802,motor,cycle,0,0.65,calibrated,1,32,,0,0,0,none,1.4423647894725709,30,0.0,0
9121802,external,cycle,0,0.65,calibrated,1,32,,0,0,0,none,1.2284996903881271,30,0.0,0
9121802,sensor,cycle,0,0.65,calibrated,1,32,,0,0,0,none,0.42341066138501127,30,0.0,0
9121802,motor_external,cycle,0,0.65,calibrated,1,32,,0,0,0,none,2.2474538184756865,30,0.0,0
9121802,external_sensor,cycle,0,0.65,calibrated,1,32,,0,0,0,none,1.2284996903881271,30,0.0,0
9121802,nonlinear,cycle,0,0.65,calibrated,1,32,,0,0,0,none,0.7658008780215815,30,0.0,0
9121855,none,adaptive,1,0.13,fixed,0,31,,0,1,0,none,0.004867900592451305,0,0.0,0
9121855,motor,adaptive,1,0.13,fixed,1,31,32,1,1,1,motor,0.004267590199206922,21,0.026165569333289375,28
9121855,external,adaptive,1,0.13,fixed,1,31,32,1,1,1,external,0.004267590199206932,21,0.026165569333289375,28
9121855,sensor,adaptive,1,0.13,fixed,1,31,32,1,1,1,sensor,0.004267590199206908,21,0.02616556933328938,28
9121855,motor_external,adaptive,1,0.13,fixed,1,31,33,1,1,1,motor_external,0.0033512713990235545,20,0.026563705292627787,27
9121855,external_sensor,adaptive,1,0.13,fixed,1,31,32,1,1,1,external_sensor,0.004267590199206932,21,0.026165569333289375,28
9121855,nonlinear,adaptive,1,0.13,fixed,1,31,32,1,0,0,unknown,0.3556629033121642,21,0.3683662519045314,28
9121855,none,adaptive,1,0.13,calibrated,0,31,,0,1,0,none,0.004867900592451305,0,0.0,0
9121855,motor,adaptive,1,0.13,calibrated,1,31,32,1,1,1,motor,0.004267590199206922,21,0.026165569333289375,28
9121855,external,adaptive,1,0.13,calibrated,1,31,32,1,1,1,external,0.004267590199206932,21,0.026165569333289375,28
9121855,sensor,adaptive,1,0.13,calibrated,1,31,32,1,1,1,sensor,0.004267590199206908,21,0.02616556933328938,28
9121855,motor_external,adaptive,1,0.13,calibrated,1,31,44,1,1,1,motor_external,0.005684458626230663,12,0.02311911100094958,16
9121855,external_sensor,adaptive,1,0.13,calibrated,1,31,32,1,1,1,external_sensor,0.004267590199206932,21,0.026165569333289375,28
9121855,nonlinear,adaptive,1,0.13,calibrated,1,31,32,1,0,0,unknown,0.3556629033121642,21,0.3683662519045314,28
9121855,none,cycle,1,0.13,fixed,0,31,,0,1,0,none,0.004867900592451305,30,0.0,0
9121855,motor,cycle,1,0.13,fixed,1,31,33,1,1,1,motor,0.006868710236866931,30,0.023995108518379413,27
9121855,external,cycle,1,0.13,fixed,1,31,32,1,1,1,external,0.005597531608933421,30,0.025680761099837458,28
9121855,sensor,cycle,1,0.13,fixed,1,31,32,1,1,1,sensor,0.0055975316089334195,30,0.02568076109983746,28
9121855,motor_external,cycle,1,0.13,fixed,1,31,33,1,1,1,motor_external,0.006868710236866915,30,0.02399510851837942,27
9121855,external_sensor,cycle,1,0.13,fixed,1,31,32,1,1,1,external_sensor,0.005597531608933421,30,0.025680761099837458,28
9121855,nonlinear,cycle,1,0.13,fixed,1,31,33,1,0,0,unknown,0.3432256763691563,30,0.3608748792628105,27
9121855,none,cycle,1,0.13,calibrated,0,31,,0,1,0,none,0.004867900592451305,30,0.0,0
9121855,motor,cycle,1,0.13,calibrated,1,31,33,1,1,1,motor,0.006868710236866931,30,0.023995108518379413,27
9121855,external,cycle,1,0.13,calibrated,1,31,32,1,1,1,external,0.005597531608933421,30,0.025680761099837458,28
9121855,sensor,cycle,1,0.13,calibrated,1,31,32,1,1,1,sensor,0.0055975316089334195,30,0.02568076109983746,28
9121855,motor_external,cycle,1,0.13,calibrated,1,31,33,1,1,1,motor_external,0.006868710236866915,30,0.02399510851837942,27
9121855,external_sensor,cycle,1,0.13,calibrated,1,31,32,1,1,1,external_sensor,0.005597531608933421,30,0.025680761099837458,28
9121855,nonlinear,cycle,1,0.13,calibrated,1,31,34,1,0,0,unknown,0.34097559493607255,30,0.37031705541775134,26
9121855,none,adaptive,0,0.13,fixed,0,31,,0,1,0,none,0.004867900592451305,0,0.0,0
9121855,motor,adaptive,0,0.13,fixed,1,31,32,1,1,1,motor,0.004267590199206922,21,0.026165569333289375,28
9121855,external,adaptive,0,0.13,fixed,1,31,32,1,0,0,undetermined,0.004267590199206932,21,0.026165569333289375,28
9121855,sensor,adaptive,0,0.13,fixed,1,31,32,1,0,0,undetermined,0.004267590199206908,21,0.02616556933328938,28
9121855,motor_external,adaptive,0,0.13,fixed,1,31,34,1,0,0,undetermined,0.006240313782565235,19,0.023835147952489942,26
9121855,external_sensor,adaptive,0,0.13,fixed,1,31,32,1,0,0,undetermined,0.004267590199206932,21,0.026165569333289375,28
9121855,nonlinear,adaptive,0,0.13,fixed,1,31,32,1,0,0,unknown,0.3556629033121642,21,0.3683662519045314,28
9121855,none,adaptive,0,0.13,calibrated,0,31,,0,1,0,none,0.004867900592451305,0,0.0,0
9121855,motor,adaptive,0,0.13,calibrated,1,31,32,1,1,1,motor,0.004267590199206922,21,0.026165569333289375,28
9121855,external,adaptive,0,0.13,calibrated,1,31,32,1,0,0,undetermined,0.004267590199206932,21,0.026165569333289375,28
9121855,sensor,adaptive,0,0.13,calibrated,1,31,32,1,0,0,undetermined,0.004267590199206908,21,0.02616556933328938,28
9121855,motor_external,adaptive,0,0.13,calibrated,1,31,34,1,0,0,undetermined,0.006240313782565235,19,0.023835147952489942,26
9121855,external_sensor,adaptive,0,0.13,calibrated,1,31,32,1,0,0,undetermined,0.004267590199206932,21,0.026165569333289375,28
9121855,nonlinear,adaptive,0,0.13,calibrated,1,31,32,1,0,0,unknown,0.3556629033121642,21,0.3683662519045314,28
9121855,none,cycle,0,0.13,fixed,0,31,,0,1,0,none,0.004867900592451305,30,0.0,0
9121855,motor,cycle,0,0.13,fixed,1,31,33,1,1,1,motor,0.006868710236866931,30,0.023995108518379413,27
9121855,external,cycle,0,0.13,fixed,1,31,32,1,0,0,undetermined,0.005597531608933421,30,0.025680761099837458,28
9121855,sensor,cycle,0,0.13,fixed,1,31,32,1,0,0,undetermined,0.0055975316089334195,30,0.02568076109983746,28
9121855,motor_external,cycle,0,0.13,fixed,1,31,32,1,0,0,undetermined,0.005597531608933395,30,0.025680761099837458,28
9121855,external_sensor,cycle,0,0.13,fixed,1,31,32,1,0,0,undetermined,0.005597531608933421,30,0.025680761099837458,28
9121855,nonlinear,cycle,0,0.13,fixed,1,31,33,1,0,0,unknown,0.3432256763691563,30,0.3608748792628105,27
9121855,none,cycle,0,0.13,calibrated,0,31,,0,1,0,none,0.004867900592451305,30,0.0,0
9121855,motor,cycle,0,0.13,calibrated,1,31,33,1,1,1,motor,0.006868710236866931,30,0.023995108518379413,27
9121855,external,cycle,0,0.13,calibrated,1,31,32,1,0,0,undetermined,0.005597531608933421,30,0.025680761099837458,28
9121855,sensor,cycle,0,0.13,calibrated,1,31,32,1,0,0,undetermined,0.0055975316089334195,30,0.02568076109983746,28
9121855,motor_external,cycle,0,0.13,calibrated,1,31,32,1,0,0,undetermined,0.005597531608933395,30,0.025680761099837458,28
9121855,external_sensor,cycle,0,0.13,calibrated,1,31,32,1,0,0,undetermined,0.005597531608933421,30,0.025680761099837458,28
9121855,nonlinear,cycle,0,0.13,calibrated,1,31,33,1,0,0,unknown,0.3432256763691563,30,0.3608748792628105,27
9121855,none,adaptive,1,0.35,fixed,0,31,24,1,0,1,motor,0.03126934149500226,27,0.21686146050340774,36
9121855,motor,adaptive,1,0.35,fixed,1,31,24,1,1,1,motor,0.02496824863297751,27,0.5854356537038279,36
9121855,external,adaptive,1,0.35,fixed,1,31,24,1,0,1,motor_external,0.05388892255047415,27,0.32248210799476773,36
9121855,sensor,adaptive,1,0.35,fixed,1,31,24,1,0,1,motor_sensor,0.03126934149500226,27,0.21686146050340774,36
9121855,motor_external,adaptive,1,0.35,fixed,1,31,24,1,1,1,motor_external,0.047262284685487335,27,0.6904217643250077,36
9121855,external_sensor,adaptive,1,0.35,fixed,1,31,24,1,0,1,motor_external_sensor,0.05388892255047415,27,0.32248210799476773,36
9121855,nonlinear,adaptive,1,0.35,fixed,1,31,24,1,0,0,unknown,0.3671006810880944,27,0.5268971310340922,36
9121855,none,adaptive,1,0.35,calibrated,0,31,,0,1,0,none,0.035285078258892835,0,0.0,0
9121855,motor,adaptive,1,0.35,calibrated,1,31,44,1,1,1,motor,0.04120391607770733,12,0.16757935488853976,16
9121855,external,adaptive,1,0.35,calibrated,1,31,,0,0,0,none,0.7812831236245156,0,0.0,0
9121855,sensor,adaptive,1,0.35,calibrated,1,31,,0,0,0,none,0.035285078258892835,0,0.0,0
9121855,motor_external,adaptive,1,0.35,calibrated,1,31,,0,0,0,none,2.219745146237467,0,0.0,0
9121855,external_sensor,adaptive,1,0.35,calibrated,1,31,,0,0,0,none,0.7812831236245156,0,0.0,0
9121855,nonlinear,adaptive,1,0.35,calibrated,1,31,,0,0,0,none,0.5709281034725645,0,0.0,0
9121855,none,cycle,1,0.35,fixed,0,31,24,1,1,1,none,0.018141986840419,30,0.23744924152214708,36
9121855,motor,cycle,1,0.35,fixed,1,31,24,1,1,1,motor,0.11138761540789144,30,0.5702991413612707,36
9121855,external,cycle,1,0.35,fixed,1,31,24,1,1,1,external,0.047358730477559625,30,0.3356402220232101,36
9121855,sensor,cycle,1,0.35,fixed,1,31,24,1,1,1,sensor,0.018141986840419,30,0.23744924152214708,36
9121855,motor_external,cycle,1,0.35,fixed,1,31,24,1,1,1,motor_external,0.16282238579862,30,0.7147279922821608,36
9121855,external_sensor,cycle,1,0.35,fixed,1,31,24,1,1,1,external_sensor,0.047358730477559625,30,0.3356402220232101,36
9121855,nonlinear,cycle,1,0.35,fixed,1,31,24,1,0,0,unknown,0.36162650931363766,30,0.5228997076366755,36
9121855,none,cycle,1,0.35,calibrated,0,31,,0,1,0,none,0.035285078258892835,30,0.0,0
9121855,motor,cycle,1,0.35,calibrated,1,31,40,1,1,1,motor,0.07098562271347642,30,0.18757559784878572,20
9121855,external,cycle,1,0.35,calibrated,1,31,,0,0,0,none,0.7812831236245156,30,0.0,0
9121855,sensor,cycle,1,0.35,calibrated,1,31,,0,0,0,none,0.035285078258892835,30,0.0,0
9121855,motor_external,cycle,1,0.35,calibrated,1,31,35,1,1,1,motor_external,0.054414385006554565,30,0.1725147157435739,25
9121855,external_sensor,cycle,1,0.35,calibrated,1,31,,0,0,0,none,0.7812831236245156,30,0.0,0
9121855,nonlinear,cycle,1,0.35,calibrated,1,31,,0,0,0,none,0.5709281034725645,30,0.0,0
9121855,none,adaptive,0,0.35,fixed,0,31,34,1,0,0,unknown,0.04523304369019175,19,0.17276956356094772,26
9121855,motor,adaptive,0,0.35,fixed,1,31,32,1,0,0,unknown,0.030933715940996826,21,0.18966167120283717,28
9121855,external,adaptive,0,0.35,fixed,1,31,32,1,0,0,unknown,0.030933715940996854,21,0.18966167120283722,28
9121855,sensor,adaptive,0,0.35,fixed,1,31,32,1,0,0,unknown,0.0309337159409968,21,0.18966167120283722,28
9121855,motor_external,adaptive,0,0.35,fixed,1,31,32,1,0,0,unknown,0.030933715940996857,21,0.18966167120283722,28
9121855,external_sensor,adaptive,0,0.35,fixed,1,31,32,1,0,0,unknown,0.030933715940996854,21,0.18966167120283722,28
9121855,nonlinear,adaptive,0,0.35,fixed,1,31,32,1,0,0,unknown,0.3878634050912663,21,0.5218365858177195,28
9121855,none,adaptive,0,0.35,calibrated,0,31,,0,1,0,none,0.035285078258892835,0,0.0,0
9121855,motor,adaptive,0,0.35,calibrated,1,31,34,1,1,1,motor,0.04523304369019175,19,0.17276956356094772,26
9121855,external,adaptive,0,0.35,calibrated,1,31,,0,0,0,none,0.7812831236245156,0,0.0,0
9121855,sensor,adaptive,0,0.35,calibrated,1,31,,0,0,0,none,0.035285078258892835,0,0.0,0
9121855,motor_external,adaptive,0,0.35,calibrated,1,31,,0,0,0,none,2.219745146237467,0,0.0,0
9121855,external_sensor,adaptive,0,0.35,calibrated,1,31,33,1,0,0,undetermined,0.02429176014085129,20,0.1925475679495209,27
9121855,nonlinear,adaptive,0,0.35,calibrated,1,31,59,1,0,0,undetermined,1.348930381554754,0,1.9740781929969167e-31,1
9121855,none,cycle,0,0.35,fixed,0,31,34,1,1,1,none,0.058253343612866916,30,0.16822941762255914,26
9121855,motor,cycle,0,0.35,fixed,1,31,33,1,1,1,motor,0.04978798840332572,30,0.17392904103559045,27
9121855,external,cycle,0,0.35,fixed,1,31,32,1,0,0,undetermined,0.0405738237925647,30,0.18614752868225376,28
9121855,sensor,cycle,0,0.35,fixed,1,31,32,1,0,0,undetermined,0.04057382379256459,30,0.18614752868225376,28
9121855,motor_external,cycle,0,0.35,fixed,1,31,32,1,0,0,undetermined,0.04057382379256459,30,0.18614752868225376,28
9121855,external_sensor,cycle,0,0.35,fixed,1,31,32,1,0,0,undetermined,0.0405738237925647,30,0.18614752868225376,28
9121855,nonlinear,cycle,0,0.35,fixed,1,31,37,1,0,0,unknown,0.4126019434511913,30,0.5554361257536723,23
9121855,none,cycle,0,0.35,calibrated,0,31,,0,1,0,none,0.035285078258892835,30,0.0,0
9121855,motor,cycle,0,0.35,calibrated,1,31,54,1,0,0,undetermined,0.2200494255463012,30,0.08361899442561949,6
9121855,external,cycle,0,0.35,calibrated,1,31,,0,0,0,none,0.7812831236245156,30,0.0,0
9121855,sensor,cycle,0,0.35,calibrated,1,31,,0,0,0,none,0.035285078258892835,30,0.0,0
9121855,motor_external,cycle,0,0.35,calibrated,1,31,35,1,0,0,undetermined,0.054414385006554565,30,0.1725147157435739,25
9121855,external_sensor,cycle,0,0.35,calibrated,1,31,33,1,0,0,undetermined,0.04978798840332592,30,0.17392904103559045,27
9121855,nonlinear,cycle,0,0.35,calibrated,1,31,,0,0,0,none,0.5709281034725645,30,0.0,0
9121855,none,adaptive,1,0.65,fixed,0,31,24,1,0,0,unknown,0.10784732066643646,27,0.7479507515321615,36
9121855,motor,adaptive,1,0.65,fixed,1,31,24,1,0,0,unknown,0.041912486832729086,27,1.1665726658884976,36
9121855,external,adaptive,1,0.65,fixed,1,31,24,1,0,0,unknown,0.12274797119802698,27,0.8364248111589729,36
9121855,sensor,adaptive,1,0.65,fixed,1,31,24,1,0,0,unknown,0.10784732066643646,27,0.7479507515321615,36
9121855,motor_external,adaptive,1,0.65,fixed,1,31,24,1,0,0,unknown,0.0564875923613576,27,1.2544121886451292,36
9121855,external_sensor,adaptive,1,0.65,fixed,1,31,24,1,0,0,unknown,0.12274797119802698,27,0.8364248111589729,36
9121855,nonlinear,adaptive,1,0.65,fixed,1,31,24,1,0,0,unknown,0.4443462635086341,27,1.0384535047399404,36
9121855,none,adaptive,1,0.65,calibrated,0,31,,0,1,0,none,0.12169751481128332,0,0.0,0
9121855,motor,adaptive,1,0.65,calibrated,1,31,,0,0,0,none,1.421698413949623,0,0.0,0
9121855,external,adaptive,1,0.65,calibrated,1,31,,0,0,0,none,0.8128367419188688,0,0.0,0
9121855,sensor,adaptive,1,0.65,calibrated,1,31,,0,0,0,none,0.12169751481128332,0,0.0,0
9121855,motor_external,adaptive,1,0.65,calibrated,1,31,,0,0,0,none,2.1128376410572085,0,0.0,0
9121855,external_sensor,adaptive,1,0.65,calibrated,1,31,,0,0,0,none,0.8128367419188688,0,0.0,0
9121855,nonlinear,adaptive,1,0.65,calibrated,1,31,,0,0,0,none,0.6390345616366737,0,0.0,0
9121855,none,cycle,1,0.65,fixed,0,31,24,1,0,0,unknown,0.06257134236797583,30,0.8189575881069971,36
9121855,motor,cycle,1,0.65,fixed,1,31,24,1,0,0,unknown,0.17505220671742214,30,1.2127501267162575,36
9121855,external,cycle,1,0.65,fixed,1,31,24,1,0,0,unknown,0.08876214663079754,30,0.8947756905111712,36
9121855,sensor,cycle,1,0.65,fixed,1,31,24,1,0,0,unknown,0.06257134236797583,30,0.8189575881069971,36
9121855,motor_external,cycle,1,0.65,fixed,1,31,24,1,0,0,unknown,0.2234610377338318,30,1.3348060995402584,36
9121855,external_sensor,cycle,1,0.65,fixed,1,31,24,1,0,0,unknown,0.08876214663079754,30,0.8947756905111712,36
9121855,nonlinear,cycle,1,0.65,fixed,1,31,24,1,0,0,unknown,0.40585747924165394,30,1.0891203010846016,36
9121855,none,cycle,1,0.65,calibrated,0,31,,0,1,0,none,0.12169751481128332,30,0.0,0
9121855,motor,cycle,1,0.65,calibrated,1,31,,0,0,0,none,1.421698413949623,30,0.0,0
9121855,external,cycle,1,0.65,calibrated,1,31,,0,0,0,none,0.8128367419188688,30,0.0,0
9121855,sensor,cycle,1,0.65,calibrated,1,31,,0,0,0,none,0.12169751481128332,30,0.0,0
9121855,motor_external,cycle,1,0.65,calibrated,1,31,,0,0,0,none,2.1128376410572085,30,0.0,0
9121855,external_sensor,cycle,1,0.65,calibrated,1,31,,0,0,0,none,0.8128367419188688,30,0.0,0
9121855,nonlinear,cycle,1,0.65,calibrated,1,31,,0,0,0,none,0.6390345616366737,30,0.0,0
9121855,none,adaptive,0,0.65,fixed,0,31,24,1,0,0,unknown,0.10784732066643646,27,0.7479507515321615,36
9121855,motor,adaptive,0,0.65,fixed,1,31,24,1,0,0,unknown,0.041912486832729086,27,1.1665726658884976,36
9121855,external,adaptive,0,0.65,fixed,1,31,24,1,0,0,unknown,0.12274797119802698,27,0.8364248111589729,36
9121855,sensor,adaptive,0,0.65,fixed,1,31,24,1,0,0,unknown,0.10784732066643646,27,0.7479507515321615,36
9121855,motor_external,adaptive,0,0.65,fixed,1,31,24,1,0,0,unknown,0.0564875923613576,27,1.2544121886451292,36
9121855,external_sensor,adaptive,0,0.65,fixed,1,31,24,1,0,0,unknown,0.12274797119802698,27,0.8364248111589729,36
9121855,nonlinear,adaptive,0,0.65,fixed,1,31,24,1,0,0,unknown,0.4443462635086341,27,1.0384535047399404,36
9121855,none,adaptive,0,0.65,calibrated,0,31,,0,1,0,none,0.12169751481128332,0,0.0,0
9121855,motor,adaptive,0,0.65,calibrated,1,31,,0,0,0,none,1.421698413949623,0,0.0,0
9121855,external,adaptive,0,0.65,calibrated,1,31,,0,0,0,none,0.8128367419188688,0,0.0,0
9121855,sensor,adaptive,0,0.65,calibrated,1,31,,0,0,0,none,0.12169751481128332,0,0.0,0
9121855,motor_external,adaptive,0,0.65,calibrated,1,31,,0,0,0,none,2.1128376410572085,0,0.0,0
9121855,external_sensor,adaptive,0,0.65,calibrated,1,31,,0,0,0,none,0.8128367419188688,0,0.0,0
9121855,nonlinear,adaptive,0,0.65,calibrated,1,31,,0,0,0,none,0.6390345616366737,0,0.0,0
9121855,none,cycle,0,0.65,fixed,0,31,24,1,0,0,unknown,0.06257134236797583,30,0.8189575881069971,36
9121855,motor,cycle,0,0.65,fixed,1,31,24,1,0,0,unknown,0.17505220671742214,30,1.2127501267162575,36
9121855,external,cycle,0,0.65,fixed,1,31,24,1,0,0,unknown,0.08876214663079754,30,0.8947756905111712,36
9121855,sensor,cycle,0,0.65,fixed,1,31,24,1,0,0,unknown,0.06257134236797583,30,0.8189575881069971,36
9121855,motor_external,cycle,0,0.65,fixed,1,31,24,1,0,0,unknown,0.2234610377338318,30,1.3348060995402584,36
9121855,external_sensor,cycle,0,0.65,fixed,1,31,24,1,0,0,unknown,0.08876214663079754,30,0.8947756905111712,36
9121855,nonlinear,cycle,0,0.65,fixed,1,31,24,1,0,0,unknown,0.40585747924165394,30,1.0891203010846016,36
9121855,none,cycle,0,0.65,calibrated,0,31,,0,1,0,none,0.12169751481128332,30,0.0,0
9121855,motor,cycle,0,0.65,calibrated,1,31,,0,0,0,none,1.421698413949623,30,0.0,0
9121855,external,cycle,0,0.65,calibrated,1,31,,0,0,0,none,0.8128367419188688,30,0.0,0
9121855,sensor,cycle,0,0.65,calibrated,1,31,,0,0,0,none,0.12169751481128332,30,0.0,0
9121855,motor_external,cycle,0,0.65,calibrated,1,31,,0,0,0,none,2.1128376410572085,30,0.0,0
9121855,external_sensor,cycle,0,0.65,calibrated,1,31,,0,0,0,none,0.8128367419188688,30,0.0,0
9121855,nonlinear,cycle,0,0.65,calibrated,1,31,,0,0,0,none,0.6390345616366737,30,0.0,0
9121908,none,adaptive,1,0.13,fixed,0,32,,0,1,0,none,0.004511287757278325,0,0.0,0
9121908,motor,adaptive,1,0.13,fixed,1,32,33,1,1,1,motor,0.0018506072266785117,20,0.03478081873566675,27
9121908,external,adaptive,1,0.13,fixed,1,32,33,1,1,1,external,0.0018506072266785208,20,0.03478081873566675,27
9121908,sensor,adaptive,1,0.13,fixed,1,32,33,1,1,1,sensor,0.0018506072266785036,20,0.03478081873566675,27
9121908,motor_external,adaptive,1,0.13,fixed,1,32,33,1,1,1,motor_external,0.0018506072266785123,20,0.034780818735666755,27
9121908,external_sensor,adaptive,1,0.13,fixed,1,32,33,1,1,1,external_sensor,0.0018506072266785208,20,0.03478081873566675,27
9121908,nonlinear,adaptive,1,0.13,fixed,1,32,33,1,0,0,unknown,0.36165556409849847,20,0.3841470523783109,27
9121908,none,adaptive,1,0.13,calibrated,0,32,,0,1,0,none,0.004511287757278325,0,0.0,0
9121908,motor,adaptive,1,0.13,calibrated,1,32,33,1,1,1,motor,0.0018506072266785117,20,0.03478081873566675,27
9121908,external,adaptive,1,0.13,calibrated,1,32,33,1,1,1,external,0.0018506072266785208,20,0.03478081873566675,27
9121908,sensor,adaptive,1,0.13,calibrated,1,32,33,1,1,1,sensor,0.0018506072266785036,20,0.03478081873566675,27
9121908,motor_external,adaptive,1,0.13,calibrated,1,32,33,1,1,1,motor_external,0.0018506072266785123,20,0.034780818735666755,27
9121908,external_sensor,adaptive,1,0.13,calibrated,1,32,33,1,1,1,external_sensor,0.0018506072266785208,20,0.03478081873566675,27
9121908,nonlinear,adaptive,1,0.13,calibrated,1,32,33,1,0,0,unknown,0.36165556409849847,20,0.3841470523783109,27
9121908,none,cycle,1,0.13,fixed,0,32,,0,1,0,none,0.004511287757278325,30,0.0,0
9121908,motor,cycle,1,0.13,fixed,1,32,33,1,1,1,motor,0.0018257488219046395,30,0.03509825806685341,27
9121908,external,cycle,1,0.13,fixed,1,32,33,1,1,1,external,0.0018257488219046443,30,0.03509825806685341,27
9121908,sensor,cycle,1,0.13,fixed,1,32,33,1,1,1,sensor,0.0018257488219046401,30,0.03509825806685341,27
9121908,motor_external,cycle,1,0.13,fixed,1,32,33,1,1,1,motor_external,0.0018257488219046512,30,0.03509825806685342,27
9121908,external_sensor,cycle,1,0.13,fixed,1,32,33,1,1,1,external_sensor,0.0018257488219046443,30,0.03509825806685341,27
9121908,nonlinear,cycle,1,0.13,fixed,1,32,34,1,0,0,unknown,0.33750565866610466,30,0.3376030661300987,26
9121908,none,cycle,1,0.13,calibrated,0,32,,0,1,0,none,0.004511287757278325,30,0.0,0
9121908,motor,cycle,1,0.13,calibrated,1,32,33,1,1,1,motor,0.0018257488219046395,30,0.03509825806685341,27
9121908,external,cycle,1,0.13,calibrated,1,32,33,1,1,1,external,0.0018257488219046443,30,0.03509825806685341,27
9121908,sensor,cycle,1,0.13,calibrated,1,32,33,1,1,1,sensor,0.0018257488219046401,30,0.03509825806685341,27
9121908,motor_external,cycle,1,0.13,calibrated,1,32,33,1,1,1,motor_external,0.0018257488219046512,30,0.03509825806685342,27
9121908,external_sensor,cycle,1,0.13,calibrated,1,32,33,1,1,1,external_sensor,0.0018257488219046443,30,0.03509825806685341,27
9121908,nonlinear,cycle,1,0.13,calibrated,1,32,34,1,0,0,unknown,0.33750565866610466,30,0.3376030661300987,26
9121908,none,adaptive,0,0.13,fixed,0,32,,0,1,0,none,0.004511287757278325,0,0.0,0
9121908,motor,adaptive,0,0.13,fixed,1,32,33,1,1,1,motor,0.0018506072266785117,20,0.03478081873566675,27
9121908,external,adaptive,0,0.13,fixed,1,32,33,1,0,0,undetermined,0.0018506072266785208,20,0.03478081873566675,27
9121908,sensor,adaptive,0,0.13,fixed,1,32,33,1,0,0,undetermined,0.0018506072266785036,20,0.03478081873566675,27
9121908,motor_external,adaptive,0,0.13,fixed,1,32,33,1,0,0,undetermined,0.0018506072266785123,20,0.034780818735666755,27
9121908,external_sensor,adaptive,0,0.13,fixed,1,32,33,1,0,0,undetermined,0.0018506072266785208,20,0.03478081873566675,27
9121908,nonlinear,adaptive,0,0.13,fixed,1,32,33,1,0,0,unknown,0.36165556409849847,20,0.3841470523783109,27
9121908,none,adaptive,0,0.13,calibrated,0,32,,0,1,0,none,0.004511287757278325,0,0.0,0
9121908,motor,adaptive,0,0.13,calibrated,1,32,33,1,1,1,motor,0.0018506072266785117,20,0.03478081873566675,27
9121908,external,adaptive,0,0.13,calibrated,1,32,33,1,0,0,undetermined,0.0018506072266785208,20,0.03478081873566675,27
9121908,sensor,adaptive,0,0.13,calibrated,1,32,33,1,0,0,undetermined,0.0018506072266785036,20,0.03478081873566675,27
9121908,motor_external,adaptive,0,0.13,calibrated,1,32,33,1,0,0,undetermined,0.0018506072266785123,20,0.034780818735666755,27
9121908,external_sensor,adaptive,0,0.13,calibrated,1,32,33,1,0,0,undetermined,0.0018506072266785208,20,0.03478081873566675,27
9121908,nonlinear,adaptive,0,0.13,calibrated,1,32,33,1,0,0,unknown,0.36165556409849847,20,0.3841470523783109,27
9121908,none,cycle,0,0.13,fixed,0,32,,0,1,0,none,0.004511287757278325,30,0.0,0
9121908,motor,cycle,0,0.13,fixed,1,32,33,1,1,1,motor,0.0018257488219046395,30,0.03509825806685341,27
9121908,external,cycle,0,0.13,fixed,1,32,33,1,0,0,undetermined,0.0018257488219046443,30,0.03509825806685341,27
9121908,sensor,cycle,0,0.13,fixed,1,32,33,1,0,0,undetermined,0.0018257488219046401,30,0.03509825806685341,27
9121908,motor_external,cycle,0,0.13,fixed,1,32,33,1,0,0,undetermined,0.0018257488219046512,30,0.03509825806685342,27
9121908,external_sensor,cycle,0,0.13,fixed,1,32,33,1,0,0,undetermined,0.0018257488219046443,30,0.03509825806685341,27
9121908,nonlinear,cycle,0,0.13,fixed,1,32,33,1,0,0,unknown,0.3380686266627141,30,0.33228383880856877,27
9121908,none,cycle,0,0.13,calibrated,0,32,,0,1,0,none,0.004511287757278325,30,0.0,0
9121908,motor,cycle,0,0.13,calibrated,1,32,33,1,1,1,motor,0.0018257488219046395,30,0.03509825806685341,27
9121908,external,cycle,0,0.13,calibrated,1,32,33,1,0,0,undetermined,0.0018257488219046443,30,0.03509825806685341,27
9121908,sensor,cycle,0,0.13,calibrated,1,32,33,1,0,0,undetermined,0.0018257488219046401,30,0.03509825806685341,27
9121908,motor_external,cycle,0,0.13,calibrated,1,32,33,1,0,0,undetermined,0.0018257488219046512,30,0.03509825806685342,27
9121908,external_sensor,cycle,0,0.13,calibrated,1,32,33,1,0,0,undetermined,0.0018257488219046443,30,0.03509825806685341,27
9121908,nonlinear,cycle,0,0.13,calibrated,1,32,33,1,0,0,unknown,0.3380686266627141,30,0.33228383880856877,27
9121908,none,adaptive,1,0.35,fixed,0,32,24,1,1,1,none,0.009355777396077698,27,0.2522890284451036,36
9121908,motor,adaptive,1,0.35,fixed,1,32,24,1,1,1,motor,0.09569891796933858,27,0.5606584408919462,36
9121908,external,adaptive,1,0.35,fixed,1,32,24,1,1,1,external,0.05536416900367067,27,0.3426895119464511,36
9121908,sensor,adaptive,1,0.35,fixed,1,32,24,1,1,1,sensor,0.009355777396077698,27,0.2522890284451036,36
9121908,motor_external,adaptive,1,0.35,fixed,1,32,24,1,1,1,motor_external,0.14170730957693156,27,0.6510589243932936,36
9121908,external_sensor,adaptive,1,0.35,fixed,1,32,24,1,1,1,external_sensor,0.05536416900367067,27,0.3426895119464511,36
9121908,nonlinear,adaptive,1,0.35,fixed,1,32,24,1,0,0,unknown,0.34155985842046244,27,0.6122071467043514,36
9121908,none,adaptive,1,0.35,calibrated,0,32,,0,1,0,none,0.032700162737668306,0,0.0,0
9121908,motor,adaptive,1,0.35,calibrated,1,32,35,1,1,1,motor,0.010331937751006822,18,0.25316398759186315,25
9121908,external,adaptive,1,0.35,calibrated,1,32,,0,0,0,none,0.7147023436922886,0,0.0,0
9121908,sensor,adaptive,1,0.35,calibrated,1,32,,0,0,0,none,0.032700162737668306,0,0.0,0
9121908,motor_external,adaptive,1,0.35,calibrated,1,32,35,1,1,1,motor_external,0.010331937751006843,18,0.25316398759186315,25
9121908,external_sensor,adaptive,1,0.35,calibrated,1,32,,0,0,0,none,0.7147023436922886,0,0.0,0
9121908,nonlinear,adaptive,1,0.35,calibrated,1,32,35,1,0,1,external,0.3757269992487461,18,0.6108234380657946,25
9121908,none,cycle,1,0.35,fixed,0,32,24,1,1,1,none,0.00820931513688074,30,0.2538719251304529,36
9121908,motor,cycle,1,0.35,fixed,1,32,24,1,1,1,motor,0.0912798817657653,30,0.47788130066883355,36
9121908,external,cycle,1,0.35,fixed,1,32,24,1,1,1,external,0.05651630532642724,30,0.3419117912739105,36
9121908,sensor,cycle,1,0.35,fixed,1,32,24,1,1,1,sensor,0.00820931513688074,30,0.2538719251304529,36
9121908,motor_external,cycle,1,0.35,fixed,1,32,24,1,1,1,motor_external,0.1757342565155436,30,0.6161997039020216,36
9121908,external_sensor,cycle,1,0.35,fixed,1,32,24,1,1,1,external_sensor,0.05651630532642724,30,0.3419117912739105,36
9121908,nonlinear,cycle,1,0.35,fixed,1,32,24,1,0,0,unknown,0.3364760321111349,30,0.4648647977636101,36
9121908,none,cycle,1,0.35,calibrated,0,32,,0,1,0,none,0.032700162737668306,30,0.0,0
9121908,motor,cycle,1,0.35,calibrated,1,32,38,1,1,1,motor,0.010648626268311123,30,0.24301001190254923,22
9121908,external,cycle,1,0.35,calibrated,1,32,,0,0,0,none,0.7147023436922886,30,0.0,0
9121908,sensor,cycle,1,0.35,calibrated,1,32,,0,0,0,none,0.032700162737668306,30,0.0,0
9121908,motor_external,cycle,1,0.35,calibrated,1,32,40,1,1,1,motor_external,0.007271318074313378,30,0.23109703763212078,20
9121908,external_sensor,cycle,1,0.35,calibrated,1,32,,0,0,0,none,0.7147023436922886,30,0.0,0
9121908,nonlinear,cycle,1,0.35,calibrated,1,32,,0,0,0,none,0.6907516254893068,30,0.0,0
9121908,none,adaptive,0,0.35,fixed,0,32,24,1,1,1,none,0.009355777396077698,27,0.2522890284451036,36
9121908,motor,adaptive,0,0.35,fixed,1,32,24,1,1,1,motor,0.09569891796933858,27,0.5606584408919462,36
9121908,external,adaptive,0,0.35,fixed,1,32,24,1,0,0,undetermined,0.05536416900367067,27,0.3426895119464511,36
9121908,sensor,adaptive,0,0.35,fixed,1,32,24,1,0,0,undetermined,0.009355777396077698,27,0.2522890284451036,36
9121908,motor_external,adaptive,0,0.35,fixed,1,32,24,1,0,0,undetermined,0.14170730957693156,27,0.6510589243932936,36
9121908,external_sensor,adaptive,0,0.35,fixed,1,32,24,1,0,0,undetermined,0.05536416900367067,27,0.3426895119464511,36
9121908,nonlinear,adaptive,0,0.35,fixed,1,32,24,1,0,0,unknown,0.34155985842046244,27,0.6122071467043514,36
9121908,none,adaptive,0,0.35,calibrated,0,32,,0,1,0,none,0.032700162737668306,0,0.0,0
9121908,motor,adaptive,0,0.35,calibrated,1,32,33,1,1,1,motor,0.01341416480876432,20,0.2521094849182944,27
9121908,external,adaptive,0,0.35,calibrated,1,32,,0,0,0,none,0.7147023436922886,0,0.0,0
9121908,sensor,adaptive,0,0.35,calibrated,1,32,,0,0,0,none,0.032700162737668306,0,0.0,0
9121908,motor_external,adaptive,0,0.35,calibrated,1,32,35,1,0,0,undetermined,0.010331937751006843,18,0.25316398759186315,25
9121908,external_sensor,adaptive,0,0.35,calibrated,1,32,37,1,0,0,undetermined,0.023503460621410732,17,0.2180353270146303,23
9121908,nonlinear,adaptive,0,0.35,calibrated,1,32,34,1,0,0,undetermined,0.3952044527716999,19,0.54031295724258,26
9121908,none,cycle,0,0.35,fixed,0,32,24,1,1,1,none,0.00820931513688074,30,0.2538719251304529,36
9121908,motor,cycle,0,0.35,fixed,1,32,24,1,1,1,motor,0.0912798817657653,30,0.47788130066883355,36
9121908,external,cycle,0,0.35,fixed,1,32,24,1,0,0,undetermined,0.05651630532642724,30,0.3419117912739105,36
9121908,sensor,cycle,0,0.35,fixed,1,32,24,1,0,0,undetermined,0.00820931513688074,30,0.2538719251304529,36
9121908,motor_external,cycle,0,0.35,fixed,1,32,24,1,0,0,undetermined,0.1757342565155436,30,0.6161997039020216,36
9121908,external_sensor,cycle,0,0.35,fixed,1,32,24,1,0,0,undetermined,0.05651630532642724,30,0.3419117912739105,36
9121908,nonlinear,cycle,0,0.35,fixed,1,32,24,1,0,0,unknown,0.3364760321111349,30,0.4648647977636101,36
9121908,none,cycle,0,0.35,calibrated,0,32,,0,1,0,none,0.032700162737668306,30,0.0,0
9121908,motor,cycle,0,0.35,calibrated,1,32,33,1,1,1,motor,0.013233978146941943,30,0.25441045048458827,27
9121908,external,cycle,0,0.35,calibrated,1,32,,0,0,0,none,0.7147023436922886,30,0.0,0
9121908,sensor,cycle,0,0.35,calibrated,1,32,,0,0,0,none,0.032700162737668306,30,0.0,0
9121908,motor_external,cycle,0,0.35,calibrated,1,32,35,1,0,0,undetermined,0.014809585700226072,30,0.2504248366057212,25
9121908,external_sensor,cycle,0,0.35,calibrated,1,32,37,1,0,0,undetermined,0.011394925443717313,30,0.2328440132820917,23
9121908,nonlinear,cycle,0,0.35,calibrated,1,32,,0,0,0,none,0.6907516254893068,30,0.0,0
9121908,none,adaptive,1,0.65,fixed,0,32,24,1,0,0,unknown,0.03226788530483932,27,0.87013971035148,36
9121908,motor,adaptive,1,0.65,fixed,1,32,24,1,0,0,unknown,0.12489456435888464,27,1.1465294657421774,36
9121908,external,adaptive,1,0.65,fixed,1,32,24,1,0,0,unknown,0.08342632686179764,27,0.9180263225682683,36
9121908,sensor,adaptive,1,0.65,fixed,1,32,24,1,0,0,unknown,0.03226788530483932,27,0.87013971035148,36
9121908,motor_external,adaptive,1,0.65,fixed,1,32,24,1,0,0,unknown,0.1760530059158431,27,1.1944160779589654,36
9121908,external_sensor,adaptive,1,0.65,fixed,1,32,24,1,0,0,unknown,0.08342632686179764,27,0.9180263225682683,36
9121908,nonlinear,adaptive,1,0.65,fixed,1,32,24,1,0,0,unknown,0.3626138241384852,27,1.2549016654255327,36
9121908,none,adaptive,1,0.65,calibrated,0,32,,0,1,0,none,0.11278219393195835,0,0.0,0
9121908,motor,adaptive,1,0.65,calibrated,1,32,,0,0,0,none,2.146988679806566,0,0.0,0
9121908,external,adaptive,1,0.65,calibrated,1,32,,0,0,0,none,0.6850719585619671,0,0.0,0
9121908,sensor,adaptive,1,0.65,calibrated,1,32,,0,0,0,none,0.11278219393195835,0,0.0,0
9121908,motor_external,adaptive,1,0.65,calibrated,1,32,,0,0,0,none,2.7192784444365743,0,0.0,0
9121908,external_sensor,adaptive,1,0.65,calibrated,1,32,,0,0,0,none,0.6850719585619671,0,0.0,0
9121908,nonlinear,adaptive,1,0.65,calibrated,1,32,,0,0,0,none,0.8574491961850015,0,0.0,0
9121908,none,cycle,1,0.65,fixed,0,32,24,1,0,0,unknown,0.028313760370058068,30,0.8755990887152357,36
9121908,motor,cycle,1,0.65,fixed,1,32,24,1,0,0,unknown,0.12189808111926989,30,1.067259225051688,36
9121908,external,cycle,1,0.65,fixed,1,32,24,1,0,0,unknown,0.0820185017824783,30,0.921258469067,36
9121908,sensor,cycle,1,0.65,fixed,1,32,24,1,0,0,unknown,0.028313760370058068,30,0.8755990887152357,36
9121908,motor_external,cycle,1,0.65,fixed,1,32,24,1,0,0,unknown,0.21175020709192188,30,1.1631971424931828,36
9121908,external_sensor,cycle,1,0.65,fixed,1,32,24,1,0,0,unknown,0.0820185017824783,30,0.921258469067,36
9121908,nonlinear,cycle,1,0.65,fixed,1,32,24,1,0,0,unknown,0.34333825845994526,30,1.0074834137988649,36
9121908,none,cycle,1,0.65,calibrated,0,32,,0,1,0,none,0.11278219393195835,30,0.0,0
9121908,motor,cycle,1,0.65,calibrated,1,32,,0,0,0,none,2.146988679806566,30,0.0,0
9121908,external,cycle,1,0.65,calibrated,1,32,,0,0,0,none,0.6850719585619671,30,0.0,0
9121908,sensor,cycle,1,0.65,calibrated,1,32,,0,0,0,none,0.11278219393195835,30,0.0,0
9121908,motor_external,cycle,1,0.65,calibrated,1,32,,0,0,0,none,2.7192784444365743,30,0.0,0
9121908,external_sensor,cycle,1,0.65,calibrated,1,32,,0,0,0,none,0.6850719585619671,30,0.0,0
9121908,nonlinear,cycle,1,0.65,calibrated,1,32,,0,0,0,none,0.8574491961850015,30,0.0,0
9121908,none,adaptive,0,0.65,fixed,0,32,24,1,0,0,unknown,0.03226788530483932,27,0.87013971035148,36
9121908,motor,adaptive,0,0.65,fixed,1,32,24,1,0,0,unknown,0.12489456435888464,27,1.1465294657421774,36
9121908,external,adaptive,0,0.65,fixed,1,32,24,1,0,0,unknown,0.08342632686179764,27,0.9180263225682683,36
9121908,sensor,adaptive,0,0.65,fixed,1,32,24,1,0,0,unknown,0.03226788530483932,27,0.87013971035148,36
9121908,motor_external,adaptive,0,0.65,fixed,1,32,24,1,0,0,unknown,0.1760530059158431,27,1.1944160779589654,36
9121908,external_sensor,adaptive,0,0.65,fixed,1,32,24,1,0,0,unknown,0.08342632686179764,27,0.9180263225682683,36
9121908,nonlinear,adaptive,0,0.65,fixed,1,32,24,1,0,0,unknown,0.3626138241384852,27,1.2549016654255327,36
9121908,none,adaptive,0,0.65,calibrated,0,32,,0,1,0,none,0.11278219393195835,0,0.0,0
9121908,motor,adaptive,0,0.65,calibrated,1,32,,0,0,0,none,2.146988679806566,0,0.0,0
9121908,external,adaptive,0,0.65,calibrated,1,32,,0,0,0,none,0.6850719585619671,0,0.0,0
9121908,sensor,adaptive,0,0.65,calibrated,1,32,,0,0,0,none,0.11278219393195835,0,0.0,0
9121908,motor_external,adaptive,0,0.65,calibrated,1,32,,0,0,0,none,2.7192784444365743,0,0.0,0
9121908,external_sensor,adaptive,0,0.65,calibrated,1,32,,0,0,0,none,0.6850719585619671,0,0.0,0
9121908,nonlinear,adaptive,0,0.65,calibrated,1,32,,0,0,0,none,0.8574491961850015,0,0.0,0
9121908,none,cycle,0,0.65,fixed,0,32,24,1,0,0,unknown,0.028313760370058068,30,0.8755990887152357,36
9121908,motor,cycle,0,0.65,fixed,1,32,24,1,0,0,unknown,0.12189808111926989,30,1.067259225051688,36
9121908,external,cycle,0,0.65,fixed,1,32,24,1,0,0,unknown,0.0820185017824783,30,0.921258469067,36
9121908,sensor,cycle,0,0.65,fixed,1,32,24,1,0,0,unknown,0.028313760370058068,30,0.8755990887152357,36
9121908,motor_external,cycle,0,0.65,fixed,1,32,24,1,0,0,unknown,0.21175020709192188,30,1.1631971424931828,36
9121908,external_sensor,cycle,0,0.65,fixed,1,32,24,1,0,0,unknown,0.0820185017824783,30,0.921258469067,36
9121908,nonlinear,cycle,0,0.65,fixed,1,32,24,1,0,0,unknown,0.34333825845994526,30,1.0074834137988649,36
9121908,none,cycle,0,0.65,calibrated,0,32,,0,1,0,none,0.11278219393195835,30,0.0,0
9121908,motor,cycle,0,0.65,calibrated,1,32,,0,0,0,none,2.146988679806566,30,0.0,0
9121908,external,cycle,0,0.65,calibrated,1,32,,0,0,0,none,0.6850719585619671,30,0.0,0
9121908,sensor,cycle,0,0.65,calibrated,1,32,,0,0,0,none,0.11278219393195835,30,0.0,0
9121908,motor_external,cycle,0,0.65,calibrated,1,32,,0,0,0,none,2.7192784444365743,30,0.0,0
9121908,external_sensor,cycle,0,0.65,calibrated,1,32,,0,0,0,none,0.6850719585619671,30,0.0,0
9121908,nonlinear,cycle,0,0.65,calibrated,1,32,,0,0,0,none,0.8574491961850015,30,0.0,0
9121961,none,adaptive,1,0.13,fixed,0,34,,0,1,0,none,0.0020863772336583075,0,0.0,0
9121961,motor,adaptive,1,0.13,fixed,1,34,35,1,1,1,motor,0.0024945326366554704,18,0.03505334129721617,25
9121961,external,adaptive,1,0.13,fixed,1,34,35,1,1,1,external,0.00249453263665547,18,0.03505334129721616,25
9121961,sensor,adaptive,1,0.13,fixed,1,34,35,1,1,1,sensor,0.002494532636655474,18,0.03505334129721616,25
9121961,motor_external,adaptive,1,0.13,fixed,1,34,35,1,1,1,motor_external,0.0024945326366554673,18,0.03505334129721616,25
9121961,external_sensor,adaptive,1,0.13,fixed,1,34,35,1,1,1,external_sensor,0.00249453263665547,18,0.03505334129721616,25
9121961,nonlinear,adaptive,1,0.13,fixed,1,34,35,1,0,0,unknown,0.34234090805037753,18,0.39490246519562544,25
9121961,none,adaptive,1,0.13,calibrated,0,34,,0,1,0,none,0.0020863772336583075,0,0.0,0
9121961,motor,adaptive,1,0.13,calibrated,1,34,35,1,1,1,motor,0.0024945326366554704,18,0.03505334129721617,25
9121961,external,adaptive,1,0.13,calibrated,1,34,35,1,1,1,external,0.00249453263665547,18,0.03505334129721616,25
9121961,sensor,adaptive,1,0.13,calibrated,1,34,35,1,1,1,sensor,0.002494532636655474,18,0.03505334129721616,25
9121961,motor_external,adaptive,1,0.13,calibrated,1,34,35,1,1,1,motor_external,0.0024945326366554673,18,0.03505334129721616,25
9121961,external_sensor,adaptive,1,0.13,calibrated,1,34,35,1,1,1,external_sensor,0.00249453263665547,18,0.03505334129721616,25
9121961,nonlinear,adaptive,1,0.13,calibrated,1,34,35,1,0,0,unknown,0.34234090805037753,18,0.39490246519562544,25
9121961,none,cycle,1,0.13,fixed,0,34,,0,1,0,none,0.0020863772336583075,30,0.0,0
9121961,motor,cycle,1,0.13,fixed,1,34,35,1,1,1,motor,0.00488455930816044,30,0.032682503202090374,25
9121961,external,cycle,1,0.13,fixed,1,34,35,1,1,1,external,0.004884559308160416,30,0.032682503202090374,25
9121961,sensor,cycle,1,0.13,fixed,1,34,35,1,1,1,sensor,0.004884559308160417,30,0.03268250320209037,25
9121961,motor_external,cycle,1,0.13,fixed,1,34,35,1,1,1,motor_external,0.004884559308160429,30,0.03268250320209037,25
9121961,external_sensor,cycle,1,0.13,fixed,1,34,35,1,1,1,external_sensor,0.004884559308160416,30,0.032682503202090374,25
9121961,nonlinear,cycle,1,0.13,fixed,1,34,35,1,0,0,unknown,0.3390845593081604,30,0.41355527795159225,25
9121961,none,cycle,1,0.13,calibrated,0,34,,0,1,0,none,0.0020863772336583075,30,0.0,0
9121961,motor,cycle,1,0.13,calibrated,1,34,35,1,1,1,motor,0.00488455930816044,30,0.032682503202090374,25
9121961,external,cycle,1,0.13,calibrated,1,34,35,1,1,1,external,0.004884559308160416,30,0.032682503202090374,25
9121961,sensor,cycle,1,0.13,calibrated,1,34,35,1,1,1,sensor,0.004884559308160417,30,0.03268250320209037,25
9121961,motor_external,cycle,1,0.13,calibrated,1,34,35,1,1,1,motor_external,0.004884559308160429,30,0.03268250320209037,25
9121961,external_sensor,cycle,1,0.13,calibrated,1,34,35,1,1,1,external_sensor,0.004884559308160416,30,0.032682503202090374,25
9121961,nonlinear,cycle,1,0.13,calibrated,1,34,35,1,0,0,unknown,0.3390845593081604,30,0.41355527795159225,25
9121961,none,adaptive,0,0.13,fixed,0,34,,0,1,0,none,0.0020863772336583075,0,0.0,0
9121961,motor,adaptive,0,0.13,fixed,1,34,35,1,1,1,motor,0.0024945326366554704,18,0.03505334129721617,25
9121961,external,adaptive,0,0.13,fixed,1,34,35,1,0,0,undetermined,0.00249453263665547,18,0.03505334129721616,25
9121961,sensor,adaptive,0,0.13,fixed,1,34,35,1,0,0,undetermined,0.002494532636655474,18,0.03505334129721616,25
9121961,motor_external,adaptive,0,0.13,fixed,1,34,35,1,0,0,undetermined,0.0024945326366554673,18,0.03505334129721616,25
9121961,external_sensor,adaptive,0,0.13,fixed,1,34,35,1,0,0,undetermined,0.00249453263665547,18,0.03505334129721616,25
9121961,nonlinear,adaptive,0,0.13,fixed,1,34,35,1,0,0,unknown,0.34234090805037753,18,0.39490246519562544,25
9121961,none,adaptive,0,0.13,calibrated,0,34,,0,1,0,none,0.0020863772336583075,0,0.0,0
9121961,motor,adaptive,0,0.13,calibrated,1,34,35,1,1,1,motor,0.0024945326366554704,18,0.03505334129721617,25
9121961,external,adaptive,0,0.13,calibrated,1,34,35,1,0,0,undetermined,0.00249453263665547,18,0.03505334129721616,25
9121961,sensor,adaptive,0,0.13,calibrated,1,34,35,1,0,0,undetermined,0.002494532636655474,18,0.03505334129721616,25
9121961,motor_external,adaptive,0,0.13,calibrated,1,34,35,1,0,0,undetermined,0.0024945326366554673,18,0.03505334129721616,25
9121961,external_sensor,adaptive,0,0.13,calibrated,1,34,35,1,0,0,undetermined,0.00249453263665547,18,0.03505334129721616,25
9121961,nonlinear,adaptive,0,0.13,calibrated,1,34,35,1,0,0,unknown,0.34234090805037753,18,0.39490246519562544,25
9121961,none,cycle,0,0.13,fixed,0,34,,0,1,0,none,0.0020863772336583075,30,0.0,0
9121961,motor,cycle,0,0.13,fixed,1,34,35,1,1,1,motor,0.00488455930816044,30,0.032682503202090374,25
9121961,external,cycle,0,0.13,fixed,1,34,35,1,0,0,undetermined,0.004884559308160416,30,0.032682503202090374,25
9121961,sensor,cycle,0,0.13,fixed,1,34,35,1,0,0,undetermined,0.004884559308160417,30,0.03268250320209037,25
9121961,motor_external,cycle,0,0.13,fixed,1,34,35,1,0,0,undetermined,0.004884559308160429,30,0.03268250320209037,25
9121961,external_sensor,cycle,0,0.13,fixed,1,34,35,1,0,0,undetermined,0.004884559308160416,30,0.032682503202090374,25
9121961,nonlinear,cycle,0,0.13,fixed,1,34,35,1,0,0,unknown,0.3390845593081604,30,0.41355527795159225,25
9121961,none,cycle,0,0.13,calibrated,0,34,,0,1,0,none,0.0020863772336583075,30,0.0,0
9121961,motor,cycle,0,0.13,calibrated,1,34,35,1,1,1,motor,0.00488455930816044,30,0.032682503202090374,25
9121961,external,cycle,0,0.13,calibrated,1,34,35,1,0,0,undetermined,0.004884559308160416,30,0.032682503202090374,25
9121961,sensor,cycle,0,0.13,calibrated,1,34,35,1,0,0,undetermined,0.004884559308160417,30,0.03268250320209037,25
9121961,motor_external,cycle,0,0.13,calibrated,1,34,35,1,0,0,undetermined,0.004884559308160429,30,0.03268250320209037,25
9121961,external_sensor,cycle,0,0.13,calibrated,1,34,35,1,0,0,undetermined,0.004884559308160416,30,0.032682503202090374,25
9121961,nonlinear,cycle,0,0.13,calibrated,1,34,35,1,0,0,unknown,0.3390845593081604,30,0.41355527795159225,25
9121961,none,adaptive,1,0.35,fixed,0,34,24,1,0,0,unknown,0.01835643729941951,27,0.23670014742927906,36
9121961,motor,adaptive,1,0.35,fixed,1,34,24,1,0,0,unknown,0.1781320694094787,27,0.5315551222611371,36
9121961,external,adaptive,1,0.35,fixed,1,34,24,1,0,0,unknown,0.0945359773847533,27,0.4698556371473583,36
9121961,sensor,adaptive,1,0.35,fixed,1,34,24,1,0,0,unknown,0.01835643729941951,27,0.23670014742927906,36
9121961,motor_external,adaptive,1,0.35,fixed,1,34,24,1,0,0,unknown,0.2543116094948123,27,0.7647106119792163,36
9121961,external_sensor,adaptive,1,0.35,fixed,1,34,24,1,0,0,unknown,0.0945359773847533,27,0.4698556371473583,36
9121961,nonlinear,adaptive,1,0.35,fixed,1,34,24,1,0,0,unknown,0.3716517440692782,27,0.5060761428660725,36
9121961,none,adaptive,1,0.35,calibrated,0,34,,0,1,0,none,0.01512314858716842,0,0.0,0
9121961,motor,adaptive,1,0.35,calibrated,1,34,46,1,1,1,motor,0.01652393293277403,10,0.1808063512436131,14
9121961,external,adaptive,1,0.35,calibrated,1,34,,0,0,0,none,0.8191681504303906,0,0.0,0
9121961,sensor,adaptive,1,0.35,calibrated,1,34,52,1,0,0,undetermined,0.02477137706510863,6,0.12120896972309717,8
9121961,motor_external,adaptive,1,0.35,calibrated,1,34,,0,0,0,none,2.4710934249434042,0,0.0,0
9121961,external_sensor,adaptive,1,0.35,calibrated,1,34,52,1,0,0,undetermined,0.024771377065108617,6,0.12120896972309715,8
9121961,nonlinear,adaptive,1,0.35,calibrated,1,34,,0,0,0,none,0.5149022721805745,0,0.0,0
9121961,none,cycle,1,0.35,fixed,0,34,24,1,0,0,unknown,0.020107996791661163,30,0.23538719596948368,36
9121961,motor,cycle,1,0.35,fixed,1,34,24,1,0,0,unknown,0.10374890929108771,30,0.624083118528438,36
9121961,external,cycle,1,0.35,fixed,1,34,24,1,0,0,unknown,0.09885050886698699,30,0.4673094446043048,36
9121961,sensor,cycle,1,0.35,fixed,1,34,24,1,0,0,unknown,0.020107996791661163,30,0.23538719596948368,36
9121961,motor_external,cycle,1,0.35,fixed,1,34,24,1,0,0,unknown,0.17718966626236723,30,0.8587053350403199,36
9121961,external_sensor,cycle,1,0.35,fixed,1,34,24,1,0,0,unknown,0.09885050886698699,30,0.4673094446043048,36
9121961,nonlinear,cycle,1,0.35,fixed,1,34,24,1,0,0,unknown,0.3903362087389554,30,0.5876612683622764,36
9121961,none,cycle,1,0.35,calibrated,0,34,,0,1,0,none,0.01512314858716842,30,0.0,0
9121961,motor,cycle,1,0.35,calibrated,1,34,35,1,1,1,motor,0.03540582930471315,30,0.23689980131692717,25
9121961,external,cycle,1,0.35,calibrated,1,34,,0,0,0,none,0.8191681504303906,30,0.0,0
9121961,sensor,cycle,1,0.35,calibrated,1,34,52,1,0,0,undetermined,0.06033028515230071,30,0.08125196562392036,8
9121961,motor_external,cycle,1,0.35,calibrated,1,34,39,1,1,1,motor_external,0.036381053060937904,30,0.2642271464700454,21
9121961,external_sensor,cycle,1,0.35,calibrated,1,34,52,1,0,0,undetermined,0.06033028515230073,30,0.08125196562392037,8
9121961,nonlinear,cycle,1,0.35,calibrated,1,34,,0,0,0,none,0.5149022721805745,30,0.0,0
9121961,none,adaptive,0,0.35,fixed,0,34,24,1,1,1,none,0.01835643729941951,27,0.23670014742927906,36
9121961,motor,adaptive,0,0.35,fixed,1,34,24,1,1,1,motor,0.1781320694094787,27,0.5315551222611371,36
9121961,external,adaptive,0,0.35,fixed,1,34,24,1,0,0,undetermined,0.0945359773847533,27,0.4698556371473583,36
9121961,sensor,adaptive,0,0.35,fixed,1,34,24,1,0,0,undetermined,0.01835643729941951,27,0.23670014742927906,36
9121961,motor_external,adaptive,0,0.35,fixed,1,34,24,1,0,0,undetermined,0.2543116094948123,27,0.7647106119792163,36
9121961,external_sensor,adaptive,0,0.35,fixed,1,34,24,1,0,0,undetermined,0.0945359773847533,27,0.4698556371473583,36
9121961,nonlinear,adaptive,0,0.35,fixed,1,34,24,1,0,0,unknown,0.3716517440692782,27,0.5060761428660725,36
9121961,none,adaptive,0,0.35,calibrated,0,34,,0,1,0,none,0.01512314858716842,0,0.0,0
9121961,motor,adaptive,0,0.35,calibrated,1,34,36,1,1,1,motor,0.021603669441547537,18,0.25353944864328287,24
9121961,external,adaptive,0,0.35,calibrated,1,34,,0,0,0,none,0.8191681504303906,0,0.0,0
9121961,sensor,adaptive,0,0.35,calibrated,1,34,,0,0,0,none,0.01512314858716842,0,0.0,0
9121961,motor_external,adaptive,0,0.35,calibrated,1,34,36,1,0,0,undetermined,0.02160366944154759,18,0.25353944864328287,24
9121961,external_sensor,adaptive,0,0.35,calibrated,1,34,35,1,0,0,undetermined,0.018081671478715727,18,0.2540848703496437,25
9121961,nonlinear,adaptive,0,0.35,calibrated,1,34,,0,0,0,none,0.5149022721805745,0,0.0,0
9121961,none,cycle,0,0.35,fixed,0,34,24,1,1,1,none,0.020107996791661163,30,0.23538719596948368,36
9121961,motor,cycle,0,0.35,fixed,1,34,24,1,1,1,motor,0.10374890929108771,30,0.624083118528438,36
9121961,external,cycle,0,0.35,fixed,1,34,24,1,0,0,undetermined,0.09885050886698699,30,0.4673094446043048,36
9121961,sensor,cycle,0,0.35,fixed,1,34,24,1,0,0,undetermined,0.020107996791661163,30,0.23538719596948368,36
9121961,motor_external,cycle,0,0.35,fixed,1,34,24,1,0,0,undetermined,0.17718966626236723,30,0.8587053350403199,36
9121961,external_sensor,cycle,0,0.35,fixed,1,34,24,1,0,0,undetermined,0.09885050886698699,30,0.4673094446043048,36
9121961,nonlinear,cycle,0,0.35,fixed,1,34,24,1,0,0,unknown,0.3903362087389554,30,0.5876612683622764,36
9121961,none,cycle,0,0.35,calibrated,0,34,,0,1,0,none,0.01512314858716842,30,0.0,0
9121961,motor,cycle,0,0.35,calibrated,1,34,42,1,1,1,motor,0.03639092312521211,30,0.2523860893307256,18
9121961,external,cycle,0,0.35,calibrated,1,34,,0,0,0,none,0.8191681504303906,30,0.0,0
9121961,sensor,cycle,0,0.35,calibrated,1,34,,0,0,0,none,0.01512314858716842,30,0.0,0
9121961,motor_external,cycle,0,0.35,calibrated,1,34,39,1,0,0,undetermined,0.036381053060937904,30,0.2642271464700454,21
9121961,external_sensor,cycle,0,0.35,calibrated,1,34,35,1,0,0,undetermined,0.03540582930471309,30,0.23689980131692717,25
9121961,nonlinear,cycle,0,0.35,calibrated,1,34,,0,0,0,none,0.5149022721805745,30,0.0,0
9121961,none,adaptive,1,0.65,fixed,0,34,24,1,0,0,unknown,0.06331097762452859,27,0.81637397786833,36
9121961,motor,adaptive,1,0.65,fixed,1,34,24,1,0,0,unknown,0.24998424149029966,27,1.0253374496460135,36
9121961,external,adaptive,1,0.65,fixed,1,34,24,1,0,0,unknown,0.15121583778300546,27,1.1100913159161916,36
9121961,sensor,adaptive,1,0.65,fixed,1,34,24,1,0,0,unknown,0.06331097762452859,27,0.81637397786833,36
9121961,motor_external,adaptive,1,0.65,fixed,1,34,24,1,0,0,unknown,0.33788910164877667,27,1.319054787693875,36
9121961,external_sensor,adaptive,1,0.65,fixed,1,34,24,1,0,0,unknown,0.15121583778300546,27,1.1100913159161916,36
9121961,nonlinear,adaptive,1,0.65,fixed,1,34,24,1,0,0,unknown,0.4294837431071762,27,1.0449241069599406,36
9121961,none,adaptive,1,0.65,calibrated,0,34,,0,1,0,none,0.052159430841458486,0,0.0,0
9121961,motor,adaptive,1,0.65,calibrated,1,34,,0,0,0,none,1.748592083508484,0,0.0,0
9121961,external,adaptive,1,0.65,calibrated,1,34,,0,0,0,none,0.8511001485502998,0,0.0,0
9121961,sensor,adaptive,1,0.65,calibrated,1,34,,0,0,0,none,0.052159430841458486,0,0.0,0
9121961,motor_external,adaptive,1,0.65,calibrated,1,34,,0,0,0,none,2.5475328012173253,0,0.0,0
9121961,external_sensor,adaptive,1,0.65,calibrated,1,34,,0,0,0,none,0.8511001485502998,0,0.0,0
9121961,nonlinear,adaptive,1,0.65,calibrated,1,34,,0,0,0,none,0.5028920889434983,0,0.0,0
9121961,none,cycle,1,0.65,fixed,0,34,24,1,0,0,unknown,0.06935207056715789,30,0.8118456350784237,36
9121961,motor,cycle,1,0.65,fixed,1,34,24,1,0,0,unknown,0.11967109841377876,30,1.2580667666370224,36
9121961,external,cycle,1,0.65,fixed,1,34,24,1,0,0,unknown,0.16172217882993145,30,1.1033720586628897,36
9121961,sensor,cycle,1,0.65,fixed,1,34,24,1,0,0,unknown,0.06935207056715789,30,0.8118456350784237,36
9121961,motor_external,cycle,1,0.65,fixed,1,34,24,1,0,0,unknown,0.20673945157250576,30,1.5522931580985493,36
9121961,external_sensor,cycle,1,0.65,fixed,1,34,24,1,0,0,unknown,0.16172217882993145,30,1.1033720586628897,36
9121961,nonlinear,cycle,1,0.65,fixed,1,34,24,1,0,0,unknown,0.45642721916512896,30,1.2184167346251056,36
9121961,none,cycle,1,0.65,calibrated,0,34,,0,1,0,none,0.052159430841458486,30,0.0,0
9121961,motor,cycle,1,0.65,calibrated,1,34,,0,0,0,none,1.748592083508484,30,0.0,0
9121961,external,cycle,1,0.65,calibrated,1,34,,0,0,0,none,0.8511001485502998,30,0.0,0
9121961,sensor,cycle,1,0.65,calibrated,1,34,,0,0,0,none,0.052159430841458486,30,0.0,0
9121961,motor_external,cycle,1,0.65,calibrated,1,34,44,1,1,1,motor_external,0.07725792142637991,30,0.7207493951421265,16
9121961,external_sensor,cycle,1,0.65,calibrated,1,34,,0,0,0,none,0.8511001485502998,30,0.0,0
9121961,nonlinear,cycle,1,0.65,calibrated,1,34,,0,0,0,none,0.5028920889434983,30,0.0,0
9121961,none,adaptive,0,0.65,fixed,0,34,24,1,0,0,unknown,0.06331097762452859,27,0.81637397786833,36
9121961,motor,adaptive,0,0.65,fixed,1,34,24,1,0,0,unknown,0.24998424149029966,27,1.0253374496460135,36
9121961,external,adaptive,0,0.65,fixed,1,34,24,1,0,0,unknown,0.15121583778300546,27,1.1100913159161916,36
9121961,sensor,adaptive,0,0.65,fixed,1,34,24,1,0,0,unknown,0.06331097762452859,27,0.81637397786833,36
9121961,motor_external,adaptive,0,0.65,fixed,1,34,24,1,0,0,unknown,0.33788910164877667,27,1.319054787693875,36
9121961,external_sensor,adaptive,0,0.65,fixed,1,34,24,1,0,0,unknown,0.15121583778300546,27,1.1100913159161916,36
9121961,nonlinear,adaptive,0,0.65,fixed,1,34,24,1,0,0,unknown,0.4294837431071762,27,1.0449241069599406,36
9121961,none,adaptive,0,0.65,calibrated,0,34,,0,1,0,none,0.052159430841458486,0,0.0,0
9121961,motor,adaptive,0,0.65,calibrated,1,34,,0,0,0,none,1.748592083508484,0,0.0,0
9121961,external,adaptive,0,0.65,calibrated,1,34,,0,0,0,none,0.8511001485502998,0,0.0,0
9121961,sensor,adaptive,0,0.65,calibrated,1,34,,0,0,0,none,0.052159430841458486,0,0.0,0
9121961,motor_external,adaptive,0,0.65,calibrated,1,34,,0,0,0,none,2.5475328012173253,0,0.0,0
9121961,external_sensor,adaptive,0,0.65,calibrated,1,34,,0,0,0,none,0.8511001485502998,0,0.0,0
9121961,nonlinear,adaptive,0,0.65,calibrated,1,34,,0,0,0,none,0.5028920889434983,0,0.0,0
9121961,none,cycle,0,0.65,fixed,0,34,24,1,0,0,unknown,0.06935207056715789,30,0.8118456350784237,36
9121961,motor,cycle,0,0.65,fixed,1,34,24,1,0,0,unknown,0.11967109841377876,30,1.2580667666370224,36
9121961,external,cycle,0,0.65,fixed,1,34,24,1,0,0,unknown,0.16172217882993145,30,1.1033720586628897,36
9121961,sensor,cycle,0,0.65,fixed,1,34,24,1,0,0,unknown,0.06935207056715789,30,0.8118456350784237,36
9121961,motor_external,cycle,0,0.65,fixed,1,34,24,1,0,0,unknown,0.20673945157250576,30,1.5522931580985493,36
9121961,external_sensor,cycle,0,0.65,fixed,1,34,24,1,0,0,unknown,0.16172217882993145,30,1.1033720586628897,36
9121961,nonlinear,cycle,0,0.65,fixed,1,34,24,1,0,0,unknown,0.45642721916512896,30,1.2184167346251056,36
9121961,none,cycle,0,0.65,calibrated,0,34,,0,1,0,none,0.052159430841458486,30,0.0,0
9121961,motor,cycle,0,0.65,calibrated,1,34,,0,0,0,none,1.748592083508484,30,0.0,0
9121961,external,cycle,0,0.65,calibrated,1,34,,0,0,0,none,0.8511001485502998,30,0.0,0
9121961,sensor,cycle,0,0.65,calibrated,1,34,,0,0,0,none,0.052159430841458486,30,0.0,0
9121961,motor_external,cycle,0,0.65,calibrated,1,34,,0,0,0,none,2.5475328012173253,30,0.0,0
9121961,external_sensor,cycle,0,0.65,calibrated,1,34,,0,0,0,none,0.8511001485502998,30,0.0,0
9121961,nonlinear,cycle,0,0.65,calibrated,1,34,,0,0,0,none,0.5028920889434983,30,0.0,0
9122014,none,adaptive,1,0.13,fixed,0,31,,0,1,0,none,0.0006133037694889402,0,0.0,0
9122014,motor,adaptive,1,0.13,fixed,1,31,32,1,1,1,motor,0.002950755253576868,21,0.01791182513824044,28
9122014,external,adaptive,1,0.13,fixed,1,31,32,1,1,1,external,0.0029507552535768798,21,0.01791182513824044,28
9122014,sensor,adaptive,1,0.13,fixed,1,31,32,1,1,1,sensor,0.0029507552535768715,21,0.017911825138240443,28
9122014,motor_external,adaptive,1,0.13,fixed,1,31,38,1,1,1,motor_external,0.0049211466360912625,16,0.01585834174954365,22
9122014,external_sensor,adaptive,1,0.13,fixed,1,31,32,1,1,1,external_sensor,0.0029507552535768798,21,0.01791182513824044,28
9122014,nonlinear,adaptive,1,0.13,fixed,1,31,32,1,0,0,unknown,0.35529221067931094,21,0.35801710062114844,28
9122014,none,adaptive,1,0.13,calibrated,0,31,,0,1,0,none,0.0006133037694889402,0,0.0,0
9122014,motor,adaptive,1,0.13,calibrated,1,31,32,1,1,1,motor,0.002950755253576868,21,0.01791182513824044,28
9122014,external,adaptive,1,0.13,calibrated,1,31,32,1,1,1,external,0.0029507552535768798,21,0.01791182513824044,28
9122014,sensor,adaptive,1,0.13,calibrated,1,31,32,1,1,1,sensor,0.0029507552535768715,21,0.017911825138240443,28
9122014,motor_external,adaptive,1,0.13,calibrated,1,31,38,1,1,1,motor_external,0.0049211466360912625,16,0.01585834174954365,22
9122014,external_sensor,adaptive,1,0.13,calibrated,1,31,32,1,1,1,external_sensor,0.0029507552535768798,21,0.01791182513824044,28
9122014,nonlinear,adaptive,1,0.13,calibrated,1,31,32,1,0,0,unknown,0.35529221067931094,21,0.35801710062114844,28
9122014,none,cycle,1,0.13,fixed,0,31,,0,1,0,none,0.0006133037694889402,30,0.0,0
9122014,motor,cycle,1,0.13,fixed,1,31,33,1,1,1,motor,0.0029311939639398146,30,0.018768964637347008,27
9122014,external,cycle,1,0.13,fixed,1,31,32,1,1,1,external,0.0020645788014223344,30,0.019372041542838357,28
9122014,sensor,cycle,1,0.13,fixed,1,31,32,1,1,1,sensor,0.002064578801422346,30,0.01937204154283836,28
9122014,motor_external,cycle,1,0.13,fixed,1,31,33,1,1,1,motor_external,0.0029311939639398077,30,0.018768964637347008,27
9122014,external_sensor,cycle,1,0.13,fixed,1,31,32,1,1,1,external_sensor,0.0020645788014223344,30,0.019372041542838357,28
9122014,nonlinear,cycle,1,0.13,fixed,1,31,33,1,0,0,unknown,0.340156432782236,30,0.3525723765124087,27
9122014,none,cycle,1,0.13,calibrated,0,31,,0,1,0,none,0.0006133037694889402,30,0.0,0
9122014,motor,cycle,1,0.13,calibrated,1,31,33,1,1,1,motor,0.0029311939639398146,30,0.018768964637347008,27
9122014,external,cycle,1,0.13,calibrated,1,31,32,1,1,1,external,0.0020645788014223344,30,0.019372041542838357,28
9122014,sensor,cycle,1,0.13,calibrated,1,31,32,1,1,1,sensor,0.002064578801422346,30,0.01937204154283836,28
9122014,motor_external,cycle,1,0.13,calibrated,1,31,33,1,1,1,motor_external,0.0029311939639398077,30,0.018768964637347008,27
9122014,external_sensor,cycle,1,0.13,calibrated,1,31,32,1,1,1,external_sensor,0.0020645788014223344,30,0.019372041542838357,28
9122014,nonlinear,cycle,1,0.13,calibrated,1,31,33,1,0,0,unknown,0.340156432782236,30,0.3525723765124087,27
9122014,none,adaptive,0,0.13,fixed,0,31,,0,1,0,none,0.0006133037694889402,0,0.0,0
9122014,motor,adaptive,0,0.13,fixed,1,31,32,1,1,1,motor,0.002950755253576868,21,0.01791182513824044,28
9122014,external,adaptive,0,0.13,fixed,1,31,32,1,0,0,undetermined,0.0029507552535768798,21,0.01791182513824044,28
9122014,sensor,adaptive,0,0.13,fixed,1,31,32,1,0,0,undetermined,0.0029507552535768715,21,0.017911825138240443,28
9122014,motor_external,adaptive,0,0.13,fixed,1,31,35,1,0,0,undetermined,0.0025403772423355257,18,0.017892907855727325,25
9122014,external_sensor,adaptive,0,0.13,fixed,1,31,32,1,0,0,undetermined,0.0029507552535768798,21,0.01791182513824044,28
9122014,nonlinear,adaptive,0,0.13,fixed,1,31,32,1,0,0,unknown,0.35529221067931094,21,0.35801710062114844,28
9122014,none,adaptive,0,0.13,calibrated,0,31,,0,1,0,none,0.0006133037694889402,0,0.0,0
9122014,motor,adaptive,0,0.13,calibrated,1,31,32,1,1,1,motor,0.002950755253576868,21,0.01791182513824044,28
9122014,external,adaptive,0,0.13,calibrated,1,31,32,1,0,0,undetermined,0.0029507552535768798,21,0.01791182513824044,28
9122014,sensor,adaptive,0,0.13,calibrated,1,31,32,1,0,0,undetermined,0.0029507552535768715,21,0.017911825138240443,28
9122014,motor_external,adaptive,0,0.13,calibrated,1,31,35,1,0,0,undetermined,0.0025403772423355257,18,0.017892907855727325,25
9122014,external_sensor,adaptive,0,0.13,calibrated,1,31,32,1,0,0,undetermined,0.0029507552535768798,21,0.01791182513824044,28
9122014,nonlinear,adaptive,0,0.13,calibrated,1,31,32,1,0,0,unknown,0.35529221067931094,21,0.35801710062114844,28
9122014,none,cycle,0,0.13,fixed,0,31,,0,1,0,none,0.0006133037694889402,30,0.0,0
9122014,motor,cycle,0,0.13,fixed,1,31,33,1,1,1,motor,0.0029311939639398146,30,0.018768964637347008,27
9122014,external,cycle,0,0.13,fixed,1,31,32,1,0,0,undetermined,0.0020645788014223344,30,0.019372041542838357,28
9122014,sensor,cycle,0,0.13,fixed,1,31,32,1,0,0,undetermined,0.002064578801422346,30,0.01937204154283836,28
9122014,motor_external,cycle,0,0.13,fixed,1,31,33,1,0,0,undetermined,0.0029311939639398077,30,0.018768964637347008,27
9122014,external_sensor,cycle,0,0.13,fixed,1,31,32,1,0,0,undetermined,0.0020645788014223344,30,0.019372041542838357,28
9122014,nonlinear,cycle,0,0.13,fixed,1,31,33,1,0,0,unknown,0.340156432782236,30,0.3525723765124087,27
9122014,none,cycle,0,0.13,calibrated,0,31,,0,1,0,none,0.0006133037694889402,30,0.0,0
9122014,motor,cycle,0,0.13,calibrated,1,31,33,1,1,1,motor,0.0029311939639398146,30,0.018768964637347008,27
9122014,external,cycle,0,0.13,calibrated,1,31,32,1,0,0,undetermined,0.0020645788014223344,30,0.019372041542838357,28
9122014,sensor,cycle,0,0.13,calibrated,1,31,32,1,0,0,undetermined,0.002064578801422346,30,0.01937204154283836,28
9122014,motor_external,cycle,0,0.13,calibrated,1,31,33,1,0,0,undetermined,0.0029311939639398077,30,0.018768964637347008,27
9122014,external_sensor,cycle,0,0.13,calibrated,1,31,32,1,0,0,undetermined,0.0020645788014223344,30,0.019372041542838357,28
9122014,nonlinear,cycle,0,0.13,calibrated,1,31,33,1,0,0,unknown,0.340156432782236,30,0.3525723765124087,27
9122014,none,adaptive,1,0.35,fixed,0,31,24,1,1,1,none,0.018392260052851012,27,0.14251783024329628,36
9122014,motor,adaptive,1,0.35,fixed,1,31,24,1,1,1,motor,0.07957741492881985,27,0.4403020414430581,36
9122014,external,adaptive,1,0.35,fixed,1,31,24,1,1,1,external,0.04438208643998369,27,0.173874464082068,36
9122014,sensor,adaptive,1,0.35,fixed,1,31,24,1,1,1,sensor,0.018392260052851012,27,0.14251783024329628,36
9122014,motor_external,adaptive,1,0.35,fixed,1,31,24,1,1,1,motor_external,0.10803397979088854,27,0.4764667248516205,36
9122014,external_sensor,adaptive,1,0.35,fixed,1,31,24,1,1,1,external_sensor,0.04438208643998369,27,0.173874464082068,36
9122014,nonlinear,adaptive,1,0.35,fixed,1,31,24,1,0,0,unknown,0.34938069687177065,27,0.49861783223050105,36
9122014,none,adaptive,1,0.35,calibrated,0,31,,0,1,0,none,0.004445545074697825,0,0.0,0
9122014,motor,adaptive,1,0.35,calibrated,1,31,33,1,1,1,motor,0.01914101230293343,20,0.13583208359086166,27
9122014,external,adaptive,1,0.35,calibrated,1,31,47,1,1,1,external,0.030008239165220024,9,0.15294802597396007,13
9122014,sensor,adaptive,1,0.35,calibrated,1,31,38,1,1,1,sensor,0.03567103330894556,16,0.11494951859876315,22
9122014,motor_external,adaptive,1,0.35,calibrated,1,31,,0,0,0,none,2.346869942835279,0,0.0,0
9122014,external_sensor,adaptive,1,0.35,calibrated,1,31,36,1,1,1,external_sensor,0.031287118771940535,18,0.117398152711295,24
9122014,nonlinear,adaptive,1,0.35,calibrated,1,31,47,1,0,1,external,0.4117394140992758,9,0.4927459801624368,13
9122014,none,cycle,1,0.35,fixed,0,31,24,1,1,1,none,0.01683035386764417,30,0.14551959899507758,36
9122014,motor,cycle,1,0.35,fixed,1,31,24,1,1,1,motor,0.10432752207891176,30,0.35581644129137113,36
9122014,external,cycle,1,0.35,fixed,1,31,24,1,1,1,external,0.037869763870921266,30,0.18282460875792533,36
9122014,sensor,cycle,1,0.35,fixed,1,31,24,1,1,1,sensor,0.01683035386764417,30,0.14551959899507758,36
9122014,motor_external,cycle,1,0.35,fixed,1,31,24,1,1,1,motor_external,0.14395110105330441,30,0.43405486838230495,36
9122014,external_sensor,cycle,1,0.35,fixed,1,31,24,1,1,1,external_sensor,0.037869763870921266,30,0.18282460875792533,36
9122014,nonlinear,cycle,1,0.35,fixed,1,31,24,1,0,0,unknown,0.3670679881477511,30,0.463074078438546,36
9122014,none,cycle,1,0.35,calibrated,0,31,,0,1,0,none,0.004445545074697825,30,0.0,0
9122014,motor,cycle,1,0.35,calibrated,1,31,35,1,1,1,motor,0.02214061293645605,30,0.12717377513012162,25
9122014,external,cycle,1,0.35,calibrated,1,31,47,1,0,1,motor_external,0.06870556740845016,30,0.11587002223886429,13
9122014,sensor,cycle,1,0.35,calibrated,1,31,38,1,1,1,sensor,0.044814327548139,30,0.11550484836958884,22
9122014,motor_external,cycle,1,0.35,calibrated,1,31,34,1,1,1,motor_external,0.021287644953694118,30,0.13819920504602948,26
9122014,external_sensor,cycle,1,0.35,calibrated,1,31,38,1,1,1,external_sensor,0.04481432754813899,30,0.11550484836958881,22
9122014,nonlinear,cycle,1,0.35,calibrated,1,31,47,1,0,1,motor_external,0.4451400488824067,30,0.4318605145798396,13
9122014,none,adaptive,0,0.35,fixed,0,31,35,1,0,0,unknown,0.01841397705243207,18,0.12969711315541999,25
9122014,motor,adaptive,0,0.35,fixed,1,31,32,1,0,0,unknown,0.02138861056586783,21,0.1298342354694943,28
9122014,external,adaptive,0,0.35,fixed,1,31,32,1,0,0,unknown,0.021388610565867862,21,0.12983423546949432,28
9122014,sensor,adaptive,0,0.35,fixed,1,31,32,1,0,0,unknown,0.021388610565867876,21,0.12983423546949432,28
9122014,motor_external,adaptive,0,0.35,fixed,1,31,34,1,0,0,unknown,0.02581097699142033,19,0.12835109385608306,26
9122014,external_sensor,adaptive,0,0.35,fixed,1,31,32,1,0,0,unknown,0.021388610565867862,21,0.12983423546949432,28
9122014,nonlinear,adaptive,0,0.35,fixed,1,31,32,1,0,0,unknown,0.3808656059428442,21,0.4563676694619388,28
9122014,none,adaptive,0,0.35,calibrated,0,31,,0,1,0,none,0.004445545074697825,0,0.0,0
9122014,motor,adaptive,0,0.35,calibrated,1,31,33,1,1,1,motor,0.01914101230293343,20,0.13583208359086166,27
9122014,external,adaptive,0,0.35,calibrated,1,31,46,1,0,0,undetermined,0.04137833016247386,10,0.13233696949065332,14
9122014,sensor,adaptive,0,0.35,calibrated,1,31,46,1,0,0,undetermined,0.041378330162473886,10,0.1323369694906533,14
9122014,motor_external,adaptive,0,0.35,calibrated,1,31,,0,0,0,none,2.346869942835279,0,0.0,0
9122014,external_sensor,adaptive,0,0.35,calibrated,1,31,32,1,0,0,undetermined,0.021388610565867862,21,0.12983423546949432,28
9122014,nonlinear,adaptive,0,0.35,calibrated,1,31,55,1,0,0,undetermined,0.42917416674492603,3,0.5015465032069824,5
9122014,none,cycle,0,0.35,fixed,0,31,28,1,0,0,unknown,0.016697445770424237,30,0.1483661285727619,32
9122014,motor,cycle,0,0.35,fixed,1,31,28,1,0,0,unknown,0.054058546083017314,30,0.24677169475485322,32
9122014,external,cycle,0,0.35,fixed,1,31,28,1,0,0,unknown,0.023180772653995034,30,0.1632509781953404,32
9122014,sensor,cycle,0,0.35,fixed,1,31,28,1,0,0,unknown,0.016697445770424237,30,0.1483661285727619,32
9122014,motor_external,cycle,0,0.35,fixed,1,31,28,1,0,0,unknown,0.07233980885951333,30,0.32808765906690107,32
9122014,external_sensor,cycle,0,0.35,fixed,1,31,28,1,0,0,unknown,0.023180772653995034,30,0.1632509781953404,32
9122014,nonlinear,cycle,0,0.35,fixed,1,31,28,1,0,0,unknown,0.3600191304433248,30,0.46248911962993544,32
9122014,none,cycle,0,0.35,calibrated,0,31,,0,1,0,none,0.004445545074697825,30,0.0,0
9122014,motor,cycle,0,0.35,calibrated,1,31,34,1,1,1,motor,0.021287644953694184,30,0.13819920504602948,26
9122014,external,cycle,0,0.35,calibrated,1,31,38,1,0,0,undetermined,0.04481432754813899,30,0.11550484836958881,22
9122014,sensor,cycle,0,0.35,calibrated,1,31,38,1,0,0,undetermined,0.044814327548139,30,0.11550484836958884,22
9122014,motor_external,cycle,0,0.35,calibrated,1,31,36,1,0,0,undetermined,0.02939611015062386,30,0.12488378511381304,24
9122014,external_sensor,cycle,0,0.35,calibrated,1,31,32,1,0,0,undetermined,0.014965142199659064,30,0.14041864431939047,28
9122014,nonlinear,cycle,0,0.35,calibrated,1,31,,0,0,0,none,0.5585966097772775,30,0.0,0
9122014,none,adaptive,1,0.65,fixed,0,31,24,1,0,0,unknown,0.06343452957003716,27,0.4915410879819812,36
9122014,motor,adaptive,1,0.65,fixed,1,31,24,1,0,0,unknown,0.12283129867831799,27,0.7786958929085228,36
9122014,external,adaptive,1,0.65,fixed,1,31,24,1,0,0,unknown,0.08459420714614063,27,0.44209626511112865,36
9122014,sensor,adaptive,1,0.65,fixed,1,31,24,1,0,0,unknown,0.06343452957003716,27,0.4915410879819812,36
9122014,motor_external,adaptive,1,0.65,fixed,1,31,24,1,0,0,unknown,0.1464577147293575,27,0.734059119607461,36
9122014,external_sensor,adaptive,1,0.65,fixed,1,31,24,1,0,0,unknown,0.08459420714614063,27,0.44209626511112865,36
9122014,nonlinear,adaptive,1,0.65,fixed,1,31,24,1,0,0,unknown,0.39093951011734307,27,0.867591885323298,36
9122014,none,adaptive,1,0.65,calibrated,0,31,,0,1,0,none,0.015332594237223069,0,0.0,0
9122014,motor,adaptive,1,0.65,calibrated,1,31,,0,0,0,none,1.482772792611497,0,0.0,0
9122014,external,adaptive,1,0.65,calibrated,1,31,,0,0,0,none,0.8323948488468847,0,0.0,0
9122014,sensor,adaptive,1,0.65,calibrated,1,31,46,1,1,1,sensor,0.14271301627465482,10,0.4564275070187838,14
9122014,motor_external,adaptive,1,0.65,calibrated,1,31,,0,0,0,none,2.2998350472211584,0,0.0,0
9122014,external_sensor,adaptive,1,0.65,calibrated,1,31,46,1,1,1,external_sensor,0.14271301627465477,10,0.4564275070187839,14
9122014,nonlinear,adaptive,1,0.65,calibrated,1,31,,0,0,0,none,0.567041714399157,0,0.0,0
9122014,none,cycle,1,0.65,fixed,0,31,24,1,0,0,unknown,0.05804754701289529,30,0.5018941271462879,36
9122014,motor,cycle,1,0.65,fixed,1,31,24,1,0,0,unknown,0.15985269927224705,30,0.6680881303188638,36
9122014,external,cycle,1,0.65,fixed,1,31,24,1,0,0,unknown,0.06905187452711306,30,0.46463828389377654,36
9122014,sensor,cycle,1,0.65,fixed,1,31,24,1,0,0,unknown,0.05804754701289529,30,0.5018941271462879,36
9122014,motor_external,cycle,1,0.65,fixed,1,31,24,1,0,0,unknown,0.18944119575758042,30,0.6717657043944383,36
9122014,external_sensor,cycle,1,0.65,fixed,1,31,24,1,0,0,unknown,0.06905187452711306,30,0.46463828389377654,36
9122014,nonlinear,cycle,1,0.65,fixed,1,31,24,1,0,0,unknown,0.4138751772422233,30,0.8316785791633523,36
9122014,none,cycle,1,0.65,calibrated,0,31,,0,1,0,none,0.015332594237223069,30,0.0,0
9122014,motor,cycle,1,0.65,calibrated,1,31,,0,0,0,none,1.482772792611497,30,0.0,0
9122014,external,cycle,1,0.65,calibrated,1,31,,0,0,0,none,0.8323948488468847,30,0.0,0
9122014,sensor,cycle,1,0.65,calibrated,1,31,46,1,0,1,motor_sensor,0.23717417408215752,30,0.4007591370204114,14
9122014,motor_external,cycle,1,0.65,calibrated,1,31,45,1,0,1,motor_external_sensor,0.1939985100359842,30,0.4215080654345557,15
9122014,external_sensor,cycle,1,0.65,calibrated,1,31,46,1,0,1,motor_external_sensor,0.2371741740821574,30,0.4007591370204114,14
9122014,nonlinear,cycle,1,0.65,calibrated,1,31,,0,0,0,none,0.567041714399157,30,0.0,0
9122014,none,adaptive,0,0.65,fixed,0,31,24,1,0,0,unknown,0.06343452957003716,27,0.4915410879819812,36
9122014,motor,adaptive,0,0.65,fixed,1,31,24,1,0,0,unknown,0.12283129867831799,27,0.7786958929085228,36
9122014,external,adaptive,0,0.65,fixed,1,31,24,1,0,0,unknown,0.08459420714614063,27,0.44209626511112865,36
9122014,sensor,adaptive,0,0.65,fixed,1,31,24,1,0,0,unknown,0.06343452957003716,27,0.4915410879819812,36
9122014,motor_external,adaptive,0,0.65,fixed,1,31,24,1,0,0,unknown,0.1464577147293575,27,0.734059119607461,36
9122014,external_sensor,adaptive,0,0.65,fixed,1,31,24,1,0,0,unknown,0.08459420714614063,27,0.44209626511112865,36
9122014,nonlinear,adaptive,0,0.65,fixed,1,31,24,1,0,0,unknown,0.39093951011734307,27,0.867591885323298,36
9122014,none,adaptive,0,0.65,calibrated,0,31,,0,1,0,none,0.015332594237223069,0,0.0,0
9122014,motor,adaptive,0,0.65,calibrated,1,31,,0,0,0,none,1.482772792611497,0,0.0,0
9122014,external,adaptive,0,0.65,calibrated,1,31,,0,0,0,none,0.8323948488468847,0,0.0,0
9122014,sensor,adaptive,0,0.65,calibrated,1,31,,0,0,0,none,0.015332594237223069,0,0.0,0
9122014,motor_external,adaptive,0,0.65,calibrated,1,31,,0,0,0,none,2.2998350472211584,0,0.0,0
9122014,external_sensor,adaptive,0,0.65,calibrated,1,31,46,1,0,0,undetermined,0.14271301627465477,10,0.4564275070187839,14
9122014,nonlinear,adaptive,0,0.65,calibrated,1,31,,0,0,0,none,0.567041714399157,0,0.0,0
9122014,none,cycle,0,0.65,fixed,0,31,26,1,0,0,unknown,0.0566856691863634,30,0.5280783974920686,34
9122014,motor,cycle,0,0.65,fixed,1,31,26,1,0,0,unknown,0.1096253401597457,30,0.6495612542257276,34
9122014,external,cycle,0,0.65,fixed,1,31,26,1,0,0,unknown,0.06364514634936722,30,0.4660006980227238,34
9122014,sensor,cycle,0,0.65,fixed,1,31,26,1,0,0,unknown,0.0566856691863634,30,0.5280783974920686,34
9122014,motor_external,cycle,0,0.65,fixed,1,31,26,1,0,0,unknown,0.11621426412989462,30,0.5876642424587811,34
9122014,external_sensor,cycle,0,0.65,fixed,1,31,26,1,0,0,unknown,0.06364514634936722,30,0.4660006980227238,34
9122014,nonlinear,cycle,0,0.65,fixed,1,31,26,1,0,0,unknown,0.40754859257144,30,0.8653070962204217,34
9122014,none,cycle,0,0.65,calibrated,0,31,,0,1,0,none,0.015332594237223069,30,0.0,0
9122014,motor,cycle,0,0.65,calibrated,1,31,,0,0,0,none,1.482772792611497,30,0.0,0
9122014,external,cycle,0,0.65,calibrated,1,31,,0,0,0,none,0.8323948488468847,30,0.0,0
9122014,sensor,cycle,0,0.65,calibrated,1,31,,0,0,0,none,0.015332594237223069,30,0.0,0
9122014,motor_external,cycle,0,0.65,calibrated,1,31,45,1,0,0,undetermined,0.1939985100359842,30,0.4215080654345557,15
9122014,external_sensor,cycle,0,0.65,calibrated,1,31,38,1,0,0,undetermined,0.1545637011354182,30,0.3983738647849085,22
9122014,nonlinear,cycle,0,0.65,calibrated,1,31,,0,0,0,none,0.567041714399157,30,0.0,0
9122067,none,adaptive,1,0.13,fixed,0,32,,0,1,0,none,0.004953800632415474,0,0.0,0
9122067,motor,adaptive,1,0.13,fixed,1,32,33,1,1,1,motor,0.005233776077047961,20,0.0380591204646239,27
9122067,external,adaptive,1,0.13,fixed,1,32,33,1,1,1,external,0.0052337760770479694,20,0.0380591204646239,27
9122067,sensor,adaptive,1,0.13,fixed,1,32,33,1,1,1,sensor,0.005233776077047984,20,0.0380591204646239,27
9122067,motor_external,adaptive,1,0.13,fixed,1,32,33,1,1,1,motor_external,0.005233776077047956,20,0.03805912046462389,27
9122067,external_sensor,adaptive,1,0.13,fixed,1,32,33,1,1,1,external_sensor,0.0052337760770479694,20,0.0380591204646239,27
9122067,nonlinear,adaptive,1,0.13,fixed,1,32,33,1,0,0,unknown,0.34844369296341543,20,0.4479961077903186,27
9122067,none,adaptive,1,0.13,calibrated,0,32,,0,1,0,none,0.004953800632415474,0,0.0,0
9122067,motor,adaptive,1,0.13,calibrated,1,32,33,1,1,1,motor,0.005233776077047961,20,0.0380591204646239,27
9122067,external,adaptive,1,0.13,calibrated,1,32,33,1,1,1,external,0.0052337760770479694,20,0.0380591204646239,27
9122067,sensor,adaptive,1,0.13,calibrated,1,32,33,1,1,1,sensor,0.005233776077047984,20,0.0380591204646239,27
9122067,motor_external,adaptive,1,0.13,calibrated,1,32,33,1,1,1,motor_external,0.005233776077047956,20,0.03805912046462389,27
9122067,external_sensor,adaptive,1,0.13,calibrated,1,32,33,1,1,1,external_sensor,0.0052337760770479694,20,0.0380591204646239,27
9122067,nonlinear,adaptive,1,0.13,calibrated,1,32,33,1,0,0,unknown,0.34844369296341543,20,0.4479961077903186,27
9122067,none,cycle,1,0.13,fixed,0,32,,0,1,0,none,0.004953800632415474,30,0.0,0
9122067,motor,cycle,1,0.13,fixed,1,32,33,1,1,1,motor,0.003727308472163476,30,0.04054827659936766,27
9122067,external,cycle,1,0.13,fixed,1,32,33,1,1,1,external,0.003727308472163441,30,0.040548276599367654,27
9122067,sensor,cycle,1,0.13,fixed,1,32,33,1,1,1,sensor,0.003727308472163441,30,0.04054827659936766,27
9122067,motor_external,cycle,1,0.13,fixed,1,32,33,1,1,1,motor_external,0.0037273084721634576,30,0.04054827659936766,27
9122067,external_sensor,cycle,1,0.13,fixed,1,32,33,1,1,1,external_sensor,0.003727308472163441,30,0.040548276599367654,27
9122067,nonlinear,cycle,1,0.13,fixed,1,32,33,1,0,0,unknown,0.3388891625094591,30,0.32704916194661054,27
9122067,none,cycle,1,0.13,calibrated,0,32,,0,1,0,none,0.004953800632415474,30,0.0,0
9122067,motor,cycle,1,0.13,calibrated,1,32,33,1,1,1,motor,0.003727308472163476,30,0.04054827659936766,27
9122067,external,cycle,1,0.13,calibrated,1,32,33,1,1,1,external,0.003727308472163441,30,0.040548276599367654,27
9122067,sensor,cycle,1,0.13,calibrated,1,32,33,1,1,1,sensor,0.003727308472163441,30,0.04054827659936766,27
9122067,motor_external,cycle,1,0.13,calibrated,1,32,33,1,1,1,motor_external,0.0037273084721634576,30,0.04054827659936766,27
9122067,external_sensor,cycle,1,0.13,calibrated,1,32,33,1,1,1,external_sensor,0.003727308472163441,30,0.040548276599367654,27
9122067,nonlinear,cycle,1,0.13,calibrated,1,32,33,1,0,0,unknown,0.3388891625094591,30,0.32704916194661054,27
9122067,none,adaptive,0,0.13,fixed,0,32,,0,1,0,none,0.004953800632415474,0,0.0,0
9122067,motor,adaptive,0,0.13,fixed,1,32,33,1,1,1,motor,0.005233776077047961,20,0.0380591204646239,27
9122067,external,adaptive,0,0.13,fixed,1,32,33,1,0,0,undetermined,0.0052337760770479694,20,0.0380591204646239,27
9122067,sensor,adaptive,0,0.13,fixed,1,32,33,1,0,0,undetermined,0.005233776077047984,20,0.0380591204646239,27
9122067,motor_external,adaptive,0,0.13,fixed,1,32,33,1,0,0,undetermined,0.005233776077047956,20,0.03805912046462389,27
9122067,external_sensor,adaptive,0,0.13,fixed,1,32,33,1,0,0,undetermined,0.0052337760770479694,20,0.0380591204646239,27
9122067,nonlinear,adaptive,0,0.13,fixed,1,32,33,1,0,0,unknown,0.34844369296341543,20,0.4479961077903186,27
9122067,none,adaptive,0,0.13,calibrated,0,32,,0,1,0,none,0.004953800632415474,0,0.0,0
9122067,motor,adaptive,0,0.13,calibrated,1,32,33,1,1,1,motor,0.005233776077047961,20,0.0380591204646239,27
9122067,external,adaptive,0,0.13,calibrated,1,32,33,1,0,0,undetermined,0.0052337760770479694,20,0.0380591204646239,27
9122067,sensor,adaptive,0,0.13,calibrated,1,32,33,1,0,0,undetermined,0.005233776077047984,20,0.0380591204646239,27
9122067,motor_external,adaptive,0,0.13,calibrated,1,32,33,1,0,0,undetermined,0.005233776077047956,20,0.03805912046462389,27
9122067,external_sensor,adaptive,0,0.13,calibrated,1,32,33,1,0,0,undetermined,0.0052337760770479694,20,0.0380591204646239,27
9122067,nonlinear,adaptive,0,0.13,calibrated,1,32,33,1,0,0,unknown,0.34844369296341543,20,0.4479961077903186,27
9122067,none,cycle,0,0.13,fixed,0,32,,0,1,0,none,0.004953800632415474,30,0.0,0
9122067,motor,cycle,0,0.13,fixed,1,32,33,1,1,1,motor,0.003727308472163476,30,0.04054827659936766,27
9122067,external,cycle,0,0.13,fixed,1,32,33,1,0,0,undetermined,0.003727308472163441,30,0.040548276599367654,27
9122067,sensor,cycle,0,0.13,fixed,1,32,33,1,0,0,undetermined,0.003727308472163441,30,0.04054827659936766,27
9122067,motor_external,cycle,0,0.13,fixed,1,32,33,1,0,0,undetermined,0.0037273084721634576,30,0.04054827659936766,27
9122067,external_sensor,cycle,0,0.13,fixed,1,32,33,1,0,0,undetermined,0.003727308472163441,30,0.040548276599367654,27
9122067,nonlinear,cycle,0,0.13,fixed,1,32,33,1,0,0,unknown,0.3388891625094591,30,0.32704916194661054,27
9122067,none,cycle,0,0.13,calibrated,0,32,,0,1,0,none,0.004953800632415474,30,0.0,0
9122067,motor,cycle,0,0.13,calibrated,1,32,33,1,1,1,motor,0.003727308472163476,30,0.04054827659936766,27
9122067,external,cycle,0,0.13,calibrated,1,32,33,1,0,0,undetermined,0.003727308472163441,30,0.040548276599367654,27
9122067,sensor,cycle,0,0.13,calibrated,1,32,33,1,0,0,undetermined,0.003727308472163441,30,0.04054827659936766,27
9122067,motor_external,cycle,0,0.13,calibrated,1,32,33,1,0,0,undetermined,0.0037273084721634576,30,0.04054827659936766,27
9122067,external_sensor,cycle,0,0.13,calibrated,1,32,33,1,0,0,undetermined,0.003727308472163441,30,0.040548276599367654,27
9122067,nonlinear,cycle,0,0.13,calibrated,1,32,33,1,0,0,unknown,0.3388891625094591,30,0.32704916194661054,27
9122067,none,adaptive,1,0.35,fixed,0,32,24,1,0,0,unknown,0.034503806108773655,27,0.23960628900129718,36
9122067,motor,adaptive,1,0.35,fixed,1,32,24,1,0,0,unknown,0.10844152075981106,27,0.4657780165975076,36
9122067,external,adaptive,1,0.35,fixed,1,32,24,1,0,0,unknown,0.061585544226523826,27,0.38182837639582773,36
9122067,sensor,adaptive,1,0.35,fixed,1,32,24,1,0,0,unknown,0.034503806108773655,27,0.23960628900129718,36
9122067,motor_external,adaptive,1,0.35,fixed,1,32,24,1,0,0,unknown,0.13552325887756123,27,0.6080001039920381,36
9122067,external_sensor,adaptive,1,0.35,fixed,1,32,24,1,0,0,unknown,0.061585544226523826,27,0.38182837639582773,36
9122067,nonlinear,adaptive,1,0.35,fixed,1,32,24,1,0,0,unknown,0.3708299030508522,27,0.43461727092296093,36
9122067,none,adaptive,1,0.35,calibrated,0,32,,0,1,0,none,0.03590772647756776,0,0.0,0
9122067,motor,adaptive,1,0.35,calibrated,1,32,34,1,1,1,motor,0.042113544485049094,19,0.27875265066252525,26
9122067,external,adaptive,1,0.35,calibrated,1,32,47,1,1,1,external,0.10714246932025351,9,0.21376112238626024,13
9122067,sensor,adaptive,1,0.35,calibrated,1,32,,0,0,0,none,0.03590772647756776,0,0.0,0
9122067,motor_external,adaptive,1,0.35,calibrated,1,32,33,1,1,1,motor_external,0.03793713428629446,20,0.27587232289446306,27
9122067,external_sensor,adaptive,1,0.35,calibrated,1,32,41,1,0,1,motor_external_sensor,0.06443801137821564,14,0.3285048677224959,19
9122067,nonlinear,adaptive,1,0.35,calibrated,1,32,,0,0,0,none,0.5930326205954406,0,0.0,0
9122067,none,cycle,1,0.35,fixed,0,32,24,1,0,0,unknown,0.02766878997413842,30,0.25403597179098364,36
9122067,motor,cycle,1,0.35,fixed,1,32,24,1,0,0,unknown,0.10322468685060227,30,0.5038177400513741,36
9122067,external,cycle,1,0.35,fixed,1,32,24,1,0,0,unknown,0.05978963404994492,30,0.389445391181419,36
9122067,sensor,cycle,1,0.35,fixed,1,32,24,1,0,0,unknown,0.02766878997413842,30,0.25403597179098364,36
9122067,motor_external,cycle,1,0.35,fixed,1,32,24,1,0,0,unknown,0.09665414005200659,30,0.580561303969017,36
9122067,external_sensor,cycle,1,0.35,fixed,1,32,24,1,0,0,unknown,0.05978963404994492,30,0.389445391181419,36
9122067,nonlinear,cycle,1,0.35,fixed,1,32,24,1,0,0,unknown,0.3763173414677593,30,0.44902903797748756,36
9122067,none,cycle,1,0.35,calibrated,0,32,,0,1,0,none,0.03590772647756776,30,0.0,0
9122067,motor,cycle,1,0.35,calibrated,1,32,49,1,1,1,motor,0.042057990172933525,30,0.24125284003288414,11
9122067,external,cycle,1,0.35,calibrated,1,32,47,1,0,1,motor_external,0.07081258133891381,30,0.24797419285835848,13
9122067,sensor,cycle,1,0.35,calibrated,1,32,,0,0,0,none,0.03590772647756776,30,0.0,0
9122067,motor_external,cycle,1,0.35,calibrated,1,32,33,1,1,1,motor_external,0.02701747265325588,30,0.29391502268772407,27
9122067,external_sensor,cycle,1,0.35,calibrated,1,32,45,1,0,1,motor_external_sensor,0.07254970033459074,30,0.3048962185079494,15
9122067,nonlinear,cycle,1,0.35,calibrated,1,32,,0,0,0,none,0.5930326205954406,30,0.0,0
9122067,none,adaptive,0,0.35,fixed,0,32,41,1,0,0,unknown,0.06443801137821563,14,0.32850486772249576,19
9122067,motor,adaptive,0,0.35,fixed,1,32,32,1,0,0,unknown,0.04386898281246302,21,0.2626074669078979,28
9122067,external,adaptive,0,0.35,fixed,1,32,32,1,0,0,unknown,0.043868982812462966,21,0.2626074669078979,28
9122067,sensor,adaptive,0,0.35,fixed,1,32,32,1,0,0,unknown,0.043868982812463,21,0.2626074669078979,28
9122067,motor_external,adaptive,0,0.35,fixed,1,32,32,1,0,0,unknown,0.043868982812462994,21,0.2626074669078979,28
9122067,external_sensor,adaptive,0,0.35,fixed,1,32,32,1,0,0,unknown,0.043868982812462966,21,0.2626074669078979,28
9122067,nonlinear,adaptive,0,0.35,fixed,1,32,32,1,0,0,unknown,0.3684295347708259,21,0.4658587500504011,28
9122067,none,adaptive,0,0.35,calibrated,0,32,,0,1,0,none,0.03590772647756776,0,0.0,0
9122067,motor,adaptive,0,0.35,calibrated,1,32,36,1,1,1,motor,0.04650922403184456,18,0.2990801361034725,24
9122067,external,adaptive,0,0.35,calibrated,1,32,,0,0,0,none,0.776690821390063,0,0.0,0
9122067,sensor,adaptive,0,0.35,calibrated,1,32,,0,0,0,none,0.03590772647756776,0,0.0,0
9122067,motor_external,adaptive,0,0.35,calibrated,1,32,33,1,0,0,undetermined,0.03793713428629446,20,0.27587232289446306,27
9122067,external_sensor,adaptive,0,0.35,calibrated,1,32,34,1,0,0,undetermined,0.04211354448504902,19,0.2787526506625253,26
9122067,nonlinear,adaptive,0,0.35,calibrated,1,32,,0,0,0,none,0.5930326205954406,0,0.0,0
9122067,none,cycle,0,0.35,fixed,0,32,30,1,1,1,none,0.030052231341014805,30,0.2723890454831364,30
9122067,motor,cycle,0,0.35,fixed,1,32,30,1,1,1,motor,0.04820205695703263,30,0.33725122857051815,30
9122067,external,cycle,0,0.35,fixed,1,32,30,1,0,0,undetermined,0.02687028520841823,30,0.2875018960441381,30
9122067,sensor,cycle,0,0.35,fixed,1,32,30,1,0,0,undetermined,0.030052231341014805,30,0.2723890454831364,30
9122067,motor_external,cycle,0,0.35,fixed,1,32,30,1,0,0,undetermined,0.035029104039932736,30,0.2957483740193347,30
9122067,external_sensor,cycle,0,0.35,fixed,1,32,30,1,0,0,undetermined,0.02687028520841823,30,0.2875018960441381,30
9122067,nonlinear,cycle,0,0.35,fixed,1,32,30,1,0,0,unknown,0.36301656140800437,30,0.49991842546325527,30
9122067,none,cycle,0,0.35,calibrated,0,32,,0,1,0,none,0.03590772647756776,30,0.0,0
9122067,motor,cycle,0,0.35,calibrated,1,32,,0,0,0,none,1.8057122105027752,30,0.0,0
9122067,external,cycle,0,0.35,calibrated,1,32,,0,0,0,none,0.776690821390063,30,0.0,0
9122067,sensor,cycle,0,0.35,calibrated,1,32,,0,0,0,none,0.03590772647756776,30,0.0,0
9122067,motor_external,cycle,0,0.35,calibrated,1,32,33,1,0,0,undetermined,0.02701747265325588,30,0.29391502268772407,27
9122067,external_sensor,cycle,0,0.35,calibrated,1,32,34,1,0,0,undetermined,0.037750825606846526,30,0.2928653150652712,26
9122067,nonlinear,cycle,0,0.35,calibrated,1,32,,0,0,0,none,0.5930326205954406,30,0.0,0
9122067,none,adaptive,1,0.65,fixed,0,32,24,1,0,0,unknown,0.1190029231098518,27,0.8263972008412087,36
9122067,motor,adaptive,1,0.65,fixed,1,32,24,1,0,0,unknown,0.18859095402262496,27,0.9501341129378744,36
9122067,external,adaptive,1,0.65,fixed,1,32,24,1,0,0,unknown,0.13501186532853063,27,0.9705239345739083,36
9122067,sensor,adaptive,1,0.65,fixed,1,32,24,1,0,0,unknown,0.1190029231098518,27,0.8263972008412087,36
9122067,motor_external,adaptive,1,0.65,fixed,1,32,24,1,0,0,unknown,0.20459989624130376,27,1.094260846670574,36
9122067,external_sensor,adaptive,1,0.65,fixed,1,32,24,1,0,0,unknown,0.13501186532853063,27,0.9705239345739083,36
9122067,nonlinear,adaptive,1,0.65,fixed,1,32,24,1,0,0,unknown,0.45700403436207193,27,0.9049030455740339,36
9122067,none,adaptive,1,0.65,calibrated,0,32,,0,1,0,none,0.12384501581038636,0,0.0,0
9122067,motor,adaptive,1,0.65,calibrated,1,32,,0,0,0,none,2.0391962004286284,0,0.0,0
9122067,external,adaptive,1,0.65,calibrated,1,32,,0,0,0,none,0.8052993349335914,0,0.0,0
9122067,sensor,adaptive,1,0.65,calibrated,1,32,,0,0,0,none,0.12384501581038636,0,0.0,0
9122067,motor_external,adaptive,1,0.65,calibrated,1,32,45,1,0,1,motor_external_sensor,0.4383416657667782,11,0.7848513327144373,15
9122067,external_sensor,adaptive,1,0.65,calibrated,1,32,,0,0,0,none,0.8052993349335914,0,0.0,0
9122067,nonlinear,adaptive,1,0.65,calibrated,1,32,,0,0,0,none,0.6810769620292934,0,0.0,0
9122067,none,cycle,1,0.65,fixed,0,32,24,1,0,0,unknown,0.09542909195162023,30,0.8761648822995153,36
9122067,motor,cycle,1,0.65,fixed,1,32,24,1,0,0,unknown,0.17505759744633664,30,1.1156880336911286,36
9122067,external,cycle,1,0.65,fixed,1,32,24,1,0,0,unknown,0.11907384772423757,30,1.0097962901099526,36
9122067,sensor,cycle,1,0.65,fixed,1,32,24,1,0,0,unknown,0.09542909195162023,30,0.8761648822995153,36
9122067,motor_external,cycle,1,0.65,fixed,1,32,24,1,0,0,unknown,0.16001096234455164,30,1.1906535860287732,36
9122067,external_sensor,cycle,1,0.65,fixed,1,32,24,1,0,0,unknown,0.11907384772423757,30,1.0097962901099526,36
9122067,nonlinear,cycle,1,0.65,fixed,1,32,24,1,0,0,unknown,0.4483055684346171,30,0.9783352811250742,36
9122067,none,cycle,1,0.65,calibrated,0,32,,0,1,0,none,0.12384501581038636,30,0.0,0
9122067,motor,cycle,1,0.65,calibrated,1,32,,0,0,0,none,2.0391962004286284,30,0.0,0
9122067,external,cycle,1,0.65,calibrated,1,32,,0,0,0,none,0.8052993349335914,30,0.0,0
9122067,sensor,cycle,1,0.65,calibrated,1,32,,0,0,0,none,0.12384501581038636,30,0.0,0
9122067,motor_external,cycle,1,0.65,calibrated,1,32,54,1,0,0,undetermined,0.24709104262964626,30,0.5949242149676226,6
9122067,external_sensor,cycle,1,0.65,calibrated,1,32,,0,0,0,none,0.8052993349335914,30,0.0,0
9122067,nonlinear,cycle,1,0.65,calibrated,1,32,,0,0,0,none,0.6810769620292934,30,0.0,0
9122067,none,adaptive,0,0.65,fixed,0,32,24,1,0,0,unknown,0.1190029231098518,27,0.8263972008412087,36
9122067,motor,adaptive,0,0.65,fixed,1,32,24,1,0,0,unknown,0.18859095402262496,27,0.9501341129378744,36
9122067,external,adaptive,0,0.65,fixed,1,32,24,1,0,0,unknown,0.13501186532853063,27,0.9705239345739083,36
9122067,sensor,adaptive,0,0.65,fixed,1,32,24,1,0,0,unknown,0.1190029231098518,27,0.8263972008412087,36
9122067,motor_external,adaptive,0,0.65,fixed,1,32,24,1,0,0,unknown,0.20459989624130376,27,1.094260846670574,36
9122067,external_sensor,adaptive,0,0.65,fixed,1,32,24,1,0,0,unknown,0.13501186532853063,27,0.9705239345739083,36
9122067,nonlinear,adaptive,0,0.65,fixed,1,32,24,1,0,0,unknown,0.45700403436207193,27,0.9049030455740339,36
9122067,none,adaptive,0,0.65,calibrated,0,32,,0,1,0,none,0.12384501581038636,0,0.0,0
9122067,motor,adaptive,0,0.65,calibrated,1,32,,0,0,0,none,2.0391962004286284,0,0.0,0
9122067,external,adaptive,0,0.65,calibrated,1,32,,0,0,0,none,0.8052993349335914,0,0.0,0
9122067,sensor,adaptive,0,0.65,calibrated,1,32,,0,0,0,none,0.12384501581038636,0,0.0,0
9122067,motor_external,adaptive,0,0.65,calibrated,1,32,41,1,0,0,undetermined,0.22224538618200912,14,1.1330065845939141,19
9122067,external_sensor,adaptive,0,0.65,calibrated,1,32,,0,0,0,none,0.8052993349335914,0,0.0,0
9122067,nonlinear,adaptive,0,0.65,calibrated,1,32,,0,0,0,none,0.6810769620292934,0,0.0,0
9122067,none,cycle,0,0.65,fixed,0,32,24,1,0,0,unknown,0.09542909195162023,30,0.8761648822995153,36
9122067,motor,cycle,0,0.65,fixed,1,32,24,1,0,0,unknown,0.17505759744633664,30,1.1156880336911286,36
9122067,external,cycle,0,0.65,fixed,1,32,24,1,0,0,unknown,0.11907384772423757,30,1.0097962901099526,36
9122067,sensor,cycle,0,0.65,fixed,1,32,24,1,0,0,unknown,0.09542909195162023,30,0.8761648822995153,36
9122067,motor_external,cycle,0,0.65,fixed,1,32,24,1,0,0,unknown,0.16001096234455164,30,1.1906535860287732,36
9122067,external_sensor,cycle,0,0.65,fixed,1,32,24,1,0,0,unknown,0.11907384772423757,30,1.0097962901099526,36
9122067,nonlinear,cycle,0,0.65,fixed,1,32,24,1,0,0,unknown,0.4483055684346171,30,0.9783352811250742,36
9122067,none,cycle,0,0.65,calibrated,0,32,,0,1,0,none,0.12384501581038636,30,0.0,0
9122067,motor,cycle,0,0.65,calibrated,1,32,,0,0,0,none,2.0391962004286284,30,0.0,0
9122067,external,cycle,0,0.65,calibrated,1,32,,0,0,0,none,0.8052993349335914,30,0.0,0
9122067,sensor,cycle,0,0.65,calibrated,1,32,,0,0,0,none,0.12384501581038636,30,0.0,0
9122067,motor_external,cycle,0,0.65,calibrated,1,32,,0,0,0,none,2.7206505195518336,30,0.0,0
9122067,external_sensor,cycle,0,0.65,calibrated,1,32,,0,0,0,none,0.8052993349335914,30,0.0,0
9122067,nonlinear,cycle,0,0.65,calibrated,1,32,,0,0,0,none,0.6810769620292934,30,0.0,0
9122120,none,adaptive,1,0.13,fixed,0,27,,0,1,0,none,0.0020969983926265325,0,0.0,0
9122120,motor,adaptive,1,0.13,fixed,1,27,28,1,1,1,motor,0.002467182720694892,24,0.018530954705872474,32
9122120,external,adaptive,1,0.13,fixed,1,27,28,1,1,1,external,0.002467182720694869,24,0.018530954705872474,32
9122120,sensor,adaptive,1,0.13,fixed,1,27,28,1,1,1,sensor,0.0024671827206948845,24,0.018530954705872477,32
9122120,motor_external,adaptive,1,0.13,fixed,1,27,28,1,1,1,motor_external,0.002467182720694896,24,0.018530954705872474,32
9122120,external_sensor,adaptive,1,0.13,fixed,1,27,28,1,1,1,external_sensor,0.002467182720694869,24,0.018530954705872474,32
9122120,nonlinear,adaptive,1,0.13,fixed,1,27,28,1,0,0,unknown,0.35656688833886413,24,0.34298899659642057,32
9122120,none,adaptive,1,0.13,calibrated,0,27,,0,1,0,none,0.0020969983926265325,0,0.0,0
9122120,motor,adaptive,1,0.13,calibrated,1,27,28,1,1,1,motor,0.002467182720694892,24,0.018530954705872474,32
9122120,external,adaptive,1,0.13,calibrated,1,27,28,1,1,1,external,0.002467182720694869,24,0.018530954705872474,32
9122120,sensor,adaptive,1,0.13,calibrated,1,27,28,1,1,1,sensor,0.0024671827206948845,24,0.018530954705872477,32
9122120,motor_external,adaptive,1,0.13,calibrated,1,27,28,1,1,1,motor_external,0.002467182720694896,24,0.018530954705872474,32
9122120,external_sensor,adaptive,1,0.13,calibrated,1,27,28,1,1,1,external_sensor,0.002467182720694869,24,0.018530954705872474,32
9122120,nonlinear,adaptive,1,0.13,calibrated,1,27,28,1,0,0,unknown,0.35656688833886413,24,0.34298899659642057,32
9122120,none,cycle,1,0.13,fixed,0,27,,0,1,0,none,0.0020969983926265325,30,0.0,0
9122120,motor,cycle,1,0.13,fixed,1,27,28,1,1,1,motor,0.0013688975980065902,30,0.019997966264616668,32
9122120,external,cycle,1,0.13,fixed,1,27,28,1,1,1,external,0.0013688975980066056,30,0.019997966264616668,32
9122120,sensor,cycle,1,0.13,fixed,1,27,28,1,1,1,sensor,0.0013688975980065935,30,0.019997966264616664,32
9122120,motor_external,cycle,1,0.13,fixed,1,27,28,1,1,1,motor_external,0.0013688975980066021,30,0.019997966264616664,32
9122120,external_sensor,cycle,1,0.13,fixed,1,27,28,1,1,1,external_sensor,0.0013688975980066056,30,0.019997966264616668,32
9122120,nonlinear,cycle,1,0.13,fixed,1,27,28,1,0,0,unknown,0.337218090087638,30,0.3803834360395157,32
9122120,none,cycle,1,0.13,calibrated,0,27,,0,1,0,none,0.0020969983926265325,30,0.0,0
9122120,motor,cycle,1,0.13,calibrated,1,27,28,1,1,1,motor,0.0013688975980065902,30,0.019997966264616668,32
9122120,external,cycle,1,0.13,calibrated,1,27,28,1,1,1,external,0.0013688975980066056,30,0.019997966264616668,32
9122120,sensor,cycle,1,0.13,calibrated,1,27,28,1,1,1,sensor,0.0013688975980065935,30,0.019997966264616664,32
9122120,motor_external,cycle,1,0.13,calibrated,1,27,28,1,1,1,motor_external,0.0013688975980066021,30,0.019997966264616664,32
9122120,external_sensor,cycle,1,0.13,calibrated,1,27,28,1,1,1,external_sensor,0.0013688975980066056,30,0.019997966264616668,32
9122120,nonlinear,cycle,1,0.13,calibrated,1,27,28,1,0,0,unknown,0.337218090087638,30,0.3803834360395157,32
9122120,none,adaptive,0,0.13,fixed,0,27,,0,1,0,none,0.0020969983926265325,0,0.0,0
9122120,motor,adaptive,0,0.13,fixed,1,27,28,1,1,1,motor,0.002467182720694892,24,0.018530954705872474,32
9122120,external,adaptive,0,0.13,fixed,1,27,28,1,0,0,undetermined,0.002467182720694869,24,0.018530954705872474,32
9122120,sensor,adaptive,0,0.13,fixed,1,27,28,1,0,0,undetermined,0.0024671827206948845,24,0.018530954705872477,32
9122120,motor_external,adaptive,0,0.13,fixed,1,27,28,1,0,0,undetermined,0.002467182720694896,24,0.018530954705872474,32
9122120,external_sensor,adaptive,0,0.13,fixed,1,27,28,1,0,0,undetermined,0.002467182720694869,24,0.018530954705872474,32
9122120,nonlinear,adaptive,0,0.13,fixed,1,27,28,1,0,0,unknown,0.35656688833886413,24,0.34298899659642057,32
9122120,none,adaptive,0,0.13,calibrated,0,27,,0,1,0,none,0.0020969983926265325,0,0.0,0
9122120,motor,adaptive,0,0.13,calibrated,1,27,28,1,1,1,motor,0.002467182720694892,24,0.018530954705872474,32
9122120,external,adaptive,0,0.13,calibrated,1,27,28,1,0,0,undetermined,0.002467182720694869,24,0.018530954705872474,32
9122120,sensor,adaptive,0,0.13,calibrated,1,27,28,1,0,0,undetermined,0.0024671827206948845,24,0.018530954705872477,32
9122120,motor_external,adaptive,0,0.13,calibrated,1,27,28,1,0,0,undetermined,0.002467182720694896,24,0.018530954705872474,32
9122120,external_sensor,adaptive,0,0.13,calibrated,1,27,28,1,0,0,undetermined,0.002467182720694869,24,0.018530954705872474,32
9122120,nonlinear,adaptive,0,0.13,calibrated,1,27,28,1,0,0,unknown,0.35656688833886413,24,0.34298899659642057,32
9122120,none,cycle,0,0.13,fixed,0,27,,0,1,0,none,0.0020969983926265325,30,0.0,0
9122120,motor,cycle,0,0.13,fixed,1,27,28,1,1,1,motor,0.0013688975980065902,30,0.019997966264616668,32
9122120,external,cycle,0,0.13,fixed,1,27,28,1,0,0,undetermined,0.0013688975980066056,30,0.019997966264616668,32
9122120,sensor,cycle,0,0.13,fixed,1,27,28,1,0,0,undetermined,0.0013688975980065935,30,0.019997966264616664,32
9122120,motor_external,cycle,0,0.13,fixed,1,27,28,1,0,0,undetermined,0.0013688975980066021,30,0.019997966264616664,32
9122120,external_sensor,cycle,0,0.13,fixed,1,27,28,1,0,0,undetermined,0.0013688975980066056,30,0.019997966264616668,32
9122120,nonlinear,cycle,0,0.13,fixed,1,27,28,1,0,0,unknown,0.337218090087638,30,0.3803834360395157,32
9122120,none,cycle,0,0.13,calibrated,0,27,,0,1,0,none,0.0020969983926265325,30,0.0,0
9122120,motor,cycle,0,0.13,calibrated,1,27,28,1,1,1,motor,0.0013688975980065902,30,0.019997966264616668,32
9122120,external,cycle,0,0.13,calibrated,1,27,28,1,0,0,undetermined,0.0013688975980066056,30,0.019997966264616668,32
9122120,sensor,cycle,0,0.13,calibrated,1,27,28,1,0,0,undetermined,0.0013688975980065935,30,0.019997966264616664,32
9122120,motor_external,cycle,0,0.13,calibrated,1,27,28,1,0,0,undetermined,0.0013688975980066021,30,0.019997966264616664,32
9122120,external_sensor,cycle,0,0.13,calibrated,1,27,28,1,0,0,undetermined,0.0013688975980066056,30,0.019997966264616668,32
9122120,nonlinear,cycle,0,0.13,calibrated,1,27,28,1,0,0,unknown,0.337218090087638,30,0.3803834360395157,32
9122120,none,adaptive,1,0.35,fixed,0,27,28,1,1,1,none,0.017883425046457034,24,0.1343220089626851,32
9122120,motor,adaptive,1,0.35,fixed,1,27,28,1,1,1,motor,0.017883425046457062,24,0.1343220089626851,32
9122120,external,adaptive,1,0.35,fixed,1,27,28,1,1,1,external,0.01788342504645701,24,0.1343220089626851,32
9122120,sensor,adaptive,1,0.35,fixed,1,27,28,1,1,1,sensor,0.017883425046457034,24,0.1343220089626851,32
9122120,motor_external,adaptive,1,0.35,fixed,1,27,28,1,1,1,motor_external,0.01788342504645706,24,0.1343220089626851,32
9122120,external_sensor,adaptive,1,0.35,fixed,1,27,28,1,1,1,external_sensor,0.01788342504645701,24,0.1343220089626851,32
9122120,nonlinear,adaptive,1,0.35,fixed,1,27,29,1,0,0,unknown,0.3815059129987009,23,0.38052160344079555,31
9122120,none,adaptive,1,0.35,calibrated,0,27,,0,1,0,none,0.015200136277914297,0,0.0,0
9122120,motor,adaptive,1,0.35,calibrated,1,27,58,1,0,0,undetermined,0.7005038033349495,1,3.977105520470404e-31,2
9122120,external,adaptive,1,0.35,calibrated,1,27,,0,0,0,none,0.8801851666404417,0,0.0,0
9122120,sensor,adaptive,1,0.35,calibrated,1,27,59,1,0,0,undetermined,0.9335583449622037,0,2.0954117794933126e-31,1
9122120,motor_external,adaptive,1,0.35,calibrated,1,27,53,1,0,0,undetermined,0.13332339277033584,5,0.08800674276730147,7
9122120,external_sensor,adaptive,1,0.35,calibrated,1,27,59,1,0,0,undetermined,1.6635361783184592,0,6.162975822039155e-32,1
9122120,nonlinear,adaptive,1,0.35,calibrated,1,27,,0,0,0,none,0.5462274385204767,0,0.0,0
9122120,none,cycle,1,0.35,fixed,0,27,31,1,1,1,none,0.01551753323544779,30,0.14149952170734295,29
9122120,motor,cycle,1,0.35,fixed,1,27,28,1,1,1,motor,0.009922482589101115,30,0.14495567262813852,32
9122120,external,cycle,1,0.35,fixed,1,27,28,1,1,1,external,0.00992248258910115,30,0.14495567262813852,32
9122120,sensor,cycle,1,0.35,fixed,1,27,28,1,1,1,sensor,0.009922482589101111,30,0.14495567262813852,32
9122120,motor_external,cycle,1,0.35,fixed,1,27,28,1,1,1,motor_external,0.009922482589101144,30,0.14495567262813852,32
9122120,external_sensor,cycle,1,0.35,fixed,1,27,28,1,1,1,external_sensor,0.00992248258910115,30,0.14495567262813852,32
9122120,nonlinear,cycle,1,0.35,fixed,1,27,28,1,0,0,unknown,0.3455956251385252,30,0.5497338283251589,32
9122120,none,cycle,1,0.35,calibrated,0,27,,0,1,0,none,0.015200136277914297,30,0.0,0
9122120,motor,cycle,1,0.35,calibrated,1,27,28,1,1,1,motor,0.009922482589101115,30,0.14495567262813852,32
9122120,external,cycle,1,0.35,calibrated,1,27,,0,0,0,none,0.8801851666404417,30,0.0,0
9122120,sensor,cycle,1,0.35,calibrated,1,27,59,1,0,0,undetermined,0.8042761734512072,30,6.162975822039155e-32,1
9122120,motor_external,cycle,1,0.35,calibrated,1,27,28,1,1,1,motor_external,0.009922482589101144,30,0.14495567262813852,32
9122120,external_sensor,cycle,1,0.35,calibrated,1,27,59,1,0,0,undetermined,0.9545037567102677,30,2.0954117794933126e-31,1
9122120,nonlinear,cycle,1,0.35,calibrated,1,27,,0,0,0,none,0.5462274385204767,30,0.0,0
9122120,none,adaptive,0,0.35,fixed,0,27,24,1,1,1,none,0.01460120305683384,27,0.12899725690978658,36
9122120,motor,adaptive,0,0.35,fixed,1,27,24,1,1,1,motor,0.027612947808343648,27,0.3069611809892055,36
9122120,external,adaptive,0,0.35,fixed,1,27,24,1,0,0,undetermined,0.032262499715508854,27,0.18162153138026757,36
9122120,sensor,adaptive,0,0.35,fixed,1,27,24,1,0,0,undetermined,0.01460120305683384,27,0.12899725690978658,36
9122120,motor_external,adaptive,0,0.35,fixed,1,27,24,1,0,0,undetermined,0.053886315744679544,27,0.4176233271134888,36
9122120,external_sensor,adaptive,0,0.35,fixed,1,27,24,1,0,0,undetermined,0.032262499715508854,27,0.18162153138026757,36
9122120,nonlinear,adaptive,0,0.35,fixed,1,27,24,1,0,0,unknown,0.3574431945684032,27,0.4129924447829645,36
9122120,none,adaptive,0,0.35,calibrated,0,27,,0,1,0,none,0.015200136277914297,0,0.0,0
9122120,motor,adaptive,0,0.35,calibrated,1,27,30,1,1,1,motor,0.019760564753349703,22,0.1301058416961157,30
9122120,external,adaptive,0,0.35,calibrated,1,27,,0,0,0,none,0.8801851666404417,0,0.0,0
9122120,sensor,adaptive,0,0.35,calibrated,1,27,,0,0,0,none,0.015200136277914297,0,0.0,0
9122120,motor_external,adaptive,0,0.35,calibrated,1,27,38,1,0,0,undetermined,0.02004062209963662,16,0.13934887139306107,22
9122120,external_sensor,adaptive,0,0.35,calibrated,1,27,28,1,0,0,undetermined,0.01788342504645701,24,0.1343220089626851,32
9122120,nonlinear,adaptive,0,0.35,calibrated,1,27,32,1,0,0,undetermined,0.3801820217225833,21,0.4506323532239798,28
9122120,none,cycle,0,0.35,fixed,0,27,25,1,1,1,none,0.009819459410419795,30,0.13850455770432174,35
9122120,motor,cycle,0,0.35,fixed,1,27,25,1,1,1,motor,0.010296232870547038,30,0.2103274315790044,35
9122120,external,cycle,0,0.35,fixed,1,27,25,1,0,0,undetermined,0.020232916987292134,30,0.17304646409243435,35
9122120,sensor,cycle,0,0.35,fixed,1,27,25,1,0,0,undetermined,0.009819459410419795,30,0.13850455770432174,35
9122120,motor_external,cycle,0,0.35,fixed,1,27,25,1,0,0,undetermined,0.011796540546564222,30,0.1844579886390986,35
9122120,external_sensor,cycle,0,0.35,fixed,1,27,25,1,0,0,undetermined,0.020232916987292134,30,0.17304646409243435,35
9122120,nonlinear,cycle,0,0.35,fixed,1,27,25,1,0,0,unknown,0.34276331741995836,30,0.5487182982441775,35
9122120,none,cycle,0,0.35,calibrated,0,27,,0,1,0,none,0.015200136277914297,30,0.0,0
9122120,motor,cycle,0,0.35,calibrated,1,27,30,1,1,1,motor,0.01440348343689625,30,0.13813546022577813,30
9122120,external,cycle,0,0.35,calibrated,1,27,,0,0,0,none,0.8801851666404417,30,0.0,0
9122120,sensor,cycle,0,0.35,calibrated,1,27,,0,0,0,none,0.015200136277914297,30,0.0,0
9122120,motor_external,cycle,0,0.35,calibrated,1,27,34,1,0,0,undetermined,0.021681989977420983,30,0.13064324366420543,26
9122120,external_sensor,cycle,0,0.35,calibrated,1,27,28,1,0,0,undetermined,0.00992248258910115,30,0.14495567262813852,32
9122120,nonlinear,cycle,0,0.35,calibrated,1,27,,0,0,0,none,0.5462274385204767,30,0.0,0
9122120,none,adaptive,1,0.65,fixed,0,27,24,1,0,0,unknown,0.050359251359284075,27,0.4449089064847742,36
9122120,motor,adaptive,1,0.65,fixed,1,27,24,1,0,0,unknown,0.06261915827875461,27,0.6471064586111024,36
9122120,external,adaptive,1,0.65,fixed,1,27,24,1,0,0,unknown,0.0774802308682519,27,0.49067541621566746,36
9122120,sensor,adaptive,1,0.65,fixed,1,27,24,1,0,0,unknown,0.050359251359284075,27,0.4449089064847742,36
9122120,motor_external,adaptive,1,0.65,fixed,1,27,24,1,0,0,unknown,0.09835220906538343,27,0.7509108399957981,36
9122120,external_sensor,adaptive,1,0.65,fixed,1,27,24,1,0,0,unknown,0.0774802308682519,27,0.49067541621566746,36
9122120,nonlinear,adaptive,1,0.65,fixed,1,27,24,1,0,0,unknown,0.39637136257918265,27,0.6772954723233214,36
9122120,none,adaptive,1,0.65,calibrated,0,27,,0,1,0,none,0.052424959815663655,0,0.0,0
9122120,motor,adaptive,1,0.65,calibrated,1,27,,0,0,0,none,1.1786309856411514,0,0.0,0
9122120,external,adaptive,1,0.65,calibrated,1,27,,0,0,0,none,0.9645400162032141,0,0.0,0
9122120,sensor,adaptive,1,0.65,calibrated,1,27,,0,0,0,none,0.052424959815663655,0,0.0,0
9122120,motor_external,adaptive,1,0.65,calibrated,1,27,,0,0,0,none,2.0907460420287016,0,0.0,0
9122120,external_sensor,adaptive,1,0.65,calibrated,1,27,,0,0,0,none,0.9645400162032141,0,0.0,0
9122120,nonlinear,adaptive,1,0.65,calibrated,1,27,,0,0,0,none,0.5611899496947086,0,0.0,0
9122120,none,cycle,1,0.65,fixed,0,27,24,1,0,0,unknown,0.033466990944714316,30,0.4693953258486199,36
9122120,motor,cycle,1,0.65,fixed,1,27,24,1,0,0,unknown,0.03647551952169541,30,0.5754175900862327,36
9122120,external,cycle,1,0.65,fixed,1,27,24,1,0,0,unknown,0.06372996501817672,30,0.5113728894536972,36
9122120,sensor,cycle,1,0.65,fixed,1,27,24,1,0,0,unknown,0.033466990944714316,30,0.4693953258486199,36
9122120,motor_external,cycle,1,0.65,fixed,1,27,24,1,0,0,unknown,0.059241711009096296,30,0.578644104215597,36
9122120,external_sensor,cycle,1,0.65,fixed,1,27,24,1,0,0,unknown,0.06372996501817672,30,0.5113728894536972,36
9122120,nonlinear,cycle,1,0.65,fixed,1,27,24,1,0,0,unknown,0.35854635065125856,30,0.9411110246910864,36
9122120,none,cycle,1,0.65,calibrated,0,27,,0,1,0,none,0.052424959815663655,30,0.0,0
9122120,motor,cycle,1,0.65,calibrated,1,27,,0,0,0,none,1.1786309856411514,30,0.0,0
9122120,external,cycle,1,0.65,calibrated,1,27,,0,0,0,none,0.9645400162032141,30,0.0,0
9122120,sensor,cycle,1,0.65,calibrated,1,27,,0,0,0,none,0.052424959815663655,30,0.0,0
9122120,motor_external,cycle,1,0.65,calibrated,1,27,,0,0,0,none,2.0907460420287016,30,0.0,0
9122120,external_sensor,cycle,1,0.65,calibrated,1,27,,0,0,0,none,0.9645400162032141,30,0.0,0
9122120,nonlinear,cycle,1,0.65,calibrated,1,27,,0,0,0,none,0.5611899496947086,30,0.0,0
9122120,none,adaptive,0,0.65,fixed,0,27,24,1,0,0,unknown,0.050359251359284075,27,0.4449089064847742,36
9122120,motor,adaptive,0,0.65,fixed,1,27,24,1,0,0,unknown,0.06261915827875461,27,0.6471064586111024,36
9122120,external,adaptive,0,0.65,fixed,1,27,24,1,0,0,unknown,0.0774802308682519,27,0.49067541621566746,36
9122120,sensor,adaptive,0,0.65,fixed,1,27,24,1,0,0,unknown,0.050359251359284075,27,0.4449089064847742,36
9122120,motor_external,adaptive,0,0.65,fixed,1,27,24,1,0,0,unknown,0.09835220906538343,27,0.7509108399957981,36
9122120,external_sensor,adaptive,0,0.65,fixed,1,27,24,1,0,0,unknown,0.0774802308682519,27,0.49067541621566746,36
9122120,nonlinear,adaptive,0,0.65,fixed,1,27,24,1,0,0,unknown,0.39637136257918265,27,0.6772954723233214,36
9122120,none,adaptive,0,0.65,calibrated,0,27,,0,1,0,none,0.052424959815663655,0,0.0,0
9122120,motor,adaptive,0,0.65,calibrated,1,27,,0,0,0,none,1.1786309856411514,0,0.0,0
9122120,external,adaptive,0,0.65,calibrated,1,27,,0,0,0,none,0.9645400162032141,0,0.0,0
9122120,sensor,adaptive,0,0.65,calibrated,1,27,,0,0,0,none,0.052424959815663655,0,0.0,0
9122120,motor_external,adaptive,0,0.65,calibrated,1,27,,0,0,0,none,2.0907460420287016,0,0.0,0
9122120,external_sensor,adaptive,0,0.65,calibrated,1,27,,0,0,0,none,0.9645400162032141,0,0.0,0
9122120,nonlinear,adaptive,0,0.65,calibrated,1,27,,0,0,0,none,0.5611899496947086,0,0.0,0
9122120,none,cycle,0,0.65,fixed,0,27,24,1,0,0,unknown,0.033466990944714316,30,0.4693953258486199,36
9122120,motor,cycle,0,0.65,fixed,1,27,24,1,0,0,unknown,0.03647551952169541,30,0.5754175900862327,36
9122120,external,cycle,0,0.65,fixed,1,27,24,1,0,0,unknown,0.06372996501817672,30,0.5113728894536972,36
9122120,sensor,cycle,0,0.65,fixed,1,27,24,1,0,0,unknown,0.033466990944714316,30,0.4693953258486199,36
9122120,motor_external,cycle,0,0.65,fixed,1,27,24,1,0,0,unknown,0.059241711009096296,30,0.578644104215597,36
9122120,external_sensor,cycle,0,0.65,fixed,1,27,24,1,0,0,unknown,0.06372996501817672,30,0.5113728894536972,36
9122120,nonlinear,cycle,0,0.65,fixed,1,27,24,1,0,0,unknown,0.35854635065125856,30,0.9411110246910864,36
9122120,none,cycle,0,0.65,calibrated,0,27,,0,1,0,none,0.052424959815663655,30,0.0,0
9122120,motor,cycle,0,0.65,calibrated,1,27,,0,0,0,none,1.1786309856411514,30,0.0,0
9122120,external,cycle,0,0.65,calibrated,1,27,,0,0,0,none,0.9645400162032141,30,0.0,0
9122120,sensor,cycle,0,0.65,calibrated,1,27,,0,0,0,none,0.052424959815663655,30,0.0,0
9122120,motor_external,cycle,0,0.65,calibrated,1,27,,0,0,0,none,2.0907460420287016,30,0.0,0
9122120,external_sensor,cycle,0,0.65,calibrated,1,27,,0,0,0,none,0.9645400162032141,30,0.0,0
9122120,nonlinear,cycle,0,0.65,calibrated,1,27,,0,0,0,none,0.5611899496947086,30,0.0,0
9122173,none,adaptive,1,0.13,fixed,0,28,,0,1,0,none,0.0039047333575448874,0,0.0,0
9122173,motor,adaptive,1,0.13,fixed,1,28,29,1,1,1,motor,0.005161889121248493,23,0.027287962855308,31
9122173,external,adaptive,1,0.13,fixed,1,28,29,1,1,1,external,0.005161889121248506,23,0.027287962855307997,31
9122173,sensor,adaptive,1,0.13,fixed,1,28,29,1,1,1,sensor,0.005161889121248476,23,0.027287962855307994,31
9122173,motor_external,adaptive,1,0.13,fixed,1,28,29,1,1,1,motor_external,0.00516188912124853,23,0.027287962855307997,31
9122173,external_sensor,adaptive,1,0.13,fixed,1,28,29,1,1,1,external_sensor,0.005161889121248506,23,0.027287962855307997,31
9122173,nonlinear,adaptive,1,0.13,fixed,1,28,29,1,0,0,unknown,0.34434066130341007,23,0.41547624803456734,31
9122173,none,adaptive,1,0.13,calibrated,0,28,,0,1,0,none,0.0039047333575448874,0,0.0,0
9122173,motor,adaptive,1,0.13,calibrated,1,28,29,1,1,1,motor,0.005161889121248493,23,0.027287962855308,31
9122173,external,adaptive,1,0.13,calibrated,1,28,29,1,1,1,external,0.005161889121248506,23,0.027287962855307997,31
9122173,sensor,adaptive,1,0.13,calibrated,1,28,29,1,1,1,sensor,0.005161889121248476,23,0.027287962855307994,31
9122173,motor_external,adaptive,1,0.13,calibrated,1,28,29,1,1,1,motor_external,0.00516188912124853,23,0.027287962855307997,31
9122173,external_sensor,adaptive,1,0.13,calibrated,1,28,29,1,1,1,external_sensor,0.005161889121248506,23,0.027287962855307997,31
9122173,nonlinear,adaptive,1,0.13,calibrated,1,28,29,1,0,0,unknown,0.34434066130341007,23,0.41547624803456734,31
9122173,none,cycle,1,0.13,fixed,0,28,,0,1,0,none,0.0039047333575448874,30,0.0,0
9122173,motor,cycle,1,0.13,fixed,1,28,29,1,1,1,motor,0.0036980628726036983,30,0.02945919053527,31
9122173,external,cycle,1,0.13,fixed,1,28,29,1,1,1,external,0.0036980628726036397,30,0.029459190535270005,31
9122173,sensor,cycle,1,0.13,fixed,1,28,29,1,1,1,sensor,0.0036980628726036536,30,0.02945919053527001,31
9122173,motor_external,cycle,1,0.13,fixed,1,28,29,1,1,1,motor_external,0.00369806287260369,30,0.029459190535270005,31
9122173,external_sensor,cycle,1,0.13,fixed,1,28,29,1,1,1,external_sensor,0.0036980628726036397,30,0.029459190535270005,31
9122173,nonlinear,cycle,1,0.13,fixed,1,28,29,1,0,0,unknown,0.3363959328318475,30,0.35076480904611385,31
9122173,none,cycle,1,0.13,calibrated,0,28,,0,1,0,none,0.0039047333575448874,30,0.0,0
9122173,motor,cycle,1,0.13,calibrated,1,28,29,1,1,1,motor,0.0036980628726036983,30,0.02945919053527,31
9122173,external,cycle,1,0.13,calibrated,1,28,29,1,1,1,external,0.0036980628726036397,30,0.029459190535270005,31
9122173,sensor,cycle,1,0.13,calibrated,1,28,29,1,1,1,sensor,0.0036980628726036536,30,0.02945919053527001,31
9122173,motor_external,cycle,1,0.13,calibrated,1,28,29,1,1,1,motor_external,0.00369806287260369,30,0.029459190535270005,31
9122173,external_sensor,cycle,1,0.13,calibrated,1,28,29,1,1,1,external_sensor,0.0036980628726036397,30,0.029459190535270005,31
9122173,nonlinear,cycle,1,0.13,calibrated,1,28,29,1,0,0,unknown,0.3363959328318475,30,0.35076480904611385,31
9122173,none,adaptive,0,0.13,fixed,0,28,,0,1,0,none,0.0039047333575448874,0,0.0,0
9122173,motor,adaptive,0,0.13,fixed,1,28,29,1,1,1,motor,0.005161889121248493,23,0.027287962855308,31
9122173,external,adaptive,0,0.13,fixed,1,28,29,1,0,0,undetermined,0.005161889121248506,23,0.027287962855307997,31
9122173,sensor,adaptive,0,0.13,fixed,1,28,29,1,0,0,undetermined,0.005161889121248476,23,0.027287962855307994,31
9122173,motor_external,adaptive,0,0.13,fixed,1,28,29,1,0,0,undetermined,0.00516188912124853,23,0.027287962855307997,31
9122173,external_sensor,adaptive,0,0.13,fixed,1,28,29,1,0,0,undetermined,0.005161889121248506,23,0.027287962855307997,31
9122173,nonlinear,adaptive,0,0.13,fixed,1,28,29,1,0,0,unknown,0.34434066130341007,23,0.41547624803456734,31
9122173,none,adaptive,0,0.13,calibrated,0,28,,0,1,0,none,0.0039047333575448874,0,0.0,0
9122173,motor,adaptive,0,0.13,calibrated,1,28,29,1,1,1,motor,0.005161889121248493,23,0.027287962855308,31
9122173,external,adaptive,0,0.13,calibrated,1,28,29,1,0,0,undetermined,0.005161889121248506,23,0.027287962855307997,31
9122173,sensor,adaptive,0,0.13,calibrated,1,28,29,1,0,0,undetermined,0.005161889121248476,23,0.027287962855307994,31
9122173,motor_external,adaptive,0,0.13,calibrated,1,28,29,1,0,0,undetermined,0.00516188912124853,23,0.027287962855307997,31
9122173,external_sensor,adaptive,0,0.13,calibrated,1,28,29,1,0,0,undetermined,0.005161889121248506,23,0.027287962855307997,31
9122173,nonlinear,adaptive,0,0.13,calibrated,1,28,29,1,0,0,unknown,0.34434066130341007,23,0.41547624803456734,31
9122173,none,cycle,0,0.13,fixed,0,28,,0,1,0,none,0.0039047333575448874,30,0.0,0
9122173,motor,cycle,0,0.13,fixed,1,28,29,1,1,1,motor,0.0036980628726036983,30,0.02945919053527,31
9122173,external,cycle,0,0.13,fixed,1,28,29,1,0,0,undetermined,0.0036980628726036397,30,0.029459190535270005,31
9122173,sensor,cycle,0,0.13,fixed,1,28,29,1,0,0,undetermined,0.0036980628726036536,30,0.02945919053527001,31
9122173,motor_external,cycle,0,0.13,fixed,1,28,29,1,0,0,undetermined,0.00369806287260369,30,0.029459190535270005,31
9122173,external_sensor,cycle,0,0.13,fixed,1,28,29,1,0,0,undetermined,0.0036980628726036397,30,0.029459190535270005,31
9122173,nonlinear,cycle,0,0.13,fixed,1,28,29,1,0,0,unknown,0.3363959328318475,30,0.35076480904611385,31
9122173,none,cycle,0,0.13,calibrated,0,28,,0,1,0,none,0.0039047333575448874,30,0.0,0
9122173,motor,cycle,0,0.13,calibrated,1,28,29,1,1,1,motor,0.0036980628726036983,30,0.02945919053527,31
9122173,external,cycle,0,0.13,calibrated,1,28,29,1,0,0,undetermined,0.0036980628726036397,30,0.029459190535270005,31
9122173,sensor,cycle,0,0.13,calibrated,1,28,29,1,0,0,undetermined,0.0036980628726036536,30,0.02945919053527001,31
9122173,motor_external,cycle,0,0.13,calibrated,1,28,29,1,0,0,undetermined,0.00369806287260369,30,0.029459190535270005,31
9122173,external_sensor,cycle,0,0.13,calibrated,1,28,29,1,0,0,undetermined,0.0036980628726036397,30,0.029459190535270005,31
9122173,nonlinear,cycle,0,0.13,calibrated,1,28,29,1,0,0,unknown,0.3363959328318475,30,0.35076480904611385,31
9122173,none,adaptive,1,0.35,fixed,0,28,25,1,1,1,none,0.02656551980014731,26,0.2159838831936701,35
9122173,motor,adaptive,1,0.35,fixed,1,28,25,1,1,1,motor,0.02402841630131505,26,0.4209129990209438,35
9122173,external,adaptive,1,0.35,fixed,1,28,25,1,1,1,external,0.045032792114398576,26,0.25300465977012615,35
9122173,sensor,adaptive,1,0.35,fixed,1,28,25,1,1,1,sensor,0.02656551980014731,26,0.2159838831936701,35
9122173,motor_external,adaptive,1,0.35,fixed,1,28,25,1,1,1,motor_external,0.035796479854410826,26,0.41080625519323766,35
9122173,external_sensor,adaptive,1,0.35,fixed,1,28,25,1,1,1,external_sensor,0.045032792114398576,26,0.25300465977012615,35
9122173,nonlinear,adaptive,1,0.35,fixed,1,28,25,1,0,0,unknown,0.3473879165001673,26,0.6512284711916757,35
9122173,none,adaptive,1,0.35,calibrated,0,28,,0,1,0,none,0.028303540609422854,0,0.0,0
9122173,motor,adaptive,1,0.35,calibrated,1,28,30,1,1,1,motor,0.027171664267497043,22,0.1947068292665544,30
9122173,external,adaptive,1,0.35,calibrated,1,28,,0,0,0,none,0.741065742461281,0,0.0,0
9122173,sensor,adaptive,1,0.35,calibrated,1,28,37,1,1,1,sensor,0.03259120791226612,17,0.19237763026303056,23
9122173,motor_external,adaptive,1,0.35,calibrated,1,28,29,1,1,1,motor_external,0.03741606019839879,23,0.1977973638920254,31
9122173,external_sensor,adaptive,1,0.35,calibrated,1,28,37,1,1,1,external_sensor,0.032591207912266044,17,0.19237763026303056,23
9122173,nonlinear,adaptive,1,0.35,calibrated,1,28,,0,0,0,none,0.5413826851484386,0,0.0,0
9122173,none,cycle,1,0.35,fixed,0,28,25,1,0,1,motor,0.02746555620450019,30,0.21781120620081557,35
9122173,motor,cycle,1,0.35,fixed,1,28,25,1,1,1,motor,0.028205542455275796,30,0.2799219383807794,35
9122173,external,cycle,1,0.35,fixed,1,28,25,1,0,1,motor_external,0.04475287943449294,30,0.2554941617494983,35
9122173,sensor,cycle,1,0.35,fixed,1,28,25,1,0,1,motor_sensor,0.02746555620450019,30,0.21781120620081557,35
9122173,motor_external,cycle,1,0.35,fixed,1,28,25,1,1,1,motor_external,0.06162167306995255,30,0.40411395172004,35
9122173,external_sensor,cycle,1,0.35,fixed,1,28,25,1,0,1,motor_external_sensor,0.04475287943449294,30,0.2554941617494983,35
9122173,nonlinear,cycle,1,0.35,fixed,1,28,25,1,0,0,unknown,0.36431564500659264,30,0.5014293536297024,35
9122173,none,cycle,1,0.35,calibrated,0,28,,0,1,0,none,0.028303540609422854,30,0.0,0
9122173,motor,cycle,1,0.35,calibrated,1,28,29,1,1,1,motor,0.026805485319168782,30,0.21353555269648375,31
9122173,external,cycle,1,0.35,calibrated,1,28,,0,0,0,none,0.741065742461281,30,0.0,0
9122173,sensor,cycle,1,0.35,calibrated,1,28,37,1,0,1,motor_sensor,0.0397000288238674,30,0.18864341333024387,23
9122173,motor_external,cycle,1,0.35,calibrated,1,28,31,1,1,1,motor_external,0.03266119694908347,30,0.19415817434231486,29
9122173,external_sensor,cycle,1,0.35,calibrated,1,28,37,1,0,1,motor_external_sensor,0.039700028823867355,30,0.18864341333024387,23
9122173,nonlinear,cycle,1,0.35,calibrated,1,28,,0,0,0,none,0.5413826851484386,30,0.0,0
9122173,none,adaptive,0,0.35,fixed,0,28,26,1,1,1,none,0.03556059296012935,25,0.20397555407614798,34
9122173,motor,adaptive,0,0.35,fixed,1,28,26,1,1,1,motor,0.04144100477140114,25,0.2968581103366173,34
9122173,external,adaptive,0,0.35,fixed,1,28,26,1,0,0,undetermined,0.05068329076796272,25,0.2464675899745202,34
9122173,sensor,adaptive,0,0.35,fixed,1,28,26,1,0,0,undetermined,0.03556059296012935,25,0.20397555407614798,34
9122173,motor_external,adaptive,0,0.35,fixed,1,28,26,1,0,0,undetermined,0.05656370257923445,25,0.3393501462349896,34
9122173,external_sensor,adaptive,0,0.35,fixed,1,28,26,1,0,0,undetermined,0.05068329076796272,25,0.2464675899745202,34
9122173,nonlinear,adaptive,0,0.35,fixed,1,28,26,1,0,0,unknown,0.35525796080213606,25,0.49617594661443254,34
9122173,none,adaptive,0,0.35,calibrated,0,28,,0,1,0,none,0.028303540609422854,0,0.0,0
9122173,motor,adaptive,0,0.35,calibrated,1,28,32,1,1,1,motor,0.025426940148740064,21,0.2037914633638986,28
9122173,external,adaptive,0,0.35,calibrated,1,28,,0,0,0,none,0.741065742461281,0,0.0,0
9122173,sensor,adaptive,0,0.35,calibrated,1,28,,0,0,0,none,0.028303540609422854,0,0.0,0
9122173,motor_external,adaptive,0,0.35,calibrated,1,28,29,1,0,0,undetermined,0.03741606019839879,23,0.1977973638920254,31
9122173,external_sensor,adaptive,0,0.35,calibrated,1,28,31,1,0,0,undetermined,0.034956378526520226,21,0.18725660051426288,29
9122173,nonlinear,adaptive,0,0.35,calibrated,1,28,,0,0,0,none,0.5413826851484386,0,0.0,0
9122173,none,cycle,0,0.35,fixed,0,28,26,1,1,1,none,0.02852203553051492,30,0.21423101250457613,34
9122173,motor,cycle,0,0.35,fixed,1,28,26,1,1,1,motor,0.025661666174744822,30,0.26913941413000597,34
9122173,external,cycle,0,0.35,fixed,1,28,26,1,0,0,undetermined,0.041495813211321814,30,0.25886528764204597,34
9122173,sensor,cycle,0,0.35,fixed,1,28,26,1,0,0,undetermined,0.02852203553051492,30,0.21423101250457613,34
9122173,motor_external,cycle,0,0.35,fixed,1,28,26,1,0,0,undetermined,0.0449857423313353,30,0.3567093769386488,34
9122173,external_sensor,cycle,0,0.35,fixed,1,28,26,1,0,0,undetermined,0.041495813211321814,30,0.25886528764204597,34
9122173,nonlinear,cycle,0,0.35,fixed,1,28,26,1,0,0,unknown,0.3649162376062549,30,0.5155140181341687,34
9122173,none,cycle,0,0.35,calibrated,0,28,,0,1,0,none,0.028303540609422854,30,0.0,0
9122173,motor,cycle,0,0.35,calibrated,1,28,29,1,1,1,motor,0.026805485319168782,30,0.21353555269648375,31
9122173,external,cycle,0,0.35,calibrated,1,28,,0,0,0,none,0.741065742461281,30,0.0,0
9122173,sensor,cycle,0,0.35,calibrated,1,28,,0,0,0,none,0.028303540609422854,30,0.0,0
9122173,motor_external,cycle,0,0.35,calibrated,1,28,31,1,0,0,undetermined,0.03266119694908347,30,0.19415817434231486,29
9122173,external_sensor,cycle,0,0.35,calibrated,1,28,31,1,0,0,undetermined,0.03266119694908337,30,0.19415817434231483,29
9122173,nonlinear,cycle,0,0.35,calibrated,1,28,,0,0,0,none,0.5413826851484386,30,0.0,0
9122173,none,adaptive,1,0.65,fixed,0,28,24,1,0,0,unknown,0.1076975444628843,27,0.7528739311363247,36
9122173,motor,adaptive,1,0.65,fixed,1,28,24,1,0,0,unknown,0.1534602634831493,27,0.8825677612719433,36
9122173,external,adaptive,1,0.65,fixed,1,28,24,1,0,0,unknown,0.15438925488123031,27,0.7765415865865967,36
9122173,sensor,adaptive,1,0.65,fixed,1,28,24,1,0,0,unknown,0.1076975444628843,27,0.7528739311363247,36
9122173,motor_external,adaptive,1,0.65,fixed,1,28,24,1,0,0,unknown,0.20015197390149514,27,0.9062354167222152,36
9122173,external_sensor,adaptive,1,0.65,fixed,1,28,24,1,0,0,unknown,0.15438925488123031,27,0.7765415865865967,36
9122173,nonlinear,adaptive,1,0.65,fixed,1,28,24,1,0,0,unknown,0.4258920029764993,27,1.1611360151635437,36
9122173,none,adaptive,1,0.65,calibrated,0,28,,0,1,0,none,0.09761833393862163,0,0.0,0
9122173,motor,adaptive,1,0.65,calibrated,1,28,,0,0,0,none,1.9695288137838567,0,0.0,0
9122173,external,adaptive,1,0.65,calibrated,1,28,,0,0,0,none,0.7270338516635011,0,0.0,0
9122173,sensor,adaptive,1,0.65,calibrated,1,28,,0,0,0,none,0.09761833393862163,0,0.0,0
9122173,motor_external,adaptive,1,0.65,calibrated,1,28,33,1,1,1,motor_external,0.13622271936035696,20,0.6638439955683528,27
9122173,external_sensor,adaptive,1,0.65,calibrated,1,28,,0,0,0,none,0.7270338516635011,0,0.0,0
9122173,nonlinear,adaptive,1,0.65,calibrated,1,28,,0,0,0,none,0.5730510309396508,0,0.0,0
9122173,none,cycle,1,0.65,fixed,0,28,24,1,0,0,unknown,0.10570079617336367,30,0.7712796107218735,36
9122173,motor,cycle,1,0.65,fixed,1,28,24,1,0,0,unknown,0.07285644489514465,30,0.7897331013587603,36
9122173,external,cycle,1,0.65,fixed,1,28,24,1,0,0,unknown,0.14599982467199496,30,0.8006606151500961,36
9122173,sensor,cycle,1,0.65,fixed,1,28,24,1,0,0,unknown,0.10570079617336367,30,0.7712796107218735,36
9122173,motor_external,cycle,1,0.65,fixed,1,28,24,1,0,0,unknown,0.12435864126614467,30,0.8618644006144242,36
9122173,external_sensor,cycle,1,0.65,fixed,1,28,24,1,0,0,unknown,0.14599982467199496,30,0.8006606151500961,36
9122173,nonlinear,cycle,1,0.65,fixed,1,28,24,1,0,0,unknown,0.4438057902767737,30,1.0021080634907542,36
9122173,none,cycle,1,0.65,calibrated,0,28,,0,1,0,none,0.09761833393862163,30,0.0,0
9122173,motor,cycle,1,0.65,calibrated,1,28,,0,0,0,none,1.9695288137838567,30,0.0,0
9122173,external,cycle,1,0.65,calibrated,1,28,,0,0,0,none,0.7270338516635011,30,0.0,0
9122173,sensor,cycle,1,0.65,calibrated,1,28,,0,0,0,none,0.09761833393862163,30,0.0,0
9122173,motor_external,cycle,1,0.65,calibrated,1,28,,0,0,0,none,2.598944331508736,30,0.0,0
9122173,external_sensor,cycle,1,0.65,calibrated,1,28,,0,0,0,none,0.7270338516635011,30,0.0,0
9122173,nonlinear,cycle,1,0.65,calibrated,1,28,,0,0,0,none,0.5730510309396508,30,0.0,0
9122173,none,adaptive,0,0.65,fixed,0,28,24,1,0,0,unknown,0.1076975444628843,27,0.7528739311363247,36
9122173,motor,adaptive,0,0.65,fixed,1,28,24,1,0,0,unknown,0.1534602634831493,27,0.8825677612719433,36
9122173,external,adaptive,0,0.65,fixed,1,28,24,1,0,0,unknown,0.15438925488123031,27,0.7765415865865967,36
9122173,sensor,adaptive,0,0.65,fixed,1,28,24,1,0,0,unknown,0.1076975444628843,27,0.7528739311363247,36
9122173,motor_external,adaptive,0,0.65,fixed,1,28,24,1,0,0,unknown,0.20015197390149514,27,0.9062354167222152,36
9122173,external_sensor,adaptive,0,0.65,fixed,1,28,24,1,0,0,unknown,0.15438925488123031,27,0.7765415865865967,36
9122173,nonlinear,adaptive,0,0.65,fixed,1,28,24,1,0,0,unknown,0.4258920029764993,27,1.1611360151635437,36
9122173,none,adaptive,0,0.65,calibrated,0,28,,0,1,0,none,0.09761833393862163,0,0.0,0
9122173,motor,adaptive,0,0.65,calibrated,1,28,,0,0,0,none,1.9695288137838567,0,0.0,0
9122173,external,adaptive,0,0.65,calibrated,1,28,,0,0,0,none,0.7270338516635011,0,0.0,0
9122173,sensor,adaptive,0,0.65,calibrated,1,28,,0,0,0,none,0.09761833393862163,0,0.0,0
9122173,motor_external,adaptive,0,0.65,calibrated,1,28,,0,0,0,none,2.598944331508736,0,0.0,0
9122173,external_sensor,adaptive,0,0.65,calibrated,1,28,,0,0,0,none,0.7270338516635011,0,0.0,0
9122173,nonlinear,adaptive,0,0.65,calibrated,1,28,,0,0,0,none,0.5730510309396508,0,0.0,0
9122173,none,cycle,0,0.65,fixed,0,28,24,1,0,0,unknown,0.10570079617336367,30,0.7712796107218735,36
9122173,motor,cycle,0,0.65,fixed,1,28,24,1,0,0,unknown,0.07285644489514465,30,0.7897331013587603,36
9122173,external,cycle,0,0.65,fixed,1,28,24,1,0,0,unknown,0.14599982467199496,30,0.8006606151500961,36
9122173,sensor,cycle,0,0.65,fixed,1,28,24,1,0,0,unknown,0.10570079617336367,30,0.7712796107218735,36
9122173,motor_external,cycle,0,0.65,fixed,1,28,24,1,0,0,unknown,0.12435864126614467,30,0.8618644006144242,36
9122173,external_sensor,cycle,0,0.65,fixed,1,28,24,1,0,0,unknown,0.14599982467199496,30,0.8006606151500961,36
9122173,nonlinear,cycle,0,0.65,fixed,1,28,24,1,0,0,unknown,0.4438057902767737,30,1.0021080634907542,36
9122173,none,cycle,0,0.65,calibrated,0,28,,0,1,0,none,0.09761833393862163,30,0.0,0
9122173,motor,cycle,0,0.65,calibrated,1,28,,0,0,0,none,1.9695288137838567,30,0.0,0
9122173,external,cycle,0,0.65,calibrated,1,28,,0,0,0,none,0.7270338516635011,30,0.0,0
9122173,sensor,cycle,0,0.65,calibrated,1,28,,0,0,0,none,0.09761833393862163,30,0.0,0
9122173,motor_external,cycle,0,0.65,calibrated,1,28,,0,0,0,none,2.598944331508736,30,0.0,0
9122173,external_sensor,cycle,0,0.65,calibrated,1,28,,0,0,0,none,0.7270338516635011,30,0.0,0
9122173,nonlinear,cycle,0,0.65,calibrated,1,28,,0,0,0,none,0.5730510309396508,30,0.0,0
9122226,none,adaptive,1,0.13,fixed,0,28,,0,1,0,none,0.0013566902014740929,0,0.0,0
9122226,motor,adaptive,1,0.13,fixed,1,28,29,1,1,1,motor,0.002956759673818326,23,0.030321078048891996,31
9122226,external,adaptive,1,0.13,fixed,1,28,29,1,1,1,external,0.002956759673818322,23,0.030321078048891996,31
9122226,sensor,adaptive,1,0.13,fixed,1,28,29,1,1,1,sensor,0.0029567596738183364,23,0.030321078048891996,31
9122226,motor_external,adaptive,1,0.13,fixed,1,28,30,1,1,1,motor_external,0.0047645156368828585,22,0.027402998164349622,30
9122226,external_sensor,adaptive,1,0.13,fixed,1,28,29,1,1,1,external_sensor,0.002956759673818322,23,0.030321078048891996,31
9122226,nonlinear,adaptive,1,0.13,fixed,1,28,29,1,0,0,unknown,0.34303126836014175,23,0.4040621357227532,31
9122226,none,adaptive,1,0.13,calibrated,0,28,,0,1,0,none,0.0013566902014740929,0,0.0,0
9122226,motor,adaptive,1,0.13,calibrated,1,28,29,1,1,1,motor,0.002956759673818326,23,0.030321078048891996,31
9122226,external,adaptive,1,0.13,calibrated,1,28,29,1,1,1,external,0.002956759673818322,23,0.030321078048891996,31
9122226,sensor,adaptive,1,0.13,calibrated,1,28,29,1,1,1,sensor,0.0029567596738183364,23,0.030321078048891996,31
9122226,motor_external,adaptive,1,0.13,calibrated,1,28,30,1,1,1,motor_external,0.0047645156368828585,22,0.027402998164349622,30
9122226,external_sensor,adaptive,1,0.13,calibrated,1,28,29,1,1,1,external_sensor,0.002956759673818322,23,0.030321078048891996,31
9122226,nonlinear,adaptive,1,0.13,calibrated,1,28,29,1,0,0,unknown,0.34303126836014175,23,0.4040621357227532,31
9122226,none,cycle,1,0.13,fixed,0,28,,0,1,0,none,0.0013566902014740929,30,0.0,0
9122226,motor,cycle,1,0.13,fixed,1,28,29,1,1,1,motor,0.008084982457561602,30,0.025453933948131866,31
9122226,external,cycle,1,0.13,fixed,1,28,29,1,1,1,external,0.008084982457561587,30,0.025453933948131873,31
9122226,sensor,cycle,1,0.13,fixed,1,28,29,1,1,1,sensor,0.008084982457561608,30,0.025453933948131877,31
9122226,motor_external,cycle,1,0.13,fixed,1,28,29,1,1,1,motor_external,0.008084982457561635,30,0.02545393394813187,31
9122226,external_sensor,cycle,1,0.13,fixed,1,28,29,1,1,1,external_sensor,0.008084982457561587,30,0.025453933948131873,31
9122226,nonlinear,cycle,1,0.13,fixed,1,28,33,1,0,0,unknown,0.3419456678270057,30,0.3425995624282315,27
9122226,none,cycle,1,0.13,calibrated,0,28,,0,1,0,none,0.0013566902014740929,30,0.0,0
9122226,motor,cycle,1,0.13,calibrated,1,28,29,1,1,1,motor,0.008084982457561602,30,0.025453933948131866,31
9122226,external,cycle,1,0.13,calibrated,1,28,29,1,1,1,external,0.008084982457561587,30,0.025453933948131873,31
9122226,sensor,cycle,1,0.13,calibrated,1,28,29,1,1,1,sensor,0.008084982457561608,30,0.025453933948131877,31
9122226,motor_external,cycle,1,0.13,calibrated,1,28,29,1,1,1,motor_external,0.008084982457561635,30,0.02545393394813187,31
9122226,external_sensor,cycle,1,0.13,calibrated,1,28,29,1,1,1,external_sensor,0.008084982457561587,30,0.025453933948131873,31
9122226,nonlinear,cycle,1,0.13,calibrated,1,28,33,1,0,0,unknown,0.3419456678270057,30,0.3425995624282315,27
9122226,none,adaptive,0,0.13,fixed,0,28,,0,1,0,none,0.0013566902014740929,0,0.0,0
9122226,motor,adaptive,0,0.13,fixed,1,28,29,1,1,1,motor,0.002956759673818326,23,0.030321078048891996,31
9122226,external,adaptive,0,0.13,fixed,1,28,29,1,0,0,undetermined,0.002956759673818322,23,0.030321078048891996,31
9122226,sensor,adaptive,0,0.13,fixed,1,28,29,1,0,0,undetermined,0.0029567596738183364,23,0.030321078048891996,31
9122226,motor_external,adaptive,0,0.13,fixed,1,28,29,1,0,0,undetermined,0.002956759673818335,23,0.030321078048891996,31
9122226,external_sensor,adaptive,0,0.13,fixed,1,28,29,1,0,0,undetermined,0.002956759673818322,23,0.030321078048891996,31
9122226,nonlinear,adaptive,0,0.13,fixed,1,28,29,1,0,0,unknown,0.34303126836014175,23,0.4040621357227532,31
9122226,none,adaptive,0,0.13,calibrated,0,28,,0,1,0,none,0.0013566902014740929,0,0.0,0
9122226,motor,adaptive,0,0.13,calibrated,1,28,29,1,1,1,motor,0.002956759673818326,23,0.030321078048891996,31
9122226,external,adaptive,0,0.13,calibrated,1,28,29,1,0,0,undetermined,0.002956759673818322,23,0.030321078048891996,31
9122226,sensor,adaptive,0,0.13,calibrated,1,28,29,1,0,0,undetermined,0.0029567596738183364,23,0.030321078048891996,31
9122226,motor_external,adaptive,0,0.13,calibrated,1,28,29,1,0,0,undetermined,0.002956759673818335,23,0.030321078048891996,31
9122226,external_sensor,adaptive,0,0.13,calibrated,1,28,29,1,0,0,undetermined,0.002956759673818322,23,0.030321078048891996,31
9122226,nonlinear,adaptive,0,0.13,calibrated,1,28,29,1,0,0,unknown,0.34303126836014175,23,0.4040621357227532,31
9122226,none,cycle,0,0.13,fixed,0,28,,0,1,0,none,0.0013566902014740929,30,0.0,0
9122226,motor,cycle,0,0.13,fixed,1,28,29,1,1,1,motor,0.008084982457561602,30,0.025453933948131866,31
9122226,external,cycle,0,0.13,fixed,1,28,29,1,0,0,undetermined,0.008084982457561587,30,0.025453933948131873,31
9122226,sensor,cycle,0,0.13,fixed,1,28,29,1,0,0,undetermined,0.008084982457561608,30,0.025453933948131877,31
9122226,motor_external,cycle,0,0.13,fixed,1,28,29,1,0,0,undetermined,0.008084982457561635,30,0.02545393394813187,31
9122226,external_sensor,cycle,0,0.13,fixed,1,28,29,1,0,0,undetermined,0.008084982457561587,30,0.025453933948131873,31
9122226,nonlinear,cycle,0,0.13,fixed,1,28,29,1,0,0,unknown,0.3428904565039991,30,0.3350672898941732,31
9122226,none,cycle,0,0.13,calibrated,0,28,,0,1,0,none,0.0013566902014740929,30,0.0,0
9122226,motor,cycle,0,0.13,calibrated,1,28,29,1,1,1,motor,0.008084982457561602,30,0.025453933948131866,31
9122226,external,cycle,0,0.13,calibrated,1,28,29,1,0,0,undetermined,0.008084982457561587,30,0.025453933948131873,31
9122226,sensor,cycle,0,0.13,calibrated,1,28,29,1,0,0,undetermined,0.008084982457561608,30,0.025453933948131877,31
9122226,motor_external,cycle,0,0.13,calibrated,1,28,29,1,0,0,undetermined,0.008084982457561635,30,0.02545393394813187,31
9122226,external_sensor,cycle,0,0.13,calibrated,1,28,29,1,0,0,undetermined,0.008084982457561587,30,0.025453933948131873,31
9122226,nonlinear,cycle,0,0.13,calibrated,1,28,29,1,0,0,unknown,0.3428904565039991,30,0.3350672898941732,31
9122226,none,adaptive,1,0.35,fixed,0,28,27,1,1,1,none,0.026669701790940588,24,0.22744701791216196,33
9122226,motor,adaptive,1,0.35,fixed,1,28,27,1,1,1,motor,0.026497039809255562,24,0.2732500312034687,33
9122226,external,adaptive,1,0.35,fixed,1,28,27,1,1,1,external,0.0284555571956962,24,0.26066272996596423,33
9122226,sensor,adaptive,1,0.35,fixed,1,28,27,1,1,1,sensor,0.026669701790940588,24,0.22744701791216196,33
9122226,motor_external,adaptive,1,0.35,fixed,1,28,27,1,1,1,motor_external,0.023420234035362152,24,0.24299044582036175,33
9122226,external_sensor,adaptive,1,0.35,fixed,1,28,27,1,1,1,external_sensor,0.0284555571956962,24,0.26066272996596423,33
9122226,nonlinear,adaptive,1,0.35,fixed,1,28,27,1,0,0,unknown,0.3458594492199202,24,0.5240336091459289,33
9122226,none,adaptive,1,0.35,calibrated,0,28,,0,1,0,none,0.009833997022519327,0,0.0,0
9122226,motor,adaptive,1,0.35,calibrated,1,28,30,1,1,1,motor,0.03453569026734606,22,0.19863119971200166,30
9122226,external,adaptive,1,0.35,calibrated,1,28,,0,0,0,none,0.7329550702768464,0,0.0,0
9122226,sensor,adaptive,1,0.35,calibrated,1,28,29,1,1,1,sensor,0.02143213373034001,23,0.2197829621887141,31
9122226,motor_external,adaptive,1,0.35,calibrated,1,28,,0,0,0,none,2.2434419115497084,0,0.0,0
9122226,external_sensor,adaptive,1,0.35,calibrated,1,28,29,1,1,1,external_sensor,0.021432133730340003,23,0.21978296218871413,31
9122226,nonlinear,adaptive,1,0.35,calibrated,1,28,,0,0,0,none,0.6151875196201899,0,0.0,0
9122226,none,cycle,1,0.35,fixed,0,28,24,1,1,1,none,0.03955730779465382,30,0.20670180172024735,36
9122226,motor,cycle,1,0.35,fixed,1,28,24,1,1,1,motor,0.06184497225009801,30,0.391647940045439,36
9122226,external,cycle,1,0.35,fixed,1,28,24,1,1,1,external,0.055978081925270005,30,0.3008865177127178,36
9122226,sensor,cycle,1,0.35,fixed,1,28,24,1,1,1,sensor,0.03955730779465382,30,0.20670180172024735,36
9122226,motor_external,cycle,1,0.35,fixed,1,28,24,1,1,1,motor_external,0.07070334301059554,30,0.4615894297312655,36
9122226,external_sensor,cycle,1,0.35,fixed,1,28,24,1,1,1,external_sensor,0.055978081925270005,30,0.3008865177127178,36
9122226,nonlinear,cycle,1,0.35,fixed,1,28,24,1,0,0,unknown,0.39115952701411233,30,0.4211352329785941,36
9122226,none,cycle,1,0.35,calibrated,0,28,,0,1,0,none,0.009833997022519327,30,0.0,0
9122226,motor,cycle,1,0.35,calibrated,1,28,29,1,1,1,motor,0.05860416278410051,30,0.18450336737551207,31
9122226,external,cycle,1,0.35,calibrated,1,28,,0,0,0,none,0.7329550702768464,30,0.0,0
9122226,sensor,cycle,1,0.35,calibrated,1,28,29,1,1,1,sensor,0.05860416278410045,30,0.18450336737551204,31
9122226,motor_external,cycle,1,0.35,calibrated,1,28,29,1,1,1,motor_external,0.05860416278410045,30,0.184503367375512,31
9122226,external_sensor,cycle,1,0.35,calibrated,1,28,29,1,1,1,external_sensor,0.058604162784100466,30,0.184503367375512,31
9122226,nonlinear,cycle,1,0.35,calibrated,1,28,,0,0,0,none,0.6151875196201899,30,0.0,0
9122226,none,adaptive,0,0.35,fixed,0,28,26,1,0,0,unknown,0.027512736712907444,25,0.21810801300016291,34
9122226,motor,adaptive,0,0.35,fixed,1,28,26,1,0,0,unknown,0.03143906491749144,25,0.34787549863500217,34
9122226,external,adaptive,0,0.35,fixed,1,28,26,1,0,0,unknown,0.03147665567088132,25,0.2709224184898278,34
9122226,sensor,adaptive,0,0.35,fixed,1,28,26,1,0,0,unknown,0.027512736712907444,25,0.21810801300016291,34
9122226,motor_external,adaptive,0,0.35,fixed,1,28,26,1,0,0,unknown,0.03540298387546531,25,0.4006899041246671,34
9122226,external_sensor,adaptive,0,0.35,fixed,1,28,26,1,0,0,unknown,0.03147665567088132,25,0.2709224184898278,34
9122226,nonlinear,adaptive,0,0.35,fixed,1,28,26,1,0,0,unknown,0.34904580122886175,25,0.5527691780022945,34
9122226,none,adaptive,0,0.35,calibrated,0,28,,0,1,0,none,0.009833997022519327,0,0.0,0
9122226,motor,adaptive,0,0.35,calibrated,1,28,29,1,1,1,motor,0.021432133730339985,23,0.21978296218871407,31
9122226,external,adaptive,0,0.35,calibrated,1,28,,0,0,0,none,0.7329550702768464,0,0.0,0
9122226,sensor,adaptive,0,0.35,calibrated,1,28,,0,0,0,none,0.009833997022519327,0,0.0,0
9122226,motor_external,adaptive,0,0.35,calibrated,1,28,,0,0,0,none,2.2434419115497084,0,0.0,0
9122226,external_sensor,adaptive,0,0.35,calibrated,1,28,29,1,0,0,undetermined,0.021432133730340003,23,0.21978296218871413,31
9122226,nonlinear,adaptive,0,0.35,calibrated,1,28,54,1,0,0,undetermined,0.5787747559460771,4,0.2524944102704949,6
9122226,none,cycle,0,0.35,fixed,0,28,26,1,0,0,unknown,0.045462532688724015,30,0.20198647488000865,34
9122226,motor,cycle,0,0.35,fixed,1,28,26,1,0,0,unknown,0.034628633202014356,30,0.2582271731221901,34
9122226,external,cycle,0,0.35,fixed,1,28,26,1,0,0,unknown,0.05348985490305187,30,0.2508160444268421,34
9122226,sensor,cycle,0,0.35,fixed,1,28,26,1,0,0,unknown,0.045462532688724015,30,0.20198647488000865,34
9122226,motor_external,cycle,0,0.35,fixed,1,28,26,1,0,0,unknown,0.033989124425364,30,0.24845849725638314,34
9122226,external_sensor,cycle,0,0.35,fixed,1,28,26,1,0,0,unknown,0.05348985490305187,30,0.2508160444268421,34
9122226,nonlinear,cycle,0,0.35,fixed,1,28,26,1,0,0,unknown,0.3927967026732637,30,0.42158006369181306,34
9122226,none,cycle,0,0.35,calibrated,0,28,,0,1,0,none,0.009833997022519327,30,0.0,0
9122226,motor,cycle,0,0.35,calibrated,1,28,29,1,1,1,motor,0.05860416278410051,30,0.18450336737551207,31
9122226,external,cycle,0,0.35,calibrated,1,28,,0,0,0,none,0.7329550702768464,30,0.0,0
9122226,sensor,cycle,0,0.35,calibrated,1,28,,0,0,0,none,0.009833997022519327,30,0.0,0
9122226,motor_external,cycle,0,0.35,calibrated,1,28,29,1,0,0,undetermined,0.05860416278410045,30,0.184503367375512,31
9122226,external_sensor,cycle,0,0.35,calibrated,1,28,29,1,0,0,undetermined,0.058604162784100466,30,0.184503367375512,31
9122226,nonlinear,cycle,0,0.35,calibrated,1,28,54,1,0,0,undetermined,0.5746345236499314,30,0.3767754019291459,6
9122226,none,adaptive,1,0.65,fixed,0,28,24,1,0,0,unknown,0.09155175979558756,27,0.7498225749925849,36
9122226,motor,adaptive,1,0.65,fixed,1,28,24,1,0,0,unknown,0.10811290324227321,27,0.8129019427285721,36
9122226,external,adaptive,1,0.65,fixed,1,28,24,1,0,0,unknown,0.10784365276835584,27,0.8615511011383832,36
9122226,sensor,adaptive,1,0.65,fixed,1,28,24,1,0,0,unknown,0.09155175979558756,27,0.7498225749925849,36
9122226,motor_external,adaptive,1,0.65,fixed,1,28,24,1,0,0,unknown,0.12440479621504133,27,0.9246304688743702,36
9122226,external_sensor,adaptive,1,0.65,fixed,1,28,24,1,0,0,unknown,0.10784365276835584,27,0.8615511011383832,36
9122226,nonlinear,adaptive,1,0.65,fixed,1,28,24,1,0,0,unknown,0.406946880714393,27,1.0511202778836146,36
9122226,none,adaptive,1,0.65,calibrated,0,28,,0,1,0,none,0.033917255036852244,0,0.0,0
9122226,motor,adaptive,1,0.65,calibrated,1,28,,0,0,0,none,1.4676785316864531,0,0.0,0
9122226,external,adaptive,1,0.65,calibrated,1,28,,0,0,0,none,0.6825706767948886,0,0.0,0
9122226,sensor,adaptive,1,0.65,calibrated,1,28,,0,0,0,none,0.033917255036852244,0,0.0,0
9122226,motor_external,adaptive,1,0.65,calibrated,1,28,,0,0,0,none,2.1163319534444898,0,0.0,0
9122226,external_sensor,adaptive,1,0.65,calibrated,1,28,,0,0,0,none,0.6825706767948886,0,0.0,0
9122226,nonlinear,adaptive,1,0.65,calibrated,1,28,,0,0,0,none,0.6807166541468119,0,0.0,0
9122226,none,cycle,1,0.65,fixed,0,28,24,1,0,0,unknown,0.13643234729176557,30,0.7129102957290167,36
9122226,motor,cycle,1,0.65,fixed,1,28,24,1,0,0,unknown,0.16073580278250754,30,0.9309730904753594,36
9122226,external,cycle,1,0.65,fixed,1,28,24,1,0,0,unknown,0.15689260336157973,30,0.8206467932003233,36
9122226,sensor,cycle,1,0.65,fixed,1,28,24,1,0,0,unknown,0.13643234729176557,30,0.7129102957290167,36
9122226,motor_external,cycle,1,0.65,fixed,1,28,24,1,0,0,unknown,0.17363365548220325,30,1.014466361640022,36
9122226,external_sensor,cycle,1,0.65,fixed,1,28,24,1,0,0,unknown,0.15689260336157973,30,0.8206467932003233,36
9122226,nonlinear,cycle,1,0.65,fixed,1,28,24,1,0,0,unknown,0.4995766561556597,30,0.8372958561567673,36
9122226,none,cycle,1,0.65,calibrated,0,28,,0,1,0,none,0.033917255036852244,30,0.0,0
9122226,motor,cycle,1,0.65,calibrated,1,28,,0,0,0,none,1.4676785316864531,30,0.0,0
9122226,external,cycle,1,0.65,calibrated,1,28,,0,0,0,none,0.6825706767948886,30,0.0,0
9122226,sensor,cycle,1,0.65,calibrated,1,28,,0,0,0,none,0.033917255036852244,30,0.0,0
9122226,motor_external,cycle,1,0.65,calibrated,1,28,29,1,1,1,motor_external,0.20212456143904056,30,0.6363483487032968,31
9122226,external_sensor,cycle,1,0.65,calibrated,1,28,,0,0,0,none,0.6825706767948886,30,0.0,0
9122226,nonlinear,cycle,1,0.65,calibrated,1,28,,0,0,0,none,0.6807166541468119,30,0.0,0
9122226,none,adaptive,0,0.65,fixed,0,28,24,1,0,0,unknown,0.09155175979558756,27,0.7498225749925849,36
9122226,motor,adaptive,0,0.65,fixed,1,28,24,1,0,0,unknown,0.10811290324227321,27,0.8129019427285721,36
9122226,external,adaptive,0,0.65,fixed,1,28,24,1,0,0,unknown,0.10784365276835584,27,0.8615511011383832,36
9122226,sensor,adaptive,0,0.65,fixed,1,28,24,1,0,0,unknown,0.09155175979558756,27,0.7498225749925849,36
9122226,motor_external,adaptive,0,0.65,fixed,1,28,24,1,0,0,unknown,0.12440479621504133,27,0.9246304688743702,36
9122226,external_sensor,adaptive,0,0.65,fixed,1,28,24,1,0,0,unknown,0.10784365276835584,27,0.8615511011383832,36
9122226,nonlinear,adaptive,0,0.65,fixed,1,28,24,1,0,0,unknown,0.406946880714393,27,1.0511202778836146,36
9122226,none,adaptive,0,0.65,calibrated,0,28,,0,1,0,none,0.033917255036852244,0,0.0,0
9122226,motor,adaptive,0,0.65,calibrated,1,28,,0,0,0,none,1.4676785316864531,0,0.0,0
9122226,external,adaptive,0,0.65,calibrated,1,28,,0,0,0,none,0.6825706767948886,0,0.0,0
9122226,sensor,adaptive,0,0.65,calibrated,1,28,,0,0,0,none,0.033917255036852244,0,0.0,0
9122226,motor_external,adaptive,0,0.65,calibrated,1,28,,0,0,0,none,2.1163319534444898,0,0.0,0
9122226,external_sensor,adaptive,0,0.65,calibrated,1,28,,0,0,0,none,0.6825706767948886,0,0.0,0
9122226,nonlinear,adaptive,0,0.65,calibrated,1,28,,0,0,0,none,0.6807166541468119,0,0.0,0
9122226,none,cycle,0,0.65,fixed,0,28,24,1,0,0,unknown,0.13643234729176557,30,0.7129102957290167,36
9122226,motor,cycle,0,0.65,fixed,1,28,24,1,0,0,unknown,0.16073580278250754,30,0.9309730904753594,36
9122226,external,cycle,0,0.65,fixed,1,28,24,1,0,0,unknown,0.15689260336157973,30,0.8206467932003233,36
9122226,sensor,cycle,0,0.65,fixed,1,28,24,1,0,0,unknown,0.13643234729176557,30,0.7129102957290167,36
9122226,motor_external,cycle,0,0.65,fixed,1,28,24,1,0,0,unknown,0.17363365548220325,30,1.014466361640022,36
9122226,external_sensor,cycle,0,0.65,fixed,1,28,24,1,0,0,unknown,0.15689260336157973,30,0.8206467932003233,36
9122226,nonlinear,cycle,0,0.65,fixed,1,28,24,1,0,0,unknown,0.4995766561556597,30,0.8372958561567673,36
9122226,none,cycle,0,0.65,calibrated,0,28,,0,1,0,none,0.033917255036852244,30,0.0,0
9122226,motor,cycle,0,0.65,calibrated,1,28,,0,0,0,none,1.4676785316864531,30,0.0,0
9122226,external,cycle,0,0.65,calibrated,1,28,,0,0,0,none,0.6825706767948886,30,0.0,0
9122226,sensor,cycle,0,0.65,calibrated,1,28,,0,0,0,none,0.033917255036852244,30,0.0,0
9122226,motor_external,cycle,0,0.65,calibrated,1,28,29,1,0,0,undetermined,0.20212456143904056,30,0.6363483487032968,31
9122226,external_sensor,cycle,0,0.65,calibrated,1,28,,0,0,0,none,0.6825706767948886,30,0.0,0
9122226,nonlinear,cycle,0,0.65,calibrated,1,28,,0,0,0,none,0.6807166541468119,30,0.0,0
9122279,none,adaptive,1,0.13,fixed,0,29,31,1,1,1,none,0.0027535348498427346,21,0.03341160496607388,29
9122279,motor,adaptive,1,0.13,fixed,1,29,30,1,1,1,motor,0.0022469015428581767,22,0.03328050794059834,30
9122279,external,adaptive,1,0.13,fixed,1,29,30,1,1,1,external,0.0022469015428581572,22,0.03328050794059834,30
9122279,sensor,adaptive,1,0.13,fixed,1,29,30,1,1,1,sensor,0.0022469015428581646,22,0.033280507940598336,30
9122279,motor_external,adaptive,1,0.13,fixed,1,29,30,1,1,1,motor_external,0.0022469015428581806,22,0.03328050794059835,30
9122279,external_sensor,adaptive,1,0.13,fixed,1,29,30,1,1,1,external_sensor,0.0022469015428581572,22,0.03328050794059834,30
9122279,nonlinear,adaptive,1,0.13,fixed,1,29,30,1,0,0,unknown,0.34820320989333065,22,0.3392137701157831,30
9122279,none,adaptive,1,0.13,calibrated,0,29,,0,1,0,none,0.005552487490712582,0,0.0,0
9122279,motor,adaptive,1,0.13,calibrated,1,29,30,1,1,1,motor,0.0022469015428581767,22,0.03328050794059834,30
9122279,external,adaptive,1,0.13,calibrated,1,29,30,1,1,1,external,0.0022469015428581572,22,0.03328050794059834,30
9122279,sensor,adaptive,1,0.13,calibrated,1,29,30,1,1,1,sensor,0.0022469015428581646,22,0.033280507940598336,30
9122279,motor_external,adaptive,1,0.13,calibrated,1,29,30,1,1,1,motor_external,0.0022469015428581806,22,0.03328050794059835,30
9122279,external_sensor,adaptive,1,0.13,calibrated,1,29,30,1,1,1,external_sensor,0.0022469015428581572,22,0.03328050794059834,30
9122279,nonlinear,adaptive,1,0.13,calibrated,1,29,30,1,0,0,unknown,0.34820320989333065,22,0.3392137701157831,30
9122279,none,cycle,1,0.13,fixed,0,29,31,1,1,1,none,0.0038157437029864767,30,0.03327589523464181,29
9122279,motor,cycle,1,0.13,fixed,1,29,30,1,1,1,motor,0.0033561021627692865,30,0.03250921425445561,30
9122279,external,cycle,1,0.13,fixed,1,29,30,1,1,1,external,0.003356102162769278,30,0.032509214254455604,30
9122279,sensor,cycle,1,0.13,fixed,1,29,30,1,1,1,sensor,0.0033561021627692895,30,0.032509214254455604,30
9122279,motor_external,cycle,1,0.13,fixed,1,29,30,1,1,1,motor_external,0.003356102162769284,30,0.03250921425445561,30
9122279,external_sensor,cycle,1,0.13,fixed,1,29,30,1,1,1,external_sensor,0.003356102162769278,30,0.032509214254455604,30
9122279,nonlinear,cycle,1,0.13,fixed,1,29,30,1,0,0,unknown,0.3375561021627692,30,0.3354644590007137,30
9122279,none,cycle,1,0.13,calibrated,0,29,,0,1,0,none,0.005552487490712582,30,0.0,0
9122279,motor,cycle,1,0.13,calibrated,1,29,30,1,1,1,motor,0.0033561021627692865,30,0.03250921425445561,30
9122279,external,cycle,1,0.13,calibrated,1,29,30,1,1,1,external,0.003356102162769278,30,0.032509214254455604,30
9122279,sensor,cycle,1,0.13,calibrated,1,29,30,1,1,1,sensor,0.0033561021627692895,30,0.032509214254455604,30
9122279,motor_external,cycle,1,0.13,calibrated,1,29,30,1,1,1,motor_external,0.003356102162769284,30,0.03250921425445561,30
9122279,external_sensor,cycle,1,0.13,calibrated,1,29,30,1,1,1,external_sensor,0.003356102162769278,30,0.032509214254455604,30
9122279,nonlinear,cycle,1,0.13,calibrated,1,29,30,1,0,0,unknown,0.3375561021627692,30,0.3354644590007137,30
9122279,none,adaptive,0,0.13,fixed,0,29,,0,1,0,none,0.005552487490712582,0,0.0,0
9122279,motor,adaptive,0,0.13,fixed,1,29,30,1,1,1,motor,0.0022469015428581767,22,0.03328050794059834,30
9122279,external,adaptive,0,0.13,fixed,1,29,30,1,0,0,undetermined,0.0022469015428581572,22,0.03328050794059834,30
9122279,sensor,adaptive,0,0.13,fixed,1,29,30,1,0,0,undetermined,0.0022469015428581646,22,0.033280507940598336,30
9122279,motor_external,adaptive,0,0.13,fixed,1,29,30,1,0,0,undetermined,0.0022469015428581806,22,0.03328050794059835,30
9122279,external_sensor,adaptive,0,0.13,fixed,1,29,30,1,0,0,undetermined,0.0022469015428581572,22,0.03328050794059834,30
9122279,nonlinear,adaptive,0,0.13,fixed,1,29,30,1,0,0,unknown,0.34820320989333065,22,0.3392137701157831,30
9122279,none,adaptive,0,0.13,calibrated,0,29,,0,1,0,none,0.005552487490712582,0,0.0,0
9122279,motor,adaptive,0,0.13,calibrated,1,29,30,1,1,1,motor,0.0022469015428581767,22,0.03328050794059834,30
9122279,external,adaptive,0,0.13,calibrated,1,29,30,1,0,0,undetermined,0.0022469015428581572,22,0.03328050794059834,30
9122279,sensor,adaptive,0,0.13,calibrated,1,29,30,1,0,0,undetermined,0.0022469015428581646,22,0.033280507940598336,30
9122279,motor_external,adaptive,0,0.13,calibrated,1,29,30,1,0,0,undetermined,0.0022469015428581806,22,0.03328050794059835,30
9122279,external_sensor,adaptive,0,0.13,calibrated,1,29,30,1,0,0,undetermined,0.0022469015428581572,22,0.03328050794059834,30
9122279,nonlinear,adaptive,0,0.13,calibrated,1,29,30,1,0,0,unknown,0.34820320989333065,22,0.3392137701157831,30
9122279,none,cycle,0,0.13,fixed,0,29,,0,1,0,none,0.005552487490712582,30,0.0,0
9122279,motor,cycle,0,0.13,fixed,1,29,30,1,1,1,motor,0.0033561021627692865,30,0.03250921425445561,30
9122279,external,cycle,0,0.13,fixed,1,29,30,1,0,0,undetermined,0.003356102162769278,30,0.032509214254455604,30
9122279,sensor,cycle,0,0.13,fixed,1,29,30,1,0,0,undetermined,0.0033561021627692895,30,0.032509214254455604,30
9122279,motor_external,cycle,0,0.13,fixed,1,29,30,1,0,0,undetermined,0.003356102162769284,30,0.03250921425445561,30
9122279,external_sensor,cycle,0,0.13,fixed,1,29,30,1,0,0,undetermined,0.003356102162769278,30,0.032509214254455604,30
9122279,nonlinear,cycle,0,0.13,fixed,1,29,30,1,0,0,unknown,0.3375561021627692,30,0.3354644590007137,30
9122279,none,cycle,0,0.13,calibrated,0,29,,0,1,0,none,0.005552487490712582,30,0.0,0
9122279,motor,cycle,0,0.13,calibrated,1,29,30,1,1,1,motor,0.0033561021627692865,30,0.03250921425445561,30
9122279,external,cycle,0,0.13,calibrated,1,29,30,1,0,0,undetermined,0.003356102162769278,30,0.032509214254455604,30
9122279,sensor,cycle,0,0.13,calibrated,1,29,30,1,0,0,undetermined,0.0033561021627692895,30,0.032509214254455604,30
9122279,motor_external,cycle,0,0.13,calibrated,1,29,30,1,0,0,undetermined,0.003356102162769284,30,0.03250921425445561,30
9122279,external_sensor,cycle,0,0.13,calibrated,1,29,30,1,0,0,undetermined,0.003356102162769278,30,0.032509214254455604,30
9122279,nonlinear,cycle,0,0.13,calibrated,1,29,30,1,0,0,unknown,0.3375561021627692,30,0.3354644590007137,30
9122279,none,adaptive,1,0.35,fixed,0,29,24,1,0,0,unknown,0.015350542122558852,27,0.21856464598263928,36
9122279,motor,adaptive,1,0.35,fixed,1,29,24,1,0,0,unknown,0.06534382338987418,27,0.47959718717692457,36
9122279,external,adaptive,1,0.35,fixed,1,29,24,1,0,0,unknown,0.041843380448494685,27,0.2821138971931729,36
9122279,sensor,adaptive,1,0.35,fixed,1,29,24,1,0,0,unknown,0.015350542122558852,27,0.21856464598263928,36
9122279,motor_external,adaptive,1,0.35,fixed,1,29,24,1,0,0,unknown,0.09038156415238063,27,0.5394344548072816,36
9122279,external_sensor,adaptive,1,0.35,fixed,1,29,24,1,0,0,unknown,0.041843380448494685,27,0.2821138971931729,36
9122279,nonlinear,adaptive,1,0.35,fixed,1,29,24,1,0,0,unknown,0.3465902265040142,27,0.6355159036968391,36
9122279,none,adaptive,1,0.35,calibrated,0,29,,0,1,0,none,0.040247320568774544,0,0.0,0
9122279,motor,adaptive,1,0.35,calibrated,1,29,31,1,1,1,motor,0.019959054384954728,21,0.24218471055290236,29
9122279,external,adaptive,1,0.35,calibrated,1,29,,0,0,0,none,0.6006406030697923,0,0.0,0
9122279,sensor,adaptive,1,0.35,calibrated,1,29,31,1,1,1,sensor,0.019959054384954707,21,0.24218471055290233,29
9122279,motor_external,adaptive,1,0.35,calibrated,1,29,31,1,1,1,motor_external,0.0199590543849547,21,0.24218471055290228,29
9122279,external_sensor,adaptive,1,0.35,calibrated,1,29,31,1,1,1,external_sensor,0.01995905438495465,21,0.24218471055290233,29
9122279,nonlinear,adaptive,1,0.35,calibrated,1,29,50,1,0,1,sensor,0.3611567439259657,7,0.6941200227148266,10
9122279,none,cycle,1,0.35,fixed,0,29,24,1,0,0,unknown,0.019188457373069668,30,0.2178075348502596,36
9122279,motor,cycle,1,0.35,fixed,1,29,24,1,0,0,unknown,0.01701282470756053,30,0.4299188300656531,36
9122279,external,cycle,1,0.35,fixed,1,29,24,1,0,0,unknown,0.04398262510939966,30,0.2827526995985594,36
9122279,sensor,cycle,1,0.35,fixed,1,29,24,1,0,0,unknown,0.019188457373069668,30,0.2178075348502596,36
9122279,motor_external,cycle,1,0.35,fixed,1,29,24,1,0,0,unknown,0.041612258867776725,30,0.4949631646906776,36
9122279,external_sensor,cycle,1,0.35,fixed,1,29,24,1,0,0,unknown,0.04398262510939966,30,0.2827526995985594,36
9122279,nonlinear,cycle,1,0.35,fixed,1,29,24,1,0,0,unknown,0.3609200882286217,30,0.44746378099638684,36
9122279,none,cycle,1,0.35,calibrated,0,29,,0,1,0,none,0.040247320568774544,30,0.0,0
9122279,motor,cycle,1,0.35,calibrated,1,29,31,1,1,1,motor,0.027658497255375468,30,0.24120101575406047,29
9122279,external,cycle,1,0.35,calibrated,1,29,,0,0,0,none,0.6006406030697923,30,0.0,0
9122279,sensor,cycle,1,0.35,calibrated,1,29,31,1,0,1,motor_sensor,0.02765849725537542,30,0.24120101575406044,29
9122279,motor_external,cycle,1,0.35,calibrated,1,29,33,1,1,1,motor_external,0.02543232454190634,30,0.2473815645415309,27
9122279,external_sensor,cycle,1,0.35,calibrated,1,29,31,1,0,1,motor_external_sensor,0.027658497255375458,30,0.24120101575406042,29
9122279,nonlinear,cycle,1,0.35,calibrated,1,29,,0,0,0,none,0.4596142564241415,30,0.0,0
9122279,none,adaptive,0,0.35,fixed,0,29,29,1,0,0,unknown,0.019143734313254564,23,0.23564560126353257,31
9122279,motor,adaptive,0,0.35,fixed,1,29,29,1,0,0,unknown,0.01914373431325458,23,0.23564560126353254,31
9122279,external,adaptive,0,0.35,fixed,1,29,29,1,0,0,unknown,0.01914373431325459,23,0.2356456012635325,31
9122279,sensor,adaptive,0,0.35,fixed,1,29,29,1,0,0,unknown,0.019143734313254564,23,0.23564560126353257,31
9122279,motor_external,adaptive,0,0.35,fixed,1,29,29,1,0,0,unknown,0.019143734313254605,23,0.23564560126353257,31
9122279,external_sensor,adaptive,0,0.35,fixed,1,29,29,1,0,0,unknown,0.01914373431325459,23,0.2356456012635325,31
9122279,nonlinear,adaptive,0,0.35,fixed,1,29,29,1,0,0,unknown,0.35677402839975925,23,0.4648855902511062,31
9122279,none,adaptive,0,0.35,calibrated,0,29,,0,1,0,none,0.040247320568774544,0,0.0,0
9122279,motor,adaptive,0,0.35,calibrated,1,29,30,1,1,1,motor,0.016286712366871382,22,0.24123445104871571,30
9122279,external,adaptive,0,0.35,calibrated,1,29,31,1,0,0,undetermined,0.01995905438495465,21,0.24218471055290233,29
9122279,sensor,adaptive,0,0.35,calibrated,1,29,31,1,0,0,undetermined,0.019959054384954707,21,0.24218471055290233,29
9122279,motor_external,adaptive,0,0.35,calibrated,1,29,30,1,0,0,undetermined,0.01628671236687135,22,0.24123445104871571,30
9122279,external_sensor,adaptive,0,0.35,calibrated,1,29,31,1,0,0,undetermined,0.01995905438495465,21,0.24218471055290233,29
9122279,nonlinear,adaptive,0,0.35,calibrated,1,29,33,1,0,0,undetermined,0.3629047804279869,20,0.45701369188120394,27
9122279,none,cycle,0,0.35,fixed,0,29,24,1,0,0,unknown,0.019188457373069668,30,0.2178075348502596,36
9122279,motor,cycle,0,0.35,fixed,1,29,24,1,0,0,unknown,0.01701282470756053,30,0.4299188300656531,36
9122279,external,cycle,0,0.35,fixed,1,29,24,1,0,0,unknown,0.04398262510939966,30,0.2827526995985594,36
9122279,sensor,cycle,0,0.35,fixed,1,29,24,1,0,0,unknown,0.019188457373069668,30,0.2178075348502596,36
9122279,motor_external,cycle,0,0.35,fixed,1,29,24,1,0,0,unknown,0.041612258867776725,30,0.4949631646906776,36
9122279,external_sensor,cycle,0,0.35,fixed,1,29,24,1,0,0,unknown,0.04398262510939966,30,0.2827526995985594,36
9122279,nonlinear,cycle,0,0.35,fixed,1,29,24,1,0,0,unknown,0.3609200882286217,30,0.44746378099638684,36
9122279,none,cycle,0,0.35,calibrated,0,29,,0,1,0,none,0.040247320568774544,30,0.0,0
9122279,motor,cycle,0,0.35,calibrated,1,29,32,1,1,1,motor,0.02507455470815579,30,0.23948227613082224,28
9122279,external,cycle,0,0.35,calibrated,1,29,31,1,0,0,undetermined,0.027658497255375458,30,0.24120101575406042,29
9122279,sensor,cycle,0,0.35,calibrated,1,29,31,1,0,0,undetermined,0.02765849725537542,30,0.24120101575406044,29
9122279,motor_external,cycle,0,0.35,calibrated,1,29,31,1,0,0,undetermined,0.027658497255375482,30,0.24120101575406047,29
9122279,external_sensor,cycle,0,0.35,calibrated,1,29,31,1,0,0,undetermined,0.027658497255375458,30,0.24120101575406042,29
9122279,nonlinear,cycle,0,0.35,calibrated,1,29,,0,0,0,none,0.4596142564241415,30,0.0,0
9122279,none,adaptive,1,0.65,fixed,0,29,24,1,0,0,unknown,0.05294370650433557,27,0.7538250034911438,36
9122279,motor,adaptive,1,0.65,fixed,1,29,24,1,0,0,unknown,0.11695239287908525,27,1.036218770471007,36
9122279,external,adaptive,1,0.65,fixed,1,29,24,1,0,0,unknown,0.08789469196678787,27,0.7898807557392779,36
9122279,sensor,adaptive,1,0.65,fixed,1,29,24,1,0,0,unknown,0.05294370650433557,27,0.7538250034911438,36
9122279,motor_external,adaptive,1,0.65,fixed,1,29,24,1,0,0,unknown,0.15044828077810818,27,1.0685625391389646,36
9122279,external_sensor,adaptive,1,0.65,fixed,1,29,24,1,0,0,unknown,0.08789469196678787,27,0.7898807557392779,36
9122279,nonlinear,adaptive,1,0.65,fixed,1,29,24,1,0,0,unknown,0.3796464404614298,27,1.2376322995635463,36
9122279,none,adaptive,1,0.65,calibrated,0,29,,0,1,0,none,0.13881218726781458,0,0.0,0
9122279,motor,adaptive,1,0.65,calibrated,1,29,,0,0,0,none,1.8160883931768779,0,0.0,0
9122279,external,adaptive,1,0.65,calibrated,1,29,,0,0,0,none,0.48525685476970404,0,0.0,0
9122279,sensor,adaptive,1,0.65,calibrated,1,29,31,1,0,1,motor_sensor,0.06883837124606827,21,0.8352901241518469,29
9122279,motor_external,adaptive,1,0.65,calibrated,1,29,51,1,0,1,motor_external_sensor,0.0331430017873663,6,0.8965814706525391,9
9122279,external_sensor,adaptive,1,0.65,calibrated,1,29,31,1,0,1,motor_external_sensor,0.06883837124606822,21,0.8352901241518468,29
9122279,nonlinear,adaptive,1,0.65,calibrated,1,29,,0,0,0,none,0.4402079252849244,0,0.0,0
9122279,none,cycle,1,0.65,fixed,0,29,24,1,0,0,unknown,0.06618059787854631,30,0.7512137426468138,36
9122279,motor,cycle,1,0.65,fixed,1,29,24,1,0,0,unknown,0.03588661337237936,30,0.9809859430817275,36
9122279,external,cycle,1,0.65,fixed,1,29,24,1,0,0,unknown,0.09876041299102259,30,0.7888153247807486,36
9122279,sensor,cycle,1,0.65,fixed,1,29,24,1,0,0,unknown,0.06618059787854631,30,0.7512137426468138,36
9122279,motor_external,cycle,1,0.65,fixed,1,29,24,1,0,0,unknown,0.0682716949087419,30,1.018686695092387,36
9122279,external_sensor,cycle,1,0.65,fixed,1,29,24,1,0,0,unknown,0.09876041299102259,30,0.7888153247807486,36
9122279,nonlinear,cycle,1,0.65,fixed,1,29,24,1,0,0,unknown,0.4106467066285977,30,0.906586695225464,36
9122279,none,cycle,1,0.65,calibrated,0,29,,0,1,0,none,0.13881218726781458,30,0.0,0
9122279,motor,cycle,1,0.65,calibrated,1,29,,0,0,0,none,1.8160883931768779,30,0.0,0
9122279,external,cycle,1,0.65,calibrated,1,29,,0,0,0,none,0.48525685476970404,30,0.0,0
9122279,sensor,cycle,1,0.65,calibrated,1,29,31,1,0,1,motor_sensor,0.09539359257466226,30,0.8318973808660451,29
9122279,motor_external,cycle,1,0.65,calibrated,1,29,50,1,0,1,motor_external_sensor,0.6238234314148571,30,0.6981809068268764,10
9122279,external_sensor,cycle,1,0.65,calibrated,1,29,31,1,0,1,motor_external_sensor,0.09539359257466226,30,0.8318973808660453,29
9122279,nonlinear,cycle,1,0.65,calibrated,1,29,,0,0,0,none,0.4402079252849244,30,0.0,0
9122279,none,adaptive,0,0.65,fixed,0,29,24,1,0,0,unknown,0.05294370650433557,27,0.7538250034911438,36
9122279,motor,adaptive,0,0.65,fixed,1,29,24,1,0,0,unknown,0.11695239287908525,27,1.036218770471007,36
9122279,external,adaptive,0,0.65,fixed,1,29,24,1,0,0,unknown,0.08789469196678787,27,0.7898807557392779,36
9122279,sensor,adaptive,0,0.65,fixed,1,29,24,1,0,0,unknown,0.05294370650433557,27,0.7538250034911438,36
9122279,motor_external,adaptive,0,0.65,fixed,1,29,24,1,0,0,unknown,0.15044828077810818,27,1.0685625391389646,36
9122279,external_sensor,adaptive,0,0.65,fixed,1,29,24,1,0,0,unknown,0.08789469196678787,27,0.7898807557392779,36
9122279,nonlinear,adaptive,0,0.65,fixed,1,29,24,1,0,0,unknown,0.3796464404614298,27,1.2376322995635463,36
9122279,none,adaptive,0,0.65,calibrated,0,29,,0,1,0,none,0.13881218726781458,0,0.0,0
9122279,motor,adaptive,0,0.65,calibrated,1,29,,0,0,0,none,1.8160883931768779,0,0.0,0
9122279,external,adaptive,0,0.65,calibrated,1,29,,0,0,0,none,0.48525685476970404,0,0.0,0
9122279,sensor,adaptive,0,0.65,calibrated,1,29,,0,0,0,none,0.13881218726781458,0,0.0,0
9122279,motor_external,adaptive,0,0.65,calibrated,1,29,,0,0,0,none,2.1625330606787667,0,0.0,0
9122279,external_sensor,adaptive,0,0.65,calibrated,1,29,31,1,0,0,undetermined,0.06883837124606822,21,0.8352901241518468,29
9122279,nonlinear,adaptive,0,0.65,calibrated,1,29,,0,0,0,none,0.4402079252849244,0,0.0,0
9122279,none,cycle,0,0.65,fixed,0,29,24,1,0,0,unknown,0.06618059787854631,30,0.7512137426468138,36
9122279,motor,cycle,0,0.65,fixed,1,29,24,1,0,0,unknown,0.03588661337237936,30,0.9809859430817275,36
9122279,external,cycle,0,0.65,fixed,1,29,24,1,0,0,unknown,0.09876041299102259,30,0.7888153247807486,36
9122279,sensor,cycle,0,0.65,fixed,1,29,24,1,0,0,unknown,0.06618059787854631,30,0.7512137426468138,36
9122279,motor_external,cycle,0,0.65,fixed,1,29,24,1,0,0,unknown,0.0682716949087419,30,1.018686695092387,36
9122279,external_sensor,cycle,0,0.65,fixed,1,29,24,1,0,0,unknown,0.09876041299102259,30,0.7888153247807486,36
9122279,nonlinear,cycle,0,0.65,fixed,1,29,24,1,0,0,unknown,0.4106467066285977,30,0.906586695225464,36
9122279,none,cycle,0,0.65,calibrated,0,29,,0,1,0,none,0.13881218726781458,30,0.0,0
9122279,motor,cycle,0,0.65,calibrated,1,29,,0,0,0,none,1.8160883931768779,30,0.0,0
9122279,external,cycle,0,0.65,calibrated,1,29,,0,0,0,none,0.48525685476970404,30,0.0,0
9122279,sensor,cycle,0,0.65,calibrated,1,29,,0,0,0,none,0.13881218726781458,30,0.0,0
9122279,motor_external,cycle,0,0.65,calibrated,1,29,33,1,0,0,undetermined,0.08771556831800369,30,0.853213967500382,27
9122279,external_sensor,cycle,0,0.65,calibrated,1,29,31,1,0,0,undetermined,0.09539359257466226,30,0.8318973808660453,29
9122279,nonlinear,cycle,0,0.65,calibrated,1,29,,0,0,0,none,0.4402079252849244,30,0.0,0
9122332,none,adaptive,1,0.13,fixed,0,34,,0,1,0,none,0.003248620059131984,0,0.0,0
9122332,motor,adaptive,1,0.13,fixed,1,34,35,1,1,1,motor,0.0028674098653545853,18,0.03723887004796772,25
9122332,external,adaptive,1,0.13,fixed,1,34,35,1,1,1,external,0.0028674098653545697,18,0.03723887004796771,25
9122332,sensor,adaptive,1,0.13,fixed,1,34,35,1,1,1,sensor,0.0028674098653545597,18,0.03723887004796772,25
9122332,motor_external,adaptive,1,0.13,fixed,1,34,35,1,1,1,motor_external,0.002867409865354582,18,0.03723887004796771,25
9122332,external_sensor,adaptive,1,0.13,fixed,1,34,35,1,1,1,external_sensor,0.0028674098653545697,18,0.03723887004796771,25
9122332,nonlinear,adaptive,1,0.13,fixed,1,34,35,1,0,0,unknown,0.34953152505616736,18,0.3543817776526671,25
9122332,none,adaptive,1,0.13,calibrated,0,34,,0,1,0,none,0.003248620059131984,0,0.0,0
9122332,motor,adaptive,1,0.13,calibrated,1,34,35,1,1,1,motor,0.0028674098653545853,18,0.03723887004796772,25
9122332,external,adaptive,1,0.13,calibrated,1,34,35,1,1,1,external,0.0028674098653545697,18,0.03723887004796771,25
9122332,sensor,adaptive,1,0.13,calibrated,1,34,35,1,1,1,sensor,0.0028674098653545597,18,0.03723887004796772,25
9122332,motor_external,adaptive,1,0.13,calibrated,1,34,35,1,1,1,motor_external,0.002867409865354582,18,0.03723887004796771,25
9122332,external_sensor,adaptive,1,0.13,calibrated,1,34,35,1,1,1,external_sensor,0.0028674098653545697,18,0.03723887004796771,25
9122332,nonlinear,adaptive,1,0.13,calibrated,1,34,35,1,0,0,unknown,0.34953152505616736,18,0.3543817776526671,25
9122332,none,cycle,1,0.13,fixed,0,34,,0,1,0,none,0.003248620059131984,30,0.0,0
9122332,motor,cycle,1,0.13,fixed,1,34,35,1,1,1,motor,0.0034181358747177697,30,0.037301419174238876,25
9122332,external,cycle,1,0.13,fixed,1,34,35,1,1,1,external,0.003418135874717755,30,0.03730141917423887,25
9122332,sensor,cycle,1,0.13,fixed,1,34,35,1,1,1,sensor,0.0034181358747177723,30,0.03730141917423888,25
9122332,motor_external,cycle,1,0.13,fixed,1,34,35,1,1,1,motor_external,0.003418135874717762,30,0.037301419174238876,25
9122332,external_sensor,cycle,1,0.13,fixed,1,34,35,1,1,1,external_sensor,0.003418135874717755,30,0.03730141917423887,25
9122332,nonlinear,cycle,1,0.13,fixed,1,34,38,1,0,0,unknown,0.34361624384387796,30,0.38176821156040874,22
9122332,none,cycle,1,0.13,calibrated,0,34,,0,1,0,none,0.003248620059131984,30,0.0,0
9122332,motor,cycle,1,0.13,calibrated,1,34,35,1,1,1,motor,0.0034181358747177697,30,0.037301419174238876,25
9122332,external,cycle,1,0.13,calibrated,1,34,35,1,1,1,external,0.003418135874717755,30,0.03730141917423887,25
9122332,sensor,cycle,1,0.13,calibrated,1,34,35,1,1,1,sensor,0.0034181358747177723,30,0.03730141917423888,25
9122332,motor_external,cycle,1,0.13,calibrated,1,34,35,1,1,1,motor_external,0.003418135874717762,30,0.037301419174238876,25
9122332,external_sensor,cycle,1,0.13,calibrated,1,34,35,1,1,1,external_sensor,0.003418135874717755,30,0.03730141917423887,25
9122332,nonlinear,cycle,1,0.13,calibrated,1,34,38,1,0,0,unknown,0.34361624384387796,30,0.38176821156040874,22
9122332,none,adaptive,0,0.13,fixed,0,34,,0,1,0,none,0.003248620059131984,0,0.0,0
9122332,motor,adaptive,0,0.13,fixed,1,34,35,1,1,1,motor,0.0028674098653545853,18,0.03723887004796772,25
9122332,external,adaptive,0,0.13,fixed,1,34,35,1,0,0,undetermined,0.0028674098653545697,18,0.03723887004796771,25
9122332,sensor,adaptive,0,0.13,fixed,1,34,35,1,0,0,undetermined,0.0028674098653545597,18,0.03723887004796772,25
9122332,motor_external,adaptive,0,0.13,fixed,1,34,35,1,0,0,undetermined,0.002867409865354582,18,0.03723887004796771,25
9122332,external_sensor,adaptive,0,0.13,fixed,1,34,35,1,0,0,undetermined,0.0028674098653545697,18,0.03723887004796771,25
9122332,nonlinear,adaptive,0,0.13,fixed,1,34,35,1,0,0,unknown,0.34953152505616736,18,0.3543817776526671,25
9122332,none,adaptive,0,0.13,calibrated,0,34,,0,1,0,none,0.003248620059131984,0,0.0,0
9122332,motor,adaptive,0,0.13,calibrated,1,34,35,1,1,1,motor,0.0028674098653545853,18,0.03723887004796772,25
9122332,external,adaptive,0,0.13,calibrated,1,34,35,1,0,0,undetermined,0.0028674098653545697,18,0.03723887004796771,25
9122332,sensor,adaptive,0,0.13,calibrated,1,34,35,1,0,0,undetermined,0.0028674098653545597,18,0.03723887004796772,25
9122332,motor_external,adaptive,0,0.13,calibrated,1,34,35,1,0,0,undetermined,0.002867409865354582,18,0.03723887004796771,25
9122332,external_sensor,adaptive,0,0.13,calibrated,1,34,35,1,0,0,undetermined,0.0028674098653545697,18,0.03723887004796771,25
9122332,nonlinear,adaptive,0,0.13,calibrated,1,34,35,1,0,0,unknown,0.34953152505616736,18,0.3543817776526671,25
9122332,none,cycle,0,0.13,fixed,0,34,,0,1,0,none,0.003248620059131984,30,0.0,0
9122332,motor,cycle,0,0.13,fixed,1,34,35,1,1,1,motor,0.0034181358747177697,30,0.037301419174238876,25
9122332,external,cycle,0,0.13,fixed,1,34,35,1,0,0,undetermined,0.003418135874717755,30,0.03730141917423887,25
9122332,sensor,cycle,0,0.13,fixed,1,34,35,1,0,0,undetermined,0.0034181358747177723,30,0.03730141917423888,25
9122332,motor_external,cycle,0,0.13,fixed,1,34,35,1,0,0,undetermined,0.003418135874717762,30,0.037301419174238876,25
9122332,external_sensor,cycle,0,0.13,fixed,1,34,35,1,0,0,undetermined,0.003418135874717755,30,0.03730141917423887,25
9122332,nonlinear,cycle,0,0.13,fixed,1,34,35,1,0,0,unknown,0.3376181358747177,30,0.38118391164196125,25
9122332,none,cycle,0,0.13,calibrated,0,34,,0,1,0,none,0.003248620059131984,30,0.0,0
9122332,motor,cycle,0,0.13,calibrated,1,34,35,1,1,1,motor,0.0034181358747177697,30,0.037301419174238876,25
9122332,external,cycle,0,0.13,calibrated,1,34,35,1,0,0,undetermined,0.003418135874717755,30,0.03730141917423887,25
9122332,sensor,cycle,0,0.13,calibrated,1,34,35,1,0,0,undetermined,0.0034181358747177723,30,0.03730141917423888,25
9122332,motor_external,cycle,0,0.13,calibrated,1,34,35,1,0,0,undetermined,0.003418135874717762,30,0.037301419174238876,25
9122332,external_sensor,cycle,0,0.13,calibrated,1,34,35,1,0,0,undetermined,0.003418135874717755,30,0.03730141917423887,25
9122332,nonlinear,cycle,0,0.13,calibrated,1,34,35,1,0,0,unknown,0.3376181358747177,30,0.38118391164196125,25
9122332,none,adaptive,1,0.35,fixed,0,34,29,1,0,1,motor,0.014202233944884481,23,0.24385833770466644,31
9122332,motor,adaptive,1,0.35,fixed,1,34,29,1,1,1,motor,0.07086350872211795,23,0.5099190135609992,31
9122332,external,adaptive,1,0.35,fixed,1,34,29,1,0,1,motor_external,0.035351737144260674,23,0.37007826441187897,31
9122332,sensor,adaptive,1,0.35,fixed,1,34,29,1,0,1,motor_sensor,0.014202233944884481,23,0.24385833770466644,31
9122332,motor_external,adaptive,1,0.35,fixed,1,34,29,1,1,1,motor_external,0.10787441533836686,23,0.6757112667276037,31
9122332,external_sensor,adaptive,1,0.35,fixed,1,34,29,1,0,1,motor_external_sensor,0.035351737144260674,23,0.37007826441187897,31
9122332,nonlinear,adaptive,1,0.35,fixed,1,34,29,1,0,0,unknown,0.34718443589958553,23,0.6501972090469615,31
9122332,none,adaptive,1,0.35,calibrated,0,34,,0,1,0,none,0.023547689777731782,0,0.0,0
9122332,motor,adaptive,1,0.35,calibrated,1,34,36,1,1,1,motor,0.022256081023689634,18,0.2537922166613143,24
9122332,external,adaptive,1,0.35,calibrated,1,34,,0,0,0,none,0.7127349473835032,0,0.0,0
9122332,sensor,adaptive,1,0.35,calibrated,1,34,40,1,1,1,sensor,0.013910851451276292,15,0.23954994933510773,20
9122332,motor_external,adaptive,1,0.35,calibrated,1,34,35,1,1,1,motor_external,0.020784479793250737,18,0.2699267207618961,25
9122332,external_sensor,adaptive,1,0.35,calibrated,1,34,35,1,1,1,external_sensor,0.020784479793250675,18,0.2699267207618961,25
9122332,nonlinear,adaptive,1,0.35,calibrated,1,34,39,1,0,1,motor_external_sensor,0.39485606587533484,15,0.4410077100735479,21
9122332,none,cycle,1,0.35,fixed,0,34,29,1,0,0,unknown,0.02106734603638271,30,0.24012002163053822,31
9122332,motor,cycle,1,0.35,fixed,1,34,29,1,0,0,unknown,0.02810875919396691,30,0.5141798106967803,31
9122332,external,cycle,1,0.35,fixed,1,34,29,1,0,0,unknown,0.034622136470716755,30,0.37520694752041,31
9122332,sensor,cycle,1,0.35,fixed,1,34,29,1,0,0,unknown,0.02106734603638271,30,0.24012002163053822,31
9122332,motor_external,cycle,1,0.35,fixed,1,34,29,1,0,0,unknown,0.04453366144291089,30,0.6478014267702016,31
9122332,external_sensor,cycle,1,0.35,fixed,1,34,29,1,0,0,unknown,0.034622136470716755,30,0.37520694752041,31
9122332,nonlinear,cycle,1,0.35,fixed,1,34,29,1,0,0,unknown,0.3686001408129438,30,0.5683714232857259,31
9122332,none,cycle,1,0.35,calibrated,0,34,,0,1,0,none,0.023547689777731782,30,0.0,0
9122332,motor,cycle,1,0.35,calibrated,1,34,37,1,1,1,motor,0.02155377700931057,30,0.24647497817676645,23
9122332,external,cycle,1,0.35,calibrated,1,34,36,1,1,1,external,0.024862778094148434,30,0.25552382244833827,24
9122332,sensor,cycle,1,0.35,calibrated,1,34,40,1,1,1,sensor,0.023960423115107276,30,0.2326287053840296,20
9122332,motor_external,cycle,1,0.35,calibrated,1,34,36,1,1,1,motor_external,0.024862778094148434,30,0.25552382244833827,24
9122332,external_sensor,cycle,1,0.35,calibrated,1,34,35,1,1,1,external_sensor,0.024776428677687954,30,0.2703801093990687,25
9122332,nonlinear,cycle,1,0.35,calibrated,1,34,57,1,0,0,undetermined,0.8809904439122628,30,3.2047474274603605e-31,3
9122332,none,adaptive,0,0.35,fixed,0,34,24,1,1,1,none,0.00875930982204565,27,0.22776694005487835,36
9122332,motor,adaptive,0,0.35,fixed,1,34,24,1,1,1,motor,0.1059187898520414,27,0.6636870531019491,36
9122332,external,adaptive,0,0.35,fixed,1,34,24,1,0,0,undetermined,0.0625470790693535,27,0.42553507343756447,36
9122332,sensor,adaptive,0,0.35,fixed,1,34,24,1,0,0,undetermined,0.00875930982204565,27,0.22776694005487835,36
9122332,motor_external,adaptive,0,0.35,fixed,1,34,24,1,0,0,undetermined,0.15970655909934922,27,0.8614551864846353,36
9122332,external_sensor,adaptive,0,0.35,fixed,1,34,24,1,0,0,undetermined,0.0625470790693535,27,0.42553507343756447,36
9122332,nonlinear,adaptive,0,0.35,fixed,1,34,24,1,0,0,unknown,0.3478176192988111,27,0.6311371770935055,36
9122332,none,adaptive,0,0.35,calibrated,0,34,,0,1,0,none,0.023547689777731782,0,0.0,0
9122332,motor,adaptive,0,0.35,calibrated,1,34,36,1,1,1,motor,0.022256081023689634,18,0.2537922166613143,24
9122332,external,adaptive,0,0.35,calibrated,1,34,49,1,0,0,undetermined,0.15341187186812894,8,0.124521142757028,11
9122332,sensor,adaptive,0,0.35,calibrated,1,34,49,1,0,0,undetermined,0.15341187186812894,8,0.124521142757028,11
9122332,motor_external,adaptive,0,0.35,calibrated,1,34,35,1,0,0,undetermined,0.020784479793250737,18,0.2699267207618961,25
9122332,external_sensor,adaptive,0,0.35,calibrated,1,34,35,1,0,0,undetermined,0.020784479793250675,18,0.2699267207618961,25
9122332,nonlinear,adaptive,0,0.35,calibrated,1,34,,0,0,0,none,0.5485301733323122,0,0.0,0
9122332,none,cycle,0,0.35,fixed,0,34,27,1,1,1,none,0.017741858848461585,30,0.23640284543284532,33
9122332,motor,cycle,0,0.35,fixed,1,34,27,1,1,1,motor,0.04906709808037772,30,0.5702659145282762,33
9122332,external,cycle,0,0.35,fixed,1,34,27,1,0,0,undetermined,0.04709975921083391,30,0.3926152075708033,33
9122332,sensor,cycle,0,0.35,fixed,1,34,27,1,0,0,undetermined,0.017741858848461585,30,0.23640284543284532,33
9122332,motor_external,cycle,0,0.35,fixed,1,34,27,1,0,0,undetermined,0.11974576023559627,30,0.7909683042274893,33
9122332,external_sensor,cycle,0,0.35,fixed,1,34,27,1,0,0,undetermined,0.04709975921083391,30,0.3926152075708033,33
9122332,nonlinear,cycle,0,0.35,fixed,1,34,27,1,0,0,unknown,0.3666562693203289,30,0.5377567438789671,33
9122332,none,cycle,0,0.35,calibrated,0,34,,0,1,0,none,0.023547689777731782,30,0.0,0
9122332,motor,cycle,0,0.35,calibrated,1,34,35,1,1,1,motor,0.02477642867768804,30,0.27038010939906876,25
9122332,external,cycle,0,0.35,calibrated,1,34,36,1,0,0,undetermined,0.024862778094148434,30,0.25552382244833827,24
9122332,sensor,cycle,0,0.35,calibrated,1,34,36,1,0,0,undetermined,0.02486277809414833,30,0.25552382244833827,24
9122332,motor_external,cycle,0,0.35,calibrated,1,34,36,1,0,0,undetermined,0.024862778094148434,30,0.25552382244833827,24
9122332,external_sensor,cycle,0,0.35,calibrated,1,34,35,1,0,0,undetermined,0.024776428677687954,30,0.2703801093990687,25
9122332,nonlinear,cycle,0,0.35,calibrated,1,34,,0,0,0,none,0.5485301733323122,30,0.0,0
9122332,none,adaptive,1,0.65,fixed,0,34,24,1,0,0,unknown,0.030210680814810542,27,0.7855635279443766,36
9122332,motor,adaptive,1,0.65,fixed,1,34,24,1,0,0,unknown,0.10059680510332117,27,1.2565051135503122,36
9122332,external,adaptive,1,0.65,fixed,1,34,24,1,0,0,unknown,0.07653082370266787,27,1.0135614899407939,36
9122332,sensor,adaptive,1,0.65,fixed,1,34,24,1,0,0,unknown,0.030210680814810542,27,0.7855635279443766,36
9122332,motor_external,adaptive,1,0.65,fixed,1,34,24,1,0,0,unknown,0.14691694799117838,27,1.4845030755467292,36
9122332,external_sensor,adaptive,1,0.65,fixed,1,34,24,1,0,0,unknown,0.07653082370266787,27,1.0135614899407939,36
9122332,nonlinear,adaptive,1,0.65,fixed,1,34,24,1,0,0,unknown,0.36994330846742796,27,1.2629601057251076,36
9122332,none,adaptive,1,0.65,calibrated,0,34,,0,1,0,none,0.08121550147829953,0,0.0,0
9122332,motor,adaptive,1,0.65,calibrated,1,34,,0,0,0,none,1.5337040200863885,0,0.0,0
9122332,external,adaptive,1,0.65,calibrated,1,34,,0,0,0,none,0.666848979889018,0,0.0,0
9122332,sensor,adaptive,1,0.65,calibrated,1,34,49,1,0,1,motor_sensor,0.5291144152186489,8,0.4294708801211782,11
9122332,motor_external,adaptive,1,0.65,calibrated,1,34,36,1,0,1,motor_external_sensor,0.0767607692449704,18,0.8753241758318803,24
9122332,external_sensor,adaptive,1,0.65,calibrated,1,34,49,1,0,1,motor_external_sensor,0.5291144152186491,8,0.4294708801211783,11
9122332,nonlinear,adaptive,1,0.65,calibrated,1,34,58,1,0,0,undetermined,2.243210611622023,1,9.121204216617949e-31,2
9122332,none,cycle,1,0.65,fixed,0,34,24,1,0,0,unknown,0.053993271819522806,30,0.7686837228520838,36
9122332,motor,cycle,1,0.65,fixed,1,34,24,1,0,0,unknown,0.06282959086868599,30,1.1721106558506011,36
9122332,external,cycle,1,0.65,fixed,1,34,24,1,0,0,unknown,0.10053516778485576,30,0.9966125193478662,36
9122332,sensor,cycle,1,0.65,fixed,1,34,24,1,0,0,unknown,0.053993271819522806,30,0.7686837228520838,36
9122332,motor_external,cycle,1,0.65,fixed,1,34,24,1,0,0,unknown,0.11676323219381927,30,1.3962751375798186,36
9122332,external_sensor,cycle,1,0.65,fixed,1,34,24,1,0,0,unknown,0.10053516778485576,30,0.9966125193478662,36
9122332,nonlinear,cycle,1,0.65,fixed,1,34,24,1,0,0,unknown,0.41310219638603785,30,1.071362410176263,36
9122332,none,cycle,1,0.65,calibrated,0,34,,0,1,0,none,0.08121550147829953,30,0.0,0
9122332,motor,cycle,1,0.65,calibrated,1,34,37,1,0,1,motor_sensor,0.07433853703211195,30,0.8500871696300724,23
9122332,external,cycle,1,0.65,calibrated,1,34,,0,0,0,none,0.666848979889018,30,0.0,0
9122332,sensor,cycle,1,0.65,calibrated,1,34,49,1,0,1,motor_sensor,0.2756967344524278,30,0.7312651230743825,11
9122332,motor_external,cycle,1,0.65,calibrated,1,34,37,1,0,1,motor_external_sensor,0.07433853703211209,30,0.8500871696300721,23
9122332,external_sensor,cycle,1,0.65,calibrated,1,34,49,1,0,1,motor_external_sensor,0.27569673445242754,30,0.7312651230743825,11
9122332,nonlinear,cycle,1,0.65,calibrated,1,34,,0,0,0,none,0.5787543995082343,30,0.0,0
9122332,none,adaptive,0,0.65,fixed,0,34,24,1,0,0,unknown,0.030210680814810542,27,0.7855635279443766,36
9122332,motor,adaptive,0,0.65,fixed,1,34,24,1,0,0,unknown,0.10059680510332117,27,1.2565051135503122,36
9122332,external,adaptive,0,0.65,fixed,1,34,24,1,0,0,unknown,0.07653082370266787,27,1.0135614899407939,36
9122332,sensor,adaptive,0,0.65,fixed,1,34,24,1,0,0,unknown,0.030210680814810542,27,0.7855635279443766,36
9122332,motor_external,adaptive,0,0.65,fixed,1,34,24,1,0,0,unknown,0.14691694799117838,27,1.4845030755467292,36
9122332,external_sensor,adaptive,0,0.65,fixed,1,34,24,1,0,0,unknown,0.07653082370266787,27,1.0135614899407939,36
9122332,nonlinear,adaptive,0,0.65,fixed,1,34,24,1,0,0,unknown,0.36994330846742796,27,1.2629601057251076,36
9122332,none,adaptive,0,0.65,calibrated,0,34,,0,1,0,none,0.08121550147829953,0,0.0,0
9122332,motor,adaptive,0,0.65,calibrated,1,34,41,1,0,0,undetermined,0.24274586967339654,14,0.6188028530036671,19
9122332,external,adaptive,0,0.65,calibrated,1,34,,0,0,0,none,0.666848979889018,0,0.0,0
9122332,sensor,adaptive,0,0.65,calibrated,1,34,,0,0,0,none,0.08121550147829953,0,0.0,0
9122332,motor_external,adaptive,0,0.65,calibrated,1,34,36,1,0,0,undetermined,0.0767607692449704,18,0.8753241758318803,24
9122332,external_sensor,adaptive,0,0.65,calibrated,1,34,42,1,0,0,undetermined,0.0542457390411343,13,0.9004931460775923,18
9122332,nonlinear,adaptive,0,0.65,calibrated,1,34,,0,0,0,none,0.5787543995082343,0,0.0,0
9122332,none,cycle,0,0.65,fixed,0,34,24,1,0,0,unknown,0.053993271819522806,30,0.7686837228520838,36
9122332,motor,cycle,0,0.65,fixed,1,34,24,1,0,0,unknown,0.06282959086868599,30,1.1721106558506011,36
9122332,external,cycle,0,0.65,fixed,1,34,24,1,0,0,unknown,0.10053516778485576,30,0.9966125193478662,36
9122332,sensor,cycle,0,0.65,fixed,1,34,24,1,0,0,unknown,0.053993271819522806,30,0.7686837228520838,36
9122332,motor_external,cycle,0,0.65,fixed,1,34,24,1,0,0,unknown,0.11676323219381927,30,1.3962751375798186,36
9122332,external_sensor,cycle,0,0.65,fixed,1,34,24,1,0,0,unknown,0.10053516778485576,30,0.9966125193478662,36
9122332,nonlinear,cycle,0,0.65,fixed,1,34,24,1,0,0,unknown,0.41310219638603785,30,1.071362410176263,36
9122332,none,cycle,0,0.65,calibrated,0,34,,0,1,0,none,0.08121550147829953,30,0.0,0
9122332,motor,cycle,0,0.65,calibrated,1,34,,0,0,0,none,1.5337040200863885,30,0.0,0
9122332,external,cycle,0,0.65,calibrated,1,34,,0,0,0,none,0.666848979889018,30,0.0,0
9122332,sensor,cycle,0,0.65,calibrated,1,34,,0,0,0,none,0.08121550147829953,30,0.0,0
9122332,motor_external,cycle,0,0.65,calibrated,1,34,40,1,0,0,undetermined,0.08263901033577797,30,0.8023316573449184,20
9122332,external_sensor,cycle,0,0.65,calibrated,1,34,36,1,0,0,undetermined,0.08575121424308316,30,0.8812964488524321,24
9122332,nonlinear,cycle,0,0.65,calibrated,1,34,,0,0,0,none,0.5787543995082343,30,0.0,0
9122385,none,adaptive,1,0.13,fixed,0,31,,0,1,0,none,0.0031054354040462957,0,0.0,0
9122385,motor,adaptive,1,0.13,fixed,1,31,32,1,1,1,motor,0.0014237233111573397,21,0.02200572023705775,28
9122385,external,adaptive,1,0.13,fixed,1,31,32,1,1,1,external,0.001423723311157351,21,0.022005720237057748,28
9122385,sensor,adaptive,1,0.13,fixed,1,31,32,1,1,1,sensor,0.0014237233111573408,21,0.022005720237057748,28
9122385,motor_external,adaptive,1,0.13,fixed,1,31,32,1,1,1,motor_external,0.0014237233111573443,21,0.022005720237057748,28
9122385,external_sensor,adaptive,1,0.13,fixed,1,31,32,1,1,1,external_sensor,0.001423723311157351,21,0.022005720237057748,28
9122385,nonlinear,adaptive,1,0.13,fixed,1,31,32,1,0,0,unknown,0.3430789326371718,21,0.4134241213868538,28
9122385,none,adaptive,1,0.13,calibrated,0,31,,0,1,0,none,0.0031054354040462957,0,0.0,0
9122385,motor,adaptive,1,0.13,calibrated,1,31,32,1,1,1,motor,0.0014237233111573397,21,0.02200572023705775,28
9122385,external,adaptive,1,0.13,calibrated,1,31,32,1,1,1,external,0.001423723311157351,21,0.022005720237057748,28
9122385,sensor,adaptive,1,0.13,calibrated,1,31,32,1,1,1,sensor,0.0014237233111573408,21,0.022005720237057748,28
9122385,motor_external,adaptive,1,0.13,calibrated,1,31,32,1,1,1,motor_external,0.0014237233111573443,21,0.022005720237057748,28
9122385,external_sensor,adaptive,1,0.13,calibrated,1,31,32,1,1,1,external_sensor,0.001423723311157351,21,0.022005720237057748,28
9122385,nonlinear,adaptive,1,0.13,calibrated,1,31,32,1,0,0,unknown,0.3430789326371718,21,0.4134241213868538,28
9122385,none,cycle,1,0.13,fixed,0,31,,0,1,0,none,0.0031054354040462957,30,0.0,0
9122385,motor,cycle,1,0.13,fixed,1,31,33,1,1,1,motor,0.002066897181298994,30,0.021777988448825895,27
9122385,external,cycle,1,0.13,fixed,1,31,32,1,1,1,external,0.002315145291097851,30,0.021209802404614727,28
9122385,sensor,cycle,1,0.13,fixed,1,31,32,1,1,1,sensor,0.002315145291097856,30,0.02120980240461473,28
9122385,motor_external,cycle,1,0.13,fixed,1,31,32,1,1,1,motor_external,0.002315145291097865,30,0.02120980240461473,28
9122385,external_sensor,cycle,1,0.13,fixed,1,31,32,1,1,1,external_sensor,0.002315145291097851,30,0.021209802404614727,28
9122385,nonlinear,cycle,1,0.13,fixed,1,31,33,1,0,0,unknown,0.34014827398270864,30,0.33918618491444225,27
9122385,none,cycle,1,0.13,calibrated,0,31,,0,1,0,none,0.0031054354040462957,30,0.0,0
9122385,motor,cycle,1,0.13,calibrated,1,31,33,1,1,1,motor,0.002066897181298994,30,0.021777988448825895,27
9122385,external,cycle,1,0.13,calibrated,1,31,32,1,1,1,external,0.002315145291097851,30,0.021209802404614727,28
9122385,sensor,cycle,1,0.13,calibrated,1,31,32,1,1,1,sensor,0.002315145291097856,30,0.02120980240461473,28
9122385,motor_external,cycle,1,0.13,calibrated,1,31,32,1,1,1,motor_external,0.002315145291097865,30,0.02120980240461473,28
9122385,external_sensor,cycle,1,0.13,calibrated,1,31,32,1,1,1,external_sensor,0.002315145291097851,30,0.021209802404614727,28
9122385,nonlinear,cycle,1,0.13,calibrated,1,31,33,1,0,0,unknown,0.34014827398270864,30,0.33918618491444225,27
9122385,none,adaptive,0,0.13,fixed,0,31,,0,1,0,none,0.0031054354040462957,0,0.0,0
9122385,motor,adaptive,0,0.13,fixed,1,31,32,1,1,1,motor,0.0014237233111573397,21,0.02200572023705775,28
9122385,external,adaptive,0,0.13,fixed,1,31,32,1,0,0,undetermined,0.001423723311157351,21,0.022005720237057748,28
9122385,sensor,adaptive,0,0.13,fixed,1,31,32,1,0,0,undetermined,0.0014237233111573408,21,0.022005720237057748,28
9122385,motor_external,adaptive,0,0.13,fixed,1,31,32,1,0,0,undetermined,0.0014237233111573443,21,0.022005720237057748,28
9122385,external_sensor,adaptive,0,0.13,fixed,1,31,32,1,0,0,undetermined,0.001423723311157351,21,0.022005720237057748,28
9122385,nonlinear,adaptive,0,0.13,fixed,1,31,32,1,0,0,unknown,0.3430789326371718,21,0.4134241213868538,28
9122385,none,adaptive,0,0.13,calibrated,0,31,,0,1,0,none,0.0031054354040462957,0,0.0,0
9122385,motor,adaptive,0,0.13,calibrated,1,31,32,1,1,1,motor,0.0014237233111573397,21,0.02200572023705775,28
9122385,external,adaptive,0,0.13,calibrated,1,31,32,1,0,0,undetermined,0.001423723311157351,21,0.022005720237057748,28
9122385,sensor,adaptive,0,0.13,calibrated,1,31,32,1,0,0,undetermined,0.0014237233111573408,21,0.022005720237057748,28
9122385,motor_external,adaptive,0,0.13,calibrated,1,31,32,1,0,0,undetermined,0.0014237233111573443,21,0.022005720237057748,28
9122385,external_sensor,adaptive,0,0.13,calibrated,1,31,32,1,0,0,undetermined,0.001423723311157351,21,0.022005720237057748,28
9122385,nonlinear,adaptive,0,0.13,calibrated,1,31,32,1,0,0,unknown,0.3430789326371718,21,0.4134241213868538,28
9122385,none,cycle,0,0.13,fixed,0,31,,0,1,0,none,0.0031054354040462957,30,0.0,0
9122385,motor,cycle,0,0.13,fixed,1,31,33,1,1,1,motor,0.002066897181298994,30,0.021777988448825895,27
9122385,external,cycle,0,0.13,fixed,1,31,32,1,0,0,undetermined,0.002315145291097851,30,0.021209802404614727,28
9122385,sensor,cycle,0,0.13,fixed,1,31,32,1,0,0,undetermined,0.002315145291097856,30,0.02120980240461473,28
9122385,motor_external,cycle,0,0.13,fixed,1,31,32,1,0,0,undetermined,0.002315145291097865,30,0.02120980240461473,28
9122385,external_sensor,cycle,0,0.13,fixed,1,31,32,1,0,0,undetermined,0.002315145291097851,30,0.021209802404614727,28
9122385,nonlinear,cycle,0,0.13,fixed,1,31,33,1,0,0,unknown,0.34014827398270864,30,0.33918618491444225,27
9122385,none,cycle,0,0.13,calibrated,0,31,,0,1,0,none,0.0031054354040462957,30,0.0,0
9122385,motor,cycle,0,0.13,calibrated,1,31,33,1,1,1,motor,0.002066897181298994,30,0.021777988448825895,27
9122385,external,cycle,0,0.13,calibrated,1,31,32,1,0,0,undetermined,0.002315145291097851,30,0.021209802404614727,28
9122385,sensor,cycle,0,0.13,calibrated,1,31,32,1,0,0,undetermined,0.002315145291097856,30,0.02120980240461473,28
9122385,motor_external,cycle,0,0.13,calibrated,1,31,32,1,0,0,undetermined,0.002315145291097865,30,0.02120980240461473,28
9122385,external_sensor,cycle,0,0.13,calibrated,1,31,32,1,0,0,undetermined,0.002315145291097851,30,0.021209802404614727,28
9122385,nonlinear,cycle,0,0.13,calibrated,1,31,33,1,0,0,unknown,0.34014827398270864,30,0.33918618491444225,27
9122385,none,adaptive,1,0.35,fixed,0,31,24,1,1,1,none,0.002858842317677077,27,0.16721844205563727,36
9122385,motor,adaptive,1,0.35,fixed,1,31,24,1,1,1,motor,0.07956577406547719,27,0.5255236823168384,36
9122385,external,adaptive,1,0.35,fixed,1,31,24,1,1,1,external,0.02731284568443414,27,0.37820053862649883,36
9122385,sensor,adaptive,1,0.35,fixed,1,31,24,1,1,1,sensor,0.002858842317677077,27,0.16721844205563727,36
9122385,motor_external,adaptive,1,0.35,fixed,1,31,24,1,1,1,motor_external,0.09650586458077612,27,0.7218600165501121,36
9122385,external_sensor,adaptive,1,0.35,fixed,1,31,24,1,1,1,external_sensor,0.02731284568443414,27,0.37820053862649883,36
9122385,nonlinear,adaptive,1,0.35,fixed,1,31,24,1,0,0,unknown,0.3388527733880182,27,0.5422302013876789,36
9122385,none,adaptive,1,0.35,calibrated,0,31,,0,1,0,none,0.022509812839980402,0,0.0,0
9122385,motor,adaptive,1,0.35,calibrated,1,31,47,1,1,1,motor,0.049730765070736954,9,0.1680731871820623,13
9122385,external,adaptive,1,0.35,calibrated,1,31,,0,0,0,none,0.8213984134246946,0,0.0,0
9122385,sensor,adaptive,1,0.35,calibrated,1,31,42,1,1,1,sensor,0.012583925195801251,13,0.19064146930679052,18
9122385,motor_external,adaptive,1,0.35,calibrated,1,31,32,1,1,1,motor_external,0.010319887906318003,21,0.15950891887808125,28
9122385,external_sensor,adaptive,1,0.35,calibrated,1,31,42,1,1,1,external_sensor,0.012583925195801296,13,0.19064146930679052,18
9122385,nonlinear,adaptive,1,0.35,calibrated,1,31,,0,0,0,none,0.6081776631980436,0,0.0,0
9122385,none,cycle,1,0.35,fixed,0,31,24,1,1,1,none,0.005453292007934024,30,0.16506509472560482,36
9122385,motor,cycle,1,0.35,fixed,1,31,24,1,1,1,motor,0.07666332787802578,30,0.41008993013176537,36
9122385,external,cycle,1,0.35,fixed,1,31,24,1,1,1,external,0.030341855686360004,30,0.3757560067686806,36
9122385,sensor,cycle,1,0.35,fixed,1,31,24,1,1,1,sensor,0.005453292007934024,30,0.16506509472560482,36
9122385,motor_external,cycle,1,0.35,fixed,1,31,24,1,1,1,motor_external,0.09037014143089912,30,0.5911812942978673,36
9122385,external_sensor,cycle,1,0.35,fixed,1,31,24,1,1,1,external_sensor,0.030341855686360004,30,0.3757560067686806,36
9122385,nonlinear,cycle,1,0.35,fixed,1,31,24,1,0,0,unknown,0.35307128000991134,30,0.380851073443627,36
9122385,none,cycle,1,0.35,calibrated,0,31,,0,1,0,none,0.022509812839980402,30,0.0,0
9122385,motor,cycle,1,0.35,calibrated,1,31,40,1,1,1,motor,0.018324938217816687,30,0.1838657154418844,20
9122385,external,cycle,1,0.35,calibrated,1,31,,0,0,0,none,0.8213984134246946,30,0.0,0
9122385,sensor,cycle,1,0.35,calibrated,1,31,42,1,1,1,sensor,0.03154882206041537,30,0.17376663885371502,18
9122385,motor_external,cycle,1,0.35,calibrated,1,31,37,1,1,1,motor_external,0.016576734585209946,30,0.17104110945718082,23
9122385,external_sensor,cycle,1,0.35,calibrated,1,31,42,1,1,1,external_sensor,0.031548822060415344,30,0.17376663885371504,18
9122385,nonlinear,cycle,1,0.35,calibrated,1,31,,0,0,0,none,0.6081776631980436,30,0.0,0
9122385,none,adaptive,0,0.35,fixed,0,31,28,1,1,1,none,0.0056896582127826745,24,0.16268479296657617,32
9122385,motor,adaptive,0,0.35,fixed,1,31,28,1,1,1,motor,0.03478718613628741,24,0.38808764673865914,32
9122385,external,adaptive,0,0.35,fixed,1,31,28,1,0,0,undetermined,0.003454577278013145,24,0.25285048615797534,32
9122385,sensor,adaptive,0,0.35,fixed,1,31,28,1,0,0,undetermined,0.0056896582127826745,24,0.16268479296657617,32
9122385,motor_external,adaptive,0,0.35,fixed,1,31,28,1,0,0,undetermined,0.028844896609815974,24,0.45649363732659043,32
9122385,external_sensor,adaptive,0,0.35,fixed,1,31,28,1,0,0,undetermined,0.003454577278013145,24,0.25285048615797534,32
9122385,nonlinear,adaptive,0,0.35,fixed,1,31,28,1,0,0,unknown,0.3379168087898939,24,0.590807743172142,32
9122385,none,adaptive,0,0.35,calibrated,0,31,,0,1,0,none,0.022509812839980402,0,0.0,0
9122385,motor,adaptive,0,0.35,calibrated,1,31,32,1,1,1,motor,0.010319887906317979,21,0.15950891887808133,28
9122385,external,adaptive,0,0.35,calibrated,1,31,,0,0,0,none,0.8213984134246946,0,0.0,0
9122385,sensor,adaptive,0,0.35,calibrated,1,31,,0,0,0,none,0.022509812839980402,0,0.0,0
9122385,motor_external,adaptive,0,0.35,calibrated,1,31,32,1,0,0,undetermined,0.010319887906318003,21,0.15950891887808125,28
9122385,external_sensor,adaptive,0,0.35,calibrated,1,31,32,1,0,0,undetermined,0.010319887906318029,21,0.15950891887808136,28
9122385,nonlinear,adaptive,0,0.35,calibrated,1,31,,0,0,0,none,0.6081776631980436,0,0.0,0
9122385,none,cycle,0,0.35,fixed,0,31,32,1,1,1,none,0.016781378589318847,30,0.15373969198611265,28
9122385,motor,cycle,0,0.35,fixed,1,31,32,1,1,1,motor,0.016781378589318864,30,0.15373969198611265,28
9122385,external,cycle,0,0.35,fixed,1,31,31,1,0,0,undetermined,0.015132056377413352,30,0.15145355944624134,29
9122385,sensor,cycle,0,0.35,fixed,1,31,31,1,0,0,undetermined,0.01513205637741335,30,0.15145355944624134,29
9122385,motor_external,cycle,0,0.35,fixed,1,31,31,1,0,0,undetermined,0.015132056377413319,30,0.15145355944624134,29
9122385,external_sensor,cycle,0,0.35,fixed,1,31,31,1,0,0,undetermined,0.015132056377413352,30,0.15145355944624134,29
9122385,nonlinear,cycle,0,0.35,fixed,1,31,32,1,0,0,unknown,0.3514879303732406,30,0.4389053550087209,28
9122385,none,cycle,0,0.35,calibrated,0,31,,0,1,0,none,0.022509812839980402,30,0.0,0
9122385,motor,cycle,0,0.35,calibrated,1,31,54,1,0,0,undetermined,0.09406062078737426,30,0.0847970207002275,6
9122385,external,cycle,0,0.35,calibrated,1,31,,0,0,0,none,0.8213984134246946,30,0.0,0
9122385,sensor,cycle,0,0.35,calibrated,1,31,,0,0,0,none,0.022509812839980402,30,0.0,0
9122385,motor_external,cycle,0,0.35,calibrated,1,31,47,1,0,0,undetermined,0.049352862939821024,30,0.17612365222662102,13
9122385,external_sensor,cycle,0,0.35,calibrated,1,31,32,1,0,0,undetermined,0.01678137858931882,30,0.15373969198611265,28
9122385,nonlinear,cycle,0,0.35,calibrated,1,31,,0,0,0,none,0.6081776631980436,30,0.0,0
9122385,none,adaptive,1,0.65,fixed,0,31,24,1,0,0,unknown,0.009860088809947461,27,0.5767329940286268,36
9122385,motor,adaptive,1,0.65,fixed,1,31,24,1,0,0,unknown,0.09808301496591483,27,0.9762839957835558,36
9122385,external,adaptive,1,0.65,fixed,1,31,24,1,0,0,unknown,0.028167523633924812,27,0.8608783162316553,36
9122385,sensor,adaptive,1,0.65,fixed,1,31,24,1,0,0,unknown,0.009860088809947461,27,0.5767329940286268,36
9122385,motor_external,adaptive,1,0.65,fixed,1,31,24,1,0,0,unknown,0.10887653693843416,27,1.2457835556489967,36
9122385,external_sensor,adaptive,1,0.65,fixed,1,31,24,1,0,0,unknown,0.028167523633924812,27,0.8608783162316553,36
9122385,nonlinear,adaptive,1,0.65,fixed,1,31,24,1,0,0,unknown,0.3466609872527503,27,0.9879056264389264,36
9122385,none,adaptive,1,0.65,calibrated,0,31,,0,1,0,none,0.07763588510115682,0,0.0,0
9122385,motor,adaptive,1,0.65,calibrated,1,31,,0,0,0,none,1.8452117773346668,0,0.0,0
9122385,external,adaptive,1,0.65,calibrated,1,31,,0,0,0,none,0.8670004290441973,0,0.0,0
9122385,sensor,adaptive,1,0.65,calibrated,1,31,,0,0,0,none,0.07763588510115682,0,0.0,0
9122385,motor_external,adaptive,1,0.65,calibrated,1,31,,0,0,0,none,2.634576321277707,0,0.0,0
9122385,external_sensor,adaptive,1,0.65,calibrated,1,31,,0,0,0,none,0.8670004290441973,0,0.0,0
9122385,nonlinear,adaptive,1,0.65,calibrated,1,31,,0,0,0,none,0.687876178623274,0,0.0,0
9122385,none,cycle,1,0.65,fixed,0,31,24,1,0,0,unknown,0.018808292843690788,30,0.5693061430332087,36
9122385,motor,cycle,1,0.65,fixed,1,31,24,1,0,0,unknown,0.09036591361228737,30,0.7999949905526803,36
9122385,external,cycle,1,0.65,fixed,1,31,24,1,0,0,unknown,0.03696104861175667,30,0.8540526897296921,36
9122385,sensor,cycle,1,0.65,fixed,1,31,24,1,0,0,unknown,0.018808292843690788,30,0.5693061430332087,36
9122385,motor_external,cycle,1,0.65,fixed,1,31,24,1,0,0,unknown,0.09733691925480052,30,1.05514198937219,36
9122385,external_sensor,cycle,1,0.65,fixed,1,31,24,1,0,0,unknown,0.03696104861175667,30,0.8540526897296921,36
9122385,nonlinear,cycle,1,0.65,fixed,1,31,24,1,0,0,unknown,0.3697708656993495,30,0.7100919508458726,36
9122385,none,cycle,1,0.65,calibrated,0,31,,0,1,0,none,0.07763588510115682,30,0.0,0
9122385,motor,cycle,1,0.65,calibrated,1,31,,0,0,0,none,1.8452117773346668,30,0.0,0
9122385,external,cycle,1,0.65,calibrated,1,31,,0,0,0,none,0.8670004290441973,30,0.0,0
9122385,sensor,cycle,1,0.65,calibrated,1,31,,0,0,0,none,0.07763588510115682,30,0.0,0
9122385,motor_external,cycle,1,0.65,calibrated,1,31,,0,0,0,none,2.634576321277707,30,0.0,0
9122385,external_sensor,cycle,1,0.65,calibrated,1,31,,0,0,0,none,0.8670004290441973,30,0.0,0
9122385,nonlinear,cycle,1,0.65,calibrated,1,31,,0,0,0,none,0.687876178623274,30,0.0,0
9122385,none,adaptive,0,0.65,fixed,0,31,24,1,0,0,unknown,0.009860088809947461,27,0.5767329940286268,36
9122385,motor,adaptive,0,0.65,fixed,1,31,24,1,0,0,unknown,0.09808301496591483,27,0.9762839957835558,36
9122385,external,adaptive,0,0.65,fixed,1,31,24,1,0,0,unknown,0.028167523633924812,27,0.8608783162316553,36
9122385,sensor,adaptive,0,0.65,fixed,1,31,24,1,0,0,unknown,0.009860088809947461,27,0.5767329940286268,36
9122385,motor_external,adaptive,0,0.65,fixed,1,31,24,1,0,0,unknown,0.10887653693843416,27,1.2457835556489967,36
9122385,external_sensor,adaptive,0,0.65,fixed,1,31,24,1,0,0,unknown,0.028167523633924812,27,0.8608783162316553,36
9122385,nonlinear,adaptive,0,0.65,fixed,1,31,24,1,0,0,unknown,0.3466609872527503,27,0.9879056264389264,36
9122385,none,adaptive,0,0.65,calibrated,0,31,,0,1,0,none,0.07763588510115682,0,0.0,0
9122385,motor,adaptive,0,0.65,calibrated,1,31,,0,0,0,none,1.8452117773346668,0,0.0,0
9122385,external,adaptive,0,0.65,calibrated,1,31,,0,0,0,none,0.8670004290441973,0,0.0,0
9122385,sensor,adaptive,0,0.65,calibrated,1,31,,0,0,0,none,0.07763588510115682,0,0.0,0
9122385,motor_external,adaptive,0,0.65,calibrated,1,31,42,1,0,0,undetermined,0.04340170118551865,13,0.6575185369968898,18
9122385,external_sensor,adaptive,0,0.65,calibrated,1,31,,0,0,0,none,0.8670004290441973,0,0.0,0
9122385,nonlinear,adaptive,0,0.65,calibrated,1,31,,0,0,0,none,0.687876178623274,0,0.0,0
9122385,none,cycle,0,0.65,fixed,0,31,24,1,0,0,unknown,0.018808292843690788,30,0.5693061430332087,36
9122385,motor,cycle,0,0.65,fixed,1,31,24,1,0,0,unknown,0.09036591361228737,30,0.7999949905526803,36
9122385,external,cycle,0,0.65,fixed,1,31,24,1,0,0,unknown,0.03696104861175667,30,0.8540526897296921,36
9122385,sensor,cycle,0,0.65,fixed,1,31,24,1,0,0,unknown,0.018808292843690788,30,0.5693061430332087,36
9122385,motor_external,cycle,0,0.65,fixed,1,31,24,1,0,0,unknown,0.09733691925480052,30,1.05514198937219,36
9122385,external_sensor,cycle,0,0.65,fixed,1,31,24,1,0,0,unknown,0.03696104861175667,30,0.8540526897296921,36
9122385,nonlinear,cycle,0,0.65,fixed,1,31,24,1,0,0,unknown,0.3697708656993495,30,0.7100919508458726,36
9122385,none,cycle,0,0.65,calibrated,0,31,,0,1,0,none,0.07763588510115682,30,0.0,0
9122385,motor,cycle,0,0.65,calibrated,1,31,,0,0,0,none,1.8452117773346668,30,0.0,0
9122385,external,cycle,0,0.65,calibrated,1,31,,0,0,0,none,0.8670004290441973,30,0.0,0
9122385,sensor,cycle,0,0.65,calibrated,1,31,,0,0,0,none,0.07763588510115682,30,0.0,0
9122385,motor_external,cycle,0,0.65,calibrated,1,31,,0,0,0,none,2.634576321277707,30,0.0,0
9122385,external_sensor,cycle,0,0.65,calibrated,1,31,,0,0,0,none,0.8670004290441973,30,0.0,0
9122385,nonlinear,cycle,0,0.65,calibrated,1,31,,0,0,0,none,0.687876178623274,30,0.0,0
9122438,none,adaptive,1,0.13,fixed,0,29,,0,1,0,none,0.00671396930461164,0,0.0,0
9122438,motor,adaptive,1,0.13,fixed,1,29,30,1,1,1,motor,0.00267835802838749,22,0.031616053326919406,30
9122438,external,adaptive,1,0.13,fixed,1,29,30,1,1,1,external,0.0026783580283874977,22,0.03161605332691941,30
9122438,sensor,adaptive,1,0.13,fixed,1,29,30,1,1,1,sensor,0.00267835802838749,22,0.0316160533269194,30
9122438,motor_external,adaptive,1,0.13,fixed,1,29,30,1,1,1,motor_external,0.002678358028387541,22,0.03161605332691941,30
9122438,external_sensor,adaptive,1,0.13,fixed,1,29,30,1,1,1,external_sensor,0.0026783580283874977,22,0.03161605332691941,30
9122438,nonlinear,adaptive,1,0.13,fixed,1,29,30,1,0,0,unknown,0.3641035248876257,22,0.3477794978061838,30
9122438,none,adaptive,1,0.13,calibrated,0,29,,0,1,0,none,0.00671396930461164,0,0.0,0
9122438,motor,adaptive,1,0.13,calibrated,1,29,30,1,1,1,motor,0.00267835802838749,22,0.031616053326919406,30
9122438,external,adaptive,1,0.13,calibrated,1,29,30,1,1,1,external,0.0026783580283874977,22,0.03161605332691941,30
9122438,sensor,adaptive,1,0.13,calibrated,1,29,30,1,1,1,sensor,0.00267835802838749,22,0.0316160533269194,30
9122438,motor_external,adaptive,1,0.13,calibrated,1,29,30,1,1,1,motor_external,0.002678358028387541,22,0.03161605332691941,30
9122438,external_sensor,adaptive,1,0.13,calibrated,1,29,30,1,1,1,external_sensor,0.0026783580283874977,22,0.03161605332691941,30
9122438,nonlinear,adaptive,1,0.13,calibrated,1,29,30,1,0,0,unknown,0.3641035248876257,22,0.3477794978061838,30
9122438,none,cycle,1,0.13,fixed,0,29,,0,1,0,none,0.00671396930461164,30,0.0,0
9122438,motor,cycle,1,0.13,fixed,1,29,30,1,1,1,motor,0.0032399822007084834,30,0.031350920242625153,30
9122438,external,cycle,1,0.13,fixed,1,29,30,1,1,1,external,0.003239982200708487,30,0.03135092024262516,30
9122438,sensor,cycle,1,0.13,fixed,1,29,30,1,1,1,sensor,0.0032399822007084674,30,0.03135092024262516,30
9122438,motor_external,cycle,1,0.13,fixed,1,29,30,1,1,1,motor_external,0.0032399822007085034,30,0.03135092024262516,30
9122438,external_sensor,cycle,1,0.13,fixed,1,29,30,1,1,1,external_sensor,0.003239982200708487,30,0.03135092024262516,30
9122438,nonlinear,cycle,1,0.13,fixed,1,29,30,1,0,0,unknown,0.3374399822007085,30,0.407180105260516,30
9122438,none,cycle,1,0.13,calibrated,0,29,,0,1,0,none,0.00671396930461164,30,0.0,0
9122438,motor,cycle,1,0.13,calibrated,1,29,30,1,1,1,motor,0.0032399822007084834,30,0.031350920242625153,30
9122438,external,cycle,1,0.13,calibrated,1,29,30,1,1,1,external,0.003239982200708487,30,0.03135092024262516,30
9122438,sensor,cycle,1,0.13,calibrated,1,29,30,1,1,1,sensor,0.0032399822007084674,30,0.03135092024262516,30
9122438,motor_external,cycle,1,0.13,calibrated,1,29,30,1,1,1,motor_external,0.0032399822007085034,30,0.03135092024262516,30
9122438,external_sensor,cycle,1,0.13,calibrated,1,29,30,1,1,1,external_sensor,0.003239982200708487,30,0.03135092024262516,30
9122438,nonlinear,cycle,1,0.13,calibrated,1,29,30,1,0,0,unknown,0.3374399822007085,30,0.407180105260516,30
9122438,none,adaptive,0,0.13,fixed,0,29,,0,1,0,none,0.00671396930461164,0,0.0,0
9122438,motor,adaptive,0,0.13,fixed,1,29,30,1,1,1,motor,0.00267835802838749,22,0.031616053326919406,30
9122438,external,adaptive,0,0.13,fixed,1,29,30,1,0,0,undetermined,0.0026783580283874977,22,0.03161605332691941,30
9122438,sensor,adaptive,0,0.13,fixed,1,29,30,1,0,0,undetermined,0.00267835802838749,22,0.0316160533269194,30
9122438,motor_external,adaptive,0,0.13,fixed,1,29,30,1,0,0,undetermined,0.002678358028387541,22,0.03161605332691941,30
9122438,external_sensor,adaptive,0,0.13,fixed,1,29,30,1,0,0,undetermined,0.0026783580283874977,22,0.03161605332691941,30
9122438,nonlinear,adaptive,0,0.13,fixed,1,29,30,1,0,0,unknown,0.3641035248876257,22,0.3477794978061838,30
9122438,none,adaptive,0,0.13,calibrated,0,29,,0,1,0,none,0.00671396930461164,0,0.0,0
9122438,motor,adaptive,0,0.13,calibrated,1,29,30,1,1,1,motor,0.00267835802838749,22,0.031616053326919406,30
9122438,external,adaptive,0,0.13,calibrated,1,29,30,1,0,0,undetermined,0.0026783580283874977,22,0.03161605332691941,30
9122438,sensor,adaptive,0,0.13,calibrated,1,29,30,1,0,0,undetermined,0.00267835802838749,22,0.0316160533269194,30
9122438,motor_external,adaptive,0,0.13,calibrated,1,29,30,1,0,0,undetermined,0.002678358028387541,22,0.03161605332691941,30
9122438,external_sensor,adaptive,0,0.13,calibrated,1,29,30,1,0,0,undetermined,0.0026783580283874977,22,0.03161605332691941,30
9122438,nonlinear,adaptive,0,0.13,calibrated,1,29,30,1,0,0,unknown,0.3641035248876257,22,0.3477794978061838,30
9122438,none,cycle,0,0.13,fixed,0,29,,0,1,0,none,0.00671396930461164,30,0.0,0
9122438,motor,cycle,0,0.13,fixed,1,29,30,1,1,1,motor,0.0032399822007084834,30,0.031350920242625153,30
9122438,external,cycle,0,0.13,fixed,1,29,30,1,0,0,undetermined,0.003239982200708487,30,0.03135092024262516,30
9122438,sensor,cycle,0,0.13,fixed,1,29,30,1,0,0,undetermined,0.0032399822007084674,30,0.03135092024262516,30
9122438,motor_external,cycle,0,0.13,fixed,1,29,30,1,0,0,undetermined,0.0032399822007085034,30,0.03135092024262516,30
9122438,external_sensor,cycle,0,0.13,fixed,1,29,30,1,0,0,undetermined,0.003239982200708487,30,0.03135092024262516,30
9122438,nonlinear,cycle,0,0.13,fixed,1,29,30,1,0,0,unknown,0.3374399822007085,30,0.407180105260516,30
9122438,none,cycle,0,0.13,calibrated,0,29,,0,1,0,none,0.00671396930461164,30,0.0,0
9122438,motor,cycle,0,0.13,calibrated,1,29,30,1,1,1,motor,0.0032399822007084834,30,0.031350920242625153,30
9122438,external,cycle,0,0.13,calibrated,1,29,30,1,0,0,undetermined,0.003239982200708487,30,0.03135092024262516,30
9122438,sensor,cycle,0,0.13,calibrated,1,29,30,1,0,0,undetermined,0.0032399822007084674,30,0.03135092024262516,30
9122438,motor_external,cycle,0,0.13,calibrated,1,29,30,1,0,0,undetermined,0.0032399822007085034,30,0.03135092024262516,30
9122438,external_sensor,cycle,0,0.13,calibrated,1,29,30,1,0,0,undetermined,0.003239982200708487,30,0.03135092024262516,30
9122438,nonlinear,cycle,0,0.13,calibrated,1,29,30,1,0,0,unknown,0.3374399822007085,30,0.407180105260516,30
9122438,none,adaptive,1,0.35,fixed,0,29,26,1,1,1,none,0.022295267277163383,25,0.22554779081780496,34
9122438,motor,adaptive,1,0.35,fixed,1,29,26,1,1,1,motor,0.026222685826145654,25,0.3680100153063405,34
9122438,external,adaptive,1,0.35,fixed,1,29,26,1,1,1,external,0.01604197036191306,25,0.2657002116285199,34
9122438,sensor,adaptive,1,0.35,fixed,1,29,26,1,1,1,sensor,0.022295267277163383,25,0.22554779081780496,34
9122438,motor_external,adaptive,1,0.35,fixed,1,29,26,1,1,1,motor_external,0.00941762375108483,25,0.34476951669140543,34
9122438,external_sensor,adaptive,1,0.35,fixed,1,29,26,1,1,1,external_sensor,0.01604197036191306,25,0.2657002116285199,34
9122438,nonlinear,adaptive,1,0.35,fixed,1,29,26,1,0,0,unknown,0.3806976370202229,25,0.48399231034094,34
9122438,none,adaptive,1,0.35,calibrated,0,29,,0,1,0,none,0.048666345551179005,0,0.0,0
9122438,motor,adaptive,1,0.35,calibrated,1,29,34,1,1,1,motor,0.013967274595988694,19,0.1961790150487068,26
9122438,external,adaptive,1,0.35,calibrated,1,29,,0,0,0,none,0.8380991897468502,0,0.0,0
9122438,sensor,adaptive,1,0.35,calibrated,1,29,,0,0,0,none,0.048666345551179005,0,0.0,0
9122438,motor_external,adaptive,1,0.35,calibrated,1,29,30,1,1,1,motor_external,0.01941413363771994,22,0.22916961731051047,30
9122438,external_sensor,adaptive,1,0.35,calibrated,1,29,33,1,1,1,external_sensor,0.011264680052838863,20,0.20813070739681758,27
9122438,nonlinear,adaptive,1,0.35,calibrated,1,29,,0,0,0,none,0.6248020845568613,0,0.0,0
9122438,none,cycle,1,0.35,fixed,0,29,26,1,1,1,none,0.02641643914576842,30,0.22372369509305126,34
9122438,motor,cycle,1,0.35,fixed,1,29,26,1,1,1,motor,0.0383554261386665,30,0.3504682195870429,34
9122438,external,cycle,1,0.35,fixed,1,29,26,1,1,1,external,0.019832863474152668,30,0.2653274527398076,34
9122438,sensor,cycle,1,0.35,fixed,1,29,26,1,1,1,sensor,0.02641643914576842,30,0.22372369509305126,34
9122438,motor_external,cycle,1,0.35,fixed,1,29,26,1,1,1,motor_external,0.019589194275391835,30,0.32421348291734997,34
9122438,external_sensor,cycle,1,0.35,fixed,1,29,26,1,1,1,external_sensor,0.019832863474152668,30,0.2653274527398076,34
9122438,nonlinear,cycle,1,0.35,fixed,1,29,26,1,0,0,unknown,0.35452587486006254,30,0.6296004454044223,34
9122438,none,cycle,1,0.35,calibrated,0,29,,0,1,0,none,0.048666345551179005,30,0.0,0
9122438,motor,cycle,1,0.35,calibrated,1,29,32,1,1,1,motor,0.024746029142872134,30,0.21129788656785417,28
9122438,external,cycle,1,0.35,calibrated,1,29,,0,0,0,none,0.8380991897468502,30,0.0,0
9122438,sensor,cycle,1,0.35,calibrated,1,29,,0,0,0,none,0.048666345551179005,30,0.0,0
9122438,motor_external,cycle,1,0.35,calibrated,1,29,30,1,1,1,motor_external,0.023485078082058467,30,0.2272477946580817,30
9122438,external_sensor,cycle,1,0.35,calibrated,1,29,,0,0,0,none,0.8380991897468502,30,0.0,0
9122438,nonlinear,cycle,1,0.35,calibrated,1,29,34,1,0,1,external,0.35197657650571523,30,0.6099022028164836,26
9122438,none,adaptive,0,0.35,fixed,0,29,27,1,1,1,none,0.017790993187203914,24,0.22150255419568873,33
9122438,motor,adaptive,0,0.35,fixed,1,29,27,1,1,1,motor,0.03788279184839758,24,0.2907658183520689,33
9122438,external,adaptive,0,0.35,fixed,1,29,27,1,0,0,undetermined,0.0077550087732661905,24,0.23961729056488054,33
9122438,sensor,adaptive,0,0.35,fixed,1,29,27,1,0,0,undetermined,0.017790993187203914,24,0.22150255419568873,33
9122438,motor_external,adaptive,0,0.35,fixed,1,29,27,1,0,0,undetermined,0.027922880755351626,24,0.3088378083238099,33
9122438,external_sensor,adaptive,0,0.35,fixed,1,29,27,1,0,0,undetermined,0.0077550087732661905,24,0.23961729056488054,33
9122438,nonlinear,adaptive,0,0.35,fixed,1,29,27,1,0,0,unknown,0.375578694230091,24,0.49135781881511775,33
9122438,none,adaptive,0,0.35,calibrated,0,29,,0,1,0,none,0.048666345551179005,0,0.0,0
9122438,motor,adaptive,0,0.35,calibrated,1,29,32,1,1,1,motor,0.016350483966989182,21,0.2182262118687814,28
9122438,external,adaptive,0,0.35,calibrated,1,29,,0,0,0,none,0.8380991897468502,0,0.0,0
9122438,sensor,adaptive,0,0.35,calibrated,1,29,,0,0,0,none,0.048666345551179005,0,0.0,0
9122438,motor_external,adaptive,0,0.35,calibrated,1,29,31,1,0,0,undetermined,0.015307442898827423,21,0.2389093003180399,29
9122438,external_sensor,adaptive,0,0.35,calibrated,1,29,31,1,0,0,undetermined,0.015307442898827472,21,0.2389093003180399,29
9122438,nonlinear,adaptive,0,0.35,calibrated,1,29,,0,0,0,none,0.6248020845568613,0,0.0,0
9122438,none,cycle,0,0.35,fixed,0,29,29,1,1,1,none,0.023877422609540365,30,0.2199676070612109,31
9122438,motor,cycle,0,0.35,fixed,1,29,29,1,1,1,motor,0.023877422609540455,30,0.21996760706121093,31
9122438,external,cycle,0,0.35,fixed,1,29,29,1,0,0,undetermined,0.023877422609540434,30,0.21996760706121093,31
9122438,sensor,cycle,0,0.35,fixed,1,29,29,1,0,0,undetermined,0.023877422609540365,30,0.2199676070612109,31
9122438,motor_external,cycle,0,0.35,fixed,1,29,29,1,0,0,undetermined,0.02387742260954044,30,0.2199676070612109,31
9122438,external_sensor,cycle,0,0.35,fixed,1,29,29,1,0,0,undetermined,0.023877422609540434,30,0.21996760706121093,31
9122438,nonlinear,cycle,0,0.35,fixed,1,29,31,1,0,0,unknown,0.3648018632756048,30,0.6744100694805405,29
9122438,none,cycle,0,0.35,calibrated,0,29,,0,1,0,none,0.048666345551179005,30,0.0,0
9122438,motor,cycle,0,0.35,calibrated,1,29,30,1,1,1,motor,0.02348507808205847,30,0.2272477946580817,30
9122438,external,cycle,0,0.35,calibrated,1,29,,0,0,0,none,0.8380991897468502,30,0.0,0
9122438,sensor,cycle,0,0.35,calibrated,1,29,,0,0,0,none,0.048666345551179005,30,0.0,0
9122438,motor_external,cycle,0,0.35,calibrated,1,29,30,1,0,0,undetermined,0.023485078082058467,30,0.2272477946580817,30
9122438,external_sensor,cycle,0,0.35,calibrated,1,29,30,1,0,0,undetermined,0.023485078082058474,30,0.22724779465808173,30
9122438,nonlinear,cycle,0,0.35,calibrated,1,29,,0,0,0,none,0.6248020845568613,30,0.0,0
9122438,none,adaptive,1,0.65,fixed,0,29,24,1,0,0,unknown,0.08422328022989142,27,0.7498498157296385,36
9122438,motor,adaptive,1,0.65,fixed,1,29,24,1,0,0,unknown,0.1401145543729491,27,1.0138488904875336,36
9122438,external,adaptive,1,0.65,fixed,1,29,24,1,0,0,unknown,0.05495588950895895,27,0.7985058195461009,36
9122438,sensor,adaptive,1,0.65,fixed,1,29,24,1,0,0,unknown,0.08422328022989142,27,0.7498498157296385,36
9122438,motor_external,adaptive,1,0.65,fixed,1,29,24,1,0,0,unknown,0.10935381034107514,27,1.0586953195311857,36
9122438,external_sensor,adaptive,1,0.65,fixed,1,29,24,1,0,0,unknown,0.05495588950895895,27,0.7985058195461009,36
9122438,nonlinear,adaptive,1,0.65,fixed,1,29,24,1,0,0,unknown,0.4438971151423097,27,1.167053590834477,36
9122438,none,adaptive,1,0.65,calibrated,0,29,,0,1,0,none,0.1678492326152909,0,0.0,0
9122438,motor,adaptive,1,0.65,calibrated,1,29,,0,0,0,none,1.8169974215187223,0,0.0,0
9122438,external,adaptive,1,0.65,calibrated,1,29,,0,0,0,none,0.9396530861215375,0,0.0,0
9122438,sensor,adaptive,1,0.65,calibrated,1,29,,0,0,0,none,0.1678492326152909,0,0.0,0
9122438,motor_external,adaptive,1,0.65,calibrated,1,29,,0,0,0,none,2.588801275024969,0,0.0,0
9122438,external_sensor,adaptive,1,0.65,calibrated,1,29,,0,0,0,none,0.9396530861215375,0,0.0,0
9122438,nonlinear,adaptive,1,0.65,calibrated,1,29,,0,0,0,none,0.7603870336258438,0,0.0,0
9122438,none,cycle,1,0.65,fixed,0,29,24,1,0,0,unknown,0.09551271528972383,30,0.7466949956008032,36
9122438,motor,cycle,1,0.65,fixed,1,29,24,1,0,0,unknown,0.09074754215927348,30,0.9094525637149667,36
9122438,external,cycle,1,0.65,fixed,1,29,24,1,0,0,unknown,0.05858469298467768,30,0.8058475616753227,36
9122438,sensor,cycle,1,0.65,fixed,1,29,24,1,0,0,unknown,0.09551271528972383,30,0.7466949956008032,36
9122438,motor_external,cycle,1,0.65,fixed,1,29,24,1,0,0,unknown,0.05361966656744456,30,0.9687069069262737,36
9122438,external_sensor,cycle,1,0.65,fixed,1,29,24,1,0,0,unknown,0.05858469298467768,30,0.8058475616753227,36
9122438,nonlinear,cycle,1,0.65,fixed,1,29,24,1,0,0,unknown,0.4019942927276639,30,1.21145343870061,36
9122438,none,cycle,1,0.65,calibrated,0,29,,0,1,0,none,0.1678492326152909,30,0.0,0
9122438,motor,cycle,1,0.65,calibrated,1,29,,0,0,0,none,1.8169974215187223,30,0.0,0
9122438,external,cycle,1,0.65,calibrated,1,29,,0,0,0,none,0.9396530861215375,30,0.0,0
9122438,sensor,cycle,1,0.65,calibrated,1,29,,0,0,0,none,0.1678492326152909,30,0.0,0
9122438,motor_external,cycle,1,0.65,calibrated,1,29,32,1,0,1,motor_external_sensor,0.08534854949276302,30,0.7287620985707625,28
9122438,external_sensor,cycle,1,0.65,calibrated,1,29,,0,0,0,none,0.9396530861215375,30,0.0,0
9122438,nonlinear,cycle,1,0.65,calibrated,1,29,,0,0,0,none,0.7603870336258438,30,0.0,0
9122438,none,adaptive,0,0.65,fixed,0,29,24,1,0,0,unknown,0.08422328022989142,27,0.7498498157296385,36
9122438,motor,adaptive,0,0.65,fixed,1,29,24,1,0,0,unknown,0.1401145543729491,27,1.0138488904875336,36
9122438,external,adaptive,0,0.65,fixed,1,29,24,1,0,0,unknown,0.05495588950895895,27,0.7985058195461009,36
9122438,sensor,adaptive,0,0.65,fixed,1,29,24,1,0,0,unknown,0.08422328022989142,27,0.7498498157296385,36
9122438,motor_external,adaptive,0,0.65,fixed,1,29,24,1,0,0,unknown,0.10935381034107514,27,1.0586953195311857,36
9122438,external_sensor,adaptive,0,0.65,fixed,1,29,24,1,0,0,unknown,0.05495588950895895,27,0.7985058195461009,36
9122438,nonlinear,adaptive,0,0.65,fixed,1,29,24,1,0,0,unknown,0.4438971151423097,27,1.167053590834477,36
9122438,none,adaptive,0,0.65,calibrated,0,29,,0,1,0,none,0.1678492326152909,0,0.0,0
9122438,motor,adaptive,0,0.65,calibrated,1,29,,0,0,0,none,1.8169974215187223,0,0.0,0
9122438,external,adaptive,0,0.65,calibrated,1,29,,0,0,0,none,0.9396530861215375,0,0.0,0
9122438,sensor,adaptive,0,0.65,calibrated,1,29,,0,0,0,none,0.1678492326152909,0,0.0,0
9122438,motor_external,adaptive,0,0.65,calibrated,1,29,,0,0,0,none,2.588801275024969,0,0.0,0
9122438,external_sensor,adaptive,0,0.65,calibrated,1,29,,0,0,0,none,0.9396530861215375,0,0.0,0
9122438,nonlinear,adaptive,0,0.65,calibrated,1,29,,0,0,0,none,0.7603870336258438,0,0.0,0
9122438,none,cycle,0,0.65,fixed,0,29,24,1,0,0,unknown,0.09551271528972383,30,0.7466949956008032,36
9122438,motor,cycle,0,0.65,fixed,1,29,24,1,0,0,unknown,0.09074754215927348,30,0.9094525637149667,36
9122438,external,cycle,0,0.65,fixed,1,29,24,1,0,0,unknown,0.05858469298467768,30,0.8058475616753227,36
9122438,sensor,cycle,0,0.65,fixed,1,29,24,1,0,0,unknown,0.09551271528972383,30,0.7466949956008032,36
9122438,motor_external,cycle,0,0.65,fixed,1,29,24,1,0,0,unknown,0.05361966656744456,30,0.9687069069262737,36
9122438,external_sensor,cycle,0,0.65,fixed,1,29,24,1,0,0,unknown,0.05858469298467768,30,0.8058475616753227,36
9122438,nonlinear,cycle,0,0.65,fixed,1,29,24,1,0,0,unknown,0.4019942927276639,30,1.21145343870061,36
9122438,none,cycle,0,0.65,calibrated,0,29,,0,1,0,none,0.1678492326152909,30,0.0,0
9122438,motor,cycle,0,0.65,calibrated,1,29,,0,0,0,none,1.8169974215187223,30,0.0,0
9122438,external,cycle,0,0.65,calibrated,1,29,,0,0,0,none,0.9396530861215375,30,0.0,0
9122438,sensor,cycle,0,0.65,calibrated,1,29,,0,0,0,none,0.1678492326152909,30,0.0,0
9122438,motor_external,cycle,0,0.65,calibrated,1,29,,0,0,0,none,2.588801275024969,30,0.0,0
9122438,external_sensor,cycle,0,0.65,calibrated,1,29,32,1,0,0,undetermined,0.08534854949276291,30,0.7287620985707625,28
9122438,nonlinear,cycle,0,0.65,calibrated,1,29,,0,0,0,none,0.7603870336258438,30,0.0,0
9122491,none,adaptive,1,0.13,fixed,0,27,,0,1,0,none,0.0034105771091370828,0,0.0,0
9122491,motor,adaptive,1,0.13,fixed,1,27,28,1,1,1,motor,0.003494840271563436,24,0.03463136952044473,32
9122491,external,adaptive,1,0.13,fixed,1,27,28,1,1,1,external,0.0034948402715634175,24,0.034631369520444724,32
9122491,sensor,adaptive,1,0.13,fixed,1,27,28,1,1,1,sensor,0.003494840271563425,24,0.034631369520444724,32
9122491,motor_external,adaptive,1,0.13,fixed,1,27,30,1,1,1,motor_external,0.0037428898434596672,22,0.035119153158097674,30
9122491,external_sensor,adaptive,1,0.13,fixed,1,27,28,1,1,1,external_sensor,0.0034948402715634175,24,0.034631369520444724,32
9122491,nonlinear,adaptive,1,0.13,fixed,1,27,28,1,0,0,unknown,0.3426124173955089,24,0.39676511424262323,32
9122491,none,adaptive,1,0.13,calibrated,0,27,,0,1,0,none,0.0034105771091370828,0,0.0,0
9122491,motor,adaptive,1,0.13,calibrated,1,27,28,1,1,1,motor,0.003494840271563436,24,0.03463136952044473,32
9122491,external,adaptive,1,0.13,calibrated,1,27,28,1,1,1,external,0.0034948402715634175,24,0.034631369520444724,32
9122491,sensor,adaptive,1,0.13,calibrated,1,27,28,1,1,1,sensor,0.003494840271563425,24,0.034631369520444724,32
9122491,motor_external,adaptive,1,0.13,calibrated,1,27,30,1,1,1,motor_external,0.0037428898434596672,22,0.035119153158097674,30
9122491,external_sensor,adaptive,1,0.13,calibrated,1,27,28,1,1,1,external_sensor,0.0034948402715634175,24,0.034631369520444724,32
9122491,nonlinear,adaptive,1,0.13,calibrated,1,27,28,1,0,0,unknown,0.3426124173955089,24,0.39676511424262323,32
9122491,none,cycle,1,0.13,fixed,0,27,,0,1,0,none,0.0034105771091370828,30,0.0,0
9122491,motor,cycle,1,0.13,fixed,1,27,28,1,1,1,motor,0.005706297838281198,30,0.032585703351346154,32
9122491,external,cycle,1,0.13,fixed,1,27,28,1,1,1,external,0.005706297838281207,30,0.032585703351346154,32
9122491,sensor,cycle,1,0.13,fixed,1,27,28,1,1,1,sensor,0.005706297838281217,30,0.032585703351346154,32
9122491,motor_external,cycle,1,0.13,fixed,1,27,29,1,1,1,motor_external,0.005853498595575375,30,0.03275972152794346,31
9122491,external_sensor,cycle,1,0.13,fixed,1,27,28,1,1,1,external_sensor,0.005706297838281207,30,0.032585703351346154,32
9122491,nonlinear,cycle,1,0.13,fixed,1,27,28,1,0,0,unknown,0.33879988866441224,30,0.34834555574354975,32
9122491,none,cycle,1,0.13,calibrated,0,27,,0,1,0,none,0.0034105771091370828,30,0.0,0
9122491,motor,cycle,1,0.13,calibrated,1,27,28,1,1,1,motor,0.005706297838281198,30,0.032585703351346154,32
9122491,external,cycle,1,0.13,calibrated,1,27,28,1,1,1,external,0.005706297838281207,30,0.032585703351346154,32
9122491,sensor,cycle,1,0.13,calibrated,1,27,28,1,1,1,sensor,0.005706297838281217,30,0.032585703351346154,32
9122491,motor_external,cycle,1,0.13,calibrated,1,27,29,1,1,1,motor_external,0.005853498595575375,30,0.03275972152794346,31
9122491,external_sensor,cycle,1,0.13,calibrated,1,27,28,1,1,1,external_sensor,0.005706297838281207,30,0.032585703351346154,32
9122491,nonlinear,cycle,1,0.13,calibrated,1,27,28,1,0,0,unknown,0.33879988866441224,30,0.34834555574354975,32
9122491,none,adaptive,0,0.13,fixed,0,27,,0,1,0,none,0.0034105771091370828,0,0.0,0
9122491,motor,adaptive,0,0.13,fixed,1,27,28,1,1,1,motor,0.003494840271563436,24,0.03463136952044473,32
9122491,external,adaptive,0,0.13,fixed,1,27,28,1,0,0,undetermined,0.0034948402715634175,24,0.034631369520444724,32
9122491,sensor,adaptive,0,0.13,fixed,1,27,28,1,0,0,undetermined,0.003494840271563425,24,0.034631369520444724,32
9122491,motor_external,adaptive,0,0.13,fixed,1,27,38,1,0,0,undetermined,0.006545596445868973,16,0.028368874827803772,22
9122491,external_sensor,adaptive,0,0.13,fixed,1,27,28,1,0,0,undetermined,0.0034948402715634175,24,0.034631369520444724,32
9122491,nonlinear,adaptive,0,0.13,fixed,1,27,28,1,0,0,unknown,0.3426124173955089,24,0.39676511424262323,32
9122491,none,adaptive,0,0.13,calibrated,0,27,,0,1,0,none,0.0034105771091370828,0,0.0,0
9122491,motor,adaptive,0,0.13,calibrated,1,27,28,1,1,1,motor,0.003494840271563436,24,0.03463136952044473,32
9122491,external,adaptive,0,0.13,calibrated,1,27,28,1,0,0,undetermined,0.0034948402715634175,24,0.034631369520444724,32
9122491,sensor,adaptive,0,0.13,calibrated,1,27,28,1,0,0,undetermined,0.003494840271563425,24,0.034631369520444724,32
9122491,motor_external,adaptive,0,0.13,calibrated,1,27,47,1,0,0,undetermined,0.006524284927775227,9,0.023109642531150925,13
9122491,external_sensor,adaptive,0,0.13,calibrated,1,27,28,1,0,0,undetermined,0.0034948402715634175,24,0.034631369520444724,32
9122491,nonlinear,adaptive,0,0.13,calibrated,1,27,28,1,0,0,unknown,0.3426124173955089,24,0.39676511424262323,32
9122491,none,cycle,0,0.13,fixed,0,27,,0,1,0,none,0.0034105771091370828,30,0.0,0
9122491,motor,cycle,0,0.13,fixed,1,27,28,1,1,1,motor,0.005706297838281198,30,0.032585703351346154,32
9122491,external,cycle,0,0.13,fixed,1,27,28,1,0,0,undetermined,0.005706297838281207,30,0.032585703351346154,32
9122491,sensor,cycle,0,0.13,fixed,1,27,28,1,0,0,undetermined,0.005706297838281217,30,0.032585703351346154,32
9122491,motor_external,cycle,0,0.13,fixed,1,27,29,1,0,0,undetermined,0.005853498595575375,30,0.03275972152794346,31
9122491,external_sensor,cycle,0,0.13,fixed,1,27,28,1,0,0,undetermined,0.005706297838281207,30,0.032585703351346154,32
9122491,nonlinear,cycle,0,0.13,fixed,1,27,28,1,0,0,unknown,0.33879988866441224,30,0.34834555574354975,32
9122491,none,cycle,0,0.13,calibrated,0,27,,0,1,0,none,0.0034105771091370828,30,0.0,0
9122491,motor,cycle,0,0.13,calibrated,1,27,28,1,1,1,motor,0.005706297838281198,30,0.032585703351346154,32
9122491,external,cycle,0,0.13,calibrated,1,27,28,1,0,0,undetermined,0.005706297838281207,30,0.032585703351346154,32
9122491,sensor,cycle,0,0.13,calibrated,1,27,28,1,0,0,undetermined,0.005706297838281217,30,0.032585703351346154,32
9122491,motor_external,cycle,0,0.13,calibrated,1,27,29,1,0,0,undetermined,0.005853498595575375,30,0.03275972152794346,31
9122491,external_sensor,cycle,0,0.13,calibrated,1,27,28,1,0,0,undetermined,0.005706297838281207,30,0.032585703351346154,32
9122491,nonlinear,cycle,0,0.13,calibrated,1,27,28,1,0,0,unknown,0.33879988866441224,30,0.34834555574354975,32
9122491,none,adaptive,1,0.35,fixed,0,27,24,1,1,1,none,0.025241114062128128,27,0.2524611444018845,36
9122491,motor,adaptive,1,0.35,fixed,1,27,24,1,1,1,motor,0.02505262455661213,27,0.36939454213759326,36
9122491,external,adaptive,1,0.35,fixed,1,27,24,1,1,1,external,0.04586440062892612,27,0.28567798714069875,36
9122491,sensor,adaptive,1,0.35,fixed,1,27,24,1,1,1,sensor,0.025241114062128128,27,0.2524611444018845,36
9122491,motor_external,adaptive,1,0.35,fixed,1,27,24,1,1,1,motor_external,0.043649918382614575,27,0.3889579555362633,36
9122491,external_sensor,adaptive,1,0.35,fixed,1,27,24,1,1,1,external_sensor,0.04586440062892612,27,0.28567798714069875,36
9122491,nonlinear,adaptive,1,0.35,fixed,1,27,24,1,0,0,unknown,0.34776400264454965,27,0.6164725452757452,36
9122491,none,adaptive,1,0.35,calibrated,0,27,,0,1,0,none,0.024721638808833886,0,0.0,0
9122491,motor,adaptive,1,0.35,calibrated,1,27,30,1,1,1,motor,0.02713041454578773,22,0.2545619089862109,30
9122491,external,adaptive,1,0.35,calibrated,1,27,,0,0,0,none,0.8313381156739842,0,0.0,0
9122491,sensor,adaptive,1,0.35,calibrated,1,27,41,1,1,1,sensor,0.06426155619354124,14,0.21782171726603572,19
9122491,motor_external,adaptive,1,0.35,calibrated,1,27,,0,0,0,none,2.4785459066259556,0,0.0,0
9122491,external_sensor,adaptive,1,0.35,calibrated,1,27,41,1,1,1,external_sensor,0.06426155619354149,14,0.21782171726603577,19
9122491,nonlinear,adaptive,1,0.35,calibrated,1,27,,0,0,0,none,0.4903468443530138,0,0.0,0
9122491,none,cycle,1,0.35,fixed,0,27,24,1,1,1,none,0.03904671493971573,30,0.24177050622434967,36
9122491,motor,cycle,1,0.35,fixed,1,27,24,1,1,1,motor,0.06539274666771154,30,0.36380521969638663,36
9122491,external,cycle,1,0.35,fixed,1,27,24,1,1,1,external,0.05085956374383127,30,0.2833974989328013,36
9122491,sensor,cycle,1,0.35,fixed,1,27,24,1,1,1,sensor,0.03904671493971573,30,0.24177050622434967,36
9122491,motor_external,cycle,1,0.35,fixed,1,27,24,1,1,1,motor_external,0.08884635532865089,30,0.47792671981673585,36
9122491,external_sensor,cycle,1,0.35,fixed,1,27,24,1,1,1,external_sensor,0.05085956374383127,30,0.2833974989328013,36
9122491,nonlinear,cycle,1,0.35,fixed,1,27,24,1,0,0,unknown,0.37492244872295893,30,0.49394165367945436,36
9122491,none,cycle,1,0.35,calibrated,0,27,,0,1,0,none,0.024721638808833886,30,0.0,0
9122491,motor,cycle,1,0.35,calibrated,1,27,30,1,1,1,motor,0.04345726712050942,30,0.23880959595781043,30
9122491,external,cycle,1,0.35,calibrated,1,27,,0,0,0,none,0.8313381156739842,30,0.0,0
9122491,sensor,cycle,1,0.35,calibrated,1,27,41,1,1,1,sensor,0.07307604772188075,30,0.21203650123553075,19
9122491,motor_external,cycle,1,0.35,calibrated,1,27,30,1,1,1,motor_external,0.04345726712050942,30,0.23880959595781043,30
9122491,external_sensor,cycle,1,0.35,calibrated,1,27,41,1,1,1,external_sensor,0.07307604772188067,30,0.21203650123553075,19
9122491,nonlinear,cycle,1,0.35,calibrated,1,27,,0,0,0,none,0.4903468443530138,30,0.0,0
9122491,none,adaptive,0,0.35,fixed,0,27,27,1,0,1,motor,0.03107950434399844,24,0.24444391303409296,33
9122491,motor,adaptive,0,0.35,fixed,1,27,27,1,1,1,motor,0.03107950434399842,24,0.2444439130340929,33
9122491,external,adaptive,0,0.35,fixed,1,27,27,1,0,0,undetermined,0.03107950434399852,24,0.24444391303409285,33
9122491,sensor,adaptive,0,0.35,fixed,1,27,27,1,0,0,undetermined,0.03107950434399844,24,0.24444391303409296,33
9122491,motor_external,adaptive,0,0.35,fixed,1,27,27,1,0,0,undetermined,0.031079504343998476,24,0.2444439130340929,33
9122491,external_sensor,adaptive,0,0.35,fixed,1,27,27,1,0,0,undetermined,0.03107950434399852,24,0.24444391303409285,33
9122491,nonlinear,adaptive,0,0.35,fixed,1,27,27,1,0,0,unknown,0.35437666343017543,24,0.5907814369349945,33
9122491,none,adaptive,0,0.35,calibrated,0,27,,0,1,0,none,0.024721638808833886,0,0.0,0
9122491,motor,adaptive,0,0.35,calibrated,1,27,47,1,1,1,motor,0.04729141441730576,9,0.1675107224891117,13
9122491,external,adaptive,0,0.35,calibrated,1,27,,0,0,0,none,0.8313381156739842,0,0.0,0
9122491,sensor,adaptive,0,0.35,calibrated,1,27,,0,0,0,none,0.024721638808833886,0,0.0,0
9122491,motor_external,adaptive,0,0.35,calibrated,1,27,,0,0,0,none,2.4785459066259556,0,0.0,0
9122491,external_sensor,adaptive,0,0.35,calibrated,1,27,28,1,0,0,undetermined,0.025332422086776274,24,0.2510261991866555,32
9122491,nonlinear,adaptive,0,0.35,calibrated,1,27,,0,0,0,none,0.4903468443530138,0,0.0,0
9122491,none,cycle,0,0.35,fixed,0,27,25,1,1,1,none,0.03782282416698645,30,0.23940847213260408,35
9122491,motor,cycle,0,0.35,fixed,1,27,25,1,1,1,motor,0.053935986581341334,30,0.2699036601882151,35
9122491,external,cycle,0,0.35,fixed,1,27,25,1,0,0,undetermined,0.04124086164737871,30,0.23722746882465076,35
9122491,sensor,cycle,0,0.35,fixed,1,27,25,1,0,0,undetermined,0.03782282416698645,30,0.23940847213260408,35
9122491,motor_external,cycle,0,0.35,fixed,1,27,25,1,0,0,undetermined,0.059450845652562256,30,0.2819344476625454,35
9122491,external_sensor,cycle,0,0.35,fixed,1,27,25,1,0,0,undetermined,0.04124086164737871,30,0.23722746882465076,35
9122491,nonlinear,cycle,0,0.35,fixed,1,27,25,1,0,0,unknown,0.3733976871266841,30,0.49348457691838893,35
9122491,none,cycle,0,0.35,calibrated,0,27,,0,1,0,none,0.024721638808833886,30,0.0,0
9122491,motor,cycle,0,0.35,calibrated,1,27,30,1,1,1,motor,0.04345726712050942,30,0.23880959595781043,30
9122491,external,cycle,0,0.35,calibrated,1,27,,0,0,0,none,0.8313381156739842,30,0.0,0
9122491,sensor,cycle,0,0.35,calibrated,1,27,,0,0,0,none,0.024721638808833886,30,0.0,0
9122491,motor_external,cycle,0,0.35,calibrated,1,27,29,1,0,0,undetermined,0.042429205796330374,30,0.23745951995106934,31
9122491,external_sensor,cycle,0,0.35,calibrated,1,27,28,1,0,0,undetermined,0.04136221805854738,30,0.23619814559407706,32
9122491,nonlinear,cycle,0,0.35,calibrated,1,27,,0,0,0,none,0.4903468443530138,30,0.0,0
9122491,none,adaptive,1,0.65,fixed,0,27,24,1,0,0,unknown,0.08705608727550306,27,0.8707333347738468,36
9122491,motor,adaptive,1,0.65,fixed,1,27,24,1,0,0,unknown,0.0748012734319258,27,0.9595884808332849,36
9122491,external,adaptive,1,0.65,fixed,1,27,24,1,0,0,unknown,0.11967790518527095,27,0.8804574712887875,36
9122491,sensor,adaptive,1,0.65,fixed,1,27,24,1,0,0,unknown,0.08705608727550306,27,0.8707333347738468,36
9122491,motor_external,adaptive,1,0.65,fixed,1,27,24,1,0,0,unknown,0.10539709860089794,27,0.9556591880080814,36
9122491,external_sensor,adaptive,1,0.65,fixed,1,27,24,1,0,0,unknown,0.11967790518527095,27,0.8804574712887875,36
9122491,nonlinear,adaptive,1,0.65,fixed,1,27,24,1,0,0,unknown,0.39533272162698435,27,1.2517214390422342,36
9122491,none,adaptive,1,0.65,calibrated,0,27,,0,1,0,none,0.08526442772842704,0,0.0,0
9122491,motor,adaptive,1,0.65,calibrated,1,27,,0,0,0,none,1.772936039496375,0,0.0,0
9122491,external,adaptive,1,0.65,calibrated,1,27,,0,0,0,none,0.8889807419065633,0,0.0,0
9122491,sensor,adaptive,1,0.65,calibrated,1,27,,0,0,0,none,0.08526442772842704,0,0.0,0
9122491,motor_external,adaptive,1,0.65,calibrated,1,27,,0,0,0,none,2.576652353674511,0,0.0,0
9122491,external_sensor,adaptive,1,0.65,calibrated,1,27,,0,0,0,none,0.8889807419065633,0,0.0,0
9122491,nonlinear,adaptive,1,0.65,calibrated,1,27,,0,0,0,none,0.472568380881904,0,0.0,0
9122491,none,cycle,1,0.65,fixed,0,27,24,1,0,0,unknown,0.134671322955346,30,0.8338615418758183,36
9122491,motor,cycle,1,0.65,fixed,1,27,24,1,0,0,unknown,0.17472320083161388,30,0.974314913365852,36
9122491,external,cycle,1,0.65,fixed,1,27,24,1,0,0,unknown,0.14952492262946154,30,0.8605930122993858,36
9122491,sensor,cycle,1,0.65,fixed,1,27,24,1,0,0,unknown,0.134671322955346,30,0.8338615418758183,36
9122491,motor_external,cycle,1,0.65,fixed,1,27,24,1,0,0,unknown,0.20121756036255314,30,1.0735408912013173,36
9122491,external_sensor,cycle,1,0.65,fixed,1,27,24,1,0,0,unknown,0.14952492262946154,30,0.8605930122993858,36
9122491,nonlinear,cycle,1,0.65,fixed,1,27,24,1,0,0,unknown,0.4701227826765961,30,1.0225906425608402,36
9122491,none,cycle,1,0.65,calibrated,0,27,,0,1,0,none,0.08526442772842704,30,0.0,0
9122491,motor,cycle,1,0.65,calibrated,1,27,,0,0,0,none,1.772936039496375,30,0.0,0
9122491,external,cycle,1,0.65,calibrated,1,27,,0,0,0,none,0.8889807419065633,30,0.0,0
9122491,sensor,cycle,1,0.65,calibrated,1,27,,0,0,0,none,0.08526442772842704,30,0.0,0
9122491,motor_external,cycle,1,0.65,calibrated,1,27,,0,0,0,none,2.576652353674511,30,0.0,0
9122491,external_sensor,cycle,1,0.65,calibrated,1,27,,0,0,0,none,0.8889807419065633,30,0.0,0
9122491,nonlinear,cycle,1,0.65,calibrated,1,27,,0,0,0,none,0.472568380881904,30,0.0,0
9122491,none,adaptive,0,0.65,fixed,0,27,24,1,0,0,unknown,0.08705608727550306,27,0.8707333347738468,36
9122491,motor,adaptive,0,0.65,fixed,1,27,24,1,0,0,unknown,0.0748012734319258,27,0.9595884808332849,36
9122491,external,adaptive,0,0.65,fixed,1,27,24,1,0,0,unknown,0.11967790518527095,27,0.8804574712887875,36
9122491,sensor,adaptive,0,0.65,fixed,1,27,24,1,0,0,unknown,0.08705608727550306,27,0.8707333347738468,36
9122491,motor_external,adaptive,0,0.65,fixed,1,27,24,1,0,0,unknown,0.10539709860089794,27,0.9556591880080814,36
9122491,external_sensor,adaptive,0,0.65,fixed,1,27,24,1,0,0,unknown,0.11967790518527095,27,0.8804574712887875,36
9122491,nonlinear,adaptive,0,0.65,fixed,1,27,24,1,0,0,unknown,0.39533272162698435,27,1.2517214390422342,36
9122491,none,adaptive,0,0.65,calibrated,0,27,,0,1,0,none,0.08526442772842704,0,0.0,0
9122491,motor,adaptive,0,0.65,calibrated,1,27,,0,0,0,none,1.772936039496375,0,0.0,0
9122491,external,adaptive,0,0.65,calibrated,1,27,,0,0,0,none,0.8889807419065633,0,0.0,0
9122491,sensor,adaptive,0,0.65,calibrated,1,27,,0,0,0,none,0.08526442772842704,0,0.0,0
9122491,motor_external,adaptive,0,0.65,calibrated,1,27,,0,0,0,none,2.576652353674511,0,0.0,0
9122491,external_sensor,adaptive,0,0.65,calibrated,1,27,,0,0,0,none,0.8889807419065633,0,0.0,0
9122491,nonlinear,adaptive,0,0.65,calibrated,1,27,,0,0,0,none,0.472568380881904,0,0.0,0
9122491,none,cycle,0,0.65,fixed,0,27,25,1,0,0,unknown,0.1304501486575654,30,0.8257149344981654,35
9122491,motor,cycle,0,0.65,fixed,1,27,25,1,0,0,unknown,0.15547663395769407,30,0.8382672225198102,35
9122491,external,cycle,0,0.65,fixed,1,27,25,1,0,0,unknown,0.13311396753514512,30,0.7856749954102171,35
9122491,sensor,cycle,0,0.65,fixed,1,27,25,1,0,0,unknown,0.1304501486575654,30,0.8257149344981654,35
9122491,motor_external,cycle,0,0.65,fixed,1,27,25,1,0,0,unknown,0.1602372744261025,30,0.8124390742141455,35
9122491,external_sensor,cycle,0,0.65,fixed,1,27,25,1,0,0,unknown,0.13311396753514512,30,0.7856749954102171,35
9122491,nonlinear,cycle,0,0.65,fixed,1,27,25,1,0,0,unknown,0.4660034655827182,30,1.014713414814623,35
9122491,none,cycle,0,0.65,calibrated,0,27,,0,1,0,none,0.08526442772842704,30,0.0,0
9122491,motor,cycle,0,0.65,calibrated,1,27,,0,0,0,none,1.772936039496375,30,0.0,0
9122491,external,cycle,0,0.65,calibrated,1,27,,0,0,0,none,0.8889807419065633,30,0.0,0
9122491,sensor,cycle,0,0.65,calibrated,1,27,,0,0,0,none,0.08526442772842704,30,0.0,0
9122491,motor_external,cycle,0,0.65,calibrated,1,27,,0,0,0,none,2.576652353674511,30,0.0,0
9122491,external_sensor,cycle,0,0.65,calibrated,1,27,,0,0,0,none,0.8889807419065633,30,0.0,0
9122491,nonlinear,cycle,0,0.65,calibrated,1,27,,0,0,0,none,0.472568380881904,30,0.0,0
