seed,condition,ntrain,test_corruption,model,mse,ridge_alpha,feature_dimensions_excluding_bias
310007,shared,120,0,action_only,0.9635571155024925,1.0,2
310007,shared,120,0,raw_ridge,0.5373946170044118,100.0,50
310007,shared,120,0,joint_pca4,0.523905102615913,10.0,6
310007,shared,120,0,split_pca4,0.5354587075325812,10.0,6
310007,shared,120,0,random_projection4,0.6979836267012839,10.0,6
310007,shared,120,0,joint_pca8,0.5273329788570561,100.0,10
310007,shared,120,0,split_pca8,0.5292043469028372,100.0,10
310007,shared,120,0,target_shuffled_joint_pca4,1.0387630785270312,100.0,6
310007,shared,120,0,supervised_rank4,0.5322376488272428,100.0,6
310007,shared,120,1,action_only,0.9635571155024925,1.0,2
310007,shared,120,1,raw_ridge,0.7180891933927647,100.0,50
310007,shared,120,1,joint_pca4,0.6369891194070374,10.0,6
310007,shared,120,1,split_pca4,0.8620914511372189,10.0,6
310007,shared,120,1,random_projection4,1.2157446844802395,10.0,6
310007,shared,120,1,joint_pca8,0.6228817181907133,100.0,10
310007,shared,120,1,split_pca8,0.6464588339330448,100.0,10
310007,shared,120,1,target_shuffled_joint_pca4,1.0938072852564218,100.0,6
310007,shared,120,1,supervised_rank4,0.6570716171298032,100.0,6
311016,shared,120,0,action_only,0.9945361166089892,10.0,2
311016,shared,120,0,raw_ridge,0.45687582017086603,100.0,50
311016,shared,120,0,joint_pca4,0.42032708344589165,10.0,6
311016,shared,120,0,split_pca4,0.4634899305988742,10.0,6
311016,shared,120,0,random_projection4,0.7736535582923134,10.0,6
311016,shared,120,0,joint_pca8,0.4327150142176609,10.0,10
311016,shared,120,0,split_pca8,0.4307758570390708,10.0,10
311016,shared,120,0,target_shuffled_joint_pca4,1.1273188450905245,100.0,6
311016,shared,120,0,supervised_rank4,0.4553359118921389,100.0,6
311016,shared,120,1,action_only,0.9945361166089892,10.0,2
311016,shared,120,1,raw_ridge,0.6548365422020228,100.0,50
311016,shared,120,1,joint_pca4,0.5547770300136793,10.0,6
311016,shared,120,1,split_pca4,1.1394621199297792,10.0,6
311016,shared,120,1,random_projection4,1.319710437356325,10.0,6
311016,shared,120,1,joint_pca8,0.7277486710053751,10.0,10
311016,shared,120,1,split_pca8,0.653825125266618,10.0,10
311016,shared,120,1,target_shuffled_joint_pca4,1.16233566120237,100.0,6
311016,shared,120,1,supervised_rank4,0.6149255220042809,100.0,6
312025,shared,120,0,action_only,1.1609196262600097,10.0,2
312025,shared,120,0,raw_ridge,0.6341659402460048,100.0,50
312025,shared,120,0,joint_pca4,0.5870162263879752,10.0,6
312025,shared,120,0,split_pca4,0.616576478757739,10.0,6
312025,shared,120,0,random_projection4,0.8516558238931531,1.0,6
312025,shared,120,0,joint_pca8,0.5948284094587687,10.0,10
312025,shared,120,0,split_pca8,0.6023306278759408,10.0,10
312025,shared,120,0,target_shuffled_joint_pca4,1.418076735404343,100.0,6
312025,shared,120,0,supervised_rank4,0.6237132871819983,100.0,6
312025,shared,120,1,action_only,1.1609196262600097,10.0,2
312025,shared,120,1,raw_ridge,0.852224083288033,100.0,50
312025,shared,120,1,joint_pca4,0.7083417576491913,10.0,6
312025,shared,120,1,split_pca4,0.8323895978679048,10.0,6
312025,shared,120,1,random_projection4,1.4651794587114024,1.0,6
312025,shared,120,1,joint_pca8,0.8001740384623576,10.0,10
312025,shared,120,1,split_pca8,0.8319724142878272,10.0,10
312025,shared,120,1,target_shuffled_joint_pca4,1.4289839962909197,100.0,6
312025,shared,120,1,supervised_rank4,0.7713737214580836,100.0,6
313034,shared,120,0,action_only,1.0612702061150705,10.0,2
313034,shared,120,0,raw_ridge,0.641720102420642,100.0,50
313034,shared,120,0,joint_pca4,0.5931036929858565,10.0,6
313034,shared,120,0,split_pca4,0.720616430948749,10.0,6
313034,shared,120,0,random_projection4,0.7890608415675021,10.0,6
313034,shared,120,0,joint_pca8,0.6048087647841784,10.0,10
313034,shared,120,0,split_pca8,0.6285579061605503,100.0,10
313034,shared,120,0,target_shuffled_joint_pca4,1.1751315471033352,100.0,6
313034,shared,120,0,supervised_rank4,0.6367577870163007,100.0,6
313034,shared,120,1,action_only,1.0612702061150705,10.0,2
313034,shared,120,1,raw_ridge,0.9644081040916627,100.0,50
313034,shared,120,1,joint_pca4,0.8652068137108408,10.0,6
313034,shared,120,1,split_pca4,1.517470036300603,10.0,6
313034,shared,120,1,random_projection4,1.8160807485994612,10.0,6
313034,shared,120,1,joint_pca8,1.0049990770307111,10.0,10
313034,shared,120,1,split_pca8,0.8454977935523756,100.0,10
313034,shared,120,1,target_shuffled_joint_pca4,1.2025513265737802,100.0,6
313034,shared,120,1,supervised_rank4,0.8589898339911822,100.0,6
314043,shared,120,0,action_only,1.0121612810033824,10.0,2
314043,shared,120,0,raw_ridge,0.5889504837160726,100.0,50
314043,shared,120,0,joint_pca4,0.5559876028581442,10.0,6
314043,shared,120,0,split_pca4,0.5929477961848529,10.0,6
314043,shared,120,0,random_projection4,0.7822249874213952,1.0,6
314043,shared,120,0,joint_pca8,0.5626667900853374,10.0,10
314043,shared,120,0,split_pca8,0.5756754343063912,10.0,10
314043,shared,120,0,target_shuffled_joint_pca4,1.1433800374795702,100.0,6
314043,shared,120,0,supervised_rank4,0.5840371283938282,100.0,6
314043,shared,120,1,action_only,1.0121612810033824,10.0,2
314043,shared,120,1,raw_ridge,0.7806783934143576,100.0,50
314043,shared,120,1,joint_pca4,0.6591868702286419,10.0,6
314043,shared,120,1,split_pca4,0.8994957050513045,10.0,6
314043,shared,120,1,random_projection4,1.38938165297682,1.0,6
314043,shared,120,1,joint_pca8,0.769139242148403,10.0,10
314043,shared,120,1,split_pca8,0.8736935313531777,10.0,10
314043,shared,120,1,target_shuffled_joint_pca4,1.1591371595754845,100.0,6
314043,shared,120,1,supervised_rank4,0.6962654226136838,100.0,6
315052,shared,120,0,action_only,0.8664632344272586,100.0,2
315052,shared,120,0,raw_ridge,0.44243028303194365,100.0,50
315052,shared,120,0,joint_pca4,0.4302533830016309,10.0,6
315052,shared,120,0,split_pca4,0.4539250269629316,10.0,6
315052,shared,120,0,random_projection4,0.5767286386896773,10.0,6
315052,shared,120,0,joint_pca8,0.4365671824098862,100.0,10
315052,shared,120,0,split_pca8,0.4375981278926165,100.0,10
315052,shared,120,0,target_shuffled_joint_pca4,0.9658502226019537,100.0,6
315052,shared,120,0,supervised_rank4,0.43931600649232555,100.0,6
315052,shared,120,1,action_only,0.8664632344272586,100.0,2
315052,shared,120,1,raw_ridge,0.5404227107317766,100.0,50
315052,shared,120,1,joint_pca4,0.5017196384770332,10.0,6
315052,shared,120,1,split_pca4,0.625393638262682,10.0,6
315052,shared,120,1,random_projection4,1.0106352968001986,10.0,6
315052,shared,120,1,joint_pca8,0.5161560356838668,100.0,10
315052,shared,120,1,split_pca8,0.5094771762165206,100.0,10
315052,shared,120,1,target_shuffled_joint_pca4,0.9700268459436377,100.0,6
315052,shared,120,1,supervised_rank4,0.5025840338027653,100.0,6
316061,shared,120,0,action_only,0.999039073035855,100.0,2
316061,shared,120,0,raw_ridge,0.5771091029938489,100.0,50
316061,shared,120,0,joint_pca4,0.5637933048071047,100.0,6
316061,shared,120,0,split_pca4,0.6130113810502689,100.0,6
316061,shared,120,0,random_projection4,0.7567235706659785,10.0,6
316061,shared,120,0,joint_pca8,0.5663560398455195,100.0,10
316061,shared,120,0,split_pca8,0.5692058405965341,100.0,10
316061,shared,120,0,target_shuffled_joint_pca4,1.0796516357063028,100.0,6
316061,shared,120,0,supervised_rank4,0.5695685974501433,100.0,6
316061,shared,120,1,action_only,0.999039073035855,100.0,2
316061,shared,120,1,raw_ridge,0.7789035347052886,100.0,50
316061,shared,120,1,joint_pca4,0.6657903433391276,100.0,6
316061,shared,120,1,split_pca4,1.0183497496733231,100.0,6
316061,shared,120,1,random_projection4,1.5831607182498186,10.0,6
316061,shared,120,1,joint_pca8,0.6909979641084054,100.0,10
316061,shared,120,1,split_pca8,0.7278059510066635,100.0,10
316061,shared,120,1,target_shuffled_joint_pca4,1.0866063555645666,100.0,6
316061,shared,120,1,supervised_rank4,0.7113465665203195,100.0,6
317070,shared,120,0,action_only,1.0974657313474867,0.01,2
317070,shared,120,0,raw_ridge,0.4490793320915614,100.0,50
317070,shared,120,0,joint_pca4,0.3989363803455559,1.0,6
317070,shared,120,0,split_pca4,0.4236444586564182,1.0,6
317070,shared,120,0,random_projection4,0.5324420159686961,1.0,6
317070,shared,120,0,joint_pca8,0.4070119386642377,1.0,10
317070,shared,120,0,split_pca8,0.40870398978490496,10.0,10
317070,shared,120,0,target_shuffled_joint_pca4,1.3169538473353293,100.0,6
317070,shared,120,0,supervised_rank4,0.44869462376445124,100.0,6
317070,shared,120,1,action_only,1.0974657313474867,0.01,2
317070,shared,120,1,raw_ridge,0.5623400388892837,100.0,50
317070,shared,120,1,joint_pca4,0.4764976034874939,1.0,6
317070,shared,120,1,split_pca4,0.7471077228914399,1.0,6
317070,shared,120,1,random_projection4,1.0442657053420756,1.0,6
317070,shared,120,1,joint_pca8,0.556802530411006,1.0,10
317070,shared,120,1,split_pca8,0.561788430103042,10.0,10
317070,shared,120,1,target_shuffled_joint_pca4,1.327096012389144,100.0,6
317070,shared,120,1,supervised_rank4,0.5311161818427839,100.0,6
318079,shared,120,0,action_only,0.9205480250501393,10.0,2
318079,shared,120,0,raw_ridge,0.4678788476088218,100.0,50
318079,shared,120,0,joint_pca4,0.43638756785742117,1.0,6
318079,shared,120,0,split_pca4,0.45444755712462365,10.0,6
318079,shared,120,0,random_projection4,0.5948673975625056,0.01,6
318079,shared,120,0,joint_pca8,0.4446206267924754,10.0,10
318079,shared,120,0,split_pca8,0.44612331747681977,10.0,10
318079,shared,120,0,target_shuffled_joint_pca4,1.1270869983856724,100.0,6
318079,shared,120,0,supervised_rank4,0.46341468317574397,100.0,6
318079,shared,120,1,action_only,0.9205480250501393,10.0,2
318079,shared,120,1,raw_ridge,0.5805352015853862,100.0,50
318079,shared,120,1,joint_pca4,0.5300114810733284,1.0,6
318079,shared,120,1,split_pca4,0.8793597174827111,10.0,6
318079,shared,120,1,random_projection4,1.2075964409267956,0.01,6
318079,shared,120,1,joint_pca8,0.5409927294611666,10.0,10
318079,shared,120,1,split_pca8,0.5796205108183076,10.0,10
318079,shared,120,1,target_shuffled_joint_pca4,1.136495826893188,100.0,6
318079,shared,120,1,supervised_rank4,0.5402724815610647,100.0,6
319088,shared,120,0,action_only,1.1678567405875533,0.01,2
319088,shared,120,0,raw_ridge,0.5459017065601444,100.0,50
319088,shared,120,0,joint_pca4,0.5049793890421379,0.01,6
319088,shared,120,0,split_pca4,0.5686367432298096,0.01,6
319088,shared,120,0,random_projection4,0.6974547496932983,0.01,6
319088,shared,120,0,joint_pca8,0.5160735188674668,10.0,10
319088,shared,120,0,split_pca8,0.5175619325628634,10.0,10
319088,shared,120,0,target_shuffled_joint_pca4,1.4837765305218757,100.0,6
319088,shared,120,0,supervised_rank4,0.5413997953469412,100.0,6
319088,shared,120,1,action_only,1.1678567405875533,0.01,2
319088,shared,120,1,raw_ridge,0.6982698510959336,100.0,50
319088,shared,120,1,joint_pca4,0.627818073478896,0.01,6
319088,shared,120,1,split_pca4,0.9080899812959684,0.01,6
319088,shared,120,1,random_projection4,1.3054168137338087,0.01,6
319088,shared,120,1,joint_pca8,0.700619755029742,10.0,10
319088,shared,120,1,split_pca8,0.711437366029007,10.0,10
319088,shared,120,1,target_shuffled_joint_pca4,1.5072218530196702,100.0,6
319088,shared,120,1,supervised_rank4,0.6386914501756339,100.0,6
320097,shared,120,0,action_only,1.1749280542900098,100.0,2
320097,shared,120,0,raw_ridge,0.6688077032431412,100.0,50
320097,shared,120,0,joint_pca4,0.654375615365226,100.0,6
320097,shared,120,0,split_pca4,0.7459152512750544,1.0,6
320097,shared,120,0,random_projection4,0.8988942729863453,10.0,6
320097,shared,120,0,joint_pca8,0.6557424957523028,100.0,10
320097,shared,120,0,split_pca8,0.6552499059231314,100.0,10
320097,shared,120,0,target_shuffled_joint_pca4,1.2319810969511715,100.0,6
320097,shared,120,0,supervised_rank4,0.6638410158422289,100.0,6
320097,shared,120,1,action_only,1.1749280542900098,100.0,2
320097,shared,120,1,raw_ridge,0.8969541108737091,100.0,50
320097,shared,120,1,joint_pca4,0.7502805698222857,100.0,6
320097,shared,120,1,split_pca4,1.5065601609492667,1.0,6
320097,shared,120,1,random_projection4,1.304808037291175,10.0,6
320097,shared,120,1,joint_pca8,0.777624034546371,100.0,10
320097,shared,120,1,split_pca8,0.7853075008614951,100.0,10
320097,shared,120,1,target_shuffled_joint_pca4,1.234686522652446,100.0,6
320097,shared,120,1,supervised_rank4,0.8177494758176569,100.0,6
321106,shared,120,0,action_only,0.9616684222233803,10.0,2
321106,shared,120,0,raw_ridge,0.6132542382463955,100.0,50
321106,shared,120,0,joint_pca4,0.5771050252849715,10.0,6
321106,shared,120,0,split_pca4,0.6713701896303871,1.0,6
321106,shared,120,0,random_projection4,0.8194951468880152,10.0,6
321106,shared,120,0,joint_pca8,0.590050025744503,10.0,10
321106,shared,120,0,split_pca8,0.6017064489167181,10.0,10
321106,shared,120,0,target_shuffled_joint_pca4,1.0745787610979278,100.0,6
321106,shared,120,0,supervised_rank4,0.605023934480982,100.0,6
321106,shared,120,1,action_only,0.9616684222233803,10.0,2
321106,shared,120,1,raw_ridge,0.8262997405751034,100.0,50
321106,shared,120,1,joint_pca4,0.6788416548727574,10.0,6
321106,shared,120,1,split_pca4,1.0920231665543267,1.0,6
321106,shared,120,1,random_projection4,1.5491954243058321,10.0,6
321106,shared,120,1,joint_pca8,0.7657407737348018,10.0,10
321106,shared,120,1,split_pca8,0.9209372297099242,10.0,10
321106,shared,120,1,target_shuffled_joint_pca4,1.1034518986320798,100.0,6
321106,shared,120,1,supervised_rank4,0.7395544983811754,100.0,6
322115,shared,120,0,action_only,1.090385486128541,1.0,2
322115,shared,120,0,raw_ridge,0.6070390168685577,100.0,50
322115,shared,120,0,joint_pca4,0.5795266649710294,10.0,6
322115,shared,120,0,split_pca4,0.5924914734328096,10.0,6
322115,shared,120,0,random_projection4,0.8668658865268678,10.0,6
322115,shared,120,0,joint_pca8,0.5930817235095228,10.0,10
322115,shared,120,0,split_pca8,0.5979184731328145,100.0,10
322115,shared,120,0,target_shuffled_joint_pca4,1.1875191513737715,100.0,6
322115,shared,120,0,supervised_rank4,0.6015073446683761,100.0,6
322115,shared,120,1,action_only,1.090385486128541,1.0,2
322115,shared,120,1,raw_ridge,0.764597818542413,100.0,50
322115,shared,120,1,joint_pca4,0.6766826787619538,10.0,6
322115,shared,120,1,split_pca4,0.8519950773311687,10.0,6
322115,shared,120,1,random_projection4,1.2210832134010012,10.0,6
322115,shared,120,1,joint_pca8,0.7191961943907771,10.0,10
322115,shared,120,1,split_pca8,0.6973220717075486,100.0,10
322115,shared,120,1,target_shuffled_joint_pca4,1.1922458095798376,100.0,6
322115,shared,120,1,supervised_rank4,0.7163742975243963,100.0,6
323124,shared,120,0,action_only,0.9529004577366731,10.0,2
323124,shared,120,0,raw_ridge,0.659922712270112,100.0,50
323124,shared,120,0,joint_pca4,0.6408992315344019,10.0,6
323124,shared,120,0,split_pca4,0.6641896094845707,10.0,6
323124,shared,120,0,random_projection4,0.7981724390951785,10.0,6
323124,shared,120,0,joint_pca8,0.6455313175154067,100.0,10
323124,shared,120,0,split_pca8,0.6478979783490388,100.0,10
323124,shared,120,0,target_shuffled_joint_pca4,1.0632611916557753,100.0,6
323124,shared,120,0,supervised_rank4,0.6534007065106665,100.0,6
323124,shared,120,1,action_only,0.9529004577366731,10.0,2
323124,shared,120,1,raw_ridge,0.9265727912946157,100.0,50
323124,shared,120,1,joint_pca4,0.781942208670776,10.0,6
323124,shared,120,1,split_pca4,1.1259346550683729,10.0,6
323124,shared,120,1,random_projection4,1.3130591685659438,10.0,6
323124,shared,120,1,joint_pca8,0.8089817003863549,100.0,10
323124,shared,120,1,split_pca8,0.7849561669453247,100.0,10
323124,shared,120,1,target_shuffled_joint_pca4,1.0735937064243557,100.0,6
323124,shared,120,1,supervised_rank4,0.8102541589826842,100.0,6
324133,shared,120,0,action_only,0.9081347363634895,10.0,2
324133,shared,120,0,raw_ridge,0.49569156327671976,100.0,50
324133,shared,120,0,joint_pca4,0.47558163372055745,10.0,6
324133,shared,120,0,split_pca4,0.4876892504097043,10.0,6
324133,shared,120,0,random_projection4,0.6997869424547113,10.0,6
324133,shared,120,0,joint_pca8,0.4842852022644763,100.0,10
324133,shared,120,0,split_pca8,0.48547337820779085,100.0,10
324133,shared,120,0,target_shuffled_joint_pca4,0.9842552993239098,100.0,6
324133,shared,120,0,supervised_rank4,0.48803113611939175,100.0,6
324133,shared,120,1,action_only,0.9081347363634895,10.0,2
324133,shared,120,1,raw_ridge,0.7334956689305999,100.0,50
324133,shared,120,1,joint_pca4,0.5818944693983199,10.0,6
324133,shared,120,1,split_pca4,0.9534443442224161,10.0,6
324133,shared,120,1,random_projection4,1.3855128172063056,10.0,6
324133,shared,120,1,joint_pca8,0.5990727044991749,100.0,10
324133,shared,120,1,split_pca8,0.6073918825679009,100.0,10
324133,shared,120,1,target_shuffled_joint_pca4,0.9963116330563693,100.0,6
324133,shared,120,1,supervised_rank4,0.6689840192896837,100.0,6
325142,shared,120,0,action_only,1.0851453844988783,0.01,2
325142,shared,120,0,raw_ridge,0.6531963019562915,100.0,50
325142,shared,120,0,joint_pca4,0.6061786551524934,1.0,6
325142,shared,120,0,split_pca4,0.6606061634593233,10.0,6
325142,shared,120,0,random_projection4,0.8617606552500889,0.01,6
325142,shared,120,0,joint_pca8,0.6219814987044949,10.0,10
325142,shared,120,0,split_pca8,0.6222813787078413,10.0,10
325142,shared,120,0,target_shuffled_joint_pca4,1.2129911723190623,100.0,6
325142,shared,120,0,supervised_rank4,0.6483829921374636,100.0,6
325142,shared,120,1,action_only,1.0851453844988783,0.01,2
325142,shared,120,1,raw_ridge,0.8763222974926376,100.0,50
325142,shared,120,1,joint_pca4,0.7656141099431986,1.0,6
325142,shared,120,1,split_pca4,1.1333814497078571,10.0,6
325142,shared,120,1,random_projection4,1.8352245332410748,0.01,6
325142,shared,120,1,joint_pca8,0.8254879312393067,10.0,10
325142,shared,120,1,split_pca8,0.9394343254197594,10.0,10
325142,shared,120,1,target_shuffled_joint_pca4,1.226306493391317,100.0,6
325142,shared,120,1,supervised_rank4,0.7674323923291941,100.0,6
326151,shared,120,0,action_only,0.9322406796153349,10.0,2
326151,shared,120,0,raw_ridge,0.4342925290037683,100.0,50
326151,shared,120,0,joint_pca4,0.40223269604235445,10.0,6
326151,shared,120,0,split_pca4,0.4121200456622102,10.0,6
326151,shared,120,0,random_projection4,0.5020843791236101,0.01,6
326151,shared,120,0,joint_pca8,0.407944385824121,10.0,10
326151,shared,120,0,split_pca8,0.40956085344255005,10.0,10
326151,shared,120,0,target_shuffled_joint_pca4,1.0327829733505571,100.0,6
326151,shared,120,0,supervised_rank4,0.43153446376995325,100.0,6
326151,shared,120,1,action_only,0.9322406796153349,10.0,2
326151,shared,120,1,raw_ridge,0.5386800909239584,100.0,50
326151,shared,120,1,joint_pca4,0.4924397049012144,10.0,6
326151,shared,120,1,split_pca4,0.7037978979924089,10.0,6
326151,shared,120,1,random_projection4,1.3059966031755872,0.01,6
326151,shared,120,1,joint_pca8,0.5226167755458241,10.0,10
326151,shared,120,1,split_pca8,0.557200030501509,10.0,10
326151,shared,120,1,target_shuffled_joint_pca4,1.0608317001267011,100.0,6
326151,shared,120,1,supervised_rank4,0.5119450891020125,100.0,6
327160,shared,120,0,action_only,0.80082861281778,100.0,2
327160,shared,120,0,raw_ridge,0.41032278688007967,100.0,50
327160,shared,120,0,joint_pca4,0.394889131918295,10.0,6
327160,shared,120,0,split_pca4,0.45983077078900436,10.0,6
327160,shared,120,0,random_projection4,0.6004294408142616,10.0,6
327160,shared,120,0,joint_pca8,0.40472248495479496,100.0,10
327160,shared,120,0,split_pca8,0.40361538887970716,10.0,10
327160,shared,120,0,target_shuffled_joint_pca4,0.9386295877045653,100.0,6
327160,shared,120,0,supervised_rank4,0.4072265160462128,100.0,6
327160,shared,120,1,action_only,0.80082861281778,100.0,2
327160,shared,120,1,raw_ridge,0.4954590603697301,100.0,50
327160,shared,120,1,joint_pca4,0.4675746607934776,10.0,6
327160,shared,120,1,split_pca4,0.8093612801199785,10.0,6
327160,shared,120,1,random_projection4,0.8909938362702061,10.0,6
327160,shared,120,1,joint_pca8,0.469190061760509,100.0,10
327160,shared,120,1,split_pca8,0.5978838608399154,10.0,10
327160,shared,120,1,target_shuffled_joint_pca4,0.9411396769682124,100.0,6
327160,shared,120,1,supervised_rank4,0.47159795331202947,100.0,6
328169,shared,120,0,action_only,1.0394817146660986,0.01,2
328169,shared,120,0,raw_ridge,0.5094718985726566,100.0,50
328169,shared,120,0,joint_pca4,0.4678918537045959,10.0,6
328169,shared,120,0,split_pca4,0.4899164599161476,0.01,6
328169,shared,120,0,random_projection4,0.6856770492399976,0.01,6
328169,shared,120,0,joint_pca8,0.47466387743141764,10.0,10
328169,shared,120,0,split_pca8,0.47966330481864883,10.0,10
328169,shared,120,0,target_shuffled_joint_pca4,1.1898801777660575,100.0,6
328169,shared,120,0,supervised_rank4,0.506424176477804,100.0,6
328169,shared,120,1,action_only,1.0394817146660986,0.01,2
328169,shared,120,1,raw_ridge,0.6593644722904369,100.0,50
328169,shared,120,1,joint_pca4,0.598703965482303,10.0,6
328169,shared,120,1,split_pca4,0.8011500661563526,0.01,6
328169,shared,120,1,random_projection4,1.3264012727035053,0.01,6
328169,shared,120,1,joint_pca8,0.6496004488421848,10.0,10
328169,shared,120,1,split_pca8,0.7628235747981414,10.0,10
328169,shared,120,1,target_shuffled_joint_pca4,1.2144960342589317,100.0,6
328169,shared,120,1,supervised_rank4,0.6077651725396997,100.0,6
329178,shared,120,0,action_only,0.9693986245527361,100.0,2
329178,shared,120,0,raw_ridge,0.5015167077225643,100.0,50
329178,shared,120,0,joint_pca4,0.4792816978398079,10.0,6
329178,shared,120,0,split_pca4,0.4913922611647669,10.0,6
329178,shared,120,0,random_projection4,0.6845260410399772,10.0,6
329178,shared,120,0,joint_pca8,0.48910708070886993,10.0,10
329178,shared,120,0,split_pca8,0.4922954646099042,10.0,10
329178,shared,120,0,target_shuffled_joint_pca4,1.1000355967690332,100.0,6
329178,shared,120,0,supervised_rank4,0.49717447835113476,100.0,6
329178,shared,120,1,action_only,0.9693986245527361,100.0,2
329178,shared,120,1,raw_ridge,0.6616947855170204,100.0,50
329178,shared,120,1,joint_pca4,0.5809044331948009,10.0,6
329178,shared,120,1,split_pca4,0.7870593028679069,10.0,6
329178,shared,120,1,random_projection4,1.2151877280146215,10.0,6
329178,shared,120,1,joint_pca8,0.6334370448242213,10.0,10
329178,shared,120,1,split_pca8,0.6852335471857417,10.0,10
329178,shared,120,1,target_shuffled_joint_pca4,1.109488533769378,100.0,6
329178,shared,120,1,supervised_rank4,0.5975635033969328,100.0,6
330187,shared,120,0,action_only,1.3495769815357928,10.0,2
330187,shared,120,0,raw_ridge,0.7376291630698018,100.0,50
330187,shared,120,0,joint_pca4,0.6690790975884153,1.0,6
330187,shared,120,0,split_pca4,0.7492708559803047,0.01,6
330187,shared,120,0,random_projection4,0.9718257357396867,1.0,6
330187,shared,120,0,joint_pca8,0.6866842318834913,10.0,10
330187,shared,120,0,split_pca8,0.6867474288960965,10.0,10
330187,shared,120,0,target_shuffled_joint_pca4,1.4230011329969317,100.0,6
330187,shared,120,0,supervised_rank4,0.7261937772568703,100.0,6
330187,shared,120,1,action_only,1.3495769815357928,10.0,2
330187,shared,120,1,raw_ridge,1.0268255695360824,100.0,50
330187,shared,120,1,joint_pca4,0.7976547136715576,1.0,6
330187,shared,120,1,split_pca4,1.0979574016044853,0.01,6
330187,shared,120,1,random_projection4,1.7290419473047012,1.0,6
330187,shared,120,1,joint_pca8,0.9679163850492614,10.0,10
330187,shared,120,1,split_pca8,0.9846630024102931,10.0,10
330187,shared,120,1,target_shuffled_joint_pca4,1.4455137958393642,100.0,6
330187,shared,120,1,supervised_rank4,0.9036836199090132,100.0,6
331196,shared,120,0,action_only,1.0096908747307294,10.0,2
331196,shared,120,0,raw_ridge,0.5064656492834894,100.0,50
331196,shared,120,0,joint_pca4,0.4719823283930124,10.0,6
331196,shared,120,0,split_pca4,0.4986199552432317,10.0,6
331196,shared,120,0,random_projection4,0.6568011704811992,10.0,6
331196,shared,120,0,joint_pca8,0.4811555358692315,10.0,10
331196,shared,120,0,split_pca8,0.4854496999560399,10.0,10
331196,shared,120,0,target_shuffled_joint_pca4,1.1149623379546407,0.01,6
331196,shared,120,0,supervised_rank4,0.5026014838530497,100.0,6
331196,shared,120,1,action_only,1.0096908747307294,10.0,2
331196,shared,120,1,raw_ridge,0.696035159605599,100.0,50
331196,shared,120,1,joint_pca4,0.5850043195861179,10.0,6
331196,shared,120,1,split_pca4,0.9670441644444306,10.0,6
331196,shared,120,1,random_projection4,1.4978350947722274,10.0,6
331196,shared,120,1,joint_pca8,0.6437448816016753,10.0,10
331196,shared,120,1,split_pca8,0.7688864724484631,10.0,10
331196,shared,120,1,target_shuffled_joint_pca4,1.1275911724156589,0.01,6
331196,shared,120,1,supervised_rank4,0.6448534769167592,100.0,6
332205,shared,120,0,action_only,0.9591223610540963,0.01,2
332205,shared,120,0,raw_ridge,0.5215057487379353,100.0,50
332205,shared,120,0,joint_pca4,0.48538460649653453,0.01,6
332205,shared,120,0,split_pca4,0.5101090637015357,1.0,6
332205,shared,120,0,random_projection4,0.6111318600175153,10.0,6
332205,shared,120,0,joint_pca8,0.4940781592010408,10.0,10
332205,shared,120,0,split_pca8,0.49512787390167945,10.0,10
332205,shared,120,0,target_shuffled_joint_pca4,1.1154091952916,100.0,6
332205,shared,120,0,supervised_rank4,0.5177769239181774,100.0,6
332205,shared,120,1,action_only,0.9591223610540963,0.01,2
332205,shared,120,1,raw_ridge,0.674953009815748,100.0,50
332205,shared,120,1,joint_pca4,0.5784401445993939,0.01,6
332205,shared,120,1,split_pca4,0.9194565386997032,1.0,6
332205,shared,120,1,random_projection4,1.2509558157413747,10.0,6
332205,shared,120,1,joint_pca8,0.6657849792120617,10.0,10
332205,shared,120,1,split_pca8,0.689004496815267,10.0,10
332205,shared,120,1,target_shuffled_joint_pca4,1.117139278448294,100.0,6
332205,shared,120,1,supervised_rank4,0.6267284813304991,100.0,6
333214,shared,120,0,action_only,1.1331344371529362,0.01,2
333214,shared,120,0,raw_ridge,0.6770754026805338,100.0,50
333214,shared,120,0,joint_pca4,0.6303011571580525,1.0,6
333214,shared,120,0,split_pca4,0.696677809881392,1.0,6
333214,shared,120,0,random_projection4,0.8623085557861633,0.01,6
333214,shared,120,0,joint_pca8,0.6405158934902346,10.0,10
333214,shared,120,0,split_pca8,0.6416722646178376,10.0,10
333214,shared,120,0,target_shuffled_joint_pca4,1.1949083404960033,100.0,6
333214,shared,120,0,supervised_rank4,0.6696689356689185,100.0,6
333214,shared,120,1,action_only,1.1331344371529362,0.01,2
333214,shared,120,1,raw_ridge,0.9534285447189069,100.0,50
333214,shared,120,1,joint_pca4,0.7950959900821619,1.0,6
333214,shared,120,1,split_pca4,1.0964293813289288,1.0,6
333214,shared,120,1,random_projection4,1.6559024622306777,0.01,6
333214,shared,120,1,joint_pca8,0.9102193115586166,10.0,10
333214,shared,120,1,split_pca8,1.0015561574283638,10.0,10
333214,shared,120,1,target_shuffled_joint_pca4,1.216557683131934,100.0,6
333214,shared,120,1,supervised_rank4,0.8435493494531421,100.0,6
310007,shared,1000,0,action_only,0.9142781704211321,0.01,2
310007,shared,1000,0,raw_ridge,0.49830767559542083,100.0,50
310007,shared,1000,0,joint_pca4,0.49096317178249127,10.0,6
310007,shared,1000,0,split_pca4,0.4995527790085925,10.0,6
310007,shared,1000,0,random_projection4,0.6541303453683933,10.0,6
310007,shared,1000,0,joint_pca8,0.4923434273613618,100.0,10
310007,shared,1000,0,split_pca8,0.49179175664068703,100.0,10
310007,shared,1000,0,target_shuffled_joint_pca4,0.9457901707936112,0.01,6
310007,shared,1000,0,supervised_rank4,0.49836025812220314,100.0,6
310007,shared,1000,1,action_only,0.9142781704211321,0.01,2
310007,shared,1000,1,raw_ridge,0.6570432201563127,100.0,50
310007,shared,1000,1,joint_pca4,0.5974299241390999,10.0,6
310007,shared,1000,1,split_pca4,0.8294956506405314,10.0,6
310007,shared,1000,1,random_projection4,1.210780818287008,10.0,6
310007,shared,1000,1,joint_pca8,0.5962384093746746,100.0,10
310007,shared,1000,1,split_pca8,0.6057409864973023,100.0,10
310007,shared,1000,1,target_shuffled_joint_pca4,0.9750371295022793,0.01,6
310007,shared,1000,1,supervised_rank4,0.6085968907225202,100.0,6
311016,shared,1000,0,action_only,0.8571726177399596,100.0,2
311016,shared,1000,0,raw_ridge,0.35398793577437,100.0,50
311016,shared,1000,0,joint_pca4,0.34827742395838585,100.0,6
311016,shared,1000,0,split_pca4,0.3773809680566437,10.0,6
311016,shared,1000,0,random_projection4,0.6490110830004212,100.0,6
311016,shared,1000,0,joint_pca8,0.349966505117191,100.0,10
311016,shared,1000,0,split_pca8,0.349361999368516,100.0,10
311016,shared,1000,0,target_shuffled_joint_pca4,0.9403817241177428,0.01,6
311016,shared,1000,0,supervised_rank4,0.35173136785802017,100.0,6
311016,shared,1000,1,action_only,0.8571726177399596,100.0,2
311016,shared,1000,1,raw_ridge,0.4887670743149564,100.0,50
311016,shared,1000,1,joint_pca4,0.4357520363385505,100.0,6
311016,shared,1000,1,split_pca4,1.0046136259149505,10.0,6
311016,shared,1000,1,random_projection4,1.0968314073763852,100.0,6
311016,shared,1000,1,joint_pca8,0.44064365955929363,100.0,10
311016,shared,1000,1,split_pca8,0.48001585634036226,100.0,10
311016,shared,1000,1,target_shuffled_joint_pca4,0.9819787823105476,0.01,6
311016,shared,1000,1,supervised_rank4,0.45145931600338923,100.0,6
312025,shared,1000,0,action_only,1.0180302549419153,100.0,2
312025,shared,1000,0,raw_ridge,0.5037613106513948,100.0,50
312025,shared,1000,0,joint_pca4,0.49584021596995076,100.0,6
312025,shared,1000,0,split_pca4,0.5364210381187702,10.0,6
312025,shared,1000,0,random_projection4,0.7226234704540796,0.01,6
312025,shared,1000,0,joint_pca8,0.4956572561078134,100.0,10
312025,shared,1000,0,split_pca8,0.49706600836686815,100.0,10
312025,shared,1000,0,target_shuffled_joint_pca4,1.1552145170613866,100.0,6
312025,shared,1000,0,supervised_rank4,0.5025635881067755,100.0,6
312025,shared,1000,1,action_only,1.0180302549419153,100.0,2
312025,shared,1000,1,raw_ridge,0.6879360936606269,100.0,50
312025,shared,1000,1,joint_pca4,0.5996508106654449,100.0,6
312025,shared,1000,1,split_pca4,0.8806334602813899,10.0,6
312025,shared,1000,1,random_projection4,1.2689466213302685,0.01,6
312025,shared,1000,1,joint_pca8,0.6080328892673305,100.0,10
312025,shared,1000,1,split_pca8,0.6221509998026252,100.0,10
312025,shared,1000,1,target_shuffled_joint_pca4,1.1542879460658093,100.0,6
312025,shared,1000,1,supervised_rank4,0.6301125736352309,100.0,6
313034,shared,1000,0,action_only,0.9296001711903259,100.0,2
313034,shared,1000,0,raw_ridge,0.5105608495988302,100.0,50
313034,shared,1000,0,joint_pca4,0.502225054394063,100.0,6
313034,shared,1000,0,split_pca4,0.6011077114952131,100.0,6
313034,shared,1000,0,random_projection4,0.6640216884205761,100.0,6
313034,shared,1000,0,joint_pca8,0.502898725161474,100.0,10
313034,shared,1000,0,split_pca8,0.5050066656085169,100.0,10
313034,shared,1000,0,target_shuffled_joint_pca4,1.001288270938057,100.0,6
313034,shared,1000,0,supervised_rank4,0.5074135649554532,100.0,6
313034,shared,1000,1,action_only,0.9296001711903259,100.0,2
313034,shared,1000,1,raw_ridge,0.677395160558084,100.0,50
313034,shared,1000,1,joint_pca4,0.6691667483533433,100.0,6
313034,shared,1000,1,split_pca4,1.1615712402734526,100.0,6
313034,shared,1000,1,random_projection4,1.4165906864975635,100.0,6
313034,shared,1000,1,joint_pca8,0.6555460945545727,100.0,10
313034,shared,1000,1,split_pca8,0.6114197567525212,100.0,10
313034,shared,1000,1,target_shuffled_joint_pca4,1.0000632771067208,100.0,6
313034,shared,1000,1,supervised_rank4,0.6154669609179206,100.0,6
314043,shared,1000,0,action_only,0.8391154345781959,0.01,2
314043,shared,1000,0,raw_ridge,0.4536002657597573,100.0,50
314043,shared,1000,0,joint_pca4,0.4473269287354144,0.01,6
314043,shared,1000,0,split_pca4,0.4801687345209774,10.0,6
314043,shared,1000,0,random_projection4,0.6308184725548202,0.01,6
314043,shared,1000,0,joint_pca8,0.4479653216855243,0.01,10
314043,shared,1000,0,split_pca8,0.4512435225588302,10.0,10
314043,shared,1000,0,target_shuffled_joint_pca4,0.9011119399862363,100.0,6
314043,shared,1000,0,supervised_rank4,0.4536018101904382,100.0,6
314043,shared,1000,1,action_only,0.8391154345781959,0.01,2
314043,shared,1000,1,raw_ridge,0.5908665633108952,100.0,50
314043,shared,1000,1,joint_pca4,0.540800068621934,0.01,6
314043,shared,1000,1,split_pca4,0.8472827437844674,10.0,6
314043,shared,1000,1,random_projection4,1.308771191911317,0.01,6
314043,shared,1000,1,joint_pca8,0.5583127396397841,0.01,10
314043,shared,1000,1,split_pca8,0.5522646948623482,10.0,10
314043,shared,1000,1,target_shuffled_joint_pca4,0.9017753088948404,100.0,6
314043,shared,1000,1,supervised_rank4,0.5326316734239906,100.0,6
315052,shared,1000,0,action_only,0.9395647355344173,10.0,2
315052,shared,1000,0,raw_ridge,0.4570931594221857,100.0,50
315052,shared,1000,0,joint_pca4,0.4506392579182544,10.0,6
315052,shared,1000,0,split_pca4,0.47111750621085846,10.0,6
315052,shared,1000,0,random_projection4,0.6051128598279815,10.0,6
315052,shared,1000,0,joint_pca8,0.45073778625193855,10.0,10
315052,shared,1000,0,split_pca8,0.4545385126524032,100.0,10
315052,shared,1000,0,target_shuffled_joint_pca4,1.0298961008747056,100.0,6
315052,shared,1000,0,supervised_rank4,0.45645742974870446,100.0,6
315052,shared,1000,1,action_only,0.9395647355344173,10.0,2
315052,shared,1000,1,raw_ridge,0.5854047248422054,100.0,50
315052,shared,1000,1,joint_pca4,0.5304110730853385,10.0,6
315052,shared,1000,1,split_pca4,0.7861486118364431,10.0,6
315052,shared,1000,1,random_projection4,1.2476579625557498,10.0,6
315052,shared,1000,1,joint_pca8,0.5386114598106059,10.0,10
315052,shared,1000,1,split_pca8,0.5533698761724477,100.0,10
315052,shared,1000,1,target_shuffled_joint_pca4,1.0342463294149171,100.0,6
315052,shared,1000,1,supervised_rank4,0.5397978939081499,100.0,6
316061,shared,1000,0,action_only,1.0538025956223833,10.0,2
316061,shared,1000,0,raw_ridge,0.5771045322792341,100.0,50
316061,shared,1000,0,joint_pca4,0.5700151812220473,100.0,6
316061,shared,1000,0,split_pca4,0.62729165099662,100.0,6
316061,shared,1000,0,random_projection4,0.7844278828562363,0.01,6
316061,shared,1000,0,joint_pca8,0.5699352230890377,100.0,10
316061,shared,1000,0,split_pca8,0.5698262322208261,100.0,10
316061,shared,1000,0,target_shuffled_joint_pca4,1.049436212257108,100.0,6
316061,shared,1000,0,supervised_rank4,0.5733799874836246,100.0,6
316061,shared,1000,1,action_only,1.0538025956223833,10.0,2
316061,shared,1000,1,raw_ridge,0.781185574703794,100.0,50
316061,shared,1000,1,joint_pca4,0.6742436269299743,100.0,6
316061,shared,1000,1,split_pca4,1.2685120340694078,100.0,6
316061,shared,1000,1,random_projection4,1.6011380522299126,0.01,6
316061,shared,1000,1,joint_pca8,0.6794557358988721,100.0,10
316061,shared,1000,1,split_pca8,0.7109839661597971,100.0,10
316061,shared,1000,1,target_shuffled_joint_pca4,1.0496294306308642,100.0,6
316061,shared,1000,1,supervised_rank4,0.7110553699195594,100.0,6
317070,shared,1000,0,action_only,0.8597945307868754,0.01,2
317070,shared,1000,0,raw_ridge,0.3472340155840192,100.0,50
317070,shared,1000,0,joint_pca4,0.3417268973966903,0.01,6
317070,shared,1000,0,split_pca4,0.3656720044221095,0.01,6
317070,shared,1000,0,random_projection4,0.45479988643832525,0.01,6
317070,shared,1000,0,joint_pca8,0.343513565629114,10.0,10
317070,shared,1000,0,split_pca8,0.3450306329843571,10.0,10
317070,shared,1000,0,target_shuffled_joint_pca4,1.011867101821435,100.0,6
317070,shared,1000,0,supervised_rank4,0.34605763450112526,100.0,6
317070,shared,1000,1,action_only,0.8597945307868754,0.01,2
317070,shared,1000,1,raw_ridge,0.4199438114954313,100.0,50
317070,shared,1000,1,joint_pca4,0.39987590208082285,0.01,6
317070,shared,1000,1,split_pca4,0.598692328992672,0.01,6
317070,shared,1000,1,random_projection4,0.8790688283626832,0.01,6
317070,shared,1000,1,joint_pca8,0.4096648029006667,10.0,10
317070,shared,1000,1,split_pca8,0.4649173077723517,10.0,10
317070,shared,1000,1,target_shuffled_joint_pca4,1.0103810876651622,100.0,6
317070,shared,1000,1,supervised_rank4,0.39338144077046516,100.0,6
318079,shared,1000,0,action_only,0.8499151248833491,10.0,2
318079,shared,1000,0,raw_ridge,0.4000440450992884,100.0,50
318079,shared,1000,0,joint_pca4,0.39483290924496917,0.01,6
318079,shared,1000,0,split_pca4,0.41402823765734664,0.01,6
318079,shared,1000,0,random_projection4,0.5361808245229895,0.01,6
318079,shared,1000,0,joint_pca8,0.3965667190606914,10.0,10
318079,shared,1000,0,split_pca8,0.3962278098452406,10.0,10
318079,shared,1000,0,target_shuffled_joint_pca4,0.9364347426099199,0.01,6
318079,shared,1000,0,supervised_rank4,0.40049911285128387,100.0,6
318079,shared,1000,1,action_only,0.8499151248833491,10.0,2
318079,shared,1000,1,raw_ridge,0.5263546014492454,100.0,50
318079,shared,1000,1,joint_pca4,0.47775958935212626,0.01,6
318079,shared,1000,1,split_pca4,0.8410401591711498,0.01,6
318079,shared,1000,1,random_projection4,1.0526357723936248,0.01,6
318079,shared,1000,1,joint_pca8,0.4920971783181124,10.0,10
318079,shared,1000,1,split_pca8,0.5416594232746272,10.0,10
318079,shared,1000,1,target_shuffled_joint_pca4,0.9374790513606844,0.01,6
318079,shared,1000,1,supervised_rank4,0.49301006984039003,100.0,6
319088,shared,1000,0,action_only,0.9720727181690689,0.01,2
319088,shared,1000,0,raw_ridge,0.44276231414773703,100.0,50
319088,shared,1000,0,joint_pca4,0.4347424968197545,1.0,6
319088,shared,1000,0,split_pca4,0.5167717381447449,10.0,6
319088,shared,1000,0,random_projection4,0.6292443218333943,10.0,6
319088,shared,1000,0,joint_pca8,0.43580804160447684,10.0,10
319088,shared,1000,0,split_pca8,0.4432698356855985,100.0,10
319088,shared,1000,0,target_shuffled_joint_pca4,1.1079082282390793,100.0,6
319088,shared,1000,0,supervised_rank4,0.44021626363543237,100.0,6
319088,shared,1000,1,action_only,0.9720727181690689,0.01,2
319088,shared,1000,1,raw_ridge,0.5730274943489063,100.0,50
319088,shared,1000,1,joint_pca4,0.5082530007295158,1.0,6
319088,shared,1000,1,split_pca4,0.9921720054870172,10.0,6
319088,shared,1000,1,random_projection4,1.2541042246685485,10.0,6
319088,shared,1000,1,joint_pca8,0.5248573082563719,10.0,10
319088,shared,1000,1,split_pca8,0.5780522306422268,100.0,10
319088,shared,1000,1,target_shuffled_joint_pca4,1.1379047978389087,100.0,6
319088,shared,1000,1,supervised_rank4,0.5240094974085616,100.0,6
320097,shared,1000,0,action_only,1.024435406947053,100.0,2
320097,shared,1000,0,raw_ridge,0.5582429019764935,100.0,50
320097,shared,1000,0,joint_pca4,0.5470997494371955,100.0,6
320097,shared,1000,0,split_pca4,0.6336459926974025,10.0,6
320097,shared,1000,0,random_projection4,0.7489734639104164,100.0,6
320097,shared,1000,0,joint_pca8,0.5487637144792631,100.0,10
320097,shared,1000,0,split_pca8,0.5490255844423289,100.0,10
320097,shared,1000,0,target_shuffled_joint_pca4,1.0915951249559284,100.0,6
320097,shared,1000,0,supervised_rank4,0.5555443480009699,100.0,6
320097,shared,1000,1,action_only,1.024435406947053,100.0,2
320097,shared,1000,1,raw_ridge,0.7367308633517831,100.0,50
320097,shared,1000,1,joint_pca4,0.6442410006278476,100.0,6
320097,shared,1000,1,split_pca4,1.3257230462375695,10.0,6
320097,shared,1000,1,random_projection4,1.2144472647788254,100.0,6
320097,shared,1000,1,joint_pca8,0.6497242352062631,100.0,10
320097,shared,1000,1,split_pca8,0.6588075017243555,100.0,10
320097,shared,1000,1,target_shuffled_joint_pca4,1.090762777946069,100.0,6
320097,shared,1000,1,supervised_rank4,0.6729919552038953,100.0,6
321106,shared,1000,0,action_only,0.8597861899371432,100.0,2
321106,shared,1000,0,raw_ridge,0.5225755125241649,100.0,50
321106,shared,1000,0,joint_pca4,0.5124255227015694,100.0,6
321106,shared,1000,0,split_pca4,0.5384989349877866,100.0,6
321106,shared,1000,0,random_projection4,0.7074306851925253,100.0,6
321106,shared,1000,0,joint_pca8,0.5132769687110196,100.0,10
321106,shared,1000,0,split_pca8,0.515889577211841,100.0,10
321106,shared,1000,0,target_shuffled_joint_pca4,0.9082998070586947,0.01,6
321106,shared,1000,0,supervised_rank4,0.5191037844421984,100.0,6
321106,shared,1000,1,action_only,0.8597861899371432,100.0,2
321106,shared,1000,1,raw_ridge,0.7056528858655464,100.0,50
321106,shared,1000,1,joint_pca4,0.6154194952781029,100.0,6
321106,shared,1000,1,split_pca4,1.0530778491634738,100.0,6
321106,shared,1000,1,random_projection4,1.30533809399757,100.0,6
321106,shared,1000,1,joint_pca8,0.6188325939965816,100.0,10
321106,shared,1000,1,split_pca8,0.6724824944701437,100.0,10
321106,shared,1000,1,target_shuffled_joint_pca4,0.9182280460386194,0.01,6
321106,shared,1000,1,supervised_rank4,0.642857141932094,100.0,6
322115,shared,1000,0,action_only,0.9718476596258392,0.01,2
322115,shared,1000,0,raw_ridge,0.49957108988592075,100.0,50
322115,shared,1000,0,joint_pca4,0.4934100817159857,0.01,6
322115,shared,1000,0,split_pca4,0.49982407605120927,0.01,6
322115,shared,1000,0,random_projection4,0.7424944536276155,0.01,6
322115,shared,1000,0,joint_pca8,0.49491581461309386,0.01,10
322115,shared,1000,0,split_pca8,0.49309817483669177,100.0,10
322115,shared,1000,0,target_shuffled_joint_pca4,1.0430115928021755,0.01,6
322115,shared,1000,0,supervised_rank4,0.4968261328125997,100.0,6
322115,shared,1000,1,action_only,0.9718476596258392,0.01,2
322115,shared,1000,1,raw_ridge,0.6722076404713621,100.0,50
322115,shared,1000,1,joint_pca4,0.590996984368181,0.01,6
322115,shared,1000,1,split_pca4,0.82597174704609,0.01,6
322115,shared,1000,1,random_projection4,1.0548404174541406,0.01,6
322115,shared,1000,1,joint_pca8,0.5947873010726059,0.01,10
322115,shared,1000,1,split_pca8,0.6510951293998962,100.0,10
322115,shared,1000,1,target_shuffled_joint_pca4,1.043827576733565,0.01,6
322115,shared,1000,1,supervised_rank4,0.6326473598642864,100.0,6
323124,shared,1000,0,action_only,0.879757931375956,100.0,2
323124,shared,1000,0,raw_ridge,0.5901168501548499,100.0,50
323124,shared,1000,0,joint_pca4,0.5810441654430191,10.0,6
323124,shared,1000,0,split_pca4,0.5982313953194409,100.0,6
323124,shared,1000,0,random_projection4,0.7214360976340982,100.0,6
323124,shared,1000,0,joint_pca8,0.5814946913222915,100.0,10
323124,shared,1000,0,split_pca8,0.5854551352558781,100.0,10
323124,shared,1000,0,target_shuffled_joint_pca4,0.9193897886069942,100.0,6
323124,shared,1000,0,supervised_rank4,0.585243351326529,100.0,6
323124,shared,1000,1,action_only,0.879757931375956,100.0,2
323124,shared,1000,1,raw_ridge,0.8320749188090062,100.0,50
323124,shared,1000,1,joint_pca4,0.7096801317341759,10.0,6
323124,shared,1000,1,split_pca4,0.9624866577233487,100.0,6
323124,shared,1000,1,random_projection4,1.192071263823855,100.0,6
323124,shared,1000,1,joint_pca8,0.7186306716129928,100.0,10
323124,shared,1000,1,split_pca8,0.761372835391706,100.0,10
323124,shared,1000,1,target_shuffled_joint_pca4,0.9189318457434174,100.0,6
323124,shared,1000,1,supervised_rank4,0.7384945921480692,100.0,6
324133,shared,1000,0,action_only,0.9005215010373854,100.0,2
324133,shared,1000,0,raw_ridge,0.5238109453046297,100.0,50
324133,shared,1000,0,joint_pca4,0.5124808401200175,10.0,6
324133,shared,1000,0,split_pca4,0.5297117830920614,0.01,6
324133,shared,1000,0,random_projection4,0.7107780267987858,0.01,6
324133,shared,1000,0,joint_pca8,0.5140030754601438,100.0,10
324133,shared,1000,0,split_pca8,0.5149260103646063,100.0,10
324133,shared,1000,0,target_shuffled_joint_pca4,0.9287636051839046,100.0,6
324133,shared,1000,0,supervised_rank4,0.5196850366105156,100.0,6
324133,shared,1000,1,action_only,0.9005215010373854,100.0,2
324133,shared,1000,1,raw_ridge,0.706770669011745,100.0,50
324133,shared,1000,1,joint_pca4,0.6166210205011002,10.0,6
324133,shared,1000,1,split_pca4,0.9298210193390783,0.01,6
324133,shared,1000,1,random_projection4,1.4065368651035708,0.01,6
324133,shared,1000,1,joint_pca8,0.6476562845188959,100.0,10
324133,shared,1000,1,split_pca8,0.6129905373311944,100.0,10
324133,shared,1000,1,target_shuffled_joint_pca4,0.9294172400985793,100.0,6
324133,shared,1000,1,supervised_rank4,0.6394490695575279,100.0,6
325142,shared,1000,0,action_only,0.8959969242339026,1.0,2
325142,shared,1000,0,raw_ridge,0.525061556902321,100.0,50
325142,shared,1000,0,joint_pca4,0.513417806752764,0.01,6
325142,shared,1000,0,split_pca4,0.5355685963781822,100.0,6
325142,shared,1000,0,random_projection4,0.7111135528371768,0.01,6
325142,shared,1000,0,joint_pca8,0.5157480635167924,10.0,10
325142,shared,1000,0,split_pca8,0.5165934193866275,100.0,10
325142,shared,1000,0,target_shuffled_joint_pca4,0.9977735209906982,0.01,6
325142,shared,1000,0,supervised_rank4,0.5216605859007506,100.0,6
325142,shared,1000,1,action_only,0.8959969242339026,1.0,2
325142,shared,1000,1,raw_ridge,0.713940118861762,100.0,50
325142,shared,1000,1,joint_pca4,0.6288672203473433,0.01,6
325142,shared,1000,1,split_pca4,0.866350180504878,100.0,6
325142,shared,1000,1,random_projection4,1.6455149207488584,0.01,6
325142,shared,1000,1,joint_pca8,0.6558573970042079,10.0,10
325142,shared,1000,1,split_pca8,0.6834411744222086,100.0,10
325142,shared,1000,1,target_shuffled_joint_pca4,0.9978201188762026,0.01,6
325142,shared,1000,1,supervised_rank4,0.6443088440698213,100.0,6
326151,shared,1000,0,action_only,0.9591332539038221,0.01,2
326151,shared,1000,0,raw_ridge,0.4109461302171894,100.0,50
326151,shared,1000,0,joint_pca4,0.40330578752073243,0.01,6
326151,shared,1000,0,split_pca4,0.41418726040538223,0.01,6
326151,shared,1000,0,random_projection4,0.4966041954228097,0.01,6
326151,shared,1000,0,joint_pca8,0.4045698002659621,1.0,10
326151,shared,1000,0,split_pca8,0.40664289965483447,10.0,10
326151,shared,1000,0,target_shuffled_joint_pca4,1.0355848575876303,0.01,6
326151,shared,1000,0,supervised_rank4,0.4117158200882475,100.0,6
326151,shared,1000,1,action_only,0.9591332539038221,0.01,2
326151,shared,1000,1,raw_ridge,0.5438079783034286,100.0,50
326151,shared,1000,1,joint_pca4,0.48247076343148654,0.01,6
326151,shared,1000,1,split_pca4,0.7380146545005559,0.01,6
326151,shared,1000,1,random_projection4,1.3373902848380896,0.01,6
326151,shared,1000,1,joint_pca8,0.4821293844747062,1.0,10
326151,shared,1000,1,split_pca8,0.5241905356268802,10.0,10
326151,shared,1000,1,target_shuffled_joint_pca4,1.0422526303802615,0.01,6
326151,shared,1000,1,supervised_rank4,0.5089645905509184,100.0,6
327160,shared,1000,0,action_only,0.9831744126370285,100.0,2
327160,shared,1000,0,raw_ridge,0.4681414956409447,100.0,50
327160,shared,1000,0,joint_pca4,0.46049102460684244,10.0,6
327160,shared,1000,0,split_pca4,0.5401105902545261,10.0,6
327160,shared,1000,0,random_projection4,0.697791374604028,100.0,6
327160,shared,1000,0,joint_pca8,0.46115202061862476,10.0,10
327160,shared,1000,0,split_pca8,0.46316460454381614,100.0,10
327160,shared,1000,0,target_shuffled_joint_pca4,1.1221239285978548,100.0,6
327160,shared,1000,0,supervised_rank4,0.46770304500197235,100.0,6
327160,shared,1000,1,action_only,0.9831744126370285,100.0,2
327160,shared,1000,1,raw_ridge,0.6418175021671284,100.0,50
327160,shared,1000,1,joint_pca4,0.5308992845798245,10.0,6
327160,shared,1000,1,split_pca4,0.909931490246115,10.0,6
327160,shared,1000,1,random_projection4,1.0373538380077996,100.0,6
327160,shared,1000,1,joint_pca8,0.533422993990736,10.0,10
327160,shared,1000,1,split_pca8,0.602458996244495,100.0,10
327160,shared,1000,1,target_shuffled_joint_pca4,1.12295598610844,100.0,6
327160,shared,1000,1,supervised_rank4,0.5948928792135719,100.0,6
328169,shared,1000,0,action_only,0.897229348254882,0.01,2
328169,shared,1000,0,raw_ridge,0.41258940512240466,100.0,50
328169,shared,1000,0,joint_pca4,0.40403549796160304,0.01,6
328169,shared,1000,0,split_pca4,0.4152060581964336,0.01,6
328169,shared,1000,0,random_projection4,0.6162135660458611,0.01,6
328169,shared,1000,0,joint_pca8,0.4047530727586016,10.0,10
328169,shared,1000,0,split_pca8,0.40654974454224857,100.0,10
328169,shared,1000,0,target_shuffled_joint_pca4,1.012593901114129,0.01,6
328169,shared,1000,0,supervised_rank4,0.41130223141082733,100.0,6
328169,shared,1000,1,action_only,0.897229348254882,0.01,2
328169,shared,1000,1,raw_ridge,0.583472617336498,100.0,50
328169,shared,1000,1,joint_pca4,0.4855608343363637,0.01,6
328169,shared,1000,1,split_pca4,0.735510951309235,0.01,6
328169,shared,1000,1,random_projection4,1.1190169456872887,0.01,6
328169,shared,1000,1,joint_pca8,0.49906874971561466,10.0,10
328169,shared,1000,1,split_pca8,0.531681883114678,100.0,10
328169,shared,1000,1,target_shuffled_joint_pca4,1.0488780136489197,0.01,6
328169,shared,1000,1,supervised_rank4,0.5420884644089541,100.0,6
329178,shared,1000,0,action_only,1.0238685323078385,100.0,2
329178,shared,1000,0,raw_ridge,0.505940444965485,100.0,50
329178,shared,1000,0,joint_pca4,0.49713066426340285,10.0,6
329178,shared,1000,0,split_pca4,0.5070762053263486,10.0,6
329178,shared,1000,0,random_projection4,0.7244986085175564,100.0,6
329178,shared,1000,0,joint_pca8,0.49886921583628874,10.0,10
329178,shared,1000,0,split_pca8,0.5025707249559228,100.0,10
329178,shared,1000,0,target_shuffled_joint_pca4,1.1244074646645286,100.0,6
329178,shared,1000,0,supervised_rank4,0.502599495700808,100.0,6
329178,shared,1000,1,action_only,1.0238685323078385,100.0,2
329178,shared,1000,1,raw_ridge,0.673623947061195,100.0,50
329178,shared,1000,1,joint_pca4,0.5844672396792354,10.0,6
329178,shared,1000,1,split_pca4,0.7353126565293379,10.0,6
329178,shared,1000,1,random_projection4,1.1671921919572632,100.0,6
329178,shared,1000,1,joint_pca8,0.5960206369394431,10.0,10
329178,shared,1000,1,split_pca8,0.6330618702889563,100.0,10
329178,shared,1000,1,target_shuffled_joint_pca4,1.126466205378276,100.0,6
329178,shared,1000,1,supervised_rank4,0.5981860696434707,100.0,6
330187,shared,1000,0,action_only,0.9646801010972947,100.0,2
330187,shared,1000,0,raw_ridge,0.46015075749770684,100.0,50
330187,shared,1000,0,joint_pca4,0.45349517292384434,10.0,6
330187,shared,1000,0,split_pca4,0.4831477502416902,100.0,6
330187,shared,1000,0,random_projection4,0.6552476494110709,0.01,6
330187,shared,1000,0,joint_pca8,0.45521277712467056,100.0,10
330187,shared,1000,0,split_pca8,0.4552716539760377,100.0,10
330187,shared,1000,0,target_shuffled_joint_pca4,1.0680230180143522,0.01,6
330187,shared,1000,0,supervised_rank4,0.46112579377321,100.0,6
330187,shared,1000,1,action_only,0.9646801010972947,100.0,2
330187,shared,1000,1,raw_ridge,0.6359507923763081,100.0,50
330187,shared,1000,1,joint_pca4,0.5629991894827159,10.0,6
330187,shared,1000,1,split_pca4,0.8299466399424634,100.0,6
330187,shared,1000,1,random_projection4,1.5656434682476326,0.01,6
330187,shared,1000,1,joint_pca8,0.5818346319831978,100.0,10
330187,shared,1000,1,split_pca8,0.5987265864310212,100.0,10
330187,shared,1000,1,target_shuffled_joint_pca4,1.0694531936845157,0.01,6
330187,shared,1000,1,supervised_rank4,0.5891537114696005,100.0,6
331196,shared,1000,0,action_only,0.9157925678159371,10.0,2
331196,shared,1000,0,raw_ridge,0.4323115568076026,100.0,50
331196,shared,1000,0,joint_pca4,0.4242926989223528,10.0,6
331196,shared,1000,0,split_pca4,0.43582990840546326,10.0,6
331196,shared,1000,0,random_projection4,0.5881346563956623,100.0,6
331196,shared,1000,0,joint_pca8,0.42488405291439935,10.0,10
331196,shared,1000,0,split_pca8,0.4272280153020244,10.0,10
331196,shared,1000,0,target_shuffled_joint_pca4,1.0367281064065388,100.0,6
331196,shared,1000,0,supervised_rank4,0.430332784259751,100.0,6
331196,shared,1000,1,action_only,0.9157925678159371,10.0,2
331196,shared,1000,1,raw_ridge,0.5749908848469301,100.0,50
331196,shared,1000,1,joint_pca4,0.5210497979309017,10.0,6
331196,shared,1000,1,split_pca4,0.736713425091938,10.0,6
331196,shared,1000,1,random_projection4,1.1987884484125237,100.0,6
331196,shared,1000,1,joint_pca8,0.5231949638463896,10.0,10
331196,shared,1000,1,split_pca8,0.5704526608828842,10.0,10
331196,shared,1000,1,target_shuffled_joint_pca4,1.035891475214712,100.0,6
331196,shared,1000,1,supervised_rank4,0.5312880299480758,100.0,6
332205,shared,1000,0,action_only,0.8829723762160673,1.0,2
332205,shared,1000,0,raw_ridge,0.4652491811706505,100.0,50
332205,shared,1000,0,joint_pca4,0.4565379567360865,0.01,6
332205,shared,1000,0,split_pca4,0.4809965592488389,10.0,6
332205,shared,1000,0,random_projection4,0.5842322838686284,0.01,6
332205,shared,1000,0,joint_pca8,0.45777119305814296,0.01,10
332205,shared,1000,0,split_pca8,0.46017114154186944,10.0,10
332205,shared,1000,0,target_shuffled_joint_pca4,0.936821882230195,0.01,6
332205,shared,1000,0,supervised_rank4,0.46288884371603833,100.0,6
332205,shared,1000,1,action_only,0.8829723762160673,1.0,2
332205,shared,1000,1,raw_ridge,0.627285972763409,100.0,50
332205,shared,1000,1,joint_pca4,0.5425156231559741,0.01,6
332205,shared,1000,1,split_pca4,0.8127956305178047,10.0,6
332205,shared,1000,1,random_projection4,1.1640165370919644,0.01,6
332205,shared,1000,1,joint_pca8,0.546493151076105,0.01,10
332205,shared,1000,1,split_pca8,0.6276467008222458,10.0,10
332205,shared,1000,1,target_shuffled_joint_pca4,0.9378872635603481,0.01,6
332205,shared,1000,1,supervised_rank4,0.5729754494861888,100.0,6
333214,shared,1000,0,action_only,0.8022235867024954,100.0,2
333214,shared,1000,0,raw_ridge,0.4478637876361974,100.0,50
333214,shared,1000,0,joint_pca4,0.4417637883982827,10.0,6
333214,shared,1000,0,split_pca4,0.495861467206125,100.0,6
333214,shared,1000,0,random_projection4,0.5991228505219113,100.0,6
333214,shared,1000,0,joint_pca8,0.44130201219491816,100.0,10
333214,shared,1000,0,split_pca8,0.4446272797754606,100.0,10
333214,shared,1000,0,target_shuffled_joint_pca4,0.885571010888309,100.0,6
333214,shared,1000,0,supervised_rank4,0.44476709488113303,100.0,6
333214,shared,1000,1,action_only,0.8022235867024954,100.0,2
333214,shared,1000,1,raw_ridge,0.6191862053883548,100.0,50
333214,shared,1000,1,joint_pca4,0.5584788225153198,10.0,6
333214,shared,1000,1,split_pca4,0.9127120164327495,100.0,6
333214,shared,1000,1,random_projection4,1.2989239906895638,100.0,6
333214,shared,1000,1,joint_pca8,0.5542532512066867,100.0,10
333214,shared,1000,1,split_pca8,0.5825361466263256,100.0,10
333214,shared,1000,1,target_shuffled_joint_pca4,0.905543426538883,100.0,6
333214,shared,1000,1,supervised_rank4,0.5664502963534239,100.0,6
310007,independent,120,0,action_only,0.9585610078916549,1.0,2
310007,independent,120,0,raw_ridge,0.5124603235845769,100.0,50
310007,independent,120,0,joint_pca4,0.6686430420708527,10.0,6
310007,independent,120,0,split_pca4,0.7234360080260501,1.0,6
310007,independent,120,0,random_projection4,0.7935336021810948,10.0,6
310007,independent,120,0,joint_pca8,0.5213306026537821,10.0,10
310007,independent,120,0,split_pca8,0.5317263352243805,10.0,10
310007,independent,120,0,target_shuffled_joint_pca4,1.0524499254397717,100.0,6
310007,independent,120,0,supervised_rank4,0.700679288400392,100.0,6
310007,independent,120,1,action_only,0.9585610078916549,1.0,2
310007,independent,120,1,raw_ridge,0.6972973076898287,100.0,50
310007,independent,120,1,joint_pca4,0.7444790492186478,10.0,6
310007,independent,120,1,split_pca4,0.8544914014427383,1.0,6
310007,independent,120,1,random_projection4,1.1284796976903708,10.0,6
310007,independent,120,1,joint_pca8,0.7030659965107471,10.0,10
310007,independent,120,1,split_pca8,0.7314183065609168,10.0,10
310007,independent,120,1,target_shuffled_joint_pca4,1.059626527455497,100.0,6
310007,independent,120,1,supervised_rank4,0.7751179065440416,100.0,6
311016,independent,120,0,action_only,1.015787939513834,10.0,2
311016,independent,120,0,raw_ridge,0.5913553026936609,100.0,50
311016,independent,120,0,joint_pca4,0.7777060232413322,10.0,6
311016,independent,120,0,split_pca4,0.8047617957436036,10.0,6
311016,independent,120,0,random_projection4,0.8646639161184706,10.0,6
311016,independent,120,0,joint_pca8,0.6085688118385942,1.0,10
311016,independent,120,0,split_pca8,0.5813439282761929,10.0,10
311016,independent,120,0,target_shuffled_joint_pca4,1.1337480369351394,100.0,6
311016,independent,120,0,supervised_rank4,0.7353240619153047,100.0,6
311016,independent,120,1,action_only,1.015787939513834,10.0,2
311016,independent,120,1,raw_ridge,0.8635958527382672,100.0,50
311016,independent,120,1,joint_pca4,0.9348016125007849,10.0,6
311016,independent,120,1,split_pca4,0.9814459453676871,10.0,6
311016,independent,120,1,random_projection4,1.202600732622175,10.0,6
311016,independent,120,1,joint_pca8,0.9118949484952178,1.0,10
311016,independent,120,1,split_pca8,0.8745951300208705,10.0,10
311016,independent,120,1,target_shuffled_joint_pca4,1.154471791289206,100.0,6
311016,independent,120,1,supervised_rank4,0.8890149001341866,100.0,6
312025,independent,120,0,action_only,1.001192031985382,10.0,2
312025,independent,120,0,raw_ridge,0.6448866763310644,100.0,50
312025,independent,120,0,joint_pca4,0.8049327663398633,10.0,6
312025,independent,120,0,split_pca4,0.8232298624792513,10.0,6
312025,independent,120,0,random_projection4,0.9062453200885818,10.0,6
312025,independent,120,0,joint_pca8,0.6276146033827744,10.0,10
312025,independent,120,0,split_pca8,0.6357186239184933,10.0,10
312025,independent,120,0,target_shuffled_joint_pca4,1.1226656892483136,100.0,6
312025,independent,120,0,supervised_rank4,0.8089562620442389,100.0,6
312025,independent,120,1,action_only,1.001192031985382,10.0,2
312025,independent,120,1,raw_ridge,0.9200787060013048,100.0,50
312025,independent,120,1,joint_pca4,0.9255748016201223,10.0,6
312025,independent,120,1,split_pca4,0.9747121032711463,10.0,6
312025,independent,120,1,random_projection4,1.2466521639005042,10.0,6
312025,independent,120,1,joint_pca8,0.8918798590252028,10.0,10
312025,independent,120,1,split_pca8,0.9187385121012356,10.0,10
312025,independent,120,1,target_shuffled_joint_pca4,1.144591053547245,100.0,6
312025,independent,120,1,supervised_rank4,0.9412897403841656,100.0,6
313034,independent,120,0,action_only,1.0068587880641806,0.01,2
313034,independent,120,0,raw_ridge,0.6145910014853385,100.0,50
313034,independent,120,0,joint_pca4,0.7785304228879282,10.0,6
313034,independent,120,0,split_pca4,0.8240654661368068,10.0,6
313034,independent,120,0,random_projection4,0.8843365458418175,10.0,6
313034,independent,120,0,joint_pca8,0.6334802136964274,10.0,10
313034,independent,120,0,split_pca8,0.6414488600003205,10.0,10
313034,independent,120,0,target_shuffled_joint_pca4,1.1377152199920484,100.0,6
313034,independent,120,0,supervised_rank4,0.802488518527379,100.0,6
313034,independent,120,1,action_only,1.0068587880641806,0.01,2
313034,independent,120,1,raw_ridge,0.952757134947207,100.0,50
313034,independent,120,1,joint_pca4,0.8888709630233687,10.0,6
313034,independent,120,1,split_pca4,1.0393299963116753,10.0,6
313034,independent,120,1,random_projection4,1.2514811127007015,10.0,6
313034,independent,120,1,joint_pca8,0.8715062715463284,10.0,10
313034,independent,120,1,split_pca8,1.0307413424352867,10.0,10
313034,independent,120,1,target_shuffled_joint_pca4,1.1488156088243573,100.0,6
313034,independent,120,1,supervised_rank4,0.9986942477731304,100.0,6
314043,independent,120,0,action_only,1.0507609820212183,1.0,2
314043,independent,120,0,raw_ridge,0.6357848300989193,100.0,50
314043,independent,120,0,joint_pca4,0.7837538968056783,0.01,6
314043,independent,120,0,split_pca4,0.8111192489375819,1.0,6
314043,independent,120,0,random_projection4,0.9104133646918332,10.0,6
314043,independent,120,0,joint_pca8,0.628615404493989,0.01,10
314043,independent,120,0,split_pca8,0.6139200798295679,0.01,10
314043,independent,120,0,target_shuffled_joint_pca4,1.173243159999293,100.0,6
314043,independent,120,0,supervised_rank4,0.8353727241971199,100.0,6
314043,independent,120,1,action_only,1.0507609820212183,1.0,2
314043,independent,120,1,raw_ridge,0.9519524677471095,100.0,50
314043,independent,120,1,joint_pca4,0.889925332126513,0.01,6
314043,independent,120,1,split_pca4,0.9983485669257479,1.0,6
314043,independent,120,1,random_projection4,1.2941640542087807,10.0,6
314043,independent,120,1,joint_pca8,0.8417810016526821,0.01,10
314043,independent,120,1,split_pca8,0.9438704531591439,0.01,10
314043,independent,120,1,target_shuffled_joint_pca4,1.1889425904191724,100.0,6
314043,independent,120,1,supervised_rank4,0.9817274814724968,100.0,6
315052,independent,120,0,action_only,1.2717260269260735,1.0,2
315052,independent,120,0,raw_ridge,0.7994225234560882,100.0,50
315052,independent,120,0,joint_pca4,1.020376878301555,10.0,6
315052,independent,120,0,split_pca4,1.0147464061257383,0.01,6
315052,independent,120,0,random_projection4,1.1357432920870485,10.0,6
315052,independent,120,0,joint_pca8,0.7843627142734827,1.0,10
315052,independent,120,0,split_pca8,0.7847868349700666,1.0,10
315052,independent,120,0,target_shuffled_joint_pca4,1.335407726202837,100.0,6
315052,independent,120,0,supervised_rank4,1.0397717247704963,100.0,6
315052,independent,120,1,action_only,1.2717260269260735,1.0,2
315052,independent,120,1,raw_ridge,1.070717219689871,100.0,50
315052,independent,120,1,joint_pca4,1.1122851942826597,10.0,6
315052,independent,120,1,split_pca4,1.2289346288927236,0.01,6
315052,independent,120,1,random_projection4,1.3805637425686517,10.0,6
315052,independent,120,1,joint_pca8,1.0263636483247425,1.0,10
315052,independent,120,1,split_pca8,1.1018776683423055,1.0,10
315052,independent,120,1,target_shuffled_joint_pca4,1.3471690914506003,100.0,6
315052,independent,120,1,supervised_rank4,1.1739468364434964,100.0,6
316061,independent,120,0,action_only,0.9744704002874477,10.0,2
316061,independent,120,0,raw_ridge,0.5759543445374746,100.0,50
316061,independent,120,0,joint_pca4,0.722334914796528,1.0,6
316061,independent,120,0,split_pca4,0.7684084838212212,10.0,6
316061,independent,120,0,random_projection4,0.83097248531914,10.0,6
316061,independent,120,0,joint_pca8,0.5517418076912376,0.01,10
316061,independent,120,0,split_pca8,0.5736183442907645,0.01,10
316061,independent,120,0,target_shuffled_joint_pca4,1.0324305574922843,100.0,6
316061,independent,120,0,supervised_rank4,0.7360122563435899,100.0,6
316061,independent,120,1,action_only,0.9744704002874477,10.0,2
316061,independent,120,1,raw_ridge,0.7407661782106525,100.0,50
316061,independent,120,1,joint_pca4,0.7852970583566875,1.0,6
316061,independent,120,1,split_pca4,0.9020397075007878,10.0,6
316061,independent,120,1,random_projection4,1.0664145324164973,10.0,6
316061,independent,120,1,joint_pca8,0.7543583207519428,0.01,10
316061,independent,120,1,split_pca8,0.7940445558356095,0.01,10
316061,independent,120,1,target_shuffled_joint_pca4,1.0385710740975365,100.0,6
316061,independent,120,1,supervised_rank4,0.8367213397521394,100.0,6
317070,independent,120,0,action_only,1.0181766726179013,10.0,2
317070,independent,120,0,raw_ridge,0.6129743576503792,100.0,50
317070,independent,120,0,joint_pca4,0.7412078011399037,10.0,6
317070,independent,120,0,split_pca4,0.7753438067170546,10.0,6
317070,independent,120,0,random_projection4,0.9304483017695285,10.0,6
317070,independent,120,0,joint_pca8,0.5836447105230538,10.0,10
317070,independent,120,0,split_pca8,0.5967872263978306,10.0,10
317070,independent,120,0,target_shuffled_joint_pca4,1.1851748878536161,100.0,6
317070,independent,120,0,supervised_rank4,0.7852733382287336,100.0,6
317070,independent,120,1,action_only,1.0181766726179013,10.0,2
317070,independent,120,1,raw_ridge,0.8742185498298878,100.0,50
317070,independent,120,1,joint_pca4,0.8538011672862841,10.0,6
317070,independent,120,1,split_pca4,0.974446115760047,10.0,6
317070,independent,120,1,random_projection4,1.3066563075647248,10.0,6
317070,independent,120,1,joint_pca8,0.7554223853275472,10.0,10
317070,independent,120,1,split_pca8,0.8486799421477045,10.0,10
317070,independent,120,1,target_shuffled_joint_pca4,1.1988853588336164,100.0,6
317070,independent,120,1,supervised_rank4,0.8898326508346309,100.0,6
318079,independent,120,0,action_only,0.9765551026159726,10.0,2
318079,independent,120,0,raw_ridge,0.6000801281410147,100.0,50
318079,independent,120,0,joint_pca4,0.7815757924170422,10.0,6
318079,independent,120,0,split_pca4,0.7799427376417465,10.0,6
318079,independent,120,0,random_projection4,0.8936307756602073,10.0,6
318079,independent,120,0,joint_pca8,0.6148000787436275,10.0,10
318079,independent,120,0,split_pca8,0.6176844534088219,10.0,10
318079,independent,120,0,target_shuffled_joint_pca4,1.0818767611721691,100.0,6
318079,independent,120,0,supervised_rank4,0.750396399243048,100.0,6
318079,independent,120,1,action_only,0.9765551026159726,10.0,2
318079,independent,120,1,raw_ridge,0.8962948049738906,100.0,50
318079,independent,120,1,joint_pca4,0.8768403982542972,10.0,6
318079,independent,120,1,split_pca4,0.9554660297349742,10.0,6
318079,independent,120,1,random_projection4,1.1856712525944637,10.0,6
318079,independent,120,1,joint_pca8,0.9334572310759572,10.0,10
318079,independent,120,1,split_pca8,0.9566376451113753,10.0,10
318079,independent,120,1,target_shuffled_joint_pca4,1.0890776601788508,100.0,6
318079,independent,120,1,supervised_rank4,0.8892556016673775,100.0,6
319088,independent,120,0,action_only,1.0130914377648588,10.0,2
319088,independent,120,0,raw_ridge,0.6438547784205221,100.0,50
319088,independent,120,0,joint_pca4,0.8207180156495544,0.01,6
319088,independent,120,0,split_pca4,0.825858651641868,0.01,6
319088,independent,120,0,random_projection4,0.921464281592117,10.0,6
319088,independent,120,0,joint_pca8,0.6475090108971102,0.01,10
319088,independent,120,0,split_pca8,0.6543121090014359,10.0,10
319088,independent,120,0,target_shuffled_joint_pca4,1.1084804344053418,100.0,6
319088,independent,120,0,supervised_rank4,0.8263596099018542,100.0,6
319088,independent,120,1,action_only,1.0130914377648588,10.0,2
319088,independent,120,1,raw_ridge,0.9773065005270193,100.0,50
319088,independent,120,1,joint_pca4,0.9213044160861108,0.01,6
319088,independent,120,1,split_pca4,0.9990496594800815,0.01,6
319088,independent,120,1,random_projection4,1.2159482352302171,10.0,6
319088,independent,120,1,joint_pca8,0.9287613000927337,0.01,10
319088,independent,120,1,split_pca8,0.9923313526133231,10.0,10
319088,independent,120,1,target_shuffled_joint_pca4,1.1177012863504838,100.0,6
319088,independent,120,1,supervised_rank4,0.9503578779985253,100.0,6
320097,independent,120,0,action_only,1.0724252303187907,10.0,2
320097,independent,120,0,raw_ridge,0.6537896693356221,100.0,50
320097,independent,120,0,joint_pca4,0.8770235062692486,10.0,6
320097,independent,120,0,split_pca4,0.9136061460992573,10.0,6
320097,independent,120,0,random_projection4,0.9407755447050768,10.0,6
320097,independent,120,0,joint_pca8,0.6658517297519816,10.0,10
320097,independent,120,0,split_pca8,0.7044805113018577,10.0,10
320097,independent,120,0,target_shuffled_joint_pca4,1.1540334448348841,100.0,6
320097,independent,120,0,supervised_rank4,0.848604538778678,100.0,6
320097,independent,120,1,action_only,1.0724252303187907,10.0,2
320097,independent,120,1,raw_ridge,0.9013600762394015,100.0,50
320097,independent,120,1,joint_pca4,0.9546946899587523,10.0,6
320097,independent,120,1,split_pca4,1.0409834939221345,10.0,6
320097,independent,120,1,random_projection4,1.1518320171637155,10.0,6
320097,independent,120,1,joint_pca8,0.9065353770414493,10.0,10
320097,independent,120,1,split_pca8,0.9566141814298482,10.0,10
320097,independent,120,1,target_shuffled_joint_pca4,1.1634080453312967,100.0,6
320097,independent,120,1,supervised_rank4,0.9881026027321127,100.0,6
321106,independent,120,0,action_only,0.9370899682586873,10.0,2
321106,independent,120,0,raw_ridge,0.6325410794723683,100.0,50
321106,independent,120,0,joint_pca4,0.7737155422808762,10.0,6
321106,independent,120,0,split_pca4,0.7900712622077148,10.0,6
321106,independent,120,0,random_projection4,0.8717497984119438,10.0,6
321106,independent,120,0,joint_pca8,0.6343698220509709,10.0,10
321106,independent,120,0,split_pca8,0.6483165250346613,10.0,10
321106,independent,120,0,target_shuffled_joint_pca4,1.009198064528963,100.0,6
321106,independent,120,0,supervised_rank4,0.7547678302096231,100.0,6
321106,independent,120,1,action_only,0.9370899682586873,10.0,2
321106,independent,120,1,raw_ridge,0.9768237086984015,100.0,50
321106,independent,120,1,joint_pca4,0.9010127706270529,10.0,6
321106,independent,120,1,split_pca4,1.0037861470904779,10.0,6
321106,independent,120,1,random_projection4,1.3786903454298687,10.0,6
321106,independent,120,1,joint_pca8,0.9779897187736626,10.0,10
321106,independent,120,1,split_pca8,1.020479548174573,10.0,10
321106,independent,120,1,target_shuffled_joint_pca4,1.0286478256134681,100.0,6
321106,independent,120,1,supervised_rank4,0.9116790835423384,100.0,6
322115,independent,120,0,action_only,1.0004954486434172,10.0,2
322115,independent,120,0,raw_ridge,0.5380891290130281,100.0,50
322115,independent,120,0,joint_pca4,0.6984142212089482,10.0,6
322115,independent,120,0,split_pca4,0.792181005388695,10.0,6
322115,independent,120,0,random_projection4,0.8157216249479906,10.0,6
322115,independent,120,0,joint_pca8,0.525395001988312,10.0,10
322115,independent,120,0,split_pca8,0.5267518512753938,10.0,10
322115,independent,120,0,target_shuffled_joint_pca4,1.1770556926789184,100.0,6
322115,independent,120,0,supervised_rank4,0.6821994075248722,100.0,6
322115,independent,120,1,action_only,1.0004954486434172,10.0,2
322115,independent,120,1,raw_ridge,0.7976050848378492,100.0,50
322115,independent,120,1,joint_pca4,0.7646078632217372,10.0,6
322115,independent,120,1,split_pca4,0.9332806330966213,10.0,6
322115,independent,120,1,random_projection4,1.3853834713423359,10.0,6
322115,independent,120,1,joint_pca8,0.8819586232294341,10.0,10
322115,independent,120,1,split_pca8,0.865930410647657,10.0,10
322115,independent,120,1,target_shuffled_joint_pca4,1.18437074652718,100.0,6
322115,independent,120,1,supervised_rank4,0.8529870945790581,100.0,6
323124,independent,120,0,action_only,0.9689763978515722,10.0,2
323124,independent,120,0,raw_ridge,0.6217731236780221,100.0,50
323124,independent,120,0,joint_pca4,0.7877394737107687,10.0,6
323124,independent,120,0,split_pca4,0.7688374379714293,10.0,6
323124,independent,120,0,random_projection4,0.9248584730086916,100.0,6
323124,independent,120,0,joint_pca8,0.6314427566426375,10.0,10
323124,independent,120,0,split_pca8,0.637093272809545,10.0,10
323124,independent,120,0,target_shuffled_joint_pca4,1.0172336859958737,100.0,6
323124,independent,120,0,supervised_rank4,0.7357422120338278,100.0,6
323124,independent,120,1,action_only,0.9689763978515722,10.0,2
323124,independent,120,1,raw_ridge,0.8968083354364851,100.0,50
323124,independent,120,1,joint_pca4,0.8619598783625132,10.0,6
323124,independent,120,1,split_pca4,0.9801129230196519,10.0,6
323124,independent,120,1,random_projection4,1.0159666564932217,100.0,6
323124,independent,120,1,joint_pca8,0.8769075105763269,10.0,10
323124,independent,120,1,split_pca8,0.9819179212769673,10.0,10
323124,independent,120,1,target_shuffled_joint_pca4,1.0241090487754458,100.0,6
323124,independent,120,1,supervised_rank4,0.8774923750393459,100.0,6
324133,independent,120,0,action_only,1.0020994847958364,100.0,2
324133,independent,120,0,raw_ridge,0.5956801544321716,100.0,50
324133,independent,120,0,joint_pca4,0.7648250261881703,100.0,6
324133,independent,120,0,split_pca4,0.7856196755479014,100.0,6
324133,independent,120,0,random_projection4,0.8636219291560786,100.0,6
324133,independent,120,0,joint_pca8,0.6202210353731866,100.0,10
324133,independent,120,0,split_pca8,0.6171360365012912,100.0,10
324133,independent,120,0,target_shuffled_joint_pca4,1.0753490898861098,100.0,6
324133,independent,120,0,supervised_rank4,0.758077136870844,100.0,6
324133,independent,120,1,action_only,1.0020994847958364,100.0,2
324133,independent,120,1,raw_ridge,0.8949051524911508,100.0,50
324133,independent,120,1,joint_pca4,0.8571133434178481,100.0,6
324133,independent,120,1,split_pca4,0.9010051193166656,100.0,6
324133,independent,120,1,random_projection4,0.9662167668045124,100.0,6
324133,independent,120,1,joint_pca8,0.803399601573155,100.0,10
324133,independent,120,1,split_pca8,0.8055900644940882,100.0,10
324133,independent,120,1,target_shuffled_joint_pca4,1.0929925977926473,100.0,6
324133,independent,120,1,supervised_rank4,0.9374726006670919,100.0,6
325142,independent,120,0,action_only,1.1006665501405044,10.0,2
325142,independent,120,0,raw_ridge,0.7164335778551832,100.0,50
325142,independent,120,0,joint_pca4,0.9030041216363873,10.0,6
325142,independent,120,0,split_pca4,0.9553839622726599,10.0,6
325142,independent,120,0,random_projection4,0.9397014914122318,10.0,6
325142,independent,120,0,joint_pca8,0.7212110952822727,10.0,10
325142,independent,120,0,split_pca8,0.6942497975389104,10.0,10
325142,independent,120,0,target_shuffled_joint_pca4,1.2370460301335666,100.0,6
325142,independent,120,0,supervised_rank4,0.8780730740880122,100.0,6
325142,independent,120,1,action_only,1.1006665501405044,10.0,2
325142,independent,120,1,raw_ridge,0.9790601697987212,100.0,50
325142,independent,120,1,joint_pca4,0.9713401546610028,10.0,6
325142,independent,120,1,split_pca4,1.095057784222984,10.0,6
325142,independent,120,1,random_projection4,1.4094599950634856,10.0,6
325142,independent,120,1,joint_pca8,1.0326364782208683,10.0,10
325142,independent,120,1,split_pca8,1.032165237142163,10.0,10
325142,independent,120,1,target_shuffled_joint_pca4,1.2424246773245673,100.0,6
325142,independent,120,1,supervised_rank4,1.0178255780700423,100.0,6
326151,independent,120,0,action_only,1.1189520992064002,10.0,2
326151,independent,120,0,raw_ridge,0.5896735228101601,100.0,50
326151,independent,120,0,joint_pca4,0.8368965133959773,10.0,6
326151,independent,120,0,split_pca4,0.8429328533306912,10.0,6
326151,independent,120,0,random_projection4,0.8992102395589717,10.0,6
326151,independent,120,0,joint_pca8,0.558382785198732,10.0,10
326151,independent,120,0,split_pca8,0.6645189539841092,10.0,10
326151,independent,120,0,target_shuffled_joint_pca4,1.2432974638613516,100.0,6
326151,independent,120,0,supervised_rank4,0.8171836618608164,10.0,6
326151,independent,120,1,action_only,1.1189520992064002,10.0,2
326151,independent,120,1,raw_ridge,0.7866175411220112,100.0,50
326151,independent,120,1,joint_pca4,0.9302273986242202,10.0,6
326151,independent,120,1,split_pca4,1.0042408223013528,10.0,6
326151,independent,120,1,random_projection4,1.2935473571311689,10.0,6
326151,independent,120,1,joint_pca8,0.7711862296000385,10.0,10
326151,independent,120,1,split_pca8,0.8982177215921879,10.0,10
326151,independent,120,1,target_shuffled_joint_pca4,1.247418285708077,100.0,6
326151,independent,120,1,supervised_rank4,1.1953740809448248,10.0,6
327160,independent,120,0,action_only,1.092998258510808,10.0,2
327160,independent,120,0,raw_ridge,0.658554876347383,100.0,50
327160,independent,120,0,joint_pca4,0.7737266079705446,10.0,6
327160,independent,120,0,split_pca4,0.8233732667307736,10.0,6
327160,independent,120,0,random_projection4,0.9655569277154493,10.0,6
327160,independent,120,0,joint_pca8,0.6461901295551508,10.0,10
327160,independent,120,0,split_pca8,0.6351271742474311,10.0,10
327160,independent,120,0,target_shuffled_joint_pca4,1.2450774248750685,100.0,6
327160,independent,120,0,supervised_rank4,0.7727802169418971,100.0,6
327160,independent,120,1,action_only,1.092998258510808,10.0,2
327160,independent,120,1,raw_ridge,0.9174233206498801,100.0,50
327160,independent,120,1,joint_pca4,0.8777229313272668,10.0,6
327160,independent,120,1,split_pca4,0.9776043723948017,10.0,6
327160,independent,120,1,random_projection4,1.4357520121936589,10.0,6
327160,independent,120,1,joint_pca8,0.8708916718592505,10.0,10
327160,independent,120,1,split_pca8,0.9613055422415849,10.0,10
327160,independent,120,1,target_shuffled_joint_pca4,1.2577455630859435,100.0,6
327160,independent,120,1,supervised_rank4,0.901008501731822,100.0,6
328169,independent,120,0,action_only,0.9509629817390536,10.0,2
328169,independent,120,0,raw_ridge,0.6257793564968928,100.0,50
328169,independent,120,0,joint_pca4,0.7753740316406809,10.0,6
328169,independent,120,0,split_pca4,0.8058518005849471,100.0,6
328169,independent,120,0,random_projection4,0.8726919814453207,10.0,6
328169,independent,120,0,joint_pca8,0.6250050161853039,10.0,10
328169,independent,120,0,split_pca8,0.647782044718094,10.0,10
328169,independent,120,0,target_shuffled_joint_pca4,1.0143479614183764,100.0,6
328169,independent,120,0,supervised_rank4,0.7379980003804728,100.0,6
328169,independent,120,1,action_only,0.9509629817390536,10.0,2
328169,independent,120,1,raw_ridge,0.793991641718338,100.0,50
328169,independent,120,1,joint_pca4,0.8613008898406936,10.0,6
328169,independent,120,1,split_pca4,0.9042198805906546,100.0,6
328169,independent,120,1,random_projection4,1.1872286606216167,10.0,6
328169,independent,120,1,joint_pca8,0.746645975109655,10.0,10
328169,independent,120,1,split_pca8,0.8975285849895036,10.0,10
328169,independent,120,1,target_shuffled_joint_pca4,1.019113690815723,100.0,6
328169,independent,120,1,supervised_rank4,0.831072401282987,100.0,6
329178,independent,120,0,action_only,0.8781243663684913,10.0,2
329178,independent,120,0,raw_ridge,0.5180568038987892,100.0,50
329178,independent,120,0,joint_pca4,0.6614431431880401,10.0,6
329178,independent,120,0,split_pca4,0.6864441377449974,10.0,6
329178,independent,120,0,random_projection4,0.7995567504860263,10.0,6
329178,independent,120,0,joint_pca8,0.5270970289750597,10.0,10
329178,independent,120,0,split_pca8,0.5201147633438278,10.0,10
329178,independent,120,0,target_shuffled_joint_pca4,0.9896828898509248,100.0,6
329178,independent,120,0,supervised_rank4,0.6802460170258697,100.0,6
329178,independent,120,1,action_only,0.8781243663684913,10.0,2
329178,independent,120,1,raw_ridge,0.7623470952782287,100.0,50
329178,independent,120,1,joint_pca4,0.7286768758694377,10.0,6
329178,independent,120,1,split_pca4,0.8196032459088431,10.0,6
329178,independent,120,1,random_projection4,1.115019683684132,10.0,6
329178,independent,120,1,joint_pca8,0.7344006172727281,10.0,10
329178,independent,120,1,split_pca8,0.7770710159340262,10.0,10
329178,independent,120,1,target_shuffled_joint_pca4,0.9986643560032371,100.0,6
329178,independent,120,1,supervised_rank4,0.8051462723254559,100.0,6
330187,independent,120,0,action_only,1.0910022659790088,10.0,2
330187,independent,120,0,raw_ridge,0.6465102407546006,100.0,50
330187,independent,120,0,joint_pca4,0.7989538532579569,10.0,6
330187,independent,120,0,split_pca4,0.8494140904687707,10.0,6
330187,independent,120,0,random_projection4,0.9614871519908488,1.0,6
330187,independent,120,0,joint_pca8,0.6306937359006086,10.0,10
330187,independent,120,0,split_pca8,0.6479743612631388,10.0,10
330187,independent,120,0,target_shuffled_joint_pca4,1.2373125729505021,100.0,6
330187,independent,120,0,supervised_rank4,0.7835943413124176,100.0,6
330187,independent,120,1,action_only,1.0910022659790088,10.0,2
330187,independent,120,1,raw_ridge,0.9351637863012157,100.0,50
330187,independent,120,1,joint_pca4,0.8978256049216772,10.0,6
330187,independent,120,1,split_pca4,1.0022388382536038,10.0,6
330187,independent,120,1,random_projection4,1.3563065451036518,1.0,6
330187,independent,120,1,joint_pca8,0.9359488985045331,10.0,10
330187,independent,120,1,split_pca8,0.989703254111754,10.0,10
330187,independent,120,1,target_shuffled_joint_pca4,1.2455436687516714,100.0,6
330187,independent,120,1,supervised_rank4,0.9463479698823029,100.0,6
331196,independent,120,0,action_only,0.9356159828648353,10.0,2
331196,independent,120,0,raw_ridge,0.5908668415748575,100.0,50
331196,independent,120,0,joint_pca4,0.7483351619877704,10.0,6
331196,independent,120,0,split_pca4,0.7597255969824618,10.0,6
331196,independent,120,0,random_projection4,0.8111177531309124,10.0,6
331196,independent,120,0,joint_pca8,0.5844126883197891,10.0,10
331196,independent,120,0,split_pca8,0.5994642865023496,10.0,10
331196,independent,120,0,target_shuffled_joint_pca4,1.0331200553601194,100.0,6
331196,independent,120,0,supervised_rank4,0.7274588928543163,100.0,6
331196,independent,120,1,action_only,0.9356159828648353,10.0,2
331196,independent,120,1,raw_ridge,0.8635375462757723,100.0,50
331196,independent,120,1,joint_pca4,0.8562796809017565,10.0,6
331196,independent,120,1,split_pca4,0.9575972806565245,10.0,6
331196,independent,120,1,random_projection4,1.2578242369435915,10.0,6
331196,independent,120,1,joint_pca8,0.8382499735574176,10.0,10
331196,independent,120,1,split_pca8,0.9076414145716598,10.0,10
331196,independent,120,1,target_shuffled_joint_pca4,1.0403049676267078,100.0,6
331196,independent,120,1,supervised_rank4,0.8615014071457691,100.0,6
332205,independent,120,0,action_only,1.042055382704484,10.0,2
332205,independent,120,0,raw_ridge,0.6838523895509894,100.0,50
332205,independent,120,0,joint_pca4,0.8529317899482171,10.0,6
332205,independent,120,0,split_pca4,0.8504937756526786,10.0,6
332205,independent,120,0,random_projection4,0.9385255373595494,10.0,6
332205,independent,120,0,joint_pca8,0.6967277492349226,10.0,10
332205,independent,120,0,split_pca8,0.7009057201004243,10.0,10
332205,independent,120,0,target_shuffled_joint_pca4,1.0784302675677653,100.0,6
332205,independent,120,0,supervised_rank4,0.8369922736882659,100.0,6
332205,independent,120,1,action_only,1.042055382704484,10.0,2
332205,independent,120,1,raw_ridge,1.0205765765821988,100.0,50
332205,independent,120,1,joint_pca4,0.9411999913959893,10.0,6
332205,independent,120,1,split_pca4,1.0936024192569793,10.0,6
332205,independent,120,1,random_projection4,1.178442004111357,10.0,6
332205,independent,120,1,joint_pca8,1.0237662896105024,10.0,10
332205,independent,120,1,split_pca8,1.0581552276508257,10.0,10
332205,independent,120,1,target_shuffled_joint_pca4,1.0934908124926255,100.0,6
332205,independent,120,1,supervised_rank4,1.0006744752094106,100.0,6
333214,independent,120,0,action_only,0.9796942013309373,10.0,2
333214,independent,120,0,raw_ridge,0.5663184483641103,100.0,50
333214,independent,120,0,joint_pca4,0.7334930578403278,10.0,6
333214,independent,120,0,split_pca4,0.7569999686725082,10.0,6
333214,independent,120,0,random_projection4,0.8692487905455345,10.0,6
333214,independent,120,0,joint_pca8,0.591146948334187,10.0,10
333214,independent,120,0,split_pca8,0.5893439671398661,10.0,10
333214,independent,120,0,target_shuffled_joint_pca4,1.070167107985654,100.0,6
333214,independent,120,0,supervised_rank4,0.7085910386738852,100.0,6
333214,independent,120,1,action_only,0.9796942013309373,10.0,2
333214,independent,120,1,raw_ridge,0.8224529172530374,100.0,50
333214,independent,120,1,joint_pca4,0.8118635350201363,10.0,6
333214,independent,120,1,split_pca4,0.9239143908246773,10.0,6
333214,independent,120,1,random_projection4,1.1902528564201804,10.0,6
333214,independent,120,1,joint_pca8,0.8253044923687519,10.0,10
333214,independent,120,1,split_pca8,0.8896055954292742,10.0,10
333214,independent,120,1,target_shuffled_joint_pca4,1.076057378056626,100.0,6
333214,independent,120,1,supervised_rank4,0.8489428418749553,100.0,6
310007,independent,1000,0,action_only,0.9175029208720767,0.01,2
310007,independent,1000,0,raw_ridge,0.43213315648586437,100.0,50
310007,independent,1000,0,joint_pca4,0.6408176104718843,10.0,6
310007,independent,1000,0,split_pca4,0.6906847374631926,0.01,6
310007,independent,1000,0,random_projection4,0.7460883997866881,0.01,6
310007,independent,1000,0,joint_pca8,0.49023199174126886,10.0,10
310007,independent,1000,0,split_pca8,0.4855326453086671,10.0,10
310007,independent,1000,0,target_shuffled_joint_pca4,1.030081337627577,100.0,6
310007,independent,1000,0,supervised_rank4,0.6277715885761393,100.0,6
310007,independent,1000,1,action_only,0.9175029208720767,0.01,2
310007,independent,1000,1,raw_ridge,0.5942292055873922,100.0,50
310007,independent,1000,1,joint_pca4,0.7248113794045625,10.0,6
310007,independent,1000,1,split_pca4,0.8124111981023262,0.01,6
310007,independent,1000,1,random_projection4,1.064082182872339,0.01,6
310007,independent,1000,1,joint_pca8,0.6418808136564492,10.0,10
310007,independent,1000,1,split_pca8,0.6494943238171176,10.0,10
310007,independent,1000,1,target_shuffled_joint_pca4,1.0317806631077575,100.0,6
310007,independent,1000,1,supervised_rank4,0.6867839289525548,100.0,6
311016,independent,1000,0,action_only,0.9121627345060984,0.01,2
311016,independent,1000,0,raw_ridge,0.46063386548773383,100.0,50
311016,independent,1000,0,joint_pca4,0.6691166994203162,0.01,6
311016,independent,1000,0,split_pca4,0.6828102038920152,0.01,6
311016,independent,1000,0,random_projection4,0.7589611469777517,0.01,6
311016,independent,1000,0,joint_pca8,0.4873184319912267,0.01,10
311016,independent,1000,0,split_pca8,0.4855329826412274,0.01,10
311016,independent,1000,0,target_shuffled_joint_pca4,1.0381192362230347,0.01,6
311016,independent,1000,0,supervised_rank4,0.6272260475745517,100.0,6
311016,independent,1000,1,action_only,0.9121627345060984,0.01,2
311016,independent,1000,1,raw_ridge,0.7576387465007778,100.0,50
311016,independent,1000,1,joint_pca4,0.8109024860699302,0.01,6
311016,independent,1000,1,split_pca4,0.8310349782998091,0.01,6
311016,independent,1000,1,random_projection4,1.1472906500483862,0.01,6
311016,independent,1000,1,joint_pca8,0.7514535228130828,0.01,10
311016,independent,1000,1,split_pca8,0.7715029188929102,0.01,10
311016,independent,1000,1,target_shuffled_joint_pca4,1.0386270780073683,0.01,6
311016,independent,1000,1,supervised_rank4,0.7820298434613953,100.0,6
312025,independent,1000,0,action_only,0.9328465139744134,100.0,2
312025,independent,1000,0,raw_ridge,0.5431876071329178,100.0,50
312025,independent,1000,0,joint_pca4,0.7311533835894649,10.0,6
312025,independent,1000,0,split_pca4,0.7536758914857764,100.0,6
312025,independent,1000,0,random_projection4,0.8299062446993042,100.0,6
312025,independent,1000,0,joint_pca8,0.5581500142814679,10.0,10
312025,independent,1000,0,split_pca8,0.5572548205322622,0.01,10
312025,independent,1000,0,target_shuffled_joint_pca4,1.007288332548252,0.01,6
312025,independent,1000,0,supervised_rank4,0.7440689269186189,100.0,6
312025,independent,1000,1,action_only,0.9328465139744134,100.0,2
312025,independent,1000,1,raw_ridge,0.8272944609224763,100.0,50
312025,independent,1000,1,joint_pca4,0.860248742320444,10.0,6
312025,independent,1000,1,split_pca4,0.8860805214351279,100.0,6
312025,independent,1000,1,random_projection4,1.0787977449584139,100.0,6
312025,independent,1000,1,joint_pca8,0.7884822151956712,10.0,10
312025,independent,1000,1,split_pca8,0.7925012591323898,0.01,10
312025,independent,1000,1,target_shuffled_joint_pca4,1.0090877915512402,0.01,6
312025,independent,1000,1,supervised_rank4,0.8548579420935537,100.0,6
313034,independent,1000,0,action_only,1.001814552233021,0.01,2
313034,independent,1000,0,raw_ridge,0.551736863058478,100.0,50
313034,independent,1000,0,joint_pca4,0.7614437212075355,0.01,6
313034,independent,1000,0,split_pca4,0.7838937432953447,0.01,6
313034,independent,1000,0,random_projection4,0.867036054198693,0.01,6
313034,independent,1000,0,joint_pca8,0.5900866655233432,0.01,10
313034,independent,1000,0,split_pca8,0.5994069987967205,0.01,10
313034,independent,1000,0,target_shuffled_joint_pca4,1.0554543199915782,100.0,6
313034,independent,1000,0,supervised_rank4,0.7475531764510859,100.0,6
313034,independent,1000,1,action_only,1.001814552233021,0.01,2
313034,independent,1000,1,raw_ridge,0.9272462861901866,100.0,50
313034,independent,1000,1,joint_pca4,0.8564082599108477,0.01,6
313034,independent,1000,1,split_pca4,0.9495449772771162,0.01,6
313034,independent,1000,1,random_projection4,1.2771693040867471,0.01,6
313034,independent,1000,1,joint_pca8,0.8919655599370715,0.01,10
313034,independent,1000,1,split_pca8,0.9736245075585556,0.01,10
313034,independent,1000,1,target_shuffled_joint_pca4,1.0592320832187634,100.0,6
313034,independent,1000,1,supervised_rank4,0.9426743014157907,100.0,6
314043,independent,1000,0,action_only,0.9321740728582327,0.01,2
314043,independent,1000,0,raw_ridge,0.4851382575719591,100.0,50
314043,independent,1000,0,joint_pca4,0.6641845035391148,0.01,6
314043,independent,1000,0,split_pca4,0.7004665377816113,0.01,6
314043,independent,1000,0,random_projection4,0.7732135928422731,0.01,6
314043,independent,1000,0,joint_pca8,0.5002979249436917,0.01,10
314043,independent,1000,0,split_pca8,0.5017553037165492,0.01,10
314043,independent,1000,0,target_shuffled_joint_pca4,1.0243196157392143,0.01,6
314043,independent,1000,0,supervised_rank4,0.715692292012691,100.0,6
314043,independent,1000,1,action_only,0.9321740728582327,0.01,2
314043,independent,1000,1,raw_ridge,0.8061359451460343,100.0,50
314043,independent,1000,1,joint_pca4,0.7394104008859204,0.01,6
314043,independent,1000,1,split_pca4,0.8761128478866932,0.01,6
314043,independent,1000,1,random_projection4,1.211301341935267,0.01,6
314043,independent,1000,1,joint_pca8,0.6823363471003289,0.01,10
314043,independent,1000,1,split_pca8,0.7987508901047158,0.01,10
314043,independent,1000,1,target_shuffled_joint_pca4,1.0284606351541024,0.01,6
314043,independent,1000,1,supervised_rank4,0.9056499163918584,100.0,6
315052,independent,1000,0,action_only,0.9531679745130363,1.0,2
315052,independent,1000,0,raw_ridge,0.5253523497564921,100.0,50
315052,independent,1000,0,joint_pca4,0.7174992196284872,10.0,6
315052,independent,1000,0,split_pca4,0.7361223757888028,10.0,6
315052,independent,1000,0,random_projection4,0.8239194359757032,100.0,6
315052,independent,1000,0,joint_pca8,0.5547974409046676,10.0,10
315052,independent,1000,0,split_pca8,0.559315307895749,1.0,10
315052,independent,1000,0,target_shuffled_joint_pca4,1.0222808315810412,100.0,6
315052,independent,1000,0,supervised_rank4,0.7237575353993997,100.0,6
315052,independent,1000,1,action_only,0.9531679745130363,1.0,2
315052,independent,1000,1,raw_ridge,0.8192516700730814,100.0,50
315052,independent,1000,1,joint_pca4,0.8308654823501863,10.0,6
315052,independent,1000,1,split_pca4,0.9233663581057935,10.0,6
315052,independent,1000,1,random_projection4,1.0117652422666734,100.0,6
315052,independent,1000,1,joint_pca8,0.7964900499633701,10.0,10
315052,independent,1000,1,split_pca8,0.8388471812528758,1.0,10
315052,independent,1000,1,target_shuffled_joint_pca4,1.0237417334421488,100.0,6
315052,independent,1000,1,supervised_rank4,0.8653518436494213,100.0,6
316061,independent,1000,0,action_only,0.8657204507982578,10.0,2
316061,independent,1000,0,raw_ridge,0.4442955668170689,100.0,50
316061,independent,1000,0,joint_pca4,0.5878230756090426,0.01,6
316061,independent,1000,0,split_pca4,0.6191905207206171,0.01,6
316061,independent,1000,0,random_projection4,0.7032516210238443,10.0,6
316061,independent,1000,0,joint_pca8,0.456576073628075,0.01,10
316061,independent,1000,0,split_pca8,0.46565484624895187,10.0,10
316061,independent,1000,0,target_shuffled_joint_pca4,0.9802498491461346,100.0,6
316061,independent,1000,0,supervised_rank4,0.6259298124150449,100.0,6
316061,independent,1000,1,action_only,0.8657204507982578,10.0,2
316061,independent,1000,1,raw_ridge,0.6585105639645857,100.0,50
316061,independent,1000,1,joint_pca4,0.663036403814277,0.01,6
316061,independent,1000,1,split_pca4,0.732401139330414,0.01,6
316061,independent,1000,1,random_projection4,0.9525826547050887,10.0,6
316061,independent,1000,1,joint_pca8,0.6531599399469314,0.01,10
316061,independent,1000,1,split_pca8,0.6679598082307181,10.0,10
316061,independent,1000,1,target_shuffled_joint_pca4,0.9809821805112284,100.0,6
316061,independent,1000,1,supervised_rank4,0.7652745611220243,100.0,6
317070,independent,1000,0,action_only,0.9130532374225913,1.0,2
317070,independent,1000,0,raw_ridge,0.46716238218060635,100.0,50
317070,independent,1000,0,joint_pca4,0.6094719365356038,0.01,6
317070,independent,1000,0,split_pca4,0.6457886639015695,10.0,6
317070,independent,1000,0,random_projection4,0.7965222917009265,0.01,6
317070,independent,1000,0,joint_pca8,0.48569583138004396,0.01,10
317070,independent,1000,0,split_pca8,0.4898867113149074,0.01,10
317070,independent,1000,0,target_shuffled_joint_pca4,1.0308311455885701,100.0,6
317070,independent,1000,0,supervised_rank4,0.6382077689813729,100.0,6
317070,independent,1000,1,action_only,0.9130532374225913,1.0,2
317070,independent,1000,1,raw_ridge,0.789235158141821,100.0,50
317070,independent,1000,1,joint_pca4,0.7091700623509621,0.01,6
317070,independent,1000,1,split_pca4,0.8409805327926301,10.0,6
317070,independent,1000,1,random_projection4,1.2060186617956037,0.01,6
317070,independent,1000,1,joint_pca8,0.6518165219754144,0.01,10
317070,independent,1000,1,split_pca8,0.8411287086087214,0.01,10
317070,independent,1000,1,target_shuffled_joint_pca4,1.031891842605712,100.0,6
317070,independent,1000,1,supervised_rank4,0.8753679538110652,100.0,6
318079,independent,1000,0,action_only,0.9331345550458723,100.0,2
318079,independent,1000,0,raw_ridge,0.5009747859961977,100.0,50
318079,independent,1000,0,joint_pca4,0.7297260127343268,10.0,6
318079,independent,1000,0,split_pca4,0.7120331349640366,10.0,6
318079,independent,1000,0,random_projection4,0.8267205159217358,10.0,6
318079,independent,1000,0,joint_pca8,0.5465793034156372,1.0,10
318079,independent,1000,0,split_pca8,0.550340902481985,0.01,10
318079,independent,1000,0,target_shuffled_joint_pca4,0.993498290266075,100.0,6
318079,independent,1000,0,supervised_rank4,0.6836477336239057,10.0,6
318079,independent,1000,1,action_only,0.9331345550458723,100.0,2
318079,independent,1000,1,raw_ridge,0.8191103267218319,100.0,50
318079,independent,1000,1,joint_pca4,0.7740605747858585,10.0,6
318079,independent,1000,1,split_pca4,0.8961656884210295,10.0,6
318079,independent,1000,1,random_projection4,1.0812033415154056,10.0,6
318079,independent,1000,1,joint_pca8,0.8382122347983755,1.0,10
318079,independent,1000,1,split_pca8,0.8559544427842922,0.01,10
318079,independent,1000,1,target_shuffled_joint_pca4,0.9950133731080876,100.0,6
318079,independent,1000,1,supervised_rank4,0.8945879761813008,10.0,6
319088,independent,1000,0,action_only,0.9204869402976696,0.01,2
319088,independent,1000,0,raw_ridge,0.5260227858945941,100.0,50
319088,independent,1000,0,joint_pca4,0.7034892895736977,0.01,6
319088,independent,1000,0,split_pca4,0.7410952426076373,0.01,6
319088,independent,1000,0,random_projection4,0.8070923211757401,10.0,6
319088,independent,1000,0,joint_pca8,0.5598498161838186,0.01,10
319088,independent,1000,0,split_pca8,0.5695333224080519,0.01,10
319088,independent,1000,0,target_shuffled_joint_pca4,1.0216425435581742,100.0,6
319088,independent,1000,0,supervised_rank4,0.7174736132831561,100.0,6
319088,independent,1000,1,action_only,0.9204869402976696,0.01,2
319088,independent,1000,1,raw_ridge,0.7829114704290759,100.0,50
319088,independent,1000,1,joint_pca4,0.7901935845272233,0.01,6
319088,independent,1000,1,split_pca4,0.9049753671781401,0.01,6
319088,independent,1000,1,random_projection4,1.061095462893282,10.0,6
319088,independent,1000,1,joint_pca8,0.796783552321564,0.01,10
319088,independent,1000,1,split_pca8,0.8327887485343166,0.01,10
319088,independent,1000,1,target_shuffled_joint_pca4,1.023918257747972,100.0,6
319088,independent,1000,1,supervised_rank4,0.8171615319239459,100.0,6
320097,independent,1000,0,action_only,0.9894586185112139,10.0,2
320097,independent,1000,0,raw_ridge,0.5328287483965076,100.0,50
320097,independent,1000,0,joint_pca4,0.7660918313776688,0.01,6
320097,independent,1000,0,split_pca4,0.7818947656959795,0.01,6
320097,independent,1000,0,random_projection4,0.8233035922761679,0.01,6
320097,independent,1000,0,joint_pca8,0.5601837008667198,0.01,10
320097,independent,1000,0,split_pca8,0.5828182451301543,0.01,10
320097,independent,1000,0,target_shuffled_joint_pca4,1.057583357379626,100.0,6
320097,independent,1000,0,supervised_rank4,0.7318227840852032,100.0,6
320097,independent,1000,1,action_only,0.9894586185112139,10.0,2
320097,independent,1000,1,raw_ridge,0.8468707477641924,100.0,50
320097,independent,1000,1,joint_pca4,0.8288480994175647,0.01,6
320097,independent,1000,1,split_pca4,0.9039843832873475,0.01,6
320097,independent,1000,1,random_projection4,1.0954172530605626,0.01,6
320097,independent,1000,1,joint_pca8,0.8228747275653591,0.01,10
320097,independent,1000,1,split_pca8,0.8532636313346535,0.01,10
320097,independent,1000,1,target_shuffled_joint_pca4,1.0584073180418563,100.0,6
320097,independent,1000,1,supervised_rank4,0.8822972618531518,100.0,6
321106,independent,1000,0,action_only,0.9079607736800593,100.0,2
321106,independent,1000,0,raw_ridge,0.5523719868301875,100.0,50
321106,independent,1000,0,joint_pca4,0.7027309408443213,10.0,6
321106,independent,1000,0,split_pca4,0.741055185810113,10.0,6
321106,independent,1000,0,random_projection4,0.814549073050302,10.0,6
321106,independent,1000,0,joint_pca8,0.5811792642877001,10.0,10
321106,independent,1000,0,split_pca8,0.5802455874554654,1.0,10
321106,independent,1000,0,target_shuffled_joint_pca4,0.9607001950640947,0.01,6
321106,independent,1000,0,supervised_rank4,0.7078337077905612,100.0,6
321106,independent,1000,1,action_only,0.9079607736800593,100.0,2
321106,independent,1000,1,raw_ridge,0.8464337608161562,100.0,50
321106,independent,1000,1,joint_pca4,0.8134636130529832,10.0,6
321106,independent,1000,1,split_pca4,0.8918143293552502,10.0,6
321106,independent,1000,1,random_projection4,1.169057616468953,10.0,6
321106,independent,1000,1,joint_pca8,0.7655734336583818,10.0,10
321106,independent,1000,1,split_pca8,0.857923768318264,1.0,10
321106,independent,1000,1,target_shuffled_joint_pca4,0.9616933004605753,0.01,6
321106,independent,1000,1,supervised_rank4,0.8314889748874237,100.0,6
322115,independent,1000,0,action_only,0.9134091624084187,10.0,2
322115,independent,1000,0,raw_ridge,0.4289683712602992,100.0,50
322115,independent,1000,0,joint_pca4,0.6215709399293968,0.01,6
322115,independent,1000,0,split_pca4,0.6959043033021691,0.01,6
322115,independent,1000,0,random_projection4,0.7421487572948546,10.0,6
322115,independent,1000,0,joint_pca8,0.46034035766514025,0.01,10
322115,independent,1000,0,split_pca8,0.46436366637251175,0.01,10
322115,independent,1000,0,target_shuffled_joint_pca4,1.0434523465635692,100.0,6
322115,independent,1000,0,supervised_rank4,0.6119712260597883,100.0,6
322115,independent,1000,1,action_only,0.9134091624084187,10.0,2
322115,independent,1000,1,raw_ridge,0.7352691040975985,100.0,50
322115,independent,1000,1,joint_pca4,0.689350759770364,0.01,6
322115,independent,1000,1,split_pca4,0.8440292986928365,0.01,6
322115,independent,1000,1,random_projection4,1.2211121015488837,10.0,6
322115,independent,1000,1,joint_pca8,0.7287341424462903,0.01,10
322115,independent,1000,1,split_pca8,0.7848190490267685,0.01,10
322115,independent,1000,1,target_shuffled_joint_pca4,1.044592966234949,100.0,6
322115,independent,1000,1,supervised_rank4,0.8321379352557433,100.0,6
323124,independent,1000,0,action_only,0.9515394761917949,10.0,2
323124,independent,1000,0,raw_ridge,0.5573248413783605,100.0,50
323124,independent,1000,0,joint_pca4,0.7394170799098893,10.0,6
323124,independent,1000,0,split_pca4,0.7305505253270146,100.0,6
323124,independent,1000,0,random_projection4,0.8628254465531344,10.0,6
323124,independent,1000,0,joint_pca8,0.580171058393685,100.0,10
323124,independent,1000,0,split_pca8,0.5879675063104624,100.0,10
323124,independent,1000,0,target_shuffled_joint_pca4,1.0154164174115388,0.01,6
323124,independent,1000,0,supervised_rank4,0.7051588173996486,100.0,6
323124,independent,1000,1,action_only,0.9515394761917949,10.0,2
323124,independent,1000,1,raw_ridge,0.9445845924131125,100.0,50
323124,independent,1000,1,joint_pca4,0.8035675096670164,10.0,6
323124,independent,1000,1,split_pca4,0.9093544487683622,100.0,6
323124,independent,1000,1,random_projection4,1.1304161596536813,10.0,6
323124,independent,1000,1,joint_pca8,0.7643872498259519,100.0,10
323124,independent,1000,1,split_pca8,0.9125323989621847,100.0,10
323124,independent,1000,1,target_shuffled_joint_pca4,1.0166769030982132,0.01,6
323124,independent,1000,1,supervised_rank4,0.9919570470892551,100.0,6
324133,independent,1000,0,action_only,0.980800996612279,100.0,2
324133,independent,1000,0,raw_ridge,0.5194581974806102,100.0,50
324133,independent,1000,0,joint_pca4,0.710059047128554,100.0,6
324133,independent,1000,0,split_pca4,0.7254103821396942,100.0,6
324133,independent,1000,0,random_projection4,0.7938372691028135,100.0,6
324133,independent,1000,0,joint_pca8,0.5475105382690748,100.0,10
324133,independent,1000,0,split_pca8,0.5570723817719018,100.0,10
324133,independent,1000,0,target_shuffled_joint_pca4,1.069534035182707,0.01,6
324133,independent,1000,0,supervised_rank4,0.7005145358125604,100.0,6
324133,independent,1000,1,action_only,0.980800996612279,100.0,2
324133,independent,1000,1,raw_ridge,0.860471207592686,100.0,50
324133,independent,1000,1,joint_pca4,0.8660223359132307,100.0,6
324133,independent,1000,1,split_pca4,0.89489122936959,100.0,6
324133,independent,1000,1,random_projection4,1.0120078880395764,100.0,6
324133,independent,1000,1,joint_pca8,0.7758061757805076,100.0,10
324133,independent,1000,1,split_pca8,0.8347655106741194,100.0,10
324133,independent,1000,1,target_shuffled_joint_pca4,1.0729345442548162,0.01,6
324133,independent,1000,1,supervised_rank4,0.9193538448578162,100.0,6
325142,independent,1000,0,action_only,0.9654370222982516,0.01,2
325142,independent,1000,0,raw_ridge,0.537916748259746,100.0,50
325142,independent,1000,0,joint_pca4,0.7332833082466373,0.01,6
325142,independent,1000,0,split_pca4,0.7611929780692438,0.01,6
325142,independent,1000,0,random_projection4,0.7826001615487418,0.01,6
325142,independent,1000,0,joint_pca8,0.5849489662283334,0.01,10
325142,independent,1000,0,split_pca8,0.5693070875905062,0.01,10
325142,independent,1000,0,target_shuffled_joint_pca4,1.0213133412888007,0.01,6
325142,independent,1000,0,supervised_rank4,0.7327912577490164,100.0,6
325142,independent,1000,1,action_only,0.9654370222982516,0.01,2
325142,independent,1000,1,raw_ridge,0.8332821211328719,100.0,50
325142,independent,1000,1,joint_pca4,0.8047085017632829,0.01,6
325142,independent,1000,1,split_pca4,0.8746392462057708,0.01,6
325142,independent,1000,1,random_projection4,1.2876000472148281,0.01,6
325142,independent,1000,1,joint_pca8,0.8172053658710237,0.01,10
325142,independent,1000,1,split_pca8,0.919385976536245,0.01,10
325142,independent,1000,1,target_shuffled_joint_pca4,1.0215711670776508,0.01,6
325142,independent,1000,1,supervised_rank4,0.9079933931557016,100.0,6
326151,independent,1000,0,action_only,0.8434598166988105,10.0,2
326151,independent,1000,0,raw_ridge,0.3681325428904356,100.0,50
326151,independent,1000,0,joint_pca4,0.5541127317349326,10.0,6
326151,independent,1000,0,split_pca4,0.5822942297953967,10.0,6
326151,independent,1000,0,random_projection4,0.6253818592058408,10.0,6
326151,independent,1000,0,joint_pca8,0.40056100628846975,10.0,10
326151,independent,1000,0,split_pca8,0.42908278065384764,10.0,10
326151,independent,1000,0,target_shuffled_joint_pca4,0.9641440731409625,0.01,6
326151,independent,1000,0,supervised_rank4,0.5787656940707093,100.0,6
326151,independent,1000,1,action_only,0.8434598166988105,10.0,2
326151,independent,1000,1,raw_ridge,0.6166412321128303,100.0,50
326151,independent,1000,1,joint_pca4,0.6302117685841859,10.0,6
326151,independent,1000,1,split_pca4,0.725904753874806,10.0,6
326151,independent,1000,1,random_projection4,1.0758168091449003,10.0,6
326151,independent,1000,1,joint_pca8,0.6303517718912344,10.0,10
326151,independent,1000,1,split_pca8,0.6654652871530073,10.0,10
326151,independent,1000,1,target_shuffled_joint_pca4,0.9649995629583379,0.01,6
326151,independent,1000,1,supervised_rank4,0.6943308289605338,100.0,6
327160,independent,1000,0,action_only,0.8783300829302141,10.0,2
327160,independent,1000,0,raw_ridge,0.4507143967753764,100.0,50
327160,independent,1000,0,joint_pca4,0.5943698498575922,100.0,6
327160,independent,1000,0,split_pca4,0.6336299636625113,100.0,6
327160,independent,1000,0,random_projection4,0.7515750878325442,10.0,6
327160,independent,1000,0,joint_pca8,0.4740896098548548,10.0,10
327160,independent,1000,0,split_pca8,0.48383535285324847,10.0,10
327160,independent,1000,0,target_shuffled_joint_pca4,0.9957417910224222,100.0,6
327160,independent,1000,0,supervised_rank4,0.6339481345289811,100.0,6
327160,independent,1000,1,action_only,0.8783300829302141,10.0,2
327160,independent,1000,1,raw_ridge,0.7347342656379591,100.0,50
327160,independent,1000,1,joint_pca4,0.668722156616934,100.0,6
327160,independent,1000,1,split_pca4,0.7551734564285469,100.0,6
327160,independent,1000,1,random_projection4,1.173437289676109,10.0,6
327160,independent,1000,1,joint_pca8,0.737120449940641,10.0,10
327160,independent,1000,1,split_pca8,0.7491216610635402,10.0,10
327160,independent,1000,1,target_shuffled_joint_pca4,0.9956475157697238,100.0,6
327160,independent,1000,1,supervised_rank4,0.7869127548458544,100.0,6
328169,independent,1000,0,action_only,1.0037708956370053,0.01,2
328169,independent,1000,0,raw_ridge,0.5634993055187002,100.0,50
328169,independent,1000,0,joint_pca4,0.779601997429829,0.01,6
328169,independent,1000,0,split_pca4,0.7921151875811958,0.01,6
328169,independent,1000,0,random_projection4,0.8832758384019326,0.01,6
328169,independent,1000,0,joint_pca8,0.5969597642555544,0.01,10
328169,independent,1000,0,split_pca8,0.6189459870706431,0.01,10
328169,independent,1000,0,target_shuffled_joint_pca4,1.084655411959624,0.01,6
328169,independent,1000,0,supervised_rank4,0.7581798099319245,100.0,6
328169,independent,1000,1,action_only,1.0037708956370053,0.01,2
328169,independent,1000,1,raw_ridge,0.8704451827931744,100.0,50
328169,independent,1000,1,joint_pca4,0.8833180299807772,0.01,6
328169,independent,1000,1,split_pca4,0.920490371744619,0.01,6
328169,independent,1000,1,random_projection4,1.2423939212161461,0.01,6
328169,independent,1000,1,joint_pca8,0.8588227033487846,0.01,10
328169,independent,1000,1,split_pca8,0.8907033470680823,0.01,10
328169,independent,1000,1,target_shuffled_joint_pca4,1.084089110058136,0.01,6
328169,independent,1000,1,supervised_rank4,0.8934637361459828,100.0,6
329178,independent,1000,0,action_only,0.9410512838481796,100.0,2
329178,independent,1000,0,raw_ridge,0.49677919427503464,100.0,50
329178,independent,1000,0,joint_pca4,0.6546544465396963,0.01,6
329178,independent,1000,0,split_pca4,0.6969987678976656,10.0,6
329178,independent,1000,0,random_projection4,0.8336112792986003,10.0,6
329178,independent,1000,0,joint_pca8,0.5173016859177946,10.0,10
329178,independent,1000,0,split_pca8,0.5264448506341332,10.0,10
329178,independent,1000,0,target_shuffled_joint_pca4,1.0543921139837833,100.0,6
329178,independent,1000,0,supervised_rank4,0.6923829111609063,100.0,6
329178,independent,1000,1,action_only,0.9410512838481796,100.0,2
329178,independent,1000,1,raw_ridge,0.7259823066123962,100.0,50
329178,independent,1000,1,joint_pca4,0.7431400113972327,0.01,6
329178,independent,1000,1,split_pca4,0.8022460602424489,10.0,6
329178,independent,1000,1,random_projection4,1.1165282837795938,10.0,6
329178,independent,1000,1,joint_pca8,0.6726396777249466,10.0,10
329178,independent,1000,1,split_pca8,0.7746777668202656,10.0,10
329178,independent,1000,1,target_shuffled_joint_pca4,1.0555078208806103,100.0,6
329178,independent,1000,1,supervised_rank4,0.8197770839380563,100.0,6
330187,independent,1000,0,action_only,0.976208357878269,0.01,2
330187,independent,1000,0,raw_ridge,0.5084461989160116,100.0,50
330187,independent,1000,0,joint_pca4,0.6968811632176346,0.01,6
330187,independent,1000,0,split_pca4,0.7172887242596283,0.01,6
330187,independent,1000,0,random_projection4,0.8264433749926294,0.01,6
330187,independent,1000,0,joint_pca8,0.5223695543976696,10.0,10
330187,independent,1000,0,split_pca8,0.5276765925393881,10.0,10
330187,independent,1000,0,target_shuffled_joint_pca4,1.0957015382179773,100.0,6
330187,independent,1000,0,supervised_rank4,0.6692836283891814,100.0,6
330187,independent,1000,1,action_only,0.976208357878269,0.01,2
330187,independent,1000,1,raw_ridge,0.7977655159106113,100.0,50
330187,independent,1000,1,joint_pca4,0.7636737682883342,0.01,6
330187,independent,1000,1,split_pca4,0.8722878659905811,0.01,6
330187,independent,1000,1,random_projection4,1.1708628039534985,0.01,6
330187,independent,1000,1,joint_pca8,0.7666790805839393,10.0,10
330187,independent,1000,1,split_pca8,0.7934778633699134,10.0,10
330187,independent,1000,1,target_shuffled_joint_pca4,1.0978365845915512,100.0,6
330187,independent,1000,1,supervised_rank4,0.8229118033828969,100.0,6
331196,independent,1000,0,action_only,0.955270668902359,10.0,2
331196,independent,1000,0,raw_ridge,0.5360235954470524,100.0,50
331196,independent,1000,0,joint_pca4,0.7176331216513903,0.01,6
331196,independent,1000,0,split_pca4,0.7322579968597427,10.0,6
331196,independent,1000,0,random_projection4,0.7971464578938685,1.0,6
331196,independent,1000,0,joint_pca8,0.5494845284008494,10.0,10
331196,independent,1000,0,split_pca8,0.5662016212472499,10.0,10
331196,independent,1000,0,target_shuffled_joint_pca4,1.0387226464035566,100.0,6
331196,independent,1000,0,supervised_rank4,0.7190449097292938,100.0,6
331196,independent,1000,1,action_only,0.955270668902359,10.0,2
331196,independent,1000,1,raw_ridge,0.839661944536644,100.0,50
331196,independent,1000,1,joint_pca4,0.8284416584291563,0.01,6
331196,independent,1000,1,split_pca4,0.9261635100613712,10.0,6
331196,independent,1000,1,random_projection4,1.2006075810198882,1.0,6
331196,independent,1000,1,joint_pca8,0.73585715112851,10.0,10
331196,independent,1000,1,split_pca8,0.8508369084121872,10.0,10
331196,independent,1000,1,target_shuffled_joint_pca4,1.0398646628227795,100.0,6
331196,independent,1000,1,supervised_rank4,0.8216942206494774,100.0,6
332205,independent,1000,0,action_only,0.9657613814151215,100.0,2
332205,independent,1000,0,raw_ridge,0.5560948984310072,100.0,50
332205,independent,1000,0,joint_pca4,0.7749815679378799,100.0,6
332205,independent,1000,0,split_pca4,0.7763836613210233,100.0,6
332205,independent,1000,0,random_projection4,0.8399078105269613,0.01,6
332205,independent,1000,0,joint_pca8,0.6009950304312365,10.0,10
332205,independent,1000,0,split_pca8,0.604572891073687,10.0,10
332205,independent,1000,0,target_shuffled_joint_pca4,1.0138224384754926,100.0,6
332205,independent,1000,0,supervised_rank4,0.7297712832274166,100.0,6
332205,independent,1000,1,action_only,0.9657613814151215,100.0,2
332205,independent,1000,1,raw_ridge,0.896723391665773,100.0,50
332205,independent,1000,1,joint_pca4,0.8633453469730608,100.0,6
332205,independent,1000,1,split_pca4,0.9796091413556076,100.0,6
332205,independent,1000,1,random_projection4,1.1386355190402453,0.01,6
332205,independent,1000,1,joint_pca8,0.9135646291774387,10.0,10
332205,independent,1000,1,split_pca8,0.9184293452516497,10.0,10
332205,independent,1000,1,target_shuffled_joint_pca4,1.0149593204229075,100.0,6
332205,independent,1000,1,supervised_rank4,0.8829281707117796,100.0,6
333214,independent,1000,0,action_only,0.9088155263255904,10.0,2
333214,independent,1000,0,raw_ridge,0.4582384131648172,100.0,50
333214,independent,1000,0,joint_pca4,0.645649022211257,100.0,6
333214,independent,1000,0,split_pca4,0.6905424979345567,10.0,6
333214,independent,1000,0,random_projection4,0.7836353831638636,100.0,6
333214,independent,1000,0,joint_pca8,0.4940362117982373,100.0,10
333214,independent,1000,0,split_pca8,0.5169958833074467,10.0,10
333214,independent,1000,0,target_shuffled_joint_pca4,0.9941793103863353,100.0,6
333214,independent,1000,0,supervised_rank4,0.6237758236222942,100.0,6
333214,independent,1000,1,action_only,0.9088155263255904,10.0,2
333214,independent,1000,1,raw_ridge,0.7280701677668326,100.0,50
333214,independent,1000,1,joint_pca4,0.7382697678597399,100.0,6
333214,independent,1000,1,split_pca4,0.833152487379279,10.0,6
333214,independent,1000,1,random_projection4,0.9685268068715774,100.0,6
333214,independent,1000,1,joint_pca8,0.7401623687013026,100.0,10
333214,independent,1000,1,split_pca8,0.7914961805066126,10.0,10
333214,independent,1000,1,target_shuffled_joint_pca4,0.9964003224926543,100.0,6
333214,independent,1000,1,supervised_rank4,0.7685889260545881,100.0,6
