seed,cause,policy,reference,noise,phase,model,n_steps,mean_range_sqerr
9100001,external,repeat,1,0.025,counterfactual,action_blind,5,0.056253841917207004
9100001,external,repeat,1,0.025,counterfactual,adaptive_nonlinear,5,0.04746995415407424
9100001,external,repeat,1,0.025,counterfactual,knn_all,5,0.0438989000028074
9100001,external,repeat,1,0.025,counterfactual,knn_recent,5,0.0438989000028074
9100001,external,repeat,1,0.025,counterfactual,linear,5,0.04855740021590134
9100001,external,repeat,1,0.025,counterfactual,nonlinear,5,0.04746995415407424
9100001,external,repeat,1,0.025,counterfactual,zero,5,0.043892237637508894
9100001,external,repeat,1,0.025,early,action_blind,19,0.0024063050700108505
9100001,external,repeat,1,0.025,early,adaptive_nonlinear,19,0.004461531012079357
9100001,external,repeat,1,0.025,early,knn_all,19,0.0017835283128460574
9100001,external,repeat,1,0.025,early,knn_recent,19,0.0017835283128460574
9100001,external,repeat,1,0.025,early,linear,19,0.004807325072428326
9100001,external,repeat,1,0.025,early,nonlinear,19,0.004461531012079357
9100001,external,repeat,1,0.025,early,zero,19,0.0062801061335438805
9100001,external,repeat,1,0.025,late,action_blind,35,0.002383896524507309
9100001,external,repeat,1,0.025,late,adaptive_nonlinear,35,0.002269735447976114
9100001,external,repeat,1,0.025,late,knn_all,35,0.0012882259176663555
9100001,external,repeat,1,0.025,late,knn_recent,35,0.0012882259176663555
9100001,external,repeat,1,0.025,late,linear,35,0.0029040844935977095
9100001,external,repeat,1,0.025,late,nonlinear,35,0.002269735447976114
9100001,external,repeat,1,0.025,late,zero,35,0.0013857556138240352
9100001,external,repeat,1,0.025,pre,action_blind,35,0.0017554941316075866
9100001,external,repeat,1,0.025,pre,adaptive_nonlinear,35,0.001729100276491329
9100001,external,repeat,1,0.025,pre,knn_all,35,0.0015922752651016888
9100001,external,repeat,1,0.025,pre,knn_recent,35,0.0015922752651016888
9100001,external,repeat,1,0.025,pre,linear,35,0.0075778873136143525
9100001,external,repeat,1,0.025,pre,nonlinear,35,0.001729100276491329
9100001,external,repeat,1,0.025,pre,zero,35,0.0016156321423810422
9100001,motor,repeat,1,0.025,counterfactual,action_blind,5,0.025383252102651944
9100001,motor,repeat,1,0.025,counterfactual,adaptive_nonlinear,5,0.023524706392423538
9100001,motor,repeat,1,0.025,counterfactual,knn_all,5,0.02296477404151074
9100001,motor,repeat,1,0.025,counterfactual,knn_recent,5,0.02296477404151074
9100001,motor,repeat,1,0.025,counterfactual,linear,5,0.024174159418654105
9100001,motor,repeat,1,0.025,counterfactual,nonlinear,5,0.023524706392423538
9100001,motor,repeat,1,0.025,counterfactual,zero,5,0.023038022683743147
9100001,motor,repeat,1,0.025,early,action_blind,19,0.012072249383358227
9100001,motor,repeat,1,0.025,early,adaptive_nonlinear,19,0.013263347149259974
9100001,motor,repeat,1,0.025,early,knn_all,19,0.006616401117047854
9100001,motor,repeat,1,0.025,early,knn_recent,19,0.006616401117047854
9100001,motor,repeat,1,0.025,early,linear,19,0.017640924572702454
9100001,motor,repeat,1,0.025,early,nonlinear,19,0.013263347149259974
9100001,motor,repeat,1,0.025,early,zero,19,0.01840920495903034
9100001,motor,repeat,1,0.025,late,action_blind,35,0.0021097800477172485
9100001,motor,repeat,1,0.025,late,adaptive_nonlinear,35,0.0022012344960284226
9100001,motor,repeat,1,0.025,late,knn_all,35,0.0017292653685033535
9100001,motor,repeat,1,0.025,late,knn_recent,35,0.0017292653685033535
9100001,motor,repeat,1,0.025,late,linear,35,0.0036710697158711604
9100001,motor,repeat,1,0.025,late,nonlinear,35,0.0022012344960284226
9100001,motor,repeat,1,0.025,late,zero,35,0.0017935460639311107
9100001,motor,repeat,1,0.025,pre,action_blind,35,0.0017554941316075866
9100001,motor,repeat,1,0.025,pre,adaptive_nonlinear,35,0.001729100276491329
9100001,motor,repeat,1,0.025,pre,knn_all,35,0.0015922752651016888
9100001,motor,repeat,1,0.025,pre,knn_recent,35,0.0015922752651016888
9100001,motor,repeat,1,0.025,pre,linear,35,0.0075778873136143525
9100001,motor,repeat,1,0.025,pre,nonlinear,35,0.001729100276491329
9100001,motor,repeat,1,0.025,pre,zero,35,0.0016156321423810422
9100001,motor_external,repeat,1,0.025,counterfactual,action_blind,5,0.01333970490468581
9100001,motor_external,repeat,1,0.025,counterfactual,adaptive_nonlinear,5,0.015817645468426796
9100001,motor_external,repeat,1,0.025,counterfactual,knn_all,5,0.020734605164625327
9100001,motor_external,repeat,1,0.025,counterfactual,knn_recent,5,0.020734605164625327
9100001,motor_external,repeat,1,0.025,counterfactual,linear,5,0.019005873959736644
9100001,motor_external,repeat,1,0.025,counterfactual,nonlinear,5,0.015932126255596386
9100001,motor_external,repeat,1,0.025,counterfactual,zero,5,0.02298403271133249
9100001,motor_external,repeat,1,0.025,early,action_blind,19,0.013235449588619745
9100001,motor_external,repeat,1,0.025,early,adaptive_nonlinear,19,0.014103173650384297
9100001,motor_external,repeat,1,0.025,early,knn_all,19,0.008164972482318917
9100001,motor_external,repeat,1,0.025,early,knn_recent,19,0.008164972482318917
9100001,motor_external,repeat,1,0.025,early,linear,19,0.04068050755422571
9100001,motor_external,repeat,1,0.025,early,nonlinear,19,0.014190924149003342
9100001,motor_external,repeat,1,0.025,early,zero,19,0.03820203102690717
9100001,motor_external,repeat,1,0.025,late,action_blind,35,0.00327045804250244
9100001,motor_external,repeat,1,0.025,late,adaptive_nonlinear,35,0.005474739778045177
9100001,motor_external,repeat,1,0.025,late,knn_all,35,0.002975415352371556
9100001,motor_external,repeat,1,0.025,late,knn_recent,35,0.002975415352371556
9100001,motor_external,repeat,1,0.025,late,linear,35,0.006140586449325826
9100001,motor_external,repeat,1,0.025,late,nonlinear,35,0.005590360488722455
9100001,motor_external,repeat,1,0.025,late,zero,35,0.007113229456643383
9100001,motor_external,repeat,1,0.025,pre,action_blind,35,0.0017554941316075866
9100001,motor_external,repeat,1,0.025,pre,adaptive_nonlinear,35,0.001729100276491329
9100001,motor_external,repeat,1,0.025,pre,knn_all,35,0.0015922752651016888
9100001,motor_external,repeat,1,0.025,pre,knn_recent,35,0.0015922752651016888
9100001,motor_external,repeat,1,0.025,pre,linear,35,0.0075778873136143525
9100001,motor_external,repeat,1,0.025,pre,nonlinear,35,0.001729100276491329
9100001,motor_external,repeat,1,0.025,pre,zero,35,0.0016156321423810422
9100001,none,repeat,1,0.025,counterfactual,action_blind,5,0.023156443159152124
9100001,none,repeat,1,0.025,counterfactual,adaptive_nonlinear,5,0.023602984848666502
9100001,none,repeat,1,0.025,counterfactual,knn_all,5,0.02373406547818709
9100001,none,repeat,1,0.025,counterfactual,knn_recent,5,0.02373406547818709
9100001,none,repeat,1,0.025,counterfactual,linear,5,0.024100424420191384
9100001,none,repeat,1,0.025,counterfactual,nonlinear,5,0.023602984848666502
9100001,none,repeat,1,0.025,counterfactual,zero,5,0.02368675618644552
9100001,none,repeat,1,0.025,early,action_blind,19,0.0013521349191672669
9100001,none,repeat,1,0.025,early,adaptive_nonlinear,19,0.0016690850922181158
9100001,none,repeat,1,0.025,early,knn_all,19,0.0014079937867247311
9100001,none,repeat,1,0.025,early,knn_recent,19,0.0014079937867247311
9100001,none,repeat,1,0.025,early,linear,19,0.0022932951793590366
9100001,none,repeat,1,0.025,early,nonlinear,19,0.0016690850922181158
9100001,none,repeat,1,0.025,early,zero,19,0.001484856440249001
9100001,none,repeat,1,0.025,late,action_blind,35,0.0015234362003361292
9100001,none,repeat,1,0.025,late,adaptive_nonlinear,35,0.001824495516400883
9100001,none,repeat,1,0.025,late,knn_all,35,0.001633134195531471
9100001,none,repeat,1,0.025,late,knn_recent,35,0.001633134195531471
9100001,none,repeat,1,0.025,late,linear,35,0.0019852331721179534
9100001,none,repeat,1,0.025,late,nonlinear,35,0.001824495516400883
9100001,none,repeat,1,0.025,late,zero,35,0.0016382448429665627
9100001,none,repeat,1,0.025,pre,action_blind,35,0.0017554941316075866
9100001,none,repeat,1,0.025,pre,adaptive_nonlinear,35,0.001729100276491329
9100001,none,repeat,1,0.025,pre,knn_all,35,0.0015922752651016888
9100001,none,repeat,1,0.025,pre,knn_recent,35,0.0015922752651016888
9100001,none,repeat,1,0.025,pre,linear,35,0.0075778873136143525
9100001,none,repeat,1,0.025,pre,nonlinear,35,0.001729100276491329
9100001,none,repeat,1,0.025,pre,zero,35,0.0016156321423810422
9100001,sensor,repeat,1,0.025,counterfactual,action_blind,5,0.023712181444797125
9100001,sensor,repeat,1,0.025,counterfactual,adaptive_nonlinear,5,0.023636570888065794
9100001,sensor,repeat,1,0.025,counterfactual,knn_all,5,0.023734065478187093
9100001,sensor,repeat,1,0.025,counterfactual,knn_recent,5,0.023734065478187093
9100001,sensor,repeat,1,0.025,counterfactual,linear,5,0.024095177675787997
9100001,sensor,repeat,1,0.025,counterfactual,nonlinear,5,0.02363174786820859
9100001,sensor,repeat,1,0.025,counterfactual,zero,5,0.02368675618644552
9100001,sensor,repeat,1,0.025,early,action_blind,19,0.0015544663346458419
9100001,sensor,repeat,1,0.025,early,adaptive_nonlinear,19,0.0019929851529509475
9100001,sensor,repeat,1,0.025,early,knn_all,19,0.0014079937867247322
9100001,sensor,repeat,1,0.025,early,knn_recent,19,0.0014079937867247322
9100001,sensor,repeat,1,0.025,early,linear,19,0.002224343631672802
9100001,sensor,repeat,1,0.025,early,nonlinear,19,0.0020427632638783146
9100001,sensor,repeat,1,0.025,early,zero,19,0.0014848564402490019
9100001,sensor,repeat,1,0.025,late,action_blind,35,0.0014804464709640523
9100001,sensor,repeat,1,0.025,late,adaptive_nonlinear,35,0.0016517122704822053
9100001,sensor,repeat,1,0.025,late,knn_all,35,0.001633134195531471
9100001,sensor,repeat,1,0.025,late,knn_recent,35,0.001633134195531471
9100001,sensor,repeat,1,0.025,late,linear,35,0.001910319614672836
9100001,sensor,repeat,1,0.025,late,nonlinear,35,0.0016819689047076983
9100001,sensor,repeat,1,0.025,late,zero,35,0.0016382448429665627
9100001,sensor,repeat,1,0.025,pre,action_blind,35,0.0017554941316075866
9100001,sensor,repeat,1,0.025,pre,adaptive_nonlinear,35,0.001729100276491329
9100001,sensor,repeat,1,0.025,pre,knn_all,35,0.0015922752651016888
9100001,sensor,repeat,1,0.025,pre,knn_recent,35,0.0015922752651016888
9100001,sensor,repeat,1,0.025,pre,linear,35,0.0075778873136143525
9100001,sensor,repeat,1,0.025,pre,nonlinear,35,0.001729100276491329
9100001,sensor,repeat,1,0.025,pre,zero,35,0.0016156321423810422
9100001,unknown_nonlinear,repeat,1,0.025,counterfactual,action_blind,5,0.021321007415627504
9100001,unknown_nonlinear,repeat,1,0.025,counterfactual,adaptive_nonlinear,5,0.021074113224941307
9100001,unknown_nonlinear,repeat,1,0.025,counterfactual,knn_all,5,0.021011457800983197
9100001,unknown_nonlinear,repeat,1,0.025,counterfactual,knn_recent,5,0.021011457800983197
9100001,unknown_nonlinear,repeat,1,0.025,counterfactual,linear,5,0.022020513509247105
9100001,unknown_nonlinear,repeat,1,0.025,counterfactual,nonlinear,5,0.021074113224941307
9100001,unknown_nonlinear,repeat,1,0.025,counterfactual,zero,5,0.02096414850924162
9100001,unknown_nonlinear,repeat,1,0.025,early,action_blind,19,0.0013521349191672669
9100001,unknown_nonlinear,repeat,1,0.025,early,adaptive_nonlinear,19,0.0016690850922181158
9100001,unknown_nonlinear,repeat,1,0.025,early,knn_all,19,0.0014079937867247311
9100001,unknown_nonlinear,repeat,1,0.025,early,knn_recent,19,0.0014079937867247311
9100001,unknown_nonlinear,repeat,1,0.025,early,linear,19,0.0022932951793590366
9100001,unknown_nonlinear,repeat,1,0.025,early,nonlinear,19,0.0016690850922181158
9100001,unknown_nonlinear,repeat,1,0.025,early,zero,19,0.001484856440249001
9100001,unknown_nonlinear,repeat,1,0.025,late,action_blind,35,0.0015234362003361292
9100001,unknown_nonlinear,repeat,1,0.025,late,adaptive_nonlinear,35,0.001824495516400883
9100001,unknown_nonlinear,repeat,1,0.025,late,knn_all,35,0.001633134195531471
9100001,unknown_nonlinear,repeat,1,0.025,late,knn_recent,35,0.001633134195531471
9100001,unknown_nonlinear,repeat,1,0.025,late,linear,35,0.0019852331721179534
9100001,unknown_nonlinear,repeat,1,0.025,late,nonlinear,35,0.001824495516400883
9100001,unknown_nonlinear,repeat,1,0.025,late,zero,35,0.0016382448429665627
9100001,unknown_nonlinear,repeat,1,0.025,pre,action_blind,35,0.0017554941316075866
9100001,unknown_nonlinear,repeat,1,0.025,pre,adaptive_nonlinear,35,0.001729100276491329
9100001,unknown_nonlinear,repeat,1,0.025,pre,knn_all,35,0.0015922752651016888
9100001,unknown_nonlinear,repeat,1,0.025,pre,knn_recent,35,0.0015922752651016888
9100001,unknown_nonlinear,repeat,1,0.025,pre,linear,35,0.0075778873136143525
9100001,unknown_nonlinear,repeat,1,0.025,pre,nonlinear,35,0.001729100276491329
9100001,unknown_nonlinear,repeat,1,0.025,pre,zero,35,0.0016156321423810422
9100102,external,repeat,1,0.025,counterfactual,action_blind,5,0.021011844371071342
9100102,external,repeat,1,0.025,counterfactual,adaptive_nonlinear,5,0.019745260230641708
9100102,external,repeat,1,0.025,counterfactual,knn_all,5,0.018726151144143
9100102,external,repeat,1,0.025,counterfactual,knn_recent,5,0.018726151144143
9100102,external,repeat,1,0.025,counterfactual,linear,5,0.019967583796337174
9100102,external,repeat,1,0.025,counterfactual,nonlinear,5,0.019745260230641708
9100102,external,repeat,1,0.025,counterfactual,zero,5,0.01881641724028127
9100102,external,repeat,1,0.025,early,action_blind,19,0.010206459856793032
9100102,external,repeat,1,0.025,early,adaptive_nonlinear,19,0.013639904749073967
9100102,external,repeat,1,0.025,early,knn_all,19,0.006619039070202437
9100102,external,repeat,1,0.025,early,knn_recent,19,0.006619039070202437
9100102,external,repeat,1,0.025,early,linear,19,0.02394915652927921
9100102,external,repeat,1,0.025,early,nonlinear,19,0.013639904749073967
9100102,external,repeat,1,0.025,early,zero,19,0.028061333558580526
9100102,external,repeat,1,0.025,late,action_blind,35,0.001344521365518081
9100102,external,repeat,1,0.025,late,adaptive_nonlinear,35,0.0015801436306063336
9100102,external,repeat,1,0.025,late,knn_all,35,0.00071450719853087
9100102,external,repeat,1,0.025,late,knn_recent,35,0.0007140151024062372
9100102,external,repeat,1,0.025,late,linear,35,0.002527237278814283
9100102,external,repeat,1,0.025,late,nonlinear,35,0.0015801436306063336
9100102,external,repeat,1,0.025,late,zero,35,0.001023748692107584
9100102,external,repeat,1,0.025,pre,action_blind,35,0.001565959728256463
9100102,external,repeat,1,0.025,pre,adaptive_nonlinear,35,0.0016664887653979154
9100102,external,repeat,1,0.025,pre,knn_all,35,0.00157792677101471
9100102,external,repeat,1,0.025,pre,knn_recent,35,0.00157792677101471
9100102,external,repeat,1,0.025,pre,linear,35,0.007523873791687311
9100102,external,repeat,1,0.025,pre,nonlinear,35,0.0016664887653979154
9100102,external,repeat,1,0.025,pre,zero,35,0.0018891341388040412
9100102,motor,repeat,1,0.025,counterfactual,action_blind,5,0.05804956028514341
9100102,motor,repeat,1,0.025,counterfactual,adaptive_nonlinear,5,0.057669300809256044
9100102,motor,repeat,1,0.025,counterfactual,knn_all,5,0.05770691295004232
9100102,motor,repeat,1,0.025,counterfactual,knn_recent,5,0.05770691295004232
9100102,motor,repeat,1,0.025,counterfactual,linear,5,0.05873065043117034
9100102,motor,repeat,1,0.025,counterfactual,nonlinear,5,0.05767829302545596
9100102,motor,repeat,1,0.025,counterfactual,zero,5,0.05789004139612913
9100102,motor,repeat,1,0.025,early,action_blind,19,0.03297398679579449
9100102,motor,repeat,1,0.025,early,adaptive_nonlinear,19,0.03795461433058406
9100102,motor,repeat,1,0.025,early,knn_all,19,0.019932558194563185
9100102,motor,repeat,1,0.025,early,knn_recent,19,0.019932558194563185
9100102,motor,repeat,1,0.025,early,linear,19,0.04552655215700054
9100102,motor,repeat,1,0.025,early,nonlinear,19,0.03976139436649242
9100102,motor,repeat,1,0.025,early,zero,19,0.046727356323375685
9100102,motor,repeat,1,0.025,late,action_blind,35,0.0015170822765575814
9100102,motor,repeat,1,0.025,late,adaptive_nonlinear,35,0.0015980405870465993
9100102,motor,repeat,1,0.025,late,knn_all,35,0.001402337396019082
9100102,motor,repeat,1,0.025,late,knn_recent,35,0.001402337396019082
9100102,motor,repeat,1,0.025,late,linear,35,0.0032835084362592745
9100102,motor,repeat,1,0.025,late,nonlinear,35,0.0016359373987542174
9100102,motor,repeat,1,0.025,late,zero,35,0.0015717178822914617
9100102,motor,repeat,1,0.025,pre,action_blind,35,0.001565959728256463
9100102,motor,repeat,1,0.025,pre,adaptive_nonlinear,35,0.0016664887653979154
9100102,motor,repeat,1,0.025,pre,knn_all,35,0.00157792677101471
9100102,motor,repeat,1,0.025,pre,knn_recent,35,0.00157792677101471
9100102,motor,repeat,1,0.025,pre,linear,35,0.007523873791687311
9100102,motor,repeat,1,0.025,pre,nonlinear,35,0.0016664887653979154
9100102,motor,repeat,1,0.025,pre,zero,35,0.0018891341388040412
9100102,motor_external,repeat,1,0.025,counterfactual,action_blind,5,0.020268455091569212
9100102,motor_external,repeat,1,0.025,counterfactual,adaptive_nonlinear,5,0.018905545297538146
9100102,motor_external,repeat,1,0.025,counterfactual,knn_all,5,0.018786968293625028
9100102,motor_external,repeat,1,0.025,counterfactual,knn_recent,5,0.018786968293625028
9100102,motor_external,repeat,1,0.025,counterfactual,linear,5,0.02055373153625272
9100102,motor_external,repeat,1,0.025,counterfactual,nonlinear,5,0.01891771038186942
9100102,motor_external,repeat,1,0.025,counterfactual,zero,5,0.01881641724028127
9100102,motor_external,repeat,1,0.025,early,action_blind,19,0.0416013882332365
9100102,motor_external,repeat,1,0.025,early,adaptive_nonlinear,19,0.04211365996377638
9100102,motor_external,repeat,1,0.025,early,knn_all,19,0.0223976717650297
9100102,motor_external,repeat,1,0.025,early,knn_recent,19,0.0223976717650297
9100102,motor_external,repeat,1,0.025,early,linear,19,0.04679665467957984
9100102,motor_external,repeat,1,0.025,early,nonlinear,19,0.04947716968670251
9100102,motor_external,repeat,1,0.025,early,zero,19,0.04671531112718918
9100102,motor_external,repeat,1,0.025,late,action_blind,35,0.0011723033810544046
9100102,motor_external,repeat,1,0.025,late,adaptive_nonlinear,35,0.0011871470668992504
9100102,motor_external,repeat,1,0.025,late,knn_all,35,0.0007738446570548324
9100102,motor_external,repeat,1,0.025,late,knn_recent,35,0.0007746398895206249
9100102,motor_external,repeat,1,0.025,late,linear,35,0.002480996026651429
9100102,motor_external,repeat,1,0.025,late,nonlinear,35,0.0013957449065361406
9100102,motor_external,repeat,1,0.025,late,zero,35,0.001023748692107584
9100102,motor_external,repeat,1,0.025,pre,action_blind,35,0.001565959728256463
9100102,motor_external,repeat,1,0.025,pre,adaptive_nonlinear,35,0.0016664887653979154
9100102,motor_external,repeat,1,0.025,pre,knn_all,35,0.00157792677101471
9100102,motor_external,repeat,1,0.025,pre,knn_recent,35,0.00157792677101471
9100102,motor_external,repeat,1,0.025,pre,linear,35,0.007523873791687311
9100102,motor_external,repeat,1,0.025,pre,nonlinear,35,0.0016664887653979154
9100102,motor_external,repeat,1,0.025,pre,zero,35,0.0018891341388040412
9100102,none,repeat,1,0.025,counterfactual,action_blind,5,0.041548481029065894
9100102,none,repeat,1,0.025,counterfactual,adaptive_nonlinear,5,0.042448599193556945
9100102,none,repeat,1,0.025,counterfactual,knn_all,5,0.04292905839528907
9100102,none,repeat,1,0.025,counterfactual,knn_recent,5,0.04292905839528907
9100102,none,repeat,1,0.025,counterfactual,linear,5,0.04318153001562627
9100102,none,repeat,1,0.025,counterfactual,nonlinear,5,0.042448599193556945
9100102,none,repeat,1,0.025,counterfactual,zero,5,0.04324711238093658
9100102,none,repeat,1,0.025,early,action_blind,19,0.0015346272783205554
9100102,none,repeat,1,0.025,early,adaptive_nonlinear,19,0.0017903487944215017
9100102,none,repeat,1,0.025,early,knn_all,19,0.0016058102828962054
9100102,none,repeat,1,0.025,early,knn_recent,19,0.0016058102828962054
9100102,none,repeat,1,0.025,early,linear,19,0.0024975592500563687
9100102,none,repeat,1,0.025,early,nonlinear,19,0.0017903487944215017
9100102,none,repeat,1,0.025,early,zero,19,0.0018226455812542103
9100102,none,repeat,1,0.025,late,action_blind,35,0.0011857782921555228
9100102,none,repeat,1,0.025,late,adaptive_nonlinear,35,0.0014161288178888506
9100102,none,repeat,1,0.025,late,knn_all,35,0.0013123756646786797
9100102,none,repeat,1,0.025,late,knn_recent,35,0.0013123756646786797
9100102,none,repeat,1,0.025,late,linear,35,0.0015844713169545683
9100102,none,repeat,1,0.025,late,nonlinear,35,0.0014161288178888506
9100102,none,repeat,1,0.025,late,zero,35,0.0015032570874044025
9100102,none,repeat,1,0.025,pre,action_blind,35,0.001565959728256463
9100102,none,repeat,1,0.025,pre,adaptive_nonlinear,35,0.0016664887653979154
9100102,none,repeat,1,0.025,pre,knn_all,35,0.00157792677101471
9100102,none,repeat,1,0.025,pre,knn_recent,35,0.00157792677101471
9100102,none,repeat,1,0.025,pre,linear,35,0.007523873791687311
9100102,none,repeat,1,0.025,pre,nonlinear,35,0.0016664887653979154
9100102,none,repeat,1,0.025,pre,zero,35,0.0018891341388040412
9100102,sensor,repeat,1,0.025,counterfactual,action_blind,5,0.040759887065736966
9100102,sensor,repeat,1,0.025,counterfactual,adaptive_nonlinear,5,0.04240778093011629
9100102,sensor,repeat,1,0.025,counterfactual,knn_all,5,0.04292905839528907
9100102,sensor,repeat,1,0.025,counterfactual,knn_recent,5,0.04292905839528907
9100102,sensor,repeat,1,0.025,counterfactual,linear,5,0.04310466416685886
9100102,sensor,repeat,1,0.025,counterfactual,nonlinear,5,0.04240964496019476
9100102,sensor,repeat,1,0.025,counterfactual,zero,5,0.04324711238093658
9100102,sensor,repeat,1,0.025,early,action_blind,19,0.0015957564937885127
9100102,sensor,repeat,1,0.025,early,adaptive_nonlinear,19,0.0017846957064686663
9100102,sensor,repeat,1,0.025,early,knn_all,19,0.001720329040850976
9100102,sensor,repeat,1,0.025,early,knn_recent,19,0.001720329040850976
9100102,sensor,repeat,1,0.025,early,linear,19,0.0023361972751293446
9100102,sensor,repeat,1,0.025,early,nonlinear,19,0.001770888799126342
9100102,sensor,repeat,1,0.025,early,zero,19,0.0018226455812542103
9100102,sensor,repeat,1,0.025,late,action_blind,35,0.0012695946251327134
9100102,sensor,repeat,1,0.025,late,adaptive_nonlinear,35,0.0016349005085398774
9100102,sensor,repeat,1,0.025,late,knn_all,35,0.0013123756646786797
9100102,sensor,repeat,1,0.025,late,knn_recent,35,0.0013123756646786797
9100102,sensor,repeat,1,0.025,late,linear,35,0.001528014529231671
9100102,sensor,repeat,1,0.025,late,nonlinear,35,0.001660719301950884
9100102,sensor,repeat,1,0.025,late,zero,35,0.0015032570874044025
9100102,sensor,repeat,1,0.025,pre,action_blind,35,0.001565959728256463
9100102,sensor,repeat,1,0.025,pre,adaptive_nonlinear,35,0.0016664887653979154
9100102,sensor,repeat,1,0.025,pre,knn_all,35,0.00157792677101471
9100102,sensor,repeat,1,0.025,pre,knn_recent,35,0.00157792677101471
9100102,sensor,repeat,1,0.025,pre,linear,35,0.007523873791687311
9100102,sensor,repeat,1,0.025,pre,nonlinear,35,0.0016664887653979154
9100102,sensor,repeat,1,0.025,pre,zero,35,0.0018891341388040412
9100102,unknown_nonlinear,repeat,1,0.025,counterfactual,action_blind,5,0.03961126632199489
9100102,unknown_nonlinear,repeat,1,0.025,counterfactual,adaptive_nonlinear,5,0.040342570016159304
9100102,unknown_nonlinear,repeat,1,0.025,counterfactual,knn_all,5,0.040980805709208076
9100102,unknown_nonlinear,repeat,1,0.025,counterfactual,knn_recent,5,0.040980805709208076
9100102,unknown_nonlinear,repeat,1,0.025,counterfactual,linear,5,0.042007314684540276
9100102,unknown_nonlinear,repeat,1,0.025,counterfactual,nonlinear,5,0.040342570016159304
9100102,unknown_nonlinear,repeat,1,0.025,counterfactual,zero,5,0.041125905678292524
9100102,unknown_nonlinear,repeat,1,0.025,early,action_blind,19,0.0014914234225808312
9100102,unknown_nonlinear,repeat,1,0.025,early,adaptive_nonlinear,19,0.001646537342475529
9100102,unknown_nonlinear,repeat,1,0.025,early,knn_all,19,0.0015486612146804971
9100102,unknown_nonlinear,repeat,1,0.025,early,knn_recent,19,0.0015486612146804971
9100102,unknown_nonlinear,repeat,1,0.025,early,linear,19,0.002632201733376175
9100102,unknown_nonlinear,repeat,1,0.025,early,nonlinear,19,0.001646537342475529
9100102,unknown_nonlinear,repeat,1,0.025,early,zero,19,0.0014915160434641863
9100102,unknown_nonlinear,repeat,1,0.025,late,action_blind,35,0.001171202129524968
9100102,unknown_nonlinear,repeat,1,0.025,late,adaptive_nonlinear,35,0.001260987709513514
9100102,unknown_nonlinear,repeat,1,0.025,late,knn_all,35,0.001355930801342767
9100102,unknown_nonlinear,repeat,1,0.025,late,knn_recent,35,0.001355930801342767
9100102,unknown_nonlinear,repeat,1,0.025,late,linear,35,0.001630541730498197
9100102,unknown_nonlinear,repeat,1,0.025,late,nonlinear,35,0.001260987709513514
9100102,unknown_nonlinear,repeat,1,0.025,late,zero,35,0.0012432203744873003
9100102,unknown_nonlinear,repeat,1,0.025,pre,action_blind,35,0.001565959728256463
9100102,unknown_nonlinear,repeat,1,0.025,pre,adaptive_nonlinear,35,0.0016664887653979154
9100102,unknown_nonlinear,repeat,1,0.025,pre,knn_all,35,0.00157792677101471
9100102,unknown_nonlinear,repeat,1,0.025,pre,knn_recent,35,0.00157792677101471
9100102,unknown_nonlinear,repeat,1,0.025,pre,linear,35,0.007523873791687311
9100102,unknown_nonlinear,repeat,1,0.025,pre,nonlinear,35,0.0016664887653979154
9100102,unknown_nonlinear,repeat,1,0.025,pre,zero,35,0.0018891341388040412
9100203,external,repeat,1,0.025,counterfactual,action_blind,5,0.038042905504086136
9100203,external,repeat,1,0.025,counterfactual,adaptive_nonlinear,5,0.036110452144337606
9100203,external,repeat,1,0.025,counterfactual,knn_all,5,0.035187383291676935
9100203,external,repeat,1,0.025,counterfactual,knn_recent,5,0.035187383291676935
9100203,external,repeat,1,0.025,counterfactual,linear,5,0.037099371088428895
9100203,external,repeat,1,0.025,counterfactual,nonlinear,5,0.036110452144337606
9100203,external,repeat,1,0.025,counterfactual,zero,5,0.03521342079295388
9100203,external,repeat,1,0.025,early,action_blind,19,0.00977709476838925
9100203,external,repeat,1,0.025,early,adaptive_nonlinear,19,0.012349474688369467
9100203,external,repeat,1,0.025,early,knn_all,19,0.007025541385202526
9100203,external,repeat,1,0.025,early,knn_recent,19,0.007025541385202526
9100203,external,repeat,1,0.025,early,linear,19,0.020885212459604258
9100203,external,repeat,1,0.025,early,nonlinear,19,0.012349474688369467
9100203,external,repeat,1,0.025,early,zero,19,0.022193025002672215
9100203,external,repeat,1,0.025,late,action_blind,35,0.0014657803994897526
9100203,external,repeat,1,0.025,late,adaptive_nonlinear,35,0.0016426382433744177
9100203,external,repeat,1,0.025,late,knn_all,35,0.0007949878672329497
9100203,external,repeat,1,0.025,late,knn_recent,35,0.0008108419568311518
9100203,external,repeat,1,0.025,late,linear,35,0.002518173465296308
9100203,external,repeat,1,0.025,late,nonlinear,35,0.0016426382433744177
9100203,external,repeat,1,0.025,late,zero,35,0.0011810383862377403
9100203,external,repeat,1,0.025,pre,action_blind,35,0.0014529723143271705
9100203,external,repeat,1,0.025,pre,adaptive_nonlinear,35,0.0015823114879418094
9100203,external,repeat,1,0.025,pre,knn_all,35,0.001403898225326607
9100203,external,repeat,1,0.025,pre,knn_recent,35,0.001403898225326607
9100203,external,repeat,1,0.025,pre,linear,35,0.008329694591485548
9100203,external,repeat,1,0.025,pre,nonlinear,35,0.0015823114879418094
9100203,external,repeat,1,0.025,pre,zero,35,0.001642860832543837
9100203,motor,repeat,1,0.025,counterfactual,action_blind,5,0.0555082159641907
9100203,motor,repeat,1,0.025,counterfactual,adaptive_nonlinear,5,0.055173683267618866
9100203,motor,repeat,1,0.025,counterfactual,knn_all,5,0.05521513171996732
9100203,motor,repeat,1,0.025,counterfactual,knn_recent,5,0.05521513171996732
9100203,motor,repeat,1,0.025,counterfactual,linear,5,0.055396881133923326
9100203,motor,repeat,1,0.025,counterfactual,nonlinear,5,0.055143545851658635
9100203,motor,repeat,1,0.025,counterfactual,zero,5,0.05526582775722237
9100203,motor,repeat,1,0.025,early,action_blind,19,0.027544928172908184
9100203,motor,repeat,1,0.025,early,adaptive_nonlinear,19,0.029180284263650227
9100203,motor,repeat,1,0.025,early,knn_all,19,0.014767796411682056
9100203,motor,repeat,1,0.025,early,knn_recent,19,0.014767796411682056
9100203,motor,repeat,1,0.025,early,linear,19,0.03573926456496324
9100203,motor,repeat,1,0.025,early,nonlinear,19,0.030775757948846058
9100203,motor,repeat,1,0.025,early,zero,19,0.034288830013401585
9100203,motor,repeat,1,0.025,late,action_blind,35,0.0016161783173335215
9100203,motor,repeat,1,0.025,late,adaptive_nonlinear,35,0.001713812748580114
9100203,motor,repeat,1,0.025,late,knn_all,35,0.0015707902355445993
9100203,motor,repeat,1,0.025,late,knn_recent,35,0.0015707902355445993
9100203,motor,repeat,1,0.025,late,linear,35,0.003086691068317052
9100203,motor,repeat,1,0.025,late,nonlinear,35,0.0017517855949020927
9100203,motor,repeat,1,0.025,late,zero,35,0.0016158378407652063
9100203,motor,repeat,1,0.025,pre,action_blind,35,0.0014529723143271705
9100203,motor,repeat,1,0.025,pre,adaptive_nonlinear,35,0.0015823114879418094
9100203,motor,repeat,1,0.025,pre,knn_all,35,0.001403898225326607
9100203,motor,repeat,1,0.025,pre,knn_recent,35,0.001403898225326607
9100203,motor,repeat,1,0.025,pre,linear,35,0.008329694591485548
9100203,motor,repeat,1,0.025,pre,nonlinear,35,0.0015823114879418094
9100203,motor,repeat,1,0.025,pre,zero,35,0.001642860832543837
9100203,motor_external,repeat,1,0.025,counterfactual,action_blind,5,0.03244410968770005
9100203,motor_external,repeat,1,0.025,counterfactual,adaptive_nonlinear,5,0.0440753998070164
9100203,motor_external,repeat,1,0.025,counterfactual,knn_all,5,0.041384799539009844
9100203,motor_external,repeat,1,0.025,counterfactual,knn_recent,5,0.041384799539009844
9100203,motor_external,repeat,1,0.025,counterfactual,linear,5,0.04077633869137578
9100203,motor_external,repeat,1,0.025,counterfactual,nonlinear,5,0.04374289272720454
9100203,motor_external,repeat,1,0.025,counterfactual,zero,5,0.04357584230306459
9100203,motor_external,repeat,1,0.025,early,action_blind,19,0.028669463460411344
9100203,motor_external,repeat,1,0.025,early,adaptive_nonlinear,19,0.0259812951070634
9100203,motor_external,repeat,1,0.025,early,knn_all,19,0.012898078157669413
9100203,motor_external,repeat,1,0.025,early,knn_recent,19,0.012898078157669413
9100203,motor_external,repeat,1,0.025,early,linear,19,0.030103235607061844
9100203,motor_external,repeat,1,0.025,early,nonlinear,19,0.027290086728413727
9100203,motor_external,repeat,1,0.025,early,zero,19,0.025575133160548682
9100203,motor_external,repeat,1,0.025,late,action_blind,35,0.0019522975979715386
9100203,motor_external,repeat,1,0.025,late,adaptive_nonlinear,35,0.005878637553283691
9100203,motor_external,repeat,1,0.025,late,knn_all,35,0.0018174590264771453
9100203,motor_external,repeat,1,0.025,late,knn_recent,35,0.0018174590264771453
9100203,motor_external,repeat,1,0.025,late,linear,35,0.006224967326037955
9100203,motor_external,repeat,1,0.025,late,nonlinear,35,0.0061612367960774605
9100203,motor_external,repeat,1,0.025,late,zero,35,0.009235957671556815
9100203,motor_external,repeat,1,0.025,pre,action_blind,35,0.0014529723143271705
9100203,motor_external,repeat,1,0.025,pre,adaptive_nonlinear,35,0.0015823114879418094
9100203,motor_external,repeat,1,0.025,pre,knn_all,35,0.001403898225326607
9100203,motor_external,repeat,1,0.025,pre,knn_recent,35,0.001403898225326607
9100203,motor_external,repeat,1,0.025,pre,linear,35,0.008329694591485548
9100203,motor_external,repeat,1,0.025,pre,nonlinear,35,0.0015823114879418094
9100203,motor_external,repeat,1,0.025,pre,zero,35,0.001642860832543837
9100203,none,repeat,1,0.025,counterfactual,action_blind,5,0.040587953141140935
9100203,none,repeat,1,0.025,counterfactual,adaptive_nonlinear,5,0.041456071286810135
9100203,none,repeat,1,0.025,counterfactual,knn_all,5,0.04143548657908124
9100203,none,repeat,1,0.025,counterfactual,knn_recent,5,0.04143548657908124
9100203,none,repeat,1,0.025,counterfactual,linear,5,0.041464759048175336
9100203,none,repeat,1,0.025,counterfactual,nonlinear,5,0.041456071286810135
9100203,none,repeat,1,0.025,counterfactual,zero,5,0.04175680120658963
9100203,none,repeat,1,0.025,early,action_blind,19,0.0018343552277114896
9100203,none,repeat,1,0.025,early,adaptive_nonlinear,19,0.0019944288806800687
9100203,none,repeat,1,0.025,early,knn_all,19,0.0020272814913056404
9100203,none,repeat,1,0.025,early,knn_recent,19,0.0020272814913056404
9100203,none,repeat,1,0.025,early,linear,19,0.0031863647142483724
9100203,none,repeat,1,0.025,early,nonlinear,19,0.0019944288806800687
9100203,none,repeat,1,0.025,early,zero,19,0.0019384224717059826
9100203,none,repeat,1,0.025,late,action_blind,35,0.001404732882371843
9100203,none,repeat,1,0.025,late,adaptive_nonlinear,35,0.0016664477410085895
9100203,none,repeat,1,0.025,late,knn_all,35,0.0015190245237930505
9100203,none,repeat,1,0.025,late,knn_recent,35,0.0015190245237930505
9100203,none,repeat,1,0.025,late,linear,35,0.0019901757259396867
9100203,none,repeat,1,0.025,late,nonlinear,35,0.0016664477410085895
9100203,none,repeat,1,0.025,late,zero,35,0.001566221879038375
9100203,none,repeat,1,0.025,pre,action_blind,35,0.0014529723143271705
9100203,none,repeat,1,0.025,pre,adaptive_nonlinear,35,0.0015823114879418094
9100203,none,repeat,1,0.025,pre,knn_all,35,0.001403898225326607
9100203,none,repeat,1,0.025,pre,knn_recent,35,0.001403898225326607
9100203,none,repeat,1,0.025,pre,linear,35,0.008329694591485548
9100203,none,repeat,1,0.025,pre,nonlinear,35,0.0015823114879418094
9100203,none,repeat,1,0.025,pre,zero,35,0.001642860832543837
9100203,sensor,repeat,1,0.025,counterfactual,action_blind,5,0.03995106788048488
9100203,sensor,repeat,1,0.025,counterfactual,adaptive_nonlinear,5,0.04153152752136756
9100203,sensor,repeat,1,0.025,counterfactual,knn_all,5,0.04143548657908124
9100203,sensor,repeat,1,0.025,counterfactual,knn_recent,5,0.04143548657908124
9100203,sensor,repeat,1,0.025,counterfactual,linear,5,0.04142894641639281
9100203,sensor,repeat,1,0.025,counterfactual,nonlinear,5,0.04154950503193615
9100203,sensor,repeat,1,0.025,counterfactual,zero,5,0.04175680120658963
9100203,sensor,repeat,1,0.025,early,action_blind,19,0.0019133181574964458
9100203,sensor,repeat,1,0.025,early,adaptive_nonlinear,19,0.0019906046598509365
9100203,sensor,repeat,1,0.025,early,knn_all,19,0.0021667005929458237
9100203,sensor,repeat,1,0.025,early,knn_recent,19,0.0021667005929458237
9100203,sensor,repeat,1,0.025,early,linear,19,0.0029985486991248793
9100203,sensor,repeat,1,0.025,early,nonlinear,19,0.001979067373790436
9100203,sensor,repeat,1,0.025,early,zero,19,0.0019384224717059826
9100203,sensor,repeat,1,0.025,late,action_blind,35,0.00150320292468937
9100203,sensor,repeat,1,0.025,late,adaptive_nonlinear,35,0.0019301305361558465
9100203,sensor,repeat,1,0.025,late,knn_all,35,0.0015190245237930505
9100203,sensor,repeat,1,0.025,late,knn_recent,35,0.0015190245237930505
9100203,sensor,repeat,1,0.025,late,linear,35,0.001927367990813041
9100203,sensor,repeat,1,0.025,late,nonlinear,35,0.001959067775807244
9100203,sensor,repeat,1,0.025,late,zero,35,0.001566221879038375
9100203,sensor,repeat,1,0.025,pre,action_blind,35,0.0014529723143271705
9100203,sensor,repeat,1,0.025,pre,adaptive_nonlinear,35,0.0015823114879418094
9100203,sensor,repeat,1,0.025,pre,knn_all,35,0.001403898225326607
9100203,sensor,repeat,1,0.025,pre,knn_recent,35,0.001403898225326607
9100203,sensor,repeat,1,0.025,pre,linear,35,0.008329694591485548
9100203,sensor,repeat,1,0.025,pre,nonlinear,35,0.0015823114879418094
9100203,sensor,repeat,1,0.025,pre,zero,35,0.001642860832543837
9100203,unknown_nonlinear,repeat,1,0.025,counterfactual,action_blind,5,0.0411088265449979
9100203,unknown_nonlinear,repeat,1,0.025,counterfactual,adaptive_nonlinear,5,0.04171552153275942
9100203,unknown_nonlinear,repeat,1,0.025,counterfactual,knn_all,5,0.04207527049508512
9100203,unknown_nonlinear,repeat,1,0.025,counterfactual,knn_recent,5,0.04207527049508512
9100203,unknown_nonlinear,repeat,1,0.025,counterfactual,linear,5,0.04273223000202846
9100203,unknown_nonlinear,repeat,1,0.025,counterfactual,nonlinear,5,0.04171552153275942
9100203,unknown_nonlinear,repeat,1,0.025,counterfactual,zero,5,0.042217117664576045
9100203,unknown_nonlinear,repeat,1,0.025,early,action_blind,19,0.001780189514625497
9100203,unknown_nonlinear,repeat,1,0.025,early,adaptive_nonlinear,19,0.0018444025467582682
9100203,unknown_nonlinear,repeat,1,0.025,early,knn_all,19,0.0017624486764917125
9100203,unknown_nonlinear,repeat,1,0.025,early,knn_recent,19,0.0017624486764917125
9100203,unknown_nonlinear,repeat,1,0.025,early,linear,19,0.0033977165937212244
9100203,unknown_nonlinear,repeat,1,0.025,early,nonlinear,19,0.0018444025467582682
9100203,unknown_nonlinear,repeat,1,0.025,early,zero,19,0.0017214514736723706
9100203,unknown_nonlinear,repeat,1,0.025,late,action_blind,35,0.0013763355221708142
9100203,unknown_nonlinear,repeat,1,0.025,late,adaptive_nonlinear,35,0.001489555056536346
9100203,unknown_nonlinear,repeat,1,0.025,late,knn_all,35,0.0014549915602902926
9100203,unknown_nonlinear,repeat,1,0.025,late,knn_recent,35,0.0014549915602902926
9100203,unknown_nonlinear,repeat,1,0.025,late,linear,35,0.0019405046077617112
9100203,unknown_nonlinear,repeat,1,0.025,late,nonlinear,35,0.001489555056536346
9100203,unknown_nonlinear,repeat,1,0.025,late,zero,35,0.00140487808007353
9100203,unknown_nonlinear,repeat,1,0.025,pre,action_blind,35,0.0014529723143271705
9100203,unknown_nonlinear,repeat,1,0.025,pre,adaptive_nonlinear,35,0.0015823114879418094
9100203,unknown_nonlinear,repeat,1,0.025,pre,knn_all,35,0.001403898225326607
9100203,unknown_nonlinear,repeat,1,0.025,pre,knn_recent,35,0.001403898225326607
9100203,unknown_nonlinear,repeat,1,0.025,pre,linear,35,0.008329694591485548
9100203,unknown_nonlinear,repeat,1,0.025,pre,nonlinear,35,0.0015823114879418094
9100203,unknown_nonlinear,repeat,1,0.025,pre,zero,35,0.001642860832543837
9100304,external,repeat,1,0.025,counterfactual,action_blind,5,0.060060054286682915
9100304,external,repeat,1,0.025,counterfactual,adaptive_nonlinear,5,0.038188005862575744
9100304,external,repeat,1,0.025,counterfactual,knn_all,5,0.030291891974611733
9100304,external,repeat,1,0.025,counterfactual,knn_recent,5,0.030291891974611733
9100304,external,repeat,1,0.025,counterfactual,linear,5,0.02852379995323287
9100304,external,repeat,1,0.025,counterfactual,nonlinear,5,0.038188005862575744
9100304,external,repeat,1,0.025,counterfactual,zero,5,0.02595217337736569
9100304,external,repeat,1,0.025,early,action_blind,19,0.014184814859535438
9100304,external,repeat,1,0.025,early,adaptive_nonlinear,19,0.014865184604130461
9100304,external,repeat,1,0.025,early,knn_all,19,0.014501365891540642
9100304,external,repeat,1,0.025,early,knn_recent,19,0.008874598084216081
9100304,external,repeat,1,0.025,early,linear,19,0.021553992316400036
9100304,external,repeat,1,0.025,early,nonlinear,19,0.014865184604130461
9100304,external,repeat,1,0.025,early,zero,19,0.020676093648940127
9100304,external,repeat,1,0.025,late,action_blind,35,0.0030286610494359534
9100304,external,repeat,1,0.025,late,adaptive_nonlinear,35,0.004253770186359537
9100304,external,repeat,1,0.025,late,knn_all,35,0.002403157589165483
9100304,external,repeat,1,0.025,late,knn_recent,35,0.002403157589165483
9100304,external,repeat,1,0.025,late,linear,35,0.004291986778222692
9100304,external,repeat,1,0.025,late,nonlinear,35,0.004253770186359537
9100304,external,repeat,1,0.025,late,zero,35,0.0032875472046703692
9100304,external,repeat,1,0.025,pre,action_blind,35,0.0016549668644625835
9100304,external,repeat,1,0.025,pre,adaptive_nonlinear,35,0.0017537323472230219
9100304,external,repeat,1,0.025,pre,knn_all,35,0.0017095596559033477
9100304,external,repeat,1,0.025,pre,knn_recent,35,0.0017095596559033477
9100304,external,repeat,1,0.025,pre,linear,35,0.007887674505910072
9100304,external,repeat,1,0.025,pre,nonlinear,35,0.0017537323472230219
9100304,external,repeat,1,0.025,pre,zero,35,0.0018166228108724937
9100304,motor,repeat,1,0.025,counterfactual,action_blind,5,0.06369561135518062
9100304,motor,repeat,1,0.025,counterfactual,adaptive_nonlinear,5,0.06250195357649195
9100304,motor,repeat,1,0.025,counterfactual,knn_all,5,0.06234404867089192
9100304,motor,repeat,1,0.025,counterfactual,knn_recent,5,0.06234404867089192
9100304,motor,repeat,1,0.025,counterfactual,linear,5,0.06328437201841708
9100304,motor,repeat,1,0.025,counterfactual,nonlinear,5,0.06256210474742242
9100304,motor,repeat,1,0.025,counterfactual,zero,5,0.0624797196019661
9100304,motor,repeat,1,0.025,early,action_blind,19,0.03839571586531396
9100304,motor,repeat,1,0.025,early,adaptive_nonlinear,19,0.0409857203743834
9100304,motor,repeat,1,0.025,early,knn_all,19,0.021891723475800696
9100304,motor,repeat,1,0.025,early,knn_recent,19,0.021891723475800696
9100304,motor,repeat,1,0.025,early,linear,19,0.050493378706394136
9100304,motor,repeat,1,0.025,early,nonlinear,19,0.04248823648413778
9100304,motor,repeat,1,0.025,early,zero,19,0.05270153551247577
9100304,motor,repeat,1,0.025,late,action_blind,35,0.0016317251953798955
9100304,motor,repeat,1,0.025,late,adaptive_nonlinear,35,0.001721811003694421
9100304,motor,repeat,1,0.025,late,knn_all,35,0.0014084579886297626
9100304,motor,repeat,1,0.025,late,knn_recent,35,0.0014084579886297626
9100304,motor,repeat,1,0.025,late,linear,35,0.0030057508982259144
9100304,motor,repeat,1,0.025,late,nonlinear,35,0.0017803399415189268
9100304,motor,repeat,1,0.025,late,zero,35,0.0015098764899018006
9100304,motor,repeat,1,0.025,pre,action_blind,35,0.0016549668644625835
9100304,motor,repeat,1,0.025,pre,adaptive_nonlinear,35,0.0017537323472230219
9100304,motor,repeat,1,0.025,pre,knn_all,35,0.0017095596559033477
9100304,motor,repeat,1,0.025,pre,knn_recent,35,0.0017095596559033477
9100304,motor,repeat,1,0.025,pre,linear,35,0.007887674505910072
9100304,motor,repeat,1,0.025,pre,nonlinear,35,0.0017537323472230219
9100304,motor,repeat,1,0.025,pre,zero,35,0.0018166228108724937
9100304,motor_external,repeat,1,0.025,counterfactual,action_blind,5,0.10165098578605529
9100304,motor_external,repeat,1,0.025,counterfactual,adaptive_nonlinear,5,0.09353474238470015
9100304,motor_external,repeat,1,0.025,counterfactual,knn_all,5,0.08964761867644674
9100304,motor_external,repeat,1,0.025,counterfactual,knn_recent,5,0.08964761867644674
9100304,motor_external,repeat,1,0.025,counterfactual,linear,5,0.09367558767831324
9100304,motor_external,repeat,1,0.025,counterfactual,nonlinear,5,0.09353474238470015
9100304,motor_external,repeat,1,0.025,counterfactual,zero,5,0.0896593660546672
9100304,motor_external,repeat,1,0.025,early,action_blind,19,0.011934898267128412
9100304,motor_external,repeat,1,0.025,early,adaptive_nonlinear,19,0.014740092150071297
9100304,motor_external,repeat,1,0.025,early,knn_all,19,0.006920852179629698
9100304,motor_external,repeat,1,0.025,early,knn_recent,19,0.006920852179629698
9100304,motor_external,repeat,1,0.025,early,linear,19,0.026888829399978772
9100304,motor_external,repeat,1,0.025,early,nonlinear,19,0.014740092150071297
9100304,motor_external,repeat,1,0.025,early,zero,19,0.03081485395844764
9100304,motor_external,repeat,1,0.025,late,action_blind,35,0.0015723632916471843
9100304,motor_external,repeat,1,0.025,late,adaptive_nonlinear,35,0.0018063427850178444
9100304,motor_external,repeat,1,0.025,late,knn_all,35,0.0008552003106107634
9100304,motor_external,repeat,1,0.025,late,knn_recent,35,0.0008623632591121193
9100304,motor_external,repeat,1,0.025,late,linear,35,0.0024123190561818383
9100304,motor_external,repeat,1,0.025,late,nonlinear,35,0.0018063427850178444
9100304,motor_external,repeat,1,0.025,late,zero,35,0.0011291510177172215
9100304,motor_external,repeat,1,0.025,pre,action_blind,35,0.0016549668644625835
9100304,motor_external,repeat,1,0.025,pre,adaptive_nonlinear,35,0.0017537323472230219
9100304,motor_external,repeat,1,0.025,pre,knn_all,35,0.0017095596559033477
9100304,motor_external,repeat,1,0.025,pre,knn_recent,35,0.0017095596559033477
9100304,motor_external,repeat,1,0.025,pre,linear,35,0.007887674505910072
9100304,motor_external,repeat,1,0.025,pre,nonlinear,35,0.0017537323472230219
9100304,motor_external,repeat,1,0.025,pre,zero,35,0.0018166228108724937
9100304,none,repeat,1,0.025,counterfactual,action_blind,5,0.04162747761008051
9100304,none,repeat,1,0.025,counterfactual,adaptive_nonlinear,5,0.042000239433873904
9100304,none,repeat,1,0.025,counterfactual,knn_all,5,0.04213486894232669
9100304,none,repeat,1,0.025,counterfactual,knn_recent,5,0.04213486894232669
9100304,none,repeat,1,0.025,counterfactual,linear,5,0.0424766193950033
9100304,none,repeat,1,0.025,counterfactual,nonlinear,5,0.042000239433873904
9100304,none,repeat,1,0.025,counterfactual,zero,5,0.04216172365626336
9100304,none,repeat,1,0.025,early,action_blind,19,0.0013121389909067046
9100304,none,repeat,1,0.025,early,adaptive_nonlinear,19,0.00157871520842018
9100304,none,repeat,1,0.025,early,knn_all,19,0.001303506684386272
9100304,none,repeat,1,0.025,early,knn_recent,19,0.001303506684386272
9100304,none,repeat,1,0.025,early,linear,19,0.002256952394911877
9100304,none,repeat,1,0.025,early,nonlinear,19,0.00157871520842018
9100304,none,repeat,1,0.025,early,zero,19,0.001535455124569496
9100304,none,repeat,1,0.025,late,action_blind,35,0.0014365666888004162
9100304,none,repeat,1,0.025,late,adaptive_nonlinear,35,0.0016608450532144734
9100304,none,repeat,1,0.025,late,knn_all,35,0.001543882085604016
9100304,none,repeat,1,0.025,late,knn_recent,35,0.001543882085604016
9100304,none,repeat,1,0.025,late,linear,35,0.001985988242943082
9100304,none,repeat,1,0.025,late,nonlinear,35,0.0016608450532144734
9100304,none,repeat,1,0.025,late,zero,35,0.0015902693565660378
9100304,none,repeat,1,0.025,pre,action_blind,35,0.0016549668644625835
9100304,none,repeat,1,0.025,pre,adaptive_nonlinear,35,0.0017537323472230219
9100304,none,repeat,1,0.025,pre,knn_all,35,0.0017095596559033477
9100304,none,repeat,1,0.025,pre,knn_recent,35,0.0017095596559033477
9100304,none,repeat,1,0.025,pre,linear,35,0.007887674505910072
9100304,none,repeat,1,0.025,pre,nonlinear,35,0.0017537323472230219
9100304,none,repeat,1,0.025,pre,zero,35,0.0018166228108724937
9100304,sensor,repeat,1,0.025,counterfactual,action_blind,5,0.04083348861646091
9100304,sensor,repeat,1,0.025,counterfactual,adaptive_nonlinear,5,0.041945875202746605
9100304,sensor,repeat,1,0.025,counterfactual,knn_all,5,0.04213486894232669
9100304,sensor,repeat,1,0.025,counterfactual,knn_recent,5,0.04213486894232669
9100304,sensor,repeat,1,0.025,counterfactual,linear,5,0.0423718557365819
9100304,sensor,repeat,1,0.025,counterfactual,nonlinear,5,0.04195151231774359
9100304,sensor,repeat,1,0.025,counterfactual,zero,5,0.04216172365626336
9100304,sensor,repeat,1,0.025,early,action_blind,19,0.0013929526722647257
9100304,sensor,repeat,1,0.025,early,adaptive_nonlinear,19,0.0015201311561525246
9100304,sensor,repeat,1,0.025,early,knn_all,19,0.001753677558405804
9100304,sensor,repeat,1,0.025,early,knn_recent,19,0.001753677558405804
9100304,sensor,repeat,1,0.025,early,linear,19,0.002059853497475978
9100304,sensor,repeat,1,0.025,early,nonlinear,19,0.0014965204627044326
9100304,sensor,repeat,1,0.025,early,zero,19,0.001535455124569496
9100304,sensor,repeat,1,0.025,late,action_blind,35,0.0015225567430988617
9100304,sensor,repeat,1,0.025,late,adaptive_nonlinear,35,0.0019104990065120294
9100304,sensor,repeat,1,0.025,late,knn_all,35,0.001543882085604016
9100304,sensor,repeat,1,0.025,late,knn_recent,35,0.001543882085604016
9100304,sensor,repeat,1,0.025,late,linear,35,0.0019231289367896826
9100304,sensor,repeat,1,0.025,late,nonlinear,35,0.0019342994947387322
9100304,sensor,repeat,1,0.025,late,zero,35,0.0015902693565660378
9100304,sensor,repeat,1,0.025,pre,action_blind,35,0.0016549668644625835
9100304,sensor,repeat,1,0.025,pre,adaptive_nonlinear,35,0.0017537323472230219
9100304,sensor,repeat,1,0.025,pre,knn_all,35,0.0017095596559033477
9100304,sensor,repeat,1,0.025,pre,knn_recent,35,0.0017095596559033477
9100304,sensor,repeat,1,0.025,pre,linear,35,0.007887674505910072
9100304,sensor,repeat,1,0.025,pre,nonlinear,35,0.0017537323472230219
9100304,sensor,repeat,1,0.025,pre,zero,35,0.0018166228108724937
9100304,unknown_nonlinear,repeat,1,0.025,counterfactual,action_blind,5,0.04486208619233308
9100304,unknown_nonlinear,repeat,1,0.025,counterfactual,adaptive_nonlinear,5,0.04563498264806616
9100304,unknown_nonlinear,repeat,1,0.025,counterfactual,knn_all,5,0.04636068998767255
9100304,unknown_nonlinear,repeat,1,0.025,counterfactual,knn_recent,5,0.04636068998767255
9100304,unknown_nonlinear,repeat,1,0.025,counterfactual,linear,5,0.04719214826498176
9100304,unknown_nonlinear,repeat,1,0.025,counterfactual,nonlinear,5,0.04563498264806616
9100304,unknown_nonlinear,repeat,1,0.025,counterfactual,zero,5,0.04628412202288022
9100304,unknown_nonlinear,repeat,1,0.025,early,action_blind,19,0.0012449483105176403
9100304,unknown_nonlinear,repeat,1,0.025,early,adaptive_nonlinear,19,0.001410455488780762
9100304,unknown_nonlinear,repeat,1,0.025,early,knn_all,19,0.0013519034898067676
9100304,unknown_nonlinear,repeat,1,0.025,early,knn_recent,19,0.0013519034898067676
9100304,unknown_nonlinear,repeat,1,0.025,early,linear,19,0.0023966159904065865
9100304,unknown_nonlinear,repeat,1,0.025,early,nonlinear,19,0.001410455488780762
9100304,unknown_nonlinear,repeat,1,0.025,early,zero,19,0.001209285044184609
9100304,unknown_nonlinear,repeat,1,0.025,late,action_blind,35,0.0013546800680013195
9100304,unknown_nonlinear,repeat,1,0.025,late,adaptive_nonlinear,35,0.001449300540859274
9100304,unknown_nonlinear,repeat,1,0.025,late,knn_all,35,0.001468295994259077
9100304,unknown_nonlinear,repeat,1,0.025,late,knn_recent,35,0.001468295994259077
9100304,unknown_nonlinear,repeat,1,0.025,late,linear,35,0.0018457707525284235
9100304,unknown_nonlinear,repeat,1,0.025,late,nonlinear,35,0.001449300540859274
9100304,unknown_nonlinear,repeat,1,0.025,late,zero,35,0.001397894304451757
9100304,unknown_nonlinear,repeat,1,0.025,pre,action_blind,35,0.0016549668644625835
9100304,unknown_nonlinear,repeat,1,0.025,pre,adaptive_nonlinear,35,0.0017537323472230219
9100304,unknown_nonlinear,repeat,1,0.025,pre,knn_all,35,0.0017095596559033477
9100304,unknown_nonlinear,repeat,1,0.025,pre,knn_recent,35,0.0017095596559033477
9100304,unknown_nonlinear,repeat,1,0.025,pre,linear,35,0.007887674505910072
9100304,unknown_nonlinear,repeat,1,0.025,pre,nonlinear,35,0.0017537323472230219
9100304,unknown_nonlinear,repeat,1,0.025,pre,zero,35,0.0018166228108724937
9100405,external,repeat,1,0.025,counterfactual,action_blind,5,0.05513236589185918
9100405,external,repeat,1,0.025,counterfactual,adaptive_nonlinear,5,0.054361705117204985
9100405,external,repeat,1,0.025,counterfactual,knn_all,5,0.056663122363539084
9100405,external,repeat,1,0.025,counterfactual,knn_recent,5,0.056663122363539084
9100405,external,repeat,1,0.025,counterfactual,linear,5,0.05873383426313631
9100405,external,repeat,1,0.025,counterfactual,nonlinear,5,0.054361705117204985
9100405,external,repeat,1,0.025,counterfactual,zero,5,0.05670193571280617
9100405,external,repeat,1,0.025,early,action_blind,19,0.0017612067356140902
9100405,external,repeat,1,0.025,early,adaptive_nonlinear,19,0.0023306355033077433
9100405,external,repeat,1,0.025,early,knn_all,19,0.0017651398041880915
9100405,external,repeat,1,0.025,early,knn_recent,19,0.0017651398041880915
9100405,external,repeat,1,0.025,early,linear,19,0.0032596684909873075
9100405,external,repeat,1,0.025,early,nonlinear,19,0.0023306355033077433
9100405,external,repeat,1,0.025,early,zero,19,0.0019813560237932682
9100405,external,repeat,1,0.025,late,action_blind,35,0.0013966128743132826
9100405,external,repeat,1,0.025,late,adaptive_nonlinear,35,0.0020831204187065568
9100405,external,repeat,1,0.025,late,knn_all,35,0.0015226114076119796
9100405,external,repeat,1,0.025,late,knn_recent,35,0.0015226114076119796
9100405,external,repeat,1,0.025,late,linear,35,0.0018985681616015592
9100405,external,repeat,1,0.025,late,nonlinear,35,0.0020831204187065568
9100405,external,repeat,1,0.025,late,zero,35,0.0018180905759650407
9100405,external,repeat,1,0.025,pre,action_blind,35,0.0016896632017813628
9100405,external,repeat,1,0.025,pre,adaptive_nonlinear,35,0.0018977298673021796
9100405,external,repeat,1,0.025,pre,knn_all,35,0.0017541952261924288
9100405,external,repeat,1,0.025,pre,knn_recent,35,0.0017541952261924288
9100405,external,repeat,1,0.025,pre,linear,35,0.010213609688292847
9100405,external,repeat,1,0.025,pre,nonlinear,35,0.0018977298673021796
9100405,external,repeat,1,0.025,pre,zero,35,0.0017783544948813757
9100405,motor,repeat,1,0.025,counterfactual,action_blind,5,0.05795421637153449
9100405,motor,repeat,1,0.025,counterfactual,adaptive_nonlinear,5,0.0566878534090877
9100405,motor,repeat,1,0.025,counterfactual,knn_all,5,0.05584785129078148
9100405,motor,repeat,1,0.025,counterfactual,knn_recent,5,0.05584785129078148
9100405,motor,repeat,1,0.025,counterfactual,linear,5,0.0572414499126004
9100405,motor,repeat,1,0.025,counterfactual,nonlinear,5,0.0566878534090877
9100405,motor,repeat,1,0.025,counterfactual,zero,5,0.055893690917746056
9100405,motor,repeat,1,0.025,early,action_blind,19,0.028930414992037662
9100405,motor,repeat,1,0.025,early,adaptive_nonlinear,19,0.04038176538066739
9100405,motor,repeat,1,0.025,early,knn_all,19,0.022668355415506592
9100405,motor,repeat,1,0.025,early,knn_recent,19,0.014484296969837858
9100405,motor,repeat,1,0.025,early,linear,19,0.04972810051093093
9100405,motor,repeat,1,0.025,early,nonlinear,19,0.04038176538066739
9100405,motor,repeat,1,0.025,early,zero,19,0.055859720137390045
9100405,motor,repeat,1,0.025,late,action_blind,35,0.0020068282539428255
9100405,motor,repeat,1,0.025,late,adaptive_nonlinear,35,0.0023997014271611764
9100405,motor,repeat,1,0.025,late,knn_all,35,0.001423349153155008
9100405,motor,repeat,1,0.025,late,knn_recent,35,0.001423349153155008
9100405,motor,repeat,1,0.025,late,linear,35,0.0034022625464980817
9100405,motor,repeat,1,0.025,late,nonlinear,35,0.0023997014271611764
9100405,motor,repeat,1,0.025,late,zero,35,0.0014723656666770055
9100405,motor,repeat,1,0.025,pre,action_blind,35,0.0016896632017813628
9100405,motor,repeat,1,0.025,pre,adaptive_nonlinear,35,0.0018977298673021796
9100405,motor,repeat,1,0.025,pre,knn_all,35,0.0017541952261924288
9100405,motor,repeat,1,0.025,pre,knn_recent,35,0.0017541952261924288
9100405,motor,repeat,1,0.025,pre,linear,35,0.010213609688292847
9100405,motor,repeat,1,0.025,pre,nonlinear,35,0.0018977298673021796
9100405,motor,repeat,1,0.025,pre,zero,35,0.0017783544948813757
9100405,motor_external,repeat,1,0.025,counterfactual,action_blind,5,0.07195111367328728
9100405,motor_external,repeat,1,0.025,counterfactual,adaptive_nonlinear,5,0.0847091039586381
9100405,motor_external,repeat,1,0.025,counterfactual,knn_all,5,0.0994137022542412
9100405,motor_external,repeat,1,0.025,counterfactual,knn_recent,5,0.0994137022542412
9100405,motor_external,repeat,1,0.025,counterfactual,linear,5,0.10597142244268645
9100405,motor_external,repeat,1,0.025,counterfactual,nonlinear,5,0.08800637916539387
9100405,motor_external,repeat,1,0.025,counterfactual,zero,5,0.10776936033801776
9100405,motor_external,repeat,1,0.025,early,action_blind,19,0.043049621488829494
9100405,motor_external,repeat,1,0.025,early,adaptive_nonlinear,19,0.0432021871477499
9100405,motor_external,repeat,1,0.025,early,knn_all,19,0.0372074208703842
9100405,motor_external,repeat,1,0.025,early,knn_recent,19,0.012223648817393958
9100405,motor_external,repeat,1,0.025,early,linear,19,0.08532476536792576
9100405,motor_external,repeat,1,0.025,early,nonlinear,19,0.05221459509609198
9100405,motor_external,repeat,1,0.025,early,zero,19,0.08711992973747029
9100405,motor_external,repeat,1,0.025,late,action_blind,35,0.007636399743451653
9100405,motor_external,repeat,1,0.025,late,adaptive_nonlinear,35,0.012651192564616996
9100405,motor_external,repeat,1,0.025,late,knn_all,35,0.003626638369192037
9100405,motor_external,repeat,1,0.025,late,knn_recent,35,0.003626638369192037
9100405,motor_external,repeat,1,0.025,late,linear,35,0.012005405826376842
9100405,motor_external,repeat,1,0.025,late,nonlinear,35,0.014021369925446555
9100405,motor_external,repeat,1,0.025,late,zero,35,0.011188518013800877
9100405,motor_external,repeat,1,0.025,pre,action_blind,35,0.0016896632017813628
9100405,motor_external,repeat,1,0.025,pre,adaptive_nonlinear,35,0.0018977298673021796
9100405,motor_external,repeat,1,0.025,pre,knn_all,35,0.0017541952261924288
9100405,motor_external,repeat,1,0.025,pre,knn_recent,35,0.0017541952261924288
9100405,motor_external,repeat,1,0.025,pre,linear,35,0.010213609688292847
9100405,motor_external,repeat,1,0.025,pre,nonlinear,35,0.0018977298673021796
9100405,motor_external,repeat,1,0.025,pre,zero,35,0.0017783544948813757
9100405,none,repeat,1,0.025,counterfactual,action_blind,5,0.0252420205701541
9100405,none,repeat,1,0.025,counterfactual,adaptive_nonlinear,5,0.025678664887324777
9100405,none,repeat,1,0.025,counterfactual,knn_all,5,0.025734118869143997
9100405,none,repeat,1,0.025,counterfactual,knn_recent,5,0.025734118869143997
9100405,none,repeat,1,0.025,counterfactual,linear,5,0.026197620937053544
9100405,none,repeat,1,0.025,counterfactual,nonlinear,5,0.025678664887324777
9100405,none,repeat,1,0.025,counterfactual,zero,5,0.02573955782371303
9100405,none,repeat,1,0.025,early,action_blind,19,0.0017030251848667063
9100405,none,repeat,1,0.025,early,adaptive_nonlinear,19,0.0021439471084988455
9100405,none,repeat,1,0.025,early,knn_all,19,0.0017231153281930805
9100405,none,repeat,1,0.025,early,knn_recent,19,0.0017231153281930805
9100405,none,repeat,1,0.025,early,linear,19,0.0032969136985715733
9100405,none,repeat,1,0.025,early,nonlinear,19,0.0021439471084988455
9100405,none,repeat,1,0.025,early,zero,19,0.0017588807853077533
9100405,none,repeat,1,0.025,late,action_blind,35,0.001386103941542116
9100405,none,repeat,1,0.025,late,adaptive_nonlinear,35,0.0019266244006536921
9100405,none,repeat,1,0.025,late,knn_all,35,0.0015331391114645862
9100405,none,repeat,1,0.025,late,knn_recent,35,0.0015331391114645862
9100405,none,repeat,1,0.025,late,linear,35,0.0019189849822598764
9100405,none,repeat,1,0.025,late,nonlinear,35,0.0019266244006536921
9100405,none,repeat,1,0.025,late,zero,35,0.001610876071772522
9100405,none,repeat,1,0.025,pre,action_blind,35,0.0016896632017813628
9100405,none,repeat,1,0.025,pre,adaptive_nonlinear,35,0.0018977298673021796
9100405,none,repeat,1,0.025,pre,knn_all,35,0.0017541952261924288
9100405,none,repeat,1,0.025,pre,knn_recent,35,0.0017541952261924288
9100405,none,repeat,1,0.025,pre,linear,35,0.010213609688292847
9100405,none,repeat,1,0.025,pre,nonlinear,35,0.0018977298673021796
9100405,none,repeat,1,0.025,pre,zero,35,0.0017783544948813757
9100405,sensor,repeat,1,0.025,counterfactual,action_blind,5,0.025843290674597306
9100405,sensor,repeat,1,0.025,counterfactual,adaptive_nonlinear,5,0.025656762838467552
9100405,sensor,repeat,1,0.025,counterfactual,knn_all,5,0.025734118869143997
9100405,sensor,repeat,1,0.025,counterfactual,knn_recent,5,0.025734118869143997
9100405,sensor,repeat,1,0.025,counterfactual,linear,5,0.026269733807420325
9100405,sensor,repeat,1,0.025,counterfactual,nonlinear,5,0.02566121272162779
9100405,sensor,repeat,1,0.025,counterfactual,zero,5,0.02573955782371303
9100405,sensor,repeat,1,0.025,early,action_blind,19,0.001917584817796796
9100405,sensor,repeat,1,0.025,early,adaptive_nonlinear,19,0.001887061059132976
9100405,sensor,repeat,1,0.025,early,knn_all,19,0.0019080413372758885
9100405,sensor,repeat,1,0.025,early,knn_recent,19,0.0019080413372758885
9100405,sensor,repeat,1,0.025,early,linear,19,0.003618800672640457
9100405,sensor,repeat,1,0.025,early,nonlinear,19,0.001937854971428593
9100405,sensor,repeat,1,0.025,early,zero,19,0.0017588807853077533
9100405,sensor,repeat,1,0.025,late,action_blind,35,0.0013386140873138676
9100405,sensor,repeat,1,0.025,late,adaptive_nonlinear,35,0.0017245795774703757
9100405,sensor,repeat,1,0.025,late,knn_all,35,0.0015331391114645862
9100405,sensor,repeat,1,0.025,late,knn_recent,35,0.0015331391114645862
9100405,sensor,repeat,1,0.025,late,linear,35,0.0020234186855707307
9100405,sensor,repeat,1,0.025,late,nonlinear,35,0.0017675242691142091
9100405,sensor,repeat,1,0.025,late,zero,35,0.001610876071772522
9100405,sensor,repeat,1,0.025,pre,action_blind,35,0.0016896632017813628
9100405,sensor,repeat,1,0.025,pre,adaptive_nonlinear,35,0.0018977298673021796
9100405,sensor,repeat,1,0.025,pre,knn_all,35,0.0017541952261924288
9100405,sensor,repeat,1,0.025,pre,knn_recent,35,0.0017541952261924288
9100405,sensor,repeat,1,0.025,pre,linear,35,0.010213609688292847
9100405,sensor,repeat,1,0.025,pre,nonlinear,35,0.0018977298673021796
9100405,sensor,repeat,1,0.025,pre,zero,35,0.0017783544948813757
9100405,unknown_nonlinear,repeat,1,0.025,counterfactual,action_blind,5,0.027971453757271274
9100405,unknown_nonlinear,repeat,1,0.025,counterfactual,adaptive_nonlinear,5,0.0292491099641776
9100405,unknown_nonlinear,repeat,1,0.025,counterfactual,knn_all,5,0.029819157363457433
9100405,unknown_nonlinear,repeat,1,0.025,counterfactual,knn_recent,5,0.029819157363457433
9100405,unknown_nonlinear,repeat,1,0.025,counterfactual,linear,5,0.02947517782966258
9100405,unknown_nonlinear,repeat,1,0.025,counterfactual,nonlinear,5,0.0292491099641776
9100405,unknown_nonlinear,repeat,1,0.025,counterfactual,zero,5,0.029824596318026475
9100405,unknown_nonlinear,repeat,1,0.025,early,action_blind,19,0.0017030251848667063
9100405,unknown_nonlinear,repeat,1,0.025,early,adaptive_nonlinear,19,0.0021439471084988455
9100405,unknown_nonlinear,repeat,1,0.025,early,knn_all,19,0.0017231153281930805
9100405,unknown_nonlinear,repeat,1,0.025,early,knn_recent,19,0.0017231153281930805
9100405,unknown_nonlinear,repeat,1,0.025,early,linear,19,0.0032969136985715733
9100405,unknown_nonlinear,repeat,1,0.025,early,nonlinear,19,0.0021439471084988455
9100405,unknown_nonlinear,repeat,1,0.025,early,zero,19,0.0017588807853077533
9100405,unknown_nonlinear,repeat,1,0.025,late,action_blind,35,0.001386103941542116
9100405,unknown_nonlinear,repeat,1,0.025,late,adaptive_nonlinear,35,0.0019266244006536921
9100405,unknown_nonlinear,repeat,1,0.025,late,knn_all,35,0.0015331391114645862
9100405,unknown_nonlinear,repeat,1,0.025,late,knn_recent,35,0.0015331391114645862
9100405,unknown_nonlinear,repeat,1,0.025,late,linear,35,0.0019189849822598764
9100405,unknown_nonlinear,repeat,1,0.025,late,nonlinear,35,0.0019266244006536921
9100405,unknown_nonlinear,repeat,1,0.025,late,zero,35,0.001610876071772522
9100405,unknown_nonlinear,repeat,1,0.025,pre,action_blind,35,0.0016896632017813628
9100405,unknown_nonlinear,repeat,1,0.025,pre,adaptive_nonlinear,35,0.0018977298673021796
9100405,unknown_nonlinear,repeat,1,0.025,pre,knn_all,35,0.0017541952261924288
9100405,unknown_nonlinear,repeat,1,0.025,pre,knn_recent,35,0.0017541952261924288
9100405,unknown_nonlinear,repeat,1,0.025,pre,linear,35,0.010213609688292847
9100405,unknown_nonlinear,repeat,1,0.025,pre,nonlinear,35,0.0018977298673021796
9100405,unknown_nonlinear,repeat,1,0.025,pre,zero,35,0.0017783544948813757
9100506,external,repeat,1,0.025,counterfactual,action_blind,5,0.06108449731994098
9100506,external,repeat,1,0.025,counterfactual,adaptive_nonlinear,5,0.05254784858705053
9100506,external,repeat,1,0.025,counterfactual,knn_all,5,0.0489593134175271
9100506,external,repeat,1,0.025,counterfactual,knn_recent,5,0.0489593134175271
9100506,external,repeat,1,0.025,counterfactual,linear,5,0.05116800234909698
9100506,external,repeat,1,0.025,counterfactual,nonlinear,5,0.05254784858705053
9100506,external,repeat,1,0.025,counterfactual,zero,5,0.0484061969095019
9100506,external,repeat,1,0.025,early,action_blind,19,0.00447111597654539
9100506,external,repeat,1,0.025,early,adaptive_nonlinear,19,0.005679839845734426
9100506,external,repeat,1,0.025,early,knn_all,19,0.003079826299601563
9100506,external,repeat,1,0.025,early,knn_recent,19,0.0024801266430584355
9100506,external,repeat,1,0.025,early,linear,19,0.012525772268659146
9100506,external,repeat,1,0.025,early,nonlinear,19,0.005679839845734426
9100506,external,repeat,1,0.025,early,zero,19,0.013163759811242742
9100506,external,repeat,1,0.025,late,action_blind,35,0.0022464586776965592
9100506,external,repeat,1,0.025,late,adaptive_nonlinear,35,0.003513569641744993
9100506,external,repeat,1,0.025,late,knn_all,35,0.0017138948050316677
9100506,external,repeat,1,0.025,late,knn_recent,35,0.0017138948050316677
9100506,external,repeat,1,0.025,late,linear,35,0.0030817487099612595
9100506,external,repeat,1,0.025,late,nonlinear,35,0.003513569641744993
9100506,external,repeat,1,0.025,late,zero,35,0.001964415530750884
9100506,external,repeat,1,0.025,pre,action_blind,35,0.0019625063752207583
9100506,external,repeat,1,0.025,pre,adaptive_nonlinear,35,0.0019505600464647622
9100506,external,repeat,1,0.025,pre,knn_all,35,0.0017232354924182547
9100506,external,repeat,1,0.025,pre,knn_recent,35,0.0017232354924182547
9100506,external,repeat,1,0.025,pre,linear,35,0.009375917433169775
9100506,external,repeat,1,0.025,pre,nonlinear,35,0.0019505600464647622
9100506,external,repeat,1,0.025,pre,zero,35,0.0017749639553124696
9100506,motor,repeat,1,0.025,counterfactual,action_blind,5,0.022398320955876298
9100506,motor,repeat,1,0.025,counterfactual,adaptive_nonlinear,5,0.02155495425089274
9100506,motor,repeat,1,0.025,counterfactual,knn_all,5,0.02156966096149278
9100506,motor,repeat,1,0.025,counterfactual,knn_recent,5,0.02156966096149278
9100506,motor,repeat,1,0.025,counterfactual,linear,5,0.0221878290135828
9100506,motor,repeat,1,0.025,counterfactual,nonlinear,5,0.02155495425089274
9100506,motor,repeat,1,0.025,counterfactual,zero,5,0.021580293522270724
9100506,motor,repeat,1,0.025,early,action_blind,19,0.01212442926744981
9100506,motor,repeat,1,0.025,early,adaptive_nonlinear,19,0.01068168281190515
9100506,motor,repeat,1,0.025,early,knn_all,19,0.006473229529238015
9100506,motor,repeat,1,0.025,early,knn_recent,19,0.006473229529238015
9100506,motor,repeat,1,0.025,early,linear,19,0.012743274496306276
9100506,motor,repeat,1,0.025,early,nonlinear,19,0.01068168281190515
9100506,motor,repeat,1,0.025,early,zero,19,0.010303475306834167
9100506,motor,repeat,1,0.025,late,action_blind,35,0.00192443903553727
9100506,motor,repeat,1,0.025,late,adaptive_nonlinear,35,0.001970655794584242
9100506,motor,repeat,1,0.025,late,knn_all,35,0.001710845796229874
9100506,motor,repeat,1,0.025,late,knn_recent,35,0.001710845796229874
9100506,motor,repeat,1,0.025,late,linear,35,0.003509368569717786
9100506,motor,repeat,1,0.025,late,nonlinear,35,0.001970655794584242
9100506,motor,repeat,1,0.025,late,zero,35,0.0017169822261266167
9100506,motor,repeat,1,0.025,pre,action_blind,35,0.0019625063752207583
9100506,motor,repeat,1,0.025,pre,adaptive_nonlinear,35,0.0019505600464647622
9100506,motor,repeat,1,0.025,pre,knn_all,35,0.0017232354924182547
9100506,motor,repeat,1,0.025,pre,knn_recent,35,0.0017232354924182547
9100506,motor,repeat,1,0.025,pre,linear,35,0.009375917433169775
9100506,motor,repeat,1,0.025,pre,nonlinear,35,0.0019505600464647622
9100506,motor,repeat,1,0.025,pre,zero,35,0.0017749639553124696
9100506,motor_external,repeat,1,0.025,counterfactual,action_blind,5,0.07777230686405065
9100506,motor_external,repeat,1,0.025,counterfactual,adaptive_nonlinear,5,0.09070012568948871
9100506,motor_external,repeat,1,0.025,counterfactual,knn_all,5,0.09594544029513005
9100506,motor_external,repeat,1,0.025,counterfactual,knn_recent,5,0.09594544029513005
9100506,motor_external,repeat,1,0.025,counterfactual,linear,5,0.09828515090143934
9100506,motor_external,repeat,1,0.025,counterfactual,nonlinear,5,0.09070012568948871
9100506,motor_external,repeat,1,0.025,counterfactual,zero,5,0.09845606585803679
9100506,motor_external,repeat,1,0.025,early,action_blind,19,0.005677427664804231
9100506,motor_external,repeat,1,0.025,early,adaptive_nonlinear,19,0.0069832684320454376
9100506,motor_external,repeat,1,0.025,early,knn_all,19,0.0032335018833109727
9100506,motor_external,repeat,1,0.025,early,knn_recent,19,0.0032335018833109727
9100506,motor_external,repeat,1,0.025,early,linear,19,0.022027940822375743
9100506,motor_external,repeat,1,0.025,early,nonlinear,19,0.0069832684320454376
9100506,motor_external,repeat,1,0.025,early,zero,19,0.018638592295816103
9100506,motor_external,repeat,1,0.025,late,action_blind,35,0.002224230177936707
9100506,motor_external,repeat,1,0.025,late,adaptive_nonlinear,35,0.0033960395857141694
9100506,motor_external,repeat,1,0.025,late,knn_all,35,0.001984744916909658
9100506,motor_external,repeat,1,0.025,late,knn_recent,35,0.001984744916909658
9100506,motor_external,repeat,1,0.025,late,linear,35,0.007232929800974684
9100506,motor_external,repeat,1,0.025,late,nonlinear,35,0.0033960395857141694
9100506,motor_external,repeat,1,0.025,late,zero,35,0.01162391182936944
9100506,motor_external,repeat,1,0.025,pre,action_blind,35,0.0019625063752207583
9100506,motor_external,repeat,1,0.025,pre,adaptive_nonlinear,35,0.0019505600464647622
9100506,motor_external,repeat,1,0.025,pre,knn_all,35,0.0017232354924182547
9100506,motor_external,repeat,1,0.025,pre,knn_recent,35,0.0017232354924182547
9100506,motor_external,repeat,1,0.025,pre,linear,35,0.009375917433169775
9100506,motor_external,repeat,1,0.025,pre,nonlinear,35,0.0019505600464647622
9100506,motor_external,repeat,1,0.025,pre,zero,35,0.0017749639553124696
9100506,none,repeat,1,0.025,counterfactual,action_blind,5,0.021844676547310187
9100506,none,repeat,1,0.025,counterfactual,adaptive_nonlinear,5,0.022544811064538893
9100506,none,repeat,1,0.025,counterfactual,knn_all,5,0.02228995713648092
9100506,none,repeat,1,0.025,counterfactual,knn_recent,5,0.02228995713648092
9100506,none,repeat,1,0.025,counterfactual,linear,5,0.022335351269005634
9100506,none,repeat,1,0.025,counterfactual,nonlinear,5,0.022544811064538893
9100506,none,repeat,1,0.025,counterfactual,zero,5,0.02235254505487626
9100506,none,repeat,1,0.025,early,action_blind,19,0.001984863078961026
9100506,none,repeat,1,0.025,early,adaptive_nonlinear,19,0.0023635152233654174
9100506,none,repeat,1,0.025,early,knn_all,19,0.0020700091525857195
9100506,none,repeat,1,0.025,early,knn_recent,19,0.0020700091525857195
9100506,none,repeat,1,0.025,early,linear,19,0.0032070281809849395
9100506,none,repeat,1,0.025,early,nonlinear,19,0.0023635152233654174
9100506,none,repeat,1,0.025,early,zero,19,0.002130260528233784
9100506,none,repeat,1,0.025,late,action_blind,35,0.0013903780764651461
9100506,none,repeat,1,0.025,late,adaptive_nonlinear,35,0.0017287265917714323
9100506,none,repeat,1,0.025,late,knn_all,35,0.0015152386670517657
9100506,none,repeat,1,0.025,late,knn_recent,35,0.0015152386670517657
9100506,none,repeat,1,0.025,late,linear,35,0.0020248785356032405
9100506,none,repeat,1,0.025,late,nonlinear,35,0.0017287265917714323
9100506,none,repeat,1,0.025,late,zero,35,0.0014797404695929201
9100506,none,repeat,1,0.025,pre,action_blind,35,0.0019625063752207583
9100506,none,repeat,1,0.025,pre,adaptive_nonlinear,35,0.0019505600464647622
9100506,none,repeat,1,0.025,pre,knn_all,35,0.0017232354924182547
9100506,none,repeat,1,0.025,pre,knn_recent,35,0.0017232354924182547
9100506,none,repeat,1,0.025,pre,linear,35,0.009375917433169775
9100506,none,repeat,1,0.025,pre,nonlinear,35,0.0019505600464647622
9100506,none,repeat,1,0.025,pre,zero,35,0.0017749639553124696
9100506,sensor,repeat,1,0.025,counterfactual,action_blind,5,0.021992066473709593
9100506,sensor,repeat,1,0.025,counterfactual,adaptive_nonlinear,5,0.022393699383038024
9100506,sensor,repeat,1,0.025,counterfactual,knn_all,5,0.022289957136480916
9100506,sensor,repeat,1,0.025,counterfactual,knn_recent,5,0.022289957136480916
9100506,sensor,repeat,1,0.025,counterfactual,linear,5,0.022270990363422487
9100506,sensor,repeat,1,0.025,counterfactual,nonlinear,5,0.0224285108781156
9100506,sensor,repeat,1,0.025,counterfactual,zero,5,0.02235254505487626
9100506,sensor,repeat,1,0.025,early,action_blind,19,0.0020927395241133774
9100506,sensor,repeat,1,0.025,early,adaptive_nonlinear,19,0.0025780674170948845
9100506,sensor,repeat,1,0.025,early,knn_all,19,0.0020700091525857195
9100506,sensor,repeat,1,0.025,early,knn_recent,19,0.0020700091525857195
9100506,sensor,repeat,1,0.025,early,linear,19,0.0030988893756526124
9100506,sensor,repeat,1,0.025,early,nonlinear,19,0.0026450421230768007
9100506,sensor,repeat,1,0.025,early,zero,19,0.0021302605282337845
9100506,sensor,repeat,1,0.025,late,action_blind,35,0.001347715346437689
9100506,sensor,repeat,1,0.025,late,adaptive_nonlinear,35,0.001568907269998293
9100506,sensor,repeat,1,0.025,late,knn_all,35,0.0015152386670517657
9100506,sensor,repeat,1,0.025,late,knn_recent,35,0.0015152386670517657
9100506,sensor,repeat,1,0.025,late,linear,35,0.001933069912022632
9100506,sensor,repeat,1,0.025,late,nonlinear,35,0.0016023335430776142
9100506,sensor,repeat,1,0.025,late,zero,35,0.0014797404695929205
9100506,sensor,repeat,1,0.025,pre,action_blind,35,0.0019625063752207583
9100506,sensor,repeat,1,0.025,pre,adaptive_nonlinear,35,0.0019505600464647622
9100506,sensor,repeat,1,0.025,pre,knn_all,35,0.0017232354924182547
9100506,sensor,repeat,1,0.025,pre,knn_recent,35,0.0017232354924182547
9100506,sensor,repeat,1,0.025,pre,linear,35,0.009375917433169775
9100506,sensor,repeat,1,0.025,pre,nonlinear,35,0.0019505600464647622
9100506,sensor,repeat,1,0.025,pre,zero,35,0.0017749639553124696
9100506,unknown_nonlinear,repeat,1,0.025,counterfactual,action_blind,5,0.017128399375392556
9100506,unknown_nonlinear,repeat,1,0.025,counterfactual,adaptive_nonlinear,5,0.017237251671531718
9100506,unknown_nonlinear,repeat,1,0.025,counterfactual,knn_all,5,0.016846312362193305
9100506,unknown_nonlinear,repeat,1,0.025,counterfactual,knn_recent,5,0.016846312362193305
9100506,unknown_nonlinear,repeat,1,0.025,counterfactual,linear,5,0.017479003340657776
9100506,unknown_nonlinear,repeat,1,0.025,counterfactual,nonlinear,5,0.017237251671531718
9100506,unknown_nonlinear,repeat,1,0.025,counterfactual,zero,5,0.016908900280588647
9100506,unknown_nonlinear,repeat,1,0.025,early,action_blind,19,0.001984863078961026
9100506,unknown_nonlinear,repeat,1,0.025,early,adaptive_nonlinear,19,0.0023635152233654174
9100506,unknown_nonlinear,repeat,1,0.025,early,knn_all,19,0.0020700091525857195
9100506,unknown_nonlinear,repeat,1,0.025,early,knn_recent,19,0.0020700091525857195
9100506,unknown_nonlinear,repeat,1,0.025,early,linear,19,0.0032070281809849395
9100506,unknown_nonlinear,repeat,1,0.025,early,nonlinear,19,0.0023635152233654174
9100506,unknown_nonlinear,repeat,1,0.025,early,zero,19,0.002130260528233784
9100506,unknown_nonlinear,repeat,1,0.025,late,action_blind,35,0.0013903780764651461
9100506,unknown_nonlinear,repeat,1,0.025,late,adaptive_nonlinear,35,0.0017287265917714323
9100506,unknown_nonlinear,repeat,1,0.025,late,knn_all,35,0.0015152386670517657
9100506,unknown_nonlinear,repeat,1,0.025,late,knn_recent,35,0.0015152386670517657
9100506,unknown_nonlinear,repeat,1,0.025,late,linear,35,0.0020248785356032405
9100506,unknown_nonlinear,repeat,1,0.025,late,nonlinear,35,0.0017287265917714323
9100506,unknown_nonlinear,repeat,1,0.025,late,zero,35,0.0014797404695929201
9100506,unknown_nonlinear,repeat,1,0.025,pre,action_blind,35,0.0019625063752207583
9100506,unknown_nonlinear,repeat,1,0.025,pre,adaptive_nonlinear,35,0.0019505600464647622
9100506,unknown_nonlinear,repeat,1,0.025,pre,knn_all,35,0.0017232354924182547
9100506,unknown_nonlinear,repeat,1,0.025,pre,knn_recent,35,0.0017232354924182547
9100506,unknown_nonlinear,repeat,1,0.025,pre,linear,35,0.009375917433169775
9100506,unknown_nonlinear,repeat,1,0.025,pre,nonlinear,35,0.0019505600464647622
9100506,unknown_nonlinear,repeat,1,0.025,pre,zero,35,0.0017749639553124696
9100607,external,repeat,1,0.025,counterfactual,action_blind,5,0.017502178241926895
9100607,external,repeat,1,0.025,counterfactual,adaptive_nonlinear,5,0.016282912214235667
9100607,external,repeat,1,0.025,counterfactual,knn_all,5,0.01491218872438643
9100607,external,repeat,1,0.025,counterfactual,knn_recent,5,0.01491218872438643
9100607,external,repeat,1,0.025,counterfactual,linear,5,0.01711769144919748
9100607,external,repeat,1,0.025,counterfactual,nonlinear,5,0.016270151929587275
9100607,external,repeat,1,0.025,counterfactual,zero,5,0.014959318777512812
9100607,external,repeat,1,0.025,early,action_blind,19,0.00846119439863041
9100607,external,repeat,1,0.025,early,adaptive_nonlinear,19,0.014383604611414478
9100607,external,repeat,1,0.025,early,knn_all,19,0.006454798840677937
9100607,external,repeat,1,0.025,early,knn_recent,19,0.006454798840677937
9100607,external,repeat,1,0.025,early,linear,19,0.019736785874030396
9100607,external,repeat,1,0.025,early,nonlinear,19,0.015072789617240357
9100607,external,repeat,1,0.025,early,zero,19,0.02567009877489914
9100607,external,repeat,1,0.025,late,action_blind,35,0.0012889684642961236
9100607,external,repeat,1,0.025,late,adaptive_nonlinear,35,0.001560601457525561
9100607,external,repeat,1,0.025,late,knn_all,35,0.0009081934718591197
9100607,external,repeat,1,0.025,late,knn_recent,35,0.0009024115364986857
9100607,external,repeat,1,0.025,late,linear,35,0.002955596608537107
9100607,external,repeat,1,0.025,late,nonlinear,35,0.0015787032183905247
9100607,external,repeat,1,0.025,late,zero,35,0.0011431133018859267
9100607,external,repeat,1,0.025,pre,action_blind,35,0.0015175316671051013
9100607,external,repeat,1,0.025,pre,adaptive_nonlinear,35,0.0017101722437537867
9100607,external,repeat,1,0.025,pre,knn_all,35,0.0014671370173787851
9100607,external,repeat,1,0.025,pre,knn_recent,35,0.0014671370173787851
9100607,external,repeat,1,0.025,pre,linear,35,0.009851103720003017
9100607,external,repeat,1,0.025,pre,nonlinear,35,0.0017533466972629874
9100607,external,repeat,1,0.025,pre,zero,35,0.0016608226456589165
9100607,motor,repeat,1,0.025,counterfactual,action_blind,5,0.06893468358170338
9100607,motor,repeat,1,0.025,counterfactual,adaptive_nonlinear,5,0.06671289994552121
9100607,motor,repeat,1,0.025,counterfactual,knn_all,5,0.06520676737095199
9100607,motor,repeat,1,0.025,counterfactual,knn_recent,5,0.06520676737095199
9100607,motor,repeat,1,0.025,counterfactual,linear,5,0.06763009854763945
9100607,motor,repeat,1,0.025,counterfactual,nonlinear,5,0.06696314961162249
9100607,motor,repeat,1,0.025,counterfactual,zero,5,0.06543670940923445
9100607,motor,repeat,1,0.025,early,action_blind,19,0.02356934144702454
9100607,motor,repeat,1,0.025,early,adaptive_nonlinear,19,0.034130096622558635
9100607,motor,repeat,1,0.025,early,knn_all,19,0.016837627510819127
9100607,motor,repeat,1,0.025,early,knn_recent,19,0.012785607298381388
9100607,motor,repeat,1,0.025,early,linear,19,0.04261974463908234
9100607,motor,repeat,1,0.025,early,nonlinear,19,0.03546584455109279
9100607,motor,repeat,1,0.025,early,zero,19,0.04847217958186093
9100607,motor,repeat,1,0.025,late,action_blind,35,0.0023097634368430425
9100607,motor,repeat,1,0.025,late,adaptive_nonlinear,35,0.0024772827336311475
9100607,motor,repeat,1,0.025,late,knn_all,35,0.0014263272727393233
9100607,motor,repeat,1,0.025,late,knn_recent,35,0.0014263272727393233
9100607,motor,repeat,1,0.025,late,linear,35,0.0035053675181756943
9100607,motor,repeat,1,0.025,late,nonlinear,35,0.002730808930381741
9100607,motor,repeat,1,0.025,late,zero,35,0.0015093436825037456
9100607,motor,repeat,1,0.025,pre,action_blind,35,0.0015175316671051013
9100607,motor,repeat,1,0.025,pre,adaptive_nonlinear,35,0.0017101722437537867
9100607,motor,repeat,1,0.025,pre,knn_all,35,0.0014671370173787851
9100607,motor,repeat,1,0.025,pre,knn_recent,35,0.0014671370173787851
9100607,motor,repeat,1,0.025,pre,linear,35,0.009851103720003017
9100607,motor,repeat,1,0.025,pre,nonlinear,35,0.0017533466972629874
9100607,motor,repeat,1,0.025,pre,zero,35,0.0016608226456589165
9100607,motor_external,repeat,1,0.025,counterfactual,action_blind,5,0.07753804104449469
9100607,motor_external,repeat,1,0.025,counterfactual,adaptive_nonlinear,5,0.08089285228841034
9100607,motor_external,repeat,1,0.025,counterfactual,knn_all,5,0.07956318017986949
9100607,motor_external,repeat,1,0.025,counterfactual,knn_recent,5,0.07956318017986949
9100607,motor_external,repeat,1,0.025,counterfactual,linear,5,0.08483512460323937
9100607,motor_external,repeat,1,0.025,counterfactual,nonlinear,5,0.08096344326489587
9100607,motor_external,repeat,1,0.025,counterfactual,zero,5,0.080952775197421
9100607,motor_external,repeat,1,0.025,early,action_blind,19,0.020077234698227614
9100607,motor_external,repeat,1,0.025,early,adaptive_nonlinear,19,0.021029874309492328
9100607,motor_external,repeat,1,0.025,early,knn_all,19,0.011902917467797118
9100607,motor_external,repeat,1,0.025,early,knn_recent,19,0.0038947582162889667
9100607,motor_external,repeat,1,0.025,early,linear,19,0.023627062960588408
9100607,motor_external,repeat,1,0.025,early,nonlinear,19,0.022033644916704294
9100607,motor_external,repeat,1,0.025,early,zero,19,0.023472809662843548
9100607,motor_external,repeat,1,0.025,late,action_blind,35,0.002400385844877962
9100607,motor_external,repeat,1,0.025,late,adaptive_nonlinear,35,0.0030144478156328156
9100607,motor_external,repeat,1,0.025,late,knn_all,35,0.0016240346810810892
9100607,motor_external,repeat,1,0.025,late,knn_recent,35,0.0016240346810810892
9100607,motor_external,repeat,1,0.025,late,linear,35,0.007522688416734285
9100607,motor_external,repeat,1,0.025,late,nonlinear,35,0.003075664975847186
9100607,motor_external,repeat,1,0.025,late,zero,35,0.005976003828220467
9100607,motor_external,repeat,1,0.025,pre,action_blind,35,0.0015175316671051013
9100607,motor_external,repeat,1,0.025,pre,adaptive_nonlinear,35,0.0017101722437537867
9100607,motor_external,repeat,1,0.025,pre,knn_all,35,0.0014671370173787851
9100607,motor_external,repeat,1,0.025,pre,knn_recent,35,0.0014671370173787851
9100607,motor_external,repeat,1,0.025,pre,linear,35,0.009851103720003017
9100607,motor_external,repeat,1,0.025,pre,nonlinear,35,0.0017533466972629874
9100607,motor_external,repeat,1,0.025,pre,zero,35,0.0016608226456589165
9100607,none,repeat,1,0.025,counterfactual,action_blind,5,0.03013969317738211
9100607,none,repeat,1,0.025,counterfactual,adaptive_nonlinear,5,0.030761946901047325
9100607,none,repeat,1,0.025,counterfactual,knn_all,5,0.03156940893444858
9100607,none,repeat,1,0.025,counterfactual,knn_recent,5,0.03156940893444858
9100607,none,repeat,1,0.025,counterfactual,linear,5,0.0321772373948435
9100607,none,repeat,1,0.025,counterfactual,nonlinear,5,0.03073518371796339
9100607,none,repeat,1,0.025,counterfactual,zero,5,0.03157788079276498
9100607,none,repeat,1,0.025,early,action_blind,19,0.0022128667930446135
9100607,none,repeat,1,0.025,early,adaptive_nonlinear,19,0.0026178162446023707
9100607,none,repeat,1,0.025,early,knn_all,19,0.0024246837564063815
9100607,none,repeat,1,0.025,early,knn_recent,19,0.0024246837564063815
9100607,none,repeat,1,0.025,early,linear,19,0.0036264180652045112
9100607,none,repeat,1,0.025,early,nonlinear,19,0.0026973710901552336
9100607,none,repeat,1,0.025,early,zero,19,0.0024517168487172987
9100607,none,repeat,1,0.025,late,action_blind,35,0.0014210982040466379
9100607,none,repeat,1,0.025,late,adaptive_nonlinear,35,0.0019190464631075547
9100607,none,repeat,1,0.025,late,knn_all,35,0.0015512788037815985
9100607,none,repeat,1,0.025,late,knn_recent,35,0.0015512788037815985
9100607,none,repeat,1,0.025,late,linear,35,0.0018987198361564007
9100607,none,repeat,1,0.025,late,nonlinear,35,0.0019857064260544017
9100607,none,repeat,1,0.025,late,zero,35,0.0017266612987393614
9100607,none,repeat,1,0.025,pre,action_blind,35,0.0015175316671051013
9100607,none,repeat,1,0.025,pre,adaptive_nonlinear,35,0.0017101722437537867
9100607,none,repeat,1,0.025,pre,knn_all,35,0.0014671370173787851
9100607,none,repeat,1,0.025,pre,knn_recent,35,0.0014671370173787851
9100607,none,repeat,1,0.025,pre,linear,35,0.009851103720003017
9100607,none,repeat,1,0.025,pre,nonlinear,35,0.0017533466972629874
9100607,none,repeat,1,0.025,pre,zero,35,0.0016608226456589165
9100607,sensor,repeat,1,0.025,counterfactual,action_blind,5,0.029274053694377033
9100607,sensor,repeat,1,0.025,counterfactual,adaptive_nonlinear,5,0.030680010377229748
9100607,sensor,repeat,1,0.025,counterfactual,knn_all,5,0.03156940893444858
9100607,sensor,repeat,1,0.025,counterfactual,knn_recent,5,0.03156940893444858
9100607,sensor,repeat,1,0.025,counterfactual,linear,5,0.032056952156580346
9100607,sensor,repeat,1,0.025,counterfactual,nonlinear,5,0.03064951117108945
9100607,sensor,repeat,1,0.025,counterfactual,zero,5,0.03157788079276498
9100607,sensor,repeat,1,0.025,early,action_blind,19,0.002230987233723832
9100607,sensor,repeat,1,0.025,early,adaptive_nonlinear,19,0.0027678115269957003
9100607,sensor,repeat,1,0.025,early,knn_all,19,0.002419086453179872
9100607,sensor,repeat,1,0.025,early,knn_recent,19,0.002419086453179872
9100607,sensor,repeat,1,0.025,early,linear,19,0.0033790275955729535
9100607,sensor,repeat,1,0.025,early,nonlinear,19,0.002852831171300549
9100607,sensor,repeat,1,0.025,early,zero,19,0.0024517168487172987
9100607,sensor,repeat,1,0.025,late,action_blind,35,0.001620134064292619
9100607,sensor,repeat,1,0.025,late,adaptive_nonlinear,35,0.0022044246508314286
9100607,sensor,repeat,1,0.025,late,knn_all,35,0.0015512788037815985
9100607,sensor,repeat,1,0.025,late,knn_recent,35,0.0015512788037815985
9100607,sensor,repeat,1,0.025,late,linear,35,0.0018102135678304623
9100607,sensor,repeat,1,0.025,late,nonlinear,35,0.002347976089099862
9100607,sensor,repeat,1,0.025,late,zero,35,0.0017266612987393614
9100607,sensor,repeat,1,0.025,pre,action_blind,35,0.0015175316671051013
9100607,sensor,repeat,1,0.025,pre,adaptive_nonlinear,35,0.0017101722437537867
9100607,sensor,repeat,1,0.025,pre,knn_all,35,0.0014671370173787851
9100607,sensor,repeat,1,0.025,pre,knn_recent,35,0.0014671370173787851
9100607,sensor,repeat,1,0.025,pre,linear,35,0.009851103720003017
9100607,sensor,repeat,1,0.025,pre,nonlinear,35,0.0017533466972629874
9100607,sensor,repeat,1,0.025,pre,zero,35,0.0016608226456589165
9100607,unknown_nonlinear,repeat,1,0.025,counterfactual,action_blind,5,0.03312163208399893
9100607,unknown_nonlinear,repeat,1,0.025,counterfactual,adaptive_nonlinear,5,0.03450024553834753
9100607,unknown_nonlinear,repeat,1,0.025,counterfactual,knn_all,5,0.035850430870985175
9100607,unknown_nonlinear,repeat,1,0.025,counterfactual,knn_recent,5,0.035850430870985175
9100607,unknown_nonlinear,repeat,1,0.025,counterfactual,linear,5,0.03563835553016999
9100607,unknown_nonlinear,repeat,1,0.025,counterfactual,nonlinear,5,0.03448573084124183
9100607,unknown_nonlinear,repeat,1,0.025,counterfactual,zero,5,0.03585890272930157
9100607,unknown_nonlinear,repeat,1,0.025,early,action_blind,19,0.0022128667930446135
9100607,unknown_nonlinear,repeat,1,0.025,early,adaptive_nonlinear,19,0.0026178162446023707
9100607,unknown_nonlinear,repeat,1,0.025,early,knn_all,19,0.0024246837564063815
9100607,unknown_nonlinear,repeat,1,0.025,early,knn_recent,19,0.0024246837564063815
9100607,unknown_nonlinear,repeat,1,0.025,early,linear,19,0.0036264180652045112
9100607,unknown_nonlinear,repeat,1,0.025,early,nonlinear,19,0.0026973710901552336
9100607,unknown_nonlinear,repeat,1,0.025,early,zero,19,0.0024517168487172987
9100607,unknown_nonlinear,repeat,1,0.025,late,action_blind,35,0.0014210982040466379
9100607,unknown_nonlinear,repeat,1,0.025,late,adaptive_nonlinear,35,0.0019190464631075547
9100607,unknown_nonlinear,repeat,1,0.025,late,knn_all,35,0.0015512788037815985
9100607,unknown_nonlinear,repeat,1,0.025,late,knn_recent,35,0.0015512788037815985
9100607,unknown_nonlinear,repeat,1,0.025,late,linear,35,0.0018987198361564007
9100607,unknown_nonlinear,repeat,1,0.025,late,nonlinear,35,0.0019857064260544017
9100607,unknown_nonlinear,repeat,1,0.025,late,zero,35,0.0017266612987393614
9100607,unknown_nonlinear,repeat,1,0.025,pre,action_blind,35,0.0015175316671051013
9100607,unknown_nonlinear,repeat,1,0.025,pre,adaptive_nonlinear,35,0.0017101722437537867
9100607,unknown_nonlinear,repeat,1,0.025,pre,knn_all,35,0.0014671370173787851
9100607,unknown_nonlinear,repeat,1,0.025,pre,knn_recent,35,0.0014671370173787851
9100607,unknown_nonlinear,repeat,1,0.025,pre,linear,35,0.009851103720003017
9100607,unknown_nonlinear,repeat,1,0.025,pre,nonlinear,35,0.0017533466972629874
9100607,unknown_nonlinear,repeat,1,0.025,pre,zero,35,0.0016608226456589165
9100708,external,repeat,1,0.025,counterfactual,action_blind,5,0.04775273915268041
9100708,external,repeat,1,0.025,counterfactual,adaptive_nonlinear,5,0.048127669361194066
9100708,external,repeat,1,0.025,counterfactual,knn_all,5,0.048829816613977686
9100708,external,repeat,1,0.025,counterfactual,knn_recent,5,0.048829816613977686
9100708,external,repeat,1,0.025,counterfactual,linear,5,0.050215597675039525
9100708,external,repeat,1,0.025,counterfactual,nonlinear,5,0.048127669361194066
9100708,external,repeat,1,0.025,counterfactual,zero,5,0.048822016867482554
9100708,external,repeat,1,0.025,early,action_blind,19,0.0013072374360788984
9100708,external,repeat,1,0.025,early,adaptive_nonlinear,19,0.0014162416844270972
9100708,external,repeat,1,0.025,early,knn_all,19,0.0013737338966534666
9100708,external,repeat,1,0.025,early,knn_recent,19,0.0013737338966534666
9100708,external,repeat,1,0.025,early,linear,19,0.0026172670126417604
9100708,external,repeat,1,0.025,early,nonlinear,19,0.0014162416844270972
9100708,external,repeat,1,0.025,early,zero,19,0.0013269111856266894
9100708,external,repeat,1,0.025,late,action_blind,35,0.001288971684583532
9100708,external,repeat,1,0.025,late,adaptive_nonlinear,35,0.0014176872266478745
9100708,external,repeat,1,0.025,late,knn_all,35,0.0013829842381145531
9100708,external,repeat,1,0.025,late,knn_recent,35,0.0013829842381145531
9100708,external,repeat,1,0.025,late,linear,35,0.001715334139556004
9100708,external,repeat,1,0.025,late,nonlinear,35,0.0014176872266478745
9100708,external,repeat,1,0.025,late,zero,35,0.0013306865641152627
9100708,external,repeat,1,0.025,pre,action_blind,35,0.001743702503885187
9100708,external,repeat,1,0.025,pre,adaptive_nonlinear,35,0.001856051002582841
9100708,external,repeat,1,0.025,pre,knn_all,35,0.0017975342808383827
9100708,external,repeat,1,0.025,pre,knn_recent,35,0.0017975342808383827
9100708,external,repeat,1,0.025,pre,linear,35,0.008647847615331104
9100708,external,repeat,1,0.025,pre,nonlinear,35,0.001856051002582841
9100708,external,repeat,1,0.025,pre,zero,35,0.001914770307469713
9100708,motor,repeat,1,0.025,counterfactual,action_blind,5,0.056826468606270754
9100708,motor,repeat,1,0.025,counterfactual,adaptive_nonlinear,5,0.056302361715134475
9100708,motor,repeat,1,0.025,counterfactual,knn_all,5,0.05635443924580837
9100708,motor,repeat,1,0.025,counterfactual,knn_recent,5,0.05635443924580837
9100708,motor,repeat,1,0.025,counterfactual,linear,5,0.05683317885703949
9100708,motor,repeat,1,0.025,counterfactual,nonlinear,5,0.056302458184602375
9100708,motor,repeat,1,0.025,counterfactual,zero,5,0.05632453653194593
9100708,motor,repeat,1,0.025,early,action_blind,19,0.03159845577471082
9100708,motor,repeat,1,0.025,early,adaptive_nonlinear,19,0.03863561008197773
9100708,motor,repeat,1,0.025,early,knn_all,19,0.017729603041024698
9100708,motor,repeat,1,0.025,early,knn_recent,19,0.017729603041024698
9100708,motor,repeat,1,0.025,early,linear,19,0.05079094441059023
9100708,motor,repeat,1,0.025,early,nonlinear,19,0.03977297659573231
9100708,motor,repeat,1,0.025,early,zero,19,0.05406456217875597
9100708,motor,repeat,1,0.025,late,action_blind,35,0.0016053145613732275
9100708,motor,repeat,1,0.025,late,adaptive_nonlinear,35,0.0016926239555327366
9100708,motor,repeat,1,0.025,late,knn_all,35,0.0015398682695544692
9100708,motor,repeat,1,0.025,late,knn_recent,35,0.0015398682695544692
9100708,motor,repeat,1,0.025,late,linear,35,0.0032870116248341656
9100708,motor,repeat,1,0.025,late,nonlinear,35,0.001735055710572824
9100708,motor,repeat,1,0.025,late,zero,35,0.0015205693580679716
9100708,motor,repeat,1,0.025,pre,action_blind,35,0.001743702503885187
9100708,motor,repeat,1,0.025,pre,adaptive_nonlinear,35,0.001856051002582841
9100708,motor,repeat,1,0.025,pre,knn_all,35,0.0017975342808383827
9100708,motor,repeat,1,0.025,pre,knn_recent,35,0.0017975342808383827
9100708,motor,repeat,1,0.025,pre,linear,35,0.008647847615331104
9100708,motor,repeat,1,0.025,pre,nonlinear,35,0.001856051002582841
9100708,motor,repeat,1,0.025,pre,zero,35,0.001914770307469713
9100708,motor_external,repeat,1,0.025,counterfactual,action_blind,5,0.023386051950110464
9100708,motor_external,repeat,1,0.025,counterfactual,adaptive_nonlinear,5,0.031569584361576655
9100708,motor_external,repeat,1,0.025,counterfactual,knn_all,5,0.041480790771913224
9100708,motor_external,repeat,1,0.025,counterfactual,knn_recent,5,0.041480790771913224
9100708,motor_external,repeat,1,0.025,counterfactual,linear,5,0.045635905926413874
9100708,motor_external,repeat,1,0.025,counterfactual,nonlinear,5,0.031569584361576655
9100708,motor_external,repeat,1,0.025,counterfactual,zero,5,0.0484206091608639
9100708,motor_external,repeat,1,0.025,early,action_blind,19,0.013923769784245576
9100708,motor_external,repeat,1,0.025,early,adaptive_nonlinear,19,0.019783537210647018
9100708,motor_external,repeat,1,0.025,early,knn_all,19,0.009231110301526579
9100708,motor_external,repeat,1,0.025,early,knn_recent,19,0.009231110301526579
9100708,motor_external,repeat,1,0.025,early,linear,19,0.0645274046763387
9100708,motor_external,repeat,1,0.025,early,nonlinear,19,0.019783537210647018
9100708,motor_external,repeat,1,0.025,early,zero,19,0.06732226614663922
9100708,motor_external,repeat,1,0.025,late,action_blind,35,0.007063598908919494
9100708,motor_external,repeat,1,0.025,late,adaptive_nonlinear,35,0.008055534470151447
9100708,motor_external,repeat,1,0.025,late,knn_all,35,0.003487761392928273
9100708,motor_external,repeat,1,0.025,late,knn_recent,35,0.003487761392928273
9100708,motor_external,repeat,1,0.025,late,linear,35,0.010731188201782654
9100708,motor_external,repeat,1,0.025,late,nonlinear,35,0.008055534470151447
9100708,motor_external,repeat,1,0.025,late,zero,35,0.009991516116963792
9100708,motor_external,repeat,1,0.025,pre,action_blind,35,0.001743702503885187
9100708,motor_external,repeat,1,0.025,pre,adaptive_nonlinear,35,0.001856051002582841
9100708,motor_external,repeat,1,0.025,pre,knn_all,35,0.0017975342808383827
9100708,motor_external,repeat,1,0.025,pre,knn_recent,35,0.0017975342808383827
9100708,motor_external,repeat,1,0.025,pre,linear,35,0.008647847615331104
9100708,motor_external,repeat,1,0.025,pre,nonlinear,35,0.001856051002582841
9100708,motor_external,repeat,1,0.025,pre,zero,35,0.001914770307469713
9100708,none,repeat,1,0.025,counterfactual,action_blind,5,0.03338687172397326
9100708,none,repeat,1,0.025,counterfactual,adaptive_nonlinear,5,0.03403153657989537
9100708,none,repeat,1,0.025,counterfactual,knn_all,5,0.03386375625311385
9100708,none,repeat,1,0.025,counterfactual,knn_recent,5,0.03386375625311385
9100708,none,repeat,1,0.025,counterfactual,linear,5,0.03346668604171722
9100708,none,repeat,1,0.025,counterfactual,nonlinear,5,0.03403153657989537
9100708,none,repeat,1,0.025,counterfactual,zero,5,0.033948848593629816
9100708,none,repeat,1,0.025,early,action_blind,19,0.0014157407725107318
9100708,none,repeat,1,0.025,early,adaptive_nonlinear,19,0.0016254258278733027
9100708,none,repeat,1,0.025,early,knn_all,19,0.0014541725446751944
9100708,none,repeat,1,0.025,early,knn_recent,19,0.0014541725446751944
9100708,none,repeat,1,0.025,early,linear,19,0.002537304051471243
9100708,none,repeat,1,0.025,early,nonlinear,19,0.0016254258278733027
9100708,none,repeat,1,0.025,early,zero,19,0.0016610674549626466
9100708,none,repeat,1,0.025,late,action_blind,35,0.0013111942611611657
9100708,none,repeat,1,0.025,late,adaptive_nonlinear,35,0.0016107895344593737
9100708,none,repeat,1,0.025,late,knn_all,35,0.001407074517827716
9100708,none,repeat,1,0.025,late,knn_recent,35,0.001407074517827716
9100708,none,repeat,1,0.025,late,linear,35,0.0016659941169683199
9100708,none,repeat,1,0.025,late,nonlinear,35,0.0016107895344593737
9100708,none,repeat,1,0.025,late,zero,35,0.001634826825113835
9100708,none,repeat,1,0.025,pre,action_blind,35,0.001743702503885187
9100708,none,repeat,1,0.025,pre,adaptive_nonlinear,35,0.001856051002582841
9100708,none,repeat,1,0.025,pre,knn_all,35,0.0017975342808383827
9100708,none,repeat,1,0.025,pre,knn_recent,35,0.0017975342808383827
9100708,none,repeat,1,0.025,pre,linear,35,0.008647847615331104
9100708,none,repeat,1,0.025,pre,nonlinear,35,0.001856051002582841
9100708,none,repeat,1,0.025,pre,zero,35,0.001914770307469713
9100708,sensor,repeat,1,0.025,counterfactual,action_blind,5,0.033693177363537864
9100708,sensor,repeat,1,0.025,counterfactual,adaptive_nonlinear,5,0.03393582773578938
9100708,sensor,repeat,1,0.025,counterfactual,knn_all,5,0.03386375625311385
9100708,sensor,repeat,1,0.025,counterfactual,knn_recent,5,0.03386375625311385
9100708,sensor,repeat,1,0.025,counterfactual,linear,5,0.033485663894874826
9100708,sensor,repeat,1,0.025,counterfactual,nonlinear,5,0.033968601460849714
9100708,sensor,repeat,1,0.025,counterfactual,zero,5,0.033948848593629816
9100708,sensor,repeat,1,0.025,early,action_blind,19,0.001552008239066917
9100708,sensor,repeat,1,0.025,early,adaptive_nonlinear,19,0.0016413299689853622
9100708,sensor,repeat,1,0.025,early,knn_all,19,0.00156949894929138
9100708,sensor,repeat,1,0.025,early,knn_recent,19,0.00156949894929138
9100708,sensor,repeat,1,0.025,early,linear,19,0.0027773919674862818
9100708,sensor,repeat,1,0.025,early,nonlinear,19,0.0016901846640196608
9100708,sensor,repeat,1,0.025,early,zero,19,0.0016610674549626466
9100708,sensor,repeat,1,0.025,late,action_blind,35,0.0012980355419994366
9100708,sensor,repeat,1,0.025,late,adaptive_nonlinear,35,0.0014667799392191732
9100708,sensor,repeat,1,0.025,late,knn_all,35,0.001407074517827716
9100708,sensor,repeat,1,0.025,late,knn_recent,35,0.001407074517827716
9100708,sensor,repeat,1,0.025,late,linear,35,0.001742203165360576
9100708,sensor,repeat,1,0.025,late,nonlinear,35,0.0014983222266925754
9100708,sensor,repeat,1,0.025,late,zero,35,0.001634826825113835
9100708,sensor,repeat,1,0.025,pre,action_blind,35,0.001743702503885187
9100708,sensor,repeat,1,0.025,pre,adaptive_nonlinear,35,0.001856051002582841
9100708,sensor,repeat,1,0.025,pre,knn_all,35,0.0017975342808383827
9100708,sensor,repeat,1,0.025,pre,knn_recent,35,0.0017975342808383827
9100708,sensor,repeat,1,0.025,pre,linear,35,0.008647847615331104
9100708,sensor,repeat,1,0.025,pre,nonlinear,35,0.001856051002582841
9100708,sensor,repeat,1,0.025,pre,zero,35,0.001914770307469713
9100708,unknown_nonlinear,repeat,1,0.025,counterfactual,action_blind,5,0.02794538883141272
9100708,unknown_nonlinear,repeat,1,0.025,counterfactual,adaptive_nonlinear,5,0.02831993416692975
9100708,unknown_nonlinear,repeat,1,0.025,counterfactual,knn_all,5,0.028481800112538598
9100708,unknown_nonlinear,repeat,1,0.025,counterfactual,knn_recent,5,0.028481800112538598
9100708,unknown_nonlinear,repeat,1,0.025,counterfactual,linear,5,0.02862603956397236
9100708,unknown_nonlinear,repeat,1,0.025,counterfactual,nonlinear,5,0.02831993416692975
9100708,unknown_nonlinear,repeat,1,0.025,counterfactual,zero,5,0.028474677460009312
9100708,unknown_nonlinear,repeat,1,0.025,early,action_blind,19,0.0013078664861047088
9100708,unknown_nonlinear,repeat,1,0.025,early,adaptive_nonlinear,19,0.001417748408731347
9100708,unknown_nonlinear,repeat,1,0.025,early,knn_all,19,0.0013787098007965095
9100708,unknown_nonlinear,repeat,1,0.025,early,knn_recent,19,0.0013787098007965095
9100708,unknown_nonlinear,repeat,1,0.025,early,linear,19,0.002615494568694793
9100708,unknown_nonlinear,repeat,1,0.025,early,nonlinear,19,0.001417748408731347
9100708,unknown_nonlinear,repeat,1,0.025,early,zero,19,0.0013291453935466689
9100708,unknown_nonlinear,repeat,1,0.025,late,action_blind,35,0.0012898597262399466
9100708,unknown_nonlinear,repeat,1,0.025,late,adaptive_nonlinear,35,0.0014204260143477233
9100708,unknown_nonlinear,repeat,1,0.025,late,knn_all,35,0.0013857613490331916
9100708,unknown_nonlinear,repeat,1,0.025,late,knn_recent,35,0.0013857613490331916
9100708,unknown_nonlinear,repeat,1,0.025,late,linear,35,0.0017145555266305486
9100708,unknown_nonlinear,repeat,1,0.025,late,nonlinear,35,0.0014204260143477233
9100708,unknown_nonlinear,repeat,1,0.025,late,zero,35,0.001332850770318995
9100708,unknown_nonlinear,repeat,1,0.025,pre,action_blind,35,0.001743702503885187
9100708,unknown_nonlinear,repeat,1,0.025,pre,adaptive_nonlinear,35,0.001856051002582841
9100708,unknown_nonlinear,repeat,1,0.025,pre,knn_all,35,0.0017975342808383827
9100708,unknown_nonlinear,repeat,1,0.025,pre,knn_recent,35,0.0017975342808383827
9100708,unknown_nonlinear,repeat,1,0.025,pre,linear,35,0.008647847615331104
9100708,unknown_nonlinear,repeat,1,0.025,pre,nonlinear,35,0.001856051002582841
9100708,unknown_nonlinear,repeat,1,0.025,pre,zero,35,0.001914770307469713
9100809,external,repeat,1,0.025,counterfactual,action_blind,5,0.09501845206673482
9100809,external,repeat,1,0.025,counterfactual,adaptive_nonlinear,5,0.09451573408578119
9100809,external,repeat,1,0.025,counterfactual,knn_all,5,0.09759651063971685
9100809,external,repeat,1,0.025,counterfactual,knn_recent,5,0.09759651063971685
9100809,external,repeat,1,0.025,counterfactual,linear,5,0.09936584052789604
9100809,external,repeat,1,0.025,counterfactual,nonlinear,5,0.09451573408578119
9100809,external,repeat,1,0.025,counterfactual,zero,5,0.09788020224958133
9100809,external,repeat,1,0.025,early,action_blind,19,0.004500934072590693
9100809,external,repeat,1,0.025,early,adaptive_nonlinear,19,0.004706024753511118
9100809,external,repeat,1,0.025,early,knn_all,19,0.004449122827587981
9100809,external,repeat,1,0.025,early,knn_recent,19,0.002435111714835049
9100809,external,repeat,1,0.025,early,linear,19,0.005541952849916223
9100809,external,repeat,1,0.025,early,nonlinear,19,0.004706024753511118
9100809,external,repeat,1,0.025,early,zero,19,0.004046775099953906
9100809,external,repeat,1,0.025,late,action_blind,35,0.0017993131302672764
9100809,external,repeat,1,0.025,late,adaptive_nonlinear,35,0.0034454729816656695
9100809,external,repeat,1,0.025,late,knn_all,35,0.0017894907653139816
9100809,external,repeat,1,0.025,late,knn_recent,35,0.0017894907653139816
9100809,external,repeat,1,0.025,late,linear,35,0.0025864778993332687
9100809,external,repeat,1,0.025,late,nonlinear,35,0.0034454729816656695
9100809,external,repeat,1,0.025,late,zero,35,0.004182048923178807
9100809,external,repeat,1,0.025,pre,action_blind,35,0.0018167204257491113
9100809,external,repeat,1,0.025,pre,adaptive_nonlinear,35,0.0020165653799765026
9100809,external,repeat,1,0.025,pre,knn_all,35,0.0017659435209305913
9100809,external,repeat,1,0.025,pre,knn_recent,35,0.0017659435209305913
9100809,external,repeat,1,0.025,pre,linear,35,0.009111295146194907
9100809,external,repeat,1,0.025,pre,nonlinear,35,0.0020165653799765026
9100809,external,repeat,1,0.025,pre,zero,35,0.001797946180930845
9100809,motor,repeat,1,0.025,counterfactual,action_blind,5,0.018861603371003486
9100809,motor,repeat,1,0.025,counterfactual,adaptive_nonlinear,5,0.01737771829406299
9100809,motor,repeat,1,0.025,counterfactual,knn_all,5,0.017455786158756037
9100809,motor,repeat,1,0.025,counterfactual,knn_recent,5,0.017455786158756037
9100809,motor,repeat,1,0.025,counterfactual,linear,5,0.019002454321765373
9100809,motor,repeat,1,0.025,counterfactual,nonlinear,5,0.01737771829406299
9100809,motor,repeat,1,0.025,counterfactual,zero,5,0.017479804453497873
9100809,motor,repeat,1,0.025,early,action_blind,19,0.006907046871464681
9100809,motor,repeat,1,0.025,early,adaptive_nonlinear,19,0.013068814105324263
9100809,motor,repeat,1,0.025,early,knn_all,19,0.004901646442484409
9100809,motor,repeat,1,0.025,early,knn_recent,19,0.004901646442484409
9100809,motor,repeat,1,0.025,early,linear,19,0.00861718678776245
9100809,motor,repeat,1,0.025,early,nonlinear,19,0.013068814105324263
9100809,motor,repeat,1,0.025,early,zero,19,0.008333598767357142
9100809,motor,repeat,1,0.025,late,action_blind,35,0.0014483372860285707
9100809,motor,repeat,1,0.025,late,adaptive_nonlinear,35,0.0017141233806653748
9100809,motor,repeat,1,0.025,late,knn_all,35,0.0009526164522971614
9100809,motor,repeat,1,0.025,late,knn_recent,35,0.0009756142978578388
9100809,motor,repeat,1,0.025,late,linear,35,0.002884694425960408
9100809,motor,repeat,1,0.025,late,nonlinear,35,0.0017141233806653748
9100809,motor,repeat,1,0.025,late,zero,35,0.0013766668883329674
9100809,motor,repeat,1,0.025,pre,action_blind,35,0.0018167204257491113
9100809,motor,repeat,1,0.025,pre,adaptive_nonlinear,35,0.0020165653799765026
9100809,motor,repeat,1,0.025,pre,knn_all,35,0.0017659435209305913
9100809,motor,repeat,1,0.025,pre,knn_recent,35,0.0017659435209305913
9100809,motor,repeat,1,0.025,pre,linear,35,0.009111295146194907
9100809,motor,repeat,1,0.025,pre,nonlinear,35,0.0020165653799765026
9100809,motor,repeat,1,0.025,pre,zero,35,0.001797946180930845
9100809,motor_external,repeat,1,0.025,counterfactual,action_blind,5,0.06910432419436618
9100809,motor_external,repeat,1,0.025,counterfactual,adaptive_nonlinear,5,0.07289973423307687
9100809,motor_external,repeat,1,0.025,counterfactual,knn_all,5,0.08135321555165267
9100809,motor_external,repeat,1,0.025,counterfactual,knn_recent,5,0.08135321555165267
9100809,motor_external,repeat,1,0.025,counterfactual,linear,5,0.08095878711304434
9100809,motor_external,repeat,1,0.025,counterfactual,nonlinear,5,0.07289973423307687
9100809,motor_external,repeat,1,0.025,counterfactual,zero,5,0.08426883231730467
9100809,motor_external,repeat,1,0.025,early,action_blind,19,0.009902387032099322
9100809,motor_external,repeat,1,0.025,early,adaptive_nonlinear,19,0.012888535773173407
9100809,motor_external,repeat,1,0.025,early,knn_all,19,0.005161859112886122
9100809,motor_external,repeat,1,0.025,early,knn_recent,19,0.005161859112886122
9100809,motor_external,repeat,1,0.025,early,linear,19,0.026097462030898643
9100809,motor_external,repeat,1,0.025,early,nonlinear,19,0.012888535773173407
9100809,motor_external,repeat,1,0.025,early,zero,19,0.023502070781016536
9100809,motor_external,repeat,1,0.025,late,action_blind,35,0.003662181091301169
9100809,motor_external,repeat,1,0.025,late,adaptive_nonlinear,35,0.0064751129955683
9100809,motor_external,repeat,1,0.025,late,knn_all,35,0.002950628174931236
9100809,motor_external,repeat,1,0.025,late,knn_recent,35,0.002950628174931236
9100809,motor_external,repeat,1,0.025,late,linear,35,0.007556376922035362
9100809,motor_external,repeat,1,0.025,late,nonlinear,35,0.0064751129955683
9100809,motor_external,repeat,1,0.025,late,zero,35,0.009709382824044368
9100809,motor_external,repeat,1,0.025,pre,action_blind,35,0.0018167204257491113
9100809,motor_external,repeat,1,0.025,pre,adaptive_nonlinear,35,0.0020165653799765026
9100809,motor_external,repeat,1,0.025,pre,knn_all,35,0.0017659435209305913
9100809,motor_external,repeat,1,0.025,pre,knn_recent,35,0.0017659435209305913
9100809,motor_external,repeat,1,0.025,pre,linear,35,0.009111295146194907
9100809,motor_external,repeat,1,0.025,pre,nonlinear,35,0.0020165653799765026
9100809,motor_external,repeat,1,0.025,pre,zero,35,0.001797946180930845
9100809,none,repeat,1,0.025,counterfactual,action_blind,5,0.03176752298824319
9100809,none,repeat,1,0.025,counterfactual,adaptive_nonlinear,5,0.03240437958871547
9100809,none,repeat,1,0.025,counterfactual,knn_all,5,0.032779956625560915
9100809,none,repeat,1,0.025,counterfactual,knn_recent,5,0.032779956625560915
9100809,none,repeat,1,0.025,counterfactual,linear,5,0.0329677603465552
9100809,none,repeat,1,0.025,counterfactual,nonlinear,5,0.03240437958871547
9100809,none,repeat,1,0.025,counterfactual,zero,5,0.032784110558105026
9100809,none,repeat,1,0.025,early,action_blind,19,0.001684003092315856
9100809,none,repeat,1,0.025,early,adaptive_nonlinear,19,0.0022141217028482396
9100809,none,repeat,1,0.025,early,knn_all,19,0.001680313314162991
9100809,none,repeat,1,0.025,early,knn_recent,19,0.001680313314162991
9100809,none,repeat,1,0.025,early,linear,19,0.002875549148253878
9100809,none,repeat,1,0.025,early,nonlinear,19,0.0022141217028482396
9100809,none,repeat,1,0.025,early,zero,19,0.0018446647996735218
9100809,none,repeat,1,0.025,late,action_blind,35,0.0014744322273906576
9100809,none,repeat,1,0.025,late,adaptive_nonlinear,35,0.001999609672646409
9100809,none,repeat,1,0.025,late,knn_all,35,0.0016455289703828566
9100809,none,repeat,1,0.025,late,knn_recent,35,0.0016455289703828566
9100809,none,repeat,1,0.025,late,linear,35,0.0019071557167676934
9100809,none,repeat,1,0.025,late,nonlinear,35,0.001999609672646409
9100809,none,repeat,1,0.025,late,zero,35,0.0016185434664881006
9100809,none,repeat,1,0.025,pre,action_blind,35,0.0018167204257491113
9100809,none,repeat,1,0.025,pre,adaptive_nonlinear,35,0.0020165653799765026
9100809,none,repeat,1,0.025,pre,knn_all,35,0.0017659435209305913
9100809,none,repeat,1,0.025,pre,knn_recent,35,0.0017659435209305913
9100809,none,repeat,1,0.025,pre,linear,35,0.009111295146194907
9100809,none,repeat,1,0.025,pre,nonlinear,35,0.0020165653799765026
9100809,none,repeat,1,0.025,pre,zero,35,0.001797946180930845
9100809,sensor,repeat,1,0.025,counterfactual,action_blind,5,0.030509505833071375
9100809,sensor,repeat,1,0.025,counterfactual,adaptive_nonlinear,5,0.032400436961483176
9100809,sensor,repeat,1,0.025,counterfactual,knn_all,5,0.032779956625560915
9100809,sensor,repeat,1,0.025,counterfactual,knn_recent,5,0.032779956625560915
9100809,sensor,repeat,1,0.025,counterfactual,linear,5,0.03294558783930524
9100809,sensor,repeat,1,0.025,counterfactual,nonlinear,5,0.032402528685893925
9100809,sensor,repeat,1,0.025,counterfactual,zero,5,0.032784110558105026
9100809,sensor,repeat,1,0.025,early,action_blind,19,0.001682883419127254
9100809,sensor,repeat,1,0.025,early,adaptive_nonlinear,19,0.0018304070562161223
9100809,sensor,repeat,1,0.025,early,knn_all,19,0.001680313314162991
9100809,sensor,repeat,1,0.025,early,knn_recent,19,0.001680313314162991
9100809,sensor,repeat,1,0.025,early,linear,19,0.0029367942808215617
9100809,sensor,repeat,1,0.025,early,nonlinear,19,0.0018037289924144055
9100809,sensor,repeat,1,0.025,early,zero,19,0.0018446647996735218
9100809,sensor,repeat,1,0.025,late,action_blind,35,0.0017396893398722631
9100809,sensor,repeat,1,0.025,late,adaptive_nonlinear,35,0.0025336084476348815
9100809,sensor,repeat,1,0.025,late,knn_all,35,0.0016455289703828566
9100809,sensor,repeat,1,0.025,late,knn_recent,35,0.0016455289703828566
9100809,sensor,repeat,1,0.025,late,linear,35,0.0019176322021754368
9100809,sensor,repeat,1,0.025,late,nonlinear,35,0.002599781208971934
9100809,sensor,repeat,1,0.025,late,zero,35,0.0016185434664881006
9100809,sensor,repeat,1,0.025,pre,action_blind,35,0.0018167204257491113
9100809,sensor,repeat,1,0.025,pre,adaptive_nonlinear,35,0.0020165653799765026
9100809,sensor,repeat,1,0.025,pre,knn_all,35,0.0017659435209305913
9100809,sensor,repeat,1,0.025,pre,knn_recent,35,0.0017659435209305913
9100809,sensor,repeat,1,0.025,pre,linear,35,0.009111295146194907
9100809,sensor,repeat,1,0.025,pre,nonlinear,35,0.0020165653799765026
9100809,sensor,repeat,1,0.025,pre,zero,35,0.001797946180930845
9100809,unknown_nonlinear,repeat,1,0.025,counterfactual,action_blind,5,0.0244424315933229
9100809,unknown_nonlinear,repeat,1,0.025,counterfactual,adaptive_nonlinear,5,0.02480697839846602
9100809,unknown_nonlinear,repeat,1,0.025,counterfactual,knn_all,5,0.025126144326959237
9100809,unknown_nonlinear,repeat,1,0.025,counterfactual,knn_recent,5,0.025126144326959237
9100809,unknown_nonlinear,repeat,1,0.025,counterfactual,linear,5,0.02525214591664629
9100809,unknown_nonlinear,repeat,1,0.025,counterfactual,nonlinear,5,0.02480697839846602
9100809,unknown_nonlinear,repeat,1,0.025,counterfactual,zero,5,0.0251935201851197
9100809,unknown_nonlinear,repeat,1,0.025,early,action_blind,19,0.001776665095052845
9100809,unknown_nonlinear,repeat,1,0.025,early,adaptive_nonlinear,19,0.002611283310411641
9100809,unknown_nonlinear,repeat,1,0.025,early,knn_all,19,0.0017064484873200142
9100809,unknown_nonlinear,repeat,1,0.025,early,knn_recent,19,0.0017064484873200142
9100809,unknown_nonlinear,repeat,1,0.025,early,linear,19,0.00285636194003478
9100809,unknown_nonlinear,repeat,1,0.025,early,nonlinear,19,0.002611283310411641
9100809,unknown_nonlinear,repeat,1,0.025,early,zero,19,0.00229412412504101
9100809,unknown_nonlinear,repeat,1,0.025,late,action_blind,35,0.001486999248394521
9100809,unknown_nonlinear,repeat,1,0.025,late,adaptive_nonlinear,35,0.002552521107595313
9100809,unknown_nonlinear,repeat,1,0.025,late,knn_all,35,0.0016823594484438515
9100809,unknown_nonlinear,repeat,1,0.025,late,knn_recent,35,0.0016823594484438515
9100809,unknown_nonlinear,repeat,1,0.025,late,linear,35,0.0018451698259056796
9100809,unknown_nonlinear,repeat,1,0.025,late,nonlinear,35,0.002552521107595313
9100809,unknown_nonlinear,repeat,1,0.025,late,zero,35,0.0018775335072673198
9100809,unknown_nonlinear,repeat,1,0.025,pre,action_blind,35,0.0018167204257491113
9100809,unknown_nonlinear,repeat,1,0.025,pre,adaptive_nonlinear,35,0.0020165653799765026
9100809,unknown_nonlinear,repeat,1,0.025,pre,knn_all,35,0.0017659435209305913
9100809,unknown_nonlinear,repeat,1,0.025,pre,knn_recent,35,0.0017659435209305913
9100809,unknown_nonlinear,repeat,1,0.025,pre,linear,35,0.009111295146194907
9100809,unknown_nonlinear,repeat,1,0.025,pre,nonlinear,35,0.0020165653799765026
9100809,unknown_nonlinear,repeat,1,0.025,pre,zero,35,0.001797946180930845
9100910,external,repeat,1,0.025,counterfactual,action_blind,5,0.06825036488679254
9100910,external,repeat,1,0.025,counterfactual,adaptive_nonlinear,5,0.0635830220563444
9100910,external,repeat,1,0.025,counterfactual,knn_all,5,0.06184840623477968
9100910,external,repeat,1,0.025,counterfactual,knn_recent,5,0.06184840623477968
9100910,external,repeat,1,0.025,counterfactual,linear,5,0.0647788089880832
9100910,external,repeat,1,0.025,counterfactual,nonlinear,5,0.0635830220563444
9100910,external,repeat,1,0.025,counterfactual,zero,5,0.06181124521166659
9100910,external,repeat,1,0.025,early,action_blind,19,0.003706779568310692
9100910,external,repeat,1,0.025,early,adaptive_nonlinear,19,0.005335306269881789
9100910,external,repeat,1,0.025,early,knn_all,19,0.0026560474618807146
9100910,external,repeat,1,0.025,early,knn_recent,19,0.0026560474618807146
9100910,external,repeat,1,0.025,early,linear,19,0.009097854265736604
9100910,external,repeat,1,0.025,early,nonlinear,19,0.005335306269881789
9100910,external,repeat,1,0.025,early,zero,19,0.00988526429846196
9100910,external,repeat,1,0.025,late,action_blind,35,0.0024580903670488345
9100910,external,repeat,1,0.025,late,adaptive_nonlinear,35,0.0026501880077222694
9100910,external,repeat,1,0.025,late,knn_all,35,0.0013389120126969121
9100910,external,repeat,1,0.025,late,knn_recent,35,0.0013389120126969121
9100910,external,repeat,1,0.025,late,linear,35,0.002803155801417317
9100910,external,repeat,1,0.025,late,nonlinear,35,0.0026501880077222694
9100910,external,repeat,1,0.025,late,zero,35,0.001612612222998385
9100910,external,repeat,1,0.025,pre,action_blind,35,0.0013700026060721867
9100910,external,repeat,1,0.025,pre,adaptive_nonlinear,35,0.0014640970264856708
9100910,external,repeat,1,0.025,pre,knn_all,35,0.0013667056051930276
9100910,external,repeat,1,0.025,pre,knn_recent,35,0.0013667056051930276
9100910,external,repeat,1,0.025,pre,linear,35,0.006803534359040142
9100910,external,repeat,1,0.025,pre,nonlinear,35,0.0014640970264856708
9100910,external,repeat,1,0.025,pre,zero,35,0.0015232800674172386
9100910,motor,repeat,1,0.025,counterfactual,action_blind,5,0.05515305607437672
9100910,motor,repeat,1,0.025,counterfactual,adaptive_nonlinear,5,0.05345697156238953
9100910,motor,repeat,1,0.025,counterfactual,knn_all,5,0.05391581643611817
9100910,motor,repeat,1,0.025,counterfactual,knn_recent,5,0.05391581643611817
9100910,motor,repeat,1,0.025,counterfactual,linear,5,0.05385127149509515
9100910,motor,repeat,1,0.025,counterfactual,nonlinear,5,0.053395179406241625
9100910,motor,repeat,1,0.025,counterfactual,zero,5,0.05394037702207442
9100910,motor,repeat,1,0.025,early,action_blind,19,0.03169028012167398
9100910,motor,repeat,1,0.025,early,adaptive_nonlinear,19,0.03226490177029486
9100910,motor,repeat,1,0.025,early,knn_all,19,0.016448117178722525
9100910,motor,repeat,1,0.025,early,knn_recent,19,0.016448117178722525
9100910,motor,repeat,1,0.025,early,linear,19,0.04070120027639536
9100910,motor,repeat,1,0.025,early,nonlinear,19,0.03386822828955036
9100910,motor,repeat,1,0.025,early,zero,19,0.04086652921348447
9100910,motor,repeat,1,0.025,late,action_blind,35,0.0021213782598691186
9100910,motor,repeat,1,0.025,late,adaptive_nonlinear,35,0.0021960056229487525
9100910,motor,repeat,1,0.025,late,knn_all,35,0.0019410433914258095
9100910,motor,repeat,1,0.025,late,knn_recent,35,0.0019410433914258095
9100910,motor,repeat,1,0.025,late,linear,35,0.003339659041125145
9100910,motor,repeat,1,0.025,late,nonlinear,35,0.0022571516707539626
9100910,motor,repeat,1,0.025,late,zero,35,0.002002504862587601
9100910,motor,repeat,1,0.025,pre,action_blind,35,0.0013700026060721867
9100910,motor,repeat,1,0.025,pre,adaptive_nonlinear,35,0.0014640970264856708
9100910,motor,repeat,1,0.025,pre,knn_all,35,0.0013667056051930276
9100910,motor,repeat,1,0.025,pre,knn_recent,35,0.0013667056051930276
9100910,motor,repeat,1,0.025,pre,linear,35,0.006803534359040142
9100910,motor,repeat,1,0.025,pre,nonlinear,35,0.0014640970264856708
9100910,motor,repeat,1,0.025,pre,zero,35,0.0015232800674172386
9100910,motor_external,repeat,1,0.025,counterfactual,action_blind,5,0.018483042245214548
9100910,motor_external,repeat,1,0.025,counterfactual,adaptive_nonlinear,5,0.02777683182457727
9100910,motor_external,repeat,1,0.025,counterfactual,knn_all,5,0.035921411585430336
9100910,motor_external,repeat,1,0.025,counterfactual,knn_recent,5,0.035921411585430336
9100910,motor_external,repeat,1,0.025,counterfactual,linear,5,0.03620493745527983
9100910,motor_external,repeat,1,0.025,counterfactual,nonlinear,5,0.028542942102606623
9100910,motor_external,repeat,1,0.025,counterfactual,zero,5,0.04093063663576528
9100910,motor_external,repeat,1,0.025,early,action_blind,19,0.03202970812076002
9100910,motor_external,repeat,1,0.025,early,adaptive_nonlinear,19,0.03160754314847885
9100910,motor_external,repeat,1,0.025,early,knn_all,19,0.019073388573562184
9100910,motor_external,repeat,1,0.025,early,knn_recent,19,0.019073388573562184
9100910,motor_external,repeat,1,0.025,early,linear,19,0.06607145307050344
9100910,motor_external,repeat,1,0.025,early,nonlinear,19,0.03318068063335675
9100910,motor_external,repeat,1,0.025,early,zero,19,0.0649429086929384
9100910,motor_external,repeat,1,0.025,late,action_blind,35,0.006164708193761418
9100910,motor_external,repeat,1,0.025,late,adaptive_nonlinear,35,0.008660281562459146
9100910,motor_external,repeat,1,0.025,late,knn_all,35,0.0039836583243471665
9100910,motor_external,repeat,1,0.025,late,knn_recent,35,0.0039836583243471665
9100910,motor_external,repeat,1,0.025,late,linear,35,0.010383951330655316
9100910,motor_external,repeat,1,0.025,late,nonlinear,35,0.008854555451820099
9100910,motor_external,repeat,1,0.025,late,zero,35,0.011322847818740453
9100910,motor_external,repeat,1,0.025,pre,action_blind,35,0.0013700026060721867
9100910,motor_external,repeat,1,0.025,pre,adaptive_nonlinear,35,0.0014640970264856708
9100910,motor_external,repeat,1,0.025,pre,knn_all,35,0.0013667056051930276
9100910,motor_external,repeat,1,0.025,pre,knn_recent,35,0.0013667056051930276
9100910,motor_external,repeat,1,0.025,pre,linear,35,0.006803534359040142
9100910,motor_external,repeat,1,0.025,pre,nonlinear,35,0.0014640970264856708
9100910,motor_external,repeat,1,0.025,pre,zero,35,0.0015232800674172386
9100910,none,repeat,1,0.025,counterfactual,action_blind,5,0.04434423039640447
9100910,none,repeat,1,0.025,counterfactual,adaptive_nonlinear,5,0.04500206285619832
9100910,none,repeat,1,0.025,counterfactual,knn_all,5,0.04513854434209781
9100910,none,repeat,1,0.025,counterfactual,knn_recent,5,0.04513854434209781
9100910,none,repeat,1,0.025,counterfactual,linear,5,0.04566715192577771
9100910,none,repeat,1,0.025,counterfactual,nonlinear,5,0.04500206285619832
9100910,none,repeat,1,0.025,counterfactual,zero,5,0.045370621817884316
9100910,none,repeat,1,0.025,early,action_blind,19,0.0018395161847432559
9100910,none,repeat,1,0.025,early,adaptive_nonlinear,19,0.0020737334517673444
9100910,none,repeat,1,0.025,early,knn_all,19,0.0019349443000670388
9100910,none,repeat,1,0.025,early,knn_recent,19,0.0019349443000670388
9100910,none,repeat,1,0.025,early,linear,19,0.0027182992708825147
9100910,none,repeat,1,0.025,early,nonlinear,19,0.0020737334517673444
9100910,none,repeat,1,0.025,early,zero,19,0.001987839484638893
9100910,none,repeat,1,0.025,late,action_blind,35,0.0018183470507740487
9100910,none,repeat,1,0.025,late,adaptive_nonlinear,35,0.0020141913676487736
9100910,none,repeat,1,0.025,late,knn_all,35,0.001976621075702555
9100910,none,repeat,1,0.025,late,knn_recent,35,0.001976621075702555
9100910,none,repeat,1,0.025,late,linear,35,0.0024178820011553363
9100910,none,repeat,1,0.025,late,nonlinear,35,0.0020141913676487736
9100910,none,repeat,1,0.025,late,zero,35,0.0019443984572847224
9100910,none,repeat,1,0.025,pre,action_blind,35,0.0013700026060721867
9100910,none,repeat,1,0.025,pre,adaptive_nonlinear,35,0.0014640970264856708
9100910,none,repeat,1,0.025,pre,knn_all,35,0.0013667056051930276
9100910,none,repeat,1,0.025,pre,knn_recent,35,0.0013667056051930276
9100910,none,repeat,1,0.025,pre,linear,35,0.006803534359040142
9100910,none,repeat,1,0.025,pre,nonlinear,35,0.0014640970264856708
9100910,none,repeat,1,0.025,pre,zero,35,0.0015232800674172386
9100910,sensor,repeat,1,0.025,counterfactual,action_blind,5,0.04511560671316487
9100910,sensor,repeat,1,0.025,counterfactual,adaptive_nonlinear,5,0.045135209755781405
9100910,sensor,repeat,1,0.025,counterfactual,knn_all,5,0.04513854434209781
9100910,sensor,repeat,1,0.025,counterfactual,knn_recent,5,0.04513854434209781
9100910,sensor,repeat,1,0.025,counterfactual,linear,5,0.045775413790980185
9100910,sensor,repeat,1,0.025,counterfactual,nonlinear,5,0.0451318313911815
9100910,sensor,repeat,1,0.025,counterfactual,zero,5,0.045370621817884316
9100910,sensor,repeat,1,0.025,early,action_blind,19,0.0021080501863595127
9100910,sensor,repeat,1,0.025,early,adaptive_nonlinear,19,0.0022279234888417923
9100910,sensor,repeat,1,0.025,early,knn_all,19,0.0019294312918308092
9100910,sensor,repeat,1,0.025,early,knn_recent,19,0.0019294312918308092
9100910,sensor,repeat,1,0.025,early,linear,19,0.0029413475578049532
9100910,sensor,repeat,1,0.025,early,nonlinear,19,0.002309094734907534
9100910,sensor,repeat,1,0.025,early,zero,19,0.001987839484638893
9100910,sensor,repeat,1,0.025,late,action_blind,35,0.0018105788808862433
9100910,sensor,repeat,1,0.025,late,adaptive_nonlinear,35,0.0018926802460489706
9100910,sensor,repeat,1,0.025,late,knn_all,35,0.001976621075702555
9100910,sensor,repeat,1,0.025,late,knn_recent,35,0.001976621075702555
9100910,sensor,repeat,1,0.025,late,linear,35,0.0025015972939486813
9100910,sensor,repeat,1,0.025,late,nonlinear,35,0.001913335735835892
9100910,sensor,repeat,1,0.025,late,zero,35,0.0019443984572847224
9100910,sensor,repeat,1,0.025,pre,action_blind,35,0.0013700026060721867
9100910,sensor,repeat,1,0.025,pre,adaptive_nonlinear,35,0.0014640970264856708
9100910,sensor,repeat,1,0.025,pre,knn_all,35,0.0013667056051930276
9100910,sensor,repeat,1,0.025,pre,knn_recent,35,0.0013667056051930276
9100910,sensor,repeat,1,0.025,pre,linear,35,0.006803534359040142
9100910,sensor,repeat,1,0.025,pre,nonlinear,35,0.0014640970264856708
9100910,sensor,repeat,1,0.025,pre,zero,35,0.0015232800674172386
9100910,unknown_nonlinear,repeat,1,0.025,counterfactual,action_blind,5,0.045615297581901
9100910,unknown_nonlinear,repeat,1,0.025,counterfactual,adaptive_nonlinear,5,0.046037556559535564
9100910,unknown_nonlinear,repeat,1,0.025,counterfactual,knn_all,5,0.04649864620292737
9100910,unknown_nonlinear,repeat,1,0.025,counterfactual,knn_recent,5,0.04649864620292737
9100910,unknown_nonlinear,repeat,1,0.025,counterfactual,linear,5,0.04727294107618728
9100910,unknown_nonlinear,repeat,1,0.025,counterfactual,nonlinear,5,0.046037556559535564
9100910,unknown_nonlinear,repeat,1,0.025,counterfactual,zero,5,0.04652826439051999
9100910,unknown_nonlinear,repeat,1,0.025,early,action_blind,19,0.001767901402049253
9100910,unknown_nonlinear,repeat,1,0.025,early,adaptive_nonlinear,19,0.0019089603376112004
9100910,unknown_nonlinear,repeat,1,0.025,early,knn_all,19,0.0018414751523069324
9100910,unknown_nonlinear,repeat,1,0.025,early,knn_recent,19,0.0018414751523069324
9100910,unknown_nonlinear,repeat,1,0.025,early,linear,19,0.002887291009533671
9100910,unknown_nonlinear,repeat,1,0.025,early,nonlinear,19,0.0019089603376112004
9100910,unknown_nonlinear,repeat,1,0.025,early,zero,19,0.0017369617658651193
9100910,unknown_nonlinear,repeat,1,0.025,late,action_blind,35,0.0017078639868811426
9100910,unknown_nonlinear,repeat,1,0.025,late,adaptive_nonlinear,35,0.0017933977101322219
9100910,unknown_nonlinear,repeat,1,0.025,late,knn_all,35,0.0018590433485578392
9100910,unknown_nonlinear,repeat,1,0.025,late,knn_recent,35,0.0018590433485578392
9100910,unknown_nonlinear,repeat,1,0.025,late,linear,35,0.002186981325738957
9100910,unknown_nonlinear,repeat,1,0.025,late,nonlinear,35,0.0017933977101322219
9100910,unknown_nonlinear,repeat,1,0.025,late,zero,35,0.0017297293058699827
9100910,unknown_nonlinear,repeat,1,0.025,pre,action_blind,35,0.0013700026060721867
9100910,unknown_nonlinear,repeat,1,0.025,pre,adaptive_nonlinear,35,0.0014640970264856708
9100910,unknown_nonlinear,repeat,1,0.025,pre,knn_all,35,0.0013667056051930276
9100910,unknown_nonlinear,repeat,1,0.025,pre,knn_recent,35,0.0013667056051930276
9100910,unknown_nonlinear,repeat,1,0.025,pre,linear,35,0.006803534359040142
9100910,unknown_nonlinear,repeat,1,0.025,pre,nonlinear,35,0.0014640970264856708
9100910,unknown_nonlinear,repeat,1,0.025,pre,zero,35,0.0015232800674172386
9101011,external,repeat,1,0.025,counterfactual,action_blind,5,0.027028646597505073
9101011,external,repeat,1,0.025,counterfactual,adaptive_nonlinear,5,0.02545171890269642
9101011,external,repeat,1,0.025,counterfactual,knn_all,5,0.02360983037439305
9101011,external,repeat,1,0.025,counterfactual,knn_recent,5,0.02360983037439305
9101011,external,repeat,1,0.025,counterfactual,linear,5,0.02435048287751082
9101011,external,repeat,1,0.025,counterfactual,nonlinear,5,0.02545171890269642
9101011,external,repeat,1,0.025,counterfactual,zero,5,0.02373626162286225
9101011,external,repeat,1,0.025,early,action_blind,19,0.012577379998883488
9101011,external,repeat,1,0.025,early,adaptive_nonlinear,19,0.013244560875344608
9101011,external,repeat,1,0.025,early,knn_all,19,0.011422851955981929
9101011,external,repeat,1,0.025,early,knn_recent,19,0.006272607906838741
9101011,external,repeat,1,0.025,early,linear,19,0.022461102182881335
9101011,external,repeat,1,0.025,early,nonlinear,19,0.013244560875344608
9101011,external,repeat,1,0.025,early,zero,19,0.025394157837047255
9101011,external,repeat,1,0.025,late,action_blind,35,0.001959432212981608
9101011,external,repeat,1,0.025,late,adaptive_nonlinear,35,0.0026154194791332417
9101011,external,repeat,1,0.025,late,knn_all,35,0.001194124100688292
9101011,external,repeat,1,0.025,late,knn_recent,35,0.001194124100688292
9101011,external,repeat,1,0.025,late,linear,35,0.002937060403737946
9101011,external,repeat,1,0.025,late,nonlinear,35,0.0026154194791332417
9101011,external,repeat,1,0.025,late,zero,35,0.0015472933632413024
9101011,external,repeat,1,0.025,pre,action_blind,35,0.001541895779219124
9101011,external,repeat,1,0.025,pre,adaptive_nonlinear,35,0.001619292665644769
9101011,external,repeat,1,0.025,pre,knn_all,35,0.0016043597701685083
9101011,external,repeat,1,0.025,pre,knn_recent,35,0.0016043597701685083
9101011,external,repeat,1,0.025,pre,linear,35,0.007431581640612897
9101011,external,repeat,1,0.025,pre,nonlinear,35,0.001619292665644769
9101011,external,repeat,1,0.025,pre,zero,35,0.0016700209865669088
9101011,motor,repeat,1,0.025,counterfactual,action_blind,5,0.06193751344046553
9101011,motor,repeat,1,0.025,counterfactual,adaptive_nonlinear,5,0.06170399296210487
9101011,motor,repeat,1,0.025,counterfactual,knn_all,5,0.06167073425079141
9101011,motor,repeat,1,0.025,counterfactual,knn_recent,5,0.06167073425079141
9101011,motor,repeat,1,0.025,counterfactual,linear,5,0.06212965179975052
9101011,motor,repeat,1,0.025,counterfactual,nonlinear,5,0.0617237655134666
9101011,motor,repeat,1,0.025,counterfactual,zero,5,0.061431806169986745
9101011,motor,repeat,1,0.025,early,action_blind,19,0.030513657579463525
9101011,motor,repeat,1,0.025,early,adaptive_nonlinear,19,0.03663339191242035
9101011,motor,repeat,1,0.025,early,knn_all,19,0.01786470220956855
9101011,motor,repeat,1,0.025,early,knn_recent,19,0.01786470220956855
9101011,motor,repeat,1,0.025,early,linear,19,0.04741948152264576
9101011,motor,repeat,1,0.025,early,nonlinear,19,0.03800196088849409
9101011,motor,repeat,1,0.025,early,zero,19,0.05010204570661031
9101011,motor,repeat,1,0.025,late,action_blind,35,0.0018568634333571271
9101011,motor,repeat,1,0.025,late,adaptive_nonlinear,35,0.001959705216529413
9101011,motor,repeat,1,0.025,late,knn_all,35,0.0018738480358052978
9101011,motor,repeat,1,0.025,late,knn_recent,35,0.0018738480358052978
9101011,motor,repeat,1,0.025,late,linear,35,0.003457497590240562
9101011,motor,repeat,1,0.025,late,nonlinear,35,0.0019922865941698997
9101011,motor,repeat,1,0.025,late,zero,35,0.0018374016609283184
9101011,motor,repeat,1,0.025,pre,action_blind,35,0.001541895779219124
9101011,motor,repeat,1,0.025,pre,adaptive_nonlinear,35,0.001619292665644769
9101011,motor,repeat,1,0.025,pre,knn_all,35,0.0016043597701685083
9101011,motor,repeat,1,0.025,pre,knn_recent,35,0.0016043597701685083
9101011,motor,repeat,1,0.025,pre,linear,35,0.007431581640612897
9101011,motor,repeat,1,0.025,pre,nonlinear,35,0.001619292665644769
9101011,motor,repeat,1,0.025,pre,zero,35,0.0016700209865669088
9101011,motor_external,repeat,1,0.025,counterfactual,action_blind,5,0.11448906086545552
9101011,motor_external,repeat,1,0.025,counterfactual,adaptive_nonlinear,5,0.1026588245423055
9101011,motor_external,repeat,1,0.025,counterfactual,knn_all,5,0.09652718496019067
9101011,motor_external,repeat,1,0.025,counterfactual,knn_recent,5,0.09652718496019067
9101011,motor_external,repeat,1,0.025,counterfactual,linear,5,0.1004189168623256
9101011,motor_external,repeat,1,0.025,counterfactual,nonlinear,5,0.1026588245423055
9101011,motor_external,repeat,1,0.025,counterfactual,zero,5,0.09656099438378767
9101011,motor_external,repeat,1,0.025,early,action_blind,19,0.005831791435431114
9101011,motor_external,repeat,1,0.025,early,adaptive_nonlinear,19,0.009504863733335095
9101011,motor_external,repeat,1,0.025,early,knn_all,19,0.004202513594719226
9101011,motor_external,repeat,1,0.025,early,knn_recent,19,0.004202513594719226
9101011,motor_external,repeat,1,0.025,early,linear,19,0.01636656937037117
9101011,motor_external,repeat,1,0.025,early,nonlinear,19,0.009504863733335095
9101011,motor_external,repeat,1,0.025,early,zero,19,0.020108271670612483
9101011,motor_external,repeat,1,0.025,late,action_blind,35,0.002348517951302233
9101011,motor_external,repeat,1,0.025,late,adaptive_nonlinear,35,0.002788569891384702
9101011,motor_external,repeat,1,0.025,late,knn_all,35,0.001464503232767896
9101011,motor_external,repeat,1,0.025,late,knn_recent,35,0.001464503232767896
9101011,motor_external,repeat,1,0.025,late,linear,35,0.0031754247808295183
9101011,motor_external,repeat,1,0.025,late,nonlinear,35,0.002788569891384702
9101011,motor_external,repeat,1,0.025,late,zero,35,0.0016233983868954396
9101011,motor_external,repeat,1,0.025,pre,action_blind,35,0.001541895779219124
9101011,motor_external,repeat,1,0.025,pre,adaptive_nonlinear,35,0.001619292665644769
9101011,motor_external,repeat,1,0.025,pre,knn_all,35,0.0016043597701685083
9101011,motor_external,repeat,1,0.025,pre,knn_recent,35,0.0016043597701685083
9101011,motor_external,repeat,1,0.025,pre,linear,35,0.007431581640612897
9101011,motor_external,repeat,1,0.025,pre,nonlinear,35,0.001619292665644769
9101011,motor_external,repeat,1,0.025,pre,zero,35,0.0016700209865669088
9101011,none,repeat,1,0.025,counterfactual,action_blind,5,0.035414923631478204
9101011,none,repeat,1,0.025,counterfactual,adaptive_nonlinear,5,0.0357082299175354
9101011,none,repeat,1,0.025,counterfactual,knn_all,5,0.03537225695861983
9101011,none,repeat,1,0.025,counterfactual,knn_recent,5,0.03537225695861983
9101011,none,repeat,1,0.025,counterfactual,linear,5,0.035013931628945415
9101011,none,repeat,1,0.025,counterfactual,nonlinear,5,0.0357082299175354
9101011,none,repeat,1,0.025,counterfactual,zero,5,0.035309460487313565
9101011,none,repeat,1,0.025,early,action_blind,19,0.001603322445761977
9101011,none,repeat,1,0.025,early,adaptive_nonlinear,19,0.0018331266875071684
9101011,none,repeat,1,0.025,early,knn_all,19,0.0016876555336299334
9101011,none,repeat,1,0.025,early,knn_recent,19,0.0016876555336299334
9101011,none,repeat,1,0.025,early,linear,19,0.0025166241049521284
9101011,none,repeat,1,0.025,early,nonlinear,19,0.0018331266875071684
9101011,none,repeat,1,0.025,early,zero,19,0.0017519935375363506
9101011,none,repeat,1,0.025,late,action_blind,35,0.0018817023152633025
9101011,none,repeat,1,0.025,late,adaptive_nonlinear,35,0.0021142173500590528
9101011,none,repeat,1,0.025,late,knn_all,35,0.00212533111121261
9101011,none,repeat,1,0.025,late,knn_recent,35,0.00212533111121261
9101011,none,repeat,1,0.025,late,linear,35,0.0021970601897443815
9101011,none,repeat,1,0.025,late,nonlinear,35,0.0021142173500590528
9101011,none,repeat,1,0.025,late,zero,35,0.0020666449304478137
9101011,none,repeat,1,0.025,pre,action_blind,35,0.001541895779219124
9101011,none,repeat,1,0.025,pre,adaptive_nonlinear,35,0.001619292665644769
9101011,none,repeat,1,0.025,pre,knn_all,35,0.0016043597701685083
9101011,none,repeat,1,0.025,pre,knn_recent,35,0.0016043597701685083
9101011,none,repeat,1,0.025,pre,linear,35,0.007431581640612897
9101011,none,repeat,1,0.025,pre,nonlinear,35,0.001619292665644769
9101011,none,repeat,1,0.025,pre,zero,35,0.0016700209865669088
9101011,sensor,repeat,1,0.025,counterfactual,action_blind,5,0.0355344355187389
9101011,sensor,repeat,1,0.025,counterfactual,adaptive_nonlinear,5,0.03596659533167283
9101011,sensor,repeat,1,0.025,counterfactual,knn_all,5,0.03537225695861983
9101011,sensor,repeat,1,0.025,counterfactual,knn_recent,5,0.03537225695861983
9101011,sensor,repeat,1,0.025,counterfactual,linear,5,0.03513362826961823
9101011,sensor,repeat,1,0.025,counterfactual,nonlinear,5,0.03597546219778795
9101011,sensor,repeat,1,0.025,counterfactual,zero,5,0.035309460487313565
9101011,sensor,repeat,1,0.025,early,action_blind,19,0.0016550750909853015
9101011,sensor,repeat,1,0.025,early,adaptive_nonlinear,19,0.0018110351247829983
9101011,sensor,repeat,1,0.025,early,knn_all,19,0.001809792193640981
9101011,sensor,repeat,1,0.025,early,knn_recent,19,0.001809792193640981
9101011,sensor,repeat,1,0.025,early,linear,19,0.002355222258219719
9101011,sensor,repeat,1,0.025,early,nonlinear,19,0.001797322353249334
9101011,sensor,repeat,1,0.025,early,zero,19,0.0017519935375363506
9101011,sensor,repeat,1,0.025,late,action_blind,35,0.0020214713910583957
9101011,sensor,repeat,1,0.025,late,adaptive_nonlinear,35,0.00234509753713023
9101011,sensor,repeat,1,0.025,late,knn_all,35,0.00212533111121261
9101011,sensor,repeat,1,0.025,late,knn_recent,35,0.00212533111121261
9101011,sensor,repeat,1,0.025,late,linear,35,0.0021475745658044707
9101011,sensor,repeat,1,0.025,late,nonlinear,35,0.0023699022868232393
9101011,sensor,repeat,1,0.025,late,zero,35,0.0020666449304478137
9101011,sensor,repeat,1,0.025,pre,action_blind,35,0.001541895779219124
9101011,sensor,repeat,1,0.025,pre,adaptive_nonlinear,35,0.001619292665644769
9101011,sensor,repeat,1,0.025,pre,knn_all,35,0.0016043597701685083
9101011,sensor,repeat,1,0.025,pre,knn_recent,35,0.0016043597701685083
9101011,sensor,repeat,1,0.025,pre,linear,35,0.007431581640612897
9101011,sensor,repeat,1,0.025,pre,nonlinear,35,0.001619292665644769
9101011,sensor,repeat,1,0.025,pre,zero,35,0.0016700209865669088
9101011,unknown_nonlinear,repeat,1,0.025,counterfactual,action_blind,5,0.02941117742035833
9101011,unknown_nonlinear,repeat,1,0.025,counterfactual,adaptive_nonlinear,5,0.029681283846760876
9101011,unknown_nonlinear,repeat,1,0.025,counterfactual,knn_all,5,0.029583253283170664
9101011,unknown_nonlinear,repeat,1,0.025,counterfactual,knn_recent,5,0.029583253283170664
9101011,unknown_nonlinear,repeat,1,0.025,counterfactual,linear,5,0.029898311202105322
9101011,unknown_nonlinear,repeat,1,0.025,counterfactual,nonlinear,5,0.029681283846760876
9101011,unknown_nonlinear,repeat,1,0.025,counterfactual,zero,5,0.029646019805736674
9101011,unknown_nonlinear,repeat,1,0.025,early,action_blind,19,0.001541805025142746
9101011,unknown_nonlinear,repeat,1,0.025,early,adaptive_nonlinear,19,0.0016772520734378345
9101011,unknown_nonlinear,repeat,1,0.025,early,knn_all,19,0.0015965230001278926
9101011,unknown_nonlinear,repeat,1,0.025,early,knn_recent,19,0.0015965230001278926
9101011,unknown_nonlinear,repeat,1,0.025,early,linear,19,0.0026626622212405984
9101011,unknown_nonlinear,repeat,1,0.025,early,nonlinear,19,0.0016772520734378345
9101011,unknown_nonlinear,repeat,1,0.025,early,zero,19,0.0014818792701020414
9101011,unknown_nonlinear,repeat,1,0.025,late,action_blind,35,0.0018457709528128098
9101011,unknown_nonlinear,repeat,1,0.025,late,adaptive_nonlinear,35,0.001946515470258867
9101011,unknown_nonlinear,repeat,1,0.025,late,knn_all,35,0.001866589729056845
9101011,unknown_nonlinear,repeat,1,0.025,late,knn_recent,35,0.001866589729056845
9101011,unknown_nonlinear,repeat,1,0.025,late,linear,35,0.002289731614935966
9101011,unknown_nonlinear,repeat,1,0.025,late,nonlinear,35,0.001946515470258867
9101011,unknown_nonlinear,repeat,1,0.025,late,zero,35,0.0018645173892294167
9101011,unknown_nonlinear,repeat,1,0.025,pre,action_blind,35,0.001541895779219124
9101011,unknown_nonlinear,repeat,1,0.025,pre,adaptive_nonlinear,35,0.001619292665644769
9101011,unknown_nonlinear,repeat,1,0.025,pre,knn_all,35,0.0016043597701685083
9101011,unknown_nonlinear,repeat,1,0.025,pre,knn_recent,35,0.0016043597701685083
9101011,unknown_nonlinear,repeat,1,0.025,pre,linear,35,0.007431581640612897
9101011,unknown_nonlinear,repeat,1,0.025,pre,nonlinear,35,0.001619292665644769
9101011,unknown_nonlinear,repeat,1,0.025,pre,zero,35,0.0016700209865669088
9101112,external,repeat,1,0.025,counterfactual,action_blind,5,0.0023312387494179216
9101112,external,repeat,1,0.025,counterfactual,adaptive_nonlinear,5,0.0021719898406087484
9101112,external,repeat,1,0.025,counterfactual,knn_all,5,0.002258347134927158
9101112,external,repeat,1,0.025,counterfactual,knn_recent,5,0.002258347134927158
9101112,external,repeat,1,0.025,counterfactual,linear,5,0.002898622352848393
9101112,external,repeat,1,0.025,counterfactual,nonlinear,5,0.0021719898406087484
9101112,external,repeat,1,0.025,counterfactual,zero,5,0.00247693485020492
9101112,external,repeat,1,0.025,early,action_blind,19,0.010785848665398381
9101112,external,repeat,1,0.025,early,adaptive_nonlinear,19,0.012701256373093833
9101112,external,repeat,1,0.025,early,knn_all,19,0.006275977629152418
9101112,external,repeat,1,0.025,early,knn_recent,19,0.006275977629152418
9101112,external,repeat,1,0.025,early,linear,19,0.013849635035669295
9101112,external,repeat,1,0.025,early,nonlinear,19,0.012701256373093833
9101112,external,repeat,1,0.025,early,zero,19,0.01631948354656013
9101112,external,repeat,1,0.025,late,action_blind,35,0.00138560452019374
9101112,external,repeat,1,0.025,late,adaptive_nonlinear,35,0.00150467753966341
9101112,external,repeat,1,0.025,late,knn_all,35,0.0008598165608928951
9101112,external,repeat,1,0.025,late,knn_recent,35,0.0008920835013752576
9101112,external,repeat,1,0.025,late,linear,35,0.0023146783949100727
9101112,external,repeat,1,0.025,late,nonlinear,35,0.00150467753966341
9101112,external,repeat,1,0.025,late,zero,35,0.0011775977159116091
9101112,external,repeat,1,0.025,pre,action_blind,35,0.0014637113779195133
9101112,external,repeat,1,0.025,pre,adaptive_nonlinear,35,0.0016933461107928142
9101112,external,repeat,1,0.025,pre,knn_all,35,0.0015409394112102996
9101112,external,repeat,1,0.025,pre,knn_recent,35,0.0015409394112102996
9101112,external,repeat,1,0.025,pre,linear,35,0.005492094568488521
9101112,external,repeat,1,0.025,pre,nonlinear,35,0.0016933461107928142
9101112,external,repeat,1,0.025,pre,zero,35,0.0018620324595526201
9101112,motor,repeat,1,0.025,counterfactual,action_blind,5,0.059145314698294336
9101112,motor,repeat,1,0.025,counterfactual,adaptive_nonlinear,5,0.05668636461204616
9101112,motor,repeat,1,0.025,counterfactual,knn_all,5,0.056277403676638915
9101112,motor,repeat,1,0.025,counterfactual,knn_recent,5,0.056277403676638915
9101112,motor,repeat,1,0.025,counterfactual,linear,5,0.057029241187461666
9101112,motor,repeat,1,0.025,counterfactual,nonlinear,5,0.05668636461204616
9101112,motor,repeat,1,0.025,counterfactual,zero,5,0.05610973160748337
9101112,motor,repeat,1,0.025,early,action_blind,19,0.024520890944870203
9101112,motor,repeat,1,0.025,early,adaptive_nonlinear,19,0.027748110005958292
9101112,motor,repeat,1,0.025,early,knn_all,19,0.018960559416062266
9101112,motor,repeat,1,0.025,early,knn_recent,19,0.00980412881912331
9101112,motor,repeat,1,0.025,early,linear,19,0.05880495525984173
9101112,motor,repeat,1,0.025,early,nonlinear,19,0.027748110005958292
9101112,motor,repeat,1,0.025,early,zero,19,0.06911178443959103
9101112,motor,repeat,1,0.025,late,action_blind,35,0.0018193960487628404
9101112,motor,repeat,1,0.025,late,adaptive_nonlinear,35,0.0022528961456028114
9101112,motor,repeat,1,0.025,late,knn_all,35,0.001445258813141023
9101112,motor,repeat,1,0.025,late,knn_recent,35,0.001445258813141023
9101112,motor,repeat,1,0.025,late,linear,35,0.0036669466462702035
9101112,motor,repeat,1,0.025,late,nonlinear,35,0.0022528961456028114
9101112,motor,repeat,1,0.025,late,zero,35,0.0015413783218290677
9101112,motor,repeat,1,0.025,pre,action_blind,35,0.0014637113779195133
9101112,motor,repeat,1,0.025,pre,adaptive_nonlinear,35,0.0016933461107928142
9101112,motor,repeat,1,0.025,pre,knn_all,35,0.0015409394112102996
9101112,motor,repeat,1,0.025,pre,knn_recent,35,0.0015409394112102996
9101112,motor,repeat,1,0.025,pre,linear,35,0.005492094568488521
9101112,motor,repeat,1,0.025,pre,nonlinear,35,0.0016933461107928142
9101112,motor,repeat,1,0.025,pre,zero,35,0.0018620324595526201
9101112,motor_external,repeat,1,0.025,counterfactual,action_blind,5,0.071823517762087
9101112,motor_external,repeat,1,0.025,counterfactual,adaptive_nonlinear,5,0.06119742006162954
9101112,motor_external,repeat,1,0.025,counterfactual,knn_all,5,0.05764788491041421
9101112,motor_external,repeat,1,0.025,counterfactual,knn_recent,5,0.05764788491041421
9101112,motor_external,repeat,1,0.025,counterfactual,linear,5,0.059529138426482685
9101112,motor_external,repeat,1,0.025,counterfactual,nonlinear,5,0.06119742006162954
9101112,motor_external,repeat,1,0.025,counterfactual,zero,5,0.05847491468708206
9101112,motor_external,repeat,1,0.025,early,action_blind,19,0.0036561094545459268
9101112,motor_external,repeat,1,0.025,early,adaptive_nonlinear,19,0.003724850345103675
9101112,motor_external,repeat,1,0.025,early,knn_all,19,0.004320901599881741
9101112,motor_external,repeat,1,0.025,early,knn_recent,19,0.0031863566798386706
9101112,motor_external,repeat,1,0.025,early,linear,19,0.0051761239630903405
9101112,motor_external,repeat,1,0.025,early,nonlinear,19,0.003724850345103675
9101112,motor_external,repeat,1,0.025,early,zero,19,0.0030107889308317046
9101112,motor_external,repeat,1,0.025,late,action_blind,35,0.0021770517494894997
9101112,motor_external,repeat,1,0.025,late,adaptive_nonlinear,35,0.002852347033200811
9101112,motor_external,repeat,1,0.025,late,knn_all,35,0.0019303780702652456
9101112,motor_external,repeat,1,0.025,late,knn_recent,35,0.001873827620549536
9101112,motor_external,repeat,1,0.025,late,linear,35,0.00842988893295465
9101112,motor_external,repeat,1,0.025,late,nonlinear,35,0.002852347033200811
9101112,motor_external,repeat,1,0.025,late,zero,35,0.011229690521906255
9101112,motor_external,repeat,1,0.025,pre,action_blind,35,0.0014637113779195133
9101112,motor_external,repeat,1,0.025,pre,adaptive_nonlinear,35,0.0016933461107928142
9101112,motor_external,repeat,1,0.025,pre,knn_all,35,0.0015409394112102996
9101112,motor_external,repeat,1,0.025,pre,knn_recent,35,0.0015409394112102996
9101112,motor_external,repeat,1,0.025,pre,linear,35,0.005492094568488521
9101112,motor_external,repeat,1,0.025,pre,nonlinear,35,0.0016933461107928142
9101112,motor_external,repeat,1,0.025,pre,zero,35,0.0018620324595526201
9101112,none,repeat,1,0.025,counterfactual,action_blind,5,0.0182158963149594
9101112,none,repeat,1,0.025,counterfactual,adaptive_nonlinear,5,0.018892987370854437
9101112,none,repeat,1,0.025,counterfactual,knn_all,5,0.018720275379754896
9101112,none,repeat,1,0.025,counterfactual,knn_recent,5,0.018720275379754896
9101112,none,repeat,1,0.025,counterfactual,linear,5,0.01890375824141697
9101112,none,repeat,1,0.025,counterfactual,nonlinear,5,0.018892987370854437
9101112,none,repeat,1,0.025,counterfactual,zero,5,0.018807834077539692
9101112,none,repeat,1,0.025,early,action_blind,19,0.0019333084831674495
9101112,none,repeat,1,0.025,early,adaptive_nonlinear,19,0.0021423161345205466
9101112,none,repeat,1,0.025,early,knn_all,19,0.0020772991639914267
9101112,none,repeat,1,0.025,early,knn_recent,19,0.0020772991639914267
9101112,none,repeat,1,0.025,early,linear,19,0.002678398640916668
9101112,none,repeat,1,0.025,early,nonlinear,19,0.0021423161345205466
9101112,none,repeat,1,0.025,early,zero,19,0.0020807264527860554
9101112,none,repeat,1,0.025,late,action_blind,35,0.001409113754656167
9101112,none,repeat,1,0.025,late,adaptive_nonlinear,35,0.0017052185125690051
9101112,none,repeat,1,0.025,late,knn_all,35,0.0014762673543367779
9101112,none,repeat,1,0.025,late,knn_recent,35,0.0014762673543367779
9101112,none,repeat,1,0.025,late,linear,35,0.0016998933491345982
9101112,none,repeat,1,0.025,late,nonlinear,35,0.0017052185125690051
9101112,none,repeat,1,0.025,late,zero,35,0.0015964859435147502
9101112,none,repeat,1,0.025,pre,action_blind,35,0.0014637113779195133
9101112,none,repeat,1,0.025,pre,adaptive_nonlinear,35,0.0016933461107928142
9101112,none,repeat,1,0.025,pre,knn_all,35,0.0015409394112102996
9101112,none,repeat,1,0.025,pre,knn_recent,35,0.0015409394112102996
9101112,none,repeat,1,0.025,pre,linear,35,0.005492094568488521
9101112,none,repeat,1,0.025,pre,nonlinear,35,0.0016933461107928142
9101112,none,repeat,1,0.025,pre,zero,35,0.0018620324595526201
9101112,sensor,repeat,1,0.025,counterfactual,action_blind,5,0.018501740822707204
9101112,sensor,repeat,1,0.025,counterfactual,adaptive_nonlinear,5,0.018816889398739267
9101112,sensor,repeat,1,0.025,counterfactual,knn_all,5,0.018720275379754896
9101112,sensor,repeat,1,0.025,counterfactual,knn_recent,5,0.018720275379754896
9101112,sensor,repeat,1,0.025,counterfactual,linear,5,0.018914680601411916
9101112,sensor,repeat,1,0.025,counterfactual,nonlinear,5,0.018833857940532384
9101112,sensor,repeat,1,0.025,counterfactual,zero,5,0.018807834077539692
9101112,sensor,repeat,1,0.025,early,action_blind,19,0.0022468592116440277
9101112,sensor,repeat,1,0.025,early,adaptive_nonlinear,19,0.0021400658720457664
9101112,sensor,repeat,1,0.025,early,knn_all,19,0.0021783161357600846
9101112,sensor,repeat,1,0.025,early,knn_recent,19,0.0021783161357600846
9101112,sensor,repeat,1,0.025,early,linear,19,0.0029111230910263534
9101112,sensor,repeat,1,0.025,early,nonlinear,19,0.0021903121919515903
9101112,sensor,repeat,1,0.025,early,zero,19,0.0020807264527860554
9101112,sensor,repeat,1,0.025,late,action_blind,35,0.0013522232608581188
9101112,sensor,repeat,1,0.025,late,adaptive_nonlinear,35,0.0015185909964185718
9101112,sensor,repeat,1,0.025,late,knn_all,35,0.0014762673543367779
9101112,sensor,repeat,1,0.025,late,knn_recent,35,0.0014762673543367779
9101112,sensor,repeat,1,0.025,late,linear,35,0.0017798131359471026
9101112,sensor,repeat,1,0.025,late,nonlinear,35,0.0015466435421199421
9101112,sensor,repeat,1,0.025,late,zero,35,0.0015964859435147502
9101112,sensor,repeat,1,0.025,pre,action_blind,35,0.0014637113779195133
9101112,sensor,repeat,1,0.025,pre,adaptive_nonlinear,35,0.0016933461107928142
9101112,sensor,repeat,1,0.025,pre,knn_all,35,0.0015409394112102996
9101112,sensor,repeat,1,0.025,pre,knn_recent,35,0.0015409394112102996
9101112,sensor,repeat,1,0.025,pre,linear,35,0.005492094568488521
9101112,sensor,repeat,1,0.025,pre,nonlinear,35,0.0016933461107928142
9101112,sensor,repeat,1,0.025,pre,zero,35,0.0018620324595526201
9101112,unknown_nonlinear,repeat,1,0.025,counterfactual,action_blind,5,0.03275717772139386
9101112,unknown_nonlinear,repeat,1,0.025,counterfactual,adaptive_nonlinear,5,0.034136339659119254
9101112,unknown_nonlinear,repeat,1,0.025,counterfactual,knn_all,5,0.03420290281482212
9101112,unknown_nonlinear,repeat,1,0.025,counterfactual,knn_recent,5,0.03420290281482212
9101112,unknown_nonlinear,repeat,1,0.025,counterfactual,linear,5,0.03373685295315069
9101112,unknown_nonlinear,repeat,1,0.025,counterfactual,nonlinear,5,0.034136339659119254
9101112,unknown_nonlinear,repeat,1,0.025,counterfactual,zero,5,0.034290461512606916
9101112,unknown_nonlinear,repeat,1,0.025,early,action_blind,19,0.0019333084831674495
9101112,unknown_nonlinear,repeat,1,0.025,early,adaptive_nonlinear,19,0.0021423161345205466
9101112,unknown_nonlinear,repeat,1,0.025,early,knn_all,19,0.0020772991639914267
9101112,unknown_nonlinear,repeat,1,0.025,early,knn_recent,19,0.0020772991639914267
9101112,unknown_nonlinear,repeat,1,0.025,early,linear,19,0.002678398640916668
9101112,unknown_nonlinear,repeat,1,0.025,early,nonlinear,19,0.0021423161345205466
9101112,unknown_nonlinear,repeat,1,0.025,early,zero,19,0.0020807264527860554
9101112,unknown_nonlinear,repeat,1,0.025,late,action_blind,35,0.001409113754656167
9101112,unknown_nonlinear,repeat,1,0.025,late,adaptive_nonlinear,35,0.0017052185125690051
9101112,unknown_nonlinear,repeat,1,0.025,late,knn_all,35,0.0014762673543367779
9101112,unknown_nonlinear,repeat,1,0.025,late,knn_recent,35,0.0014762673543367779
9101112,unknown_nonlinear,repeat,1,0.025,late,linear,35,0.0016998933491345982
9101112,unknown_nonlinear,repeat,1,0.025,late,nonlinear,35,0.0017052185125690051
9101112,unknown_nonlinear,repeat,1,0.025,late,zero,35,0.0015964859435147502
9101112,unknown_nonlinear,repeat,1,0.025,pre,action_blind,35,0.0014637113779195133
9101112,unknown_nonlinear,repeat,1,0.025,pre,adaptive_nonlinear,35,0.0016933461107928142
9101112,unknown_nonlinear,repeat,1,0.025,pre,knn_all,35,0.0015409394112102996
9101112,unknown_nonlinear,repeat,1,0.025,pre,knn_recent,35,0.0015409394112102996
9101112,unknown_nonlinear,repeat,1,0.025,pre,linear,35,0.005492094568488521
9101112,unknown_nonlinear,repeat,1,0.025,pre,nonlinear,35,0.0016933461107928142
9101112,unknown_nonlinear,repeat,1,0.025,pre,zero,35,0.0018620324595526201
9101213,external,repeat,1,0.025,counterfactual,action_blind,5,0.004702098415676736
9101213,external,repeat,1,0.025,counterfactual,adaptive_nonlinear,5,0.0037206882381401853
9101213,external,repeat,1,0.025,counterfactual,knn_all,5,0.0028837268143171507
9101213,external,repeat,1,0.025,counterfactual,knn_recent,5,0.0028837268143171507
9101213,external,repeat,1,0.025,counterfactual,linear,5,0.0033211623520692643
9101213,external,repeat,1,0.025,counterfactual,nonlinear,5,0.0037206882381401853
9101213,external,repeat,1,0.025,counterfactual,zero,5,0.0029520160723401504
9101213,external,repeat,1,0.025,early,action_blind,19,0.00342311191520188
9101213,external,repeat,1,0.025,early,adaptive_nonlinear,19,0.005751872278292579
9101213,external,repeat,1,0.025,early,knn_all,19,0.002535134552646029
9101213,external,repeat,1,0.025,early,knn_recent,19,0.002535134552646029
9101213,external,repeat,1,0.025,early,linear,19,0.009653488521338432
9101213,external,repeat,1,0.025,early,nonlinear,19,0.005751872278292579
9101213,external,repeat,1,0.025,early,zero,19,0.010903605642696781
9101213,external,repeat,1,0.025,late,action_blind,35,0.0014945148166153087
9101213,external,repeat,1,0.025,late,adaptive_nonlinear,35,0.0015140165405240352
9101213,external,repeat,1,0.025,late,knn_all,35,0.0009245908629639594
9101213,external,repeat,1,0.025,late,knn_recent,35,0.0009661451573283296
9101213,external,repeat,1,0.025,late,linear,35,0.002701561527452918
9101213,external,repeat,1,0.025,late,nonlinear,35,0.0015140165405240352
9101213,external,repeat,1,0.025,late,zero,35,0.0012268532774969952
9101213,external,repeat,1,0.025,pre,action_blind,35,0.0015366877958099072
9101213,external,repeat,1,0.025,pre,adaptive_nonlinear,35,0.0014488665113844303
9101213,external,repeat,1,0.025,pre,knn_all,35,0.0013272469088340037
9101213,external,repeat,1,0.025,pre,knn_recent,35,0.0013272469088340037
9101213,external,repeat,1,0.025,pre,linear,35,0.010351386915515305
9101213,external,repeat,1,0.025,pre,nonlinear,35,0.0014488665113844303
9101213,external,repeat,1,0.025,pre,zero,35,0.001395849811022922
9101213,motor,repeat,1,0.025,counterfactual,action_blind,5,0.023240115872129603
9101213,motor,repeat,1,0.025,counterfactual,adaptive_nonlinear,5,0.022230693551903418
9101213,motor,repeat,1,0.025,counterfactual,knn_all,5,0.02206353065521133
9101213,motor,repeat,1,0.025,counterfactual,knn_recent,5,0.02206353065521133
9101213,motor,repeat,1,0.025,counterfactual,linear,5,0.02245639400858676
9101213,motor,repeat,1,0.025,counterfactual,nonlinear,5,0.022230693551903418
9101213,motor,repeat,1,0.025,counterfactual,zero,5,0.022019847055901497
9101213,motor,repeat,1,0.025,early,action_blind,19,0.011626719297541853
9101213,motor,repeat,1,0.025,early,adaptive_nonlinear,19,0.008820004944542626
9101213,motor,repeat,1,0.025,early,knn_all,19,0.005810142953104081
9101213,motor,repeat,1,0.025,early,knn_recent,19,0.005810142953104081
9101213,motor,repeat,1,0.025,early,linear,19,0.009792309144032571
9101213,motor,repeat,1,0.025,early,nonlinear,19,0.008820004944542626
9101213,motor,repeat,1,0.025,early,zero,19,0.006702819526509651
9101213,motor,repeat,1,0.025,late,action_blind,35,0.0018396963710382685
9101213,motor,repeat,1,0.025,late,adaptive_nonlinear,35,0.0018564781480305025
9101213,motor,repeat,1,0.025,late,knn_all,35,0.0014366056596581142
9101213,motor,repeat,1,0.025,late,knn_recent,35,0.0014366056596581142
9101213,motor,repeat,1,0.025,late,linear,35,0.0032699020847507514
9101213,motor,repeat,1,0.025,late,nonlinear,35,0.0018564781480305025
9101213,motor,repeat,1,0.025,late,zero,35,0.001479512700117447
9101213,motor,repeat,1,0.025,pre,action_blind,35,0.0015366877958099072
9101213,motor,repeat,1,0.025,pre,adaptive_nonlinear,35,0.0014488665113844303
9101213,motor,repeat,1,0.025,pre,knn_all,35,0.0013272469088340037
9101213,motor,repeat,1,0.025,pre,knn_recent,35,0.0013272469088340037
9101213,motor,repeat,1,0.025,pre,linear,35,0.010351386915515305
9101213,motor,repeat,1,0.025,pre,nonlinear,35,0.0014488665113844303
9101213,motor,repeat,1,0.025,pre,zero,35,0.001395849811022922
9101213,motor_external,repeat,1,0.025,counterfactual,action_blind,5,0.0039501742918535004
9101213,motor_external,repeat,1,0.025,counterfactual,adaptive_nonlinear,5,0.0033104007797385092
9101213,motor_external,repeat,1,0.025,counterfactual,knn_all,5,0.002854359893470013
9101213,motor_external,repeat,1,0.025,counterfactual,knn_recent,5,0.002854359893470013
9101213,motor_external,repeat,1,0.025,counterfactual,linear,5,0.0033188956815711837
9101213,motor_external,repeat,1,0.025,counterfactual,nonlinear,5,0.0033104007797385092
9101213,motor_external,repeat,1,0.025,counterfactual,zero,5,0.00295201607234015
9101213,motor_external,repeat,1,0.025,early,action_blind,19,0.011464522105172372
9101213,motor_external,repeat,1,0.025,early,adaptive_nonlinear,19,0.009193672169273836
9101213,motor_external,repeat,1,0.025,early,knn_all,19,0.004438098449668079
9101213,motor_external,repeat,1,0.025,early,knn_recent,19,0.004438098449668079
9101213,motor_external,repeat,1,0.025,early,linear,19,0.004970188644043978
9101213,motor_external,repeat,1,0.025,early,nonlinear,19,0.009193672169273836
9101213,motor_external,repeat,1,0.025,early,zero,19,0.001216680039167295
9101213,motor_external,repeat,1,0.025,late,action_blind,35,0.0013633167926522332
9101213,motor_external,repeat,1,0.025,late,adaptive_nonlinear,35,0.001439372499783193
9101213,motor_external,repeat,1,0.025,late,knn_all,35,0.0008673422723453507
9101213,motor_external,repeat,1,0.025,late,knn_recent,35,0.0009095498671718649
9101213,motor_external,repeat,1,0.025,late,linear,35,0.0026558159037240996
9101213,motor_external,repeat,1,0.025,late,nonlinear,35,0.001439372499783193
9101213,motor_external,repeat,1,0.025,late,zero,35,0.0012268532774969952
9101213,motor_external,repeat,1,0.025,pre,action_blind,35,0.0015366877958099072
9101213,motor_external,repeat,1,0.025,pre,adaptive_nonlinear,35,0.0014488665113844303
9101213,motor_external,repeat,1,0.025,pre,knn_all,35,0.0013272469088340037
9101213,motor_external,repeat,1,0.025,pre,knn_recent,35,0.0013272469088340037
9101213,motor_external,repeat,1,0.025,pre,linear,35,0.010351386915515305
9101213,motor_external,repeat,1,0.025,pre,nonlinear,35,0.0014488665113844303
9101213,motor_external,repeat,1,0.025,pre,zero,35,0.001395849811022922
9101213,none,repeat,1,0.025,counterfactual,action_blind,5,0.021054065938663304
9101213,none,repeat,1,0.025,counterfactual,adaptive_nonlinear,5,0.02161013034347459
9101213,none,repeat,1,0.025,counterfactual,knn_all,5,0.02117220526857109
9101213,none,repeat,1,0.025,counterfactual,knn_recent,5,0.02117220526857109
9101213,none,repeat,1,0.025,counterfactual,linear,5,0.020684661756637558
9101213,none,repeat,1,0.025,counterfactual,nonlinear,5,0.02161013034347459
9101213,none,repeat,1,0.025,counterfactual,zero,5,0.021223095175223698
9101213,none,repeat,1,0.025,early,action_blind,19,0.001388253428284832
9101213,none,repeat,1,0.025,early,adaptive_nonlinear,19,0.0017017654847937156
9101213,none,repeat,1,0.025,early,knn_all,19,0.0013626581712425975
9101213,none,repeat,1,0.025,early,knn_recent,19,0.0013626581712425975
9101213,none,repeat,1,0.025,early,linear,19,0.003043152258199463
9101213,none,repeat,1,0.025,early,nonlinear,19,0.0017017654847937156
9101213,none,repeat,1,0.025,early,zero,19,0.0014372851103102826
9101213,none,repeat,1,0.025,late,action_blind,35,0.0014913072664176632
9101213,none,repeat,1,0.025,late,adaptive_nonlinear,35,0.0019575464739191527
9101213,none,repeat,1,0.025,late,knn_all,35,0.0015414852909912252
9101213,none,repeat,1,0.025,late,knn_recent,35,0.0015414852909912252
9101213,none,repeat,1,0.025,late,linear,35,0.0023193348645180823
9101213,none,repeat,1,0.025,late,nonlinear,35,0.0019575464739191527
9101213,none,repeat,1,0.025,late,zero,35,0.0017033375260030762
9101213,none,repeat,1,0.025,pre,action_blind,35,0.0015366877958099072
9101213,none,repeat,1,0.025,pre,adaptive_nonlinear,35,0.0014488665113844303
9101213,none,repeat,1,0.025,pre,knn_all,35,0.0013272469088340037
9101213,none,repeat,1,0.025,pre,knn_recent,35,0.0013272469088340037
9101213,none,repeat,1,0.025,pre,linear,35,0.010351386915515305
9101213,none,repeat,1,0.025,pre,nonlinear,35,0.0014488665113844303
9101213,none,repeat,1,0.025,pre,zero,35,0.001395849811022922
9101213,sensor,repeat,1,0.025,counterfactual,action_blind,5,0.020830466871874773
9101213,sensor,repeat,1,0.025,counterfactual,adaptive_nonlinear,5,0.021595476942592107
9101213,sensor,repeat,1,0.025,counterfactual,knn_all,5,0.02117220526857109
9101213,sensor,repeat,1,0.025,counterfactual,knn_recent,5,0.02117220526857109
9101213,sensor,repeat,1,0.025,counterfactual,linear,5,0.020699369807112213
9101213,sensor,repeat,1,0.025,counterfactual,nonlinear,5,0.021626239895800307
9101213,sensor,repeat,1,0.025,counterfactual,zero,5,0.021223095175223698
9101213,sensor,repeat,1,0.025,early,action_blind,19,0.0014872819322295583
9101213,sensor,repeat,1,0.025,early,adaptive_nonlinear,19,0.0016997232301013377
9101213,sensor,repeat,1,0.025,early,knn_all,19,0.0013626581712425975
9101213,sensor,repeat,1,0.025,early,knn_recent,19,0.0013626581712425975
9101213,sensor,repeat,1,0.025,early,linear,19,0.0032493610573417707
9101213,sensor,repeat,1,0.025,early,nonlinear,19,0.001714969247621135
9101213,sensor,repeat,1,0.025,early,zero,19,0.0014372851103102826
9101213,sensor,repeat,1,0.025,late,action_blind,35,0.0015235010033014793
9101213,sensor,repeat,1,0.025,late,adaptive_nonlinear,35,0.0020029076344179764
9101213,sensor,repeat,1,0.025,late,knn_all,35,0.0015414852909912252
9101213,sensor,repeat,1,0.025,late,knn_recent,35,0.0015414852909912252
9101213,sensor,repeat,1,0.025,late,linear,35,0.002454434414396419
9101213,sensor,repeat,1,0.025,late,nonlinear,35,0.002056627691591999
9101213,sensor,repeat,1,0.025,late,zero,35,0.0017033375260030762
9101213,sensor,repeat,1,0.025,pre,action_blind,35,0.0015366877958099072
9101213,sensor,repeat,1,0.025,pre,adaptive_nonlinear,35,0.0014488665113844303
9101213,sensor,repeat,1,0.025,pre,knn_all,35,0.0013272469088340037
9101213,sensor,repeat,1,0.025,pre,knn_recent,35,0.0013272469088340037
9101213,sensor,repeat,1,0.025,pre,linear,35,0.010351386915515305
9101213,sensor,repeat,1,0.025,pre,nonlinear,35,0.0014488665113844303
9101213,sensor,repeat,1,0.025,pre,zero,35,0.001395849811022922
9101213,unknown_nonlinear,repeat,1,0.025,counterfactual,action_blind,5,0.015512140518250523
9101213,unknown_nonlinear,repeat,1,0.025,counterfactual,adaptive_nonlinear,5,0.015500015975489667
9101213,unknown_nonlinear,repeat,1,0.025,counterfactual,knn_all,5,0.015039559508661293
9101213,unknown_nonlinear,repeat,1,0.025,counterfactual,knn_recent,5,0.015039559508661293
9101213,unknown_nonlinear,repeat,1,0.025,counterfactual,linear,5,0.01499478144011929
9101213,unknown_nonlinear,repeat,1,0.025,counterfactual,nonlinear,5,0.015500015975489667
9101213,unknown_nonlinear,repeat,1,0.025,counterfactual,zero,5,0.0150904494153139
9101213,unknown_nonlinear,repeat,1,0.025,early,action_blind,19,0.001388253428284832
9101213,unknown_nonlinear,repeat,1,0.025,early,adaptive_nonlinear,19,0.0017017654847937156
9101213,unknown_nonlinear,repeat,1,0.025,early,knn_all,19,0.0013626581712425975
9101213,unknown_nonlinear,repeat,1,0.025,early,knn_recent,19,0.0013626581712425975
9101213,unknown_nonlinear,repeat,1,0.025,early,linear,19,0.003043152258199463
9101213,unknown_nonlinear,repeat,1,0.025,early,nonlinear,19,0.0017017654847937156
9101213,unknown_nonlinear,repeat,1,0.025,early,zero,19,0.0014372851103102826
9101213,unknown_nonlinear,repeat,1,0.025,late,action_blind,35,0.0014913072664176632
9101213,unknown_nonlinear,repeat,1,0.025,late,adaptive_nonlinear,35,0.0019575464739191527
9101213,unknown_nonlinear,repeat,1,0.025,late,knn_all,35,0.0015414852909912252
9101213,unknown_nonlinear,repeat,1,0.025,late,knn_recent,35,0.0015414852909912252
9101213,unknown_nonlinear,repeat,1,0.025,late,linear,35,0.0023193348645180823
9101213,unknown_nonlinear,repeat,1,0.025,late,nonlinear,35,0.0019575464739191527
9101213,unknown_nonlinear,repeat,1,0.025,late,zero,35,0.0017033375260030762
9101213,unknown_nonlinear,repeat,1,0.025,pre,action_blind,35,0.0015366877958099072
9101213,unknown_nonlinear,repeat,1,0.025,pre,adaptive_nonlinear,35,0.0014488665113844303
9101213,unknown_nonlinear,repeat,1,0.025,pre,knn_all,35,0.0013272469088340037
9101213,unknown_nonlinear,repeat,1,0.025,pre,knn_recent,35,0.0013272469088340037
9101213,unknown_nonlinear,repeat,1,0.025,pre,linear,35,0.010351386915515305
9101213,unknown_nonlinear,repeat,1,0.025,pre,nonlinear,35,0.0014488665113844303
9101213,unknown_nonlinear,repeat,1,0.025,pre,zero,35,0.001395849811022922
9101314,external,repeat,1,0.025,counterfactual,action_blind,5,0.03032356603719969
9101314,external,repeat,1,0.025,counterfactual,adaptive_nonlinear,5,0.03132744736738519
9101314,external,repeat,1,0.025,counterfactual,knn_all,5,0.03195427758594286
9101314,external,repeat,1,0.025,counterfactual,knn_recent,5,0.03195427758594286
9101314,external,repeat,1,0.025,counterfactual,linear,5,0.03198710539929589
9101314,external,repeat,1,0.025,counterfactual,nonlinear,5,0.03132744736738519
9101314,external,repeat,1,0.025,counterfactual,zero,5,0.032620726555177455
9101314,external,repeat,1,0.025,early,action_blind,19,0.003942311981996624
9101314,external,repeat,1,0.025,early,adaptive_nonlinear,19,0.004037692018639004
9101314,external,repeat,1,0.025,early,knn_all,19,0.004500805575942149
9101314,external,repeat,1,0.025,early,knn_recent,19,0.0037215760406349354
9101314,external,repeat,1,0.025,early,linear,19,0.005342857492123924
9101314,external,repeat,1,0.025,early,nonlinear,19,0.004037692018639004
9101314,external,repeat,1,0.025,early,zero,19,0.003179831830802161
9101314,external,repeat,1,0.025,late,action_blind,35,0.0014615858409053044
9101314,external,repeat,1,0.025,late,adaptive_nonlinear,35,0.0015562912832926784
9101314,external,repeat,1,0.025,late,knn_all,35,0.001375987511670372
9101314,external,repeat,1,0.025,late,knn_recent,35,0.0013239103313441658
9101314,external,repeat,1,0.025,late,linear,35,0.0023009896848390043
9101314,external,repeat,1,0.025,late,nonlinear,35,0.0015562912832926784
9101314,external,repeat,1,0.025,late,zero,35,0.002681245960398137
9101314,external,repeat,1,0.025,pre,action_blind,35,0.0015444404523511457
9101314,external,repeat,1,0.025,pre,adaptive_nonlinear,35,0.0017752268323922686
9101314,external,repeat,1,0.025,pre,knn_all,35,0.0016224874684967754
9101314,external,repeat,1,0.025,pre,knn_recent,35,0.0016224874684967754
9101314,external,repeat,1,0.025,pre,linear,35,0.005745501839430361
9101314,external,repeat,1,0.025,pre,nonlinear,35,0.0017752268323922686
9101314,external,repeat,1,0.025,pre,zero,35,0.001847378727562225
9101314,motor,repeat,1,0.025,counterfactual,action_blind,5,0.05929661197555649
9101314,motor,repeat,1,0.025,counterfactual,adaptive_nonlinear,5,0.05763751627402003
9101314,motor,repeat,1,0.025,counterfactual,knn_all,5,0.057787882261031
9101314,motor,repeat,1,0.025,counterfactual,knn_recent,5,0.057787882261031
9101314,motor,repeat,1,0.025,counterfactual,linear,5,0.05761319605835684
9101314,motor,repeat,1,0.025,counterfactual,nonlinear,5,0.05763751627402003
9101314,motor,repeat,1,0.025,counterfactual,zero,5,0.05757440268854745
9101314,motor,repeat,1,0.025,early,action_blind,19,0.03226067657254422
9101314,motor,repeat,1,0.025,early,adaptive_nonlinear,19,0.035023535267419546
9101314,motor,repeat,1,0.025,early,knn_all,19,0.027034080844144243
9101314,motor,repeat,1,0.025,early,knn_recent,19,0.016746785177909135
9101314,motor,repeat,1,0.025,early,linear,19,0.058772230060469374
9101314,motor,repeat,1,0.025,early,nonlinear,19,0.035023535267419546
9101314,motor,repeat,1,0.025,early,zero,19,0.06566726906517252
9101314,motor,repeat,1,0.025,late,action_blind,35,0.0019850576524764667
9101314,motor,repeat,1,0.025,late,adaptive_nonlinear,35,0.002380033600614844
9101314,motor,repeat,1,0.025,late,knn_all,35,0.0013529862816577232
9101314,motor,repeat,1,0.025,late,knn_recent,35,0.0013529862816577232
9101314,motor,repeat,1,0.025,late,linear,35,0.00324309443018239
9101314,motor,repeat,1,0.025,late,nonlinear,35,0.002380033600614844
9101314,motor,repeat,1,0.025,late,zero,35,0.0014554300185928414
9101314,motor,repeat,1,0.025,pre,action_blind,35,0.0015444404523511457
9101314,motor,repeat,1,0.025,pre,adaptive_nonlinear,35,0.0017752268323922686
9101314,motor,repeat,1,0.025,pre,knn_all,35,0.0016224874684967754
9101314,motor,repeat,1,0.025,pre,knn_recent,35,0.0016224874684967754
9101314,motor,repeat,1,0.025,pre,linear,35,0.005745501839430361
9101314,motor,repeat,1,0.025,pre,nonlinear,35,0.0017752268323922686
9101314,motor,repeat,1,0.025,pre,zero,35,0.001847378727562225
9101314,motor_external,repeat,1,0.025,counterfactual,action_blind,5,0.021995603518639505
9101314,motor_external,repeat,1,0.025,counterfactual,adaptive_nonlinear,5,0.019871847988433035
9101314,motor_external,repeat,1,0.025,counterfactual,knn_all,5,0.020032388502215646
9101314,motor_external,repeat,1,0.025,counterfactual,knn_recent,5,0.020032388502215646
9101314,motor_external,repeat,1,0.025,counterfactual,linear,5,0.019882649036779842
9101314,motor_external,repeat,1,0.025,counterfactual,nonlinear,5,0.019908194307608547
9101314,motor_external,repeat,1,0.025,counterfactual,zero,5,0.0200211615044134
9101314,motor_external,repeat,1,0.025,early,action_blind,19,0.0489175448293096
9101314,motor_external,repeat,1,0.025,early,adaptive_nonlinear,19,0.060826812571654384
9101314,motor_external,repeat,1,0.025,early,knn_all,19,0.04211315277243996
9101314,motor_external,repeat,1,0.025,early,knn_recent,19,0.031146637854740186
9101314,motor_external,repeat,1,0.025,early,linear,19,0.07763848793607052
9101314,motor_external,repeat,1,0.025,early,nonlinear,19,0.06159404547317888
9101314,motor_external,repeat,1,0.025,early,zero,19,0.08552328075201915
9101314,motor_external,repeat,1,0.025,late,action_blind,35,0.0011250072593251119
9101314,motor_external,repeat,1,0.025,late,adaptive_nonlinear,35,0.0014732087346644683
9101314,motor_external,repeat,1,0.025,late,knn_all,35,0.0007865601043705447
9101314,motor_external,repeat,1,0.025,late,knn_recent,35,0.000776093160538221
9101314,motor_external,repeat,1,0.025,late,linear,35,0.002513413091096238
9101314,motor_external,repeat,1,0.025,late,nonlinear,35,0.0017393295360537272
9101314,motor_external,repeat,1,0.025,late,zero,35,0.00102851234169712
9101314,motor_external,repeat,1,0.025,pre,action_blind,35,0.0015444404523511457
9101314,motor_external,repeat,1,0.025,pre,adaptive_nonlinear,35,0.0017752268323922686
9101314,motor_external,repeat,1,0.025,pre,knn_all,35,0.0016224874684967754
9101314,motor_external,repeat,1,0.025,pre,knn_recent,35,0.0016224874684967754
9101314,motor_external,repeat,1,0.025,pre,linear,35,0.005745501839430361
9101314,motor_external,repeat,1,0.025,pre,nonlinear,35,0.0017752268323922686
9101314,motor_external,repeat,1,0.025,pre,zero,35,0.001847378727562225
9101314,none,repeat,1,0.025,counterfactual,action_blind,5,0.020357225686123033
9101314,none,repeat,1,0.025,counterfactual,adaptive_nonlinear,5,0.020740691060444523
9101314,none,repeat,1,0.025,counterfactual,knn_all,5,0.020217925921694947
9101314,none,repeat,1,0.025,counterfactual,knn_recent,5,0.020217925921694947
9101314,none,repeat,1,0.025,counterfactual,linear,5,0.020019242386435307
9101314,none,repeat,1,0.025,counterfactual,nonlinear,5,0.020740691060444523
9101314,none,repeat,1,0.025,counterfactual,zero,5,0.020193881461029396
9101314,none,repeat,1,0.025,early,action_blind,19,0.0017605039536117203
9101314,none,repeat,1,0.025,early,adaptive_nonlinear,19,0.002119259911336246
9101314,none,repeat,1,0.025,early,knn_all,19,0.0018908829603708959
9101314,none,repeat,1,0.025,early,knn_recent,19,0.0018908829603708959
9101314,none,repeat,1,0.025,early,linear,19,0.0023478956515271534
9101314,none,repeat,1,0.025,early,nonlinear,19,0.002119259911336246
9101314,none,repeat,1,0.025,early,zero,19,0.002001472633621614
9101314,none,repeat,1,0.025,late,action_blind,35,0.0012236129452799199
9101314,none,repeat,1,0.025,late,adaptive_nonlinear,35,0.001542961946611362
9101314,none,repeat,1,0.025,late,knn_all,35,0.0013237519182856933
9101314,none,repeat,1,0.025,late,knn_recent,35,0.0013237519182856933
9101314,none,repeat,1,0.025,late,linear,35,0.00140430852648735
9101314,none,repeat,1,0.025,late,nonlinear,35,0.001542961946611362
9101314,none,repeat,1,0.025,late,zero,35,0.0014934838757154577
9101314,none,repeat,1,0.025,pre,action_blind,35,0.0015444404523511457
9101314,none,repeat,1,0.025,pre,adaptive_nonlinear,35,0.0017752268323922686
9101314,none,repeat,1,0.025,pre,knn_all,35,0.0016224874684967754
9101314,none,repeat,1,0.025,pre,knn_recent,35,0.0016224874684967754
9101314,none,repeat,1,0.025,pre,linear,35,0.005745501839430361
9101314,none,repeat,1,0.025,pre,nonlinear,35,0.0017752268323922686
9101314,none,repeat,1,0.025,pre,zero,35,0.001847378727562225
9101314,sensor,repeat,1,0.025,counterfactual,action_blind,5,0.02037804045067896
9101314,sensor,repeat,1,0.025,counterfactual,adaptive_nonlinear,5,0.02052812649170376
9101314,sensor,repeat,1,0.025,counterfactual,knn_all,5,0.020217925921694947
9101314,sensor,repeat,1,0.025,counterfactual,knn_recent,5,0.020217925921694947
9101314,sensor,repeat,1,0.025,counterfactual,linear,5,0.019985976457667275
9101314,sensor,repeat,1,0.025,counterfactual,nonlinear,5,0.020564635449114223
9101314,sensor,repeat,1,0.025,counterfactual,zero,5,0.020193881461029396
9101314,sensor,repeat,1,0.025,early,action_blind,19,0.0022462708159218213
9101314,sensor,repeat,1,0.025,early,adaptive_nonlinear,19,0.002037965424183254
9101314,sensor,repeat,1,0.025,early,knn_all,19,0.0023052519236624034
9101314,sensor,repeat,1,0.025,early,knn_recent,19,0.0023052519236624034
9101314,sensor,repeat,1,0.025,early,linear,19,0.00259304413135333
9101314,sensor,repeat,1,0.025,early,nonlinear,19,0.0020962887097727306
9101314,sensor,repeat,1,0.025,early,zero,19,0.002001472633621614
9101314,sensor,repeat,1,0.025,late,action_blind,35,0.001179084145797285
9101314,sensor,repeat,1,0.025,late,adaptive_nonlinear,35,0.001380313568810878
9101314,sensor,repeat,1,0.025,late,knn_all,35,0.0013237519182856933
9101314,sensor,repeat,1,0.025,late,knn_recent,35,0.0013237519182856933
9101314,sensor,repeat,1,0.025,late,linear,35,0.0014829397575723807
9101314,sensor,repeat,1,0.025,late,nonlinear,35,0.0014076519685905858
9101314,sensor,repeat,1,0.025,late,zero,35,0.0014934838757154577
9101314,sensor,repeat,1,0.025,pre,action_blind,35,0.0015444404523511457
9101314,sensor,repeat,1,0.025,pre,adaptive_nonlinear,35,0.0017752268323922686
9101314,sensor,repeat,1,0.025,pre,knn_all,35,0.0016224874684967754
9101314,sensor,repeat,1,0.025,pre,knn_recent,35,0.0016224874684967754
9101314,sensor,repeat,1,0.025,pre,linear,35,0.005745501839430361
9101314,sensor,repeat,1,0.025,pre,nonlinear,35,0.0017752268323922686
9101314,sensor,repeat,1,0.025,pre,zero,35,0.001847378727562225
9101314,unknown_nonlinear,repeat,1,0.025,counterfactual,action_blind,5,0.027544888479668423
9101314,unknown_nonlinear,repeat,1,0.025,counterfactual,adaptive_nonlinear,5,0.02876553444801356
9101314,unknown_nonlinear,repeat,1,0.025,counterfactual,knn_all,5,0.028654800124566678
9101314,unknown_nonlinear,repeat,1,0.025,counterfactual,knn_recent,5,0.028654800124566678
9101314,unknown_nonlinear,repeat,1,0.025,counterfactual,linear,5,0.027641207732378548
9101314,unknown_nonlinear,repeat,1,0.025,counterfactual,nonlinear,5,0.02876553444801356
9101314,unknown_nonlinear,repeat,1,0.025,counterfactual,zero,5,0.02863075566390112
9101314,unknown_nonlinear,repeat,1,0.025,early,action_blind,19,0.0017605039536117203
9101314,unknown_nonlinear,repeat,1,0.025,early,adaptive_nonlinear,19,0.002119259911336246
9101314,unknown_nonlinear,repeat,1,0.025,early,knn_all,19,0.0018908829603708959
9101314,unknown_nonlinear,repeat,1,0.025,early,knn_recent,19,0.0018908829603708959
9101314,unknown_nonlinear,repeat,1,0.025,early,linear,19,0.0023478956515271534
9101314,unknown_nonlinear,repeat,1,0.025,early,nonlinear,19,0.002119259911336246
9101314,unknown_nonlinear,repeat,1,0.025,early,zero,19,0.002001472633621614
9101314,unknown_nonlinear,repeat,1,0.025,late,action_blind,35,0.0012236129452799199
9101314,unknown_nonlinear,repeat,1,0.025,late,adaptive_nonlinear,35,0.001542961946611362
9101314,unknown_nonlinear,repeat,1,0.025,late,knn_all,35,0.0013237519182856933
9101314,unknown_nonlinear,repeat,1,0.025,late,knn_recent,35,0.0013237519182856933
9101314,unknown_nonlinear,repeat,1,0.025,late,linear,35,0.00140430852648735
9101314,unknown_nonlinear,repeat,1,0.025,late,nonlinear,35,0.001542961946611362
9101314,unknown_nonlinear,repeat,1,0.025,late,zero,35,0.0014934838757154577
9101314,unknown_nonlinear,repeat,1,0.025,pre,action_blind,35,0.0015444404523511457
9101314,unknown_nonlinear,repeat,1,0.025,pre,adaptive_nonlinear,35,0.0017752268323922686
9101314,unknown_nonlinear,repeat,1,0.025,pre,knn_all,35,0.0016224874684967754
9101314,unknown_nonlinear,repeat,1,0.025,pre,knn_recent,35,0.0016224874684967754
9101314,unknown_nonlinear,repeat,1,0.025,pre,linear,35,0.005745501839430361
9101314,unknown_nonlinear,repeat,1,0.025,pre,nonlinear,35,0.0017752268323922686
9101314,unknown_nonlinear,repeat,1,0.025,pre,zero,35,0.001847378727562225
9101415,external,repeat,1,0.025,counterfactual,action_blind,5,0.032151643975771534
9101415,external,repeat,1,0.025,counterfactual,adaptive_nonlinear,5,0.030579844279070335
9101415,external,repeat,1,0.025,counterfactual,knn_all,5,0.02729169271027134
9101415,external,repeat,1,0.025,counterfactual,knn_recent,5,0.02729169271027134
9101415,external,repeat,1,0.025,counterfactual,linear,5,0.029546916768059893
9101415,external,repeat,1,0.025,counterfactual,nonlinear,5,0.030579844279070335
9101415,external,repeat,1,0.025,counterfactual,zero,5,0.0274878580128195
9101415,external,repeat,1,0.025,early,action_blind,19,0.009661331693746548
9101415,external,repeat,1,0.025,early,adaptive_nonlinear,19,0.010674186489911216
9101415,external,repeat,1,0.025,early,knn_all,19,0.00827591387891525
9101415,external,repeat,1,0.025,early,knn_recent,19,0.003789742996525296
9101415,external,repeat,1,0.025,early,linear,19,0.01981547545716185
9101415,external,repeat,1,0.025,early,nonlinear,19,0.010674186489911216
9101415,external,repeat,1,0.025,early,zero,19,0.023743130763868893
9101415,external,repeat,1,0.025,late,action_blind,35,0.0018051307638853526
9101415,external,repeat,1,0.025,late,adaptive_nonlinear,35,0.002389614627337243
9101415,external,repeat,1,0.025,late,knn_all,35,0.0010664454341141015
9101415,external,repeat,1,0.025,late,knn_recent,35,0.0010671188331359625
9101415,external,repeat,1,0.025,late,linear,35,0.003005024736963062
9101415,external,repeat,1,0.025,late,nonlinear,35,0.002389614627337243
9101415,external,repeat,1,0.025,late,zero,35,0.0015505958589670304
9101415,external,repeat,1,0.025,pre,action_blind,35,0.0014375143417697288
9101415,external,repeat,1,0.025,pre,adaptive_nonlinear,35,0.001516782302868152
9101415,external,repeat,1,0.025,pre,knn_all,35,0.001444085257021581
9101415,external,repeat,1,0.025,pre,knn_recent,35,0.001444085257021581
9101415,external,repeat,1,0.025,pre,linear,35,0.008293873631829053
9101415,external,repeat,1,0.025,pre,nonlinear,35,0.001516782302868152
9101415,external,repeat,1,0.025,pre,zero,35,0.0015665271677911066
9101415,motor,repeat,1,0.025,counterfactual,action_blind,5,0.05997105343550875
9101415,motor,repeat,1,0.025,counterfactual,adaptive_nonlinear,5,0.059851389285924414
9101415,motor,repeat,1,0.025,counterfactual,knn_all,5,0.06030819952421353
9101415,motor,repeat,1,0.025,counterfactual,knn_recent,5,0.06030819952421353
9101415,motor,repeat,1,0.025,counterfactual,linear,5,0.059883521772485196
9101415,motor,repeat,1,0.025,counterfactual,nonlinear,5,0.05980407593542233
9101415,motor,repeat,1,0.025,counterfactual,zero,5,0.06026628157258475
9101415,motor,repeat,1,0.025,early,action_blind,19,0.03113344577744378
9101415,motor,repeat,1,0.025,early,adaptive_nonlinear,19,0.036235772026792346
9101415,motor,repeat,1,0.025,early,knn_all,19,0.018749397717397264
9101415,motor,repeat,1,0.025,early,knn_recent,19,0.018749397717397264
9101415,motor,repeat,1,0.025,early,linear,19,0.041850538019965855
9101415,motor,repeat,1,0.025,early,nonlinear,19,0.03800295236862601
9101415,motor,repeat,1,0.025,early,zero,19,0.04147476792578123
9101415,motor,repeat,1,0.025,late,action_blind,35,0.0020413224285768788
9101415,motor,repeat,1,0.025,late,adaptive_nonlinear,35,0.002156633314076264
9101415,motor,repeat,1,0.025,late,knn_all,35,0.0019539675990680053
9101415,motor,repeat,1,0.025,late,knn_recent,35,0.0019539675990680053
9101415,motor,repeat,1,0.025,late,linear,35,0.003930331442063662
9101415,motor,repeat,1,0.025,late,nonlinear,35,0.0022009624322782474
9101415,motor,repeat,1,0.025,late,zero,35,0.002047902461884599
9101415,motor,repeat,1,0.025,pre,action_blind,35,0.0014375143417697288
9101415,motor,repeat,1,0.025,pre,adaptive_nonlinear,35,0.001516782302868152
9101415,motor,repeat,1,0.025,pre,knn_all,35,0.001444085257021581
9101415,motor,repeat,1,0.025,pre,knn_recent,35,0.001444085257021581
9101415,motor,repeat,1,0.025,pre,linear,35,0.008293873631829053
9101415,motor,repeat,1,0.025,pre,nonlinear,35,0.001516782302868152
9101415,motor,repeat,1,0.025,pre,zero,35,0.0015665271677911066
9101415,motor_external,repeat,1,0.025,counterfactual,action_blind,5,0.10346906023803863
9101415,motor_external,repeat,1,0.025,counterfactual,adaptive_nonlinear,5,0.09338851414489897
9101415,motor_external,repeat,1,0.025,counterfactual,knn_all,5,0.08854960133289738
9101415,motor_external,repeat,1,0.025,counterfactual,knn_recent,5,0.08854960133289738
9101415,motor_external,repeat,1,0.025,counterfactual,linear,5,0.09201233740579333
9101415,motor_external,repeat,1,0.025,counterfactual,nonlinear,5,0.09338851414489897
9101415,motor_external,repeat,1,0.025,counterfactual,zero,5,0.08874563238200635
9101415,motor_external,repeat,1,0.025,early,action_blind,19,0.00546723870838793
9101415,motor_external,repeat,1,0.025,early,adaptive_nonlinear,19,0.009735608626596424
9101415,motor_external,repeat,1,0.025,early,knn_all,19,0.004345505776774659
9101415,motor_external,repeat,1,0.025,early,knn_recent,19,0.004345505776774659
9101415,motor_external,repeat,1,0.025,early,linear,19,0.019539595594330682
9101415,motor_external,repeat,1,0.025,early,nonlinear,19,0.009735608626596424
9101415,motor_external,repeat,1,0.025,early,zero,19,0.023690624476006124
9101415,motor_external,repeat,1,0.025,late,action_blind,35,0.0021935062226582395
9101415,motor_external,repeat,1,0.025,late,adaptive_nonlinear,35,0.00259687235041664
9101415,motor_external,repeat,1,0.025,late,knn_all,35,0.0010739843317831392
9101415,motor_external,repeat,1,0.025,late,knn_recent,35,0.0010725890982773698
9101415,motor_external,repeat,1,0.025,late,linear,35,0.0032843882042980863
9101415,motor_external,repeat,1,0.025,late,nonlinear,35,0.00259687235041664
9101415,motor_external,repeat,1,0.025,late,zero,35,0.0015836138670049002
9101415,motor_external,repeat,1,0.025,pre,action_blind,35,0.0014375143417697288
9101415,motor_external,repeat,1,0.025,pre,adaptive_nonlinear,35,0.001516782302868152
9101415,motor_external,repeat,1,0.025,pre,knn_all,35,0.001444085257021581
9101415,motor_external,repeat,1,0.025,pre,knn_recent,35,0.001444085257021581
9101415,motor_external,repeat,1,0.025,pre,linear,35,0.008293873631829053
9101415,motor_external,repeat,1,0.025,pre,nonlinear,35,0.001516782302868152
9101415,motor_external,repeat,1,0.025,pre,zero,35,0.0015665271677911066
9101415,none,repeat,1,0.025,counterfactual,action_blind,5,0.036678473420414914
9101415,none,repeat,1,0.025,counterfactual,adaptive_nonlinear,5,0.037387289533385534
9101415,none,repeat,1,0.025,counterfactual,knn_all,5,0.03769096145093425
9101415,none,repeat,1,0.025,counterfactual,knn_recent,5,0.03769096145093425
9101415,none,repeat,1,0.025,counterfactual,linear,5,0.037173520231377676
9101415,none,repeat,1,0.025,counterfactual,nonlinear,5,0.037387289533385534
9101415,none,repeat,1,0.025,counterfactual,zero,5,0.03772881046248836
9101415,none,repeat,1,0.025,early,action_blind,19,0.0020258477076412246
9101415,none,repeat,1,0.025,early,adaptive_nonlinear,19,0.0023112184247088565
9101415,none,repeat,1,0.025,early,knn_all,19,0.002183120404089071
9101415,none,repeat,1,0.025,early,knn_recent,19,0.002183120404089071
9101415,none,repeat,1,0.025,early,linear,19,0.0030268850863730723
9101415,none,repeat,1,0.025,early,nonlinear,19,0.0023112184247088565
9101415,none,repeat,1,0.025,early,zero,19,0.002164608605857084
9101415,none,repeat,1,0.025,late,action_blind,35,0.0016525736435350827
9101415,none,repeat,1,0.025,late,adaptive_nonlinear,35,0.001851747725534695
9101415,none,repeat,1,0.025,late,knn_all,35,0.0019223986639820886
9101415,none,repeat,1,0.025,late,knn_recent,35,0.0019223986639820886
9101415,none,repeat,1,0.025,late,linear,35,0.0021344498985278754
9101415,none,repeat,1,0.025,late,nonlinear,35,0.001851747725534695
9101415,none,repeat,1,0.025,late,zero,35,0.0019736588604717643
9101415,none,repeat,1,0.025,pre,action_blind,35,0.0014375143417697288
9101415,none,repeat,1,0.025,pre,adaptive_nonlinear,35,0.001516782302868152
9101415,none,repeat,1,0.025,pre,knn_all,35,0.001444085257021581
9101415,none,repeat,1,0.025,pre,knn_recent,35,0.001444085257021581
9101415,none,repeat,1,0.025,pre,linear,35,0.008293873631829053
9101415,none,repeat,1,0.025,pre,nonlinear,35,0.001516782302868152
9101415,none,repeat,1,0.025,pre,zero,35,0.0015665271677911066
9101415,sensor,repeat,1,0.025,counterfactual,action_blind,5,0.03738180687373356
9101415,sensor,repeat,1,0.025,counterfactual,adaptive_nonlinear,5,0.03751098761118352
9101415,sensor,repeat,1,0.025,counterfactual,knn_all,5,0.03769096145093425
9101415,sensor,repeat,1,0.025,counterfactual,knn_recent,5,0.03769096145093425
9101415,sensor,repeat,1,0.025,counterfactual,linear,5,0.037320047103084196
9101415,sensor,repeat,1,0.025,counterfactual,nonlinear,5,0.03751211839146292
9101415,sensor,repeat,1,0.025,counterfactual,zero,5,0.03772881046248836
9101415,sensor,repeat,1,0.025,early,action_blind,19,0.0020088445372084566
9101415,sensor,repeat,1,0.025,early,adaptive_nonlinear,19,0.002127642943865603
9101415,sensor,repeat,1,0.025,early,knn_all,19,0.002183120404089071
9101415,sensor,repeat,1,0.025,early,knn_recent,19,0.002183120404089071
9101415,sensor,repeat,1,0.025,early,linear,19,0.003225355986304553
9101415,sensor,repeat,1,0.025,early,nonlinear,19,0.002186869857960448
9101415,sensor,repeat,1,0.025,early,zero,19,0.002164608605857084
9101415,sensor,repeat,1,0.025,late,action_blind,35,0.0016551821282121484
9101415,sensor,repeat,1,0.025,late,adaptive_nonlinear,35,0.001756654093417072
9101415,sensor,repeat,1,0.025,late,knn_all,35,0.0019223986639820886
9101415,sensor,repeat,1,0.025,late,knn_recent,35,0.0019223986639820886
9101415,sensor,repeat,1,0.025,late,linear,35,0.0022139347532855154
9101415,sensor,repeat,1,0.025,late,nonlinear,35,0.0017751825195807885
9101415,sensor,repeat,1,0.025,late,zero,35,0.0019736588604717643
9101415,sensor,repeat,1,0.025,pre,action_blind,35,0.0014375143417697288
9101415,sensor,repeat,1,0.025,pre,adaptive_nonlinear,35,0.001516782302868152
9101415,sensor,repeat,1,0.025,pre,knn_all,35,0.001444085257021581
9101415,sensor,repeat,1,0.025,pre,knn_recent,35,0.001444085257021581
9101415,sensor,repeat,1,0.025,pre,linear,35,0.008293873631829053
9101415,sensor,repeat,1,0.025,pre,nonlinear,35,0.001516782302868152
9101415,sensor,repeat,1,0.025,pre,zero,35,0.0015665271677911066
9101415,unknown_nonlinear,repeat,1,0.025,counterfactual,action_blind,5,0.031177246104200862
9101415,unknown_nonlinear,repeat,1,0.025,counterfactual,adaptive_nonlinear,5,0.03165702489606524
9101415,unknown_nonlinear,repeat,1,0.025,counterfactual,knn_all,5,0.032008965152941216
9101415,unknown_nonlinear,repeat,1,0.025,counterfactual,knn_recent,5,0.032008965152941216
9101415,unknown_nonlinear,repeat,1,0.025,counterfactual,linear,5,0.03207018589374504
9101415,unknown_nonlinear,repeat,1,0.025,counterfactual,nonlinear,5,0.03165702489606524
9101415,unknown_nonlinear,repeat,1,0.025,counterfactual,zero,5,0.0319493139900957
9101415,unknown_nonlinear,repeat,1,0.025,early,action_blind,19,0.0019905076125563796
9101415,unknown_nonlinear,repeat,1,0.025,early,adaptive_nonlinear,19,0.0021628536052883517
9101415,unknown_nonlinear,repeat,1,0.025,early,knn_all,19,0.0019567502428488267
9101415,unknown_nonlinear,repeat,1,0.025,early,knn_recent,19,0.0019567502428488267
9101415,unknown_nonlinear,repeat,1,0.025,early,linear,19,0.003175200399170659
9101415,unknown_nonlinear,repeat,1,0.025,early,nonlinear,19,0.0021628536052883517
9101415,unknown_nonlinear,repeat,1,0.025,early,zero,19,0.0018656413229992082
9101415,unknown_nonlinear,repeat,1,0.025,late,action_blind,35,0.001600064514762347
9101415,unknown_nonlinear,repeat,1,0.025,late,adaptive_nonlinear,35,0.001664379992879677
9101415,unknown_nonlinear,repeat,1,0.025,late,knn_all,35,0.0016961174079913471
9101415,unknown_nonlinear,repeat,1,0.025,late,knn_recent,35,0.0016961174079913471
9101415,unknown_nonlinear,repeat,1,0.025,late,linear,35,0.002183051777379862
9101415,unknown_nonlinear,repeat,1,0.025,late,nonlinear,35,0.001664379992879677
9101415,unknown_nonlinear,repeat,1,0.025,late,zero,35,0.0016851856206784458
9101415,unknown_nonlinear,repeat,1,0.025,pre,action_blind,35,0.0014375143417697288
9101415,unknown_nonlinear,repeat,1,0.025,pre,adaptive_nonlinear,35,0.001516782302868152
9101415,unknown_nonlinear,repeat,1,0.025,pre,knn_all,35,0.001444085257021581
9101415,unknown_nonlinear,repeat,1,0.025,pre,knn_recent,35,0.001444085257021581
9101415,unknown_nonlinear,repeat,1,0.025,pre,linear,35,0.008293873631829053
9101415,unknown_nonlinear,repeat,1,0.025,pre,nonlinear,35,0.001516782302868152
9101415,unknown_nonlinear,repeat,1,0.025,pre,zero,35,0.0015665271677911066
9101516,external,repeat,1,0.025,counterfactual,action_blind,5,0.03952932425912392
9101516,external,repeat,1,0.025,counterfactual,adaptive_nonlinear,5,0.03704561450003234
9101516,external,repeat,1,0.025,counterfactual,knn_all,5,0.035674270573000655
9101516,external,repeat,1,0.025,counterfactual,knn_recent,5,0.035674270573000655
9101516,external,repeat,1,0.025,counterfactual,linear,5,0.03558592919749498
9101516,external,repeat,1,0.025,counterfactual,nonlinear,5,0.03704561450003234
9101516,external,repeat,1,0.025,counterfactual,zero,5,0.035680584673939406
9101516,external,repeat,1,0.025,early,action_blind,19,0.004669605437372069
9101516,external,repeat,1,0.025,early,adaptive_nonlinear,19,0.0061033881129920605
9101516,external,repeat,1,0.025,early,knn_all,19,0.0026075995351948155
9101516,external,repeat,1,0.025,early,knn_recent,19,0.002152484996954651
9101516,external,repeat,1,0.025,early,linear,19,0.018854148990761606
9101516,external,repeat,1,0.025,early,nonlinear,19,0.0061033881129920605
9101516,external,repeat,1,0.025,early,zero,19,0.024340104254538884
9101516,external,repeat,1,0.025,late,action_blind,35,0.001488753716927309
9101516,external,repeat,1,0.025,late,adaptive_nonlinear,35,0.0019853227153070634
9101516,external,repeat,1,0.025,late,knn_all,35,0.0008782209927252157
9101516,external,repeat,1,0.025,late,knn_recent,35,0.0008782209927252157
9101516,external,repeat,1,0.025,late,linear,35,0.0029771923610925856
9101516,external,repeat,1,0.025,late,nonlinear,35,0.0019853227153070634
9101516,external,repeat,1,0.025,late,zero,35,0.0011157006901712794
9101516,external,repeat,1,0.025,pre,action_blind,35,0.0017791805899449837
9101516,external,repeat,1,0.025,pre,adaptive_nonlinear,35,0.0019007364326424066
9101516,external,repeat,1,0.025,pre,knn_all,35,0.0018083930724029735
9101516,external,repeat,1,0.025,pre,knn_recent,35,0.0018083930724029735
9101516,external,repeat,1,0.025,pre,linear,35,0.008093871861991314
9101516,external,repeat,1,0.025,pre,nonlinear,35,0.0019007364326424066
9101516,external,repeat,1,0.025,pre,zero,35,0.001992183584485093
9101516,motor,repeat,1,0.025,counterfactual,action_blind,5,0.06175987725035794
9101516,motor,repeat,1,0.025,counterfactual,adaptive_nonlinear,5,0.0608602854399203
9101516,motor,repeat,1,0.025,counterfactual,knn_all,5,0.060606677222634076
9101516,motor,repeat,1,0.025,counterfactual,knn_recent,5,0.060606677222634076
9101516,motor,repeat,1,0.025,counterfactual,linear,5,0.06213412635603399
9101516,motor,repeat,1,0.025,counterfactual,nonlinear,5,0.06091485194134989
9101516,motor,repeat,1,0.025,counterfactual,zero,5,0.06054258984092122
9101516,motor,repeat,1,0.025,early,action_blind,19,0.015703793417026962
9101516,motor,repeat,1,0.025,early,adaptive_nonlinear,19,0.015613228375770073
9101516,motor,repeat,1,0.025,early,knn_all,19,0.005078361911011482
9101516,motor,repeat,1,0.025,early,knn_recent,19,0.005078361911011482
9101516,motor,repeat,1,0.025,early,linear,19,0.005641619151403445
9101516,motor,repeat,1,0.025,early,nonlinear,19,0.01753215580991889
9101516,motor,repeat,1,0.025,early,zero,19,0.0016602743795492805
9101516,motor,repeat,1,0.025,late,action_blind,35,0.0015100455600892408
9101516,motor,repeat,1,0.025,late,adaptive_nonlinear,35,0.0015710824505210863
9101516,motor,repeat,1,0.025,late,knn_all,35,0.001374069420959865
9101516,motor,repeat,1,0.025,late,knn_recent,35,0.001374069420959865
9101516,motor,repeat,1,0.025,late,linear,35,0.0027734586509908744
9101516,motor,repeat,1,0.025,late,nonlinear,35,0.0016086600345136765
9101516,motor,repeat,1,0.025,late,zero,35,0.001487419228855535
9101516,motor,repeat,1,0.025,pre,action_blind,35,0.0017791805899449837
9101516,motor,repeat,1,0.025,pre,adaptive_nonlinear,35,0.0019007364326424066
9101516,motor,repeat,1,0.025,pre,knn_all,35,0.0018083930724029735
9101516,motor,repeat,1,0.025,pre,knn_recent,35,0.0018083930724029735
9101516,motor,repeat,1,0.025,pre,linear,35,0.008093871861991314
9101516,motor,repeat,1,0.025,pre,nonlinear,35,0.0019007364326424066
9101516,motor,repeat,1,0.025,pre,zero,35,0.001992183584485093
9101516,motor_external,repeat,1,0.025,counterfactual,action_blind,5,0.1109232844681142
9101516,motor_external,repeat,1,0.025,counterfactual,adaptive_nonlinear,5,0.11277303383435262
9101516,motor_external,repeat,1,0.025,counterfactual,knn_all,5,0.11303557277262229
9101516,motor_external,repeat,1,0.025,counterfactual,knn_recent,5,0.11303557277262229
9101516,motor_external,repeat,1,0.025,counterfactual,linear,5,0.11674125467215168
9101516,motor_external,repeat,1,0.025,counterfactual,nonlinear,5,0.11277303383435262
9101516,motor_external,repeat,1,0.025,counterfactual,zero,5,0.11303498960272167
9101516,motor_external,repeat,1,0.025,early,action_blind,19,0.01216649425363129
9101516,motor_external,repeat,1,0.025,early,adaptive_nonlinear,19,0.01348279069971705
9101516,motor_external,repeat,1,0.025,early,knn_all,19,0.006057341298879007
9101516,motor_external,repeat,1,0.025,early,knn_recent,19,0.006057341298879007
9101516,motor_external,repeat,1,0.025,early,linear,19,0.020374712527780035
9101516,motor_external,repeat,1,0.025,early,nonlinear,19,0.01348279069971705
9101516,motor_external,repeat,1,0.025,early,zero,19,0.019333293529324492
9101516,motor_external,repeat,1,0.025,late,action_blind,35,0.0016704448679031212
9101516,motor_external,repeat,1,0.025,late,adaptive_nonlinear,35,0.0019321929215735088
9101516,motor_external,repeat,1,0.025,late,knn_all,35,0.001363806095782946
9101516,motor_external,repeat,1,0.025,late,knn_recent,35,0.001363806095782946
9101516,motor_external,repeat,1,0.025,late,linear,35,0.0031371000708520936
9101516,motor_external,repeat,1,0.025,late,nonlinear,35,0.0019321929215735088
9101516,motor_external,repeat,1,0.025,late,zero,35,0.0018776976741723093
9101516,motor_external,repeat,1,0.025,pre,action_blind,35,0.0017791805899449837
9101516,motor_external,repeat,1,0.025,pre,adaptive_nonlinear,35,0.0019007364326424066
9101516,motor_external,repeat,1,0.025,pre,knn_all,35,0.0018083930724029735
9101516,motor_external,repeat,1,0.025,pre,knn_recent,35,0.0018083930724029735
9101516,motor_external,repeat,1,0.025,pre,linear,35,0.008093871861991314
9101516,motor_external,repeat,1,0.025,pre,nonlinear,35,0.0019007364326424066
9101516,motor_external,repeat,1,0.025,pre,zero,35,0.001992183584485093
9101516,none,repeat,1,0.025,counterfactual,action_blind,5,0.04798930288854597
9101516,none,repeat,1,0.025,counterfactual,adaptive_nonlinear,5,0.047750615332977184
9101516,none,repeat,1,0.025,counterfactual,knn_all,5,0.047127059275509135
9101516,none,repeat,1,0.025,counterfactual,knn_recent,5,0.047127059275509135
9101516,none,repeat,1,0.025,counterfactual,linear,5,0.04798876304089936
9101516,none,repeat,1,0.025,counterfactual,nonlinear,5,0.047750615332977184
9101516,none,repeat,1,0.025,counterfactual,zero,5,0.04687224072850263
9101516,none,repeat,1,0.025,early,action_blind,19,0.0016017148237512664
9101516,none,repeat,1,0.025,early,adaptive_nonlinear,19,0.001811219899633488
9101516,none,repeat,1,0.025,early,knn_all,19,0.0017110059445181367
9101516,none,repeat,1,0.025,early,knn_recent,19,0.0017110059445181367
9101516,none,repeat,1,0.025,early,linear,19,0.0027970042154104894
9101516,none,repeat,1,0.025,early,nonlinear,19,0.001811219899633488
9101516,none,repeat,1,0.025,early,zero,19,0.0018261781134304652
9101516,none,repeat,1,0.025,late,action_blind,35,0.0012410426090518972
9101516,none,repeat,1,0.025,late,adaptive_nonlinear,35,0.0015222932969493773
9101516,none,repeat,1,0.025,late,knn_all,35,0.0013252070865236417
9101516,none,repeat,1,0.025,late,knn_recent,35,0.0013252070865236417
9101516,none,repeat,1,0.025,late,linear,35,0.002030857642168682
9101516,none,repeat,1,0.025,late,nonlinear,35,0.0015222932969493773
9101516,none,repeat,1,0.025,late,zero,35,0.0014066629327138948
9101516,none,repeat,1,0.025,pre,action_blind,35,0.0017791805899449837
9101516,none,repeat,1,0.025,pre,adaptive_nonlinear,35,0.0019007364326424066
9101516,none,repeat,1,0.025,pre,knn_all,35,0.0018083930724029735
9101516,none,repeat,1,0.025,pre,knn_recent,35,0.0018083930724029735
9101516,none,repeat,1,0.025,pre,linear,35,0.008093871861991314
9101516,none,repeat,1,0.025,pre,nonlinear,35,0.0019007364326424066
9101516,none,repeat,1,0.025,pre,zero,35,0.001992183584485093
9101516,sensor,repeat,1,0.025,counterfactual,action_blind,5,0.04747702354596943
9101516,sensor,repeat,1,0.025,counterfactual,adaptive_nonlinear,5,0.04802104975377969
9101516,sensor,repeat,1,0.025,counterfactual,knn_all,5,0.047127059275509135
9101516,sensor,repeat,1,0.025,counterfactual,knn_recent,5,0.047127059275509135
9101516,sensor,repeat,1,0.025,counterfactual,linear,5,0.048020132974893714
9101516,sensor,repeat,1,0.025,counterfactual,nonlinear,5,0.048038088394408394
9101516,sensor,repeat,1,0.025,counterfactual,zero,5,0.04687224072850263
9101516,sensor,repeat,1,0.025,early,action_blind,19,0.0016807812558143915
9101516,sensor,repeat,1,0.025,early,adaptive_nonlinear,19,0.0018440062574734482
9101516,sensor,repeat,1,0.025,early,knn_all,19,0.0017110059445181367
9101516,sensor,repeat,1,0.025,early,knn_recent,19,0.0017110059445181367
9101516,sensor,repeat,1,0.025,early,linear,19,0.0026022378804330397
9101516,sensor,repeat,1,0.025,early,nonlinear,19,0.0018369160785246033
9101516,sensor,repeat,1,0.025,early,zero,19,0.0018261781134304652
9101516,sensor,repeat,1,0.025,late,action_blind,35,0.0012903457582671572
9101516,sensor,repeat,1,0.025,late,adaptive_nonlinear,35,0.0017852439233472142
9101516,sensor,repeat,1,0.025,late,knn_all,35,0.0013252070865236417
9101516,sensor,repeat,1,0.025,late,knn_recent,35,0.0013252070865236417
9101516,sensor,repeat,1,0.025,late,linear,35,0.001969561544875533
9101516,sensor,repeat,1,0.025,late,nonlinear,35,0.0018286274612903215
9101516,sensor,repeat,1,0.025,late,zero,35,0.0014066629327138948
9101516,sensor,repeat,1,0.025,pre,action_blind,35,0.0017791805899449837
9101516,sensor,repeat,1,0.025,pre,adaptive_nonlinear,35,0.0019007364326424066
9101516,sensor,repeat,1,0.025,pre,knn_all,35,0.0018083930724029735
9101516,sensor,repeat,1,0.025,pre,knn_recent,35,0.0018083930724029735
9101516,sensor,repeat,1,0.025,pre,linear,35,0.008093871861991314
9101516,sensor,repeat,1,0.025,pre,nonlinear,35,0.0019007364326424066
9101516,sensor,repeat,1,0.025,pre,zero,35,0.001992183584485093
9101516,unknown_nonlinear,repeat,1,0.025,counterfactual,action_blind,5,0.0426126252574026
9101516,unknown_nonlinear,repeat,1,0.025,counterfactual,adaptive_nonlinear,5,0.04277734926379023
9101516,unknown_nonlinear,repeat,1,0.025,counterfactual,knn_all,5,0.04295516813817911
9101516,unknown_nonlinear,repeat,1,0.025,counterfactual,knn_recent,5,0.04295516813817911
9101516,unknown_nonlinear,repeat,1,0.025,counterfactual,linear,5,0.04384576776712794
9101516,unknown_nonlinear,repeat,1,0.025,counterfactual,nonlinear,5,0.04277734926379023
9101516,unknown_nonlinear,repeat,1,0.025,counterfactual,zero,5,0.042713385142532555
9101516,unknown_nonlinear,repeat,1,0.025,early,action_blind,19,0.0015488733204637288
9101516,unknown_nonlinear,repeat,1,0.025,early,adaptive_nonlinear,19,0.0016601225140292469
9101516,unknown_nonlinear,repeat,1,0.025,early,knn_all,19,0.0017117230703347784
9101516,unknown_nonlinear,repeat,1,0.025,early,knn_recent,19,0.0017117230703347784
9101516,unknown_nonlinear,repeat,1,0.025,early,linear,19,0.0029458835038516334
9101516,unknown_nonlinear,repeat,1,0.025,early,nonlinear,19,0.0016601225140292469
9101516,unknown_nonlinear,repeat,1,0.025,early,zero,19,0.0015691625802838978
9101516,unknown_nonlinear,repeat,1,0.025,late,action_blind,35,0.0012780247484075664
9101516,unknown_nonlinear,repeat,1,0.025,late,adaptive_nonlinear,35,0.0013897003954296888
9101516,unknown_nonlinear,repeat,1,0.025,late,knn_all,35,0.001376182626577527
9101516,unknown_nonlinear,repeat,1,0.025,late,knn_recent,35,0.001376182626577527
9101516,unknown_nonlinear,repeat,1,0.025,late,linear,35,0.0018205618628537997
9101516,unknown_nonlinear,repeat,1,0.025,late,nonlinear,35,0.0013897003954296888
9101516,unknown_nonlinear,repeat,1,0.025,late,zero,35,0.0012863937788389918
9101516,unknown_nonlinear,repeat,1,0.025,pre,action_blind,35,0.0017791805899449837
9101516,unknown_nonlinear,repeat,1,0.025,pre,adaptive_nonlinear,35,0.0019007364326424066
9101516,unknown_nonlinear,repeat,1,0.025,pre,knn_all,35,0.0018083930724029735
9101516,unknown_nonlinear,repeat,1,0.025,pre,knn_recent,35,0.0018083930724029735
9101516,unknown_nonlinear,repeat,1,0.025,pre,linear,35,0.008093871861991314
9101516,unknown_nonlinear,repeat,1,0.025,pre,nonlinear,35,0.0019007364326424066
9101516,unknown_nonlinear,repeat,1,0.025,pre,zero,35,0.001992183584485093
9101617,external,repeat,1,0.025,counterfactual,action_blind,5,0.06966773217041136
9101617,external,repeat,1,0.025,counterfactual,adaptive_nonlinear,5,0.05581457797373416
9101617,external,repeat,1,0.025,counterfactual,knn_all,5,0.04960473516692697
9101617,external,repeat,1,0.025,counterfactual,knn_recent,5,0.04960473516692697
9101617,external,repeat,1,0.025,counterfactual,linear,5,0.049246697126942296
9101617,external,repeat,1,0.025,counterfactual,nonlinear,5,0.05581457797373416
9101617,external,repeat,1,0.025,counterfactual,zero,5,0.047864547090596454
9101617,external,repeat,1,0.025,early,action_blind,19,0.013690232274345298
9101617,external,repeat,1,0.025,early,adaptive_nonlinear,19,0.014292991562149663
9101617,external,repeat,1,0.025,early,knn_all,19,0.013641850076618021
9101617,external,repeat,1,0.025,early,knn_recent,19,0.008531489459880151
9101617,external,repeat,1,0.025,early,linear,19,0.02296826550501135
9101617,external,repeat,1,0.025,early,nonlinear,19,0.014292991562149663
9101617,external,repeat,1,0.025,early,zero,19,0.022107623529061687
9101617,external,repeat,1,0.025,late,action_blind,35,0.002701731742539776
9101617,external,repeat,1,0.025,late,adaptive_nonlinear,35,0.004153466881919016
9101617,external,repeat,1,0.025,late,knn_all,35,0.0020411570443964124
9101617,external,repeat,1,0.025,late,knn_recent,35,0.0020411570443964124
9101617,external,repeat,1,0.025,late,linear,35,0.004007179408753845
9101617,external,repeat,1,0.025,late,nonlinear,35,0.004153466881919016
9101617,external,repeat,1,0.025,late,zero,35,0.002553250050672805
9101617,external,repeat,1,0.025,pre,action_blind,35,0.00186595064487442
9101617,external,repeat,1,0.025,pre,adaptive_nonlinear,35,0.0020401950443997346
9101617,external,repeat,1,0.025,pre,knn_all,35,0.0018126982805644783
9101617,external,repeat,1,0.025,pre,knn_recent,35,0.0018126982805644783
9101617,external,repeat,1,0.025,pre,linear,35,0.010507300860845274
9101617,external,repeat,1,0.025,pre,nonlinear,35,0.0020401950443997346
9101617,external,repeat,1,0.025,pre,zero,35,0.0019195044777005324
9101617,motor,repeat,1,0.025,counterfactual,action_blind,5,0.06255573309640163
9101617,motor,repeat,1,0.025,counterfactual,adaptive_nonlinear,5,0.06049883628522521
9101617,motor,repeat,1,0.025,counterfactual,knn_all,5,0.060156549990949736
9101617,motor,repeat,1,0.025,counterfactual,knn_recent,5,0.060156549990949736
9101617,motor,repeat,1,0.025,counterfactual,linear,5,0.06120975486804643
9101617,motor,repeat,1,0.025,counterfactual,nonlinear,5,0.06060103930927616
9101617,motor,repeat,1,0.025,counterfactual,zero,5,0.06005189412461838
9101617,motor,repeat,1,0.025,early,action_blind,19,0.03211725617342811
9101617,motor,repeat,1,0.025,early,adaptive_nonlinear,19,0.03436460042930115
9101617,motor,repeat,1,0.025,early,knn_all,19,0.01662886239882948
9101617,motor,repeat,1,0.025,early,knn_recent,19,0.01662886239882948
9101617,motor,repeat,1,0.025,early,linear,19,0.045296990183199146
9101617,motor,repeat,1,0.025,early,nonlinear,19,0.03572696086580265
9101617,motor,repeat,1,0.025,early,zero,19,0.044972238672181135
9101617,motor,repeat,1,0.025,late,action_blind,35,0.001871727363685743
9101617,motor,repeat,1,0.025,late,adaptive_nonlinear,35,0.001979726494334364
9101617,motor,repeat,1,0.025,late,knn_all,35,0.0015785616543016027
9101617,motor,repeat,1,0.025,late,knn_recent,35,0.0015785616543016027
9101617,motor,repeat,1,0.025,late,linear,35,0.003230732445087811
9101617,motor,repeat,1,0.025,late,nonlinear,35,0.002039306790256131
9101617,motor,repeat,1,0.025,late,zero,35,0.001647494588436131
9101617,motor,repeat,1,0.025,pre,action_blind,35,0.00186595064487442
9101617,motor,repeat,1,0.025,pre,adaptive_nonlinear,35,0.0020401950443997346
9101617,motor,repeat,1,0.025,pre,knn_all,35,0.0018126982805644783
9101617,motor,repeat,1,0.025,pre,knn_recent,35,0.0018126982805644783
9101617,motor,repeat,1,0.025,pre,linear,35,0.010507300860845274
9101617,motor,repeat,1,0.025,pre,nonlinear,35,0.0020401950443997346
9101617,motor,repeat,1,0.025,pre,zero,35,0.0019195044777005324
9101617,motor_external,repeat,1,0.025,counterfactual,action_blind,5,0.09888376714674073
9101617,motor_external,repeat,1,0.025,counterfactual,adaptive_nonlinear,5,0.10770055887346539
9101617,motor_external,repeat,1,0.025,counterfactual,knn_all,5,0.1107608452123003
9101617,motor_external,repeat,1,0.025,counterfactual,knn_recent,5,0.1107608452123003
9101617,motor_external,repeat,1,0.025,counterfactual,linear,5,0.11433235433373896
9101617,motor_external,repeat,1,0.025,counterfactual,nonlinear,5,0.10770055887346539
9101617,motor_external,repeat,1,0.025,counterfactual,zero,5,0.11129697579425187
9101617,motor_external,repeat,1,0.025,early,action_blind,19,0.00850900812069462
9101617,motor_external,repeat,1,0.025,early,adaptive_nonlinear,19,0.009855667659546555
9101617,motor_external,repeat,1,0.025,early,knn_all,19,0.005413745899804034
9101617,motor_external,repeat,1,0.025,early,knn_recent,19,0.005413745899804034
9101617,motor_external,repeat,1,0.025,early,linear,19,0.029328987080363956
9101617,motor_external,repeat,1,0.025,early,nonlinear,19,0.009855667659546555
9101617,motor_external,repeat,1,0.025,early,zero,19,0.02777092665573205
9101617,motor_external,repeat,1,0.025,late,action_blind,35,0.002067734945163444
9101617,motor_external,repeat,1,0.025,late,adaptive_nonlinear,35,0.004100439177291396
9101617,motor_external,repeat,1,0.025,late,knn_all,35,0.001779527800511559
9101617,motor_external,repeat,1,0.025,late,knn_recent,35,0.001779527800511559
9101617,motor_external,repeat,1,0.025,late,linear,35,0.006187524750343175
9101617,motor_external,repeat,1,0.025,late,nonlinear,35,0.004100439177291396
9101617,motor_external,repeat,1,0.025,late,zero,35,0.007487444011592645
9101617,motor_external,repeat,1,0.025,pre,action_blind,35,0.00186595064487442
9101617,motor_external,repeat,1,0.025,pre,adaptive_nonlinear,35,0.0020401950443997346
9101617,motor_external,repeat,1,0.025,pre,knn_all,35,0.0018126982805644783
9101617,motor_external,repeat,1,0.025,pre,knn_recent,35,0.0018126982805644783
9101617,motor_external,repeat,1,0.025,pre,linear,35,0.010507300860845274
9101617,motor_external,repeat,1,0.025,pre,nonlinear,35,0.0020401950443997346
9101617,motor_external,repeat,1,0.025,pre,zero,35,0.0019195044777005324
9101617,none,repeat,1,0.025,counterfactual,action_blind,5,0.03918325788642367
9101617,none,repeat,1,0.025,counterfactual,adaptive_nonlinear,5,0.03929664183298567
9101617,none,repeat,1,0.025,counterfactual,knn_all,5,0.03893115878468199
9101617,none,repeat,1,0.025,counterfactual,knn_recent,5,0.03893115878468199
9101617,none,repeat,1,0.025,counterfactual,linear,5,0.038979238759355994
9101617,none,repeat,1,0.025,counterfactual,nonlinear,5,0.03929664183298567
9101617,none,repeat,1,0.025,counterfactual,zero,5,0.03891466251045553
9101617,none,repeat,1,0.025,early,action_blind,19,0.0010717334752776055
9101617,none,repeat,1,0.025,early,adaptive_nonlinear,19,0.0012485338665820416
9101617,none,repeat,1,0.025,early,knn_all,19,0.0010966651951338682
9101617,none,repeat,1,0.025,early,knn_recent,19,0.0010966651951338682
9101617,none,repeat,1,0.025,early,linear,19,0.0026246158205290447
9101617,none,repeat,1,0.025,early,nonlinear,19,0.0012485338665820416
9101617,none,repeat,1,0.025,early,zero,19,0.001235563243910499
9101617,none,repeat,1,0.025,late,action_blind,35,0.0013848218337534756
9101617,none,repeat,1,0.025,late,adaptive_nonlinear,35,0.0016902164815522692
9101617,none,repeat,1,0.025,late,knn_all,35,0.0014593528317618412
9101617,none,repeat,1,0.025,late,knn_recent,35,0.0014593528317618412
9101617,none,repeat,1,0.025,late,linear,35,0.0021218829060398988
9101617,none,repeat,1,0.025,late,nonlinear,35,0.0016902164815522692
9101617,none,repeat,1,0.025,late,zero,35,0.0015581713086983782
9101617,none,repeat,1,0.025,pre,action_blind,35,0.00186595064487442
9101617,none,repeat,1,0.025,pre,adaptive_nonlinear,35,0.0020401950443997346
9101617,none,repeat,1,0.025,pre,knn_all,35,0.0018126982805644783
9101617,none,repeat,1,0.025,pre,knn_recent,35,0.0018126982805644783
9101617,none,repeat,1,0.025,pre,linear,35,0.010507300860845274
9101617,none,repeat,1,0.025,pre,nonlinear,35,0.0020401950443997346
9101617,none,repeat,1,0.025,pre,zero,35,0.0019195044777005324
9101617,sensor,repeat,1,0.025,counterfactual,action_blind,5,0.03947117285396247
9101617,sensor,repeat,1,0.025,counterfactual,adaptive_nonlinear,5,0.03919200066085543
9101617,sensor,repeat,1,0.025,counterfactual,knn_all,5,0.03893115878468199
9101617,sensor,repeat,1,0.025,counterfactual,knn_recent,5,0.03893115878468199
9101617,sensor,repeat,1,0.025,counterfactual,linear,5,0.0390018242148322
9101617,sensor,repeat,1,0.025,counterfactual,nonlinear,5,0.03921457673204416
9101617,sensor,repeat,1,0.025,counterfactual,zero,5,0.03891466251045553
9101617,sensor,repeat,1,0.025,early,action_blind,19,0.001319083653983109
9101617,sensor,repeat,1,0.025,early,adaptive_nonlinear,19,0.001424719506752276
9101617,sensor,repeat,1,0.025,early,knn_all,19,0.0014951193600832961
9101617,sensor,repeat,1,0.025,early,knn_recent,19,0.0014951193600832961
9101617,sensor,repeat,1,0.025,early,linear,19,0.0028902065642715563
9101617,sensor,repeat,1,0.025,early,nonlinear,19,0.0014952774424552982
9101617,sensor,repeat,1,0.025,early,zero,19,0.001235563243910499
9101617,sensor,repeat,1,0.025,late,action_blind,35,0.0013667374492492429
9101617,sensor,repeat,1,0.025,late,adaptive_nonlinear,35,0.001526608762586314
9101617,sensor,repeat,1,0.025,late,knn_all,35,0.0014593528317618412
9101617,sensor,repeat,1,0.025,late,knn_recent,35,0.0014593528317618412
9101617,sensor,repeat,1,0.025,late,linear,35,0.002208308968345735
9101617,sensor,repeat,1,0.025,late,nonlinear,35,0.0015561715523001564
9101617,sensor,repeat,1,0.025,late,zero,35,0.0015581713086983782
9101617,sensor,repeat,1,0.025,pre,action_blind,35,0.00186595064487442
9101617,sensor,repeat,1,0.025,pre,adaptive_nonlinear,35,0.0020401950443997346
9101617,sensor,repeat,1,0.025,pre,knn_all,35,0.0018126982805644783
9101617,sensor,repeat,1,0.025,pre,knn_recent,35,0.0018126982805644783
9101617,sensor,repeat,1,0.025,pre,linear,35,0.010507300860845274
9101617,sensor,repeat,1,0.025,pre,nonlinear,35,0.0020401950443997346
9101617,sensor,repeat,1,0.025,pre,zero,35,0.0019195044777005324
9101617,unknown_nonlinear,repeat,1,0.025,counterfactual,action_blind,5,0.040759807224514125
9101617,unknown_nonlinear,repeat,1,0.025,counterfactual,adaptive_nonlinear,5,0.04107925934966058
9101617,unknown_nonlinear,repeat,1,0.025,counterfactual,knn_all,5,0.04137633581275148
9101617,unknown_nonlinear,repeat,1,0.025,counterfactual,knn_recent,5,0.04137633581275148
9101617,unknown_nonlinear,repeat,1,0.025,counterfactual,linear,5,0.041883590025345516
9101617,unknown_nonlinear,repeat,1,0.025,counterfactual,nonlinear,5,0.04107925934966058
9101617,unknown_nonlinear,repeat,1,0.025,counterfactual,zero,5,0.041328260148707406
9101617,unknown_nonlinear,repeat,1,0.025,early,action_blind,19,0.0010832972886178575
9101617,unknown_nonlinear,repeat,1,0.025,early,adaptive_nonlinear,19,0.0011775249985968848
9101617,unknown_nonlinear,repeat,1,0.025,early,knn_all,19,0.001126660385749865
9101617,unknown_nonlinear,repeat,1,0.025,early,knn_recent,19,0.001126660385749865
9101617,unknown_nonlinear,repeat,1,0.025,early,linear,19,0.0028550490958834194
9101617,unknown_nonlinear,repeat,1,0.025,early,nonlinear,19,0.0011775249985968848
9101617,unknown_nonlinear,repeat,1,0.025,early,zero,19,0.0009963952040769719
9101617,unknown_nonlinear,repeat,1,0.025,late,action_blind,35,0.0012417672239839021
9101617,unknown_nonlinear,repeat,1,0.025,late,adaptive_nonlinear,35,0.0013454640044859285
9101617,unknown_nonlinear,repeat,1,0.025,late,knn_all,35,0.0013458773568453188
9101617,unknown_nonlinear,repeat,1,0.025,late,knn_recent,35,0.0013458773568453188
9101617,unknown_nonlinear,repeat,1,0.025,late,linear,35,0.001853540830206511
9101617,unknown_nonlinear,repeat,1,0.025,late,nonlinear,35,0.0013454640044859285
9101617,unknown_nonlinear,repeat,1,0.025,late,zero,35,0.0012800263594358683
9101617,unknown_nonlinear,repeat,1,0.025,pre,action_blind,35,0.00186595064487442
9101617,unknown_nonlinear,repeat,1,0.025,pre,adaptive_nonlinear,35,0.0020401950443997346
9101617,unknown_nonlinear,repeat,1,0.025,pre,knn_all,35,0.0018126982805644783
9101617,unknown_nonlinear,repeat,1,0.025,pre,knn_recent,35,0.0018126982805644783
9101617,unknown_nonlinear,repeat,1,0.025,pre,linear,35,0.010507300860845274
9101617,unknown_nonlinear,repeat,1,0.025,pre,nonlinear,35,0.0020401950443997346
9101617,unknown_nonlinear,repeat,1,0.025,pre,zero,35,0.0019195044777005324
9101718,external,repeat,1,0.025,counterfactual,action_blind,5,0.05838754891354765
9101718,external,repeat,1,0.025,counterfactual,adaptive_nonlinear,5,0.04634935389477108
9101718,external,repeat,1,0.025,counterfactual,knn_all,5,0.04249561371712731
9101718,external,repeat,1,0.025,counterfactual,knn_recent,5,0.04249561371712731
9101718,external,repeat,1,0.025,counterfactual,linear,5,0.04511338384188627
9101718,external,repeat,1,0.025,counterfactual,nonlinear,5,0.04634935389477108
9101718,external,repeat,1,0.025,counterfactual,zero,5,0.043847795611114446
9101718,external,repeat,1,0.025,early,action_blind,19,0.005178417253107384
9101718,external,repeat,1,0.025,early,adaptive_nonlinear,19,0.005952935755948088
9101718,external,repeat,1,0.025,early,knn_all,19,0.0033590287468438077
9101718,external,repeat,1,0.025,early,knn_recent,19,0.0014211926853677185
9101718,external,repeat,1,0.025,early,linear,19,0.015409012155890509
9101718,external,repeat,1,0.025,early,nonlinear,19,0.005952935755948088
9101718,external,repeat,1,0.025,early,zero,19,0.0170007310496032
9101718,external,repeat,1,0.025,late,action_blind,35,0.002848113412087267
9101718,external,repeat,1,0.025,late,adaptive_nonlinear,35,0.003699282041079339
9101718,external,repeat,1,0.025,late,knn_all,35,0.0020914041319100916
9101718,external,repeat,1,0.025,late,knn_recent,35,0.0020914041319100916
9101718,external,repeat,1,0.025,late,linear,35,0.004460316024757706
9101718,external,repeat,1,0.025,late,nonlinear,35,0.003699282041079339
9101718,external,repeat,1,0.025,late,zero,35,0.0031759276593781513
9101718,external,repeat,1,0.025,pre,action_blind,35,0.0013461547399609907
9101718,external,repeat,1,0.025,pre,adaptive_nonlinear,35,0.0014710797925724546
9101718,external,repeat,1,0.025,pre,knn_all,35,0.0011540997826749693
9101718,external,repeat,1,0.025,pre,knn_recent,35,0.0011540997826749693
9101718,external,repeat,1,0.025,pre,linear,35,0.009494395400950017
9101718,external,repeat,1,0.025,pre,nonlinear,35,0.0014710797925724546
9101718,external,repeat,1,0.025,pre,zero,35,0.0013462506993701154
9101718,motor,repeat,1,0.025,counterfactual,action_blind,5,0.05744464980027919
9101718,motor,repeat,1,0.025,counterfactual,adaptive_nonlinear,5,0.05693768121950913
9101718,motor,repeat,1,0.025,counterfactual,knn_all,5,0.057024183719628974
9101718,motor,repeat,1,0.025,counterfactual,knn_recent,5,0.057024183719628974
9101718,motor,repeat,1,0.025,counterfactual,linear,5,0.05708472713347994
9101718,motor,repeat,1,0.025,counterfactual,nonlinear,5,0.05693768121950913
9101718,motor,repeat,1,0.025,counterfactual,zero,5,0.0569651241851201
9101718,motor,repeat,1,0.025,early,action_blind,19,0.02177820461882427
9101718,motor,repeat,1,0.025,early,adaptive_nonlinear,19,0.021602004511491347
9101718,motor,repeat,1,0.025,early,knn_all,19,0.008208934101396718
9101718,motor,repeat,1,0.025,early,knn_recent,19,0.008208934101396718
9101718,motor,repeat,1,0.025,early,linear,19,0.007159326452406294
9101718,motor,repeat,1,0.025,early,nonlinear,19,0.021602004511491347
9101718,motor,repeat,1,0.025,early,zero,19,0.003822719646335488
9101718,motor,repeat,1,0.025,late,action_blind,35,0.0016741795586959981
9101718,motor,repeat,1,0.025,late,adaptive_nonlinear,35,0.0018418901867518897
9101718,motor,repeat,1,0.025,late,knn_all,35,0.0016028222729205753
9101718,motor,repeat,1,0.025,late,knn_recent,35,0.0016028222729205753
9101718,motor,repeat,1,0.025,late,linear,35,0.002883787952443245
9101718,motor,repeat,1,0.025,late,nonlinear,35,0.0018418901867518897
9101718,motor,repeat,1,0.025,late,zero,35,0.0016042790035877535
9101718,motor,repeat,1,0.025,pre,action_blind,35,0.0013461547399609907
9101718,motor,repeat,1,0.025,pre,adaptive_nonlinear,35,0.0014710797925724546
9101718,motor,repeat,1,0.025,pre,knn_all,35,0.0011540997826749693
9101718,motor,repeat,1,0.025,pre,knn_recent,35,0.0011540997826749693
9101718,motor,repeat,1,0.025,pre,linear,35,0.009494395400950017
9101718,motor,repeat,1,0.025,pre,nonlinear,35,0.0014710797925724546
9101718,motor,repeat,1,0.025,pre,zero,35,0.0013462506993701154
9101718,motor_external,repeat,1,0.025,counterfactual,action_blind,5,0.05704833275517172
9101718,motor_external,repeat,1,0.025,counterfactual,adaptive_nonlinear,5,0.054817370928397155
9101718,motor_external,repeat,1,0.025,counterfactual,knn_all,5,0.059911341125612624
9101718,motor_external,repeat,1,0.025,counterfactual,knn_recent,5,0.059911341125612624
9101718,motor_external,repeat,1,0.025,counterfactual,linear,5,0.060303806143129156
9101718,motor_external,repeat,1,0.025,counterfactual,nonlinear,5,0.054817370928397155
9101718,motor_external,repeat,1,0.025,counterfactual,zero,5,0.06139188301656255
9101718,motor_external,repeat,1,0.025,early,action_blind,19,0.007940550611131364
9101718,motor_external,repeat,1,0.025,early,adaptive_nonlinear,19,0.009272086760562383
9101718,motor_external,repeat,1,0.025,early,knn_all,19,0.004267277350673327
9101718,motor_external,repeat,1,0.025,early,knn_recent,19,0.004267277350673327
9101718,motor_external,repeat,1,0.025,early,linear,19,0.030140493590147272
9101718,motor_external,repeat,1,0.025,early,nonlinear,19,0.009272086760562383
9101718,motor_external,repeat,1,0.025,early,zero,19,0.027182806725390554
9101718,motor_external,repeat,1,0.025,late,action_blind,35,0.002252657434327266
9101718,motor_external,repeat,1,0.025,late,adaptive_nonlinear,35,0.004406676598119545
9101718,motor_external,repeat,1,0.025,late,knn_all,35,0.0022902561850854227
9101718,motor_external,repeat,1,0.025,late,knn_recent,35,0.0022902561850854227
9101718,motor_external,repeat,1,0.025,late,linear,35,0.008418673540837723
9101718,motor_external,repeat,1,0.025,late,nonlinear,35,0.004406676598119545
9101718,motor_external,repeat,1,0.025,late,zero,35,0.01205624234226255
9101718,motor_external,repeat,1,0.025,pre,action_blind,35,0.0013461547399609907
9101718,motor_external,repeat,1,0.025,pre,adaptive_nonlinear,35,0.0014710797925724546
9101718,motor_external,repeat,1,0.025,pre,knn_all,35,0.0011540997826749693
9101718,motor_external,repeat,1,0.025,pre,knn_recent,35,0.0011540997826749693
9101718,motor_external,repeat,1,0.025,pre,linear,35,0.009494395400950017
9101718,motor_external,repeat,1,0.025,pre,nonlinear,35,0.0014710797925724546
9101718,motor_external,repeat,1,0.025,pre,zero,35,0.0013462506993701154
9101718,none,repeat,1,0.025,counterfactual,action_blind,5,0.04572129145567355
9101718,none,repeat,1,0.025,counterfactual,adaptive_nonlinear,5,0.04682390140995135
9101718,none,repeat,1,0.025,counterfactual,knn_all,5,0.04686334680222472
9101718,none,repeat,1,0.025,counterfactual,knn_recent,5,0.04686334680222472
9101718,none,repeat,1,0.025,counterfactual,linear,5,0.04732597020117241
9101718,none,repeat,1,0.025,counterfactual,nonlinear,5,0.04682390140995135
9101718,none,repeat,1,0.025,counterfactual,zero,5,0.046990306473135034
9101718,none,repeat,1,0.025,early,action_blind,19,0.001005012306924735
9101718,none,repeat,1,0.025,early,adaptive_nonlinear,19,0.0012300585427803539
9101718,none,repeat,1,0.025,early,knn_all,19,0.0009715951359720934
9101718,none,repeat,1,0.025,early,knn_recent,19,0.0009715951359720934
9101718,none,repeat,1,0.025,early,linear,19,0.0025220472604847452
9101718,none,repeat,1,0.025,early,nonlinear,19,0.0012300585427803539
9101718,none,repeat,1,0.025,early,zero,19,0.0011332106913315996
9101718,none,repeat,1,0.025,late,action_blind,35,0.001577312799056315
9101718,none,repeat,1,0.025,late,adaptive_nonlinear,35,0.001959574740946508
9101718,none,repeat,1,0.025,late,knn_all,35,0.001716980337502935
9101718,none,repeat,1,0.025,late,knn_recent,35,0.001716980337502935
9101718,none,repeat,1,0.025,late,linear,35,0.0026170881563129847
9101718,none,repeat,1,0.025,late,nonlinear,35,0.001959574740946508
9101718,none,repeat,1,0.025,late,zero,35,0.0018059147108745134
9101718,none,repeat,1,0.025,pre,action_blind,35,0.0013461547399609907
9101718,none,repeat,1,0.025,pre,adaptive_nonlinear,35,0.0014710797925724546
9101718,none,repeat,1,0.025,pre,knn_all,35,0.0011540997826749693
9101718,none,repeat,1,0.025,pre,knn_recent,35,0.0011540997826749693
9101718,none,repeat,1,0.025,pre,linear,35,0.009494395400950017
9101718,none,repeat,1,0.025,pre,nonlinear,35,0.0014710797925724546
9101718,none,repeat,1,0.025,pre,zero,35,0.0013462506993701154
9101718,sensor,repeat,1,0.025,counterfactual,action_blind,5,0.04615145331615789
9101718,sensor,repeat,1,0.025,counterfactual,adaptive_nonlinear,5,0.046769114546453314
9101718,sensor,repeat,1,0.025,counterfactual,knn_all,5,0.04686334680222472
9101718,sensor,repeat,1,0.025,counterfactual,knn_recent,5,0.04686334680222472
9101718,sensor,repeat,1,0.025,counterfactual,linear,5,0.04737336523694524
9101718,sensor,repeat,1,0.025,counterfactual,nonlinear,5,0.04679012010396888
9101718,sensor,repeat,1,0.025,counterfactual,zero,5,0.046990306473135034
9101718,sensor,repeat,1,0.025,early,action_blind,19,0.0011171968688282012
9101718,sensor,repeat,1,0.025,early,adaptive_nonlinear,19,0.0012282355882287112
9101718,sensor,repeat,1,0.025,early,knn_all,19,0.0009715951359720934
9101718,sensor,repeat,1,0.025,early,knn_recent,19,0.0009715951359720934
9101718,sensor,repeat,1,0.025,early,linear,19,0.0027845505421700317
9101718,sensor,repeat,1,0.025,early,nonlinear,19,0.001304539086987643
9101718,sensor,repeat,1,0.025,early,zero,19,0.0011332106913315996
9101718,sensor,repeat,1,0.025,late,action_blind,35,0.001575772942112302
9101718,sensor,repeat,1,0.025,late,adaptive_nonlinear,35,0.0017263587921554392
9101718,sensor,repeat,1,0.025,late,knn_all,35,0.001716980337502935
9101718,sensor,repeat,1,0.025,late,knn_recent,35,0.001716980337502935
9101718,sensor,repeat,1,0.025,late,linear,35,0.002708379656697819
9101718,sensor,repeat,1,0.025,late,nonlinear,35,0.0017579989241499245
9101718,sensor,repeat,1,0.025,late,zero,35,0.0018059147108745134
9101718,sensor,repeat,1,0.025,pre,action_blind,35,0.0013461547399609907
9101718,sensor,repeat,1,0.025,pre,adaptive_nonlinear,35,0.0014710797925724546
9101718,sensor,repeat,1,0.025,pre,knn_all,35,0.0011540997826749693
9101718,sensor,repeat,1,0.025,pre,knn_recent,35,0.0011540997826749693
9101718,sensor,repeat,1,0.025,pre,linear,35,0.009494395400950017
9101718,sensor,repeat,1,0.025,pre,nonlinear,35,0.0014710797925724546
9101718,sensor,repeat,1,0.025,pre,zero,35,0.0013462506993701154
9101718,unknown_nonlinear,repeat,1,0.025,counterfactual,action_blind,5,0.038726353142161205
9101718,unknown_nonlinear,repeat,1,0.025,counterfactual,adaptive_nonlinear,5,0.039491143640397984
9101718,unknown_nonlinear,repeat,1,0.025,counterfactual,knn_all,5,0.039750097949671034
9101718,unknown_nonlinear,repeat,1,0.025,counterfactual,knn_recent,5,0.039750097949671034
9101718,unknown_nonlinear,repeat,1,0.025,counterfactual,linear,5,0.04042443543017431
9101718,unknown_nonlinear,repeat,1,0.025,counterfactual,nonlinear,5,0.039491143640397984
9101718,unknown_nonlinear,repeat,1,0.025,counterfactual,zero,5,0.039805444559986074
9101718,unknown_nonlinear,repeat,1,0.025,early,action_blind,19,0.00094251170879232
9101718,unknown_nonlinear,repeat,1,0.025,early,adaptive_nonlinear,19,0.001051238659365579
9101718,unknown_nonlinear,repeat,1,0.025,early,knn_all,19,0.0009872391885327263
9101718,unknown_nonlinear,repeat,1,0.025,early,knn_recent,19,0.0009872391885327263
9101718,unknown_nonlinear,repeat,1,0.025,early,linear,19,0.0026508450445061433
9101718,unknown_nonlinear,repeat,1,0.025,early,nonlinear,19,0.001051238659365579
9101718,unknown_nonlinear,repeat,1,0.025,early,zero,19,0.0009085031097391496
9101718,unknown_nonlinear,repeat,1,0.025,late,action_blind,35,0.0015241093022840759
9101718,unknown_nonlinear,repeat,1,0.025,late,adaptive_nonlinear,35,0.0016631157143706782
9101718,unknown_nonlinear,repeat,1,0.025,late,knn_all,35,0.0016454731074432866
9101718,unknown_nonlinear,repeat,1,0.025,late,knn_recent,35,0.0016454731074432866
9101718,unknown_nonlinear,repeat,1,0.025,late,linear,35,0.002232727079336485
9101718,unknown_nonlinear,repeat,1,0.025,late,nonlinear,35,0.0016631157143706782
9101718,unknown_nonlinear,repeat,1,0.025,late,zero,35,0.0015593452215625356
9101718,unknown_nonlinear,repeat,1,0.025,pre,action_blind,35,0.0013461547399609907
9101718,unknown_nonlinear,repeat,1,0.025,pre,adaptive_nonlinear,35,0.0014710797925724546
9101718,unknown_nonlinear,repeat,1,0.025,pre,knn_all,35,0.0011540997826749693
9101718,unknown_nonlinear,repeat,1,0.025,pre,knn_recent,35,0.0011540997826749693
9101718,unknown_nonlinear,repeat,1,0.025,pre,linear,35,0.009494395400950017
9101718,unknown_nonlinear,repeat,1,0.025,pre,nonlinear,35,0.0014710797925724546
9101718,unknown_nonlinear,repeat,1,0.025,pre,zero,35,0.0013462506993701154
9101819,external,repeat,1,0.025,counterfactual,action_blind,5,0.04206841208171312
9101819,external,repeat,1,0.025,counterfactual,adaptive_nonlinear,5,0.041606624141553444
9101819,external,repeat,1,0.025,counterfactual,knn_all,5,0.041146146439410614
9101819,external,repeat,1,0.025,counterfactual,knn_recent,5,0.0411581947897085
9101819,external,repeat,1,0.025,counterfactual,linear,5,0.042825025101111344
9101819,external,repeat,1,0.025,counterfactual,nonlinear,5,0.041606624141553444
9101819,external,repeat,1,0.025,counterfactual,zero,5,0.041306624726053856
9101819,external,repeat,1,0.025,early,action_blind,19,0.0016019005561778974
9101819,external,repeat,1,0.025,early,adaptive_nonlinear,19,0.0016200426008210714
9101819,external,repeat,1,0.025,early,knn_all,19,0.0016504044800206355
9101819,external,repeat,1,0.025,early,knn_recent,19,0.0016067444235076307
9101819,external,repeat,1,0.025,early,linear,19,0.0033007295077057495
9101819,external,repeat,1,0.025,early,nonlinear,19,0.0016200426008210714
9101819,external,repeat,1,0.025,early,zero,19,0.0014716732139817385
9101819,external,repeat,1,0.025,late,action_blind,35,0.001258004232273264
9101819,external,repeat,1,0.025,late,adaptive_nonlinear,35,0.0012891632064705896
9101819,external,repeat,1,0.025,late,knn_all,35,0.001240563634960273
9101819,external,repeat,1,0.025,late,knn_recent,35,0.0011015137389462871
9101819,external,repeat,1,0.025,late,linear,35,0.0018328890893560953
9101819,external,repeat,1,0.025,late,nonlinear,35,0.0012891632064705896
9101819,external,repeat,1,0.025,late,zero,35,0.0012295175395781693
9101819,external,repeat,1,0.025,pre,action_blind,35,0.0015557985818218365
9101819,external,repeat,1,0.025,pre,adaptive_nonlinear,35,0.0016466353160291122
9101819,external,repeat,1,0.025,pre,knn_all,35,0.001561536279749442
9101819,external,repeat,1,0.025,pre,knn_recent,35,0.001561536279749442
9101819,external,repeat,1,0.025,pre,linear,35,0.008375767230390064
9101819,external,repeat,1,0.025,pre,nonlinear,35,0.0016466353160291122
9101819,external,repeat,1,0.025,pre,zero,35,0.0017238137015116708
9101819,motor,repeat,1,0.025,counterfactual,action_blind,5,0.054777773428098774
9101819,motor,repeat,1,0.025,counterfactual,adaptive_nonlinear,5,0.05399048341047709
9101819,motor,repeat,1,0.025,counterfactual,knn_all,5,0.054077335839186905
9101819,motor,repeat,1,0.025,counterfactual,knn_recent,5,0.054077335839186905
9101819,motor,repeat,1,0.025,counterfactual,linear,5,0.05424447532117553
9101819,motor,repeat,1,0.025,counterfactual,nonlinear,5,0.05395622080680078
9101819,motor,repeat,1,0.025,counterfactual,zero,5,0.053887502229545595
9101819,motor,repeat,1,0.025,early,action_blind,19,0.022348501072076248
9101819,motor,repeat,1,0.025,early,adaptive_nonlinear,19,0.021860082532322758
9101819,motor,repeat,1,0.025,early,knn_all,19,0.010809237674545778
9101819,motor,repeat,1,0.025,early,knn_recent,19,0.010809237674545778
9101819,motor,repeat,1,0.025,early,linear,19,0.016249340918284155
9101819,motor,repeat,1,0.025,early,nonlinear,19,0.02355243136986312
9101819,motor,repeat,1,0.025,early,zero,19,0.013889888467486596
9101819,motor,repeat,1,0.025,late,action_blind,35,0.001584281472836696
9101819,motor,repeat,1,0.025,late,adaptive_nonlinear,35,0.0016267289426967395
9101819,motor,repeat,1,0.025,late,knn_all,35,0.0014490394763435083
9101819,motor,repeat,1,0.025,late,knn_recent,35,0.0014490394763435083
9101819,motor,repeat,1,0.025,late,linear,35,0.003218528957849661
9101819,motor,repeat,1,0.025,late,nonlinear,35,0.001673344448290253
9101819,motor,repeat,1,0.025,late,zero,35,0.0015229569056159362
9101819,motor,repeat,1,0.025,pre,action_blind,35,0.0015557985818218365
9101819,motor,repeat,1,0.025,pre,adaptive_nonlinear,35,0.0016466353160291122
9101819,motor,repeat,1,0.025,pre,knn_all,35,0.001561536279749442
9101819,motor,repeat,1,0.025,pre,knn_recent,35,0.001561536279749442
9101819,motor,repeat,1,0.025,pre,linear,35,0.008375767230390064
9101819,motor,repeat,1,0.025,pre,nonlinear,35,0.0016466353160291122
9101819,motor,repeat,1,0.025,pre,zero,35,0.0017238137015116708
9101819,motor_external,repeat,1,0.025,counterfactual,action_blind,5,0.04232622409955777
9101819,motor_external,repeat,1,0.025,counterfactual,adaptive_nonlinear,5,0.01338676768530816
9101819,motor_external,repeat,1,0.025,counterfactual,knn_all,5,0.009201579657024117
9101819,motor_external,repeat,1,0.025,counterfactual,knn_recent,5,0.009201579657024117
9101819,motor_external,repeat,1,0.025,counterfactual,linear,5,0.008969900194107091
9101819,motor_external,repeat,1,0.025,counterfactual,nonlinear,5,0.01338676768530816
9101819,motor_external,repeat,1,0.025,counterfactual,zero,5,0.0075118752489457975
9101819,motor_external,repeat,1,0.025,early,action_blind,19,0.011423817771750428
9101819,motor_external,repeat,1,0.025,early,adaptive_nonlinear,19,0.014271823152051439
9101819,motor_external,repeat,1,0.025,early,knn_all,19,0.006504818308718535
9101819,motor_external,repeat,1,0.025,early,knn_recent,19,0.006504818308718535
9101819,motor_external,repeat,1,0.025,early,linear,19,0.04430890889281803
9101819,motor_external,repeat,1,0.025,early,nonlinear,19,0.014271823152051439
9101819,motor_external,repeat,1,0.025,early,zero,19,0.047857691496229704
9101819,motor_external,repeat,1,0.025,late,action_blind,35,0.006749494533047982
9101819,motor_external,repeat,1,0.025,late,adaptive_nonlinear,35,0.00643835069855401
9101819,motor_external,repeat,1,0.025,late,knn_all,35,0.0028710212060810633
9101819,motor_external,repeat,1,0.025,late,knn_recent,35,0.0028710212060810633
9101819,motor_external,repeat,1,0.025,late,linear,35,0.007188953179411923
9101819,motor_external,repeat,1,0.025,late,nonlinear,35,0.00643835069855401
9101819,motor_external,repeat,1,0.025,late,zero,35,0.005586288101213028
9101819,motor_external,repeat,1,0.025,pre,action_blind,35,0.0015557985818218365
9101819,motor_external,repeat,1,0.025,pre,adaptive_nonlinear,35,0.0016466353160291122
9101819,motor_external,repeat,1,0.025,pre,knn_all,35,0.001561536279749442
9101819,motor_external,repeat,1,0.025,pre,knn_recent,35,0.001561536279749442
9101819,motor_external,repeat,1,0.025,pre,linear,35,0.008375767230390064
9101819,motor_external,repeat,1,0.025,pre,nonlinear,35,0.0016466353160291122
9101819,motor_external,repeat,1,0.025,pre,zero,35,0.0017238137015116708
9101819,none,repeat,1,0.025,counterfactual,action_blind,5,0.03827670579538459
9101819,none,repeat,1,0.025,counterfactual,adaptive_nonlinear,5,0.03875217823649403
9101819,none,repeat,1,0.025,counterfactual,knn_all,5,0.038290218721872965
9101819,none,repeat,1,0.025,counterfactual,knn_recent,5,0.038290218721872965
9101819,none,repeat,1,0.025,counterfactual,linear,5,0.03820818770067531
9101819,none,repeat,1,0.025,counterfactual,nonlinear,5,0.03875217823649403
9101819,none,repeat,1,0.025,counterfactual,zero,5,0.038339215606595346
9101819,none,repeat,1,0.025,early,action_blind,19,0.0015245497835797307
9101819,none,repeat,1,0.025,early,adaptive_nonlinear,19,0.0017290997786358875
9101819,none,repeat,1,0.025,early,knn_all,19,0.001641336289252677
9101819,none,repeat,1,0.025,early,knn_recent,19,0.001641336289252677
9101819,none,repeat,1,0.025,early,linear,19,0.0026894314475664773
9101819,none,repeat,1,0.025,early,nonlinear,19,0.0017290997786358875
9101819,none,repeat,1,0.025,early,zero,19,0.0015587694484062449
9101819,none,repeat,1,0.025,late,action_blind,35,0.0013238688275443757
9101819,none,repeat,1,0.025,late,adaptive_nonlinear,35,0.0016431779894047456
9101819,none,repeat,1,0.025,late,knn_all,35,0.0014383040846111816
9101819,none,repeat,1,0.025,late,knn_recent,35,0.0014383040846111816
9101819,none,repeat,1,0.025,late,linear,35,0.0017782596177017358
9101819,none,repeat,1,0.025,late,nonlinear,35,0.0016431779894047456
9101819,none,repeat,1,0.025,late,zero,35,0.0015418689807610584
9101819,none,repeat,1,0.025,pre,action_blind,35,0.0015557985818218365
9101819,none,repeat,1,0.025,pre,adaptive_nonlinear,35,0.0016466353160291122
9101819,none,repeat,1,0.025,pre,knn_all,35,0.001561536279749442
9101819,none,repeat,1,0.025,pre,knn_recent,35,0.001561536279749442
9101819,none,repeat,1,0.025,pre,linear,35,0.008375767230390064
9101819,none,repeat,1,0.025,pre,nonlinear,35,0.0016466353160291122
9101819,none,repeat,1,0.025,pre,zero,35,0.0017238137015116708
9101819,sensor,repeat,1,0.025,counterfactual,action_blind,5,0.03823166962399433
9101819,sensor,repeat,1,0.025,counterfactual,adaptive_nonlinear,5,0.03854791440501533
9101819,sensor,repeat,1,0.025,counterfactual,knn_all,5,0.038290218721872965
9101819,sensor,repeat,1,0.025,counterfactual,knn_recent,5,0.038290218721872965
9101819,sensor,repeat,1,0.025,counterfactual,linear,5,0.03814697128321029
9101819,sensor,repeat,1,0.025,counterfactual,nonlinear,5,0.03859734765026916
9101819,sensor,repeat,1,0.025,counterfactual,zero,5,0.038339215606595346
9101819,sensor,repeat,1,0.025,early,action_blind,19,0.0015472122200534829
9101819,sensor,repeat,1,0.025,early,adaptive_nonlinear,19,0.0016438078374597948
9101819,sensor,repeat,1,0.025,early,knn_all,19,0.001641336289252677
9101819,sensor,repeat,1,0.025,early,knn_recent,19,0.001641336289252677
9101819,sensor,repeat,1,0.025,early,linear,19,0.0028982910069328856
9101819,sensor,repeat,1,0.025,early,nonlinear,19,0.0016978258064660912
9101819,sensor,repeat,1,0.025,early,zero,19,0.0015587694484062449
9101819,sensor,repeat,1,0.025,late,action_blind,35,0.0012940499075188685
9101819,sensor,repeat,1,0.025,late,adaptive_nonlinear,35,0.0014522546580194049
9101819,sensor,repeat,1,0.025,late,knn_all,35,0.0014383040846111816
9101819,sensor,repeat,1,0.025,late,knn_recent,35,0.0014383040846111816
9101819,sensor,repeat,1,0.025,late,linear,35,0.0018515411151419439
9101819,sensor,repeat,1,0.025,late,nonlinear,35,0.0014823672228517655
9101819,sensor,repeat,1,0.025,late,zero,35,0.0015418689807610584
9101819,sensor,repeat,1,0.025,pre,action_blind,35,0.0015557985818218365
9101819,sensor,repeat,1,0.025,pre,adaptive_nonlinear,35,0.0016466353160291122
9101819,sensor,repeat,1,0.025,pre,knn_all,35,0.001561536279749442
9101819,sensor,repeat,1,0.025,pre,knn_recent,35,0.001561536279749442
9101819,sensor,repeat,1,0.025,pre,linear,35,0.008375767230390064
9101819,sensor,repeat,1,0.025,pre,nonlinear,35,0.0016466353160291122
9101819,sensor,repeat,1,0.025,pre,zero,35,0.0017238137015116708
9101819,unknown_nonlinear,repeat,1,0.025,counterfactual,action_blind,5,0.03274071660562494
9101819,unknown_nonlinear,repeat,1,0.025,counterfactual,adaptive_nonlinear,5,0.03326766919075467
9101819,unknown_nonlinear,repeat,1,0.025,counterfactual,knn_all,5,0.03333375683422379
9101819,unknown_nonlinear,repeat,1,0.025,counterfactual,knn_recent,5,0.03333375683422379
9101819,unknown_nonlinear,repeat,1,0.025,counterfactual,linear,5,0.03384156160346321
9101819,unknown_nonlinear,repeat,1,0.025,counterfactual,nonlinear,5,0.03326766919075467
9101819,unknown_nonlinear,repeat,1,0.025,counterfactual,zero,5,0.03330582749014185
9101819,unknown_nonlinear,repeat,1,0.025,early,action_blind,19,0.001451037785047936
9101819,unknown_nonlinear,repeat,1,0.025,early,adaptive_nonlinear,19,0.0015366709772795418
9101819,unknown_nonlinear,repeat,1,0.025,early,knn_all,19,0.0015271091335582316
9101819,unknown_nonlinear,repeat,1,0.025,early,knn_recent,19,0.0015271091335582316
9101819,unknown_nonlinear,repeat,1,0.025,early,linear,19,0.0028899267260826104
9101819,unknown_nonlinear,repeat,1,0.025,early,nonlinear,19,0.0015366709772795418
9101819,unknown_nonlinear,repeat,1,0.025,early,zero,19,0.0013666398968060506
9101819,unknown_nonlinear,repeat,1,0.025,late,action_blind,35,0.0012820316436090871
9101819,unknown_nonlinear,repeat,1,0.025,late,adaptive_nonlinear,35,0.0014437157171207997
9101819,unknown_nonlinear,repeat,1,0.025,late,knn_all,35,0.001378438176258755
9101819,unknown_nonlinear,repeat,1,0.025,late,knn_recent,35,0.001378438176258755
9101819,unknown_nonlinear,repeat,1,0.025,late,linear,35,0.0017250141453883407
9101819,unknown_nonlinear,repeat,1,0.025,late,nonlinear,35,0.0014437157171207997
9101819,unknown_nonlinear,repeat,1,0.025,late,zero,35,0.0012967390227706982
9101819,unknown_nonlinear,repeat,1,0.025,pre,action_blind,35,0.0015557985818218365
9101819,unknown_nonlinear,repeat,1,0.025,pre,adaptive_nonlinear,35,0.0016466353160291122
9101819,unknown_nonlinear,repeat,1,0.025,pre,knn_all,35,0.001561536279749442
9101819,unknown_nonlinear,repeat,1,0.025,pre,knn_recent,35,0.001561536279749442
9101819,unknown_nonlinear,repeat,1,0.025,pre,linear,35,0.008375767230390064
9101819,unknown_nonlinear,repeat,1,0.025,pre,nonlinear,35,0.0016466353160291122
9101819,unknown_nonlinear,repeat,1,0.025,pre,zero,35,0.0017238137015116708
9101920,external,repeat,1,0.025,counterfactual,action_blind,5,0.02464662448873035
9101920,external,repeat,1,0.025,counterfactual,adaptive_nonlinear,5,0.02119155962975847
9101920,external,repeat,1,0.025,counterfactual,knn_all,5,0.020411248214325356
9101920,external,repeat,1,0.025,counterfactual,knn_recent,5,0.020411248214325356
9101920,external,repeat,1,0.025,counterfactual,linear,5,0.023082796005050837
9101920,external,repeat,1,0.025,counterfactual,nonlinear,5,0.02119155962975847
9101920,external,repeat,1,0.025,counterfactual,zero,5,0.020412403902087938
9101920,external,repeat,1,0.025,early,action_blind,19,0.006619900968996402
9101920,external,repeat,1,0.025,early,adaptive_nonlinear,19,0.010871127760016119
9101920,external,repeat,1,0.025,early,knn_all,19,0.005115188669968438
9101920,external,repeat,1,0.025,early,knn_recent,19,0.005115188669968438
9101920,external,repeat,1,0.025,early,linear,19,0.01590536897601741
9101920,external,repeat,1,0.025,early,nonlinear,19,0.010871127760016119
9101920,external,repeat,1,0.025,early,zero,19,0.019697475070073328
9101920,external,repeat,1,0.025,late,action_blind,35,0.0015039293912091315
9101920,external,repeat,1,0.025,late,adaptive_nonlinear,35,0.001512796508704397
9101920,external,repeat,1,0.025,late,knn_all,35,0.0008773438243082047
9101920,external,repeat,1,0.025,late,knn_recent,35,0.0008811469604899408
9101920,external,repeat,1,0.025,late,linear,35,0.002982467075726583
9101920,external,repeat,1,0.025,late,nonlinear,35,0.001512796508704397
9101920,external,repeat,1,0.025,late,zero,35,0.0011339340238093116
9101920,external,repeat,1,0.025,pre,action_blind,35,0.0019601893051585284
9101920,external,repeat,1,0.025,pre,adaptive_nonlinear,35,0.0019867883213213924
9101920,external,repeat,1,0.025,pre,knn_all,35,0.0015492751941595755
9101920,external,repeat,1,0.025,pre,knn_recent,35,0.0015492751941595755
9101920,external,repeat,1,0.025,pre,linear,35,0.009912361521799728
9101920,external,repeat,1,0.025,pre,nonlinear,35,0.0019867883213213924
9101920,external,repeat,1,0.025,pre,zero,35,0.0017377014363960483
9101920,motor,repeat,1,0.025,counterfactual,action_blind,5,0.022315026913426024
9101920,motor,repeat,1,0.025,counterfactual,adaptive_nonlinear,5,0.02142047993330578
9101920,motor,repeat,1,0.025,counterfactual,knn_all,5,0.021380396795921484
9101920,motor,repeat,1,0.025,counterfactual,knn_recent,5,0.021380396795921484
9101920,motor,repeat,1,0.025,counterfactual,linear,5,0.022256879979171546
9101920,motor,repeat,1,0.025,counterfactual,nonlinear,5,0.02142047993330578
9101920,motor,repeat,1,0.025,counterfactual,zero,5,0.021351552224959068
9101920,motor,repeat,1,0.025,early,action_blind,19,0.012326448701594713
9101920,motor,repeat,1,0.025,early,adaptive_nonlinear,19,0.01463789003974903
9101920,motor,repeat,1,0.025,early,knn_all,19,0.007346456777668459
9101920,motor,repeat,1,0.025,early,knn_recent,19,0.007346456777668459
9101920,motor,repeat,1,0.025,early,linear,19,0.020246545756656083
9101920,motor,repeat,1,0.025,early,nonlinear,19,0.01463789003974903
9101920,motor,repeat,1,0.025,early,zero,19,0.02043745443397083
9101920,motor,repeat,1,0.025,late,action_blind,35,0.0014845350925382682
9101920,motor,repeat,1,0.025,late,adaptive_nonlinear,35,0.0015879811414719394
9101920,motor,repeat,1,0.025,late,knn_all,35,0.0013822265354345446
9101920,motor,repeat,1,0.025,late,knn_recent,35,0.0013822265354345446
9101920,motor,repeat,1,0.025,late,linear,35,0.0036599815779838223
9101920,motor,repeat,1,0.025,late,nonlinear,35,0.0015879811414719394
9101920,motor,repeat,1,0.025,late,zero,35,0.001438881991108629
9101920,motor,repeat,1,0.025,pre,action_blind,35,0.0019601893051585284
9101920,motor,repeat,1,0.025,pre,adaptive_nonlinear,35,0.0019867883213213924
9101920,motor,repeat,1,0.025,pre,knn_all,35,0.0015492751941595755
9101920,motor,repeat,1,0.025,pre,knn_recent,35,0.0015492751941595755
9101920,motor,repeat,1,0.025,pre,linear,35,0.009912361521799728
9101920,motor,repeat,1,0.025,pre,nonlinear,35,0.0019867883213213924
9101920,motor,repeat,1,0.025,pre,zero,35,0.0017377014363960483
9101920,motor_external,repeat,1,0.025,counterfactual,action_blind,5,0.03920519398915967
9101920,motor_external,repeat,1,0.025,counterfactual,adaptive_nonlinear,5,0.046484988197497634
9101920,motor_external,repeat,1,0.025,counterfactual,knn_all,5,0.04788034135371848
9101920,motor_external,repeat,1,0.025,counterfactual,knn_recent,5,0.04788034135371848
9101920,motor_external,repeat,1,0.025,counterfactual,linear,5,0.048106074903824035
9101920,motor_external,repeat,1,0.025,counterfactual,nonlinear,5,0.04626247486424499
9101920,motor_external,repeat,1,0.025,counterfactual,zero,5,0.050189682337982655
9101920,motor_external,repeat,1,0.025,early,action_blind,19,0.01892086041025871
9101920,motor_external,repeat,1,0.025,early,adaptive_nonlinear,19,0.017869085175012643
9101920,motor_external,repeat,1,0.025,early,knn_all,19,0.011652810417047379
9101920,motor_external,repeat,1,0.025,early,knn_recent,19,0.011652810417047379
9101920,motor_external,repeat,1,0.025,early,linear,19,0.03423309888137961
9101920,motor_external,repeat,1,0.025,early,nonlinear,19,0.017989841764631576
9101920,motor_external,repeat,1,0.025,early,zero,19,0.027703217138517235
9101920,motor_external,repeat,1,0.025,late,action_blind,35,0.0016882054141219617
9101920,motor_external,repeat,1,0.025,late,adaptive_nonlinear,35,0.0059369016618057435
9101920,motor_external,repeat,1,0.025,late,knn_all,35,0.0016169682031497376
9101920,motor_external,repeat,1,0.025,late,knn_recent,35,0.0016169682031497376
9101920,motor_external,repeat,1,0.025,late,linear,35,0.007044328285925081
9101920,motor_external,repeat,1,0.025,late,nonlinear,35,0.005821451149106534
9101920,motor_external,repeat,1,0.025,late,zero,35,0.010874970706826005
9101920,motor_external,repeat,1,0.025,pre,action_blind,35,0.0019601893051585284
9101920,motor_external,repeat,1,0.025,pre,adaptive_nonlinear,35,0.0019867883213213924
9101920,motor_external,repeat,1,0.025,pre,knn_all,35,0.0015492751941595755
9101920,motor_external,repeat,1,0.025,pre,knn_recent,35,0.0015492751941595755
9101920,motor_external,repeat,1,0.025,pre,linear,35,0.009912361521799728
9101920,motor_external,repeat,1,0.025,pre,nonlinear,35,0.0019867883213213924
9101920,motor_external,repeat,1,0.025,pre,zero,35,0.0017377014363960483
9101920,none,repeat,1,0.025,counterfactual,action_blind,5,0.027969648848174655
9101920,none,repeat,1,0.025,counterfactual,adaptive_nonlinear,5,0.028857389270872565
9101920,none,repeat,1,0.025,counterfactual,knn_all,5,0.028385824124425675
9101920,none,repeat,1,0.025,counterfactual,knn_recent,5,0.028385824124425675
9101920,none,repeat,1,0.025,counterfactual,linear,5,0.028079380707748937
9101920,none,repeat,1,0.025,counterfactual,nonlinear,5,0.028857389270872565
9101920,none,repeat,1,0.025,counterfactual,zero,5,0.028405316941810255
9101920,none,repeat,1,0.025,early,action_blind,19,0.0016107204104716698
9101920,none,repeat,1,0.025,early,adaptive_nonlinear,19,0.0018782415650888604
9101920,none,repeat,1,0.025,early,knn_all,19,0.0017544126219409437
9101920,none,repeat,1,0.025,early,knn_recent,19,0.0017544126219409437
9101920,none,repeat,1,0.025,early,linear,19,0.003189838493595207
9101920,none,repeat,1,0.025,early,nonlinear,19,0.0018782415650888604
9101920,none,repeat,1,0.025,early,zero,19,0.0017044442702022807
9101920,none,repeat,1,0.025,late,action_blind,35,0.0012575475660387512
9101920,none,repeat,1,0.025,late,adaptive_nonlinear,35,0.0016015450376791294
9101920,none,repeat,1,0.025,late,knn_all,35,0.0013511065942235165
9101920,none,repeat,1,0.025,late,knn_recent,35,0.0013511065942235165
9101920,none,repeat,1,0.025,late,linear,35,0.0018438617674403368
9101920,none,repeat,1,0.025,late,nonlinear,35,0.0016015450376791294
9101920,none,repeat,1,0.025,late,zero,35,0.0013762841131987607
9101920,none,repeat,1,0.025,pre,action_blind,35,0.0019601893051585284
9101920,none,repeat,1,0.025,pre,adaptive_nonlinear,35,0.0019867883213213924
9101920,none,repeat,1,0.025,pre,knn_all,35,0.0015492751941595755
9101920,none,repeat,1,0.025,pre,knn_recent,35,0.0015492751941595755
9101920,none,repeat,1,0.025,pre,linear,35,0.009912361521799728
9101920,none,repeat,1,0.025,pre,nonlinear,35,0.0019867883213213924
9101920,none,repeat,1,0.025,pre,zero,35,0.0017377014363960483
9101920,sensor,repeat,1,0.025,counterfactual,action_blind,5,0.028130515280267037
9101920,sensor,repeat,1,0.025,counterfactual,adaptive_nonlinear,5,0.028705153663409616
9101920,sensor,repeat,1,0.025,counterfactual,knn_all,5,0.028385824124425668
9101920,sensor,repeat,1,0.025,counterfactual,knn_recent,5,0.028385824124425668
9101920,sensor,repeat,1,0.025,counterfactual,linear,5,0.028023548044167977
9101920,sensor,repeat,1,0.025,counterfactual,nonlinear,5,0.02875427575184931
9101920,sensor,repeat,1,0.025,counterfactual,zero,5,0.028405316941810255
9101920,sensor,repeat,1,0.025,early,action_blind,19,0.001738827198272085
9101920,sensor,repeat,1,0.025,early,adaptive_nonlinear,19,0.0021340916009467913
9101920,sensor,repeat,1,0.025,early,knn_all,19,0.0017544126219409444
9101920,sensor,repeat,1,0.025,early,knn_recent,19,0.0017544126219409444
9101920,sensor,repeat,1,0.025,early,linear,19,0.003068430270611583
9101920,sensor,repeat,1,0.025,early,nonlinear,19,0.002181563314430337
9101920,sensor,repeat,1,0.025,early,zero,19,0.001704444270202281
9101920,sensor,repeat,1,0.025,late,action_blind,35,0.0012364929758263208
9101920,sensor,repeat,1,0.025,late,adaptive_nonlinear,35,0.001458733184678729
9101920,sensor,repeat,1,0.025,late,knn_all,35,0.001351106594223518
9101920,sensor,repeat,1,0.025,late,knn_recent,35,0.001351106594223518
9101920,sensor,repeat,1,0.025,late,linear,35,0.001781126928759861
9101920,sensor,repeat,1,0.025,late,nonlinear,35,0.0014970001181665523
9101920,sensor,repeat,1,0.025,late,zero,35,0.001376284113198762
9101920,sensor,repeat,1,0.025,pre,action_blind,35,0.0019601893051585284
9101920,sensor,repeat,1,0.025,pre,adaptive_nonlinear,35,0.0019867883213213924
9101920,sensor,repeat,1,0.025,pre,knn_all,35,0.0015492751941595755
9101920,sensor,repeat,1,0.025,pre,knn_recent,35,0.0015492751941595755
9101920,sensor,repeat,1,0.025,pre,linear,35,0.009912361521799728
9101920,sensor,repeat,1,0.025,pre,nonlinear,35,0.0019867883213213924
9101920,sensor,repeat,1,0.025,pre,zero,35,0.0017377014363960483
9101920,unknown_nonlinear,repeat,1,0.025,counterfactual,action_blind,5,0.03050477780330203
9101920,unknown_nonlinear,repeat,1,0.025,counterfactual,adaptive_nonlinear,5,0.0307394246033846
9101920,unknown_nonlinear,repeat,1,0.025,counterfactual,knn_all,5,0.03003945083262405
9101920,unknown_nonlinear,repeat,1,0.025,counterfactual,knn_recent,5,0.03003945083262405
9101920,unknown_nonlinear,repeat,1,0.025,counterfactual,linear,5,0.03052080075578966
9101920,unknown_nonlinear,repeat,1,0.025,counterfactual,nonlinear,5,0.0307394246033846
9101920,unknown_nonlinear,repeat,1,0.025,counterfactual,zero,5,0.030058943650008628
9101920,unknown_nonlinear,repeat,1,0.025,early,action_blind,19,0.0016107204104716698
9101920,unknown_nonlinear,repeat,1,0.025,early,adaptive_nonlinear,19,0.0018782415650888604
9101920,unknown_nonlinear,repeat,1,0.025,early,knn_all,19,0.0017544126219409437
9101920,unknown_nonlinear,repeat,1,0.025,early,knn_recent,19,0.0017544126219409437
9101920,unknown_nonlinear,repeat,1,0.025,early,linear,19,0.003189838493595207
9101920,unknown_nonlinear,repeat,1,0.025,early,nonlinear,19,0.0018782415650888604
9101920,unknown_nonlinear,repeat,1,0.025,early,zero,19,0.0017044442702022807
9101920,unknown_nonlinear,repeat,1,0.025,late,action_blind,35,0.0012575475660387512
9101920,unknown_nonlinear,repeat,1,0.025,late,adaptive_nonlinear,35,0.0016015450376791294
9101920,unknown_nonlinear,repeat,1,0.025,late,knn_all,35,0.0013511065942235165
9101920,unknown_nonlinear,repeat,1,0.025,late,knn_recent,35,0.0013511065942235165
9101920,unknown_nonlinear,repeat,1,0.025,late,linear,35,0.0018438617674403368
9101920,unknown_nonlinear,repeat,1,0.025,late,nonlinear,35,0.0016015450376791294
9101920,unknown_nonlinear,repeat,1,0.025,late,zero,35,0.0013762841131987607
9101920,unknown_nonlinear,repeat,1,0.025,pre,action_blind,35,0.0019601893051585284
9101920,unknown_nonlinear,repeat,1,0.025,pre,adaptive_nonlinear,35,0.0019867883213213924
9101920,unknown_nonlinear,repeat,1,0.025,pre,knn_all,35,0.0015492751941595755
9101920,unknown_nonlinear,repeat,1,0.025,pre,knn_recent,35,0.0015492751941595755
9101920,unknown_nonlinear,repeat,1,0.025,pre,linear,35,0.009912361521799728
9101920,unknown_nonlinear,repeat,1,0.025,pre,nonlinear,35,0.0019867883213213924
9101920,unknown_nonlinear,repeat,1,0.025,pre,zero,35,0.0017377014363960483
9102021,external,repeat,1,0.025,counterfactual,action_blind,5,0.014764577146243463
9102021,external,repeat,1,0.025,counterfactual,adaptive_nonlinear,5,0.015746360636004302
9102021,external,repeat,1,0.025,counterfactual,knn_all,5,0.01643135936006699
9102021,external,repeat,1,0.025,counterfactual,knn_recent,5,0.01643135936006699
9102021,external,repeat,1,0.025,counterfactual,linear,5,0.01647017056607681
9102021,external,repeat,1,0.025,counterfactual,nonlinear,5,0.015746360636004302
9102021,external,repeat,1,0.025,counterfactual,zero,5,0.0166716131247693
9102021,external,repeat,1,0.025,early,action_blind,19,0.0012138870107907286
9102021,external,repeat,1,0.025,early,adaptive_nonlinear,19,0.0017027297536436582
9102021,external,repeat,1,0.025,early,knn_all,19,0.0012402790692619447
9102021,external,repeat,1,0.025,early,knn_recent,19,0.0012402790692619447
9102021,external,repeat,1,0.025,early,linear,19,0.002417014812975536
9102021,external,repeat,1,0.025,early,nonlinear,19,0.0017027297536436582
9102021,external,repeat,1,0.025,early,zero,19,0.0016363137145235475
9102021,external,repeat,1,0.025,late,action_blind,35,0.0014279576009948102
9102021,external,repeat,1,0.025,late,adaptive_nonlinear,35,0.0019642705236924455
9102021,external,repeat,1,0.025,late,knn_all,35,0.0015759274344122783
9102021,external,repeat,1,0.025,late,knn_recent,35,0.0015759274344122783
9102021,external,repeat,1,0.025,late,linear,35,0.0018786782692637434
9102021,external,repeat,1,0.025,late,nonlinear,35,0.0019642705236924455
9102021,external,repeat,1,0.025,late,zero,35,0.0018476377977636818
9102021,external,repeat,1,0.025,pre,action_blind,35,0.0017069086576331377
9102021,external,repeat,1,0.025,pre,adaptive_nonlinear,35,0.0019979357307493817
9102021,external,repeat,1,0.025,pre,knn_all,35,0.0017751975289548023
9102021,external,repeat,1,0.025,pre,knn_recent,35,0.0017751975289548023
9102021,external,repeat,1,0.025,pre,linear,35,0.008361295464836821
9102021,external,repeat,1,0.025,pre,nonlinear,35,0.0019979357307493817
9102021,external,repeat,1,0.025,pre,zero,35,0.001932352121882175
9102021,motor,repeat,1,0.025,counterfactual,action_blind,5,0.06365640196752789
9102021,motor,repeat,1,0.025,counterfactual,adaptive_nonlinear,5,0.061943702353912444
9102021,motor,repeat,1,0.025,counterfactual,knn_all,5,0.060176621296259135
9102021,motor,repeat,1,0.025,counterfactual,knn_recent,5,0.060176621296259135
9102021,motor,repeat,1,0.025,counterfactual,linear,5,0.06303012958137195
9102021,motor,repeat,1,0.025,counterfactual,nonlinear,5,0.061943702353912444
9102021,motor,repeat,1,0.025,counterfactual,zero,5,0.060173498720569374
9102021,motor,repeat,1,0.025,early,action_blind,19,0.027249388336312255
9102021,motor,repeat,1,0.025,early,adaptive_nonlinear,19,0.03808770112018019
9102021,motor,repeat,1,0.025,early,knn_all,19,0.021679688564324905
9102021,motor,repeat,1,0.025,early,knn_recent,19,0.013456331423587325
9102021,motor,repeat,1,0.025,early,linear,19,0.05140958470972294
9102021,motor,repeat,1,0.025,early,nonlinear,19,0.03808770112018019
9102021,motor,repeat,1,0.025,early,zero,19,0.059658447049837825
9102021,motor,repeat,1,0.025,late,action_blind,35,0.0021679022788942404
9102021,motor,repeat,1,0.025,late,adaptive_nonlinear,35,0.0024954827993373683
9102021,motor,repeat,1,0.025,late,knn_all,35,0.0016743590241053111
9102021,motor,repeat,1,0.025,late,knn_recent,35,0.0016743590241053111
9102021,motor,repeat,1,0.025,late,linear,35,0.0037258335323587894
9102021,motor,repeat,1,0.025,late,nonlinear,35,0.0024954827993373683
9102021,motor,repeat,1,0.025,late,zero,35,0.0017380963560359502
9102021,motor,repeat,1,0.025,pre,action_blind,35,0.0017069086576331377
9102021,motor,repeat,1,0.025,pre,adaptive_nonlinear,35,0.0019979357307493817
9102021,motor,repeat,1,0.025,pre,knn_all,35,0.0017751975289548023
9102021,motor,repeat,1,0.025,pre,knn_recent,35,0.0017751975289548023
9102021,motor,repeat,1,0.025,pre,linear,35,0.008361295464836821
9102021,motor,repeat,1,0.025,pre,nonlinear,35,0.0019979357307493817
9102021,motor,repeat,1,0.025,pre,zero,35,0.001932352121882175
9102021,motor_external,repeat,1,0.025,counterfactual,action_blind,5,0.03589836869872866
9102021,motor_external,repeat,1,0.025,counterfactual,adaptive_nonlinear,5,0.03361563551910307
9102021,motor_external,repeat,1,0.025,counterfactual,knn_all,5,0.03186863614687432
9102021,motor_external,repeat,1,0.025,counterfactual,knn_recent,5,0.03186863614687432
9102021,motor_external,repeat,1,0.025,counterfactual,linear,5,0.03487486161641926
9102021,motor_external,repeat,1,0.025,counterfactual,nonlinear,5,0.03361563551910307
9102021,motor_external,repeat,1,0.025,counterfactual,zero,5,0.03206371596440037
9102021,motor_external,repeat,1,0.025,early,action_blind,19,0.025756658947568734
9102021,motor_external,repeat,1,0.025,early,adaptive_nonlinear,19,0.03719552061319133
9102021,motor_external,repeat,1,0.025,early,knn_all,19,0.019945631785594626
9102021,motor_external,repeat,1,0.025,early,knn_recent,19,0.012711314679602551
9102021,motor_external,repeat,1,0.025,early,linear,19,0.05025924964208367
9102021,motor_external,repeat,1,0.025,early,nonlinear,19,0.03719552061319133
9102021,motor_external,repeat,1,0.025,early,zero,19,0.05849064891974585
9102021,motor_external,repeat,1,0.025,late,action_blind,35,0.0013867478645877853
9102021,motor_external,repeat,1,0.025,late,adaptive_nonlinear,35,0.0019967099799139475
9102021,motor_external,repeat,1,0.025,late,knn_all,35,0.0009166784575538545
9102021,motor_external,repeat,1,0.025,late,knn_recent,35,0.0009224588548505021
9102021,motor_external,repeat,1,0.025,late,linear,35,0.0029638127386468777
9102021,motor_external,repeat,1,0.025,late,nonlinear,35,0.0019967099799139475
9102021,motor_external,repeat,1,0.025,late,zero,35,0.001280673781894382
9102021,motor_external,repeat,1,0.025,pre,action_blind,35,0.0017069086576331377
9102021,motor_external,repeat,1,0.025,pre,adaptive_nonlinear,35,0.0019979357307493817
9102021,motor_external,repeat,1,0.025,pre,knn_all,35,0.0017751975289548023
9102021,motor_external,repeat,1,0.025,pre,knn_recent,35,0.0017751975289548023
9102021,motor_external,repeat,1,0.025,pre,linear,35,0.008361295464836821
9102021,motor_external,repeat,1,0.025,pre,nonlinear,35,0.0019979357307493817
9102021,motor_external,repeat,1,0.025,pre,zero,35,0.001932352121882175
9102021,none,repeat,1,0.025,counterfactual,action_blind,5,0.024900035747440718
9102021,none,repeat,1,0.025,counterfactual,adaptive_nonlinear,5,0.02598992653156082
9102021,none,repeat,1,0.025,counterfactual,knn_all,5,0.02670289466451705
9102021,none,repeat,1,0.025,counterfactual,knn_recent,5,0.02670289466451705
9102021,none,repeat,1,0.025,counterfactual,linear,5,0.027020152411368997
9102021,none,repeat,1,0.025,counterfactual,nonlinear,5,0.02598992653156082
9102021,none,repeat,1,0.025,counterfactual,zero,5,0.026837861448436535
9102021,none,repeat,1,0.025,early,action_blind,19,0.0011532198620989556
9102021,none,repeat,1,0.025,early,adaptive_nonlinear,19,0.001497250184849027
9102021,none,repeat,1,0.025,early,knn_all,19,0.0012634600014103101
9102021,none,repeat,1,0.025,early,knn_recent,19,0.0012634600014103101
9102021,none,repeat,1,0.025,early,linear,19,0.0024634395211871017
9102021,none,repeat,1,0.025,early,nonlinear,19,0.001497250184849027
9102021,none,repeat,1,0.025,early,zero,19,0.0013346110647395539
9102021,none,repeat,1,0.025,late,action_blind,35,0.0013874222853047778
9102021,none,repeat,1,0.025,late,adaptive_nonlinear,35,0.0018090155707656938
9102021,none,repeat,1,0.025,late,knn_all,35,0.0015776259593670075
9102021,none,repeat,1,0.025,late,knn_recent,35,0.0015776259593670075
9102021,none,repeat,1,0.025,late,linear,35,0.0018183864812409741
9102021,none,repeat,1,0.025,late,nonlinear,35,0.0018090155707656938
9102021,none,repeat,1,0.025,late,zero,35,0.0016375732373763185
9102021,none,repeat,1,0.025,pre,action_blind,35,0.0017069086576331377
9102021,none,repeat,1,0.025,pre,adaptive_nonlinear,35,0.0019979357307493817
9102021,none,repeat,1,0.025,pre,knn_all,35,0.0017751975289548023
9102021,none,repeat,1,0.025,pre,knn_recent,35,0.0017751975289548023
9102021,none,repeat,1,0.025,pre,linear,35,0.008361295464836821
9102021,none,repeat,1,0.025,pre,nonlinear,35,0.0019979357307493817
9102021,none,repeat,1,0.025,pre,zero,35,0.001932352121882175
9102021,sensor,repeat,1,0.025,counterfactual,action_blind,5,0.0240284282813863
9102021,sensor,repeat,1,0.025,counterfactual,adaptive_nonlinear,5,0.025833655907090892
9102021,sensor,repeat,1,0.025,counterfactual,knn_all,5,0.02670289466451705
9102021,sensor,repeat,1,0.025,counterfactual,knn_recent,5,0.02670289466451705
9102021,sensor,repeat,1,0.025,counterfactual,linear,5,0.026856989152371735
9102021,sensor,repeat,1,0.025,counterfactual,nonlinear,5,0.025843747832800596
9102021,sensor,repeat,1,0.025,counterfactual,zero,5,0.026837861448436535
9102021,sensor,repeat,1,0.025,early,action_blind,19,0.0011696916011446439
9102021,sensor,repeat,1,0.025,early,adaptive_nonlinear,19,0.0015473282396871776
9102021,sensor,repeat,1,0.025,early,knn_all,19,0.0014032789325383037
9102021,sensor,repeat,1,0.025,early,knn_recent,19,0.0014032789325383037
9102021,sensor,repeat,1,0.025,early,linear,19,0.0022183708964728034
9102021,sensor,repeat,1,0.025,early,nonlinear,19,0.0015468831154336136
9102021,sensor,repeat,1,0.025,early,zero,19,0.0013346110647395539
9102021,sensor,repeat,1,0.025,late,action_blind,35,0.0015318853147838288
9102021,sensor,repeat,1,0.025,late,adaptive_nonlinear,35,0.0020704900868849796
9102021,sensor,repeat,1,0.025,late,knn_all,35,0.0015776259593670075
9102021,sensor,repeat,1,0.025,late,knn_recent,35,0.0015776259593670075
9102021,sensor,repeat,1,0.025,late,linear,35,0.001738401795366997
9102021,sensor,repeat,1,0.025,late,nonlinear,35,0.0021334815370864816
9102021,sensor,repeat,1,0.025,late,zero,35,0.0016375732373763185
9102021,sensor,repeat,1,0.025,pre,action_blind,35,0.0017069086576331377
9102021,sensor,repeat,1,0.025,pre,adaptive_nonlinear,35,0.0019979357307493817
9102021,sensor,repeat,1,0.025,pre,knn_all,35,0.0017751975289548023
9102021,sensor,repeat,1,0.025,pre,knn_recent,35,0.0017751975289548023
9102021,sensor,repeat,1,0.025,pre,linear,35,0.008361295464836821
9102021,sensor,repeat,1,0.025,pre,nonlinear,35,0.0019979357307493817
9102021,sensor,repeat,1,0.025,pre,zero,35,0.001932352121882175
9102021,unknown_nonlinear,repeat,1,0.025,counterfactual,action_blind,5,0.03489189184526659
9102021,unknown_nonlinear,repeat,1,0.025,counterfactual,adaptive_nonlinear,5,0.03694620580673304
9102021,unknown_nonlinear,repeat,1,0.025,counterfactual,knn_all,5,0.03815070048836446
9102021,unknown_nonlinear,repeat,1,0.025,counterfactual,knn_recent,5,0.03815070048836446
9102021,unknown_nonlinear,repeat,1,0.025,counterfactual,linear,5,0.037627529599750874
9102021,unknown_nonlinear,repeat,1,0.025,counterfactual,nonlinear,5,0.03694620580673304
9102021,unknown_nonlinear,repeat,1,0.025,counterfactual,zero,5,0.038285667272283955
9102021,unknown_nonlinear,repeat,1,0.025,early,action_blind,19,0.0011532198620989556
9102021,unknown_nonlinear,repeat,1,0.025,early,adaptive_nonlinear,19,0.001497250184849027
9102021,unknown_nonlinear,repeat,1,0.025,early,knn_all,19,0.0012634600014103101
9102021,unknown_nonlinear,repeat,1,0.025,early,knn_recent,19,0.0012634600014103101
9102021,unknown_nonlinear,repeat,1,0.025,early,linear,19,0.0024634395211871017
9102021,unknown_nonlinear,repeat,1,0.025,early,nonlinear,19,0.001497250184849027
9102021,unknown_nonlinear,repeat,1,0.025,early,zero,19,0.0013346110647395539
9102021,unknown_nonlinear,repeat,1,0.025,late,action_blind,35,0.0013874222853047778
9102021,unknown_nonlinear,repeat,1,0.025,late,adaptive_nonlinear,35,0.0018090155707656938
9102021,unknown_nonlinear,repeat,1,0.025,late,knn_all,35,0.0015776259593670075
9102021,unknown_nonlinear,repeat,1,0.025,late,knn_recent,35,0.0015776259593670075
9102021,unknown_nonlinear,repeat,1,0.025,late,linear,35,0.0018183864812409741
9102021,unknown_nonlinear,repeat,1,0.025,late,nonlinear,35,0.0018090155707656938
9102021,unknown_nonlinear,repeat,1,0.025,late,zero,35,0.0016375732373763185
9102021,unknown_nonlinear,repeat,1,0.025,pre,action_blind,35,0.0017069086576331377
9102021,unknown_nonlinear,repeat,1,0.025,pre,adaptive_nonlinear,35,0.0019979357307493817
9102021,unknown_nonlinear,repeat,1,0.025,pre,knn_all,35,0.0017751975289548023
9102021,unknown_nonlinear,repeat,1,0.025,pre,knn_recent,35,0.0017751975289548023
9102021,unknown_nonlinear,repeat,1,0.025,pre,linear,35,0.008361295464836821
9102021,unknown_nonlinear,repeat,1,0.025,pre,nonlinear,35,0.0019979357307493817
9102021,unknown_nonlinear,repeat,1,0.025,pre,zero,35,0.001932352121882175
9102122,external,repeat,1,0.025,counterfactual,action_blind,5,0.005270533040377865
9102122,external,repeat,1,0.025,counterfactual,adaptive_nonlinear,5,0.004561947492999231
9102122,external,repeat,1,0.025,counterfactual,knn_all,5,0.003984456094573021
9102122,external,repeat,1,0.025,counterfactual,knn_recent,5,0.003984456094573021
9102122,external,repeat,1,0.025,counterfactual,linear,5,0.004991076183103835
9102122,external,repeat,1,0.025,counterfactual,nonlinear,5,0.004561947492999231
9102122,external,repeat,1,0.025,counterfactual,zero,5,0.004140600729346066
9102122,external,repeat,1,0.025,early,action_blind,19,0.007314935075668501
9102122,external,repeat,1,0.025,early,adaptive_nonlinear,19,0.00965295319663164
9102122,external,repeat,1,0.025,early,knn_all,19,0.005028304294204495
9102122,external,repeat,1,0.025,early,knn_recent,19,0.005028304294204495
9102122,external,repeat,1,0.025,early,linear,19,0.01111535536689061
9102122,external,repeat,1,0.025,early,nonlinear,19,0.00965295319663164
9102122,external,repeat,1,0.025,early,zero,19,0.01361201489333882
9102122,external,repeat,1,0.025,late,action_blind,35,0.001230158877419802
9102122,external,repeat,1,0.025,late,adaptive_nonlinear,35,0.0013733731568905335
9102122,external,repeat,1,0.025,late,knn_all,35,0.000797932821244471
9102122,external,repeat,1,0.025,late,knn_recent,35,0.0008336701343979496
9102122,external,repeat,1,0.025,late,linear,35,0.002392894918738058
9102122,external,repeat,1,0.025,late,nonlinear,35,0.0013733731568905335
9102122,external,repeat,1,0.025,late,zero,35,0.0010699764497534897
9102122,external,repeat,1,0.025,pre,action_blind,35,0.0016409318693715261
9102122,external,repeat,1,0.025,pre,adaptive_nonlinear,35,0.0019684568220558825
9102122,external,repeat,1,0.025,pre,knn_all,35,0.0017652161214897627
9102122,external,repeat,1,0.025,pre,knn_recent,35,0.0017652161214897627
9102122,external,repeat,1,0.025,pre,linear,35,0.006391458956243501
9102122,external,repeat,1,0.025,pre,nonlinear,35,0.0019684568220558825
9102122,external,repeat,1,0.025,pre,zero,35,0.0019928580423640057
9102122,motor,repeat,1,0.025,counterfactual,action_blind,5,0.06516409529323648
9102122,motor,repeat,1,0.025,counterfactual,adaptive_nonlinear,5,0.06370646318245499
9102122,motor,repeat,1,0.025,counterfactual,knn_all,5,0.06215114527331526
9102122,motor,repeat,1,0.025,counterfactual,knn_recent,5,0.06215114527331526
9102122,motor,repeat,1,0.025,counterfactual,linear,5,0.06500063579326845
9102122,motor,repeat,1,0.025,counterfactual,nonlinear,5,0.06370646318245499
9102122,motor,repeat,1,0.025,counterfactual,zero,5,0.06223112811221043
9102122,motor,repeat,1,0.025,early,action_blind,19,0.018553750590741
9102122,motor,repeat,1,0.025,early,adaptive_nonlinear,19,0.028292728110446703
9102122,motor,repeat,1,0.025,early,knn_all,19,0.01285286778178106
9102122,motor,repeat,1,0.025,early,knn_recent,19,0.01063033600213117
9102122,motor,repeat,1,0.025,early,linear,19,0.04758135678505796
9102122,motor,repeat,1,0.025,early,nonlinear,19,0.028292728110446703
9102122,motor,repeat,1,0.025,early,zero,19,0.05764574150740367
9102122,motor,repeat,1,0.025,late,action_blind,35,0.0017167476816601418
9102122,motor,repeat,1,0.025,late,adaptive_nonlinear,35,0.001904916509467621
9102122,motor,repeat,1,0.025,late,knn_all,35,0.0013419830380379276
9102122,motor,repeat,1,0.025,late,knn_recent,35,0.0013419830380379276
9102122,motor,repeat,1,0.025,late,linear,35,0.003284647959352619
9102122,motor,repeat,1,0.025,late,nonlinear,35,0.001904916509467621
9102122,motor,repeat,1,0.025,late,zero,35,0.0013969811501822066
9102122,motor,repeat,1,0.025,pre,action_blind,35,0.0016409318693715261
9102122,motor,repeat,1,0.025,pre,adaptive_nonlinear,35,0.0019684568220558825
9102122,motor,repeat,1,0.025,pre,knn_all,35,0.0017652161214897627
9102122,motor,repeat,1,0.025,pre,knn_recent,35,0.0017652161214897627
9102122,motor,repeat,1,0.025,pre,linear,35,0.006391458956243501
9102122,motor,repeat,1,0.025,pre,nonlinear,35,0.0019684568220558825
9102122,motor,repeat,1,0.025,pre,zero,35,0.0019928580423640057
9102122,motor_external,repeat,1,0.025,counterfactual,action_blind,5,0.15374466137609505
9102122,motor_external,repeat,1,0.025,counterfactual,adaptive_nonlinear,5,0.09397352499556558
9102122,motor_external,repeat,1,0.025,counterfactual,knn_all,5,0.07607514245337603
9102122,motor_external,repeat,1,0.025,counterfactual,knn_recent,5,0.07607514245337603
9102122,motor_external,repeat,1,0.025,counterfactual,linear,5,0.07487071520399499
9102122,motor_external,repeat,1,0.025,counterfactual,nonlinear,5,0.09397352499556558
9102122,motor_external,repeat,1,0.025,counterfactual,zero,5,0.07020993569936854
9102122,motor_external,repeat,1,0.025,early,action_blind,19,0.007819295032939938
9102122,motor_external,repeat,1,0.025,early,adaptive_nonlinear,19,0.008747451739889467
9102122,motor_external,repeat,1,0.025,early,knn_all,19,0.0075064828144838155
9102122,motor_external,repeat,1,0.025,early,knn_recent,19,0.0034395824298663357
9102122,motor_external,repeat,1,0.025,early,linear,19,0.012073528382261113
9102122,motor_external,repeat,1,0.025,early,nonlinear,19,0.008747451739889467
9102122,motor_external,repeat,1,0.025,early,zero,19,0.011291704779242503
9102122,motor_external,repeat,1,0.025,late,action_blind,35,0.003725989094873328
9102122,motor_external,repeat,1,0.025,late,adaptive_nonlinear,35,0.006591566902920176
9102122,motor_external,repeat,1,0.025,late,knn_all,35,0.0030603126218204935
9102122,motor_external,repeat,1,0.025,late,knn_recent,35,0.0030603126218204935
9102122,motor_external,repeat,1,0.025,late,linear,35,0.005290149987468661
9102122,motor_external,repeat,1,0.025,late,nonlinear,35,0.006591566902920176
9102122,motor_external,repeat,1,0.025,late,zero,35,0.0047100937688280085
9102122,motor_external,repeat,1,0.025,pre,action_blind,35,0.0016409318693715261
9102122,motor_external,repeat,1,0.025,pre,adaptive_nonlinear,35,0.0019684568220558825
9102122,motor_external,repeat,1,0.025,pre,knn_all,35,0.0017652161214897627
9102122,motor_external,repeat,1,0.025,pre,knn_recent,35,0.0017652161214897627
9102122,motor_external,repeat,1,0.025,pre,linear,35,0.006391458956243501
9102122,motor_external,repeat,1,0.025,pre,nonlinear,35,0.0019684568220558825
9102122,motor_external,repeat,1,0.025,pre,zero,35,0.0019928580423640057
9102122,none,repeat,1,0.025,counterfactual,action_blind,5,0.022282862754434037
9102122,none,repeat,1,0.025,counterfactual,adaptive_nonlinear,5,0.02324027799946656
9102122,none,repeat,1,0.025,counterfactual,knn_all,5,0.02384339707393215
9102122,none,repeat,1,0.025,counterfactual,knn_recent,5,0.02384339707393215
9102122,none,repeat,1,0.025,counterfactual,linear,5,0.024055863478281897
9102122,none,repeat,1,0.025,counterfactual,nonlinear,5,0.02324027799946656
9102122,none,repeat,1,0.025,counterfactual,zero,5,0.023957899863940712
9102122,none,repeat,1,0.025,early,action_blind,19,0.001618567451891954
9102122,none,repeat,1,0.025,early,adaptive_nonlinear,19,0.001938489370767555
9102122,none,repeat,1,0.025,early,knn_all,19,0.0018356892453355732
9102122,none,repeat,1,0.025,early,knn_recent,19,0.0018356892453355732
9102122,none,repeat,1,0.025,early,linear,19,0.002458527225008932
9102122,none,repeat,1,0.025,early,nonlinear,19,0.001938489370767555
9102122,none,repeat,1,0.025,early,zero,19,0.0018471820410738014
9102122,none,repeat,1,0.025,late,action_blind,35,0.0011940670203266135
9102122,none,repeat,1,0.025,late,adaptive_nonlinear,35,0.00156849004778914
9102122,none,repeat,1,0.025,late,knn_all,35,0.0012877319053814815
9102122,none,repeat,1,0.025,late,knn_recent,35,0.0012877319053814815
9102122,none,repeat,1,0.025,late,linear,35,0.001519598218232391
9102122,none,repeat,1,0.025,late,nonlinear,35,0.00156849004778914
9102122,none,repeat,1,0.025,late,zero,35,0.0014029103887105376
9102122,none,repeat,1,0.025,pre,action_blind,35,0.0016409318693715261
9102122,none,repeat,1,0.025,pre,adaptive_nonlinear,35,0.0019684568220558825
9102122,none,repeat,1,0.025,pre,knn_all,35,0.0017652161214897627
9102122,none,repeat,1,0.025,pre,knn_recent,35,0.0017652161214897627
9102122,none,repeat,1,0.025,pre,linear,35,0.006391458956243501
9102122,none,repeat,1,0.025,pre,nonlinear,35,0.0019684568220558825
9102122,none,repeat,1,0.025,pre,zero,35,0.0019928580423640057
9102122,sensor,repeat,1,0.025,counterfactual,action_blind,5,0.02291942878811317
9102122,sensor,repeat,1,0.025,counterfactual,adaptive_nonlinear,5,0.02333705397909939
9102122,sensor,repeat,1,0.025,counterfactual,knn_all,5,0.02384339707393215
9102122,sensor,repeat,1,0.025,counterfactual,knn_recent,5,0.02384339707393215
9102122,sensor,repeat,1,0.025,counterfactual,linear,5,0.024168188061884803
9102122,sensor,repeat,1,0.025,counterfactual,nonlinear,5,0.023322258506771262
9102122,sensor,repeat,1,0.025,counterfactual,zero,5,0.023957899863940712
9102122,sensor,repeat,1,0.025,early,action_blind,19,0.0017802468671195772
9102122,sensor,repeat,1,0.025,early,adaptive_nonlinear,19,0.001817544504890907
9102122,sensor,repeat,1,0.025,early,knn_all,19,0.0018356892453355732
9102122,sensor,repeat,1,0.025,early,knn_recent,19,0.0018356892453355732
9102122,sensor,repeat,1,0.025,early,linear,19,0.0027067629726286522
9102122,sensor,repeat,1,0.025,early,nonlinear,19,0.0018694073814872257
9102122,sensor,repeat,1,0.025,early,zero,19,0.0018471820410738014
9102122,sensor,repeat,1,0.025,late,action_blind,35,0.0011585098311996487
9102122,sensor,repeat,1,0.025,late,adaptive_nonlinear,35,0.0013861508667731973
9102122,sensor,repeat,1,0.025,late,knn_all,35,0.0012877319053814815
9102122,sensor,repeat,1,0.025,late,knn_recent,35,0.0012877319053814815
9102122,sensor,repeat,1,0.025,late,linear,35,0.0016010826831331082
9102122,sensor,repeat,1,0.025,late,nonlinear,35,0.0014176347530926942
9102122,sensor,repeat,1,0.025,late,zero,35,0.0014029103887105376
9102122,sensor,repeat,1,0.025,pre,action_blind,35,0.0016409318693715261
9102122,sensor,repeat,1,0.025,pre,adaptive_nonlinear,35,0.0019684568220558825
9102122,sensor,repeat,1,0.025,pre,knn_all,35,0.0017652161214897627
9102122,sensor,repeat,1,0.025,pre,knn_recent,35,0.0017652161214897627
9102122,sensor,repeat,1,0.025,pre,linear,35,0.006391458956243501
9102122,sensor,repeat,1,0.025,pre,nonlinear,35,0.0019684568220558825
9102122,sensor,repeat,1,0.025,pre,zero,35,0.0019928580423640057
9102122,unknown_nonlinear,repeat,1,0.025,counterfactual,action_blind,5,0.03624701278647299
9102122,unknown_nonlinear,repeat,1,0.025,counterfactual,adaptive_nonlinear,5,0.03812115835549733
9102122,unknown_nonlinear,repeat,1,0.025,counterfactual,knn_all,5,0.039020268887164984
9102122,unknown_nonlinear,repeat,1,0.025,counterfactual,knn_recent,5,0.039020268887164984
9102122,unknown_nonlinear,repeat,1,0.025,counterfactual,linear,5,0.03845551141959617
9102122,unknown_nonlinear,repeat,1,0.025,counterfactual,nonlinear,5,0.03812115835549733
9102122,unknown_nonlinear,repeat,1,0.025,counterfactual,zero,5,0.03913477167717354
9102122,unknown_nonlinear,repeat,1,0.025,early,action_blind,19,0.001618567451891954
9102122,unknown_nonlinear,repeat,1,0.025,early,adaptive_nonlinear,19,0.001938489370767555
9102122,unknown_nonlinear,repeat,1,0.025,early,knn_all,19,0.0018356892453355732
9102122,unknown_nonlinear,repeat,1,0.025,early,knn_recent,19,0.0018356892453355732
9102122,unknown_nonlinear,repeat,1,0.025,early,linear,19,0.002458527225008932
9102122,unknown_nonlinear,repeat,1,0.025,early,nonlinear,19,0.001938489370767555
9102122,unknown_nonlinear,repeat,1,0.025,early,zero,19,0.0018471820410738014
9102122,unknown_nonlinear,repeat,1,0.025,late,action_blind,35,0.0011940670203266135
9102122,unknown_nonlinear,repeat,1,0.025,late,adaptive_nonlinear,35,0.00156849004778914
9102122,unknown_nonlinear,repeat,1,0.025,late,knn_all,35,0.0012877319053814815
9102122,unknown_nonlinear,repeat,1,0.025,late,knn_recent,35,0.0012877319053814815
9102122,unknown_nonlinear,repeat,1,0.025,late,linear,35,0.001519598218232391
9102122,unknown_nonlinear,repeat,1,0.025,late,nonlinear,35,0.00156849004778914
9102122,unknown_nonlinear,repeat,1,0.025,late,zero,35,0.0014029103887105376
9102122,unknown_nonlinear,repeat,1,0.025,pre,action_blind,35,0.0016409318693715261
9102122,unknown_nonlinear,repeat,1,0.025,pre,adaptive_nonlinear,35,0.0019684568220558825
9102122,unknown_nonlinear,repeat,1,0.025,pre,knn_all,35,0.0017652161214897627
9102122,unknown_nonlinear,repeat,1,0.025,pre,knn_recent,35,0.0017652161214897627
9102122,unknown_nonlinear,repeat,1,0.025,pre,linear,35,0.006391458956243501
9102122,unknown_nonlinear,repeat,1,0.025,pre,nonlinear,35,0.0019684568220558825
9102122,unknown_nonlinear,repeat,1,0.025,pre,zero,35,0.0019928580423640057
9102223,external,repeat,1,0.025,counterfactual,action_blind,5,0.05345775014558579
9102223,external,repeat,1,0.025,counterfactual,adaptive_nonlinear,5,0.053749981566042646
9102223,external,repeat,1,0.025,counterfactual,knn_all,5,0.0530974437416691
9102223,external,repeat,1,0.025,counterfactual,knn_recent,5,0.0530974437416691
9102223,external,repeat,1,0.025,counterfactual,linear,5,0.05576023234673026
9102223,external,repeat,1,0.025,counterfactual,nonlinear,5,0.053749981566042646
9102223,external,repeat,1,0.025,counterfactual,zero,5,0.05346510934270543
9102223,external,repeat,1,0.025,early,action_blind,19,0.00380592445931259
9102223,external,repeat,1,0.025,early,adaptive_nonlinear,19,0.003880884063820088
9102223,external,repeat,1,0.025,early,knn_all,19,0.004197566529097425
9102223,external,repeat,1,0.025,early,knn_recent,19,0.0038250078610617124
9102223,external,repeat,1,0.025,early,linear,19,0.005928864785463791
9102223,external,repeat,1,0.025,early,nonlinear,19,0.003880884063820088
9102223,external,repeat,1,0.025,early,zero,19,0.0030339347048313546
9102223,external,repeat,1,0.025,late,action_blind,35,0.001466969834794826
9102223,external,repeat,1,0.025,late,adaptive_nonlinear,35,0.0015533618583137196
9102223,external,repeat,1,0.025,late,knn_all,35,0.0014646307051943207
9102223,external,repeat,1,0.025,late,knn_recent,35,0.0014646307051943207
9102223,external,repeat,1,0.025,late,linear,35,0.0026209413133872752
9102223,external,repeat,1,0.025,late,nonlinear,35,0.0015533618583137196
9102223,external,repeat,1,0.025,late,zero,35,0.002625269607536102
9102223,external,repeat,1,0.025,pre,action_blind,35,0.0013775584936934623
9102223,external,repeat,1,0.025,pre,adaptive_nonlinear,35,0.0015065437292814013
9102223,external,repeat,1,0.025,pre,knn_all,35,0.0012476940512027009
9102223,external,repeat,1,0.025,pre,knn_recent,35,0.0012476940512027009
9102223,external,repeat,1,0.025,pre,linear,35,0.009325512588102498
9102223,external,repeat,1,0.025,pre,nonlinear,35,0.0015065437292814013
9102223,external,repeat,1,0.025,pre,zero,35,0.0014896596093626655
9102223,motor,repeat,1,0.025,counterfactual,action_blind,5,0.06124965424785417
9102223,motor,repeat,1,0.025,counterfactual,adaptive_nonlinear,5,0.05887835688256754
9102223,motor,repeat,1,0.025,counterfactual,knn_all,5,0.05845330352630562
9102223,motor,repeat,1,0.025,counterfactual,knn_recent,5,0.05845330352630562
9102223,motor,repeat,1,0.025,counterfactual,linear,5,0.0604017436435918
9102223,motor,repeat,1,0.025,counterfactual,nonlinear,5,0.0589194878824628
9102223,motor,repeat,1,0.025,counterfactual,zero,5,0.058661071280270316
9102223,motor,repeat,1,0.025,early,action_blind,19,0.03769124926970189
9102223,motor,repeat,1,0.025,early,adaptive_nonlinear,19,0.03934689193274953
9102223,motor,repeat,1,0.025,early,knn_all,19,0.020597620933663824
9102223,motor,repeat,1,0.025,early,knn_recent,19,0.020597620933663824
9102223,motor,repeat,1,0.025,early,linear,19,0.048077735940111825
9102223,motor,repeat,1,0.025,early,nonlinear,19,0.04081133380851383
9102223,motor,repeat,1,0.025,early,zero,19,0.048665664659715044
9102223,motor,repeat,1,0.025,late,action_blind,35,0.0017166808055454716
9102223,motor,repeat,1,0.025,late,adaptive_nonlinear,35,0.0017352575257811003
9102223,motor,repeat,1,0.025,late,knn_all,35,0.001421442551683128
9102223,motor,repeat,1,0.025,late,knn_recent,35,0.001421442551683128
9102223,motor,repeat,1,0.025,late,linear,35,0.003176405968958636
9102223,motor,repeat,1,0.025,late,nonlinear,35,0.0018031492856972532
9102223,motor,repeat,1,0.025,late,zero,35,0.0016080323257005936
9102223,motor,repeat,1,0.025,pre,action_blind,35,0.0013775584936934623
9102223,motor,repeat,1,0.025,pre,adaptive_nonlinear,35,0.0015065437292814013
9102223,motor,repeat,1,0.025,pre,knn_all,35,0.0012476940512027009
9102223,motor,repeat,1,0.025,pre,knn_recent,35,0.0012476940512027009
9102223,motor,repeat,1,0.025,pre,linear,35,0.009325512588102498
9102223,motor,repeat,1,0.025,pre,nonlinear,35,0.0015065437292814013
9102223,motor,repeat,1,0.025,pre,zero,35,0.0014896596093626655
9102223,motor_external,repeat,1,0.025,counterfactual,action_blind,5,0.029348327016511112
9102223,motor_external,repeat,1,0.025,counterfactual,adaptive_nonlinear,5,0.034035903007409815
9102223,motor_external,repeat,1,0.025,counterfactual,knn_all,5,0.040869200540816
9102223,motor_external,repeat,1,0.025,counterfactual,knn_recent,5,0.040869200540816
9102223,motor_external,repeat,1,0.025,counterfactual,linear,5,0.04334040594466663
9102223,motor_external,repeat,1,0.025,counterfactual,nonlinear,5,0.034035903007409815
9102223,motor_external,repeat,1,0.025,counterfactual,zero,5,0.04612397107895407
9102223,motor_external,repeat,1,0.025,early,action_blind,19,0.02070833352260813
9102223,motor_external,repeat,1,0.025,early,adaptive_nonlinear,19,0.02248464295418356
9102223,motor_external,repeat,1,0.025,early,knn_all,19,0.012190116311949153
9102223,motor_external,repeat,1,0.025,early,knn_recent,19,0.012190116311949153
9102223,motor_external,repeat,1,0.025,early,linear,19,0.06046661720316613
9102223,motor_external,repeat,1,0.025,early,nonlinear,19,0.02248464295418356
9102223,motor_external,repeat,1,0.025,early,zero,19,0.057212726594979266
9102223,motor_external,repeat,1,0.025,late,action_blind,35,0.006607192598874486
9102223,motor_external,repeat,1,0.025,late,adaptive_nonlinear,35,0.00924910721625734
9102223,motor_external,repeat,1,0.025,late,knn_all,35,0.0037815362058246814
9102223,motor_external,repeat,1,0.025,late,knn_recent,35,0.0037815362058246814
9102223,motor_external,repeat,1,0.025,late,linear,35,0.01095774319287347
9102223,motor_external,repeat,1,0.025,late,nonlinear,35,0.00924910721625734
9102223,motor_external,repeat,1,0.025,late,zero,35,0.012208712930563363
9102223,motor_external,repeat,1,0.025,pre,action_blind,35,0.0013775584936934623
9102223,motor_external,repeat,1,0.025,pre,adaptive_nonlinear,35,0.0015065437292814013
9102223,motor_external,repeat,1,0.025,pre,knn_all,35,0.0012476940512027009
9102223,motor_external,repeat,1,0.025,pre,knn_recent,35,0.0012476940512027009
9102223,motor_external,repeat,1,0.025,pre,linear,35,0.009325512588102498
9102223,motor_external,repeat,1,0.025,pre,nonlinear,35,0.0015065437292814013
9102223,motor_external,repeat,1,0.025,pre,zero,35,0.0014896596093626655
9102223,none,repeat,1,0.025,counterfactual,action_blind,5,0.04518618362488987
9102223,none,repeat,1,0.025,counterfactual,adaptive_nonlinear,5,0.04530886478401633
9102223,none,repeat,1,0.025,counterfactual,knn_all,5,0.045475008820388865
9102223,none,repeat,1,0.025,counterfactual,knn_recent,5,0.045475008820388865
9102223,none,repeat,1,0.025,counterfactual,linear,5,0.04705637698171868
9102223,none,repeat,1,0.025,counterfactual,nonlinear,5,0.04530886478401633
9102223,none,repeat,1,0.025,counterfactual,zero,5,0.045440568511325365
9102223,none,repeat,1,0.025,early,action_blind,19,0.0018222194218879162
9102223,none,repeat,1,0.025,early,adaptive_nonlinear,19,0.002092578493667264
9102223,none,repeat,1,0.025,early,knn_all,19,0.0019299084293061958
9102223,none,repeat,1,0.025,early,knn_recent,19,0.0019299084293061958
9102223,none,repeat,1,0.025,early,linear,19,0.003133816724283441
9102223,none,repeat,1,0.025,early,nonlinear,19,0.002092578493667264
9102223,none,repeat,1,0.025,early,zero,19,0.0020248796057490445
9102223,none,repeat,1,0.025,late,action_blind,35,0.0013476901043524496
9102223,none,repeat,1,0.025,late,adaptive_nonlinear,35,0.0016068443540033183
9102223,none,repeat,1,0.025,late,knn_all,35,0.0014214635379894511
9102223,none,repeat,1,0.025,late,knn_recent,35,0.0014214635379894511
9102223,none,repeat,1,0.025,late,linear,35,0.002195560071638285
9102223,none,repeat,1,0.025,late,nonlinear,35,0.0016068443540033183
9102223,none,repeat,1,0.025,late,zero,35,0.0015642303599744745
9102223,none,repeat,1,0.025,pre,action_blind,35,0.0013775584936934623
9102223,none,repeat,1,0.025,pre,adaptive_nonlinear,35,0.0015065437292814013
9102223,none,repeat,1,0.025,pre,knn_all,35,0.0012476940512027009
9102223,none,repeat,1,0.025,pre,knn_recent,35,0.0012476940512027009
9102223,none,repeat,1,0.025,pre,linear,35,0.009325512588102498
9102223,none,repeat,1,0.025,pre,nonlinear,35,0.0015065437292814013
9102223,none,repeat,1,0.025,pre,zero,35,0.0014896596093626655
9102223,sensor,repeat,1,0.025,counterfactual,action_blind,5,0.04445982724018102
9102223,sensor,repeat,1,0.025,counterfactual,adaptive_nonlinear,5,0.04526505169251317
9102223,sensor,repeat,1,0.025,counterfactual,knn_all,5,0.045475008820388865
9102223,sensor,repeat,1,0.025,counterfactual,knn_recent,5,0.045475008820388865
9102223,sensor,repeat,1,0.025,counterfactual,linear,5,0.04698879603380809
9102223,sensor,repeat,1,0.025,counterfactual,nonlinear,5,0.045270312247182844
9102223,sensor,repeat,1,0.025,counterfactual,zero,5,0.045440568511325365
9102223,sensor,repeat,1,0.025,early,action_blind,19,0.0019064598165639333
9102223,sensor,repeat,1,0.025,early,adaptive_nonlinear,19,0.0020432487612743106
9102223,sensor,repeat,1,0.025,early,knn_all,19,0.0023361725454007906
9102223,sensor,repeat,1,0.025,early,knn_recent,19,0.0023361725454007906
9102223,sensor,repeat,1,0.025,early,linear,19,0.0029187197355559865
9102223,sensor,repeat,1,0.025,early,nonlinear,19,0.002013754607130794
9102223,sensor,repeat,1,0.025,early,zero,19,0.0020248796057490445
9102223,sensor,repeat,1,0.025,late,action_blind,35,0.001397481315586143
9102223,sensor,repeat,1,0.025,late,adaptive_nonlinear,35,0.0018106436981537054
9102223,sensor,repeat,1,0.025,late,knn_all,35,0.0014214635379894511
9102223,sensor,repeat,1,0.025,late,knn_recent,35,0.0014214635379894511
9102223,sensor,repeat,1,0.025,late,linear,35,0.002118835164512955
9102223,sensor,repeat,1,0.025,late,nonlinear,35,0.0018342114831996032
9102223,sensor,repeat,1,0.025,late,zero,35,0.0015642303599744745
9102223,sensor,repeat,1,0.025,pre,action_blind,35,0.0013775584936934623
9102223,sensor,repeat,1,0.025,pre,adaptive_nonlinear,35,0.0015065437292814013
9102223,sensor,repeat,1,0.025,pre,knn_all,35,0.0012476940512027009
9102223,sensor,repeat,1,0.025,pre,knn_recent,35,0.0012476940512027009
9102223,sensor,repeat,1,0.025,pre,linear,35,0.009325512588102498
9102223,sensor,repeat,1,0.025,pre,nonlinear,35,0.0015065437292814013
9102223,sensor,repeat,1,0.025,pre,zero,35,0.0014896596093626655
9102223,unknown_nonlinear,repeat,1,0.025,counterfactual,action_blind,5,0.047527791437729984
9102223,unknown_nonlinear,repeat,1,0.025,counterfactual,adaptive_nonlinear,5,0.0479573772202618
9102223,unknown_nonlinear,repeat,1,0.025,counterfactual,knn_all,5,0.048451941796499476
9102223,unknown_nonlinear,repeat,1,0.025,counterfactual,knn_recent,5,0.048451941796499476
9102223,unknown_nonlinear,repeat,1,0.025,counterfactual,linear,5,0.05030988692501046
9102223,unknown_nonlinear,repeat,1,0.025,counterfactual,nonlinear,5,0.0479573772202618
9102223,unknown_nonlinear,repeat,1,0.025,counterfactual,zero,5,0.04835028794604949
9102223,unknown_nonlinear,repeat,1,0.025,early,action_blind,19,0.0017968472317645013
9102223,unknown_nonlinear,repeat,1,0.025,early,adaptive_nonlinear,19,0.0019777538264681206
9102223,unknown_nonlinear,repeat,1,0.025,early,knn_all,19,0.0018403148639571413
9102223,unknown_nonlinear,repeat,1,0.025,early,knn_recent,19,0.0018403148639571413
9102223,unknown_nonlinear,repeat,1,0.025,early,linear,19,0.00328558710311834
9102223,unknown_nonlinear,repeat,1,0.025,early,nonlinear,19,0.0019777538264681206
9102223,unknown_nonlinear,repeat,1,0.025,early,zero,19,0.0017301683251317991
9102223,unknown_nonlinear,repeat,1,0.025,late,action_blind,35,0.0012727069260179656
9102223,unknown_nonlinear,repeat,1,0.025,late,adaptive_nonlinear,35,0.0013549458712522981
9102223,unknown_nonlinear,repeat,1,0.025,late,knn_all,35,0.0013681682844451288
9102223,unknown_nonlinear,repeat,1,0.025,late,knn_recent,35,0.0013681682844451288
9102223,unknown_nonlinear,repeat,1,0.025,late,linear,35,0.001884343720804475
9102223,unknown_nonlinear,repeat,1,0.025,late,nonlinear,35,0.0013549458712522981
9102223,unknown_nonlinear,repeat,1,0.025,late,zero,35,0.0013309957579425071
9102223,unknown_nonlinear,repeat,1,0.025,pre,action_blind,35,0.0013775584936934623
9102223,unknown_nonlinear,repeat,1,0.025,pre,adaptive_nonlinear,35,0.0015065437292814013
9102223,unknown_nonlinear,repeat,1,0.025,pre,knn_all,35,0.0012476940512027009
9102223,unknown_nonlinear,repeat,1,0.025,pre,knn_recent,35,0.0012476940512027009
9102223,unknown_nonlinear,repeat,1,0.025,pre,linear,35,0.009325512588102498
9102223,unknown_nonlinear,repeat,1,0.025,pre,nonlinear,35,0.0015065437292814013
9102223,unknown_nonlinear,repeat,1,0.025,pre,zero,35,0.0014896596093626655
9102324,external,repeat,1,0.025,counterfactual,action_blind,5,0.012031555116358617
9102324,external,repeat,1,0.025,counterfactual,adaptive_nonlinear,5,0.008761895408474904
9102324,external,repeat,1,0.025,counterfactual,knn_all,5,0.006699031824650691
9102324,external,repeat,1,0.025,counterfactual,knn_recent,5,0.006699031824650691
9102324,external,repeat,1,0.025,counterfactual,linear,5,0.008742668199180327
9102324,external,repeat,1,0.025,counterfactual,nonlinear,5,0.008761895408474904
9102324,external,repeat,1,0.025,counterfactual,zero,5,0.006259049709301731
9102324,external,repeat,1,0.025,early,action_blind,19,0.008761221343678939
9102324,external,repeat,1,0.025,early,adaptive_nonlinear,19,0.009376110073853226
9102324,external,repeat,1,0.025,early,knn_all,19,0.00801940399786015
9102324,external,repeat,1,0.025,early,knn_recent,19,0.0039022306111021455
9102324,external,repeat,1,0.025,early,linear,19,0.017152146493028125
9102324,external,repeat,1,0.025,early,nonlinear,19,0.009376110073853226
9102324,external,repeat,1,0.025,early,zero,19,0.02000628182563543
9102324,external,repeat,1,0.025,late,action_blind,35,0.002313281776524907
9102324,external,repeat,1,0.025,late,adaptive_nonlinear,35,0.003150476852709745
9102324,external,repeat,1,0.025,late,knn_all,35,0.0018688462695329307
9102324,external,repeat,1,0.025,late,knn_recent,35,0.0018688462695329307
9102324,external,repeat,1,0.025,late,linear,35,0.0031635964743298743
9102324,external,repeat,1,0.025,late,nonlinear,35,0.003150476852709745
9102324,external,repeat,1,0.025,late,zero,35,0.001155046195820693
9102324,external,repeat,1,0.025,pre,action_blind,35,0.001298755504048206
9102324,external,repeat,1,0.025,pre,adaptive_nonlinear,35,0.0014603393517234732
9102324,external,repeat,1,0.025,pre,knn_all,35,0.0013360570998800021
9102324,external,repeat,1,0.025,pre,knn_recent,35,0.0013360570998800021
9102324,external,repeat,1,0.025,pre,linear,35,0.007189340004842462
9102324,external,repeat,1,0.025,pre,nonlinear,35,0.0014603393517234732
9102324,external,repeat,1,0.025,pre,zero,35,0.0013824537901967204
9102324,motor,repeat,1,0.025,counterfactual,action_blind,5,0.016856054609228885
9102324,motor,repeat,1,0.025,counterfactual,adaptive_nonlinear,5,0.015170459173637968
9102324,motor,repeat,1,0.025,counterfactual,knn_all,5,0.015422809864616291
9102324,motor,repeat,1,0.025,counterfactual,knn_recent,5,0.015422809864616291
9102324,motor,repeat,1,0.025,counterfactual,linear,5,0.016918051121619104
9102324,motor,repeat,1,0.025,counterfactual,nonlinear,5,0.015170459173637968
9102324,motor,repeat,1,0.025,counterfactual,zero,5,0.015476087630540408
9102324,motor,repeat,1,0.025,early,action_blind,19,0.008168470321414587
9102324,motor,repeat,1,0.025,early,adaptive_nonlinear,19,0.01382578921498809
9102324,motor,repeat,1,0.025,early,knn_all,19,0.005338041743585083
9102324,motor,repeat,1,0.025,early,knn_recent,19,0.005338041743585083
9102324,motor,repeat,1,0.025,early,linear,19,0.010267370190955704
9102324,motor,repeat,1,0.025,early,nonlinear,19,0.01382578921498809
9102324,motor,repeat,1,0.025,early,zero,19,0.012465145694626884
9102324,motor,repeat,1,0.025,late,action_blind,35,0.0012126024208541882
9102324,motor,repeat,1,0.025,late,adaptive_nonlinear,35,0.0014274705959044622
9102324,motor,repeat,1,0.025,late,knn_all,35,0.0007424698639501418
9102324,motor,repeat,1,0.025,late,knn_recent,35,0.0007743713430621369
9102324,motor,repeat,1,0.025,late,linear,35,0.0023592686727334183
9102324,motor,repeat,1,0.025,late,nonlinear,35,0.0014274705959044622
9102324,motor,repeat,1,0.025,late,zero,35,0.0011157631953457661
9102324,motor,repeat,1,0.025,pre,action_blind,35,0.001298755504048206
9102324,motor,repeat,1,0.025,pre,adaptive_nonlinear,35,0.0014603393517234732
9102324,motor,repeat,1,0.025,pre,knn_all,35,0.0013360570998800021
9102324,motor,repeat,1,0.025,pre,knn_recent,35,0.0013360570998800021
9102324,motor,repeat,1,0.025,pre,linear,35,0.007189340004842462
9102324,motor,repeat,1,0.025,pre,nonlinear,35,0.0014603393517234732
9102324,motor,repeat,1,0.025,pre,zero,35,0.0013824537901967204
9102324,motor_external,repeat,1,0.025,counterfactual,action_blind,5,0.052096704823393694
9102324,motor_external,repeat,1,0.025,counterfactual,adaptive_nonlinear,5,0.04006916414853365
9102324,motor_external,repeat,1,0.025,counterfactual,knn_all,5,0.0401014664417293
9102324,motor_external,repeat,1,0.025,counterfactual,knn_recent,5,0.0401014664417293
9102324,motor_external,repeat,1,0.025,counterfactual,linear,5,0.04324526850303042
9102324,motor_external,repeat,1,0.025,counterfactual,nonlinear,5,0.04006916414853365
9102324,motor_external,repeat,1,0.025,counterfactual,zero,5,0.03972001910615701
9102324,motor_external,repeat,1,0.025,early,action_blind,19,0.002593214636841929
9102324,motor_external,repeat,1,0.025,early,adaptive_nonlinear,19,0.004591783210687624
9102324,motor_external,repeat,1,0.025,early,knn_all,19,0.0020633007921960983
9102324,motor_external,repeat,1,0.025,early,knn_recent,19,0.0020633007921960983
9102324,motor_external,repeat,1,0.025,early,linear,19,0.0032566893724803475
9102324,motor_external,repeat,1,0.025,early,nonlinear,19,0.004591783210687624
9102324,motor_external,repeat,1,0.025,early,zero,19,0.004393960274723526
9102324,motor_external,repeat,1,0.025,late,action_blind,35,0.0014740631273226705
9102324,motor_external,repeat,1,0.025,late,adaptive_nonlinear,35,0.00206241643464291
9102324,motor_external,repeat,1,0.025,late,knn_all,35,0.0013039060322499979
9102324,motor_external,repeat,1,0.025,late,knn_recent,35,0.0013039060322499979
9102324,motor_external,repeat,1,0.025,late,linear,35,0.0023560451337139828
9102324,motor_external,repeat,1,0.025,late,nonlinear,35,0.00206241643464291
9102324,motor_external,repeat,1,0.025,late,zero,35,0.0014123889374632545
9102324,motor_external,repeat,1,0.025,pre,action_blind,35,0.001298755504048206
9102324,motor_external,repeat,1,0.025,pre,adaptive_nonlinear,35,0.0014603393517234732
9102324,motor_external,repeat,1,0.025,pre,knn_all,35,0.0013360570998800021
9102324,motor_external,repeat,1,0.025,pre,knn_recent,35,0.0013360570998800021
9102324,motor_external,repeat,1,0.025,pre,linear,35,0.007189340004842462
9102324,motor_external,repeat,1,0.025,pre,nonlinear,35,0.0014603393517234732
9102324,motor_external,repeat,1,0.025,pre,zero,35,0.0013824537901967204
9102324,none,repeat,1,0.025,counterfactual,action_blind,5,0.024777801559770753
9102324,none,repeat,1,0.025,counterfactual,adaptive_nonlinear,5,0.025675711606952173
9102324,none,repeat,1,0.025,counterfactual,knn_all,5,0.026138686565704467
9102324,none,repeat,1,0.025,counterfactual,knn_recent,5,0.026138686565704467
9102324,none,repeat,1,0.025,counterfactual,linear,5,0.026447625035671406
9102324,none,repeat,1,0.025,counterfactual,nonlinear,5,0.025675711606952173
9102324,none,repeat,1,0.025,counterfactual,zero,5,0.026203700125606678
9102324,none,repeat,1,0.025,early,action_blind,19,0.001857845797957242
9102324,none,repeat,1,0.025,early,adaptive_nonlinear,19,0.0023601747122043255
9102324,none,repeat,1,0.025,early,knn_all,19,0.0018595713028943268
9102324,none,repeat,1,0.025,early,knn_recent,19,0.0018595713028943268
9102324,none,repeat,1,0.025,early,linear,19,0.0027939712254997973
9102324,none,repeat,1,0.025,early,nonlinear,19,0.0023601747122043255
9102324,none,repeat,1,0.025,early,zero,19,0.0018460630047109996
9102324,none,repeat,1,0.025,late,action_blind,35,0.0013319348510065466
9102324,none,repeat,1,0.025,late,adaptive_nonlinear,35,0.0018239591007184364
9102324,none,repeat,1,0.025,late,knn_all,35,0.0014853276965032423
9102324,none,repeat,1,0.025,late,knn_recent,35,0.0014853276965032423
9102324,none,repeat,1,0.025,late,linear,35,0.001682989734974231
9102324,none,repeat,1,0.025,late,nonlinear,35,0.0018239591007184364
9102324,none,repeat,1,0.025,late,zero,35,0.0014437843860976966
9102324,none,repeat,1,0.025,pre,action_blind,35,0.001298755504048206
9102324,none,repeat,1,0.025,pre,adaptive_nonlinear,35,0.0014603393517234732
9102324,none,repeat,1,0.025,pre,knn_all,35,0.0013360570998800021
9102324,none,repeat,1,0.025,pre,knn_recent,35,0.0013360570998800021
9102324,none,repeat,1,0.025,pre,linear,35,0.007189340004842462
9102324,none,repeat,1,0.025,pre,nonlinear,35,0.0014603393517234732
9102324,none,repeat,1,0.025,pre,zero,35,0.0013824537901967204
9102324,sensor,repeat,1,0.025,counterfactual,action_blind,5,0.024024330283155614
9102324,sensor,repeat,1,0.025,counterfactual,adaptive_nonlinear,5,0.02595096098495884
9102324,sensor,repeat,1,0.025,counterfactual,knn_all,5,0.026138686565704467
9102324,sensor,repeat,1,0.025,counterfactual,knn_recent,5,0.026138686565704467
9102324,sensor,repeat,1,0.025,counterfactual,linear,5,0.026520955063791336
9102324,sensor,repeat,1,0.025,counterfactual,nonlinear,5,0.025945859489951446
9102324,sensor,repeat,1,0.025,counterfactual,zero,5,0.026203700125606678
9102324,sensor,repeat,1,0.025,early,action_blind,19,0.0018695903549746315
9102324,sensor,repeat,1,0.025,early,adaptive_nonlinear,19,0.002067899734521426
9102324,sensor,repeat,1,0.025,early,knn_all,19,0.0018912133388561808
9102324,sensor,repeat,1,0.025,early,knn_recent,19,0.0018912133388561808
9102324,sensor,repeat,1,0.025,early,linear,19,0.0028420181002200033
9102324,sensor,repeat,1,0.025,early,nonlinear,19,0.0020674436945257663
9102324,sensor,repeat,1,0.025,early,zero,19,0.0018460630047109996
9102324,sensor,repeat,1,0.025,late,action_blind,35,0.0016094205932104782
9102324,sensor,repeat,1,0.025,late,adaptive_nonlinear,35,0.0022727307233894813
9102324,sensor,repeat,1,0.025,late,knn_all,35,0.0014853276965032423
9102324,sensor,repeat,1,0.025,late,knn_recent,35,0.0014853276965032423
9102324,sensor,repeat,1,0.025,late,linear,35,0.0016914851031316176
9102324,sensor,repeat,1,0.025,late,nonlinear,35,0.002347754162655446
9102324,sensor,repeat,1,0.025,late,zero,35,0.0014437843860976966
9102324,sensor,repeat,1,0.025,pre,action_blind,35,0.001298755504048206
9102324,sensor,repeat,1,0.025,pre,adaptive_nonlinear,35,0.0014603393517234732
9102324,sensor,repeat,1,0.025,pre,knn_all,35,0.0013360570998800021
9102324,sensor,repeat,1,0.025,pre,knn_recent,35,0.0013360570998800021
9102324,sensor,repeat,1,0.025,pre,linear,35,0.007189340004842462
9102324,sensor,repeat,1,0.025,pre,nonlinear,35,0.0014603393517234732
9102324,sensor,repeat,1,0.025,pre,zero,35,0.0013824537901967204
9102324,unknown_nonlinear,repeat,1,0.025,counterfactual,action_blind,5,0.019889566506773693
9102324,unknown_nonlinear,repeat,1,0.025,counterfactual,adaptive_nonlinear,5,0.020481977221444847
9102324,unknown_nonlinear,repeat,1,0.025,counterfactual,knn_all,5,0.021004250501883988
9102324,unknown_nonlinear,repeat,1,0.025,counterfactual,knn_recent,5,0.021004250501883988
9102324,unknown_nonlinear,repeat,1,0.025,counterfactual,linear,5,0.02129856958243393
9102324,unknown_nonlinear,repeat,1,0.025,counterfactual,nonlinear,5,0.020481977221444847
9102324,unknown_nonlinear,repeat,1,0.025,counterfactual,zero,5,0.021154084489790146
9102324,unknown_nonlinear,repeat,1,0.025,early,action_blind,19,0.0019858662195866585
9102324,unknown_nonlinear,repeat,1,0.025,early,adaptive_nonlinear,19,0.00273402454789827
9102324,unknown_nonlinear,repeat,1,0.025,early,knn_all,19,0.0018765371466782639
9102324,unknown_nonlinear,repeat,1,0.025,early,knn_recent,19,0.0018765371466782639
9102324,unknown_nonlinear,repeat,1,0.025,early,linear,19,0.002763230107328139
9102324,unknown_nonlinear,repeat,1,0.025,early,nonlinear,19,0.00273402454789827
9102324,unknown_nonlinear,repeat,1,0.025,early,zero,19,0.0022168006834484373
9102324,unknown_nonlinear,repeat,1,0.025,late,action_blind,35,0.0013679902675723837
9102324,unknown_nonlinear,repeat,1,0.025,late,adaptive_nonlinear,35,0.0022903838622258185
9102324,unknown_nonlinear,repeat,1,0.025,late,knn_all,35,0.0014882989045012392
9102324,unknown_nonlinear,repeat,1,0.025,late,knn_recent,35,0.0014882989045012392
9102324,unknown_nonlinear,repeat,1,0.025,late,linear,35,0.0016619132206464507
9102324,unknown_nonlinear,repeat,1,0.025,late,nonlinear,35,0.0022903838622258185
9102324,unknown_nonlinear,repeat,1,0.025,late,zero,35,0.0017120457099113143
9102324,unknown_nonlinear,repeat,1,0.025,pre,action_blind,35,0.001298755504048206
9102324,unknown_nonlinear,repeat,1,0.025,pre,adaptive_nonlinear,35,0.0014603393517234732
9102324,unknown_nonlinear,repeat,1,0.025,pre,knn_all,35,0.0013360570998800021
9102324,unknown_nonlinear,repeat,1,0.025,pre,knn_recent,35,0.0013360570998800021
9102324,unknown_nonlinear,repeat,1,0.025,pre,linear,35,0.007189340004842462
9102324,unknown_nonlinear,repeat,1,0.025,pre,nonlinear,35,0.0014603393517234732
9102324,unknown_nonlinear,repeat,1,0.025,pre,zero,35,0.0013824537901967204
