seed,cause,policy,reference,noise,detector,actual_change,change_time,alarm_time,alarm,correct,identified,diagnosis,counterfactual_mse,probe_cost,linear_residual,n_post
8800000,none,repeat,1,0.13,fixed,0,30,,0,1,0,none,0.005770158675506196,0,0.0,0
8800000,none,random,1,0.13,fixed,0,30,,0,1,0,none,0.005770158675506196,30,0.0,0
8800000,none,cycle,1,0.13,fixed,0,30,,0,1,0,none,0.005770158675506196,30,0.0,0
8800000,none,adaptive,1,0.13,fixed,0,30,,0,1,0,none,0.005770158675506196,0,0.0,0
8800000,motor,repeat,1,0.13,fixed,1,30,31,1,0,0,undetermined,0.7425094534880685,0,0.029995664166139607,29
8800000,motor,random,1,0.13,fixed,1,30,31,1,1,1,motor,0.0021646414829098026,30,0.02905050230519339,29
8800000,motor,cycle,1,0.13,fixed,1,30,32,1,1,1,motor,0.005391545576770139,30,0.026730346347683037,28
8800000,motor,adaptive,1,0.13,fixed,1,30,31,1,1,1,motor,0.0029302228980568334,21,0.027697464535650175,29
8800000,external,repeat,1,0.13,fixed,1,30,31,1,0,0,undetermined,1.0932763068038578,0,0.02999566416613961,29
8800000,external,random,1,0.13,fixed,1,30,31,1,1,1,external,0.0021646414829097687,30,0.029050502305193394,29
8800000,external,cycle,1,0.13,fixed,1,30,31,1,1,1,external,0.0053877594768251096,30,0.025884369888510218,29
8800000,external,adaptive,1,0.13,fixed,1,30,31,1,1,1,external,0.0029302228980568135,21,0.027697464535650175,29
8800000,sensor,repeat,1,0.13,fixed,1,30,31,1,0,0,undetermined,0.7436032302694746,0,0.029995664166139607,29
8800000,sensor,random,1,0.13,fixed,1,30,31,1,1,1,sensor,0.002164641482909757,30,0.02905050230519339,29
8800000,sensor,cycle,1,0.13,fixed,1,30,31,1,1,1,sensor,0.005387759476825095,30,0.025884369888510218,29
8800000,sensor,adaptive,1,0.13,fixed,1,30,31,1,1,1,sensor,0.0029302228980568183,21,0.027697464535650175,29
8800000,motor_external,repeat,1,0.13,fixed,1,30,31,1,0,0,undetermined,0.4053511458528892,0,0.029995664166139604,29
8800000,motor_external,random,1,0.13,fixed,1,30,31,1,1,1,motor_external,0.0021646414829098134,30,0.029050502305193397,29
8800000,motor_external,cycle,1,0.13,fixed,1,30,31,1,1,1,motor_external,0.005387759476825115,30,0.02588436988851021,29
8800000,motor_external,adaptive,1,0.13,fixed,1,30,31,1,1,1,motor_external,0.002930222898056789,21,0.027697464535650175,29
8800000,external_sensor,repeat,1,0.13,fixed,1,30,31,1,0,0,undetermined,1.0932763068038578,0,0.02999566416613961,29
8800000,external_sensor,random,1,0.13,fixed,1,30,31,1,1,1,external_sensor,0.0021646414829097687,30,0.029050502305193394,29
8800000,external_sensor,cycle,1,0.13,fixed,1,30,31,1,1,1,external_sensor,0.0053877594768251096,30,0.025884369888510218,29
8800000,external_sensor,adaptive,1,0.13,fixed,1,30,31,1,1,1,external_sensor,0.0029302228980568135,21,0.027697464535650175,29
8800000,nonlinear,repeat,1,0.13,fixed,1,30,31,1,0,0,undetermined,0.97432545299472,0,0.029995664166139607,29
8800000,nonlinear,random,1,0.13,fixed,1,30,31,1,0,0,unknown,0.36790900816667216,30,0.3468829946622297,29
8800000,nonlinear,cycle,1,0.13,fixed,1,30,32,1,0,0,unknown,0.3437983280621682,30,0.29813031393094525,28
8800000,nonlinear,adaptive,1,0.13,fixed,1,30,31,1,0,0,unknown,0.34392807226949207,21,0.34757397264232187,29
8800047,none,repeat,1,0.13,fixed,0,27,,0,1,0,none,0.0020935949929209744,0,0.0,0
8800047,none,random,1,0.13,fixed,0,27,,0,1,0,none,0.0020935949929209744,28,0.0,0
8800047,none,cycle,1,0.13,fixed,0,27,,0,1,0,none,0.0020935949929209744,30,0.0,0
8800047,none,adaptive,1,0.13,fixed,0,27,,0,1,0,none,0.0020935949929209744,0,0.0,0
8800047,motor,repeat,1,0.13,fixed,1,27,28,1,0,0,undetermined,0.7518994251959851,0,0.031905070064412594,32
8800047,motor,random,1,0.13,fixed,1,27,28,1,1,1,motor,0.0005480921457024996,28,0.031392084322288336,32
8800047,motor,cycle,1,0.13,fixed,1,27,28,1,1,1,motor,0.002000289777890436,30,0.029996058990571072,32
8800047,motor,adaptive,1,0.13,fixed,1,27,28,1,1,1,motor,0.000613553054717257,24,0.031229583475953483,32
8800047,external,repeat,1,0.13,fixed,1,27,28,1,0,0,undetermined,0.4653583664352299,0,0.031905070064412594,32
8800047,external,random,1,0.13,fixed,1,27,28,1,1,1,external,0.0005480921457024907,28,0.031392084322288336,32
8800047,external,cycle,1,0.13,fixed,1,27,28,1,1,1,external,0.002000289777890421,30,0.02999605899057107,32
8800047,external,adaptive,1,0.13,fixed,1,27,28,1,1,1,external,0.0006135530547172318,24,0.031229583475953487,32
8800047,sensor,repeat,1,0.13,fixed,1,27,28,1,0,0,undetermined,0.7482724538400692,0,0.031905070064412594,32
8800047,sensor,random,1,0.13,fixed,1,27,28,1,1,1,sensor,0.0005480921457024912,28,0.031392084322288336,32
8800047,sensor,cycle,1,0.13,fixed,1,27,28,1,1,1,sensor,0.0020002897778904453,30,0.02999605899057107,32
8800047,sensor,adaptive,1,0.13,fixed,1,27,28,1,1,1,sensor,0.000613553054717243,24,0.03122958347595349,32
8800047,motor_external,repeat,1,0.13,fixed,1,27,29,1,0,0,undetermined,1.308019487269875,0,0.03279930242160614,31
8800047,motor_external,random,1,0.13,fixed,1,27,29,1,1,1,motor_external,0.0005539095870841787,28,0.03225990260191073,31
8800047,motor_external,cycle,1,0.13,fixed,1,27,29,1,1,1,motor_external,0.0022518405954145954,30,0.030601056487938736,31
8800047,motor_external,adaptive,1,0.13,fixed,1,27,29,1,1,1,motor_external,0.0015725084264116794,23,0.030988062779119228,31
8800047,external_sensor,repeat,1,0.13,fixed,1,27,28,1,0,0,undetermined,0.4653583664352299,0,0.031905070064412594,32
8800047,external_sensor,random,1,0.13,fixed,1,27,28,1,1,1,external_sensor,0.0005480921457024907,28,0.031392084322288336,32
8800047,external_sensor,cycle,1,0.13,fixed,1,27,28,1,1,1,external_sensor,0.002000289777890421,30,0.02999605899057107,32
8800047,external_sensor,adaptive,1,0.13,fixed,1,27,28,1,1,1,external_sensor,0.0006135530547172318,24,0.031229583475953487,32
8800047,nonlinear,repeat,1,0.13,fixed,1,27,28,1,0,0,undetermined,1.1652308547101335,0,0.03190507006441261,32
8800047,nonlinear,random,1,0.13,fixed,1,27,28,1,0,0,unknown,0.3544058882190577,28,0.3158505083123978,32
8800047,nonlinear,cycle,1,0.13,fixed,1,27,28,1,0,0,unknown,0.3398314664261731,30,0.36046566041778794,32
8800047,nonlinear,adaptive,1,0.13,fixed,1,27,28,1,0,0,unknown,0.3467537741745709,24,0.3462008503163922,32
8800094,none,repeat,1,0.13,fixed,0,30,,0,1,0,none,0.00858411046711513,0,0.0,0
8800094,none,random,1,0.13,fixed,0,30,,0,1,0,none,0.00858411046711513,32,0.0,0
8800094,none,cycle,1,0.13,fixed,0,30,,0,1,0,none,0.00858411046711513,30,0.0,0
8800094,none,adaptive,1,0.13,fixed,0,30,,0,1,0,none,0.00858411046711513,0,0.0,0
8800094,motor,repeat,1,0.13,fixed,1,30,31,1,0,0,undetermined,0.7606200697395356,0,0.041600187645102406,29
8800094,motor,random,1,0.13,fixed,1,30,35,1,1,1,motor,0.004887215596450764,32,0.03899460900019785,25
8800094,motor,cycle,1,0.13,fixed,1,30,32,1,1,1,motor,0.002540412303899143,30,0.04164061504273197,28
8800094,motor,adaptive,1,0.13,fixed,1,30,31,1,1,1,motor,0.004150133041534573,21,0.03827499359353041,29
8800094,external,repeat,1,0.13,fixed,1,30,31,1,0,0,undetermined,0.5871715236040052,0,0.041600187645102385,29
8800094,external,random,1,0.13,fixed,1,30,31,1,1,1,external,0.0035699056875277226,32,0.04028306606514191,29
8800094,external,cycle,1,0.13,fixed,1,30,31,1,1,1,external,0.002626050937698185,30,0.040281069894699366,29
8800094,external,adaptive,1,0.13,fixed,1,30,31,1,1,1,external,0.004150133041534574,21,0.038274993593530406,29
8800094,sensor,repeat,1,0.13,fixed,1,30,31,1,0,0,undetermined,0.7551485525047816,0,0.041600187645102406,29
8800094,sensor,random,1,0.13,fixed,1,30,31,1,1,1,sensor,0.0035699056875277647,32,0.04028306606514189,29
8800094,sensor,cycle,1,0.13,fixed,1,30,31,1,1,1,sensor,0.002626050937698208,30,0.040281069894699366,29
8800094,sensor,adaptive,1,0.13,fixed,1,30,31,1,1,1,sensor,0.004150133041534556,21,0.03827499359353041,29
8800094,motor_external,repeat,1,0.13,fixed,1,30,31,1,0,0,undetermined,0.5857781478731001,0,0.041600187645102385,29
8800094,motor_external,random,1,0.13,fixed,1,30,31,1,1,1,motor_external,0.0035699056875277413,32,0.040283066065141884,29
8800094,motor_external,cycle,1,0.13,fixed,1,30,31,1,1,1,motor_external,0.0026260509376981847,30,0.040281069894699366,29
8800094,motor_external,adaptive,1,0.13,fixed,1,30,31,1,1,1,motor_external,0.004150133041534573,21,0.03827499359353041,29
8800094,external_sensor,repeat,1,0.13,fixed,1,30,31,1,0,0,undetermined,0.5871715236040052,0,0.041600187645102385,29
8800094,external_sensor,random,1,0.13,fixed,1,30,31,1,1,1,external_sensor,0.0035699056875277226,32,0.04028306606514191,29
8800094,external_sensor,cycle,1,0.13,fixed,1,30,31,1,1,1,external_sensor,0.002626050937698185,30,0.040281069894699366,29
8800094,external_sensor,adaptive,1,0.13,fixed,1,30,31,1,1,1,external_sensor,0.004150133041534574,21,0.038274993593530406,29
8800094,nonlinear,repeat,1,0.13,fixed,1,30,31,1,0,0,undetermined,1.1859149410553247,0,0.04160018764510242,29
8800094,nonlinear,random,1,0.13,fixed,1,30,35,1,0,0,unknown,0.36360701388688427,32,0.34699625652469707,25
8800094,nonlinear,cycle,1,0.13,fixed,1,30,32,1,0,0,unknown,0.3377927818852193,30,0.3619873710234508,28
8800094,nonlinear,adaptive,1,0.13,fixed,1,30,31,1,0,0,unknown,0.35368378020634844,21,0.3584302117067547,29
8800141,none,repeat,1,0.13,fixed,0,27,,0,1,0,none,0.005836125299462926,0,0.0,0
8800141,none,random,1,0.13,fixed,0,27,,0,1,0,none,0.005836125299462926,33,0.0,0
8800141,none,cycle,1,0.13,fixed,0,27,,0,1,0,none,0.005836125299462926,30,0.0,0
8800141,none,adaptive,1,0.13,fixed,0,27,,0,1,0,none,0.005836125299462926,0,0.0,0
8800141,motor,repeat,1,0.13,fixed,1,27,28,1,0,0,undetermined,0.7572719343335489,0,0.03412457229078602,32
8800141,motor,random,1,0.13,fixed,1,27,28,1,1,1,motor,0.002976994612409641,33,0.03166826101266944,32
8800141,motor,cycle,1,0.13,fixed,1,27,28,1,1,1,motor,0.0015847814784702274,30,0.03318756432776378,32
8800141,motor,adaptive,1,0.13,fixed,1,27,28,1,1,1,motor,0.002188228719912391,24,0.03221684271357787,32
8800141,external,repeat,1,0.13,fixed,1,27,28,1,0,0,undetermined,1.6359195420571981,0,0.03412457229078601,32
8800141,external,random,1,0.13,fixed,1,27,28,1,1,1,external,0.0029769946124096466,33,0.03166826101266944,32
8800141,external,cycle,1,0.13,fixed,1,27,28,1,1,1,external,0.0015847814784702217,30,0.033187564327763784,32
8800141,external,adaptive,1,0.13,fixed,1,27,28,1,1,1,external,0.0021882287199123975,24,0.03221684271357787,32
8800141,sensor,repeat,1,0.13,fixed,1,27,28,1,0,0,undetermined,0.7533970558493222,0,0.03412457229078602,32
8800141,sensor,random,1,0.13,fixed,1,27,28,1,1,1,sensor,0.00297699461240965,33,0.03166826101266943,32
8800141,sensor,cycle,1,0.13,fixed,1,27,28,1,1,1,sensor,0.0015847814784702113,30,0.03318756432776378,32
8800141,sensor,adaptive,1,0.13,fixed,1,27,28,1,1,1,sensor,0.002188228719912402,24,0.03221684271357787,32
8800141,motor_external,repeat,1,0.13,fixed,1,27,28,1,0,0,undetermined,0.8441726990720555,0,0.03412457229078602,32
8800141,motor_external,random,1,0.13,fixed,1,27,28,1,1,1,motor_external,0.002976994612409644,33,0.03166826101266944,32
8800141,motor_external,cycle,1,0.13,fixed,1,27,28,1,1,1,motor_external,0.0015847814784702482,30,0.03318756432776378,32
8800141,motor_external,adaptive,1,0.13,fixed,1,27,28,1,1,1,motor_external,0.0021882287199123844,24,0.03221684271357787,32
8800141,external_sensor,repeat,1,0.13,fixed,1,27,28,1,0,0,undetermined,1.6359195420571981,0,0.03412457229078601,32
8800141,external_sensor,random,1,0.13,fixed,1,27,28,1,1,1,external_sensor,0.0029769946124096466,33,0.03166826101266944,32
8800141,external_sensor,cycle,1,0.13,fixed,1,27,28,1,1,1,external_sensor,0.0015847814784702217,30,0.033187564327763784,32
8800141,external_sensor,adaptive,1,0.13,fixed,1,27,28,1,1,1,external_sensor,0.0021882287199123975,24,0.03221684271357787,32
8800141,nonlinear,repeat,1,0.13,fixed,1,27,28,1,0,0,undetermined,1.5415381656213234,0,0.034124572290786026,32
8800141,nonlinear,random,1,0.13,fixed,1,27,28,1,0,0,unknown,0.3837360439605989,33,0.3753151849936151,32
8800141,nonlinear,cycle,1,0.13,fixed,1,27,28,1,0,0,unknown,0.3373186435011203,30,0.38804588908618565,32
8800141,nonlinear,adaptive,1,0.13,fixed,1,27,28,1,0,0,unknown,0.34437726492636767,24,0.3648912583929663,32
8800188,none,repeat,1,0.13,fixed,0,32,,0,1,0,none,0.0024333693636955584,0,0.0,0
8800188,none,random,1,0.13,fixed,0,32,,0,1,0,none,0.0024333693636955584,33,0.0,0
8800188,none,cycle,1,0.13,fixed,0,32,,0,1,0,none,0.0024333693636955584,30,0.0,0
8800188,none,adaptive,1,0.13,fixed,0,32,,0,1,0,none,0.0024333693636955584,0,0.0,0
8800188,motor,repeat,1,0.13,fixed,1,32,33,1,0,0,undetermined,0.7519618220849703,0,0.032246920899842435,27
8800188,motor,random,1,0.13,fixed,1,32,34,1,1,1,motor,0.007240076713337711,33,0.02474472876970344,26
8800188,motor,cycle,1,0.13,fixed,1,32,33,1,1,1,motor,0.007393314351502686,30,0.02522873002875417,27
8800188,motor,adaptive,1,0.13,fixed,1,32,33,1,1,1,motor,0.0026423180634750623,20,0.029496772813488198,27
8800188,external,repeat,1,0.13,fixed,1,32,33,1,0,0,undetermined,0.7688811000808753,0,0.032246920899842435,27
8800188,external,random,1,0.13,fixed,1,32,33,1,1,1,external,0.0075978070373688466,33,0.02614167353361705,27
8800188,external,cycle,1,0.13,fixed,1,32,33,1,1,1,external,0.007393314351502716,30,0.025228730028754174,27
8800188,external,adaptive,1,0.13,fixed,1,32,33,1,1,1,external,0.002642318063475033,20,0.029496772813488194,27
8800188,sensor,repeat,1,0.13,fixed,1,32,34,1,0,0,undetermined,0.7413503954675029,0,0.030723637614798856,26
8800188,sensor,random,1,0.13,fixed,1,32,34,1,1,1,sensor,0.007240076713337705,33,0.024744728769703444,26
8800188,sensor,cycle,1,0.13,fixed,1,32,34,1,1,1,sensor,0.006414464045627783,30,0.02506039461317559,26
8800188,sensor,adaptive,1,0.13,fixed,1,32,34,1,1,1,sensor,0.0046050160674859526,19,0.02576740445945819,26
8800188,motor_external,repeat,1,0.13,fixed,1,32,33,1,0,0,undetermined,0.4621573346732067,0,0.03224692089984244,27
8800188,motor_external,random,1,0.13,fixed,1,32,34,1,1,1,motor_external,0.00724007671333768,33,0.024744728769703444,26
8800188,motor_external,cycle,1,0.13,fixed,1,32,34,1,1,1,motor_external,0.006414464045627846,30,0.025060394613175593,26
8800188,motor_external,adaptive,1,0.13,fixed,1,32,33,1,1,1,motor_external,0.0026423180634750727,20,0.0294967728134882,27
8800188,external_sensor,repeat,1,0.13,fixed,1,32,33,1,0,0,undetermined,0.7688811000808753,0,0.032246920899842435,27
8800188,external_sensor,random,1,0.13,fixed,1,32,33,1,1,1,external_sensor,0.0075978070373688466,33,0.02614167353361705,27
8800188,external_sensor,cycle,1,0.13,fixed,1,32,33,1,1,1,external_sensor,0.007393314351502716,30,0.025228730028754174,27
8800188,external_sensor,adaptive,1,0.13,fixed,1,32,33,1,1,1,external_sensor,0.002642318063475033,20,0.029496772813488194,27
8800188,nonlinear,repeat,1,0.13,fixed,1,32,33,1,0,0,undetermined,0.983337186546762,0,0.03224692089984244,27
8800188,nonlinear,random,1,0.13,fixed,1,32,34,1,0,0,unknown,0.4418184838740261,33,0.2767035219103793,26
8800188,nonlinear,cycle,1,0.13,fixed,1,32,33,1,0,0,unknown,0.3480254358817492,30,0.3713840585126348,27
8800188,nonlinear,adaptive,1,0.13,fixed,1,32,33,1,0,0,unknown,0.35395630606200634,20,0.38238946568075344,27
8800235,none,repeat,1,0.13,fixed,0,32,,0,1,0,none,0.004476623837346703,0,0.0,0
8800235,none,random,1,0.13,fixed,0,32,,0,1,0,none,0.004476623837346703,32,0.0,0
8800235,none,cycle,1,0.13,fixed,0,32,,0,1,0,none,0.004476623837346703,30,0.0,0
8800235,none,adaptive,1,0.13,fixed,0,32,,0,1,0,none,0.004476623837346703,0,0.0,0
8800235,motor,repeat,1,0.13,fixed,1,32,33,1,0,0,undetermined,0.7535563363574805,0,0.037490376618823526,27
8800235,motor,random,1,0.13,fixed,1,32,33,1,1,1,motor,0.009450771495203004,32,0.030644402420359942,27
8800235,motor,cycle,1,0.13,fixed,1,32,33,1,1,1,motor,0.004386146632552884,30,0.03356167299367388,27
8800235,motor,adaptive,1,0.13,fixed,1,32,33,1,1,1,motor,0.0012549871581901634,20,0.036568292814467586,27
8800235,external,repeat,1,0.13,fixed,1,32,33,1,0,0,undetermined,0.4596152706532516,0,0.037490376618823526,27
8800235,external,random,1,0.13,fixed,1,32,33,1,1,1,external,0.009450771495202999,32,0.030644402420359942,27
8800235,external,cycle,1,0.13,fixed,1,32,33,1,1,1,external,0.004386146632552818,30,0.03356167299367389,27
8800235,external,adaptive,1,0.13,fixed,1,32,33,1,1,1,external,0.001254987158190167,20,0.03656829281446759,27
8800235,sensor,repeat,1,0.13,fixed,1,32,33,1,0,0,undetermined,0.7565151182462747,0,0.037490376618823526,27
8800235,sensor,random,1,0.13,fixed,1,32,33,1,1,1,sensor,0.009450771495203016,32,0.030644402420359942,27
8800235,sensor,cycle,1,0.13,fixed,1,32,33,1,1,1,sensor,0.004386146632552822,30,0.033561672993673866,27
8800235,sensor,adaptive,1,0.13,fixed,1,32,33,1,1,1,sensor,0.0012549871581901593,20,0.036568292814467586,27
8800235,motor_external,repeat,1,0.13,fixed,1,32,33,1,0,0,undetermined,1.2873226854080302,0,0.03749037661882353,27
8800235,motor_external,random,1,0.13,fixed,1,32,33,1,1,1,motor_external,0.009450771495202997,32,0.030644402420359936,27
8800235,motor_external,cycle,1,0.13,fixed,1,32,33,1,1,1,motor_external,0.004386146632552877,30,0.033561672993673866,27
8800235,motor_external,adaptive,1,0.13,fixed,1,32,33,1,1,1,motor_external,0.001254987158190154,20,0.03656829281446759,27
8800235,external_sensor,repeat,1,0.13,fixed,1,32,33,1,0,0,undetermined,0.4596152706532516,0,0.037490376618823526,27
8800235,external_sensor,random,1,0.13,fixed,1,32,33,1,1,1,external_sensor,0.009450771495202999,32,0.030644402420359942,27
8800235,external_sensor,cycle,1,0.13,fixed,1,32,33,1,1,1,external_sensor,0.004386146632552818,30,0.03356167299367389,27
8800235,external_sensor,adaptive,1,0.13,fixed,1,32,33,1,1,1,external_sensor,0.001254987158190167,20,0.03656829281446759,27
8800235,nonlinear,repeat,1,0.13,fixed,1,32,33,1,0,0,undetermined,1.5510956920191232,0,0.037490376618823526,27
8800235,nonlinear,random,1,0.13,fixed,1,32,38,1,0,0,unknown,0.41656111022087294,32,0.2689718812187789,22
8800235,nonlinear,cycle,1,0.13,fixed,1,32,34,1,0,0,unknown,0.3442758362589256,30,0.3198887637604526,26
8800235,nonlinear,adaptive,1,0.13,fixed,1,32,33,1,0,0,unknown,0.34774323194930407,20,0.37278746004812596,27
8800282,none,repeat,1,0.13,fixed,0,33,,0,1,0,none,0.0016819114129626989,0,0.0,0
8800282,none,random,1,0.13,fixed,0,33,,0,1,0,none,0.0016819114129626989,32,0.0,0
8800282,none,cycle,1,0.13,fixed,0,33,,0,1,0,none,0.0016819114129626989,30,0.0,0
8800282,none,adaptive,1,0.13,fixed,0,33,,0,1,0,none,0.0016819114129626989,0,0.0,0
8800282,motor,repeat,1,0.13,fixed,1,33,34,1,0,0,undetermined,0.7626530152213794,0,0.03178775917460843,26
8800282,motor,random,1,0.13,fixed,1,33,34,1,1,1,motor,0.002621778889691005,32,0.03145104872293564,26
8800282,motor,cycle,1,0.13,fixed,1,33,34,1,1,1,motor,0.00787901600204625,30,0.02595332122209216,26
8800282,motor,adaptive,1,0.13,fixed,1,33,34,1,1,1,motor,0.002291218202981534,19,0.031120039588140032,26
8800282,external,repeat,1,0.13,fixed,1,33,34,1,0,0,undetermined,1.6598345683815912,0,0.03178775917460843,26
8800282,external,random,1,0.13,fixed,1,33,34,1,1,1,external,0.002621778889690983,32,0.03145104872293564,26
8800282,external,cycle,1,0.13,fixed,1,33,34,1,1,1,external,0.00787901600204623,30,0.025953321222092166,26
8800282,external,adaptive,1,0.13,fixed,1,33,34,1,1,1,external,0.0022912182029815307,19,0.031120039588140025,26
8800282,sensor,repeat,1,0.13,fixed,1,33,34,1,0,0,undetermined,0.7542222071746474,0,0.03178775917460844,26
8800282,sensor,random,1,0.13,fixed,1,33,34,1,1,1,sensor,0.002621778889690996,32,0.03145104872293564,26
8800282,sensor,cycle,1,0.13,fixed,1,33,34,1,1,1,sensor,0.00787901600204623,30,0.025953321222092172,26
8800282,sensor,adaptive,1,0.13,fixed,1,33,34,1,1,1,sensor,0.0022912182029815346,19,0.031120039588140025,26
8800282,motor_external,repeat,1,0.13,fixed,1,33,34,1,0,0,undetermined,0.9400091112044464,0,0.03178775917460844,26
8800282,motor_external,random,1,0.13,fixed,1,33,34,1,1,1,motor_external,0.0026217788896909936,32,0.031451048722935644,26
8800282,motor_external,cycle,1,0.13,fixed,1,33,34,1,1,1,motor_external,0.007879016002046262,30,0.025953321222092166,26
8800282,motor_external,adaptive,1,0.13,fixed,1,33,34,1,1,1,motor_external,0.0022912182029815363,19,0.031120039588140032,26
8800282,external_sensor,repeat,1,0.13,fixed,1,33,34,1,0,0,undetermined,1.6598345683815912,0,0.03178775917460843,26
8800282,external_sensor,random,1,0.13,fixed,1,33,34,1,1,1,external_sensor,0.002621778889690983,32,0.03145104872293564,26
8800282,external_sensor,cycle,1,0.13,fixed,1,33,34,1,1,1,external_sensor,0.00787901600204623,30,0.025953321222092166,26
8800282,external_sensor,adaptive,1,0.13,fixed,1,33,34,1,1,1,external_sensor,0.0022912182029815307,19,0.031120039588140025,26
8800282,nonlinear,repeat,1,0.13,fixed,1,33,34,1,0,0,undetermined,1.3464334619122473,0,0.03178775917460844,26
8800282,nonlinear,random,1,0.13,fixed,1,33,34,1,0,0,unknown,0.39529268564499886,32,0.32254257995281055,26
8800282,nonlinear,cycle,1,0.13,fixed,1,33,34,1,0,0,unknown,0.34315066323112825,30,0.41180871212711057,26
8800282,nonlinear,adaptive,1,0.13,fixed,1,33,34,1,0,0,unknown,0.3559425902956013,19,0.3250249931777424,26
8800329,none,repeat,1,0.13,fixed,0,34,,0,1,0,none,0.004975504862613991,0,0.0,0
8800329,none,random,1,0.13,fixed,0,34,,0,1,0,none,0.004975504862613991,27,0.0,0
8800329,none,cycle,1,0.13,fixed,0,34,,0,1,0,none,0.004975504862613991,30,0.0,0
8800329,none,adaptive,1,0.13,fixed,0,34,,0,1,0,none,0.004975504862613991,0,0.0,0
8800329,motor,repeat,1,0.13,fixed,1,34,35,1,0,0,undetermined,0.7525660551552001,0,0.022893568711144154,25
8800329,motor,random,1,0.13,fixed,1,34,35,1,1,1,motor,0.0014527163088293444,27,0.021642722543056374,25
8800329,motor,cycle,1,0.13,fixed,1,34,35,1,1,1,motor,0.002055789736688362,30,0.02115839705685033,25
8800329,motor,adaptive,1,0.13,fixed,1,34,35,1,1,1,motor,0.0029352949659460312,18,0.01940672755898392,25
8800329,external,repeat,1,0.13,fixed,1,34,35,1,0,0,undetermined,1.622364741429185,0,0.02289356871114415,25
8800329,external,random,1,0.13,fixed,1,34,35,1,1,1,external,0.0014527163088293336,27,0.02164272254305637,25
8800329,external,cycle,1,0.13,fixed,1,34,35,1,1,1,external,0.0020557897366883524,30,0.02115839705685033,25
8800329,external,adaptive,1,0.13,fixed,1,34,35,1,1,1,external,0.002935294965945981,18,0.01940672755898392,25
8800329,sensor,repeat,1,0.13,fixed,1,34,35,1,0,0,undetermined,0.7453336911976133,0,0.022893568711144154,25
8800329,sensor,random,1,0.13,fixed,1,34,35,1,1,1,sensor,0.001452716308829332,27,0.02164272254305637,25
8800329,sensor,cycle,1,0.13,fixed,1,34,35,1,1,1,sensor,0.00205578973668836,30,0.021158397056850325,25
8800329,sensor,adaptive,1,0.13,fixed,1,34,35,1,1,1,sensor,0.002935294965945992,18,0.019406727558983924,25
8800329,motor_external,repeat,1,0.13,fixed,1,34,35,1,0,0,undetermined,0.8339864801333313,0,0.022893568711144154,25
8800329,motor_external,random,1,0.13,fixed,1,34,35,1,1,1,motor_external,0.001452716308829351,27,0.021642722543056377,25
8800329,motor_external,cycle,1,0.13,fixed,1,34,35,1,1,1,motor_external,0.002055789736688356,30,0.02115839705685033,25
8800329,motor_external,adaptive,1,0.13,fixed,1,34,35,1,1,1,motor_external,0.0029352949659460204,18,0.019406727558983924,25
8800329,external_sensor,repeat,1,0.13,fixed,1,34,35,1,0,0,undetermined,1.622364741429185,0,0.02289356871114415,25
8800329,external_sensor,random,1,0.13,fixed,1,34,35,1,1,1,external_sensor,0.0014527163088293336,27,0.02164272254305637,25
8800329,external_sensor,cycle,1,0.13,fixed,1,34,35,1,1,1,external_sensor,0.0020557897366883524,30,0.02115839705685033,25
8800329,external_sensor,adaptive,1,0.13,fixed,1,34,35,1,1,1,external_sensor,0.002935294965945981,18,0.01940672755898392,25
8800329,nonlinear,repeat,1,0.13,fixed,1,34,35,1,0,0,undetermined,0.9839997948718002,0,0.02289356871114415,25
8800329,nonlinear,random,1,0.13,fixed,1,34,35,1,0,0,unknown,0.36338518904894884,27,0.36595395370559997,25
8800329,nonlinear,cycle,1,0.13,fixed,1,34,35,1,0,0,unknown,0.3362557897366883,30,0.33252919365149375,25
8800329,nonlinear,adaptive,1,0.13,fixed,1,34,35,1,0,0,unknown,0.355922623389258,18,0.3526069527053142,25
8800376,none,repeat,1,0.13,fixed,0,29,,0,1,0,none,0.0039008778314164596,0,0.0,0
8800376,none,random,1,0.13,fixed,0,29,,0,1,0,none,0.0039008778314164596,28,0.0,0
8800376,none,cycle,1,0.13,fixed,0,29,,0,1,0,none,0.0039008778314164596,30,0.0,0
8800376,none,adaptive,1,0.13,fixed,0,29,,0,1,0,none,0.0039008778314164596,0,0.0,0
8800376,motor,repeat,1,0.13,fixed,1,29,30,1,0,0,undetermined,0.746034956562237,0,0.0328906708876875,30
8800376,motor,random,1,0.13,fixed,1,29,30,1,1,1,motor,0.006839721939761243,28,0.030577780672982786,30
8800376,motor,cycle,1,0.13,fixed,1,29,30,1,1,1,motor,0.007695220310025806,30,0.029504290909545174,30
8800376,motor,adaptive,1,0.13,fixed,1,29,30,1,1,1,motor,0.005474122136542012,22,0.031500092764728475,30
8800376,external,repeat,1,0.13,fixed,1,29,30,1,0,0,undetermined,1.5286960847962665,0,0.032890670887687504,30
8800376,external,random,1,0.13,fixed,1,29,30,1,1,1,external,0.00683972193976126,28,0.030577780672982783,30
8800376,external,cycle,1,0.13,fixed,1,29,30,1,1,1,external,0.0076952203100257854,30,0.029504290909545174,30
8800376,external,adaptive,1,0.13,fixed,1,29,30,1,1,1,external,0.005474122136541978,22,0.031500092764728475,30
8800376,sensor,repeat,1,0.13,fixed,1,29,30,1,0,0,undetermined,0.7704247638861097,0,0.0328906708876875,30
8800376,sensor,random,1,0.13,fixed,1,29,30,1,1,1,sensor,0.006839721939761245,28,0.03057778067298278,30
8800376,sensor,cycle,1,0.13,fixed,1,29,30,1,1,1,sensor,0.007695220310025813,30,0.02950429090954517,30
8800376,sensor,adaptive,1,0.13,fixed,1,29,30,1,1,1,sensor,0.005474122136542028,22,0.031500092764728475,30
8800376,motor_external,repeat,1,0.13,fixed,1,29,30,1,0,0,undetermined,0.6137748666110977,0,0.032890670887687504,30
8800376,motor_external,random,1,0.13,fixed,1,29,30,1,1,1,motor_external,0.006839721939761284,28,0.030577780672982783,30
8800376,motor_external,cycle,1,0.13,fixed,1,29,30,1,1,1,motor_external,0.007695220310025802,30,0.029504290909545174,30
8800376,motor_external,adaptive,1,0.13,fixed,1,29,30,1,1,1,motor_external,0.00547412213654197,22,0.031500092764728475,30
8800376,external_sensor,repeat,1,0.13,fixed,1,29,30,1,0,0,undetermined,1.5286960847962665,0,0.032890670887687504,30
8800376,external_sensor,random,1,0.13,fixed,1,29,30,1,1,1,external_sensor,0.00683972193976126,28,0.030577780672982783,30
8800376,external_sensor,cycle,1,0.13,fixed,1,29,30,1,1,1,external_sensor,0.0076952203100257854,30,0.029504290909545174,30
8800376,external_sensor,adaptive,1,0.13,fixed,1,29,30,1,1,1,external_sensor,0.005474122136541978,22,0.031500092764728475,30
8800376,nonlinear,repeat,1,0.13,fixed,1,29,30,1,0,0,undetermined,0.9794447247579295,0,0.0328906708876875,30
8800376,nonlinear,random,1,0.13,fixed,1,29,30,1,0,0,unknown,0.3817296937090903,28,0.29571557686399275,30
8800376,nonlinear,cycle,1,0.13,fixed,1,29,30,1,0,0,unknown,0.3418952203100257,30,0.34492538386505117,30
8800376,nonlinear,adaptive,1,0.13,fixed,1,29,30,1,0,0,unknown,0.35915976990832543,22,0.35989121619776016,30
8800423,none,repeat,1,0.13,fixed,0,33,,0,1,0,none,0.0036135043118407074,0,0.0,0
8800423,none,random,1,0.13,fixed,0,33,,0,1,0,none,0.0036135043118407074,29,0.0,0
8800423,none,cycle,1,0.13,fixed,0,33,,0,1,0,none,0.0036135043118407074,30,0.0,0
8800423,none,adaptive,1,0.13,fixed,0,33,,0,1,0,none,0.0036135043118407074,0,0.0,0
8800423,motor,repeat,1,0.13,fixed,1,33,34,1,0,0,undetermined,0.739787386787716,0,0.0373543621328017,26
8800423,motor,random,1,0.13,fixed,1,33,34,1,1,1,motor,0.002158483015833988,29,0.03633868723179041,26
8800423,motor,cycle,1,0.13,fixed,1,33,34,1,1,1,motor,0.004070919050385921,30,0.034790670123632586,26
8800423,motor,adaptive,1,0.13,fixed,1,33,34,1,1,1,motor,0.004439575530759424,19,0.03359902848166804,26
8800423,external,repeat,1,0.13,fixed,1,33,34,1,0,0,undetermined,0.9560709623265187,0,0.037354362132801695,26
8800423,external,random,1,0.13,fixed,1,33,34,1,1,1,external,0.0021584830158339714,29,0.036338687231790415,26
8800423,external,cycle,1,0.13,fixed,1,33,34,1,1,1,external,0.00407091905038593,30,0.03479067012363259,26
8800423,external,adaptive,1,0.13,fixed,1,33,34,1,1,1,external,0.004439575530759447,19,0.03359902848166804,26
8800423,sensor,repeat,1,0.13,fixed,1,33,34,1,0,0,undetermined,0.746962354252272,0,0.037354362132801695,26
8800423,sensor,random,1,0.13,fixed,1,33,34,1,1,1,sensor,0.0021584830158339866,29,0.03633868723179041,26
8800423,sensor,cycle,1,0.13,fixed,1,33,34,1,1,1,sensor,0.004070919050385922,30,0.034790670123632586,26
8800423,sensor,adaptive,1,0.13,fixed,1,33,34,1,1,1,sensor,0.004439575530759443,19,0.03359902848166804,26
8800423,motor_external,repeat,1,0.13,fixed,1,33,34,1,0,0,undetermined,1.6406552220622046,0,0.037354362132801695,26
8800423,motor_external,random,1,0.13,fixed,1,33,34,1,1,1,motor_external,0.002158483015833989,29,0.03633868723179041,26
8800423,motor_external,cycle,1,0.13,fixed,1,33,34,1,1,1,motor_external,0.00407091905038592,30,0.034790670123632586,26
8800423,motor_external,adaptive,1,0.13,fixed,1,33,34,1,1,1,motor_external,0.004439575530759422,19,0.03359902848166804,26
8800423,external_sensor,repeat,1,0.13,fixed,1,33,34,1,0,0,undetermined,0.9560709623265187,0,0.037354362132801695,26
8800423,external_sensor,random,1,0.13,fixed,1,33,34,1,1,1,external_sensor,0.0021584830158339714,29,0.036338687231790415,26
8800423,external_sensor,cycle,1,0.13,fixed,1,33,34,1,1,1,external_sensor,0.00407091905038593,30,0.03479067012363259,26
8800423,external_sensor,adaptive,1,0.13,fixed,1,33,34,1,1,1,external_sensor,0.004439575530759447,19,0.03359902848166804,26
8800423,nonlinear,repeat,1,0.13,fixed,1,33,34,1,0,0,undetermined,0.9719622688943227,0,0.037354362132801695,26
8800423,nonlinear,random,1,0.13,fixed,1,33,34,1,0,0,unknown,0.37244357927204264,29,0.341752777608645,26
8800423,nonlinear,cycle,1,0.13,fixed,1,33,34,1,0,0,unknown,0.33909720091431,30,0.3571681990103199,26
8800423,nonlinear,adaptive,1,0.13,fixed,1,33,34,1,0,0,unknown,0.3473940868358249,19,0.40890883868193983,26
8800470,none,repeat,1,0.13,fixed,0,33,,0,1,0,none,0.0018013651838708154,0,0.0,0
8800470,none,random,1,0.13,fixed,0,33,,0,1,0,none,0.0018013651838708154,29,0.0,0
8800470,none,cycle,1,0.13,fixed,0,33,,0,1,0,none,0.0018013651838708154,30,0.0,0
8800470,none,adaptive,1,0.13,fixed,0,33,,0,1,0,none,0.0018013651838708154,0,0.0,0
8800470,motor,repeat,1,0.13,fixed,1,33,34,1,0,0,undetermined,0.7499293779150437,0,0.027149150115050653,26
8800470,motor,random,1,0.13,fixed,1,33,35,1,1,1,motor,0.005861133081361483,29,0.0238536242859916,25
8800470,motor,cycle,1,0.13,fixed,1,33,34,1,1,1,motor,0.002692992844101319,30,0.026403309155878664,26
8800470,motor,adaptive,1,0.13,fixed,1,33,34,1,1,1,motor,0.0024807799514151457,19,0.02643863073270203,26
8800470,external,repeat,1,0.13,fixed,1,33,34,1,0,0,undetermined,0.7512758138632472,0,0.027149150115050653,26
8800470,external,random,1,0.13,fixed,1,33,34,1,1,1,external,0.005086992321717481,29,0.02346780090513795,26
8800470,external,cycle,1,0.13,fixed,1,33,34,1,1,1,external,0.002692992844101339,30,0.026403309155878667,26
8800470,external,adaptive,1,0.13,fixed,1,33,34,1,1,1,external,0.0024807799514151383,19,0.02643863073270203,26
8800470,sensor,repeat,1,0.13,fixed,1,33,34,1,0,0,undetermined,0.7375429632664197,0,0.02714915011505066,26
8800470,sensor,random,1,0.13,fixed,1,33,34,1,1,1,sensor,0.005086992321717445,29,0.02346780090513795,26
8800470,sensor,cycle,1,0.13,fixed,1,33,34,1,1,1,sensor,0.002692992844101332,30,0.026403309155878667,26
8800470,sensor,adaptive,1,0.13,fixed,1,33,34,1,1,1,sensor,0.0024807799514151374,19,0.02643863073270203,26
8800470,motor_external,repeat,1,0.13,fixed,1,33,35,1,0,0,undetermined,1.607433565311204,0,0.027793209253653653,25
8800470,motor_external,random,1,0.13,fixed,1,33,34,1,1,1,motor_external,0.005086992321717443,29,0.023467800905137948,26
8800470,motor_external,cycle,1,0.13,fixed,1,33,34,1,1,1,motor_external,0.0026929928441013296,30,0.02640330915587867,26
8800470,motor_external,adaptive,1,0.13,fixed,1,33,35,1,1,1,motor_external,0.0025684908491694094,18,0.027174103145601487,25
8800470,external_sensor,repeat,1,0.13,fixed,1,33,34,1,0,0,undetermined,0.7512758138632472,0,0.027149150115050653,26
8800470,external_sensor,random,1,0.13,fixed,1,33,34,1,1,1,external_sensor,0.005086992321717481,29,0.02346780090513795,26
8800470,external_sensor,cycle,1,0.13,fixed,1,33,34,1,1,1,external_sensor,0.002692992844101339,30,0.026403309155878667,26
8800470,external_sensor,adaptive,1,0.13,fixed,1,33,34,1,1,1,external_sensor,0.0024807799514151383,19,0.02643863073270203,26
8800470,nonlinear,repeat,1,0.13,fixed,1,33,34,1,0,0,undetermined,1.3575846726886707,0,0.027149150115050653,26
8800470,nonlinear,random,1,0.13,fixed,1,33,35,1,0,0,unknown,0.4045074038156157,29,0.2929993485941375,25
8800470,nonlinear,cycle,1,0.13,fixed,1,33,34,1,0,0,unknown,0.3404495290501813,30,0.3638972099272407,26
8800470,nonlinear,adaptive,1,0.13,fixed,1,33,34,1,0,0,unknown,0.36713897402801743,19,0.3502708074751991,26
8800517,none,repeat,1,0.13,fixed,0,34,,0,1,0,none,0.003740585746632382,0,0.0,0
8800517,none,random,1,0.13,fixed,0,34,,0,1,0,none,0.003740585746632382,27,0.0,0
8800517,none,cycle,1,0.13,fixed,0,34,,0,1,0,none,0.003740585746632382,30,0.0,0
8800517,none,adaptive,1,0.13,fixed,0,34,,0,1,0,none,0.003740585746632382,0,0.0,0
8800517,motor,repeat,1,0.13,fixed,1,34,35,1,0,0,undetermined,0.7544920306840631,0,0.030506082637982542,25
8800517,motor,random,1,0.13,fixed,1,34,35,1,1,1,motor,0.0010277009087091688,27,0.029817959489787875,25
8800517,motor,cycle,1,0.13,fixed,1,34,35,1,1,1,motor,0.001590115655844665,30,0.029198183111403774,25
8800517,motor,adaptive,1,0.13,fixed,1,34,35,1,1,1,motor,0.001785357708125252,18,0.028656022822014765,25
8800517,external,repeat,1,0.13,fixed,1,34,35,1,0,0,undetermined,0.6065040582717238,0,0.030506082637982542,25
8800517,external,random,1,0.13,fixed,1,34,35,1,1,1,external,0.0010277009087091373,27,0.02981795948978787,25
8800517,external,cycle,1,0.13,fixed,1,34,35,1,1,1,external,0.0015901156558446716,30,0.02919818311140378,25
8800517,external,adaptive,1,0.13,fixed,1,34,35,1,1,1,external,0.0017853577081252893,18,0.028656022822014758,25
8800517,sensor,repeat,1,0.13,fixed,1,34,35,1,0,0,undetermined,0.7476292085176248,0,0.03050608263798255,25
8800517,sensor,random,1,0.13,fixed,1,34,35,1,1,1,sensor,0.0010277009087091458,27,0.029817959489787875,25
8800517,sensor,cycle,1,0.13,fixed,1,34,35,1,1,1,sensor,0.001590115655844666,30,0.029198183111403785,25
8800517,sensor,adaptive,1,0.13,fixed,1,34,35,1,1,1,sensor,0.0017853577081252902,18,0.028656022822014758,25
8800517,motor_external,repeat,1,0.13,fixed,1,34,36,1,0,0,undetermined,1.5066230975024677,0,0.030784105375896775,24
8800517,motor_external,random,1,0.13,fixed,1,34,35,1,1,1,motor_external,0.0010277009087091599,27,0.02981795948978788,25
8800517,motor_external,cycle,1,0.13,fixed,1,34,35,1,1,1,motor_external,0.0015901156558446726,30,0.02919818311140378,25
8800517,motor_external,adaptive,1,0.13,fixed,1,34,36,1,1,1,motor_external,0.001478105770825258,18,0.02958089816476504,24
8800517,external_sensor,repeat,1,0.13,fixed,1,34,35,1,0,0,undetermined,0.6065040582717238,0,0.030506082637982542,25
8800517,external_sensor,random,1,0.13,fixed,1,34,35,1,1,1,external_sensor,0.0010277009087091373,27,0.02981795948978787,25
8800517,external_sensor,cycle,1,0.13,fixed,1,34,35,1,1,1,external_sensor,0.0015901156558446716,30,0.02919818311140378,25
8800517,external_sensor,adaptive,1,0.13,fixed,1,34,35,1,1,1,external_sensor,0.0017853577081252893,18,0.028656022822014758,25
8800517,nonlinear,repeat,1,0.13,fixed,1,34,35,1,0,0,undetermined,1.1662584911159524,0,0.030506082637982542,25
8800517,nonlinear,random,1,0.13,fixed,1,34,35,1,0,0,unknown,0.35897394038497193,27,0.32609586837274024,25
8800517,nonlinear,cycle,1,0.13,fixed,1,34,35,1,0,0,unknown,0.33579011565584466,30,0.34292592985063886,25
8800517,nonlinear,adaptive,1,0.13,fixed,1,34,35,1,0,0,unknown,0.3498385134319235,18,0.39520147052124754,25
8800564,none,repeat,1,0.13,fixed,0,30,,0,1,0,none,0.005926659709406997,0,0.0,0
8800564,none,random,1,0.13,fixed,0,30,,0,1,0,none,0.005926659709406997,30,0.0,0
8800564,none,cycle,1,0.13,fixed,0,30,,0,1,0,none,0.005926659709406997,30,0.0,0
8800564,none,adaptive,1,0.13,fixed,0,30,,0,1,0,none,0.005926659709406997,0,0.0,0
8800564,motor,repeat,1,0.13,fixed,1,30,31,1,0,0,undetermined,0.7525319544108834,0,0.029981023720826627,29
8800564,motor,random,1,0.13,fixed,1,30,31,1,1,1,motor,0.002678062963834162,30,0.027473525175367344,29
8800564,motor,cycle,1,0.13,fixed,1,30,32,1,1,1,motor,0.0006765773146539179,30,0.03018892836870841,28
8800564,motor,adaptive,1,0.13,fixed,1,30,31,1,1,1,motor,0.001391906820485602,21,0.028440534377351178,29
8800564,external,repeat,1,0.13,fixed,1,30,31,1,0,0,undetermined,1.6440175473532554,0,0.02998102372082663,29
8800564,external,random,1,0.13,fixed,1,30,31,1,1,1,external,0.0026780629638341914,30,0.02747352517536734,29
8800564,external,cycle,1,0.13,fixed,1,30,31,1,1,1,external,0.0005959443628111787,30,0.029507963705587174,29
8800564,external,adaptive,1,0.13,fixed,1,30,31,1,1,1,external,0.0013919068204856233,21,0.028440534377351175,29
8800564,sensor,repeat,1,0.13,fixed,1,30,32,1,0,0,undetermined,0.7536382705482862,0,0.03067915199021964,28
8800564,sensor,random,1,0.13,fixed,1,30,32,1,1,1,sensor,0.002703045645071023,30,0.028229785468098286,28
8800564,sensor,cycle,1,0.13,fixed,1,30,32,1,1,1,sensor,0.0006765773146539166,30,0.030188928368708404,28
8800564,sensor,adaptive,1,0.13,fixed,1,30,32,1,1,1,sensor,0.0005622449596278201,21,0.03024864846866897,28
8800564,motor_external,repeat,1,0.13,fixed,1,30,31,1,0,0,undetermined,0.8668257700389809,0,0.029981023720826627,29
8800564,motor_external,random,1,0.13,fixed,1,30,31,1,1,1,motor_external,0.0026780629638341663,30,0.027473525175367355,29
8800564,motor_external,cycle,1,0.13,fixed,1,30,31,1,1,1,motor_external,0.0005959443628111682,30,0.02950796370558717,29
8800564,motor_external,adaptive,1,0.13,fixed,1,30,31,1,1,1,motor_external,0.0013919068204856205,21,0.028440534377351175,29
8800564,external_sensor,repeat,1,0.13,fixed,1,30,31,1,0,0,undetermined,1.6440175473532554,0,0.02998102372082663,29
8800564,external_sensor,random,1,0.13,fixed,1,30,31,1,1,1,external_sensor,0.0026780629638341914,30,0.02747352517536734,29
8800564,external_sensor,cycle,1,0.13,fixed,1,30,31,1,1,1,external_sensor,0.0005959443628111787,30,0.029507963705587174,29
8800564,external_sensor,adaptive,1,0.13,fixed,1,30,31,1,1,1,external_sensor,0.0013919068204856233,21,0.028440534377351175,29
8800564,nonlinear,repeat,1,0.13,fixed,1,30,31,1,0,0,undetermined,1.544390601081711,0,0.02998102372082663,29
8800564,nonlinear,random,1,0.13,fixed,1,30,31,1,0,0,unknown,0.3650609551508413,30,0.34303952016239025,29
8800564,nonlinear,cycle,1,0.13,fixed,1,30,32,1,0,0,unknown,0.3370721087757273,30,0.38739380237061954,28
8800564,nonlinear,adaptive,1,0.13,fixed,1,30,31,1,0,0,unknown,0.34870685970360105,21,0.36069207551736004,29
8800611,none,repeat,1,0.13,fixed,0,29,,0,1,0,none,0.0068978678836727455,0,0.0,0
8800611,none,random,1,0.13,fixed,0,29,,0,1,0,none,0.0068978678836727455,31,0.0,0
8800611,none,cycle,1,0.13,fixed,0,29,,0,1,0,none,0.0068978678836727455,30,0.0,0
8800611,none,adaptive,1,0.13,fixed,0,29,,0,1,0,none,0.0068978678836727455,0,0.0,0
8800611,motor,repeat,1,0.13,fixed,1,29,30,1,0,0,undetermined,0.7431709837719664,0,0.031003122473335535,30
8800611,motor,random,1,0.13,fixed,1,29,30,1,1,1,motor,0.007383216675133182,31,0.02537445338843489,30
8800611,motor,cycle,1,0.13,fixed,1,29,30,1,1,1,motor,0.0015526256835259682,30,0.030221504803879105,30
8800611,motor,adaptive,1,0.13,fixed,1,29,30,1,1,1,motor,0.002173461009371312,22,0.029155805539118878,30
8800611,external,repeat,1,0.13,fixed,1,29,30,1,0,0,undetermined,1.0400137870372215,0,0.031003122473335542,30
8800611,external,random,1,0.13,fixed,1,29,30,1,1,1,external,0.007383216675133189,31,0.02537445338843489,30
8800611,external,cycle,1,0.13,fixed,1,29,30,1,1,1,external,0.0015526256835259645,30,0.030221504803879105,30
8800611,external,adaptive,1,0.13,fixed,1,29,30,1,1,1,external,0.0021734610093713104,22,0.029155805539118878,30
8800611,sensor,repeat,1,0.13,fixed,1,29,30,1,0,0,undetermined,0.7546283823412667,0,0.03100312247333553,30
8800611,sensor,random,1,0.13,fixed,1,29,30,1,1,1,sensor,0.007383216675133211,31,0.025374453388434883,30
8800611,sensor,cycle,1,0.13,fixed,1,29,30,1,1,1,sensor,0.0015526256835259734,30,0.03022150480387911,30
8800611,sensor,adaptive,1,0.13,fixed,1,29,30,1,1,1,sensor,0.0021734610093713325,22,0.029155805539118874,30
8800611,motor_external,repeat,1,0.13,fixed,1,29,30,1,0,0,undetermined,0.4030478352606076,0,0.031003122473335542,30
8800611,motor_external,random,1,0.13,fixed,1,29,30,1,1,1,motor_external,0.007383216675133225,31,0.02537445338843488,30
8800611,motor_external,cycle,1,0.13,fixed,1,29,30,1,1,1,motor_external,0.0015526256835259676,30,0.03022150480387911,30
8800611,motor_external,adaptive,1,0.13,fixed,1,29,30,1,1,1,motor_external,0.002173461009371301,22,0.02915580553911889,30
8800611,external_sensor,repeat,1,0.13,fixed,1,29,30,1,0,0,undetermined,1.0400137870372215,0,0.031003122473335542,30
8800611,external_sensor,random,1,0.13,fixed,1,29,30,1,1,1,external_sensor,0.007383216675133189,31,0.02537445338843489,30
8800611,external_sensor,cycle,1,0.13,fixed,1,29,30,1,1,1,external_sensor,0.0015526256835259645,30,0.030221504803879105,30
8800611,external_sensor,adaptive,1,0.13,fixed,1,29,30,1,1,1,external_sensor,0.0021734610093713104,22,0.029155805539118878,30
8800611,nonlinear,repeat,1,0.13,fixed,1,29,30,1,0,0,undetermined,1.363988390379169,0,0.03100312247333554,30
8800611,nonlinear,random,1,0.13,fixed,1,29,30,1,0,0,unknown,0.3773073032421478,31,0.33592351776521073,30
8800611,nonlinear,cycle,1,0.13,fixed,1,29,30,1,0,0,unknown,0.3357526256835259,30,0.3810329041856807,30
8800611,nonlinear,adaptive,1,0.13,fixed,1,29,30,1,0,0,unknown,0.34870661014620646,22,0.416693067596822,30
8800658,none,repeat,1,0.13,fixed,0,30,,0,1,0,none,0.002806843805026336,0,0.0,0
8800658,none,random,1,0.13,fixed,0,30,,0,1,0,none,0.002806843805026336,32,0.0,0
8800658,none,cycle,1,0.13,fixed,0,30,,0,1,0,none,0.002806843805026336,30,0.0,0
8800658,none,adaptive,1,0.13,fixed,0,30,,0,1,0,none,0.002806843805026336,0,0.0,0
8800658,motor,repeat,1,0.13,fixed,1,30,31,1,0,0,undetermined,0.7545993803070605,0,0.041937961186727594,29
8800658,motor,random,1,0.13,fixed,1,30,31,1,1,1,motor,0.0010599451849079926,32,0.041173143750471417,29
8800658,motor,cycle,1,0.13,fixed,1,30,32,1,1,1,motor,0.0073675380542804186,30,0.03359437913400012,28
8800658,motor,adaptive,1,0.13,fixed,1,30,31,1,1,1,motor,0.0037344904569248556,21,0.03767262572089779,29
8800658,external,repeat,1,0.13,fixed,1,30,31,1,0,0,undetermined,0.6566049086235193,0,0.041937961186727615,29
8800658,external,random,1,0.13,fixed,1,30,31,1,1,1,external,0.0010599451849079848,32,0.04117314375047141,29
8800658,external,cycle,1,0.13,fixed,1,30,31,1,1,1,external,0.006916380047918033,30,0.035162345930992926,29
8800658,external,adaptive,1,0.13,fixed,1,30,31,1,1,1,external,0.0037344904569248565,21,0.037672625720897794,29
8800658,sensor,repeat,1,0.13,fixed,1,30,31,1,0,0,undetermined,0.7519504887703965,0,0.0419379611867276,29
8800658,sensor,random,1,0.13,fixed,1,30,31,1,1,1,sensor,0.0010599451849079911,32,0.041173143750471417,29
8800658,sensor,cycle,1,0.13,fixed,1,30,31,1,1,1,sensor,0.006916380047918035,30,0.03516234593099293,29
8800658,sensor,adaptive,1,0.13,fixed,1,30,31,1,1,1,sensor,0.0037344904569248613,21,0.03767262572089778,29
8800658,motor_external,repeat,1,0.13,fixed,1,30,31,1,0,0,undetermined,0.5273040805332345,0,0.041937961186727615,29
8800658,motor_external,random,1,0.13,fixed,1,30,31,1,1,1,motor_external,0.0010599451849079874,32,0.041173143750471417,29
8800658,motor_external,cycle,1,0.13,fixed,1,30,31,1,1,1,motor_external,0.0069163800479180625,30,0.035162345930992926,29
8800658,motor_external,adaptive,1,0.13,fixed,1,30,31,1,1,1,motor_external,0.0037344904569248565,21,0.03767262572089779,29
8800658,external_sensor,repeat,1,0.13,fixed,1,30,31,1,0,0,undetermined,0.6566049086235193,0,0.041937961186727615,29
8800658,external_sensor,random,1,0.13,fixed,1,30,31,1,1,1,external_sensor,0.0010599451849079848,32,0.04117314375047141,29
8800658,external_sensor,cycle,1,0.13,fixed,1,30,31,1,1,1,external_sensor,0.006916380047918033,30,0.035162345930992926,29
8800658,external_sensor,adaptive,1,0.13,fixed,1,30,31,1,1,1,external_sensor,0.0037344904569248565,21,0.037672625720897794,29
8800658,nonlinear,repeat,1,0.13,fixed,1,30,31,1,0,0,undetermined,1.541278073995744,0,0.041937961186727615,29
8800658,nonlinear,random,1,0.13,fixed,1,30,31,1,0,0,unknown,0.342678184403235,32,0.3466833105912322,29
8800658,nonlinear,cycle,1,0.13,fixed,1,30,32,1,0,0,unknown,0.3403425877017317,30,0.4141739332908517,28
8800658,nonlinear,adaptive,1,0.13,fixed,1,30,31,1,0,0,unknown,0.351700210262479,21,0.326884899818144,29
8800705,none,repeat,1,0.13,fixed,0,33,,0,1,0,none,0.010446855667313803,0,0.0,0
8800705,none,random,1,0.13,fixed,0,33,,0,1,0,none,0.010446855667313803,31,0.0,0
8800705,none,cycle,1,0.13,fixed,0,33,,0,1,0,none,0.010446855667313803,30,0.0,0
8800705,none,adaptive,1,0.13,fixed,0,33,,0,1,0,none,0.010446855667313803,0,0.0,0
8800705,motor,repeat,1,0.13,fixed,1,33,34,1,0,0,undetermined,0.7597698526319464,0,0.036629672211248264,26
8800705,motor,random,1,0.13,fixed,1,33,35,1,1,1,motor,0.0015996869540297822,31,0.036696097731957894,25
8800705,motor,cycle,1,0.13,fixed,1,33,34,1,1,1,motor,0.003940192092064514,30,0.03379120183796481,26
8800705,motor,adaptive,1,0.13,fixed,1,33,34,1,1,1,motor,0.005052433835752524,19,0.03189825049640789,26
8800705,external,repeat,1,0.13,fixed,1,33,34,1,0,0,undetermined,1.356623943262133,0,0.03662967221124826,26
8800705,external,random,1,0.13,fixed,1,33,34,1,1,1,external,0.0016917811784649835,31,0.03591968541665577,26
8800705,external,cycle,1,0.13,fixed,1,33,34,1,1,1,external,0.003940192092064547,30,0.0337912018379648,26
8800705,external,adaptive,1,0.13,fixed,1,33,34,1,1,1,external,0.005052433835752492,19,0.03189825049640789,26
8800705,sensor,repeat,1,0.13,fixed,1,33,34,1,0,0,undetermined,0.7471060715503498,0,0.03662967221124826,26
8800705,sensor,random,1,0.13,fixed,1,33,34,1,1,1,sensor,0.0016917811784649614,31,0.03591968541665577,26
8800705,sensor,cycle,1,0.13,fixed,1,33,34,1,1,1,sensor,0.003940192092064506,30,0.03379120183796481,26
8800705,sensor,adaptive,1,0.13,fixed,1,33,34,1,1,1,sensor,0.005052433835752496,19,0.03189825049640789,26
8800705,motor_external,repeat,1,0.13,fixed,1,33,34,1,0,0,undetermined,1.5915792211697315,0,0.03662967221124826,26
8800705,motor_external,random,1,0.13,fixed,1,33,34,1,1,1,motor_external,0.001691781178464738,31,0.03591968541665577,26
8800705,motor_external,cycle,1,0.13,fixed,1,33,34,1,1,1,motor_external,0.003940192092064502,30,0.03379120183796481,26
8800705,motor_external,adaptive,1,0.13,fixed,1,33,34,1,1,1,motor_external,0.0050524338357525265,19,0.03189825049640789,26
8800705,external_sensor,repeat,1,0.13,fixed,1,33,34,1,0,0,undetermined,1.356623943262133,0,0.03662967221124826,26
8800705,external_sensor,random,1,0.13,fixed,1,33,34,1,1,1,external_sensor,0.0016917811784649835,31,0.03591968541665577,26
8800705,external_sensor,cycle,1,0.13,fixed,1,33,34,1,1,1,external_sensor,0.003940192092064547,30,0.0337912018379648,26
8800705,external_sensor,adaptive,1,0.13,fixed,1,33,34,1,1,1,external_sensor,0.005052433835752492,19,0.03189825049640789,26
8800705,nonlinear,repeat,1,0.13,fixed,1,33,34,1,0,0,undetermined,1.527005117615306,0,0.03662967221124826,26
8800705,nonlinear,random,1,0.13,fixed,1,33,35,1,0,0,unknown,0.4147691762713376,31,0.3542966064469224,25
8800705,nonlinear,cycle,1,0.13,fixed,1,33,34,1,0,0,unknown,0.34001425358363774,30,0.34414474212451424,26
8800705,nonlinear,adaptive,1,0.13,fixed,1,33,34,1,0,0,unknown,0.3511215207426524,19,0.3974317005313466,26
8800752,none,repeat,1,0.13,fixed,0,30,,0,1,0,none,0.005106897780224215,0,0.0,0
8800752,none,random,1,0.13,fixed,0,30,,0,1,0,none,0.005106897780224215,34,0.0,0
8800752,none,cycle,1,0.13,fixed,0,30,,0,1,0,none,0.005106897780224215,30,0.0,0
8800752,none,adaptive,1,0.13,fixed,0,30,,0,1,0,none,0.005106897780224215,0,0.0,0
8800752,motor,repeat,1,0.13,fixed,1,30,31,1,0,0,undetermined,0.7626359337604944,0,0.03818651609643157,29
8800752,motor,random,1,0.13,fixed,1,30,31,1,1,1,motor,0.0047495725350140735,34,0.03656140560682285,29
8800752,motor,cycle,1,0.13,fixed,1,30,32,1,1,1,motor,0.0035200212420701065,30,0.037530347197005605,28
8800752,motor,adaptive,1,0.13,fixed,1,30,31,1,1,1,motor,0.004432760318203477,21,0.035845155516029646,29
8800752,external,repeat,1,0.13,fixed,1,30,31,1,0,0,undetermined,1.6402498067595666,0,0.038186516096431554,29
8800752,external,random,1,0.13,fixed,1,30,31,1,1,1,external,0.004749572535014069,34,0.03656140560682285,29
8800752,external,cycle,1,0.13,fixed,1,30,31,1,1,1,external,0.003616305944754718,30,0.0372122698460965,29
8800752,external,adaptive,1,0.13,fixed,1,30,31,1,1,1,external,0.0044327603182034835,21,0.03584515551602963,29
8800752,sensor,repeat,1,0.13,fixed,1,30,31,1,0,0,undetermined,0.7413668620288528,0,0.038186516096431554,29
8800752,sensor,random,1,0.13,fixed,1,30,31,1,1,1,sensor,0.004749572535014062,34,0.036561405606822854,29
8800752,sensor,cycle,1,0.13,fixed,1,30,31,1,1,1,sensor,0.003616305944754711,30,0.037212269846096484,29
8800752,sensor,adaptive,1,0.13,fixed,1,30,31,1,1,1,sensor,0.004432760318203471,21,0.03584515551602964,29
8800752,motor_external,repeat,1,0.13,fixed,1,30,31,1,0,0,undetermined,0.9586375035865098,0,0.03818651609643156,29
8800752,motor_external,random,1,0.13,fixed,1,30,31,1,1,1,motor_external,0.004749572535014051,34,0.03656140560682284,29
8800752,motor_external,cycle,1,0.13,fixed,1,30,31,1,1,1,motor_external,0.0036163059447547096,30,0.037212269846096505,29
8800752,motor_external,adaptive,1,0.13,fixed,1,30,31,1,1,1,motor_external,0.004432760318203509,21,0.03584515551602964,29
8800752,external_sensor,repeat,1,0.13,fixed,1,30,31,1,0,0,undetermined,1.6402498067595666,0,0.038186516096431554,29
8800752,external_sensor,random,1,0.13,fixed,1,30,31,1,1,1,external_sensor,0.004749572535014069,34,0.03656140560682285,29
8800752,external_sensor,cycle,1,0.13,fixed,1,30,31,1,1,1,external_sensor,0.003616305944754718,30,0.0372122698460965,29
8800752,external_sensor,adaptive,1,0.13,fixed,1,30,31,1,1,1,external_sensor,0.0044327603182034835,21,0.03584515551602963,29
8800752,nonlinear,repeat,1,0.13,fixed,1,30,31,1,0,0,undetermined,1.5131949501057258,0,0.038186516096431554,29
8800752,nonlinear,random,1,0.13,fixed,1,30,31,1,0,0,unknown,0.38677287166552843,34,0.34033502277641003,29
8800752,nonlinear,cycle,1,0.13,fixed,1,30,32,1,0,0,unknown,0.3362738539676146,30,0.3707479751638031,28
8800752,nonlinear,adaptive,1,0.13,fixed,1,30,31,1,0,0,unknown,0.3495883233084299,21,0.3707452383143325,29
8800799,none,repeat,1,0.13,fixed,0,27,,0,1,0,none,0.003855264065609979,0,0.0,0
8800799,none,random,1,0.13,fixed,0,27,,0,1,0,none,0.003855264065609979,33,0.0,0
8800799,none,cycle,1,0.13,fixed,0,27,,0,1,0,none,0.003855264065609979,30,0.0,0
8800799,none,adaptive,1,0.13,fixed,0,27,,0,1,0,none,0.003855264065609979,0,0.0,0
8800799,motor,repeat,1,0.13,fixed,1,27,28,1,0,0,undetermined,0.7513816548045866,0,0.03205036726594626,32
8800799,motor,random,1,0.13,fixed,1,27,28,1,1,1,motor,0.0030554247330565145,33,0.02963491676957529,32
8800799,motor,cycle,1,0.13,fixed,1,27,28,1,1,1,motor,0.0028284533401215697,30,0.029251299667281558,32
8800799,motor,adaptive,1,0.13,fixed,1,27,28,1,1,1,motor,0.0009767822745645105,24,0.030855973373820872,32
8800799,external,repeat,1,0.13,fixed,1,27,28,1,0,0,undetermined,1.044311446706751,0,0.03205036726594626,32
8800799,external,random,1,0.13,fixed,1,27,28,1,1,1,external,0.0030554247330572487,33,0.02963491676957529,32
8800799,external,cycle,1,0.13,fixed,1,27,28,1,1,1,external,0.0028284533401216577,30,0.029251299667281558,32
8800799,external,adaptive,1,0.13,fixed,1,27,28,1,1,1,external,0.0009767822745645098,24,0.030855973373820872,32
8800799,sensor,repeat,1,0.13,fixed,1,27,28,1,0,0,undetermined,0.7501674053312657,0,0.03205036726594626,32
8800799,sensor,random,1,0.13,fixed,1,27,28,1,1,1,sensor,0.0030554247330570996,33,0.02963491676957529,32
8800799,sensor,cycle,1,0.13,fixed,1,27,28,1,1,1,sensor,0.002828453340121637,30,0.029251299667281558,32
8800799,sensor,adaptive,1,0.13,fixed,1,27,28,1,1,1,sensor,0.0009767822745645012,24,0.030855973373820875,32
8800799,motor_external,repeat,1,0.13,fixed,1,27,28,1,0,0,undetermined,0.40375978050976,0,0.03205036726594626,32
8800799,motor_external,random,1,0.13,fixed,1,27,28,1,1,1,motor_external,0.003055424733056645,33,0.02963491676957529,32
8800799,motor_external,cycle,1,0.13,fixed,1,27,28,1,1,1,motor_external,0.0028284533401216057,30,0.02925129966728155,32
8800799,motor_external,adaptive,1,0.13,fixed,1,27,28,1,1,1,motor_external,0.0009767822745645044,24,0.030855973373820875,32
8800799,external_sensor,repeat,1,0.13,fixed,1,27,28,1,0,0,undetermined,1.044311446706751,0,0.03205036726594626,32
8800799,external_sensor,random,1,0.13,fixed,1,27,28,1,1,1,external_sensor,0.0030554247330572487,33,0.02963491676957529,32
8800799,external_sensor,cycle,1,0.13,fixed,1,27,28,1,1,1,external_sensor,0.0028284533401216577,30,0.029251299667281558,32
8800799,external_sensor,adaptive,1,0.13,fixed,1,27,28,1,1,1,external_sensor,0.0009767822745645098,24,0.030855973373820872,32
8800799,nonlinear,repeat,1,0.13,fixed,1,27,28,1,0,0,undetermined,1.1684769662767127,0,0.03205036726594626,32
8800799,nonlinear,random,1,0.13,fixed,1,27,28,1,0,1,motor_external,0.4218200081736646,33,0.28543242261338486,32
8800799,nonlinear,cycle,1,0.13,fixed,1,27,28,1,0,0,unknown,0.3409695243612495,30,0.34322633002413944,32
8800799,nonlinear,adaptive,1,0.13,fixed,1,27,28,1,0,0,unknown,0.3485617928245084,24,0.3746232556737176,32
8800846,none,repeat,1,0.13,fixed,0,28,,0,1,0,none,0.0023057763118882525,0,0.0,0
8800846,none,random,1,0.13,fixed,0,28,,0,1,0,none,0.0023057763118882525,26,0.0,0
8800846,none,cycle,1,0.13,fixed,0,28,,0,1,0,none,0.0023057763118882525,30,0.0,0
8800846,none,adaptive,1,0.13,fixed,0,28,,0,1,0,none,0.0023057763118882525,0,0.0,0
8800846,motor,repeat,1,0.13,fixed,1,28,29,1,0,0,undetermined,0.7578134893761408,0,0.03531379952640772,31
8800846,motor,random,1,0.13,fixed,1,28,30,1,1,1,motor,0.004062983208477073,26,0.03191738674827716,30
8800846,motor,cycle,1,0.13,fixed,1,28,29,1,1,1,motor,0.003832043747050827,30,0.03424896870547509,31
8800846,motor,adaptive,1,0.13,fixed,1,28,29,1,1,1,motor,0.005737474147260788,23,0.031898290492710465,31
8800846,external,repeat,1,0.13,fixed,1,28,29,1,0,0,undetermined,1.371146123393645,0,0.03531379952640772,31
8800846,external,random,1,0.13,fixed,1,28,29,1,1,1,external,0.0045517161779743565,26,0.033519586482936264,31
8800846,external,cycle,1,0.13,fixed,1,28,29,1,1,1,external,0.003832043747050816,30,0.03424896870547509,31
8800846,external,adaptive,1,0.13,fixed,1,28,29,1,1,1,external,0.005737474147260798,23,0.03189829049271045,31
8800846,sensor,repeat,1,0.13,fixed,1,28,29,1,0,0,undetermined,0.7647653457290298,0,0.035313799526407716,31
8800846,sensor,random,1,0.13,fixed,1,28,29,1,1,1,sensor,0.004551716177974363,26,0.03351958648293628,31
8800846,sensor,cycle,1,0.13,fixed,1,28,29,1,1,1,sensor,0.003832043747050839,30,0.0342489687054751,31
8800846,sensor,adaptive,1,0.13,fixed,1,28,29,1,1,1,sensor,0.005737474147260802,23,0.03189829049271046,31
8800846,motor_external,repeat,1,0.13,fixed,1,28,29,1,0,0,undetermined,0.5007626347414503,0,0.03531379952640772,31
8800846,motor_external,random,1,0.13,fixed,1,28,29,1,1,1,motor_external,0.004551716177974359,26,0.03351958648293627,31
8800846,motor_external,cycle,1,0.13,fixed,1,28,29,1,1,1,motor_external,0.0038320437470508464,30,0.03424896870547509,31
8800846,motor_external,adaptive,1,0.13,fixed,1,28,29,1,1,1,motor_external,0.005737474147260786,23,0.03189829049271046,31
8800846,external_sensor,repeat,1,0.13,fixed,1,28,29,1,0,0,undetermined,1.371146123393645,0,0.03531379952640772,31
8800846,external_sensor,random,1,0.13,fixed,1,28,29,1,1,1,external_sensor,0.0045517161779743565,26,0.033519586482936264,31
8800846,external_sensor,cycle,1,0.13,fixed,1,28,29,1,1,1,external_sensor,0.003832043747050816,30,0.03424896870547509,31
8800846,external_sensor,adaptive,1,0.13,fixed,1,28,29,1,1,1,external_sensor,0.005737474147260798,23,0.03189829049271045,31
8800846,nonlinear,repeat,1,0.13,fixed,1,28,29,1,0,0,undetermined,1.563014000987083,0,0.03531379952640773,31
8800846,nonlinear,random,1,0.13,fixed,1,28,30,1,0,1,motor_external,0.6113152851995082,26,0.252109550930236,30
8800846,nonlinear,cycle,1,0.13,fixed,1,28,29,1,0,0,unknown,0.3393993485681541,30,0.3430463871667363,31
8800846,nonlinear,adaptive,1,0.13,fixed,1,28,29,1,0,0,unknown,0.34485339689425565,23,0.42286212397218603,31
8800893,none,repeat,1,0.13,fixed,0,33,,0,1,0,none,0.005726212473346492,0,0.0,0
8800893,none,random,1,0.13,fixed,0,33,,0,1,0,none,0.005726212473346492,33,0.0,0
8800893,none,cycle,1,0.13,fixed,0,33,,0,1,0,none,0.005726212473346492,30,0.0,0
8800893,none,adaptive,1,0.13,fixed,0,33,,0,1,0,none,0.005726212473346492,0,0.0,0
8800893,motor,repeat,1,0.13,fixed,1,33,34,1,0,0,undetermined,0.7578407561506327,0,0.036230207395923864,26
8800893,motor,random,1,0.13,fixed,1,33,34,1,1,1,motor,0.004020366774965689,33,0.032852276433657526,26
8800893,motor,cycle,1,0.13,fixed,1,33,34,1,1,1,motor,0.004909605580088813,30,0.03209421026434018,26
8800893,motor,adaptive,1,0.13,fixed,1,33,34,1,1,1,motor,0.006497136139585881,19,0.02951469307441266,26
8800893,external,repeat,1,0.13,fixed,1,33,34,1,0,0,undetermined,1.6238743654907242,0,0.03623020739592387,26
8800893,external,random,1,0.13,fixed,1,33,34,1,1,1,external,0.004020366774965667,33,0.03285227643365752,26
8800893,external,cycle,1,0.13,fixed,1,33,34,1,1,1,external,0.004909605580088813,30,0.03209421026434017,26
8800893,external,adaptive,1,0.13,fixed,1,33,34,1,1,1,external,0.006497136139585883,19,0.029514693074412648,26
8800893,sensor,repeat,1,0.13,fixed,1,33,34,1,0,0,undetermined,0.7443174680158136,0,0.03623020739592388,26
8800893,sensor,random,1,0.13,fixed,1,33,34,1,1,1,sensor,0.0040203667749656655,33,0.03285227643365752,26
8800893,sensor,cycle,1,0.13,fixed,1,33,34,1,1,1,sensor,0.0049096055800887765,30,0.03209421026434018,26
8800893,sensor,adaptive,1,0.13,fixed,1,33,34,1,1,1,sensor,0.0064971361395858756,19,0.029514693074412658,26
8800893,motor_external,repeat,1,0.13,fixed,1,33,34,1,0,0,undetermined,1.2329873467979187,0,0.03623020739592387,26
8800893,motor_external,random,1,0.13,fixed,1,33,34,1,1,1,motor_external,0.004020366774965646,33,0.032852276433657526,26
8800893,motor_external,cycle,1,0.13,fixed,1,33,34,1,1,1,motor_external,0.004909605580088823,30,0.03209421026434018,26
8800893,motor_external,adaptive,1,0.13,fixed,1,33,34,1,1,1,motor_external,0.006497136139585913,19,0.02951469307441266,26
8800893,external_sensor,repeat,1,0.13,fixed,1,33,34,1,0,0,undetermined,1.6238743654907242,0,0.03623020739592387,26
8800893,external_sensor,random,1,0.13,fixed,1,33,34,1,1,1,external_sensor,0.004020366774965667,33,0.03285227643365752,26
8800893,external_sensor,cycle,1,0.13,fixed,1,33,34,1,1,1,external_sensor,0.004909605580088813,30,0.03209421026434017,26
8800893,external_sensor,adaptive,1,0.13,fixed,1,33,34,1,1,1,external_sensor,0.006497136139585883,19,0.029514693074412648,26
8800893,nonlinear,repeat,1,0.13,fixed,1,33,34,1,0,0,undetermined,1.3499501279632562,0,0.03623020739592387,26
8800893,nonlinear,random,1,0.13,fixed,1,33,34,1,0,0,unknown,0.3544348673058413,33,0.31604786910795524,26
8800893,nonlinear,cycle,1,0.13,fixed,1,33,34,1,0,0,unknown,0.34442217729341673,30,0.36473196942807456,26
8800893,nonlinear,adaptive,1,0.13,fixed,1,33,34,1,0,0,unknown,0.3673020585708768,19,0.321880420504718,26
8800940,none,repeat,1,0.13,fixed,0,33,,0,1,0,none,0.0031128786471412034,0,0.0,0
8800940,none,random,1,0.13,fixed,0,33,,0,1,0,none,0.0031128786471412034,35,0.0,0
8800940,none,cycle,1,0.13,fixed,0,33,,0,1,0,none,0.0031128786471412034,30,0.0,0
8800940,none,adaptive,1,0.13,fixed,0,33,,0,1,0,none,0.0031128786471412034,0,0.0,0
8800940,motor,repeat,1,0.13,fixed,1,33,34,1,0,0,undetermined,0.7617308732858732,0,0.04245179452453973,26
8800940,motor,random,1,0.13,fixed,1,33,34,1,1,1,motor,0.005849613481673246,35,0.041333913579861825,26
8800940,motor,cycle,1,0.13,fixed,1,33,34,1,1,1,motor,0.006568877427644708,30,0.03928320692824995,26
8800940,motor,adaptive,1,0.13,fixed,1,33,34,1,1,1,motor,0.004191827363671658,19,0.041744189016136996,26
8800940,external,repeat,1,0.13,fixed,1,33,34,1,0,0,undetermined,1.4317130199595263,0,0.04245179452453973,26
8800940,external,random,1,0.13,fixed,1,33,34,1,1,1,external,0.005849613481673212,35,0.041333913579861825,26
8800940,external,cycle,1,0.13,fixed,1,33,34,1,1,1,external,0.006568877427644776,30,0.03928320692824995,26
8800940,external,adaptive,1,0.13,fixed,1,33,34,1,1,1,external,0.004191827363671664,19,0.041744189016137,26
8800940,sensor,repeat,1,0.13,fixed,1,33,34,1,0,0,undetermined,0.7661138212967069,0,0.04245179452453973,26
8800940,sensor,random,1,0.13,fixed,1,33,34,1,1,1,sensor,0.005849613481673249,35,0.04133391357986183,26
8800940,sensor,cycle,1,0.13,fixed,1,33,34,1,1,1,sensor,0.0065688774276447676,30,0.039283206928249964,26
8800940,sensor,adaptive,1,0.13,fixed,1,33,34,1,1,1,sensor,0.00419182736367167,19,0.04174418901613701,26
8800940,motor_external,repeat,1,0.13,fixed,1,33,34,1,0,0,undetermined,1.5729432595026454,0,0.042451794524539725,26
8800940,motor_external,random,1,0.13,fixed,1,33,34,1,1,1,motor_external,0.005849613481673209,35,0.041333913579861825,26
8800940,motor_external,cycle,1,0.13,fixed,1,33,34,1,1,1,motor_external,0.006568877427644737,30,0.03928320692824995,26
8800940,motor_external,adaptive,1,0.13,fixed,1,33,34,1,1,1,motor_external,0.004191827363671663,19,0.041744189016136996,26
8800940,external_sensor,repeat,1,0.13,fixed,1,33,34,1,0,0,undetermined,1.4317130199595263,0,0.04245179452453973,26
8800940,external_sensor,random,1,0.13,fixed,1,33,34,1,1,1,external_sensor,0.005849613481673212,35,0.041333913579861825,26
8800940,external_sensor,cycle,1,0.13,fixed,1,33,34,1,1,1,external_sensor,0.006568877427644776,30,0.03928320692824995,26
8800940,external_sensor,adaptive,1,0.13,fixed,1,33,34,1,1,1,external_sensor,0.004191827363671664,19,0.041744189016137,26
8800940,nonlinear,repeat,1,0.13,fixed,1,33,34,1,0,0,undetermined,1.5619053980597495,0,0.04245179452453973,26
8800940,nonlinear,random,1,0.13,fixed,1,33,34,1,0,0,unknown,0.47004922324429244,35,0.28939941025794097,26
8800940,nonlinear,cycle,1,0.13,fixed,1,33,34,1,0,0,unknown,0.3443473276214914,30,0.45439184051424825,26
8800940,nonlinear,adaptive,1,0.13,fixed,1,33,34,1,0,0,unknown,0.34412568891559403,19,0.4086495024923692,26
8800987,none,repeat,1,0.13,fixed,0,29,,0,1,0,none,0.004682409135164223,0,0.0,0
8800987,none,random,1,0.13,fixed,0,29,,0,1,0,none,0.004682409135164223,25,0.0,0
8800987,none,cycle,1,0.13,fixed,0,29,,0,1,0,none,0.004682409135164223,30,0.0,0
8800987,none,adaptive,1,0.13,fixed,0,29,,0,1,0,none,0.004682409135164223,0,0.0,0
8800987,motor,repeat,1,0.13,fixed,1,29,30,1,0,0,undetermined,0.7495588172799673,0,0.038975322449716805,30
8800987,motor,random,1,0.13,fixed,1,29,30,1,1,1,motor,0.00381744441473023,25,0.03482479359970903,30
8800987,motor,cycle,1,0.13,fixed,1,29,30,1,1,1,motor,0.0028013437342626736,30,0.03746565130868943,30
8800987,motor,adaptive,1,0.13,fixed,1,29,30,1,1,1,motor,0.0018635117103617872,22,0.038262287111607486,30
8800987,external,repeat,1,0.13,fixed,1,29,30,1,0,0,undetermined,1.5999236492128925,0,0.03897532244971681,30
8800987,external,random,1,0.13,fixed,1,29,30,1,1,1,external,0.003817444414730281,25,0.034824793599709025,30
8800987,external,cycle,1,0.13,fixed,1,29,30,1,1,1,external,0.002801343734262677,30,0.037465651308689424,30
8800987,external,adaptive,1,0.13,fixed,1,29,30,1,1,1,external,0.0018635117103617798,22,0.03826228711160749,30
8800987,sensor,repeat,1,0.13,fixed,1,29,30,1,0,0,undetermined,0.7397071979981117,0,0.038975322449716805,30
8800987,sensor,random,1,0.13,fixed,1,29,30,1,1,1,sensor,0.0038174444147302993,25,0.03482479359970903,30
8800987,sensor,cycle,1,0.13,fixed,1,29,30,1,1,1,sensor,0.002801343734262691,30,0.03746565130868944,30
8800987,sensor,adaptive,1,0.13,fixed,1,29,30,1,1,1,sensor,0.0018635117103617746,22,0.038262287111607486,30
8800987,motor_external,repeat,1,0.13,fixed,1,29,30,1,0,0,undetermined,1.2550608701077812,0,0.038975322449716805,30
8800987,motor_external,random,1,0.13,fixed,1,29,30,1,1,1,motor_external,0.00381744441473023,25,0.034824793599709025,30
8800987,motor_external,cycle,1,0.13,fixed,1,29,30,1,1,1,motor_external,0.0028013437342626784,30,0.03746565130868943,30
8800987,motor_external,adaptive,1,0.13,fixed,1,29,30,1,1,1,motor_external,0.0018635117103617735,22,0.038262287111607486,30
8800987,external_sensor,repeat,1,0.13,fixed,1,29,30,1,0,0,undetermined,1.5999236492128925,0,0.03897532244971681,30
8800987,external_sensor,random,1,0.13,fixed,1,29,30,1,1,1,external_sensor,0.003817444414730281,25,0.034824793599709025,30
8800987,external_sensor,cycle,1,0.13,fixed,1,29,30,1,1,1,external_sensor,0.002801343734262677,30,0.037465651308689424,30
8800987,external_sensor,adaptive,1,0.13,fixed,1,29,30,1,1,1,external_sensor,0.0018635117103617798,22,0.03826228711160749,30
8800987,nonlinear,repeat,1,0.13,fixed,1,29,30,1,0,0,undetermined,1.522402241137174,0,0.0389753224497168,30
8800987,nonlinear,random,1,0.13,fixed,1,29,30,1,0,0,unknown,0.4310033090360628,25,0.32358065613548265,30
8800987,nonlinear,cycle,1,0.13,fixed,1,29,30,1,0,0,unknown,0.33700134373426277,30,0.37648940349791515,30
8800987,nonlinear,adaptive,1,0.13,fixed,1,29,30,1,0,0,unknown,0.35838290310112975,22,0.34121514941883757,30
8801034,none,repeat,1,0.13,fixed,0,28,,0,1,0,none,0.0049224223991529426,0,0.0,0
8801034,none,random,1,0.13,fixed,0,28,,0,1,0,none,0.0049224223991529426,28,0.0,0
8801034,none,cycle,1,0.13,fixed,0,28,,0,1,0,none,0.0049224223991529426,30,0.0,0
8801034,none,adaptive,1,0.13,fixed,0,28,,0,1,0,none,0.0049224223991529426,0,0.0,0
8801034,motor,repeat,1,0.13,fixed,1,28,29,1,0,0,undetermined,0.7497212807158257,0,0.029462381741015668,31
8801034,motor,random,1,0.13,fixed,1,28,30,1,1,1,motor,0.0024602237854573143,28,0.028651225489622078,30
8801034,motor,cycle,1,0.13,fixed,1,28,29,1,1,1,motor,0.0024758280107936067,30,0.026924354769361683,31
8801034,motor,adaptive,1,0.13,fixed,1,28,29,1,1,1,motor,0.0005323212877148344,23,0.028817546408309393,31
8801034,external,repeat,1,0.13,fixed,1,28,29,1,0,0,undetermined,1.575165414920829,0,0.029462381741015675,31
8801034,external,random,1,0.13,fixed,1,28,29,1,1,1,external,0.002523611582810662,28,0.02810591545302443,31
8801034,external,cycle,1,0.13,fixed,1,28,29,1,1,1,external,0.002475828010793602,30,0.02692435476936169,31
8801034,external,adaptive,1,0.13,fixed,1,28,29,1,1,1,external,0.0005323212877148332,23,0.02881754640830939,31
8801034,sensor,repeat,1,0.13,fixed,1,28,29,1,0,0,undetermined,0.7488747881675644,0,0.029462381741015668,31
8801034,sensor,random,1,0.13,fixed,1,28,29,1,1,1,sensor,0.0025236115828106602,28,0.02810591545302442,31
8801034,sensor,cycle,1,0.13,fixed,1,28,29,1,1,1,sensor,0.0024758280107935885,30,0.02692435476936168,31
8801034,sensor,adaptive,1,0.13,fixed,1,28,29,1,1,1,sensor,0.0005323212877148418,23,0.028817546408309386,31
8801034,motor_external,repeat,1,0.13,fixed,1,28,29,1,0,0,undetermined,0.7139367807162288,0,0.029462381741015668,31
8801034,motor_external,random,1,0.13,fixed,1,28,29,1,1,1,motor_external,0.0025236115828106698,28,0.028105915453024422,31
8801034,motor_external,cycle,1,0.13,fixed,1,28,29,1,1,1,motor_external,0.002475828010793608,30,0.026924354769361687,31
8801034,motor_external,adaptive,1,0.13,fixed,1,28,29,1,1,1,motor_external,0.0005323212877148317,23,0.028817546408309393,31
8801034,external_sensor,repeat,1,0.13,fixed,1,28,29,1,0,0,undetermined,1.575165414920829,0,0.029462381741015675,31
8801034,external_sensor,random,1,0.13,fixed,1,28,29,1,1,1,external_sensor,0.002523611582810662,28,0.02810591545302443,31
8801034,external_sensor,cycle,1,0.13,fixed,1,28,29,1,1,1,external_sensor,0.002475828010793602,30,0.02692435476936169,31
8801034,external_sensor,adaptive,1,0.13,fixed,1,28,29,1,1,1,external_sensor,0.0005323212877148332,23,0.02881754640830939,31
8801034,nonlinear,repeat,1,0.13,fixed,1,28,29,1,0,0,undetermined,1.1644107478700279,0,0.029462381741015658,31
8801034,nonlinear,random,1,0.13,fixed,1,28,32,1,0,0,unknown,0.40618403111007584,28,0.30665438988420995,28
8801034,nonlinear,cycle,1,0.13,fixed,1,28,30,1,0,0,unknown,0.33764629555924175,30,0.3763296021366272,30
8801034,nonlinear,adaptive,1,0.13,fixed,1,28,29,1,0,0,unknown,0.3499408353630319,23,0.3961314274789866,31
8801081,none,repeat,1,0.13,fixed,0,32,,0,1,0,none,0.0025873802251682623,0,0.0,0
8801081,none,random,1,0.13,fixed,0,32,,0,1,0,none,0.0025873802251682623,31,0.0,0
8801081,none,cycle,1,0.13,fixed,0,32,,0,1,0,none,0.0025873802251682623,30,0.0,0
8801081,none,adaptive,1,0.13,fixed,0,32,,0,1,0,none,0.0025873802251682623,0,0.0,0
8801081,motor,repeat,1,0.13,fixed,1,32,33,1,0,0,undetermined,0.760137698290136,0,0.04040428755701777,27
8801081,motor,random,1,0.13,fixed,1,32,33,1,1,1,motor,0.0035551676529995994,31,0.038779337791251,27
8801081,motor,cycle,1,0.13,fixed,1,32,33,1,1,1,motor,0.004317284222463755,30,0.037475287737926376,27
8801081,motor,adaptive,1,0.13,fixed,1,32,33,1,1,1,motor,0.004951810770402044,20,0.03630278450625293,27
8801081,external,repeat,1,0.13,fixed,1,32,33,1,0,0,undetermined,1.0375248671170163,0,0.040404287557017776,27
8801081,external,random,1,0.13,fixed,1,32,33,1,1,1,external,0.0035551676529995734,31,0.038779337791251,27
8801081,external,cycle,1,0.13,fixed,1,32,33,1,1,1,external,0.004317284222463701,30,0.037475287737926376,27
8801081,external,adaptive,1,0.13,fixed,1,32,33,1,1,1,external,0.004951810770402024,20,0.03630278450625293,27
8801081,sensor,repeat,1,0.13,fixed,1,32,33,1,0,0,undetermined,0.7578107637098981,0,0.04040428755701777,27
8801081,sensor,random,1,0.13,fixed,1,32,33,1,1,1,sensor,0.003555167652999589,31,0.038779337791251,27
8801081,sensor,cycle,1,0.13,fixed,1,32,33,1,1,1,sensor,0.0043172842224637265,30,0.037475287737926376,27
8801081,sensor,adaptive,1,0.13,fixed,1,32,33,1,1,1,sensor,0.004951810770402035,20,0.036302784506252926,27
8801081,motor_external,repeat,1,0.13,fixed,1,32,33,1,0,0,undetermined,0.40508666320114656,0,0.04040428755701776,27
8801081,motor_external,random,1,0.13,fixed,1,32,33,1,1,1,motor_external,0.0035551676529995773,31,0.038779337791251,27
8801081,motor_external,cycle,1,0.13,fixed,1,32,33,1,1,1,motor_external,0.00431728422246375,30,0.037475287737926376,27
8801081,motor_external,adaptive,1,0.13,fixed,1,32,33,1,1,1,motor_external,0.004951810770402037,20,0.03630278450625293,27
8801081,external_sensor,repeat,1,0.13,fixed,1,32,33,1,0,0,undetermined,1.0375248671170163,0,0.040404287557017776,27
8801081,external_sensor,random,1,0.13,fixed,1,32,33,1,1,1,external_sensor,0.0035551676529995734,31,0.038779337791251,27
8801081,external_sensor,cycle,1,0.13,fixed,1,32,33,1,1,1,external_sensor,0.004317284222463701,30,0.037475287737926376,27
8801081,external_sensor,adaptive,1,0.13,fixed,1,32,33,1,1,1,external_sensor,0.004951810770402024,20,0.03630278450625293,27
8801081,nonlinear,repeat,1,0.13,fixed,1,32,33,1,0,0,undetermined,1.1905111932990586,0,0.04040428755701777,27
8801081,nonlinear,random,1,0.13,fixed,1,32,33,1,0,0,unknown,0.3532716716912812,31,0.35680218557265514,27
8801081,nonlinear,cycle,1,0.13,fixed,1,32,33,1,0,0,unknown,0.3372864700944375,30,0.36912875439628684,27
8801081,nonlinear,adaptive,1,0.13,fixed,1,32,33,1,0,0,unknown,0.3595506089922303,20,0.3673723690083413,27
8801128,none,repeat,1,0.13,fixed,0,34,,0,1,0,none,0.0035914398339451864,0,0.0,0
8801128,none,random,1,0.13,fixed,0,34,,0,1,0,none,0.0035914398339451864,29,0.0,0
8801128,none,cycle,1,0.13,fixed,0,34,,0,1,0,none,0.0035914398339451864,30,0.0,0
8801128,none,adaptive,1,0.13,fixed,0,34,,0,1,0,none,0.0035914398339451864,0,0.0,0
8801128,motor,repeat,1,0.13,fixed,1,34,35,1,0,0,undetermined,0.7516878692584146,0,0.02294855436711503,25
8801128,motor,random,1,0.13,fixed,1,34,36,1,1,1,motor,0.0019222228483316665,29,0.021191901073243136,24
8801128,motor,cycle,1,0.13,fixed,1,34,35,1,1,1,motor,0.00201568992184607,30,0.021120202274506436,25
8801128,motor,adaptive,1,0.13,fixed,1,34,35,1,1,1,motor,0.0011902622967470424,18,0.021735911654923782,25
8801128,external,repeat,1,0.13,fixed,1,34,35,1,0,0,undetermined,0.8988111003867681,0,0.022948554367115022,25
8801128,external,random,1,0.13,fixed,1,34,35,1,1,1,external,0.00143913974147517,29,0.021286605224737448,25
8801128,external,cycle,1,0.13,fixed,1,34,35,1,1,1,external,0.0020156899218460754,30,0.021120202274506426,25
8801128,external,adaptive,1,0.13,fixed,1,34,35,1,1,1,external,0.0011902622967470344,18,0.021735911654923775,25
8801128,sensor,repeat,1,0.13,fixed,1,34,35,1,0,0,undetermined,0.7462934940047784,0,0.022948554367115022,25
8801128,sensor,random,1,0.13,fixed,1,34,35,1,1,1,sensor,0.0014391397414751676,29,0.021286605224737454,25
8801128,sensor,cycle,1,0.13,fixed,1,34,35,1,1,1,sensor,0.00201568992184607,30,0.02112020227450644,25
8801128,sensor,adaptive,1,0.13,fixed,1,34,35,1,1,1,sensor,0.0011902622967470352,18,0.021735911654923775,25
8801128,motor_external,repeat,1,0.13,fixed,1,34,35,1,0,0,undetermined,1.6531060363898642,0,0.022948554367115022,25
8801128,motor_external,random,1,0.13,fixed,1,34,35,1,1,1,motor_external,0.0014391397414752532,29,0.021286605224737448,25
8801128,motor_external,cycle,1,0.13,fixed,1,34,35,1,1,1,motor_external,0.0020156899218460684,30,0.021120202274506436,25
8801128,motor_external,adaptive,1,0.13,fixed,1,34,35,1,1,1,motor_external,0.001190262296747042,18,0.02173591165492377,25
8801128,external_sensor,repeat,1,0.13,fixed,1,34,35,1,0,0,undetermined,0.8988111003867681,0,0.022948554367115022,25
8801128,external_sensor,random,1,0.13,fixed,1,34,35,1,1,1,external_sensor,0.00143913974147517,29,0.021286605224737448,25
8801128,external_sensor,cycle,1,0.13,fixed,1,34,35,1,1,1,external_sensor,0.0020156899218460754,30,0.021120202274506426,25
8801128,external_sensor,adaptive,1,0.13,fixed,1,34,35,1,1,1,external_sensor,0.0011902622967470344,18,0.021735911654923775,25
8801128,nonlinear,repeat,1,0.13,fixed,1,34,35,1,0,0,undetermined,1.1610991710980656,0,0.022948554367115022,25
8801128,nonlinear,random,1,0.13,fixed,1,34,36,1,0,0,unknown,0.4459191635515605,29,0.29892259680639377,24
8801128,nonlinear,cycle,1,0.13,fixed,1,34,35,1,0,0,unknown,0.3362156899218461,30,0.3603652705312376,25
8801128,nonlinear,adaptive,1,0.13,fixed,1,34,35,1,0,0,unknown,0.3491817675702462,18,0.3590668853355487,25
8801175,none,repeat,1,0.13,fixed,0,30,,0,1,0,none,0.011744881916596115,0,0.0,0
8801175,none,random,1,0.13,fixed,0,30,,0,1,0,none,0.011744881916596115,35,0.0,0
8801175,none,cycle,1,0.13,fixed,0,30,,0,1,0,none,0.011744881916596115,30,0.0,0
8801175,none,adaptive,1,0.13,fixed,0,30,,0,1,0,none,0.011744881916596115,0,0.0,0
8801175,motor,repeat,1,0.13,fixed,1,30,31,1,0,0,undetermined,0.7486150044379496,0,0.036840102367731685,29
8801175,motor,random,1,0.13,fixed,1,30,31,1,1,1,motor,0.0015521523511605561,35,0.03556588565039416,29
8801175,motor,cycle,1,0.13,fixed,1,30,32,1,1,1,motor,0.004007502715467847,30,0.03318873605293555,28
8801175,motor,adaptive,1,0.13,fixed,1,30,31,1,1,1,motor,0.002734914482522993,21,0.03356216782999589,29
8801175,external,repeat,1,0.13,fixed,1,30,31,1,0,0,undetermined,1.6546502742570095,0,0.036840102367731685,29
8801175,external,random,1,0.13,fixed,1,30,31,1,1,1,external,0.0015521523511605735,35,0.03556588565039415,29
8801175,external,cycle,1,0.13,fixed,1,30,31,1,1,1,external,0.003963135275687944,30,0.03293474552849083,29
8801175,external,adaptive,1,0.13,fixed,1,30,31,1,1,1,external,0.002734914482522979,21,0.03356216782999589,29
8801175,sensor,repeat,1,0.13,fixed,1,30,31,1,0,0,undetermined,0.7497323324184297,0,0.03684010236773169,29
8801175,sensor,random,1,0.13,fixed,1,30,31,1,1,1,sensor,0.0015521523511605741,35,0.03556588565039415,29
8801175,sensor,cycle,1,0.13,fixed,1,30,31,1,1,1,sensor,0.003963135275687945,30,0.032934745528490836,29
8801175,sensor,adaptive,1,0.13,fixed,1,30,31,1,1,1,sensor,0.0027349144825229922,21,0.03356216782999589,29
8801175,motor_external,repeat,1,0.13,fixed,1,30,31,1,0,0,undetermined,1.132594021608474,0,0.03684010236773169,29
8801175,motor_external,random,1,0.13,fixed,1,30,31,1,1,1,motor_external,0.0015521523511605566,35,0.035565885650394154,29
8801175,motor_external,cycle,1,0.13,fixed,1,30,31,1,1,1,motor_external,0.003963135275687918,30,0.032934745528490836,29
8801175,motor_external,adaptive,1,0.13,fixed,1,30,31,1,1,1,motor_external,0.0027349144825229935,21,0.03356216782999589,29
8801175,external_sensor,repeat,1,0.13,fixed,1,30,31,1,0,0,undetermined,1.6546502742570095,0,0.036840102367731685,29
8801175,external_sensor,random,1,0.13,fixed,1,30,31,1,1,1,external_sensor,0.0015521523511605735,35,0.03556588565039415,29
8801175,external_sensor,cycle,1,0.13,fixed,1,30,31,1,1,1,external_sensor,0.003963135275687944,30,0.03293474552849083,29
8801175,external_sensor,adaptive,1,0.13,fixed,1,30,31,1,1,1,external_sensor,0.002734914482522979,21,0.03356216782999589,29
8801175,nonlinear,repeat,1,0.13,fixed,1,30,31,1,0,0,undetermined,1.5426733857860384,0,0.03684010236773169,29
8801175,nonlinear,random,1,0.13,fixed,1,30,31,1,0,0,unknown,0.3762423388424379,35,0.35987744167797,29
8801175,nonlinear,cycle,1,0.13,fixed,1,30,32,1,0,0,unknown,0.34107893622035906,30,0.4173810397603289,28
8801175,nonlinear,adaptive,1,0.13,fixed,1,30,31,1,0,0,unknown,0.3538544960432589,21,0.35471195005778294,29
8801222,none,repeat,1,0.13,fixed,0,28,,0,1,0,none,0.0027225386529048856,0,0.0,0
8801222,none,random,1,0.13,fixed,0,28,,0,1,0,none,0.0027225386529048856,32,0.0,0
8801222,none,cycle,1,0.13,fixed,0,28,,0,1,0,none,0.0027225386529048856,30,0.0,0
8801222,none,adaptive,1,0.13,fixed,0,28,,0,1,0,none,0.0027225386529048856,0,0.0,0
8801222,motor,repeat,1,0.13,fixed,1,28,29,1,0,0,undetermined,0.7453228253020336,0,0.03275620870799505,31
8801222,motor,random,1,0.13,fixed,1,28,29,1,1,1,motor,0.005563765952047233,32,0.028399995608005345,31
8801222,motor,cycle,1,0.13,fixed,1,28,29,1,1,1,motor,0.0033598318175573254,30,0.030060383206855664,31
8801222,motor,adaptive,1,0.13,fixed,1,28,29,1,1,1,motor,0.004167085946437036,23,0.02828203076221634,31
8801222,external,repeat,1,0.13,fixed,1,28,29,1,0,0,undetermined,1.5104704948733274,0,0.03275620870799506,31
8801222,external,random,1,0.13,fixed,1,28,29,1,1,1,external,0.0055637659520472,32,0.028399995608005338,31
8801222,external,cycle,1,0.13,fixed,1,28,29,1,1,1,external,0.0033598318175573324,30,0.030060383206855664,31
8801222,external,adaptive,1,0.13,fixed,1,28,29,1,1,1,external,0.004167085946437053,23,0.028282030762216335,31
8801222,sensor,repeat,1,0.13,fixed,1,28,29,1,0,0,undetermined,0.7448891194706406,0,0.03275620870799507,31
8801222,sensor,random,1,0.13,fixed,1,28,29,1,1,1,sensor,0.005563765952047232,32,0.02839999560800534,31
8801222,sensor,cycle,1,0.13,fixed,1,28,29,1,1,1,sensor,0.003359831817557313,30,0.03006038320685567,31
8801222,sensor,adaptive,1,0.13,fixed,1,28,29,1,1,1,sensor,0.004167085946437033,23,0.02828203076221634,31
8801222,motor_external,repeat,1,0.13,fixed,1,28,29,1,0,0,undetermined,1.4200939729810202,0,0.032756208707995074,31
8801222,motor_external,random,1,0.13,fixed,1,28,32,1,1,1,motor_external,0.00595403770115837,32,0.02879496269282757,28
8801222,motor_external,cycle,1,0.13,fixed,1,28,29,1,1,1,motor_external,0.0033598318175573224,30,0.030060383206855668,31
8801222,motor_external,adaptive,1,0.13,fixed,1,28,29,1,1,1,motor_external,0.004167085946437014,23,0.028282030762216345,31
8801222,external_sensor,repeat,1,0.13,fixed,1,28,29,1,0,0,undetermined,1.5104704948733274,0,0.03275620870799506,31
8801222,external_sensor,random,1,0.13,fixed,1,28,29,1,1,1,external_sensor,0.0055637659520472,32,0.028399995608005338,31
8801222,external_sensor,cycle,1,0.13,fixed,1,28,29,1,1,1,external_sensor,0.0033598318175573324,30,0.030060383206855664,31
8801222,external_sensor,adaptive,1,0.13,fixed,1,28,29,1,1,1,external_sensor,0.004167085946437053,23,0.028282030762216335,31
8801222,nonlinear,repeat,1,0.13,fixed,1,28,29,1,0,0,undetermined,1.1521622691656852,0,0.03275620870799507,31
8801222,nonlinear,random,1,0.13,fixed,1,28,29,1,0,0,unknown,0.3596904137830654,32,0.35075321623853434,31
8801222,nonlinear,cycle,1,0.13,fixed,1,28,29,1,0,0,unknown,0.3383815074897084,30,0.37015177353094225,31
8801222,nonlinear,adaptive,1,0.13,fixed,1,28,29,1,0,0,unknown,0.35403981069289203,23,0.38524405734134587,31
8801269,none,repeat,1,0.13,fixed,0,32,,0,1,0,none,0.005519232710702604,0,0.0,0
8801269,none,random,1,0.13,fixed,0,32,,0,1,0,none,0.005519232710702604,28,0.0,0
8801269,none,cycle,1,0.13,fixed,0,32,,0,1,0,none,0.005519232710702604,30,0.0,0
8801269,none,adaptive,1,0.13,fixed,0,32,,0,1,0,none,0.005519232710702604,0,0.0,0
8801269,motor,repeat,1,0.13,fixed,1,32,33,1,0,0,undetermined,0.7529158949971797,0,0.028480543043954358,27
8801269,motor,random,1,0.13,fixed,1,32,33,1,1,1,motor,0.0026562960512117977,28,0.026002001006863826,27
8801269,motor,cycle,1,0.13,fixed,1,32,33,1,1,1,motor,0.0036342927494269713,30,0.024984068934401908,27
8801269,motor,adaptive,1,0.13,fixed,1,32,33,1,1,1,motor,0.002776852294767899,20,0.02514748984434315,27
8801269,external,repeat,1,0.13,fixed,1,32,33,1,0,0,undetermined,0.5442455907955353,0,0.02848054304395435,27
8801269,external,random,1,0.13,fixed,1,32,33,1,1,1,external,0.0026562960512118124,28,0.026002001006863812,27
8801269,external,cycle,1,0.13,fixed,1,32,33,1,1,1,external,0.003634292749426953,30,0.0249840689344019,27
8801269,external,adaptive,1,0.13,fixed,1,32,33,1,1,1,external,0.0027768522947679026,20,0.02514748984434315,27
8801269,sensor,repeat,1,0.13,fixed,1,32,33,1,0,0,undetermined,0.7518741871170145,0,0.02848054304395435,27
8801269,sensor,random,1,0.13,fixed,1,32,33,1,1,1,sensor,0.002656296051211791,28,0.026002001006863812,27
8801269,sensor,cycle,1,0.13,fixed,1,32,33,1,1,1,sensor,0.0036342927494269405,30,0.024984068934401908,27
8801269,sensor,adaptive,1,0.13,fixed,1,32,33,1,1,1,sensor,0.002776852294767889,20,0.025147489844343156,27
8801269,motor_external,repeat,1,0.13,fixed,1,32,33,1,0,0,undetermined,0.6353346655265095,0,0.028480543043954355,27
8801269,motor_external,random,1,0.13,fixed,1,32,34,1,1,1,motor_external,0.0022860786059455828,28,0.026610976584475258,26
8801269,motor_external,cycle,1,0.13,fixed,1,32,34,1,1,1,motor_external,0.004028553674400059,30,0.02473429567717627,26
8801269,motor_external,adaptive,1,0.13,fixed,1,32,33,1,1,1,motor_external,0.002776852294767899,20,0.02514748984434316,27
8801269,external_sensor,repeat,1,0.13,fixed,1,32,33,1,0,0,undetermined,0.5442455907955353,0,0.02848054304395435,27
8801269,external_sensor,random,1,0.13,fixed,1,32,33,1,1,1,external_sensor,0.0026562960512118124,28,0.026002001006863812,27
8801269,external_sensor,cycle,1,0.13,fixed,1,32,33,1,1,1,external_sensor,0.003634292749426953,30,0.0249840689344019,27
8801269,external_sensor,adaptive,1,0.13,fixed,1,32,33,1,1,1,external_sensor,0.0027768522947679026,20,0.02514748984434315,27
8801269,nonlinear,repeat,1,0.13,fixed,1,32,33,1,0,0,undetermined,1.5427290792128259,0,0.02848054304395435,27
8801269,nonlinear,random,1,0.13,fixed,1,32,33,1,0,0,unknown,0.3470914837735861,28,0.30518702016951227,27
8801269,nonlinear,cycle,1,0.13,fixed,1,32,33,1,0,0,unknown,0.34340086568753303,30,0.34142380628888136,27
8801269,nonlinear,adaptive,1,0.13,fixed,1,32,33,1,0,0,unknown,0.34943378971788047,20,0.33526588281516084,27
8801316,none,repeat,1,0.13,fixed,0,28,,0,1,0,none,0.003925132828710122,0,0.0,0
8801316,none,random,1,0.13,fixed,0,28,,0,1,0,none,0.003925132828710122,34,0.0,0
8801316,none,cycle,1,0.13,fixed,0,28,,0,1,0,none,0.003925132828710122,30,0.0,0
8801316,none,adaptive,1,0.13,fixed,0,28,,0,1,0,none,0.003925132828710122,0,0.0,0
8801316,motor,repeat,1,0.13,fixed,1,28,29,1,0,0,undetermined,0.7461114837298292,0,0.029832691186397003,31
8801316,motor,random,1,0.13,fixed,1,28,29,1,1,1,motor,0.001534085450611756,34,0.028774881970707766,31
8801316,motor,cycle,1,0.13,fixed,1,28,29,1,1,1,motor,0.001960969833745574,30,0.028512747237293776,31
8801316,motor,adaptive,1,0.13,fixed,1,28,29,1,1,1,motor,0.0023384240097361815,23,0.027721332147703313,31
8801316,external,repeat,1,0.13,fixed,1,28,29,1,0,0,undetermined,1.5732047842767238,0,0.029832691186396997,31
8801316,external,random,1,0.13,fixed,1,28,29,1,1,1,external,0.001534085450611747,34,0.028774881970707766,31
8801316,external,cycle,1,0.13,fixed,1,28,29,1,1,1,external,0.0019609698337455703,30,0.028512747237293776,31
8801316,external,adaptive,1,0.13,fixed,1,28,29,1,1,1,external,0.0023384240097361676,23,0.02772133214770331,31
8801316,sensor,repeat,1,0.13,fixed,1,28,29,1,0,0,undetermined,0.7437952308294861,0,0.029832691186397007,31
8801316,sensor,random,1,0.13,fixed,1,28,29,1,1,1,sensor,0.001534085450611787,34,0.028774881970707773,31
8801316,sensor,cycle,1,0.13,fixed,1,28,29,1,1,1,sensor,0.001960969833745567,30,0.02851274723729377,31
8801316,sensor,adaptive,1,0.13,fixed,1,28,29,1,1,1,sensor,0.0023384240097361875,23,0.027721332147703316,31
8801316,motor_external,repeat,1,0.13,fixed,1,28,29,1,0,0,undetermined,1.3249987120896418,0,0.029832691186397003,31
8801316,motor_external,random,1,0.13,fixed,1,28,29,1,1,1,motor_external,0.001534085450611734,34,0.028774881970707766,31
8801316,motor_external,cycle,1,0.13,fixed,1,28,29,1,1,1,motor_external,0.001960969833745589,30,0.028512747237293776,31
8801316,motor_external,adaptive,1,0.13,fixed,1,28,29,1,1,1,motor_external,0.0023384240097361563,23,0.027721332147703316,31
8801316,external_sensor,repeat,1,0.13,fixed,1,28,29,1,0,0,undetermined,1.5732047842767238,0,0.029832691186396997,31
8801316,external_sensor,random,1,0.13,fixed,1,28,29,1,1,1,external_sensor,0.001534085450611747,34,0.028774881970707766,31
8801316,external_sensor,cycle,1,0.13,fixed,1,28,29,1,1,1,external_sensor,0.0019609698337455703,30,0.028512747237293776,31
8801316,external_sensor,adaptive,1,0.13,fixed,1,28,29,1,1,1,external_sensor,0.0023384240097361676,23,0.02772133214770331,31
8801316,nonlinear,repeat,1,0.13,fixed,1,28,29,1,0,0,undetermined,1.150719430576079,0,0.02983269118639701,31
8801316,nonlinear,random,1,0.13,fixed,1,28,29,1,0,0,unknown,0.38607079790328264,34,0.320863480321788,31
8801316,nonlinear,cycle,1,0.13,fixed,1,28,29,1,0,0,unknown,0.33669170254612996,30,0.38520510082849624,31
8801316,nonlinear,adaptive,1,0.13,fixed,1,28,29,1,0,0,unknown,0.3511529014958203,23,0.3504818964704358,31
8801363,none,repeat,1,0.13,fixed,0,30,,0,1,0,none,0.004891272527288566,0,0.0,0
8801363,none,random,1,0.13,fixed,0,30,,0,1,0,none,0.004891272527288566,29,0.0,0
8801363,none,cycle,1,0.13,fixed,0,30,,0,1,0,none,0.004891272527288566,30,0.0,0
8801363,none,adaptive,1,0.13,fixed,0,30,,0,1,0,none,0.004891272527288566,0,0.0,0
8801363,motor,repeat,1,0.13,fixed,1,30,31,1,0,0,undetermined,0.7364817996587553,0,0.032926697842476385,29
8801363,motor,random,1,0.13,fixed,1,30,31,1,1,1,motor,0.006673039795489532,29,0.029804809460517098,29
8801363,motor,cycle,1,0.13,fixed,1,30,32,1,1,1,motor,0.005355274172436011,30,0.032307756845528106,28
8801363,motor,adaptive,1,0.13,fixed,1,30,31,1,1,1,motor,0.006008596907121902,21,0.03003805551985998,29
8801363,external,repeat,1,0.13,fixed,1,30,31,1,0,0,undetermined,0.41692303351215265,0,0.03292669784247638,29
8801363,external,random,1,0.13,fixed,1,30,31,1,1,1,external,0.006673039795489525,29,0.0298048094605171,29
8801363,external,cycle,1,0.13,fixed,1,30,31,1,1,1,external,0.005129760781249073,30,0.03130058495771838,29
8801363,external,adaptive,1,0.13,fixed,1,30,31,1,1,1,external,0.006008596907121924,21,0.030038055519859972,29
8801363,sensor,repeat,1,0.13,fixed,1,30,32,1,0,0,undetermined,0.7616334694687031,0,0.033989261888923115,28
8801363,sensor,random,1,0.13,fixed,1,30,32,1,1,1,sensor,0.007368038094874912,29,0.03045005064945994,28
8801363,sensor,cycle,1,0.13,fixed,1,30,32,1,1,1,sensor,0.005355274172436007,30,0.03230775684552811,28
8801363,sensor,adaptive,1,0.13,fixed,1,30,32,1,1,1,sensor,0.007604640880969804,21,0.029214443980953405,28
8801363,motor_external,repeat,1,0.13,fixed,1,30,31,1,0,0,undetermined,0.9081497867705387,0,0.032926697842476385,29
8801363,motor_external,random,1,0.13,fixed,1,30,31,1,1,1,motor_external,0.006673039795489494,29,0.029804809460517098,29
8801363,motor_external,cycle,1,0.13,fixed,1,30,31,1,1,1,motor_external,0.005129760781249081,30,0.03130058495771838,29
8801363,motor_external,adaptive,1,0.13,fixed,1,30,31,1,1,1,motor_external,0.006008596907121929,21,0.030038055519859976,29
8801363,external_sensor,repeat,1,0.13,fixed,1,30,31,1,0,0,undetermined,0.41692303351215265,0,0.03292669784247638,29
8801363,external_sensor,random,1,0.13,fixed,1,30,31,1,1,1,external_sensor,0.006673039795489525,29,0.0298048094605171,29
8801363,external_sensor,cycle,1,0.13,fixed,1,30,31,1,1,1,external_sensor,0.005129760781249073,30,0.03130058495771838,29
8801363,external_sensor,adaptive,1,0.13,fixed,1,30,31,1,1,1,external_sensor,0.006008596907121924,21,0.030038055519859972,29
8801363,nonlinear,repeat,1,0.13,fixed,1,30,31,1,0,0,undetermined,1.1740001755814027,0,0.032926697842476385,29
8801363,nonlinear,random,1,0.13,fixed,1,30,31,1,0,0,unknown,0.37600771749367734,29,0.30742185538316325,29
8801363,nonlinear,cycle,1,0.13,fixed,1,30,32,1,0,0,unknown,0.3407626443404735,30,0.3610122514400441,28
8801363,nonlinear,adaptive,1,0.13,fixed,1,30,31,1,0,0,unknown,0.37038615369281863,21,0.328109587865106,29
8801410,none,repeat,1,0.13,fixed,0,27,,0,1,0,none,0.0003781940672233131,0,0.0,0
8801410,none,random,1,0.13,fixed,0,27,,0,1,0,none,0.0003781940672233131,30,0.0,0
8801410,none,cycle,1,0.13,fixed,0,27,,0,1,0,none,0.0003781940672233131,30,0.0,0
8801410,none,adaptive,1,0.13,fixed,0,27,,0,1,0,none,0.0003781940672233131,0,0.0,0
8801410,motor,repeat,1,0.13,fixed,1,27,28,1,0,0,undetermined,0.7648437618490583,0,0.028838863286051793,32
8801410,motor,random,1,0.13,fixed,1,27,29,1,1,1,motor,0.004874692797225616,30,0.026322664453698207,31
8801410,motor,cycle,1,0.13,fixed,1,27,28,1,1,1,motor,0.008663131178629616,30,0.022795034465127588,32
8801410,motor,adaptive,1,0.13,fixed,1,27,28,1,1,1,motor,0.0031141729200596766,24,0.02805735198906179,32
8801410,external,repeat,1,0.13,fixed,1,27,28,1,0,0,undetermined,0.9398161253071841,0,0.028838863286051793,32
8801410,external,random,1,0.13,fixed,1,27,28,1,1,1,external,0.0052946880839149545,30,0.02613148217273696,32
8801410,external,cycle,1,0.13,fixed,1,27,28,1,1,1,external,0.008663131178629635,30,0.02279503446512759,32
8801410,external,adaptive,1,0.13,fixed,1,27,28,1,1,1,external,0.0031141729200596423,24,0.028057351989061785,32
8801410,sensor,repeat,1,0.13,fixed,1,27,28,1,0,0,undetermined,0.7562351390626393,0,0.028838863286051793,32
8801410,sensor,random,1,0.13,fixed,1,27,28,1,1,1,sensor,0.005294688083915062,30,0.02613148217273696,32
8801410,sensor,cycle,1,0.13,fixed,1,27,28,1,1,1,sensor,0.008663131178629643,30,0.022795034465127595,32
8801410,sensor,adaptive,1,0.13,fixed,1,27,28,1,1,1,sensor,0.003114172920059653,24,0.02805735198906178,32
8801410,motor_external,repeat,1,0.13,fixed,1,27,28,1,0,0,undetermined,1.6799318917697204,0,0.028838863286051793,32
8801410,motor_external,random,1,0.13,fixed,1,27,28,1,1,1,motor_external,0.005294688083915017,30,0.02613148217273696,32
8801410,motor_external,cycle,1,0.13,fixed,1,27,28,1,1,1,motor_external,0.008663131178629666,30,0.022795034465127588,32
8801410,motor_external,adaptive,1,0.13,fixed,1,27,28,1,1,1,motor_external,0.0031141729200596657,24,0.02805735198906178,32
8801410,external_sensor,repeat,1,0.13,fixed,1,27,28,1,0,0,undetermined,0.9398161253071841,0,0.028838863286051793,32
8801410,external_sensor,random,1,0.13,fixed,1,27,28,1,1,1,external_sensor,0.0052946880839149545,30,0.02613148217273696,32
8801410,external_sensor,cycle,1,0.13,fixed,1,27,28,1,1,1,external_sensor,0.008663131178629635,30,0.02279503446512759,32
8801410,external_sensor,adaptive,1,0.13,fixed,1,27,28,1,1,1,external_sensor,0.0031141729200596423,24,0.028057351989061785,32
8801410,nonlinear,repeat,1,0.13,fixed,1,27,28,1,0,0,undetermined,0.9963777307381335,0,0.028838863286051793,32
8801410,nonlinear,random,1,0.13,fixed,1,27,29,1,0,0,unknown,0.3393786196271324,30,0.3538454802415937,31
8801410,nonlinear,cycle,1,0.13,fixed,1,27,28,1,0,0,unknown,0.3398863007472045,30,0.35020527718752986,32
8801410,nonlinear,adaptive,1,0.13,fixed,1,27,28,1,0,0,unknown,0.36259170255894463,24,0.38244501442105827,32
8801457,none,repeat,1,0.13,fixed,0,32,,0,1,0,none,0.006463047213582283,0,0.0,0
8801457,none,random,1,0.13,fixed,0,32,,0,1,0,none,0.006463047213582283,34,0.0,0
8801457,none,cycle,1,0.13,fixed,0,32,,0,1,0,none,0.006463047213582283,30,0.0,0
8801457,none,adaptive,1,0.13,fixed,0,32,,0,1,0,none,0.006463047213582283,0,0.0,0
8801457,motor,repeat,1,0.13,fixed,1,32,33,1,0,0,undetermined,0.7428832028069762,0,0.03480313045297815,27
8801457,motor,random,1,0.13,fixed,1,32,33,1,1,1,motor,0.002515733987448571,34,0.03327878025532883,27
8801457,motor,cycle,1,0.13,fixed,1,32,33,1,1,1,motor,0.011530041052423268,30,0.023716282624222366,27
8801457,motor,adaptive,1,0.13,fixed,1,32,33,1,1,1,motor,0.006597177696684145,20,0.027201533366770763,27
8801457,external,repeat,1,0.13,fixed,1,32,33,1,0,0,undetermined,1.455279458865969,0,0.03480313045297815,27
8801457,external,random,1,0.13,fixed,1,32,33,1,1,1,external,0.0025157339874485696,34,0.03327878025532882,27
8801457,external,cycle,1,0.13,fixed,1,32,33,1,1,1,external,0.01153004105242327,30,0.02371628262422237,27
8801457,external,adaptive,1,0.13,fixed,1,32,33,1,1,1,external,0.0065971776966841245,20,0.027201533366770763,27
8801457,sensor,repeat,1,0.13,fixed,1,32,33,1,0,0,undetermined,0.7469328874657195,0,0.03480313045297815,27
8801457,sensor,random,1,0.13,fixed,1,32,33,1,1,1,sensor,0.0025157339874485657,34,0.03327878025532883,27
8801457,sensor,cycle,1,0.13,fixed,1,32,33,1,1,1,sensor,0.011530041052423211,30,0.023716282624222366,27
8801457,sensor,adaptive,1,0.13,fixed,1,32,33,1,1,1,sensor,0.006597177696684118,20,0.027201533366770763,27
8801457,motor_external,repeat,1,0.13,fixed,1,32,33,1,0,0,undetermined,0.5614596901984663,0,0.03480313045297814,27
8801457,motor_external,random,1,0.13,fixed,1,32,33,1,1,1,motor_external,0.002515733987448574,34,0.03327878025532883,27
8801457,motor_external,cycle,1,0.13,fixed,1,32,33,1,1,1,motor_external,0.011530041052423282,30,0.023716282624222366,27
8801457,motor_external,adaptive,1,0.13,fixed,1,32,33,1,1,1,motor_external,0.006597177696684164,20,0.027201533366770763,27
8801457,external_sensor,repeat,1,0.13,fixed,1,32,33,1,0,0,undetermined,1.455279458865969,0,0.03480313045297815,27
8801457,external_sensor,random,1,0.13,fixed,1,32,33,1,1,1,external_sensor,0.0025157339874485696,34,0.03327878025532882,27
8801457,external_sensor,cycle,1,0.13,fixed,1,32,33,1,1,1,external_sensor,0.01153004105242327,30,0.02371628262422237,27
8801457,external_sensor,adaptive,1,0.13,fixed,1,32,33,1,1,1,external_sensor,0.0065971776966841245,20,0.027201533366770763,27
8801457,nonlinear,repeat,1,0.13,fixed,1,32,33,1,0,0,undetermined,0.9749053320429291,0,0.03480313045297814,27
8801457,nonlinear,random,1,0.13,fixed,1,32,33,1,0,0,unknown,0.3790337576316612,34,0.3487053515450093,27
8801457,nonlinear,cycle,1,0.13,fixed,1,32,33,1,0,0,unknown,0.3459294050622246,30,0.36904484982101127,27
8801457,nonlinear,adaptive,1,0.13,fixed,1,32,33,1,0,0,unknown,0.3505916073189942,20,0.3889337389419743,27
8801504,none,repeat,1,0.13,fixed,0,29,,0,1,0,none,0.00492268817634392,0,0.0,0
8801504,none,random,1,0.13,fixed,0,29,,0,1,0,none,0.00492268817634392,31,0.0,0
8801504,none,cycle,1,0.13,fixed,0,29,,0,1,0,none,0.00492268817634392,30,0.0,0
8801504,none,adaptive,1,0.13,fixed,0,29,,0,1,0,none,0.00492268817634392,0,0.0,0
8801504,motor,repeat,1,0.13,fixed,1,29,30,1,0,0,undetermined,0.7474712989479987,0,0.03185068270818171,30
8801504,motor,random,1,0.13,fixed,1,29,30,1,1,1,motor,0.00198378044961806,31,0.030365753766343432,30
8801504,motor,cycle,1,0.13,fixed,1,29,30,1,1,1,motor,0.0013328709384379032,30,0.030677053698573275,30
8801504,motor,adaptive,1,0.13,fixed,1,29,30,1,1,1,motor,0.0009015527298719914,22,0.03094742004556806,30
8801504,external,repeat,1,0.13,fixed,1,29,30,1,0,0,undetermined,0.4209976776416475,0,0.03185068270818172,30
8801504,external,random,1,0.13,fixed,1,29,30,1,1,1,external,0.0019837804496179766,31,0.03036575376634343,30
8801504,external,cycle,1,0.13,fixed,1,29,30,1,1,1,external,0.001332870938437927,30,0.030677053698573268,30
8801504,external,adaptive,1,0.13,fixed,1,29,30,1,1,1,external,0.0009015527298719846,22,0.030947420045568053,30
8801504,sensor,repeat,1,0.13,fixed,1,29,30,1,0,0,undetermined,0.7528220436902195,0,0.03185068270818171,30
8801504,sensor,random,1,0.13,fixed,1,29,30,1,1,1,sensor,0.0019837804496180356,31,0.03036575376634344,30
8801504,sensor,cycle,1,0.13,fixed,1,29,30,1,1,1,sensor,0.0013328709384379227,30,0.03067705369857327,30
8801504,sensor,adaptive,1,0.13,fixed,1,29,30,1,1,1,sensor,0.0009015527298719846,22,0.030947420045568063,30
8801504,motor_external,repeat,1,0.13,fixed,1,29,30,1,0,0,undetermined,0.8855379216233825,0,0.03185068270818171,30
8801504,motor_external,random,1,0.13,fixed,1,29,30,1,1,1,motor_external,0.001983780449618027,31,0.030365753766343432,30
8801504,motor_external,cycle,1,0.13,fixed,1,29,30,1,1,1,motor_external,0.0013328709384379076,30,0.03067705369857327,30
8801504,motor_external,adaptive,1,0.13,fixed,1,29,30,1,1,1,motor_external,0.0009015527298719941,22,0.030947420045568056,30
8801504,external_sensor,repeat,1,0.13,fixed,1,29,30,1,0,0,undetermined,0.4209976776416475,0,0.03185068270818172,30
8801504,external_sensor,random,1,0.13,fixed,1,29,30,1,1,1,external_sensor,0.0019837804496179766,31,0.03036575376634343,30
8801504,external_sensor,cycle,1,0.13,fixed,1,29,30,1,1,1,external_sensor,0.001332870938437927,30,0.030677053698573268,30
8801504,external_sensor,adaptive,1,0.13,fixed,1,29,30,1,1,1,external_sensor,0.0009015527298719846,22,0.030947420045568053,30
8801504,nonlinear,repeat,1,0.13,fixed,1,29,30,1,0,0,undetermined,1.1699128972426396,0,0.03185068270818172,30
8801504,nonlinear,random,1,0.13,fixed,1,29,30,1,0,0,unknown,0.4523430773644364,31,0.2482217993760249,30
8801504,nonlinear,cycle,1,0.13,fixed,1,29,30,1,0,0,unknown,0.33553287093843787,30,0.38159393108657386,30
8801504,nonlinear,adaptive,1,0.13,fixed,1,29,30,1,0,0,unknown,0.35646381590218723,22,0.42060656921619877,30
8801551,none,repeat,1,0.13,fixed,0,31,,0,1,0,none,0.0028072913472489496,0,0.0,0
8801551,none,random,1,0.13,fixed,0,31,,0,1,0,none,0.0028072913472489496,31,0.0,0
8801551,none,cycle,1,0.13,fixed,0,31,,0,1,0,none,0.0028072913472489496,30,0.0,0
8801551,none,adaptive,1,0.13,fixed,0,31,,0,1,0,none,0.0028072913472489496,0,0.0,0
8801551,motor,repeat,1,0.13,fixed,1,31,32,1,0,0,undetermined,0.7479896976648195,0,0.028071930113601984,28
8801551,motor,random,1,0.13,fixed,1,31,33,1,1,1,motor,0.005450665087759106,31,0.02293592037057877,27
8801551,motor,cycle,1,0.13,fixed,1,31,33,1,1,1,motor,0.0018140422883344183,30,0.0264143391058528,27
8801551,motor,adaptive,1,0.13,fixed,1,31,32,1,1,1,motor,0.0031282814762642087,21,0.02424851672443702,28
8801551,external,repeat,1,0.13,fixed,1,31,32,1,0,0,undetermined,1.6374656633037232,0,0.028071930113601984,28
8801551,external,random,1,0.13,fixed,1,31,32,1,1,1,external,0.00526232782838963,31,0.023251878582932227,28
8801551,external,cycle,1,0.13,fixed,1,31,32,1,1,1,external,0.001352967135862227,30,0.026821749462015872,28
8801551,external,adaptive,1,0.13,fixed,1,31,32,1,1,1,external,0.003128281476264212,21,0.02424851672443702,28
8801551,sensor,repeat,1,0.13,fixed,1,31,32,1,0,0,undetermined,0.7485683935415794,0,0.02807193011360199,28
8801551,sensor,random,1,0.13,fixed,1,31,32,1,1,1,sensor,0.00526232782838963,31,0.02325187858293223,28
8801551,sensor,cycle,1,0.13,fixed,1,31,32,1,1,1,sensor,0.0013529671358622273,30,0.026821749462015876,28
8801551,sensor,adaptive,1,0.13,fixed,1,31,32,1,1,1,sensor,0.0031282814762642066,21,0.02424851672443702,28
8801551,motor_external,repeat,1,0.13,fixed,1,31,32,1,0,0,undetermined,1.1978759626519315,0,0.028071930113601984,28
8801551,motor_external,random,1,0.13,fixed,1,31,32,1,1,1,motor_external,0.005262327828389387,31,0.023251878582932234,28
8801551,motor_external,cycle,1,0.13,fixed,1,31,32,1,1,1,motor_external,0.0013529671358622412,30,0.026821749462015876,28
8801551,motor_external,adaptive,1,0.13,fixed,1,31,32,1,1,1,motor_external,0.0031282814762641866,21,0.024248516724437032,28
8801551,external_sensor,repeat,1,0.13,fixed,1,31,32,1,0,0,undetermined,1.6374656633037232,0,0.028071930113601984,28
8801551,external_sensor,random,1,0.13,fixed,1,31,32,1,1,1,external_sensor,0.00526232782838963,31,0.023251878582932227,28
8801551,external_sensor,cycle,1,0.13,fixed,1,31,32,1,1,1,external_sensor,0.001352967135862227,30,0.026821749462015872,28
8801551,external_sensor,adaptive,1,0.13,fixed,1,31,32,1,1,1,external_sensor,0.003128281476264212,21,0.02424851672443702,28
8801551,nonlinear,repeat,1,0.13,fixed,1,31,32,1,0,0,undetermined,1.5410174204449376,0,0.028071930113601984,28
8801551,nonlinear,random,1,0.13,fixed,1,31,33,1,0,0,unknown,0.39261547394950613,31,0.31524696590133994,27
8801551,nonlinear,cycle,1,0.13,fixed,1,31,34,1,0,0,unknown,0.33647323644338206,30,0.35399400242556744,26
8801551,nonlinear,adaptive,1,0.13,fixed,1,31,32,1,0,0,unknown,0.35322133301364045,21,0.3810136002000985,28
8801598,none,repeat,1,0.13,fixed,0,27,,0,1,0,none,0.003029664227791007,0,0.0,0
8801598,none,random,1,0.13,fixed,0,27,,0,1,0,none,0.003029664227791007,29,0.0,0
8801598,none,cycle,1,0.13,fixed,0,27,,0,1,0,none,0.003029664227791007,30,0.0,0
8801598,none,adaptive,1,0.13,fixed,0,27,,0,1,0,none,0.003029664227791007,0,0.0,0
8801598,motor,repeat,1,0.13,fixed,1,27,28,1,0,0,undetermined,0.7531612559494371,0,0.03574167564239748,32
8801598,motor,random,1,0.13,fixed,1,27,28,1,1,1,motor,0.0065175889650752215,29,0.028256251973142618,32
8801598,motor,cycle,1,0.13,fixed,1,27,28,1,1,1,motor,0.0006573681290742582,30,0.03533996781780996,32
8801598,motor,adaptive,1,0.13,fixed,1,27,28,1,1,1,motor,0.000971707841726947,24,0.034873625521028684,32
8801598,external,repeat,1,0.13,fixed,1,27,28,1,0,0,undetermined,0.6207834414720528,0,0.035741675642397476,32
8801598,external,random,1,0.13,fixed,1,27,28,1,1,1,external,0.0065175889650752866,29,0.028256251973142615,32
8801598,external,cycle,1,0.13,fixed,1,27,28,1,1,1,external,0.000657368129074248,30,0.03533996781780996,32
8801598,external,adaptive,1,0.13,fixed,1,27,28,1,1,1,external,0.0009717078417269449,24,0.034873625521028684,32
8801598,sensor,repeat,1,0.13,fixed,1,27,28,1,0,0,undetermined,0.7461518313750983,0,0.03574167564239748,32
8801598,sensor,random,1,0.13,fixed,1,27,28,1,1,1,sensor,0.006517588965075217,29,0.028256251973142615,32
8801598,sensor,cycle,1,0.13,fixed,1,27,28,1,1,1,sensor,0.00065736812907424,30,0.03533996781780996,32
8801598,sensor,adaptive,1,0.13,fixed,1,27,28,1,1,1,sensor,0.0009717078417269482,24,0.034873625521028684,32
8801598,motor_external,repeat,1,0.13,fixed,1,27,31,1,0,0,undetermined,1.5195537049430674,0,0.03571840159888333,29
8801598,motor_external,random,1,0.13,fixed,1,27,28,1,1,1,motor_external,0.006517588965075248,29,0.02825625197314262,32
8801598,motor_external,cycle,1,0.13,fixed,1,27,28,1,1,1,motor_external,0.0006573681290742642,30,0.035339967817809965,32
8801598,motor_external,adaptive,1,0.13,fixed,1,27,31,1,1,1,motor_external,0.0012678563748784782,21,0.03504045449946753,29
8801598,external_sensor,repeat,1,0.13,fixed,1,27,28,1,0,0,undetermined,0.6207834414720528,0,0.035741675642397476,32
8801598,external_sensor,random,1,0.13,fixed,1,27,28,1,1,1,external_sensor,0.0065175889650752866,29,0.028256251973142615,32
8801598,external_sensor,cycle,1,0.13,fixed,1,27,28,1,1,1,external_sensor,0.000657368129074248,30,0.03533996781780996,32
8801598,external_sensor,adaptive,1,0.13,fixed,1,27,28,1,1,1,external_sensor,0.0009717078417269449,24,0.034873625521028684,32
8801598,nonlinear,repeat,1,0.13,fixed,1,27,28,1,0,0,undetermined,1.3539148516709503,0,0.03574167564239748,32
8801598,nonlinear,random,1,0.13,fixed,1,27,28,1,0,0,unknown,0.40430136143404793,29,0.29971910594646883,32
8801598,nonlinear,cycle,1,0.13,fixed,1,27,28,1,0,0,unknown,0.3384080612366377,30,0.32782971521621496,32
8801598,nonlinear,adaptive,1,0.13,fixed,1,27,28,1,0,0,unknown,0.35302530803233884,24,0.3646001162240732,32
8801645,none,repeat,1,0.13,fixed,0,29,,0,1,0,none,0.005075234382510464,0,0.0,0
8801645,none,random,1,0.13,fixed,0,29,,0,1,0,none,0.005075234382510464,30,0.0,0
8801645,none,cycle,1,0.13,fixed,0,29,,0,1,0,none,0.005075234382510464,30,0.0,0
8801645,none,adaptive,1,0.13,fixed,0,29,,0,1,0,none,0.005075234382510464,0,0.0,0
8801645,motor,repeat,1,0.13,fixed,1,29,30,1,0,0,undetermined,0.7630489098130553,0,0.030236472826783982,30
8801645,motor,random,1,0.13,fixed,1,29,30,1,1,1,motor,0.004054437894604515,30,0.027406592153228375,30
8801645,motor,cycle,1,0.13,fixed,1,29,30,1,1,1,motor,0.002024047544371711,30,0.02993744308982682,30
8801645,motor,adaptive,1,0.13,fixed,1,29,30,1,1,1,motor,0.004151046746514101,22,0.027223595812117227,30
8801645,external,repeat,1,0.13,fixed,1,29,30,1,0,0,undetermined,0.5859774890354755,0,0.03023647282678399,30
8801645,external,random,1,0.13,fixed,1,29,30,1,1,1,external,0.004054437894604484,30,0.027406592153228368,30
8801645,external,cycle,1,0.13,fixed,1,29,30,1,1,1,external,0.0020240475443716855,30,0.029937443089826817,30
8801645,external,adaptive,1,0.13,fixed,1,29,30,1,1,1,external,0.004151046746514098,22,0.027223595812117227,30
8801645,sensor,repeat,1,0.13,fixed,1,29,30,1,0,0,undetermined,0.7499956813802379,0,0.03023647282678399,30
8801645,sensor,random,1,0.13,fixed,1,29,30,1,1,1,sensor,0.00405443789460447,30,0.027406592153228368,30
8801645,sensor,cycle,1,0.13,fixed,1,29,30,1,1,1,sensor,0.0020240475443717024,30,0.029937443089826824,30
8801645,sensor,adaptive,1,0.13,fixed,1,29,30,1,1,1,sensor,0.004151046746514101,22,0.027223595812117227,30
8801645,motor_external,repeat,1,0.13,fixed,1,29,31,1,0,0,undetermined,1.4871133032810455,0,0.02621034491627056,29
8801645,motor_external,random,1,0.13,fixed,1,29,30,1,1,1,motor_external,0.004054437894604541,30,0.02740659215322838,30
8801645,motor_external,cycle,1,0.13,fixed,1,29,30,1,1,1,motor_external,0.0020240475443717015,30,0.02993744308982682,30
8801645,motor_external,adaptive,1,0.13,fixed,1,29,31,1,1,1,motor_external,0.003312456151839352,21,0.023634934359961064,29
8801645,external_sensor,repeat,1,0.13,fixed,1,29,30,1,0,0,undetermined,0.5859774890354755,0,0.03023647282678399,30
8801645,external_sensor,random,1,0.13,fixed,1,29,30,1,1,1,external_sensor,0.004054437894604484,30,0.027406592153228368,30
8801645,external_sensor,cycle,1,0.13,fixed,1,29,30,1,1,1,external_sensor,0.0020240475443716855,30,0.029937443089826817,30
8801645,external_sensor,adaptive,1,0.13,fixed,1,29,30,1,1,1,external_sensor,0.004151046746514098,22,0.027223595812117227,30
8801645,nonlinear,repeat,1,0.13,fixed,1,29,30,1,0,0,undetermined,1.5294802489499335,0,0.03023647282678399,30
8801645,nonlinear,random,1,0.13,fixed,1,29,34,1,0,0,unknown,0.36659212245914236,30,0.32472559678949786,26
8801645,nonlinear,cycle,1,0.13,fixed,1,29,33,1,0,0,unknown,0.3396284712756897,30,0.3682690489089009,27
8801645,nonlinear,adaptive,1,0.13,fixed,1,29,30,1,0,0,unknown,0.3462532070104145,22,0.3688435828850693,30
8801692,none,repeat,1,0.13,fixed,0,30,,0,1,0,none,0.001997818263888555,0,0.0,0
8801692,none,random,1,0.13,fixed,0,30,,0,1,0,none,0.001997818263888555,27,0.0,0
8801692,none,cycle,1,0.13,fixed,0,30,,0,1,0,none,0.001997818263888555,30,0.0,0
8801692,none,adaptive,1,0.13,fixed,0,30,,0,1,0,none,0.001997818263888555,0,0.0,0
8801692,motor,repeat,1,0.13,fixed,1,30,31,1,0,0,undetermined,0.7510914691542416,0,0.046183112544615906,29
8801692,motor,random,1,0.13,fixed,1,30,34,1,1,1,motor,0.005048001186108334,27,0.04186217954350336,26
8801692,motor,cycle,1,0.13,fixed,1,30,32,1,1,1,motor,0.007418288031655761,30,0.037572777381157926,28
8801692,motor,adaptive,1,0.13,fixed,1,30,31,1,1,1,motor,0.000758594927793478,21,0.04550727154410395,29
8801692,external,repeat,1,0.13,fixed,1,30,31,1,0,0,undetermined,0.5619503058579443,0,0.046183112544615906,29
8801692,external,random,1,0.13,fixed,1,30,31,1,1,1,external,0.00419836553047896,27,0.042830870678463695,29
8801692,external,cycle,1,0.13,fixed,1,30,31,1,1,1,external,0.007529339156220526,30,0.03863879521169342,29
8801692,external,adaptive,1,0.13,fixed,1,30,31,1,1,1,external,0.0007585949277934843,21,0.04550727154410396,29
8801692,sensor,repeat,1,0.13,fixed,1,30,31,1,0,0,undetermined,0.7460330065118164,0,0.046183112544615906,29
8801692,sensor,random,1,0.13,fixed,1,30,31,1,1,1,sensor,0.00419836553047897,27,0.04283087067846369,29
8801692,sensor,cycle,1,0.13,fixed,1,30,31,1,1,1,sensor,0.007529339156220521,30,0.038638795211693416,29
8801692,sensor,adaptive,1,0.13,fixed,1,30,31,1,1,1,sensor,0.0007585949277934833,21,0.04550727154410396,29
8801692,motor_external,repeat,1,0.13,fixed,1,30,31,1,0,0,undetermined,0.6167971043175744,0,0.04618311254461589,29
8801692,motor_external,random,1,0.13,fixed,1,30,31,1,1,1,motor_external,0.0041983655304790165,27,0.042830870678463695,29
8801692,motor_external,cycle,1,0.13,fixed,1,30,31,1,1,1,motor_external,0.007529339156220526,30,0.03863879521169342,29
8801692,motor_external,adaptive,1,0.13,fixed,1,30,31,1,1,1,motor_external,0.0007585949277934759,21,0.04550727154410395,29
8801692,external_sensor,repeat,1,0.13,fixed,1,30,31,1,0,0,undetermined,0.5619503058579443,0,0.046183112544615906,29
8801692,external_sensor,random,1,0.13,fixed,1,30,31,1,1,1,external_sensor,0.00419836553047896,27,0.042830870678463695,29
8801692,external_sensor,cycle,1,0.13,fixed,1,30,31,1,1,1,external_sensor,0.007529339156220526,30,0.03863879521169342,29
8801692,external_sensor,adaptive,1,0.13,fixed,1,30,31,1,1,1,external_sensor,0.0007585949277934843,21,0.04550727154410396,29
8801692,nonlinear,repeat,1,0.13,fixed,1,30,31,1,0,0,undetermined,1.1600311784241195,0,0.046183112544615906,29
8801692,nonlinear,random,1,0.13,fixed,1,30,34,1,0,0,unknown,0.38996903140368,27,0.36482136435091805,26
8801692,nonlinear,cycle,1,0.13,fixed,1,30,32,1,0,0,unknown,0.34348925861960034,30,0.30596352871597415,28
8801692,nonlinear,adaptive,1,0.13,fixed,1,30,31,1,0,0,unknown,0.34793923620457273,21,0.33224455447567425,29
8801739,none,repeat,1,0.13,fixed,0,32,,0,1,0,none,0.002000857991937626,0,0.0,0
8801739,none,random,1,0.13,fixed,0,32,,0,1,0,none,0.002000857991937626,30,0.0,0
8801739,none,cycle,1,0.13,fixed,0,32,,0,1,0,none,0.002000857991937626,30,0.0,0
8801739,none,adaptive,1,0.13,fixed,0,32,,0,1,0,none,0.002000857991937626,0,0.0,0
8801739,motor,repeat,1,0.13,fixed,1,32,33,1,0,0,undetermined,0.7433787837841959,0,0.028870803891307386,27
8801739,motor,random,1,0.13,fixed,1,32,33,1,1,1,motor,0.0062916662821130105,30,0.024744694891909315,27
8801739,motor,cycle,1,0.13,fixed,1,32,33,1,1,1,motor,0.005941691375033246,30,0.025786039524373944,27
8801739,motor,adaptive,1,0.13,fixed,1,32,33,1,1,1,motor,0.004082837514038219,20,0.027614525051195063,27
8801739,external,repeat,1,0.13,fixed,1,32,33,1,0,0,undetermined,1.233867645124833,0,0.028870803891307383,27
8801739,external,random,1,0.13,fixed,1,32,33,1,1,1,external,0.006291666282113036,30,0.024744694891909322,27
8801739,external,cycle,1,0.13,fixed,1,32,33,1,1,1,external,0.005941691375033318,30,0.02578603952437394,27
8801739,external,adaptive,1,0.13,fixed,1,32,33,1,1,1,external,0.004082837514038233,20,0.02761452505119506,27
8801739,sensor,repeat,1,0.13,fixed,1,32,33,1,0,0,undetermined,0.736500863636249,0,0.02887080389130738,27
8801739,sensor,random,1,0.13,fixed,1,32,33,1,1,1,sensor,0.006291666282113026,30,0.02474469489190932,27
8801739,sensor,cycle,1,0.13,fixed,1,32,33,1,1,1,sensor,0.005941691375033283,30,0.025786039524373944,27
8801739,sensor,adaptive,1,0.13,fixed,1,32,33,1,1,1,sensor,0.004082837514038222,20,0.027614525051195063,27
8801739,motor_external,repeat,1,0.13,fixed,1,32,33,1,0,0,undetermined,0.4356381804915951,0,0.02887080389130738,27
8801739,motor_external,random,1,0.13,fixed,1,32,33,1,1,1,motor_external,0.006291666282113008,30,0.024744694891909322,27
8801739,motor_external,cycle,1,0.13,fixed,1,32,33,1,1,1,motor_external,0.00594169137503329,30,0.025786039524373944,27
8801739,motor_external,adaptive,1,0.13,fixed,1,32,33,1,1,1,motor_external,0.004082837514038195,20,0.027614525051195066,27
8801739,external_sensor,repeat,1,0.13,fixed,1,32,33,1,0,0,undetermined,1.233867645124833,0,0.028870803891307383,27
8801739,external_sensor,random,1,0.13,fixed,1,32,33,1,1,1,external_sensor,0.006291666282113036,30,0.024744694891909322,27
8801739,external_sensor,cycle,1,0.13,fixed,1,32,33,1,1,1,external_sensor,0.005941691375033318,30,0.02578603952437394,27
8801739,external_sensor,adaptive,1,0.13,fixed,1,32,33,1,1,1,external_sensor,0.004082837514038233,20,0.02761452505119506,27
8801739,nonlinear,repeat,1,0.13,fixed,1,32,33,1,0,0,undetermined,1.1323897343073266,0,0.02887080389130739,27
8801739,nonlinear,random,1,0.13,fixed,1,32,33,1,0,0,unknown,0.34548763216917255,30,0.34211154042673186,27
8801739,nonlinear,cycle,1,0.13,fixed,1,32,33,1,0,0,unknown,0.3439969949447631,30,0.3703510037037713,27
8801739,nonlinear,adaptive,1,0.13,fixed,1,32,33,1,0,0,unknown,0.3464554934846573,20,0.35795475040868385,27
8801786,none,repeat,1,0.13,fixed,0,27,,0,1,0,none,0.0058681285687377325,0,0.0,0
8801786,none,random,1,0.13,fixed,0,27,,0,1,0,none,0.0058681285687377325,27,0.0,0
8801786,none,cycle,1,0.13,fixed,0,27,,0,1,0,none,0.0058681285687377325,30,0.0,0
8801786,none,adaptive,1,0.13,fixed,0,27,,0,1,0,none,0.0058681285687377325,0,0.0,0
8801786,motor,repeat,1,0.13,fixed,1,27,28,1,0,0,undetermined,0.7460534884330595,0,0.0387573255257667,32
8801786,motor,random,1,0.13,fixed,1,27,28,1,1,1,motor,0.0019943241773885587,27,0.037912878183780085,32
8801786,motor,cycle,1,0.13,fixed,1,27,28,1,1,1,motor,0.005308725936066472,30,0.03447643295933757,32
8801786,motor,adaptive,1,0.13,fixed,1,27,28,1,1,1,motor,0.0024744317766187,24,0.036876235549879094,32
8801786,external,repeat,1,0.13,fixed,1,27,28,1,0,0,undetermined,1.1890629162114077,0,0.0387573255257667,32
8801786,external,random,1,0.13,fixed,1,27,28,1,1,1,external,0.0019943241773885474,27,0.03791287818378009,32
8801786,external,cycle,1,0.13,fixed,1,27,28,1,1,1,external,0.005308725936066472,30,0.03447643295933757,32
8801786,external,adaptive,1,0.13,fixed,1,27,28,1,1,1,external,0.0024744317766187017,24,0.036876235549879094,32
8801786,sensor,repeat,1,0.13,fixed,1,27,28,1,0,0,undetermined,0.7586394547929125,0,0.038757325525766696,32
8801786,sensor,random,1,0.13,fixed,1,27,28,1,1,1,sensor,0.0019943241773885635,27,0.03791287818378009,32
8801786,sensor,cycle,1,0.13,fixed,1,27,28,1,1,1,sensor,0.0053087259360665,30,0.03447643295933757,32
8801786,sensor,adaptive,1,0.13,fixed,1,27,28,1,1,1,sensor,0.0024744317766186965,24,0.036876235549879094,32
8801786,motor_external,repeat,1,0.13,fixed,1,27,28,1,0,0,undetermined,1.6397206674833396,0,0.038757325525766696,32
8801786,motor_external,random,1,0.13,fixed,1,27,28,1,1,1,motor_external,0.001994324177388553,27,0.037912878183780085,32
8801786,motor_external,cycle,1,0.13,fixed,1,27,28,1,1,1,motor_external,0.005308725936066445,30,0.034476432959337576,32
8801786,motor_external,adaptive,1,0.13,fixed,1,27,28,1,1,1,motor_external,0.0024744317766187095,24,0.036876235549879094,32
8801786,external_sensor,repeat,1,0.13,fixed,1,27,28,1,0,0,undetermined,1.1890629162114077,0,0.0387573255257667,32
8801786,external_sensor,random,1,0.13,fixed,1,27,28,1,1,1,external_sensor,0.0019943241773885474,27,0.03791287818378009,32
8801786,external_sensor,cycle,1,0.13,fixed,1,27,28,1,1,1,external_sensor,0.005308725936066472,30,0.03447643295933757,32
8801786,external_sensor,adaptive,1,0.13,fixed,1,27,28,1,1,1,external_sensor,0.0024744317766187017,24,0.036876235549879094,32
8801786,nonlinear,repeat,1,0.13,fixed,1,27,28,1,0,0,undetermined,1.1793994245515644,0,0.0387573255257667,32
8801786,nonlinear,random,1,0.13,fixed,1,27,28,1,0,0,unknown,0.3705577406508034,27,0.39733796185546205,32
8801786,nonlinear,cycle,1,0.13,fixed,1,27,28,1,0,0,unknown,0.34441785693502636,30,0.3587147550487648,32
8801786,nonlinear,adaptive,1,0.13,fixed,1,27,28,1,0,0,unknown,0.3578562342219408,24,0.3391171468645525,32
8801833,none,repeat,1,0.13,fixed,0,33,,0,1,0,none,0.003753788620100776,0,0.0,0
8801833,none,random,1,0.13,fixed,0,33,,0,1,0,none,0.003753788620100776,31,0.0,0
8801833,none,cycle,1,0.13,fixed,0,33,,0,1,0,none,0.003753788620100776,30,0.0,0
8801833,none,adaptive,1,0.13,fixed,0,33,,0,1,0,none,0.003753788620100776,0,0.0,0
8801833,motor,repeat,1,0.13,fixed,1,33,34,1,0,0,undetermined,0.7531874319943448,0,0.02586342669942058,26
8801833,motor,random,1,0.13,fixed,1,33,34,1,1,1,motor,0.00304463469114605,31,0.023461806789397903,26
8801833,motor,cycle,1,0.13,fixed,1,33,34,1,1,1,motor,0.0032262189372433948,30,0.022897818234441984,26
8801833,motor,adaptive,1,0.13,fixed,1,33,34,1,1,1,motor,0.004163449564447917,19,0.021232188800121184,26
8801833,external,repeat,1,0.13,fixed,1,33,34,1,0,0,undetermined,1.002039494076589,0,0.025863426699420586,26
8801833,external,random,1,0.13,fixed,1,33,34,1,1,1,external,0.003044634691146052,31,0.023461806789397903,26
8801833,external,cycle,1,0.13,fixed,1,33,34,1,1,1,external,0.003226218937243333,30,0.022897818234441977,26
8801833,external,adaptive,1,0.13,fixed,1,33,34,1,1,1,external,0.004163449564447927,19,0.02123218880012118,26
8801833,sensor,repeat,1,0.13,fixed,1,33,34,1,0,0,undetermined,0.7547026346940365,0,0.025863426699420582,26
8801833,sensor,random,1,0.13,fixed,1,33,34,1,1,1,sensor,0.0030446346911460606,31,0.023461806789397903,26
8801833,sensor,cycle,1,0.13,fixed,1,33,34,1,1,1,sensor,0.00322621893724333,30,0.022897818234441984,26
8801833,sensor,adaptive,1,0.13,fixed,1,33,34,1,1,1,sensor,0.00416344956444792,19,0.02123218880012118,26
8801833,motor_external,repeat,1,0.13,fixed,1,33,34,1,0,0,undetermined,1.6680034350692563,0,0.02586342669942058,26
8801833,motor_external,random,1,0.13,fixed,1,33,34,1,1,1,motor_external,0.0030446346911460437,31,0.023461806789397906,26
8801833,motor_external,cycle,1,0.13,fixed,1,33,34,1,1,1,motor_external,0.003226218937243396,30,0.022897818234441977,26
8801833,motor_external,adaptive,1,0.13,fixed,1,33,34,1,1,1,motor_external,0.004163449564447908,19,0.021232188800121194,26
8801833,external_sensor,repeat,1,0.13,fixed,1,33,34,1,0,0,undetermined,1.002039494076589,0,0.025863426699420586,26
8801833,external_sensor,random,1,0.13,fixed,1,33,34,1,1,1,external_sensor,0.003044634691146052,31,0.023461806789397903,26
8801833,external_sensor,cycle,1,0.13,fixed,1,33,34,1,1,1,external_sensor,0.003226218937243333,30,0.022897818234441977,26
8801833,external_sensor,adaptive,1,0.13,fixed,1,33,34,1,1,1,external_sensor,0.004163449564447927,19,0.02123218880012118,26
8801833,nonlinear,repeat,1,0.13,fixed,1,33,34,1,0,0,undetermined,1.3543581020385356,0,0.02586342669942058,26
8801833,nonlinear,random,1,0.13,fixed,1,33,34,1,0,0,unknown,0.3546567564921904,31,0.35356271318197197,26
8801833,nonlinear,cycle,1,0.13,fixed,1,33,34,1,0,0,unknown,0.33980382761625816,30,0.33163106868853426,26
8801833,nonlinear,adaptive,1,0.13,fixed,1,33,34,1,0,0,unknown,0.3543827545718518,19,0.39875416266071995,26
8801880,none,repeat,1,0.13,fixed,0,34,,0,1,0,none,0.006547215591784368,0,0.0,0
8801880,none,random,1,0.13,fixed,0,34,,0,1,0,none,0.006547215591784368,30,0.0,0
8801880,none,cycle,1,0.13,fixed,0,34,,0,1,0,none,0.006547215591784368,30,0.0,0
8801880,none,adaptive,1,0.13,fixed,0,34,,0,1,0,none,0.006547215591784368,0,0.0,0
8801880,motor,repeat,1,0.13,fixed,1,34,34,1,0,0,undetermined,0.7488909566050668,0,0.026446334540840256,26
8801880,motor,random,1,0.13,fixed,1,34,34,1,1,1,motor,0.00044437961756619226,30,0.02621990751328423,26
8801880,motor,cycle,1,0.13,fixed,1,34,34,1,1,1,motor,0.0032861501063550583,30,0.0235065827190487,26
8801880,motor,adaptive,1,0.13,fixed,1,34,34,1,1,1,motor,0.005247153059446772,19,0.02063508449569183,26
8801880,external,repeat,1,0.13,fixed,1,34,34,1,0,0,undetermined,0.5522981888049718,0,0.026446334540840263,26
8801880,external,random,1,0.13,fixed,1,34,34,1,1,1,external,0.000444379617566204,30,0.026219907513284235,26
8801880,external,cycle,1,0.13,fixed,1,34,34,1,1,1,external,0.0032861501063550054,30,0.02350658271904869,26
8801880,external,adaptive,1,0.13,fixed,1,34,34,1,1,1,external,0.005247153059446768,19,0.02063508449569183,26
8801880,sensor,repeat,1,0.13,fixed,1,34,34,1,0,0,undetermined,0.7558762176885075,0,0.02644633454084026,26
8801880,sensor,random,1,0.13,fixed,1,34,34,1,1,1,sensor,0.0004443796175661912,30,0.02621990751328423,26
8801880,sensor,cycle,1,0.13,fixed,1,34,34,1,1,1,sensor,0.00328615010635502,30,0.0235065827190487,26
8801880,sensor,adaptive,1,0.13,fixed,1,34,34,1,1,1,sensor,0.005247153059446768,19,0.020635084495691833,26
8801880,motor_external,repeat,1,0.13,fixed,1,34,34,1,0,0,undetermined,0.6256386087551287,0,0.026446334540840256,26
8801880,motor_external,random,1,0.13,fixed,1,34,34,1,1,1,motor_external,0.0004443796175661898,30,0.026219907513284235,26
8801880,motor_external,cycle,1,0.13,fixed,1,34,34,1,1,1,motor_external,0.003286150106355049,30,0.023506582719048694,26
8801880,motor_external,adaptive,1,0.13,fixed,1,34,34,1,1,1,motor_external,0.005247153059446792,19,0.020635084495691826,26
8801880,external_sensor,repeat,1,0.13,fixed,1,34,34,1,0,0,undetermined,0.5522981888049718,0,0.026446334540840263,26
8801880,external_sensor,random,1,0.13,fixed,1,34,34,1,1,1,external_sensor,0.000444379617566204,30,0.026219907513284235,26
8801880,external_sensor,cycle,1,0.13,fixed,1,34,34,1,1,1,external_sensor,0.0032861501063550054,30,0.02350658271904869,26
8801880,external_sensor,adaptive,1,0.13,fixed,1,34,34,1,1,1,external_sensor,0.005247153059446768,19,0.02063508449569183,26
8801880,nonlinear,repeat,1,0.13,fixed,1,34,34,1,0,0,undetermined,0.9812109194624614,0,0.02644633454084026,26
8801880,nonlinear,random,1,0.13,fixed,1,34,34,1,0,0,unknown,0.3796847748103648,30,0.3327263316464419,26
8801880,nonlinear,cycle,1,0.13,fixed,1,34,34,1,0,0,unknown,0.3409713685570634,30,0.3641785589077446,26
8801880,nonlinear,adaptive,1,0.13,fixed,1,34,34,1,0,0,unknown,0.3591638677616766,19,0.3909961628953474,26
8801927,none,repeat,1,0.13,fixed,0,27,,0,1,0,none,0.007253197703933028,0,0.0,0
8801927,none,random,1,0.13,fixed,0,27,,0,1,0,none,0.007253197703933028,29,0.0,0
8801927,none,cycle,1,0.13,fixed,0,27,,0,1,0,none,0.007253197703933028,30,0.0,0
8801927,none,adaptive,1,0.13,fixed,0,27,,0,1,0,none,0.007253197703933028,0,0.0,0
8801927,motor,repeat,1,0.13,fixed,1,27,28,1,0,0,undetermined,0.7430369924003221,0,0.02769483282213961,32
8801927,motor,random,1,0.13,fixed,1,27,30,1,1,1,motor,0.003905953532108561,29,0.025448658072429943,30
8801927,motor,cycle,1,0.13,fixed,1,27,28,1,1,1,motor,0.0025857055967914416,30,0.026146576862088704,32
8801927,motor,adaptive,1,0.13,fixed,1,27,28,1,1,1,motor,0.0033096309155639194,24,0.025009937981331956,32
8801927,external,repeat,1,0.13,fixed,1,27,28,1,0,0,undetermined,0.6061783353626702,0,0.027694832822139605,32
8801927,external,random,1,0.13,fixed,1,27,28,1,1,1,external,0.0033994877741437535,29,0.0255583477239116,32
8801927,external,cycle,1,0.13,fixed,1,27,28,1,1,1,external,0.0025857055967914585,30,0.02614657686208871,32
8801927,external,adaptive,1,0.13,fixed,1,27,28,1,1,1,external,0.003309630915563892,24,0.025009937981331956,32
8801927,sensor,repeat,1,0.13,fixed,1,27,28,1,0,0,undetermined,0.7433183540938474,0,0.02769483282213961,32
8801927,sensor,random,1,0.13,fixed,1,27,28,1,1,1,sensor,0.0033994877741437895,29,0.025558347723911603,32
8801927,sensor,cycle,1,0.13,fixed,1,27,28,1,1,1,sensor,0.002585705596791463,30,0.02614657686208871,32
8801927,sensor,adaptive,1,0.13,fixed,1,27,28,1,1,1,sensor,0.0033096309155639103,24,0.02500993798133196,32
8801927,motor_external,repeat,1,0.13,fixed,1,27,28,1,0,0,undetermined,0.575156195645809,0,0.027694832822139612,32
8801927,motor_external,random,1,0.13,fixed,1,27,28,1,1,1,motor_external,0.0033994877741438377,29,0.025558347723911606,32
8801927,motor_external,cycle,1,0.13,fixed,1,27,28,1,1,1,motor_external,0.0025857055967914546,30,0.02614657686208871,32
8801927,motor_external,adaptive,1,0.13,fixed,1,27,28,1,1,1,motor_external,0.0033096309155639034,24,0.02500993798133196,32
8801927,external_sensor,repeat,1,0.13,fixed,1,27,28,1,0,0,undetermined,0.6061783353626702,0,0.027694832822139605,32
8801927,external_sensor,random,1,0.13,fixed,1,27,28,1,1,1,external_sensor,0.0033994877741437535,29,0.0255583477239116,32
8801927,external_sensor,cycle,1,0.13,fixed,1,27,28,1,1,1,external_sensor,0.0025857055967914585,30,0.02614657686208871,32
8801927,external_sensor,adaptive,1,0.13,fixed,1,27,28,1,1,1,external_sensor,0.003309630915563892,24,0.025009937981331956,32
8801927,nonlinear,repeat,1,0.13,fixed,1,27,28,1,0,0,undetermined,1.3638054886301818,0,0.027694832822139612,32
8801927,nonlinear,random,1,0.13,fixed,1,27,30,1,0,0,unknown,0.35746304568396037,29,0.38038718908471125,30
8801927,nonlinear,cycle,1,0.13,fixed,1,27,28,1,0,0,unknown,0.33852380253143777,30,0.33520974336541465,32
8801927,nonlinear,adaptive,1,0.13,fixed,1,27,28,1,0,0,unknown,0.3524847031537811,24,0.36400437717976164,32
8801974,none,repeat,1,0.13,fixed,0,32,,0,1,0,none,0.005647270320536313,0,0.0,0
8801974,none,random,1,0.13,fixed,0,32,,0,1,0,none,0.005647270320536313,31,0.0,0
8801974,none,cycle,1,0.13,fixed,0,32,,0,1,0,none,0.005647270320536313,30,0.0,0
8801974,none,adaptive,1,0.13,fixed,0,32,,0,1,0,none,0.005647270320536313,0,0.0,0
8801974,motor,repeat,1,0.13,fixed,1,32,33,1,0,0,undetermined,0.761885124490605,0,0.04059565504639034,27
8801974,motor,random,1,0.13,fixed,1,32,33,1,1,1,motor,0.009060422675537406,31,0.03224797902177309,27
8801974,motor,cycle,1,0.13,fixed,1,32,33,1,1,1,motor,0.00489370545254318,30,0.037487648920545284,27
8801974,motor,adaptive,1,0.13,fixed,1,32,33,1,1,1,motor,0.0026998067539438634,20,0.039117545210597265,27
8801974,external,repeat,1,0.13,fixed,1,32,33,1,0,0,undetermined,0.40649951736843726,0,0.04059565504639032,27
8801974,external,random,1,0.13,fixed,1,32,33,1,1,1,external,0.009060422675537411,31,0.0322479790217731,27
8801974,external,cycle,1,0.13,fixed,1,32,33,1,1,1,external,0.004893705452543172,30,0.03748764892054527,27
8801974,external,adaptive,1,0.13,fixed,1,32,33,1,1,1,external,0.002699806753943868,20,0.03911754521059727,27
8801974,sensor,repeat,1,0.13,fixed,1,32,33,1,0,0,undetermined,0.7469367767673198,0,0.04059565504639032,27
8801974,sensor,random,1,0.13,fixed,1,32,33,1,1,1,sensor,0.009060422675537414,31,0.0322479790217731,27
8801974,sensor,cycle,1,0.13,fixed,1,32,33,1,1,1,sensor,0.004893705452543166,30,0.03748764892054527,27
8801974,sensor,adaptive,1,0.13,fixed,1,32,33,1,1,1,sensor,0.0026998067539438743,20,0.039117545210597265,27
8801974,motor_external,repeat,1,0.13,fixed,1,32,33,1,0,0,undetermined,1.099690134229458,0,0.040595655046390317,27
8801974,motor_external,random,1,0.13,fixed,1,32,33,1,1,1,motor_external,0.009060422675537454,31,0.0322479790217731,27
8801974,motor_external,cycle,1,0.13,fixed,1,32,33,1,1,1,motor_external,0.004893705452543171,30,0.03748764892054527,27
8801974,motor_external,adaptive,1,0.13,fixed,1,32,33,1,1,1,motor_external,0.002699806753943862,20,0.03911754521059727,27
8801974,external_sensor,repeat,1,0.13,fixed,1,32,33,1,0,0,undetermined,0.40649951736843726,0,0.04059565504639032,27
8801974,external_sensor,random,1,0.13,fixed,1,32,33,1,1,1,external_sensor,0.009060422675537411,31,0.0322479790217731,27
8801974,external_sensor,cycle,1,0.13,fixed,1,32,33,1,1,1,external_sensor,0.004893705452543172,30,0.03748764892054527,27
8801974,external_sensor,adaptive,1,0.13,fixed,1,32,33,1,1,1,external_sensor,0.002699806753943868,20,0.03911754521059727,27
8801974,nonlinear,repeat,1,0.13,fixed,1,32,33,1,0,0,undetermined,1.5246710736567186,0,0.04059565504639032,27
8801974,nonlinear,random,1,0.13,fixed,1,32,33,1,0,0,unknown,0.3407053177838038,31,0.4031005273794002,27
8801974,nonlinear,cycle,1,0.13,fixed,1,32,33,1,0,0,unknown,0.34482260485070115,30,0.44693639248157085,27
8801974,nonlinear,adaptive,1,0.13,fixed,1,32,33,1,0,0,unknown,0.3471339866316562,20,0.413372542026361,27
8802021,none,repeat,1,0.13,fixed,0,29,,0,1,0,none,0.003138538317628304,0,0.0,0
8802021,none,random,1,0.13,fixed,0,29,,0,1,0,none,0.003138538317628304,29,0.0,0
8802021,none,cycle,1,0.13,fixed,0,29,,0,1,0,none,0.003138538317628304,30,0.0,0
8802021,none,adaptive,1,0.13,fixed,0,29,,0,1,0,none,0.003138538317628304,0,0.0,0
8802021,motor,repeat,1,0.13,fixed,1,29,30,1,0,0,undetermined,0.7439427250064607,0,0.033785491388023586,30
8802021,motor,random,1,0.13,fixed,1,29,30,1,1,1,motor,0.0034065417344637736,29,0.030368854731086026,30
8802021,motor,cycle,1,0.13,fixed,1,29,30,1,1,1,motor,0.0038535045282966688,30,0.030365190724881023,30
8802021,motor,adaptive,1,0.13,fixed,1,29,30,1,1,1,motor,0.0020755212614018788,22,0.03177122571401611,30
8802021,external,repeat,1,0.13,fixed,1,29,30,1,0,0,undetermined,0.9674961103143784,0,0.033785491388023586,30
8802021,external,random,1,0.13,fixed,1,29,30,1,1,1,external,0.0034065417344637727,29,0.030368854731086015,30
8802021,external,cycle,1,0.13,fixed,1,29,30,1,1,1,external,0.003853504528296689,30,0.03036519072488102,30
8802021,external,adaptive,1,0.13,fixed,1,29,30,1,1,1,external,0.002075521261401861,22,0.0317712257140161,30
8802021,sensor,repeat,1,0.13,fixed,1,29,30,1,0,0,undetermined,0.749489840403976,0,0.033785491388023586,30
8802021,sensor,random,1,0.13,fixed,1,29,30,1,1,1,sensor,0.003406541734463757,29,0.030368854731086022,30
8802021,sensor,cycle,1,0.13,fixed,1,29,30,1,1,1,sensor,0.0038535045282966788,30,0.030365190724881023,30
8802021,sensor,adaptive,1,0.13,fixed,1,29,30,1,1,1,sensor,0.0020755212614018636,22,0.0317712257140161,30
8802021,motor_external,repeat,1,0.13,fixed,1,29,30,1,0,0,undetermined,1.6490743341339598,0,0.033785491388023586,30
8802021,motor_external,random,1,0.13,fixed,1,29,30,1,1,1,motor_external,0.0034065417344637527,29,0.03036885473108601,30
8802021,motor_external,cycle,1,0.13,fixed,1,29,30,1,1,1,motor_external,0.003853504528296696,30,0.030365190724881027,30
8802021,motor_external,adaptive,1,0.13,fixed,1,29,30,1,1,1,motor_external,0.002075521261401864,22,0.0317712257140161,30
8802021,external_sensor,repeat,1,0.13,fixed,1,29,30,1,0,0,undetermined,0.9674961103143784,0,0.033785491388023586,30
8802021,external_sensor,random,1,0.13,fixed,1,29,30,1,1,1,external_sensor,0.0034065417344637727,29,0.030368854731086015,30
8802021,external_sensor,cycle,1,0.13,fixed,1,29,30,1,1,1,external_sensor,0.003853504528296689,30,0.03036519072488102,30
8802021,external_sensor,adaptive,1,0.13,fixed,1,29,30,1,1,1,external_sensor,0.002075521261401861,22,0.0317712257140161,30
8802021,nonlinear,repeat,1,0.13,fixed,1,29,30,1,0,0,undetermined,1.3627885022286166,0,0.03378549138802358,30
8802021,nonlinear,random,1,0.13,fixed,1,29,30,1,0,0,unknown,0.3747353989272927,29,0.3286154136041683,30
8802021,nonlinear,cycle,1,0.13,fixed,1,29,30,1,0,0,unknown,0.3380535045282967,30,0.36566536972890634,30
8802021,nonlinear,adaptive,1,0.13,fixed,1,29,30,1,0,0,unknown,0.35312492408821655,22,0.3731548959586127,30
8802068,none,repeat,1,0.13,fixed,0,33,,0,1,0,none,0.004398559833821018,0,0.0,0
8802068,none,random,1,0.13,fixed,0,33,,0,1,0,none,0.004398559833821018,31,0.0,0
8802068,none,cycle,1,0.13,fixed,0,33,,0,1,0,none,0.004398559833821018,30,0.0,0
8802068,none,adaptive,1,0.13,fixed,0,33,,0,1,0,none,0.004398559833821018,0,0.0,0
8802068,motor,repeat,1,0.13,fixed,1,33,34,1,0,0,undetermined,0.7518616231514484,0,0.02818504907225096,26
8802068,motor,random,1,0.13,fixed,1,33,37,1,1,1,motor,0.0041682391254513505,31,0.027776592819963798,23
8802068,motor,cycle,1,0.13,fixed,1,33,34,1,1,1,motor,0.0057258082306365895,30,0.022485462118058346,26
8802068,motor,adaptive,1,0.13,fixed,1,33,34,1,1,1,motor,0.00215954728086032,19,0.025397296621307977,26
8802068,external,repeat,1,0.13,fixed,1,33,34,1,0,0,undetermined,1.002630307042819,0,0.028185049072250952,26
8802068,external,random,1,0.13,fixed,1,33,34,1,1,1,external,0.004277861388808041,31,0.025350983886396724,26
8802068,external,cycle,1,0.13,fixed,1,33,34,1,1,1,external,0.005725808230636627,30,0.022485462118058346,26
8802068,external,adaptive,1,0.13,fixed,1,33,34,1,1,1,external,0.0021595472808602968,19,0.02539729662130798,26
8802068,sensor,repeat,1,0.13,fixed,1,33,34,1,0,0,undetermined,0.7509953175827417,0,0.02818504907225095,26
8802068,sensor,random,1,0.13,fixed,1,33,34,1,1,1,sensor,0.004277861388808025,31,0.02535098388639673,26
8802068,sensor,cycle,1,0.13,fixed,1,33,34,1,1,1,sensor,0.005725808230636622,30,0.022485462118058335,26
8802068,sensor,adaptive,1,0.13,fixed,1,33,34,1,1,1,sensor,0.00215954728086031,19,0.025397296621307984,26
8802068,motor_external,repeat,1,0.13,fixed,1,33,34,1,0,0,undetermined,0.40438372406804535,0,0.028185049072250952,26
8802068,motor_external,random,1,0.13,fixed,1,33,34,1,1,1,motor_external,0.004277861388808032,31,0.02535098388639673,26
8802068,motor_external,cycle,1,0.13,fixed,1,33,34,1,1,1,motor_external,0.00572580823063658,30,0.022485462118058346,26
8802068,motor_external,adaptive,1,0.13,fixed,1,33,34,1,1,1,motor_external,0.0021595472808603245,19,0.025397296621307967,26
8802068,external_sensor,repeat,1,0.13,fixed,1,33,34,1,0,0,undetermined,1.002630307042819,0,0.028185049072250952,26
8802068,external_sensor,random,1,0.13,fixed,1,33,34,1,1,1,external_sensor,0.004277861388808041,31,0.025350983886396724,26
8802068,external_sensor,cycle,1,0.13,fixed,1,33,34,1,1,1,external_sensor,0.005725808230636627,30,0.022485462118058346,26
8802068,external_sensor,adaptive,1,0.13,fixed,1,33,34,1,1,1,external_sensor,0.0021595472808602968,19,0.02539729662130798,26
8802068,nonlinear,repeat,1,0.13,fixed,1,33,34,1,0,0,undetermined,1.1705214513307012,0,0.02818504907225096,26
8802068,nonlinear,random,1,0.13,fixed,1,33,37,1,0,1,motor,0.494792558906754,31,0.21556649312888518,23
8802068,nonlinear,cycle,1,0.13,fixed,1,33,35,1,0,0,unknown,0.3411494203537627,30,0.36043221662670427,25
8802068,nonlinear,adaptive,1,0.13,fixed,1,33,34,1,0,0,unknown,0.35584573301221695,19,0.3519064754059547,26
8802115,none,repeat,1,0.13,fixed,0,29,,0,1,0,none,0.007209636695485945,0,0.0,0
8802115,none,random,1,0.13,fixed,0,29,,0,1,0,none,0.007209636695485945,32,0.0,0
8802115,none,cycle,1,0.13,fixed,0,29,,0,1,0,none,0.007209636695485945,30,0.0,0
8802115,none,adaptive,1,0.13,fixed,0,29,,0,1,0,none,0.007209636695485945,0,0.0,0
8802115,motor,repeat,1,0.13,fixed,1,29,30,1,0,0,undetermined,0.7387288646294147,0,0.029463872894887503,30
8802115,motor,random,1,0.13,fixed,1,29,30,1,1,1,motor,0.0041519137189133856,32,0.027295961153605452,30
8802115,motor,cycle,1,0.13,fixed,1,29,30,1,1,1,motor,0.004955381623390827,30,0.026066563790679273,30
8802115,motor,adaptive,1,0.13,fixed,1,29,30,1,1,1,motor,0.0016065915595728623,22,0.029400201953173184,30
8802115,external,repeat,1,0.13,fixed,1,29,30,1,0,0,undetermined,0.5930349139449863,0,0.0294638728948875,30
8802115,external,random,1,0.13,fixed,1,29,30,1,1,1,external,0.0041519137189134445,32,0.027295961153605452,30
8802115,external,cycle,1,0.13,fixed,1,29,30,1,1,1,external,0.004955381623390841,30,0.026066563790679266,30
8802115,external,adaptive,1,0.13,fixed,1,29,30,1,1,1,external,0.0016065915595728703,22,0.02940020195317319,30
8802115,sensor,repeat,1,0.13,fixed,1,29,30,1,0,0,undetermined,0.7497721617406905,0,0.029463872894887503,30
8802115,sensor,random,1,0.13,fixed,1,29,30,1,1,1,sensor,0.0041519137189134254,32,0.027295961153605452,30
8802115,sensor,cycle,1,0.13,fixed,1,29,30,1,1,1,sensor,0.004955381623390819,30,0.026066563790679266,30
8802115,sensor,adaptive,1,0.13,fixed,1,29,30,1,1,1,sensor,0.001606591559572863,22,0.029400201953173187,30
8802115,motor_external,repeat,1,0.13,fixed,1,29,32,1,0,0,undetermined,1.4740498866096423,0,0.0299579828761813,28
8802115,motor_external,random,1,0.13,fixed,1,29,30,1,1,1,motor_external,0.004151913718913389,32,0.027295961153605438,30
8802115,motor_external,cycle,1,0.13,fixed,1,29,30,1,1,1,motor_external,0.004955381623390839,30,0.026066563790679273,30
8802115,motor_external,adaptive,1,0.13,fixed,1,29,32,1,1,1,motor_external,0.0013532264011439823,21,0.029729197037498323,28
8802115,external_sensor,repeat,1,0.13,fixed,1,29,30,1,0,0,undetermined,0.5930349139449863,0,0.0294638728948875,30
8802115,external_sensor,random,1,0.13,fixed,1,29,30,1,1,1,external_sensor,0.0041519137189134445,32,0.027295961153605452,30
8802115,external_sensor,cycle,1,0.13,fixed,1,29,30,1,1,1,external_sensor,0.004955381623390841,30,0.026066563790679266,30
8802115,external_sensor,adaptive,1,0.13,fixed,1,29,30,1,1,1,external_sensor,0.0016065915595728703,22,0.02940020195317319,30
8802115,nonlinear,repeat,1,0.13,fixed,1,29,30,1,0,0,undetermined,1.1548839595795721,0,0.029463872894887493,30
8802115,nonlinear,random,1,0.13,fixed,1,29,30,1,0,0,unknown,0.3659212594744822,32,0.33254852888194786,30
8802115,nonlinear,cycle,1,0.13,fixed,1,29,30,1,0,0,unknown,0.3391553816233908,30,0.36631399268238213,30
8802115,nonlinear,adaptive,1,0.13,fixed,1,29,30,1,0,0,unknown,0.35705215227453496,22,0.36714501614425393,30
8802162,none,repeat,1,0.13,fixed,0,31,,0,1,0,none,0.0045499588243677735,0,0.0,0
8802162,none,random,1,0.13,fixed,0,31,,0,1,0,none,0.0045499588243677735,32,0.0,0
8802162,none,cycle,1,0.13,fixed,0,31,,0,1,0,none,0.0045499588243677735,30,0.0,0
8802162,none,adaptive,1,0.13,fixed,0,31,,0,1,0,none,0.0045499588243677735,0,0.0,0
8802162,motor,repeat,1,0.13,fixed,1,31,32,1,0,0,undetermined,0.7565039900281939,0,0.03753926192939137,28
8802162,motor,random,1,0.13,fixed,1,31,33,1,1,1,motor,0.0059822131164161295,32,0.03496375027300604,27
8802162,motor,cycle,1,0.13,fixed,1,31,33,1,1,1,motor,0.0050818348570383556,30,0.035304848218562515,27
8802162,motor,adaptive,1,0.13,fixed,1,31,32,1,1,1,motor,0.0032590710584174524,21,0.03676767907707381,28
8802162,external,repeat,1,0.13,fixed,1,31,32,1,0,0,undetermined,0.43647756156622297,0,0.03753926192939137,28
8802162,external,random,1,0.13,fixed,1,31,32,1,1,1,external,0.005280955731826419,32,0.0355953495165535,28
8802162,external,cycle,1,0.13,fixed,1,31,32,1,1,1,external,0.003708019344554504,30,0.03659098563964297,28
8802162,external,adaptive,1,0.13,fixed,1,31,32,1,1,1,external,0.003259071058417426,21,0.03676767907707381,28
8802162,sensor,repeat,1,0.13,fixed,1,31,32,1,0,0,undetermined,0.7365498902751106,0,0.03753926192939137,28
8802162,sensor,random,1,0.13,fixed,1,31,32,1,1,1,sensor,0.005280955731826413,32,0.03559534951655351,28
8802162,sensor,cycle,1,0.13,fixed,1,31,32,1,1,1,sensor,0.0037080193445545237,30,0.03659098563964297,28
8802162,sensor,adaptive,1,0.13,fixed,1,31,32,1,1,1,sensor,0.003259071058417444,21,0.03676767907707381,28
8802162,motor_external,repeat,1,0.13,fixed,1,31,33,1,0,0,undetermined,1.2531800821823138,0,0.037082507342885734,27
8802162,motor_external,random,1,0.13,fixed,1,31,32,1,1,1,motor_external,0.005280955731826501,32,0.03559534951655351,28
8802162,motor_external,cycle,1,0.13,fixed,1,31,32,1,1,1,motor_external,0.0037080193445545007,30,0.03659098563964296,28
8802162,motor_external,adaptive,1,0.13,fixed,1,31,33,1,1,1,motor_external,0.004549998649626106,20,0.03548651633090949,27
8802162,external_sensor,repeat,1,0.13,fixed,1,31,32,1,0,0,undetermined,0.43647756156622297,0,0.03753926192939137,28
8802162,external_sensor,random,1,0.13,fixed,1,31,32,1,1,1,external_sensor,0.005280955731826419,32,0.0355953495165535,28
8802162,external_sensor,cycle,1,0.13,fixed,1,31,32,1,1,1,external_sensor,0.003708019344554504,30,0.03659098563964297,28
8802162,external_sensor,adaptive,1,0.13,fixed,1,31,32,1,1,1,external_sensor,0.003259071058417426,21,0.03676767907707381,28
8802162,nonlinear,repeat,1,0.13,fixed,1,31,32,1,0,0,undetermined,1.1449762870808946,0,0.03753926192939137,28
8802162,nonlinear,random,1,0.13,fixed,1,31,33,1,0,0,unknown,0.3917172247674014,32,0.3236408191454751,27
8802162,nonlinear,cycle,1,0.13,fixed,1,31,33,1,0,0,unknown,0.342252146486239,30,0.3733386140247614,27
8802162,nonlinear,adaptive,1,0.13,fixed,1,31,32,1,0,0,unknown,0.3396763676075309,21,0.39625176058619943,28
8802209,none,repeat,1,0.13,fixed,0,32,,0,1,0,none,0.00394528419098141,0,0.0,0
8802209,none,random,1,0.13,fixed,0,32,,0,1,0,none,0.00394528419098141,37,0.0,0
8802209,none,cycle,1,0.13,fixed,0,32,,0,1,0,none,0.00394528419098141,30,0.0,0
8802209,none,adaptive,1,0.13,fixed,0,32,,0,1,0,none,0.00394528419098141,0,0.0,0
8802209,motor,repeat,1,0.13,fixed,1,32,33,1,0,0,undetermined,0.7477986333595027,0,0.030388517331535074,27
8802209,motor,random,1,0.13,fixed,1,32,34,1,1,1,motor,0.010569226838243054,37,0.0264554516853707,26
8802209,motor,cycle,1,0.13,fixed,1,32,33,1,1,1,motor,0.005209196861341028,30,0.025349127872507187,27
8802209,motor,adaptive,1,0.13,fixed,1,32,33,1,1,1,motor,0.005904416033037747,20,0.02309462779910512,27
8802209,external,repeat,1,0.13,fixed,1,32,33,1,0,0,undetermined,1.0075942069961206,0,0.03038851733153507,27
8802209,external,random,1,0.13,fixed,1,32,33,1,1,1,external,0.01035986393641333,37,0.025893398146055107,27
8802209,external,cycle,1,0.13,fixed,1,32,33,1,1,1,external,0.005209196861341044,30,0.02534912787250719,27
8802209,external,adaptive,1,0.13,fixed,1,32,33,1,1,1,external,0.005904416033037734,20,0.023094627799105115,27
8802209,sensor,repeat,1,0.13,fixed,1,32,33,1,0,0,undetermined,0.7534264522429609,0,0.03038851733153507,27
8802209,sensor,random,1,0.13,fixed,1,32,33,1,1,1,sensor,0.01035986393641326,37,0.025893398146055097,27
8802209,sensor,cycle,1,0.13,fixed,1,32,33,1,1,1,sensor,0.005209196861341072,30,0.025349127872507198,27
8802209,sensor,adaptive,1,0.13,fixed,1,32,33,1,1,1,sensor,0.005904416033037733,20,0.023094627799105115,27
8802209,motor_external,repeat,1,0.13,fixed,1,32,33,1,0,0,undetermined,1.6585453444446223,0,0.030388517331535074,27
8802209,motor_external,random,1,0.13,fixed,1,32,33,1,1,1,motor_external,0.010359863936413338,37,0.025893398146055107,27
8802209,motor_external,cycle,1,0.13,fixed,1,32,33,1,1,1,motor_external,0.005209196861341043,30,0.0253491278725072,27
8802209,motor_external,adaptive,1,0.13,fixed,1,32,33,1,1,1,motor_external,0.00590441603303773,20,0.02309462779910511,27
8802209,external_sensor,repeat,1,0.13,fixed,1,32,33,1,0,0,undetermined,1.0075942069961206,0,0.03038851733153507,27
8802209,external_sensor,random,1,0.13,fixed,1,32,33,1,1,1,external_sensor,0.01035986393641333,37,0.025893398146055107,27
8802209,external_sensor,cycle,1,0.13,fixed,1,32,33,1,1,1,external_sensor,0.005209196861341044,30,0.02534912787250719,27
8802209,external_sensor,adaptive,1,0.13,fixed,1,32,33,1,1,1,external_sensor,0.005904416033037734,20,0.023094627799105115,27
8802209,nonlinear,repeat,1,0.13,fixed,1,32,33,1,0,0,undetermined,1.5505918380794308,0,0.030388517331535074,27
8802209,nonlinear,random,1,0.13,fixed,1,32,34,1,0,1,motor,0.5136578355442297,37,0.19839429598891795,26
8802209,nonlinear,cycle,1,0.13,fixed,1,32,33,1,0,0,unknown,0.33974892036339754,30,0.3901254761994395,27
8802209,nonlinear,adaptive,1,0.13,fixed,1,32,33,1,0,0,unknown,0.3547064879817824,20,0.34842045521917686,27
8802256,none,repeat,1,0.13,fixed,0,31,,0,1,0,none,0.00393543841062858,0,0.0,0
8802256,none,random,1,0.13,fixed,0,31,,0,1,0,none,0.00393543841062858,32,0.0,0
8802256,none,cycle,1,0.13,fixed,0,31,,0,1,0,none,0.00393543841062858,30,0.0,0
8802256,none,adaptive,1,0.13,fixed,0,31,,0,1,0,none,0.00393543841062858,0,0.0,0
8802256,motor,repeat,1,0.13,fixed,1,31,32,1,0,0,undetermined,0.7592201742238938,0,0.031742224120888916,28
8802256,motor,random,1,0.13,fixed,1,31,32,1,1,1,motor,0.004951632289587482,32,0.028794140609262813,28
8802256,motor,cycle,1,0.13,fixed,1,31,33,1,1,1,motor,0.0025030856476065473,30,0.030841243683364807,27
8802256,motor,adaptive,1,0.13,fixed,1,31,32,1,1,1,motor,0.003979067636511824,21,0.028164284460051394,28
8802256,external,repeat,1,0.13,fixed,1,31,32,1,0,0,undetermined,1.3335519069630881,0,0.03174222412088892,28
8802256,external,random,1,0.13,fixed,1,31,32,1,1,1,external,0.004951632289587499,32,0.028794140609262813,28
8802256,external,cycle,1,0.13,fixed,1,31,32,1,1,1,external,0.002346119974147907,30,0.03042332848884609,28
8802256,external,adaptive,1,0.13,fixed,1,31,32,1,1,1,external,0.003979067636511796,21,0.028164284460051398,28
8802256,sensor,repeat,1,0.13,fixed,1,31,32,1,0,0,undetermined,0.7551392687760246,0,0.03174222412088893,28
8802256,sensor,random,1,0.13,fixed,1,31,32,1,1,1,sensor,0.00495163228958746,32,0.02879414060926281,28
8802256,sensor,cycle,1,0.13,fixed,1,31,32,1,1,1,sensor,0.002346119974147887,30,0.03042332848884609,28
8802256,sensor,adaptive,1,0.13,fixed,1,31,32,1,1,1,sensor,0.0039790676365118235,21,0.028164284460051398,28
8802256,motor_external,repeat,1,0.13,fixed,1,31,32,1,0,0,undetermined,1.613136725062617,0,0.031742224120888916,28
8802256,motor_external,random,1,0.13,fixed,1,31,32,1,1,1,motor_external,0.0049516322895875224,32,0.02879414060926281,28
8802256,motor_external,cycle,1,0.13,fixed,1,31,32,1,1,1,motor_external,0.0023461199741479145,30,0.030423328488846085,28
8802256,motor_external,adaptive,1,0.13,fixed,1,31,32,1,1,1,motor_external,0.003979067636511793,21,0.028164284460051398,28
8802256,external_sensor,repeat,1,0.13,fixed,1,31,32,1,0,0,undetermined,1.3335519069630881,0,0.03174222412088892,28
8802256,external_sensor,random,1,0.13,fixed,1,31,32,1,1,1,external_sensor,0.004951632289587499,32,0.028794140609262813,28
8802256,external_sensor,cycle,1,0.13,fixed,1,31,32,1,1,1,external_sensor,0.002346119974147907,30,0.03042332848884609,28
8802256,external_sensor,adaptive,1,0.13,fixed,1,31,32,1,1,1,external_sensor,0.003979067636511796,21,0.028164284460051398,28
8802256,nonlinear,repeat,1,0.13,fixed,1,31,32,1,0,0,undetermined,1.349262569399086,0,0.031742224120888916,28
8802256,nonlinear,random,1,0.13,fixed,1,31,32,1,0,0,unknown,0.3817046508176368,32,0.3192931523410106,28
8802256,nonlinear,cycle,1,0.13,fixed,1,31,33,1,0,0,unknown,0.3408376671181372,30,0.3588316233384257,27
8802256,nonlinear,adaptive,1,0.13,fixed,1,31,32,1,0,0,unknown,0.35321708714413746,21,0.3311086735106806,28
8802303,none,repeat,1,0.13,fixed,0,32,,0,1,0,none,0.0035498817729617835,0,0.0,0
8802303,none,random,1,0.13,fixed,0,32,,0,1,0,none,0.0035498817729617835,33,0.0,0
8802303,none,cycle,1,0.13,fixed,0,32,,0,1,0,none,0.0035498817729617835,30,0.0,0
8802303,none,adaptive,1,0.13,fixed,0,32,,0,1,0,none,0.0035498817729617835,0,0.0,0
8802303,motor,repeat,1,0.13,fixed,1,32,33,1,0,0,undetermined,0.7325265561999894,0,0.02903213765016314,27
8802303,motor,random,1,0.13,fixed,1,32,34,1,1,1,motor,0.009346858696595,33,0.02539810468607171,26
8802303,motor,cycle,1,0.13,fixed,1,32,33,1,1,1,motor,0.007648431276356662,30,0.027307022485828943,27
8802303,motor,adaptive,1,0.13,fixed,1,32,33,1,1,1,motor,0.0076478230196925815,20,0.027343975990145028,27
8802303,external,repeat,1,0.13,fixed,1,32,33,1,0,0,undetermined,1.6025570513337637,0,0.02903213765016314,27
8802303,external,random,1,0.13,fixed,1,32,33,1,1,1,external,0.010416806733542864,33,0.025160711135483557,27
8802303,external,cycle,1,0.13,fixed,1,32,33,1,1,1,external,0.007648431276356611,30,0.02730702248582894,27
8802303,external,adaptive,1,0.13,fixed,1,32,33,1,1,1,external,0.007647823019692583,20,0.027343975990145018,27
8802303,sensor,repeat,1,0.13,fixed,1,32,33,1,0,0,undetermined,0.7659105627550808,0,0.029032137650163135,27
8802303,sensor,random,1,0.13,fixed,1,32,33,1,1,1,sensor,0.01041680673354285,33,0.025160711135483564,27
8802303,sensor,cycle,1,0.13,fixed,1,32,33,1,1,1,sensor,0.007648431276356666,30,0.02730702248582894,27
8802303,sensor,adaptive,1,0.13,fixed,1,32,33,1,1,1,sensor,0.007647823019692568,20,0.027343975990145025,27
8802303,motor_external,repeat,1,0.13,fixed,1,32,33,1,0,0,undetermined,1.323660149126999,0,0.02903213765016314,27
8802303,motor_external,random,1,0.13,fixed,1,32,34,1,1,1,motor_external,0.00934685869659506,33,0.02539810468607171,26
8802303,motor_external,cycle,1,0.13,fixed,1,32,33,1,1,1,motor_external,0.007648431276356627,30,0.02730702248582894,27
8802303,motor_external,adaptive,1,0.13,fixed,1,32,33,1,1,1,motor_external,0.007647823019692549,20,0.02734397599014502,27
8802303,external_sensor,repeat,1,0.13,fixed,1,32,33,1,0,0,undetermined,1.6025570513337637,0,0.02903213765016314,27
8802303,external_sensor,random,1,0.13,fixed,1,32,33,1,1,1,external_sensor,0.010416806733542864,33,0.025160711135483557,27
8802303,external_sensor,cycle,1,0.13,fixed,1,32,33,1,1,1,external_sensor,0.007648431276356611,30,0.02730702248582894,27
8802303,external_sensor,adaptive,1,0.13,fixed,1,32,33,1,1,1,external_sensor,0.007647823019692583,20,0.027343975990145018,27
8802303,nonlinear,repeat,1,0.13,fixed,1,32,33,1,0,0,undetermined,1.1773771938249422,0,0.029032137650163145,27
8802303,nonlinear,random,1,0.13,fixed,1,32,34,1,0,0,unknown,0.37772526532445394,33,0.358117584405473,26
8802303,nonlinear,cycle,1,0.13,fixed,1,32,33,1,0,0,unknown,0.3444056888685826,30,0.35702696236742854,27
8802303,nonlinear,adaptive,1,0.13,fixed,1,32,33,1,0,0,unknown,0.37604576798642114,20,0.40503378325162614,27
8802350,none,repeat,1,0.13,fixed,0,31,,0,1,0,none,0.010824273366708523,0,0.0,0
8802350,none,random,1,0.13,fixed,0,31,,0,1,0,none,0.010824273366708523,35,0.0,0
8802350,none,cycle,1,0.13,fixed,0,31,,0,1,0,none,0.010824273366708523,30,0.0,0
8802350,none,adaptive,1,0.13,fixed,0,31,,0,1,0,none,0.010824273366708523,0,0.0,0
8802350,motor,repeat,1,0.13,fixed,1,31,32,1,0,0,undetermined,0.7629686113428626,0,0.029523713052117696,28
8802350,motor,random,1,0.13,fixed,1,31,34,1,1,1,motor,0.004343131957307298,35,0.028060871509632043,26
8802350,motor,cycle,1,0.13,fixed,1,31,33,1,1,1,motor,0.0051628495944561524,30,0.026672059392591,27
8802350,motor,adaptive,1,0.13,fixed,1,31,32,1,1,1,motor,0.0020209013008273655,21,0.029138886296905836,28
8802350,external,repeat,1,0.13,fixed,1,31,32,1,0,0,undetermined,0.46378256456281364,0,0.029523713052117685,28
8802350,external,random,1,0.13,fixed,1,31,32,1,1,1,external,0.005109101026232465,35,0.02723950001222328,28
8802350,external,cycle,1,0.13,fixed,1,31,32,1,1,1,external,0.004987426185169389,30,0.026150206755536056,28
8802350,external,adaptive,1,0.13,fixed,1,31,32,1,1,1,external,0.002020901300827349,21,0.029138886296905836,28
8802350,sensor,repeat,1,0.13,fixed,1,31,33,1,0,0,undetermined,0.7521448060076925,0,0.029965482350465988,27
8802350,sensor,random,1,0.13,fixed,1,31,33,1,1,1,sensor,0.005739480691668747,35,0.02752364486667453,27
8802350,sensor,cycle,1,0.13,fixed,1,31,33,1,1,1,sensor,0.005162849594456126,30,0.026672059392591,27
8802350,sensor,adaptive,1,0.13,fixed,1,31,33,1,1,1,sensor,0.002441103323861598,20,0.029508013797803864,27
8802350,motor_external,repeat,1,0.13,fixed,1,31,34,1,0,0,undetermined,1.3071752388321733,0,0.029753643727155863,26
8802350,motor_external,random,1,0.13,fixed,1,31,32,1,1,1,motor_external,0.005109101026232474,35,0.027239500012223288,28
8802350,motor_external,cycle,1,0.13,fixed,1,31,33,1,1,1,motor_external,0.005162849594456139,30,0.026672059392590985,27
8802350,motor_external,adaptive,1,0.13,fixed,1,31,34,1,1,1,motor_external,0.0022722003500203125,19,0.028886761467356574,26
8802350,external_sensor,repeat,1,0.13,fixed,1,31,32,1,0,0,undetermined,0.46378256456281364,0,0.029523713052117685,28
8802350,external_sensor,random,1,0.13,fixed,1,31,32,1,1,1,external_sensor,0.005109101026232465,35,0.02723950001222328,28
8802350,external_sensor,cycle,1,0.13,fixed,1,31,32,1,1,1,external_sensor,0.004987426185169389,30,0.026150206755536056,28
8802350,external_sensor,adaptive,1,0.13,fixed,1,31,32,1,1,1,external_sensor,0.002020901300827349,21,0.029138886296905836,28
8802350,nonlinear,repeat,1,0.13,fixed,1,31,32,1,0,0,undetermined,1.3459844395748262,0,0.029523713052117706,28
8802350,nonlinear,random,1,0.13,fixed,1,31,34,1,0,0,unknown,0.4675584640305165,35,0.32725471995128114,26
8802350,nonlinear,cycle,1,0.13,fixed,1,31,33,1,0,0,unknown,0.34501292030756475,30,0.3866113561952521,27
8802350,nonlinear,adaptive,1,0.13,fixed,1,31,32,1,0,0,unknown,0.3552300722129793,21,0.397298713594259,28
8802397,none,repeat,1,0.13,fixed,0,32,,0,1,0,none,0.004331452062976999,0,0.0,0
8802397,none,random,1,0.13,fixed,0,32,,0,1,0,none,0.004331452062976999,29,0.0,0
8802397,none,cycle,1,0.13,fixed,0,32,,0,1,0,none,0.004331452062976999,30,0.0,0
8802397,none,adaptive,1,0.13,fixed,0,32,,0,1,0,none,0.004331452062976999,0,0.0,0
8802397,motor,repeat,1,0.13,fixed,1,32,33,1,0,0,undetermined,0.746108388545686,0,0.03584696002932377,27
8802397,motor,random,1,0.13,fixed,1,32,34,1,1,1,motor,0.002013986378096351,29,0.033792712353131936,26
8802397,motor,cycle,1,0.13,fixed,1,32,33,1,1,1,motor,0.0018931440289035033,30,0.03412746096580764,27
8802397,motor,adaptive,1,0.13,fixed,1,32,33,1,1,1,motor,0.002511313654254883,20,0.03290092825794973,27
8802397,external,repeat,1,0.13,fixed,1,32,33,1,0,0,undetermined,1.3896454734537698,0,0.03584696002932377,27
8802397,external,random,1,0.13,fixed,1,32,33,1,1,1,external,0.0021098542380416575,29,0.034095553247137055,27
8802397,external,cycle,1,0.13,fixed,1,32,33,1,1,1,external,0.0018931440289034793,30,0.034127460965807634,27
8802397,external,adaptive,1,0.13,fixed,1,32,33,1,1,1,external,0.0025113136542548853,20,0.032900928257949734,27
8802397,sensor,repeat,1,0.13,fixed,1,32,33,1,0,0,undetermined,0.7490889412105188,0,0.03584696002932376,27
8802397,sensor,random,1,0.13,fixed,1,32,33,1,1,1,sensor,0.002109854238041653,29,0.03409555324713705,27
8802397,sensor,cycle,1,0.13,fixed,1,32,33,1,1,1,sensor,0.0018931440289034647,30,0.034127460965807634,27
8802397,sensor,adaptive,1,0.13,fixed,1,32,33,1,1,1,sensor,0.0025113136542548676,20,0.03290092825794973,27
8802397,motor_external,repeat,1,0.13,fixed,1,32,33,1,0,0,undetermined,0.5113332895451226,0,0.03584696002932376,27
8802397,motor_external,random,1,0.13,fixed,1,32,33,1,1,1,motor_external,0.002109854238041408,29,0.034095553247137055,27
8802397,motor_external,cycle,1,0.13,fixed,1,32,33,1,1,1,motor_external,0.0018931440289034999,30,0.034127460965807634,27
8802397,motor_external,adaptive,1,0.13,fixed,1,32,33,1,1,1,motor_external,0.002511313654254884,20,0.03290092825794973,27
8802397,external_sensor,repeat,1,0.13,fixed,1,32,33,1,0,0,undetermined,1.3896454734537698,0,0.03584696002932377,27
8802397,external_sensor,random,1,0.13,fixed,1,32,33,1,1,1,external_sensor,0.0021098542380416575,29,0.034095553247137055,27
8802397,external_sensor,cycle,1,0.13,fixed,1,32,33,1,1,1,external_sensor,0.0018931440289034793,30,0.034127460965807634,27
8802397,external_sensor,adaptive,1,0.13,fixed,1,32,33,1,1,1,external_sensor,0.0025113136542548853,20,0.032900928257949734,27
8802397,nonlinear,repeat,1,0.13,fixed,1,32,33,1,0,0,undetermined,1.1613446615764407,0,0.03584696002932376,27
8802397,nonlinear,random,1,0.13,fixed,1,32,34,1,0,0,unknown,0.3686819594519141,29,0.324842892278989,26
8802397,nonlinear,cycle,1,0.13,fixed,1,32,33,1,0,0,unknown,0.33941254113465524,30,0.4047811089907099,27
8802397,nonlinear,adaptive,1,0.13,fixed,1,32,33,1,0,0,unknown,0.35588334644306674,20,0.3509593285282769,27
8802444,none,repeat,1,0.13,fixed,0,30,,0,1,0,none,0.00624706764786327,0,0.0,0
8802444,none,random,1,0.13,fixed,0,30,,0,1,0,none,0.00624706764786327,32,0.0,0
8802444,none,cycle,1,0.13,fixed,0,30,,0,1,0,none,0.00624706764786327,30,0.0,0
8802444,none,adaptive,1,0.13,fixed,0,30,,0,1,0,none,0.00624706764786327,0,0.0,0
8802444,motor,repeat,1,0.13,fixed,1,30,31,1,0,0,undetermined,0.7605174508303139,0,0.027251081875724954,29
8802444,motor,random,1,0.13,fixed,1,30,32,1,1,1,motor,0.00333748729481644,32,0.0247771606217862,28
8802444,motor,cycle,1,0.13,fixed,1,30,32,1,1,1,motor,0.002541771953069816,30,0.02621747009100878,28
8802444,motor,adaptive,1,0.13,fixed,1,30,31,1,1,1,motor,0.0034879569905369176,21,0.02473299483750637,29
8802444,external,repeat,1,0.13,fixed,1,30,31,1,0,0,undetermined,1.614334221518055,0,0.027251081875724958,29
8802444,external,random,1,0.13,fixed,1,30,31,1,1,1,external,0.0030703428993910644,32,0.024872223925222432,29
8802444,external,cycle,1,0.13,fixed,1,30,31,1,1,1,external,0.0025884943809474014,30,0.026050697084484556,29
8802444,external,adaptive,1,0.13,fixed,1,30,31,1,1,1,external,0.003487956990536911,21,0.024732994837506364,29
8802444,sensor,repeat,1,0.13,fixed,1,30,31,1,0,0,undetermined,0.7449783653063567,0,0.027251081875724958,29
8802444,sensor,random,1,0.13,fixed,1,30,31,1,1,1,sensor,0.0030703428993910644,32,0.02487222392522243,29
8802444,sensor,cycle,1,0.13,fixed,1,30,31,1,1,1,sensor,0.002588494380947405,30,0.026050697084484563,29
8802444,sensor,adaptive,1,0.13,fixed,1,30,31,1,1,1,sensor,0.003487956990536911,21,0.024732994837506374,29
8802444,motor_external,repeat,1,0.13,fixed,1,30,31,1,0,0,undetermined,1.2708020845244672,0,0.027251081875724958,29
8802444,motor_external,random,1,0.13,fixed,1,30,31,1,1,1,motor_external,0.0030703428993910133,32,0.02487222392522244,29
8802444,motor_external,cycle,1,0.13,fixed,1,30,31,1,1,1,motor_external,0.002588494380947397,30,0.026050697084484566,29
8802444,motor_external,adaptive,1,0.13,fixed,1,30,31,1,1,1,motor_external,0.003487956990536916,21,0.024732994837506378,29
8802444,external_sensor,repeat,1,0.13,fixed,1,30,31,1,0,0,undetermined,1.614334221518055,0,0.027251081875724958,29
8802444,external_sensor,random,1,0.13,fixed,1,30,31,1,1,1,external_sensor,0.0030703428993910644,32,0.024872223925222432,29
8802444,external_sensor,cycle,1,0.13,fixed,1,30,31,1,1,1,external_sensor,0.0025884943809474014,30,0.026050697084484556,29
8802444,external_sensor,adaptive,1,0.13,fixed,1,30,31,1,1,1,external_sensor,0.003487956990536911,21,0.024732994837506364,29
8802444,nonlinear,repeat,1,0.13,fixed,1,30,31,1,0,0,undetermined,1.1659413940470986,0,0.027251081875724965,29
8802444,nonlinear,random,1,0.13,fixed,1,30,32,1,0,1,motor_external,0.4229857012715857,32,0.24460789575593211,28
8802444,nonlinear,cycle,1,0.13,fixed,1,30,32,1,0,0,unknown,0.3385266064967074,30,0.3831094177188098,28
8802444,nonlinear,adaptive,1,0.13,fixed,1,30,31,1,0,0,unknown,0.3459927406768982,21,0.3532304491536355,29
8802491,none,repeat,1,0.13,fixed,0,33,,0,1,0,none,0.002787865765170523,0,0.0,0
8802491,none,random,1,0.13,fixed,0,33,,0,1,0,none,0.002787865765170523,29,0.0,0
8802491,none,cycle,1,0.13,fixed,0,33,,0,1,0,none,0.002787865765170523,30,0.0,0
8802491,none,adaptive,1,0.13,fixed,0,33,,0,1,0,none,0.002787865765170523,0,0.0,0
8802491,motor,repeat,1,0.13,fixed,1,33,34,1,0,0,undetermined,0.7490489495890269,0,0.0405331499148116,26
8802491,motor,random,1,0.13,fixed,1,33,34,1,1,1,motor,0.00507733602723442,29,0.0377767923076661,26
8802491,motor,cycle,1,0.13,fixed,1,33,34,1,1,1,motor,0.007225101157070859,30,0.03418895892080329,26
8802491,motor,adaptive,1,0.13,fixed,1,33,34,1,1,1,motor,0.001962331457661748,19,0.03938630294280628,26
8802491,external,repeat,1,0.13,fixed,1,33,34,1,0,0,undetermined,0.6245995132629849,0,0.04053314991481159,26
8802491,external,random,1,0.13,fixed,1,33,34,1,1,1,external,0.005077336027234386,29,0.03777679230766609,26
8802491,external,cycle,1,0.13,fixed,1,33,34,1,1,1,external,0.007225101157070787,30,0.034188958920803286,26
8802491,external,adaptive,1,0.13,fixed,1,33,34,1,1,1,external,0.001962331457661748,19,0.03938630294280628,26
8802491,sensor,repeat,1,0.13,fixed,1,33,34,1,0,0,undetermined,0.7600990097749035,0,0.040533149914811606,26
8802491,sensor,random,1,0.13,fixed,1,33,34,1,1,1,sensor,0.005077336027234404,29,0.037776792307666084,26
8802491,sensor,cycle,1,0.13,fixed,1,33,34,1,1,1,sensor,0.007225101157070801,30,0.03418895892080329,26
8802491,sensor,adaptive,1,0.13,fixed,1,33,34,1,1,1,sensor,0.001962331457661748,19,0.03938630294280629,26
8802491,motor_external,repeat,1,0.13,fixed,1,33,34,1,0,0,undetermined,1.5022080620103164,0,0.0405331499148116,26
8802491,motor_external,random,1,0.13,fixed,1,33,34,1,1,1,motor_external,0.005077336027234398,29,0.0377767923076661,26
8802491,motor_external,cycle,1,0.13,fixed,1,33,34,1,1,1,motor_external,0.007225101157070831,30,0.034188958920803286,26
8802491,motor_external,adaptive,1,0.13,fixed,1,33,34,1,1,1,motor_external,0.001962331457661757,19,0.03938630294280628,26
8802491,external_sensor,repeat,1,0.13,fixed,1,33,34,1,0,0,undetermined,0.6245995132629849,0,0.04053314991481159,26
8802491,external_sensor,random,1,0.13,fixed,1,33,34,1,1,1,external_sensor,0.005077336027234386,29,0.03777679230766609,26
8802491,external_sensor,cycle,1,0.13,fixed,1,33,34,1,1,1,external_sensor,0.007225101157070787,30,0.034188958920803286,26
8802491,external_sensor,adaptive,1,0.13,fixed,1,33,34,1,1,1,external_sensor,0.001962331457661748,19,0.03938630294280628,26
8802491,nonlinear,repeat,1,0.13,fixed,1,33,34,1,0,0,undetermined,1.5623094931985024,0,0.04053314991481158,26
8802491,nonlinear,random,1,0.13,fixed,1,33,34,1,0,0,unknown,0.4090582644196747,29,0.3139091796748763,26
8802491,nonlinear,cycle,1,0.13,fixed,1,33,34,1,0,0,unknown,0.3391053012990871,30,0.3729770318348609,26
8802491,nonlinear,adaptive,1,0.13,fixed,1,33,34,1,0,0,unknown,0.353690144116433,19,0.3708524697056968,26
8802538,none,repeat,1,0.13,fixed,0,34,,0,1,0,none,0.00596361591581452,0,0.0,0
8802538,none,random,1,0.13,fixed,0,34,,0,1,0,none,0.00596361591581452,31,0.0,0
8802538,none,cycle,1,0.13,fixed,0,34,,0,1,0,none,0.00596361591581452,30,0.0,0
8802538,none,adaptive,1,0.13,fixed,0,34,,0,1,0,none,0.00596361591581452,0,0.0,0
8802538,motor,repeat,1,0.13,fixed,1,34,35,1,0,0,undetermined,0.7493787428783425,0,0.026436717612520658,25
8802538,motor,random,1,0.13,fixed,1,34,35,1,1,1,motor,0.0021887274528102356,31,0.02473535206263955,25
8802538,motor,cycle,1,0.13,fixed,1,34,35,1,1,1,motor,0.0008841051969216397,30,0.026201741956203273,25
8802538,motor,adaptive,1,0.13,fixed,1,34,35,1,1,1,motor,0.0016575966157972703,18,0.025259874245787774,25
8802538,external,repeat,1,0.13,fixed,1,34,35,1,0,0,undetermined,1.6600066069022765,0,0.02643671761252066,25
8802538,external,random,1,0.13,fixed,1,34,35,1,1,1,external,0.0021887274528102083,31,0.024735352062639538,25
8802538,external,cycle,1,0.13,fixed,1,34,35,1,1,1,external,0.0008841051969216572,30,0.026201741956203273,25
8802538,external,adaptive,1,0.13,fixed,1,34,35,1,1,1,external,0.0016575966157972536,18,0.025259874245787774,25
8802538,sensor,repeat,1,0.13,fixed,1,34,35,1,0,0,undetermined,0.7578233645761379,0,0.02643671761252066,25
8802538,sensor,random,1,0.13,fixed,1,34,35,1,1,1,sensor,0.002188727452810196,31,0.02473535206263955,25
8802538,sensor,cycle,1,0.13,fixed,1,34,35,1,1,1,sensor,0.0008841051969216403,30,0.026201741956203273,25
8802538,sensor,adaptive,1,0.13,fixed,1,34,35,1,1,1,sensor,0.0016575966157972486,18,0.025259874245787774,25
8802538,motor_external,repeat,1,0.13,fixed,1,34,35,1,0,0,undetermined,1.1879590156028397,0,0.026436717612520658,25
8802538,motor_external,random,1,0.13,fixed,1,34,35,1,1,1,motor_external,0.0021887274528102334,31,0.024735352062639552,25
8802538,motor_external,cycle,1,0.13,fixed,1,34,35,1,1,1,motor_external,0.0008841051969216588,30,0.026201741956203273,25
8802538,motor_external,adaptive,1,0.13,fixed,1,34,35,1,1,1,motor_external,0.001657596615797274,18,0.025259874245787777,25
8802538,external_sensor,repeat,1,0.13,fixed,1,34,35,1,0,0,undetermined,1.6600066069022765,0,0.02643671761252066,25
8802538,external_sensor,random,1,0.13,fixed,1,34,35,1,1,1,external_sensor,0.0021887274528102083,31,0.024735352062639538,25
8802538,external_sensor,cycle,1,0.13,fixed,1,34,35,1,1,1,external_sensor,0.0008841051969216572,30,0.026201741956203273,25
8802538,external_sensor,adaptive,1,0.13,fixed,1,34,35,1,1,1,external_sensor,0.0016575966157972536,18,0.025259874245787774,25
8802538,nonlinear,repeat,1,0.13,fixed,1,34,35,1,0,0,undetermined,1.1811228363877397,0,0.026436717612520658,25
8802538,nonlinear,random,1,0.13,fixed,1,34,35,1,0,0,unknown,0.3648848709420093,31,0.27881197898450294,25
8802538,nonlinear,cycle,1,0.13,fixed,1,34,35,1,0,0,unknown,0.33508410519692167,30,0.34979056086319427,25
8802538,nonlinear,adaptive,1,0.13,fixed,1,34,35,1,0,0,unknown,0.3576707216731937,18,0.38892426585081435,25
8802585,none,repeat,1,0.13,fixed,0,29,,0,1,0,none,0.0011117381863496863,0,0.0,0
8802585,none,random,1,0.13,fixed,0,29,,0,1,0,none,0.0011117381863496863,30,0.0,0
8802585,none,cycle,1,0.13,fixed,0,29,,0,1,0,none,0.0011117381863496863,30,0.0,0
8802585,none,adaptive,1,0.13,fixed,0,29,,0,1,0,none,0.0011117381863496863,0,0.0,0
8802585,motor,repeat,1,0.13,fixed,1,29,30,1,0,0,undetermined,0.7573625802372455,0,0.029538502038023776,30
8802585,motor,random,1,0.13,fixed,1,29,30,1,1,1,motor,0.004942914663711759,30,0.027314544622645702,30
8802585,motor,cycle,1,0.13,fixed,1,29,30,1,1,1,motor,0.003639749823835832,30,0.027930717859579218,30
8802585,motor,adaptive,1,0.13,fixed,1,29,30,1,1,1,motor,0.003979573001271613,22,0.027126623800151572,30
8802585,external,repeat,1,0.13,fixed,1,29,30,1,0,0,undetermined,0.8983781809252334,0,0.029538502038023773,30
8802585,external,random,1,0.13,fixed,1,29,30,1,1,1,external,0.004942914663711875,30,0.027314544622645702,30
8802585,external,cycle,1,0.13,fixed,1,29,30,1,1,1,external,0.0036397498238358444,30,0.027930717859579214,30
8802585,external,adaptive,1,0.13,fixed,1,29,30,1,1,1,external,0.003979573001271577,22,0.027126623800151572,30
8802585,sensor,repeat,1,0.13,fixed,1,29,30,1,0,0,undetermined,0.7389368137219934,0,0.02953850203802377,30
8802585,sensor,random,1,0.13,fixed,1,29,30,1,1,1,sensor,0.004942914663711874,30,0.0273145446226457,30
8802585,sensor,cycle,1,0.13,fixed,1,29,30,1,1,1,sensor,0.0036397498238358466,30,0.02793071785957921,30
8802585,sensor,adaptive,1,0.13,fixed,1,29,30,1,1,1,sensor,0.003979573001271582,22,0.027126623800151572,30
8802585,motor_external,repeat,1,0.13,fixed,1,29,30,1,0,0,undetermined,1.664925694418652,0,0.02953850203802377,30
8802585,motor_external,random,1,0.13,fixed,1,29,30,1,1,1,motor_external,0.0049429146637117735,30,0.027314544622645702,30
8802585,motor_external,cycle,1,0.13,fixed,1,29,30,1,1,1,motor_external,0.003639749823835833,30,0.027930717859579214,30
8802585,motor_external,adaptive,1,0.13,fixed,1,29,30,1,1,1,motor_external,0.003979573001271596,22,0.02712662380015157,30
8802585,external_sensor,repeat,1,0.13,fixed,1,29,30,1,0,0,undetermined,0.8983781809252334,0,0.029538502038023773,30
8802585,external_sensor,random,1,0.13,fixed,1,29,30,1,1,1,external_sensor,0.004942914663711875,30,0.027314544622645702,30
8802585,external_sensor,cycle,1,0.13,fixed,1,29,30,1,1,1,external_sensor,0.0036397498238358444,30,0.027930717859579214,30
8802585,external_sensor,adaptive,1,0.13,fixed,1,29,30,1,1,1,external_sensor,0.003979573001271577,22,0.027126623800151572,30
8802585,nonlinear,repeat,1,0.13,fixed,1,29,30,1,0,0,undetermined,1.5135035751034018,0,0.02953850203802377,30
8802585,nonlinear,random,1,0.13,fixed,1,29,30,1,0,0,unknown,0.3392852462169925,30,0.3640476340821677,30
8802585,nonlinear,cycle,1,0.13,fixed,1,29,30,1,0,0,unknown,0.3378397498238358,30,0.3644928745472588,30
8802585,nonlinear,adaptive,1,0.13,fixed,1,29,30,1,0,0,unknown,0.3544482026373358,22,0.3458022631949609,30
8802632,none,repeat,1,0.13,fixed,0,29,,0,1,0,none,0.005631655396604893,0,0.0,0
8802632,none,random,1,0.13,fixed,0,29,,0,1,0,none,0.005631655396604893,22,0.0,0
8802632,none,cycle,1,0.13,fixed,0,29,,0,1,0,none,0.005631655396604893,30,0.0,0
8802632,none,adaptive,1,0.13,fixed,0,29,,0,1,0,none,0.005631655396604893,0,0.0,0
8802632,motor,repeat,1,0.13,fixed,1,29,30,1,0,0,undetermined,0.7456491877010912,0,0.03307036776668335,30
8802632,motor,random,1,0.13,fixed,1,29,30,1,1,1,motor,0.005107617635719678,22,0.029551051014027187,30
8802632,motor,cycle,1,0.13,fixed,1,29,30,1,1,1,motor,0.0010290169112405511,30,0.03238311481152055,30
8802632,motor,adaptive,1,0.13,fixed,1,29,30,1,1,1,motor,0.0019109499210223668,22,0.031195284259046843,30
8802632,external,repeat,1,0.13,fixed,1,29,30,1,0,0,undetermined,0.46754254055316435,0,0.033070367766683345,30
8802632,external,random,1,0.13,fixed,1,29,30,1,1,1,external,0.005107617635719697,22,0.029551051014027187,30
8802632,external,cycle,1,0.13,fixed,1,29,30,1,1,1,external,0.0010290169112405353,30,0.03238311481152054,30
8802632,external,adaptive,1,0.13,fixed,1,29,30,1,1,1,external,0.0019109499210223705,22,0.03119528425904685,30
8802632,sensor,repeat,1,0.13,fixed,1,29,30,1,0,0,undetermined,0.746837237989805,0,0.03307036776668335,30
8802632,sensor,random,1,0.13,fixed,1,29,30,1,1,1,sensor,0.005107617635719702,22,0.029551051014027184,30
8802632,sensor,cycle,1,0.13,fixed,1,29,30,1,1,1,sensor,0.0010290169112405403,30,0.03238311481152055,30
8802632,sensor,adaptive,1,0.13,fixed,1,29,30,1,1,1,sensor,0.0019109499210223791,22,0.03119528425904685,30
8802632,motor_external,repeat,1,0.13,fixed,1,29,30,1,0,0,undetermined,0.7593738524308946,0,0.03307036776668336,30
8802632,motor_external,random,1,0.13,fixed,1,29,30,1,1,1,motor_external,0.005107617635719693,22,0.02955105101402718,30
8802632,motor_external,cycle,1,0.13,fixed,1,29,30,1,1,1,motor_external,0.0010290169112405344,30,0.03238311481152055,30
8802632,motor_external,adaptive,1,0.13,fixed,1,29,30,1,1,1,motor_external,0.0019109499210223583,22,0.03119528425904685,30
8802632,external_sensor,repeat,1,0.13,fixed,1,29,30,1,0,0,undetermined,0.46754254055316435,0,0.033070367766683345,30
8802632,external_sensor,random,1,0.13,fixed,1,29,30,1,1,1,external_sensor,0.005107617635719697,22,0.029551051014027187,30
8802632,external_sensor,cycle,1,0.13,fixed,1,29,30,1,1,1,external_sensor,0.0010290169112405353,30,0.03238311481152054,30
8802632,external_sensor,adaptive,1,0.13,fixed,1,29,30,1,1,1,external_sensor,0.0019109499210223705,22,0.03119528425904685,30
8802632,nonlinear,repeat,1,0.13,fixed,1,29,30,1,0,0,undetermined,1.53989559208733,0,0.033070367766683345,30
8802632,nonlinear,random,1,0.13,fixed,1,29,30,1,0,0,unknown,0.4703083915626154,22,0.25462560328859374,30
8802632,nonlinear,cycle,1,0.13,fixed,1,29,30,1,0,0,unknown,0.3352290169112405,30,0.3120414762165738,30
8802632,nonlinear,adaptive,1,0.13,fixed,1,29,30,1,0,0,unknown,0.3591293863543977,22,0.38369492961058643,30
8802679,none,repeat,1,0.13,fixed,0,28,,0,1,0,none,0.0015400539261490364,0,0.0,0
8802679,none,random,1,0.13,fixed,0,28,,0,1,0,none,0.0015400539261490364,30,0.0,0
8802679,none,cycle,1,0.13,fixed,0,28,,0,1,0,none,0.0015400539261490364,30,0.0,0
8802679,none,adaptive,1,0.13,fixed,0,28,,0,1,0,none,0.0015400539261490364,0,0.0,0
8802679,motor,repeat,1,0.13,fixed,1,28,29,1,0,0,undetermined,0.7291654714944417,0,0.032280515002289734,31
8802679,motor,random,1,0.13,fixed,1,28,32,1,1,1,motor,0.009706669453945072,30,0.03322249917843697,28
8802679,motor,cycle,1,0.13,fixed,1,28,29,1,1,1,motor,0.009138739903812951,30,0.030300361381321906,31
8802679,motor,adaptive,1,0.13,fixed,1,28,29,1,1,1,motor,0.0090492748570772,23,0.030004228585807383,31
8802679,external,repeat,1,0.13,fixed,1,28,29,1,0,0,undetermined,0.45853917126047206,0,0.03228051500228973,31
8802679,external,random,1,0.13,fixed,1,28,29,1,1,1,external,0.007975269670371704,30,0.03165176622239005,31
8802679,external,cycle,1,0.13,fixed,1,28,29,1,1,1,external,0.009138739903812943,30,0.030300361381321906,31
8802679,external,adaptive,1,0.13,fixed,1,28,29,1,1,1,external,0.00904927485707721,23,0.03000422858580739,31
8802679,sensor,repeat,1,0.13,fixed,1,28,29,1,0,0,undetermined,0.7432068836706335,0,0.03228051500228973,31
8802679,sensor,random,1,0.13,fixed,1,28,29,1,1,1,sensor,0.007975269670371685,30,0.03165176622239006,31
8802679,sensor,cycle,1,0.13,fixed,1,28,29,1,1,1,sensor,0.00913873990381293,30,0.03030036138132191,31
8802679,sensor,adaptive,1,0.13,fixed,1,28,29,1,1,1,sensor,0.00904927485707721,23,0.030004228585807386,31
8802679,motor_external,repeat,1,0.13,fixed,1,28,29,1,0,0,undetermined,1.286668180936057,0,0.032280515002289734,31
8802679,motor_external,random,1,0.13,fixed,1,28,29,1,1,1,motor_external,0.007975269670371665,30,0.031651766222390056,31
8802679,motor_external,cycle,1,0.13,fixed,1,28,29,1,1,1,motor_external,0.009138739903812945,30,0.030300361381321923,31
8802679,motor_external,adaptive,1,0.13,fixed,1,28,29,1,1,1,motor_external,0.009049274857077183,23,0.030004228585807393,31
8802679,external_sensor,repeat,1,0.13,fixed,1,28,29,1,0,0,undetermined,0.45853917126047206,0,0.03228051500228973,31
8802679,external_sensor,random,1,0.13,fixed,1,28,29,1,1,1,external_sensor,0.007975269670371704,30,0.03165176622239005,31
8802679,external_sensor,cycle,1,0.13,fixed,1,28,29,1,1,1,external_sensor,0.009138739903812943,30,0.030300361381321906,31
8802679,external_sensor,adaptive,1,0.13,fixed,1,28,29,1,1,1,external_sensor,0.00904927485707721,23,0.03000422858580739,31
8802679,nonlinear,repeat,1,0.13,fixed,1,28,29,1,0,0,undetermined,1.548575069353062,0,0.03228051500228973,31
8802679,nonlinear,random,1,0.13,fixed,1,28,32,1,0,0,unknown,0.36177511633187887,30,0.3437635224132807,28
8802679,nonlinear,cycle,1,0.13,fixed,1,28,29,1,0,0,unknown,0.34568708656066394,30,0.39337715222201264,31
8802679,nonlinear,adaptive,1,0.13,fixed,1,28,29,1,0,0,unknown,0.3822405877680132,23,0.4068336182344421,31
8802726,none,repeat,1,0.13,fixed,0,32,,0,1,0,none,0.0016026899010551162,0,0.0,0
8802726,none,random,1,0.13,fixed,0,32,,0,1,0,none,0.0016026899010551162,31,0.0,0
8802726,none,cycle,1,0.13,fixed,0,32,,0,1,0,none,0.0016026899010551162,30,0.0,0
8802726,none,adaptive,1,0.13,fixed,0,32,,0,1,0,none,0.0016026899010551162,0,0.0,0
8802726,motor,repeat,1,0.13,fixed,1,32,33,1,0,0,undetermined,0.7589695187239652,0,0.03757086281508949,27
8802726,motor,random,1,0.13,fixed,1,32,33,1,1,1,motor,0.005932117884152872,31,0.032205923447915584,27
8802726,motor,cycle,1,0.13,fixed,1,32,33,1,1,1,motor,0.002477414551424474,30,0.036039976719623924,27
8802726,motor,adaptive,1,0.13,fixed,1,32,33,1,1,1,motor,0.0020160121369868257,20,0.03638137293792504,27
8802726,external,repeat,1,0.13,fixed,1,32,33,1,0,0,undetermined,1.3444353743027153,0,0.03757086281508949,27
8802726,external,random,1,0.13,fixed,1,32,33,1,1,1,external,0.005932117884152875,31,0.032205923447915584,27
8802726,external,cycle,1,0.13,fixed,1,32,33,1,1,1,external,0.0024774145514244845,30,0.036039976719623924,27
8802726,external,adaptive,1,0.13,fixed,1,32,33,1,1,1,external,0.0020160121369868183,20,0.03638137293792504,27
8802726,sensor,repeat,1,0.13,fixed,1,32,33,1,0,0,undetermined,0.7470842908909814,0,0.03757086281508949,27
8802726,sensor,random,1,0.13,fixed,1,32,33,1,1,1,sensor,0.005932117884152877,31,0.032205923447915584,27
8802726,sensor,cycle,1,0.13,fixed,1,32,33,1,1,1,sensor,0.0024774145514244736,30,0.03603997671962394,27
8802726,sensor,adaptive,1,0.13,fixed,1,32,33,1,1,1,sensor,0.0020160121369868214,20,0.036381372937925045,27
8802726,motor_external,repeat,1,0.13,fixed,1,32,33,1,0,0,undetermined,0.492815479272799,0,0.037570862815089485,27
8802726,motor_external,random,1,0.13,fixed,1,32,33,1,1,1,motor_external,0.0059321178841528705,31,0.032205923447915584,27
8802726,motor_external,cycle,1,0.13,fixed,1,32,33,1,1,1,motor_external,0.0024774145514244775,30,0.03603997671962392,27
8802726,motor_external,adaptive,1,0.13,fixed,1,32,33,1,1,1,motor_external,0.0020160121369868153,20,0.03638137293792503,27
8802726,external_sensor,repeat,1,0.13,fixed,1,32,33,1,0,0,undetermined,1.3444353743027153,0,0.03757086281508949,27
8802726,external_sensor,random,1,0.13,fixed,1,32,33,1,1,1,external_sensor,0.005932117884152875,31,0.032205923447915584,27
8802726,external_sensor,cycle,1,0.13,fixed,1,32,33,1,1,1,external_sensor,0.0024774145514244845,30,0.036039976719623924,27
8802726,external_sensor,adaptive,1,0.13,fixed,1,32,33,1,1,1,external_sensor,0.0020160121369868183,20,0.03638137293792504,27
8802726,nonlinear,repeat,1,0.13,fixed,1,32,33,1,0,0,undetermined,0.9901961423512644,0,0.03757086281508949,27
8802726,nonlinear,random,1,0.13,fixed,1,32,33,1,0,0,unknown,0.34362931910503086,31,0.39319670686861263,27
8802726,nonlinear,cycle,1,0.13,fixed,1,32,33,1,0,0,unknown,0.3374831739722798,30,0.38134565186498104,27
8802726,nonlinear,adaptive,1,0.13,fixed,1,32,33,1,0,0,unknown,0.3602789643522641,20,0.36649078586669276,27
8802773,none,repeat,1,0.13,fixed,0,33,,0,1,0,none,0.006845593102175145,0,0.0,0
8802773,none,random,1,0.13,fixed,0,33,,0,1,0,none,0.006845593102175145,31,0.0,0
8802773,none,cycle,1,0.13,fixed,0,33,,0,1,0,none,0.006845593102175145,30,0.0,0
8802773,none,adaptive,1,0.13,fixed,0,33,,0,1,0,none,0.006845593102175145,0,0.0,0
8802773,motor,repeat,1,0.13,fixed,1,33,34,1,0,0,undetermined,0.7346827576585104,0,0.03795496563388282,26
8802773,motor,random,1,0.13,fixed,1,33,36,1,1,1,motor,0.007724520552424262,31,0.036260442838701244,24
8802773,motor,cycle,1,0.13,fixed,1,33,34,1,1,1,motor,0.003885593610175418,30,0.03705398801273115,26
8802773,motor,adaptive,1,0.13,fixed,1,33,34,1,1,1,motor,0.005088866769739847,19,0.03542547188561354,26
8802773,external,repeat,1,0.13,fixed,1,33,34,1,0,0,undetermined,1.6163959950424822,0,0.03795496563388282,26
8802773,external,random,1,0.13,fixed,1,33,34,1,1,1,external,0.00754541943182529,31,0.034669911212995695,26
8802773,external,cycle,1,0.13,fixed,1,33,34,1,1,1,external,0.003885593610175421,30,0.037053988012731166,26
8802773,external,adaptive,1,0.13,fixed,1,33,34,1,1,1,external,0.0050888667697398535,19,0.03542547188561353,26
8802773,sensor,repeat,1,0.13,fixed,1,33,34,1,0,0,undetermined,0.7493177084478291,0,0.03795496563388282,26
8802773,sensor,random,1,0.13,fixed,1,33,34,1,1,1,sensor,0.0075454194318253275,31,0.0346699112129957,26
8802773,sensor,cycle,1,0.13,fixed,1,33,34,1,1,1,sensor,0.003885593610175432,30,0.03705398801273115,26
8802773,sensor,adaptive,1,0.13,fixed,1,33,34,1,1,1,sensor,0.005088866769739861,19,0.03542547188561354,26
8802773,motor_external,repeat,1,0.13,fixed,1,33,34,1,0,0,undetermined,0.7747418024776306,0,0.037954965633882815,26
8802773,motor_external,random,1,0.13,fixed,1,33,34,1,1,1,motor_external,0.007545419431825334,31,0.034669911212995695,26
8802773,motor_external,cycle,1,0.13,fixed,1,33,34,1,1,1,motor_external,0.003885593610175419,30,0.037053988012731146,26
8802773,motor_external,adaptive,1,0.13,fixed,1,33,34,1,1,1,motor_external,0.005088866769739851,19,0.03542547188561354,26
8802773,external_sensor,repeat,1,0.13,fixed,1,33,34,1,0,0,undetermined,1.6163959950424822,0,0.03795496563388282,26
8802773,external_sensor,random,1,0.13,fixed,1,33,34,1,1,1,external_sensor,0.00754541943182529,31,0.034669911212995695,26
8802773,external_sensor,cycle,1,0.13,fixed,1,33,34,1,1,1,external_sensor,0.003885593610175421,30,0.037053988012731166,26
8802773,external_sensor,adaptive,1,0.13,fixed,1,33,34,1,1,1,external_sensor,0.0050888667697398535,19,0.03542547188561353,26
8802773,nonlinear,repeat,1,0.13,fixed,1,33,34,1,0,0,undetermined,1.1492633736381328,0,0.03795496563388283,26
8802773,nonlinear,random,1,0.13,fixed,1,33,36,1,0,0,unknown,0.36942170048256306,31,0.34804550492913977,24
8802773,nonlinear,cycle,1,0.13,fixed,1,33,34,1,0,0,unknown,0.3393756738916017,30,0.34668068673611163,26
8802773,nonlinear,adaptive,1,0.13,fixed,1,33,34,1,0,0,unknown,0.36162573587443186,19,0.44855555682315235,26
8802820,none,repeat,1,0.13,fixed,0,34,,0,1,0,none,0.007383316770951849,0,0.0,0
8802820,none,random,1,0.13,fixed,0,34,,0,1,0,none,0.007383316770951849,24,0.0,0
8802820,none,cycle,1,0.13,fixed,0,34,,0,1,0,none,0.007383316770951849,30,0.0,0
8802820,none,adaptive,1,0.13,fixed,0,34,,0,1,0,none,0.007383316770951849,0,0.0,0
8802820,motor,repeat,1,0.13,fixed,1,34,35,1,0,0,undetermined,0.7497823911342048,0,0.03673980934488681,25
8802820,motor,random,1,0.13,fixed,1,34,35,1,1,1,motor,0.0022386655959724883,24,0.03600406550850119,25
8802820,motor,cycle,1,0.13,fixed,1,34,35,1,1,1,motor,0.006397203583779545,30,0.032271111038194654,25
8802820,motor,adaptive,1,0.13,fixed,1,34,35,1,1,1,motor,0.002809325161247451,18,0.03578073234853298,25
8802820,external,repeat,1,0.13,fixed,1,34,35,1,0,0,undetermined,1.5485029044581604,0,0.03673980934488681,25
8802820,external,random,1,0.13,fixed,1,34,35,1,1,1,external,0.002238665595972503,24,0.03600406550850119,25
8802820,external,cycle,1,0.13,fixed,1,34,35,1,1,1,external,0.006397203583779533,30,0.03227111103819465,25
8802820,external,adaptive,1,0.13,fixed,1,34,35,1,1,1,external,0.0028093251612474348,18,0.03578073234853298,25
8802820,sensor,repeat,1,0.13,fixed,1,34,35,1,0,0,undetermined,0.737530823558038,0,0.03673980934488681,25
8802820,sensor,random,1,0.13,fixed,1,34,35,1,1,1,sensor,0.002238665595972506,24,0.03600406550850119,25
8802820,sensor,cycle,1,0.13,fixed,1,34,35,1,1,1,sensor,0.006397203583779555,30,0.03227111103819466,25
8802820,sensor,adaptive,1,0.13,fixed,1,34,35,1,1,1,sensor,0.0028093251612474534,18,0.03578073234853298,25
8802820,motor_external,repeat,1,0.13,fixed,1,34,35,1,0,0,undetermined,1.3505799933352214,0,0.036739809344886805,25
8802820,motor_external,random,1,0.13,fixed,1,34,35,1,1,1,motor_external,0.002238665595972512,24,0.03600406550850119,25
8802820,motor_external,cycle,1,0.13,fixed,1,34,35,1,1,1,motor_external,0.006397203583779504,30,0.03227111103819466,25
8802820,motor_external,adaptive,1,0.13,fixed,1,34,35,1,1,1,motor_external,0.0028093251612474487,18,0.03578073234853297,25
8802820,external_sensor,repeat,1,0.13,fixed,1,34,35,1,0,0,undetermined,1.5485029044581604,0,0.03673980934488681,25
8802820,external_sensor,random,1,0.13,fixed,1,34,35,1,1,1,external_sensor,0.002238665595972503,24,0.03600406550850119,25
8802820,external_sensor,cycle,1,0.13,fixed,1,34,35,1,1,1,external_sensor,0.006397203583779533,30,0.03227111103819465,25
8802820,external_sensor,adaptive,1,0.13,fixed,1,34,35,1,1,1,external_sensor,0.0028093251612474348,18,0.03578073234853298,25
8802820,nonlinear,repeat,1,0.13,fixed,1,34,35,1,0,0,undetermined,1.3577258491811242,0,0.03673980934488681,25
8802820,nonlinear,random,1,0.13,fixed,1,34,35,1,0,0,unknown,0.36049458961668546,24,0.40085378429249086,25
8802820,nonlinear,cycle,1,0.13,fixed,1,34,35,1,0,0,unknown,0.34059720358377954,30,0.3054982078572982,25
8802820,nonlinear,adaptive,1,0.13,fixed,1,34,35,1,0,0,unknown,0.3621327030454185,18,0.35664137919960937,25
8802867,none,repeat,1,0.13,fixed,0,28,,0,1,0,none,0.003252460808998049,0,0.0,0
8802867,none,random,1,0.13,fixed,0,28,,0,1,0,none,0.003252460808998049,29,0.0,0
8802867,none,cycle,1,0.13,fixed,0,28,,0,1,0,none,0.003252460808998049,30,0.0,0
8802867,none,adaptive,1,0.13,fixed,0,28,,0,1,0,none,0.003252460808998049,0,0.0,0
8802867,motor,repeat,1,0.13,fixed,1,28,29,1,0,0,undetermined,0.7672859164912995,0,0.03793814931967096,31
8802867,motor,random,1,0.13,fixed,1,28,29,1,1,1,motor,0.004617921950015461,29,0.035872394168685776,31
8802867,motor,cycle,1,0.13,fixed,1,28,29,1,1,1,motor,0.005214251212571716,30,0.036243434036261145,31
8802867,motor,adaptive,1,0.13,fixed,1,28,29,1,1,1,motor,0.00495791336380317,23,0.03584306762593353,31
8802867,external,repeat,1,0.13,fixed,1,28,29,1,0,0,undetermined,1.588815229298746,0,0.03793814931967096,31
8802867,external,random,1,0.13,fixed,1,28,29,1,1,1,external,0.004617921950015481,29,0.03587239416868578,31
8802867,external,cycle,1,0.13,fixed,1,28,29,1,1,1,external,0.005214251212571732,30,0.03624343403626113,31
8802867,external,adaptive,1,0.13,fixed,1,28,29,1,1,1,external,0.004957913363803134,23,0.03584306762593353,31
8802867,sensor,repeat,1,0.13,fixed,1,28,29,1,0,0,undetermined,0.7439505981458312,0,0.037938149319670954,31
8802867,sensor,random,1,0.13,fixed,1,28,29,1,1,1,sensor,0.004617921950015527,29,0.035872394168685796,31
8802867,sensor,cycle,1,0.13,fixed,1,28,29,1,1,1,sensor,0.005214251212571716,30,0.03624343403626115,31
8802867,sensor,adaptive,1,0.13,fixed,1,28,29,1,1,1,sensor,0.004957913363803147,23,0.03584306762593352,31
8802867,motor_external,repeat,1,0.13,fixed,1,28,29,1,0,0,undetermined,0.7776574083631567,0,0.03793814931967097,31
8802867,motor_external,random,1,0.13,fixed,1,28,29,1,1,1,motor_external,0.004617921950015461,29,0.03587239416868578,31
8802867,motor_external,cycle,1,0.13,fixed,1,28,29,1,1,1,motor_external,0.005214251212571735,30,0.036243434036261145,31
8802867,motor_external,adaptive,1,0.13,fixed,1,28,29,1,1,1,motor_external,0.004957913363803182,23,0.03584306762593353,31
8802867,external_sensor,repeat,1,0.13,fixed,1,28,29,1,0,0,undetermined,1.588815229298746,0,0.03793814931967096,31
8802867,external_sensor,random,1,0.13,fixed,1,28,29,1,1,1,external_sensor,0.004617921950015481,29,0.03587239416868578,31
8802867,external_sensor,cycle,1,0.13,fixed,1,28,29,1,1,1,external_sensor,0.005214251212571732,30,0.03624343403626113,31
8802867,external_sensor,adaptive,1,0.13,fixed,1,28,29,1,1,1,external_sensor,0.004957913363803134,23,0.03584306762593353,31
8802867,nonlinear,repeat,1,0.13,fixed,1,28,29,1,0,0,undetermined,0.9978731610799741,0,0.03793814931967096,31
8802867,nonlinear,random,1,0.13,fixed,1,28,29,1,0,0,unknown,0.38101077892513313,29,0.3315297994638411,31
8802867,nonlinear,cycle,1,0.13,fixed,1,28,30,1,0,0,unknown,0.340194891321236,30,0.39718204604563323,30
8802867,nonlinear,adaptive,1,0.13,fixed,1,28,29,1,0,0,unknown,0.3627445929837295,23,0.4311660400904373,31
8802914,none,repeat,1,0.13,fixed,0,33,,0,1,0,none,0.002862685687255051,0,0.0,0
8802914,none,random,1,0.13,fixed,0,33,,0,1,0,none,0.002862685687255051,28,0.0,0
8802914,none,cycle,1,0.13,fixed,0,33,,0,1,0,none,0.002862685687255051,30,0.0,0
8802914,none,adaptive,1,0.13,fixed,0,33,,0,1,0,none,0.002862685687255051,0,0.0,0
8802914,motor,repeat,1,0.13,fixed,1,33,34,1,0,0,undetermined,0.7486183903986003,0,0.027392194385176875,26
8802914,motor,random,1,0.13,fixed,1,33,34,1,1,1,motor,0.0077130210676768455,28,0.02381923669993898,26
8802914,motor,cycle,1,0.13,fixed,1,33,34,1,1,1,motor,0.008701464200964378,30,0.023185960438572392,26
8802914,motor,adaptive,1,0.13,fixed,1,33,34,1,1,1,motor,0.005682422692159984,19,0.025515461651402917,26
8802914,external,repeat,1,0.13,fixed,1,33,34,1,0,0,undetermined,0.40690984033531363,0,0.02739219438517687,26
8802914,external,random,1,0.13,fixed,1,33,34,1,1,1,external,0.007713021067676962,28,0.023819236699938975,26
8802914,external,cycle,1,0.13,fixed,1,33,34,1,1,1,external,0.008701464200964395,30,0.023185960438572392,26
8802914,external,adaptive,1,0.13,fixed,1,33,34,1,1,1,external,0.005682422692160002,19,0.025515461651402914,26
8802914,sensor,repeat,1,0.13,fixed,1,33,34,1,0,0,undetermined,0.7707163233667587,0,0.027392194385176875,26
8802914,sensor,random,1,0.13,fixed,1,33,34,1,1,1,sensor,0.007713021067676908,28,0.023819236699938975,26
8802914,sensor,cycle,1,0.13,fixed,1,33,34,1,1,1,sensor,0.008701464200964388,30,0.0231859604385724,26
8802914,sensor,adaptive,1,0.13,fixed,1,33,34,1,1,1,sensor,0.0056824226921600145,19,0.025515461651402924,26
8802914,motor_external,repeat,1,0.13,fixed,1,33,34,1,0,0,undetermined,1.0125330602806994,0,0.027392194385176868,26
8802914,motor_external,random,1,0.13,fixed,1,33,34,1,1,1,motor_external,0.0077130210676768975,28,0.023819236699938975,26
8802914,motor_external,cycle,1,0.13,fixed,1,33,34,1,1,1,motor_external,0.008701464200964338,30,0.0231859604385724,26
8802914,motor_external,adaptive,1,0.13,fixed,1,33,34,1,1,1,motor_external,0.005682422692159995,19,0.025515461651402917,26
8802914,external_sensor,repeat,1,0.13,fixed,1,33,34,1,0,0,undetermined,0.40690984033531363,0,0.02739219438517687,26
8802914,external_sensor,random,1,0.13,fixed,1,33,34,1,1,1,external_sensor,0.007713021067676962,28,0.023819236699938975,26
8802914,external_sensor,cycle,1,0.13,fixed,1,33,34,1,1,1,external_sensor,0.008701464200964395,30,0.023185960438572392,26
8802914,external_sensor,adaptive,1,0.13,fixed,1,33,34,1,1,1,external_sensor,0.005682422692160002,19,0.025515461651402914,26
8802914,nonlinear,repeat,1,0.13,fixed,1,33,34,1,0,0,undetermined,1.2032102383982353,0,0.027392194385176885,26
8802914,nonlinear,random,1,0.13,fixed,1,33,34,1,0,0,unknown,0.38511648014657895,28,0.33637435939497445,26
8802914,nonlinear,cycle,1,0.13,fixed,1,33,34,1,0,0,unknown,0.3431574455426799,30,0.31243935995025485,26
8802914,nonlinear,adaptive,1,0.13,fixed,1,33,34,1,0,0,unknown,0.37673575562092837,19,0.377717252583954,26
8802961,none,repeat,1,0.13,fixed,0,27,,0,1,0,none,0.017309129353664847,0,0.0,0
8802961,none,random,1,0.13,fixed,0,27,,0,1,0,none,0.017309129353664847,30,0.0,0
8802961,none,cycle,1,0.13,fixed,0,27,,0,1,0,none,0.017309129353664847,30,0.0,0
8802961,none,adaptive,1,0.13,fixed,0,27,,0,1,0,none,0.017309129353664847,0,0.0,0
8802961,motor,repeat,1,0.13,fixed,1,27,28,1,0,0,undetermined,0.7594226678329894,0,0.03432979214255391,32
8802961,motor,random,1,0.13,fixed,1,27,28,1,1,1,motor,0.004597700224743574,30,0.0314039994750054,32
8802961,motor,cycle,1,0.13,fixed,1,27,28,1,1,1,motor,0.0025701097062957702,30,0.03339284116333884,32
8802961,motor,adaptive,1,0.13,fixed,1,27,28,1,1,1,motor,0.006688427755744445,24,0.028161969031547853,32
8802961,external,repeat,1,0.13,fixed,1,27,28,1,0,0,undetermined,0.45912630717316205,0,0.03432979214255392,32
8802961,external,random,1,0.13,fixed,1,27,28,1,1,1,external,0.004597700224743514,30,0.031403999475005405,32
8802961,external,cycle,1,0.13,fixed,1,27,28,1,1,1,external,0.0025701097062957334,30,0.03339284116333885,32
8802961,external,adaptive,1,0.13,fixed,1,27,28,1,1,1,external,0.0066884277557444334,24,0.02816196903154786,32
8802961,sensor,repeat,1,0.13,fixed,1,27,28,1,0,0,undetermined,0.759573975259529,0,0.03432979214255391,32
8802961,sensor,random,1,0.13,fixed,1,27,28,1,1,1,sensor,0.00459770022474359,30,0.0314039994750054,32
8802961,sensor,cycle,1,0.13,fixed,1,27,28,1,1,1,sensor,0.0025701097062957447,30,0.03339284116333885,32
8802961,sensor,adaptive,1,0.13,fixed,1,27,28,1,1,1,sensor,0.006688427755744436,24,0.028161969031547857,32
8802961,motor_external,repeat,1,0.13,fixed,1,27,28,1,0,0,undetermined,0.7711446706856456,0,0.03432979214255392,32
8802961,motor_external,random,1,0.13,fixed,1,27,28,1,1,1,motor_external,0.004597700224743481,30,0.031403999475005405,32
8802961,motor_external,cycle,1,0.13,fixed,1,27,29,1,1,1,motor_external,0.0020823592771068585,30,0.03140743567884395,31
8802961,motor_external,adaptive,1,0.13,fixed,1,27,28,1,1,1,motor_external,0.006688427755744431,24,0.02816196903154786,32
8802961,external_sensor,repeat,1,0.13,fixed,1,27,28,1,0,0,undetermined,0.45912630717316205,0,0.03432979214255392,32
8802961,external_sensor,random,1,0.13,fixed,1,27,28,1,1,1,external_sensor,0.004597700224743514,30,0.031403999475005405,32
8802961,external_sensor,cycle,1,0.13,fixed,1,27,28,1,1,1,external_sensor,0.0025701097062957334,30,0.03339284116333885,32
8802961,external_sensor,adaptive,1,0.13,fixed,1,27,28,1,1,1,external_sensor,0.0066884277557444334,24,0.02816196903154786,32
8802961,nonlinear,repeat,1,0.13,fixed,1,27,28,1,0,0,undetermined,0.9914545668045847,0,0.03432979214255391,32
8802961,nonlinear,random,1,0.13,fixed,1,27,28,1,0,0,unknown,0.34813267692377337,30,0.3365567875146792,32
8802961,nonlinear,cycle,1,0.13,fixed,1,27,28,1,0,0,unknown,0.34128223077774483,30,0.3586910334395486,32
8802961,nonlinear,adaptive,1,0.13,fixed,1,27,28,1,0,0,unknown,0.36457361733664595,24,0.3624553362330547,32
8803008,none,repeat,1,0.13,fixed,0,28,,0,1,0,none,0.0028009129578688047,0,0.0,0
8803008,none,random,1,0.13,fixed,0,28,,0,1,0,none,0.0028009129578688047,33,0.0,0
8803008,none,cycle,1,0.13,fixed,0,28,,0,1,0,none,0.0028009129578688047,30,0.0,0
8803008,none,adaptive,1,0.13,fixed,0,28,,0,1,0,none,0.0028009129578688047,0,0.0,0
8803008,motor,repeat,1,0.13,fixed,1,28,29,1,0,0,undetermined,0.7398029222327741,0,0.028291369568913247,31
8803008,motor,random,1,0.13,fixed,1,28,29,1,1,1,motor,0.006039360630226965,33,0.025413822048001432,31
8803008,motor,cycle,1,0.13,fixed,1,28,29,1,1,1,motor,0.0037860029576711994,30,0.026917212377176467,31
8803008,motor,adaptive,1,0.13,fixed,1,28,29,1,1,1,motor,0.005670654230676381,23,0.024229119553390695,31
8803008,external,repeat,1,0.13,fixed,1,28,29,1,0,0,undetermined,0.5102169304896907,0,0.028291369568913243,31
8803008,external,random,1,0.13,fixed,1,28,29,1,1,1,external,0.006039360630227015,33,0.025413822048001425,31
8803008,external,cycle,1,0.13,fixed,1,28,29,1,1,1,external,0.0037860029576712146,30,0.026917212377176467,31
8803008,external,adaptive,1,0.13,fixed,1,28,29,1,1,1,external,0.005670654230676332,23,0.024229119553390688,31
8803008,sensor,repeat,1,0.13,fixed,1,28,29,1,0,0,undetermined,0.7412020008906657,0,0.028291369568913254,31
8803008,sensor,random,1,0.13,fixed,1,28,29,1,1,1,sensor,0.006039360630226965,33,0.02541382204800143,31
8803008,sensor,cycle,1,0.13,fixed,1,28,29,1,1,1,sensor,0.003786002957671198,30,0.026917212377176467,31
8803008,sensor,adaptive,1,0.13,fixed,1,28,29,1,1,1,sensor,0.00567065423067636,23,0.024229119553390688,31
8803008,motor_external,repeat,1,0.13,fixed,1,28,31,1,0,0,undetermined,1.3849389401052945,0,0.02928566699059397,29
8803008,motor_external,random,1,0.13,fixed,1,28,29,1,1,1,motor_external,0.006039360630226948,33,0.025413822048001432,31
8803008,motor_external,cycle,1,0.13,fixed,1,28,29,1,1,1,motor_external,0.003786002957671196,30,0.026917212377176473,31
8803008,motor_external,adaptive,1,0.13,fixed,1,28,31,1,1,1,motor_external,0.007089248688423806,21,0.024288068694371404,29
8803008,external_sensor,repeat,1,0.13,fixed,1,28,29,1,0,0,undetermined,0.5102169304896907,0,0.028291369568913243,31
8803008,external_sensor,random,1,0.13,fixed,1,28,29,1,1,1,external_sensor,0.006039360630227015,33,0.025413822048001425,31
8803008,external_sensor,cycle,1,0.13,fixed,1,28,29,1,1,1,external_sensor,0.0037860029576712146,30,0.026917212377176467,31
8803008,external_sensor,adaptive,1,0.13,fixed,1,28,29,1,1,1,external_sensor,0.005670654230676332,23,0.024229119553390688,31
8803008,nonlinear,repeat,1,0.13,fixed,1,28,29,1,0,0,undetermined,1.5345666591612495,0,0.02829136956891325,31
8803008,nonlinear,random,1,0.13,fixed,1,28,29,1,0,0,unknown,0.34955528039753336,33,0.34464873144108304,31
8803008,nonlinear,cycle,1,0.13,fixed,1,28,29,1,0,0,unknown,0.33970425482411337,30,0.37058646073493445,31
8803008,nonlinear,adaptive,1,0.13,fixed,1,28,29,1,0,0,unknown,0.3703544324614671,23,0.37476236303400035,31
8803055,none,repeat,1,0.13,fixed,0,34,,0,1,0,none,0.003576612768328543,0,0.0,0
8803055,none,random,1,0.13,fixed,0,34,,0,1,0,none,0.003576612768328543,32,0.0,0
8803055,none,cycle,1,0.13,fixed,0,34,,0,1,0,none,0.003576612768328543,30,0.0,0
8803055,none,adaptive,1,0.13,fixed,0,34,,0,1,0,none,0.003576612768328543,0,0.0,0
8803055,motor,repeat,1,0.13,fixed,1,34,35,1,0,0,undetermined,0.7478899381883873,0,0.03218107134307896,25
8803055,motor,random,1,0.13,fixed,1,34,35,1,1,1,motor,0.0022916652974912795,32,0.030187761952037567,25
8803055,motor,cycle,1,0.13,fixed,1,34,35,1,1,1,motor,0.0033977735908021648,30,0.028877829678156896,25
8803055,motor,adaptive,1,0.13,fixed,1,34,35,1,1,1,motor,0.003290510653575801,18,0.02799748283066685,25
8803055,external,repeat,1,0.13,fixed,1,34,35,1,0,0,undetermined,1.51673677694866,0,0.03218107134307896,25
8803055,external,random,1,0.13,fixed,1,34,35,1,1,1,external,0.0022916652974912448,32,0.03018776195203757,25
8803055,external,cycle,1,0.13,fixed,1,34,35,1,1,1,external,0.00339777359080217,30,0.0288778296781569,25
8803055,external,adaptive,1,0.13,fixed,1,34,35,1,1,1,external,0.0032905106535757824,18,0.02799748283066685,25
8803055,sensor,repeat,1,0.13,fixed,1,34,35,1,0,0,undetermined,0.7480545033376,0,0.03218107134307896,25
8803055,sensor,random,1,0.13,fixed,1,34,35,1,1,1,sensor,0.0022916652974912526,32,0.03018776195203756,25
8803055,sensor,cycle,1,0.13,fixed,1,34,35,1,1,1,sensor,0.0033977735908021583,30,0.028877829678156903,25
8803055,sensor,adaptive,1,0.13,fixed,1,34,35,1,1,1,sensor,0.0032905106535757816,18,0.027997482830666845,25
8803055,motor_external,repeat,1,0.13,fixed,1,34,35,1,0,0,undetermined,1.427499661164519,0,0.03218107134307896,25
8803055,motor_external,random,1,0.13,fixed,1,34,35,1,1,1,motor_external,0.002291665297491232,32,0.03018776195203757,25
8803055,motor_external,cycle,1,0.13,fixed,1,34,35,1,1,1,motor_external,0.003397773590802158,30,0.028877829678156903,25
8803055,motor_external,adaptive,1,0.13,fixed,1,34,35,1,1,1,motor_external,0.0032905106535757846,18,0.02799748283066685,25
8803055,external_sensor,repeat,1,0.13,fixed,1,34,35,1,0,0,undetermined,1.51673677694866,0,0.03218107134307896,25
8803055,external_sensor,random,1,0.13,fixed,1,34,35,1,1,1,external_sensor,0.0022916652974912448,32,0.03018776195203757,25
8803055,external_sensor,cycle,1,0.13,fixed,1,34,35,1,1,1,external_sensor,0.00339777359080217,30,0.0288778296781569,25
8803055,external_sensor,adaptive,1,0.13,fixed,1,34,35,1,1,1,external_sensor,0.0032905106535757824,18,0.02799748283066685,25
8803055,nonlinear,repeat,1,0.13,fixed,1,34,35,1,0,0,undetermined,1.5401188166099593,0,0.03218107134307896,25
8803055,nonlinear,random,1,0.13,fixed,1,34,35,1,0,0,unknown,0.40175809492473935,32,0.3200162006616732,25
8803055,nonlinear,cycle,1,0.13,fixed,1,34,35,1,0,0,unknown,0.3375977735908021,30,0.4247774401707082,25
8803055,nonlinear,adaptive,1,0.13,fixed,1,34,35,1,0,0,unknown,0.3560509244636675,18,0.38628344616039684,25
8803102,none,repeat,1,0.13,fixed,0,34,,0,1,0,none,0.001904897807725204,0,0.0,0
8803102,none,random,1,0.13,fixed,0,34,,0,1,0,none,0.001904897807725204,33,0.0,0
8803102,none,cycle,1,0.13,fixed,0,34,,0,1,0,none,0.001904897807725204,30,0.0,0
8803102,none,adaptive,1,0.13,fixed,0,34,,0,1,0,none,0.001904897807725204,0,0.0,0
8803102,motor,repeat,1,0.13,fixed,1,34,35,1,0,0,undetermined,0.7341926693840312,0,0.027005373775214548,25
8803102,motor,random,1,0.13,fixed,1,34,36,1,1,1,motor,0.007042943572510655,33,0.02385652926993691,24
8803102,motor,cycle,1,0.13,fixed,1,34,35,1,1,1,motor,0.004323047555990357,30,0.026061332531907642,25
8803102,motor,adaptive,1,0.13,fixed,1,34,35,1,1,1,motor,0.004878936659180616,18,0.025108254890628734,25
8803102,external,repeat,1,0.13,fixed,1,34,35,1,0,0,undetermined,0.5136240005871324,0,0.027005373775214545,25
8803102,external,random,1,0.13,fixed,1,34,35,1,1,1,external,0.007040489136420733,33,0.0229602594029383,25
8803102,external,cycle,1,0.13,fixed,1,34,35,1,1,1,external,0.0043230475559903414,30,0.026061332531907636,25
8803102,external,adaptive,1,0.13,fixed,1,34,35,1,1,1,external,0.004878936659180564,18,0.025108254890628724,25
8803102,sensor,repeat,1,0.13,fixed,1,34,35,1,0,0,undetermined,0.7472518696240178,0,0.02700537377521455,25
8803102,sensor,random,1,0.13,fixed,1,34,35,1,1,1,sensor,0.007040489136420676,33,0.022960259402938304,25
8803102,sensor,cycle,1,0.13,fixed,1,34,35,1,1,1,sensor,0.0043230475559903545,30,0.026061332531907636,25
8803102,sensor,adaptive,1,0.13,fixed,1,34,35,1,1,1,sensor,0.0048789366591806185,18,0.02510825489062873,25
8803102,motor_external,repeat,1,0.13,fixed,1,34,35,1,0,0,undetermined,1.3800251645513517,0,0.02700537377521455,25
8803102,motor_external,random,1,0.13,fixed,1,34,35,1,1,1,motor_external,0.007040489136420747,33,0.0229602594029383,25
8803102,motor_external,cycle,1,0.13,fixed,1,34,35,1,1,1,motor_external,0.004323047555990347,30,0.026061332531907632,25
8803102,motor_external,adaptive,1,0.13,fixed,1,34,35,1,1,1,motor_external,0.0048789366591806115,18,0.02510825489062873,25
8803102,external_sensor,repeat,1,0.13,fixed,1,34,35,1,0,0,undetermined,0.5136240005871324,0,0.027005373775214545,25
8803102,external_sensor,random,1,0.13,fixed,1,34,35,1,1,1,external_sensor,0.007040489136420733,33,0.0229602594029383,25
8803102,external_sensor,cycle,1,0.13,fixed,1,34,35,1,1,1,external_sensor,0.0043230475559903414,30,0.026061332531907636,25
8803102,external_sensor,adaptive,1,0.13,fixed,1,34,35,1,1,1,external_sensor,0.004878936659180564,18,0.025108254890628724,25
8803102,nonlinear,repeat,1,0.13,fixed,1,34,35,1,0,0,undetermined,0.96665511635294,0,0.02700537377521455,25
8803102,nonlinear,random,1,0.13,fixed,1,34,36,1,0,0,unknown,0.3574416650288026,33,0.3472757473302461,24
8803102,nonlinear,cycle,1,0.13,fixed,1,34,35,1,0,0,unknown,0.3385230475559903,30,0.3719573334405775,25
8803102,nonlinear,adaptive,1,0.13,fixed,1,34,35,1,0,0,unknown,0.3429761420875334,18,0.38966614257180815,25
8803149,none,repeat,1,0.13,fixed,0,29,,0,1,0,none,0.00377587721623208,0,0.0,0
8803149,none,random,1,0.13,fixed,0,29,,0,1,0,none,0.00377587721623208,32,0.0,0
8803149,none,cycle,1,0.13,fixed,0,29,,0,1,0,none,0.00377587721623208,30,0.0,0
8803149,none,adaptive,1,0.13,fixed,0,29,,0,1,0,none,0.00377587721623208,0,0.0,0
8803149,motor,repeat,1,0.13,fixed,1,29,30,1,0,0,undetermined,0.7409559122872852,0,0.03497406461718127,30
8803149,motor,random,1,0.13,fixed,1,29,30,1,1,1,motor,0.004556686533932308,32,0.03278901260808922,30
8803149,motor,cycle,1,0.13,fixed,1,29,30,1,1,1,motor,0.004321700660235876,30,0.0326976105336316,30
8803149,motor,adaptive,1,0.13,fixed,1,29,30,1,1,1,motor,0.0027047776238490816,22,0.034137446988296384,30
8803149,external,repeat,1,0.13,fixed,1,29,30,1,0,0,undetermined,0.7668104849843852,0,0.03497406461718127,30
8803149,external,random,1,0.13,fixed,1,29,30,1,1,1,external,0.0045566865339322915,32,0.03278901260808922,30
8803149,external,cycle,1,0.13,fixed,1,29,30,1,1,1,external,0.004321700660235861,30,0.03269761053363161,30
8803149,external,adaptive,1,0.13,fixed,1,29,30,1,1,1,external,0.0027047776238490707,22,0.0341374469882964,30
8803149,sensor,repeat,1,0.13,fixed,1,29,30,1,0,0,undetermined,0.7412916082097435,0,0.03497406461718127,30
8803149,sensor,random,1,0.13,fixed,1,29,30,1,1,1,sensor,0.0045566865339322915,32,0.03278901260808922,30
8803149,sensor,cycle,1,0.13,fixed,1,29,30,1,1,1,sensor,0.00432170066023588,30,0.03269761053363161,30
8803149,sensor,adaptive,1,0.13,fixed,1,29,30,1,1,1,sensor,0.0027047776238490703,22,0.0341374469882964,30
8803149,motor_external,repeat,1,0.13,fixed,1,29,30,1,0,0,undetermined,1.5966380605406156,0,0.03497406461718127,30
8803149,motor_external,random,1,0.13,fixed,1,29,30,1,1,1,motor_external,0.0045566865339322984,32,0.03278901260808922,30
8803149,motor_external,cycle,1,0.13,fixed,1,29,30,1,1,1,motor_external,0.0043217006602358785,30,0.0326976105336316,30
8803149,motor_external,adaptive,1,0.13,fixed,1,29,30,1,1,1,motor_external,0.0027047776238490937,22,0.03413744698829639,30
8803149,external_sensor,repeat,1,0.13,fixed,1,29,30,1,0,0,undetermined,0.7668104849843852,0,0.03497406461718127,30
8803149,external_sensor,random,1,0.13,fixed,1,29,30,1,1,1,external_sensor,0.0045566865339322915,32,0.03278901260808922,30
8803149,external_sensor,cycle,1,0.13,fixed,1,29,30,1,1,1,external_sensor,0.004321700660235861,30,0.03269761053363161,30
8803149,external_sensor,adaptive,1,0.13,fixed,1,29,30,1,1,1,external_sensor,0.0027047776238490707,22,0.0341374469882964,30
8803149,nonlinear,repeat,1,0.13,fixed,1,29,30,1,0,0,undetermined,1.533642589804281,0,0.03497406461718127,30
8803149,nonlinear,random,1,0.13,fixed,1,29,30,1,0,0,unknown,0.3634244339814631,32,0.33296998099821473,30
8803149,nonlinear,cycle,1,0.13,fixed,1,29,30,1,0,0,unknown,0.33852170066023585,30,0.32281175449350424,30
8803149,nonlinear,adaptive,1,0.13,fixed,1,29,30,1,0,0,unknown,0.3663006955314592,22,0.3645726145841702,30
8803196,none,repeat,1,0.13,fixed,0,30,,0,1,0,none,0.0065188867877260335,0,0.0,0
8803196,none,random,1,0.13,fixed,0,30,,0,1,0,none,0.0065188867877260335,30,0.0,0
8803196,none,cycle,1,0.13,fixed,0,30,,0,1,0,none,0.0065188867877260335,30,0.0,0
8803196,none,adaptive,1,0.13,fixed,0,30,,0,1,0,none,0.0065188867877260335,0,0.0,0
8803196,motor,repeat,1,0.13,fixed,1,30,30,1,0,0,undetermined,0.761802324647906,0,0.030722997644691972,30
8803196,motor,random,1,0.13,fixed,1,30,30,1,1,1,motor,0.004506253252516635,30,0.028069357594833363,30
8803196,motor,cycle,1,0.13,fixed,1,30,30,1,1,1,motor,0.0027607899771311044,30,0.029900722349078798,30
8803196,motor,adaptive,1,0.13,fixed,1,30,30,1,1,1,motor,0.002707513830745084,22,0.029715001864442613,30
8803196,external,repeat,1,0.13,fixed,1,30,30,1,0,0,undetermined,1.3701755711737296,0,0.030722997644691965,30
8803196,external,random,1,0.13,fixed,1,30,30,1,1,1,external,0.004506253252516601,30,0.02806935759483338,30
8803196,external,cycle,1,0.13,fixed,1,30,30,1,1,1,external,0.0027607899771310953,30,0.029900722349078812,30
8803196,external,adaptive,1,0.13,fixed,1,30,30,1,1,1,external,0.002707513830745103,22,0.029715001864442626,30
8803196,sensor,repeat,1,0.13,fixed,1,30,30,1,0,0,undetermined,0.7435562329743373,0,0.03072299764469196,30
8803196,sensor,random,1,0.13,fixed,1,30,30,1,1,1,sensor,0.004506253252516615,30,0.02806935759483337,30
8803196,sensor,cycle,1,0.13,fixed,1,30,30,1,1,1,sensor,0.002760789977131109,30,0.0299007223490788,30
8803196,sensor,adaptive,1,0.13,fixed,1,30,30,1,1,1,sensor,0.0027075138307450963,22,0.029715001864442616,30
8803196,motor_external,repeat,1,0.13,fixed,1,30,30,1,0,0,undetermined,0.512964491650437,0,0.030722997644691972,30
8803196,motor_external,random,1,0.13,fixed,1,30,30,1,1,1,motor_external,0.004506253252516615,30,0.028069357594833377,30
8803196,motor_external,cycle,1,0.13,fixed,1,30,30,1,1,1,motor_external,0.002760789977131111,30,0.0299007223490788,30
8803196,motor_external,adaptive,1,0.13,fixed,1,30,30,1,1,1,motor_external,0.0027075138307450937,22,0.029715001864442623,30
8803196,external_sensor,repeat,1,0.13,fixed,1,30,30,1,0,0,undetermined,1.3701755711737296,0,0.030722997644691965,30
8803196,external_sensor,random,1,0.13,fixed,1,30,30,1,1,1,external_sensor,0.004506253252516601,30,0.02806935759483338,30
8803196,external_sensor,cycle,1,0.13,fixed,1,30,30,1,1,1,external_sensor,0.0027607899771310953,30,0.029900722349078812,30
8803196,external_sensor,adaptive,1,0.13,fixed,1,30,30,1,1,1,external_sensor,0.002707513830745103,22,0.029715001864442626,30
8803196,nonlinear,repeat,1,0.13,fixed,1,30,30,1,0,0,undetermined,1.3468151129049049,0,0.030722997644691965,30
8803196,nonlinear,random,1,0.13,fixed,1,30,30,1,0,0,unknown,0.3548753801121448,30,0.32822105243618355,30
8803196,nonlinear,cycle,1,0.13,fixed,1,30,30,1,0,0,unknown,0.3369607899771311,30,0.3612479865387483,30
8803196,nonlinear,adaptive,1,0.13,fixed,1,30,30,1,0,0,unknown,0.36460482972787,22,0.3828743944946229,30
8803243,none,repeat,1,0.13,fixed,0,30,,0,1,0,none,0.0038660792390220666,0,0.0,0
8803243,none,random,1,0.13,fixed,0,30,,0,1,0,none,0.0038660792390220666,31,0.0,0
8803243,none,cycle,1,0.13,fixed,0,30,,0,1,0,none,0.0038660792390220666,30,0.0,0
8803243,none,adaptive,1,0.13,fixed,0,30,,0,1,0,none,0.0038660792390220666,0,0.0,0
8803243,motor,repeat,1,0.13,fixed,1,30,31,1,0,0,undetermined,0.7587906174701742,0,0.038002314067446814,29
8803243,motor,random,1,0.13,fixed,1,30,31,1,1,1,motor,0.0011982219152881777,31,0.03714149475632598,29
8803243,motor,cycle,1,0.13,fixed,1,30,32,1,1,1,motor,0.0035313896594112867,30,0.03676432723337541,28
8803243,motor,adaptive,1,0.13,fixed,1,30,31,1,1,1,motor,0.0026760753054451253,21,0.035991226160973874,29
8803243,external,repeat,1,0.13,fixed,1,30,31,1,0,0,undetermined,0.4589460849565622,0,0.03800231406744681,29
8803243,external,random,1,0.13,fixed,1,30,31,1,1,1,external,0.0011982219152881827,31,0.03714149475632598,29
8803243,external,cycle,1,0.13,fixed,1,30,31,1,1,1,external,0.003342292494467613,30,0.0357359592150638,29
8803243,external,adaptive,1,0.13,fixed,1,30,31,1,1,1,external,0.0026760753054451227,21,0.035991226160973874,29
8803243,sensor,repeat,1,0.13,fixed,1,30,31,1,0,0,undetermined,0.7461792765821846,0,0.038002314067446814,29
8803243,sensor,random,1,0.13,fixed,1,30,31,1,1,1,sensor,0.0011982219152882096,31,0.03714149475632597,29
8803243,sensor,cycle,1,0.13,fixed,1,30,31,1,1,1,sensor,0.0033422924944676038,30,0.0357359592150638,29
8803243,sensor,adaptive,1,0.13,fixed,1,30,31,1,1,1,sensor,0.002676075305445128,21,0.03599122616097388,29
8803243,motor_external,repeat,1,0.13,fixed,1,30,31,1,0,0,undetermined,0.7761021869753975,0,0.038002314067446814,29
8803243,motor_external,random,1,0.13,fixed,1,30,32,1,1,1,motor_external,0.0013660421745056892,31,0.03822040732880946,28
8803243,motor_external,cycle,1,0.13,fixed,1,30,31,1,1,1,motor_external,0.0033422924944676094,30,0.0357359592150638,29
8803243,motor_external,adaptive,1,0.13,fixed,1,30,31,1,1,1,motor_external,0.0026760753054451193,21,0.035991226160973874,29
8803243,external_sensor,repeat,1,0.13,fixed,1,30,31,1,0,0,undetermined,0.4589460849565622,0,0.03800231406744681,29
8803243,external_sensor,random,1,0.13,fixed,1,30,31,1,1,1,external_sensor,0.0011982219152881827,31,0.03714149475632598,29
8803243,external_sensor,cycle,1,0.13,fixed,1,30,31,1,1,1,external_sensor,0.003342292494467613,30,0.0357359592150638,29
8803243,external_sensor,adaptive,1,0.13,fixed,1,30,31,1,1,1,external_sensor,0.0026760753054451227,21,0.035991226160973874,29
8803243,nonlinear,repeat,1,0.13,fixed,1,30,31,1,0,0,undetermined,1.349128906595095,0,0.038002314067446814,29
8803243,nonlinear,random,1,0.13,fixed,1,30,31,1,0,0,unknown,0.38207698800111956,31,0.27207846249061474,29
8803243,nonlinear,cycle,1,0.13,fixed,1,30,32,1,0,0,unknown,0.3432983836098213,30,0.3723239896078913,28
8803243,nonlinear,adaptive,1,0.13,fixed,1,30,31,1,0,0,unknown,0.3605664022418155,21,0.36789782358542966,29
8803290,none,repeat,1,0.13,fixed,0,32,,0,1,0,none,0.003128911363315427,0,0.0,0
8803290,none,random,1,0.13,fixed,0,32,,0,1,0,none,0.003128911363315427,29,0.0,0
8803290,none,cycle,1,0.13,fixed,0,32,,0,1,0,none,0.003128911363315427,30,0.0,0
8803290,none,adaptive,1,0.13,fixed,0,32,,0,1,0,none,0.003128911363315427,0,0.0,0
8803290,motor,repeat,1,0.13,fixed,1,32,33,1,0,0,undetermined,0.737751601009027,0,0.04497193381476873,27
8803290,motor,random,1,0.13,fixed,1,32,33,1,1,1,motor,0.004363668717218644,29,0.04298246664931424,27
8803290,motor,cycle,1,0.13,fixed,1,32,33,1,1,1,motor,0.00315413650158192,30,0.044485040833904796,27
8803290,motor,adaptive,1,0.13,fixed,1,32,33,1,1,1,motor,0.003744380870991744,20,0.043531046263293585,27
8803290,external,repeat,1,0.13,fixed,1,32,33,1,0,0,undetermined,0.5422692428763345,0,0.044971933814768744,27
8803290,external,random,1,0.13,fixed,1,32,33,1,1,1,external,0.004363668717218644,29,0.04298246664931423,27
8803290,external,cycle,1,0.13,fixed,1,32,33,1,1,1,external,0.0031541365015819215,30,0.0444850408339048,27
8803290,external,adaptive,1,0.13,fixed,1,32,33,1,1,1,external,0.003744380870991724,20,0.04353104626329358,27
8803290,sensor,repeat,1,0.13,fixed,1,32,33,1,0,0,undetermined,0.7424182103167007,0,0.04497193381476875,27
8803290,sensor,random,1,0.13,fixed,1,32,33,1,1,1,sensor,0.004363668717218625,29,0.04298246664931424,27
8803290,sensor,cycle,1,0.13,fixed,1,32,33,1,1,1,sensor,0.003154136501581916,30,0.044485040833904796,27
8803290,sensor,adaptive,1,0.13,fixed,1,32,33,1,1,1,sensor,0.0037443808709917404,20,0.043531046263293585,27
8803290,motor_external,repeat,1,0.13,fixed,1,32,38,1,0,0,undetermined,1.4300434310624064,0,0.050558550585422024,22
8803290,motor_external,random,1,0.13,fixed,1,32,33,1,1,1,motor_external,0.004363668717218669,29,0.04298246664931424,27
8803290,motor_external,cycle,1,0.13,fixed,1,32,34,1,1,1,motor_external,0.00303759144814066,30,0.045930595706279075,26
8803290,motor_external,adaptive,1,0.13,fixed,1,32,38,1,1,1,motor_external,0.002243942576483325,16,0.049466217269825634,22
8803290,external_sensor,repeat,1,0.13,fixed,1,32,33,1,0,0,undetermined,0.5422692428763345,0,0.044971933814768744,27
8803290,external_sensor,random,1,0.13,fixed,1,32,33,1,1,1,external_sensor,0.004363668717218644,29,0.04298246664931423,27
8803290,external_sensor,cycle,1,0.13,fixed,1,32,33,1,1,1,external_sensor,0.0031541365015819215,30,0.0444850408339048,27
8803290,external_sensor,adaptive,1,0.13,fixed,1,32,33,1,1,1,external_sensor,0.003744380870991724,20,0.04353104626329358,27
8803290,nonlinear,repeat,1,0.13,fixed,1,32,33,1,0,0,undetermined,0.9697175240922503,0,0.044971933814768765,27
8803290,nonlinear,random,1,0.13,fixed,1,32,33,1,0,0,unknown,0.34809029881030484,29,0.3261478750815449,27
8803290,nonlinear,cycle,1,0.13,fixed,1,32,33,1,0,0,unknown,0.33739851556647693,30,0.3553763991730005,27
8803290,nonlinear,adaptive,1,0.13,fixed,1,32,33,1,0,0,unknown,0.3427005701364677,20,0.3765031170926569,27
8803337,none,repeat,1,0.13,fixed,0,28,,0,1,0,none,0.0056246449211500345,0,0.0,0
8803337,none,random,1,0.13,fixed,0,28,,0,1,0,none,0.0056246449211500345,33,0.0,0
8803337,none,cycle,1,0.13,fixed,0,28,,0,1,0,none,0.0056246449211500345,30,0.0,0
8803337,none,adaptive,1,0.13,fixed,0,28,,0,1,0,none,0.0056246449211500345,0,0.0,0
8803337,motor,repeat,1,0.13,fixed,1,28,29,1,0,0,undetermined,0.7515107388374593,0,0.040145794586159925,31
8803337,motor,random,1,0.13,fixed,1,28,29,1,1,1,motor,0.0007202746925914252,33,0.03975879476112916,31
8803337,motor,cycle,1,0.13,fixed,1,28,29,1,1,1,motor,0.007184975499195612,30,0.033364986677292145,31
8803337,motor,adaptive,1,0.13,fixed,1,28,29,1,1,1,motor,0.0034256451321664923,23,0.0362089374617449,31
8803337,external,repeat,1,0.13,fixed,1,28,29,1,0,0,undetermined,0.714115551137942,0,0.040145794586159925,31
8803337,external,random,1,0.13,fixed,1,28,29,1,1,1,external,0.0007202746925914379,33,0.03975879476112916,31
8803337,external,cycle,1,0.13,fixed,1,28,29,1,1,1,external,0.007184975499195556,30,0.033364986677292145,31
8803337,external,adaptive,1,0.13,fixed,1,28,29,1,1,1,external,0.0034256451321664815,23,0.03620893746174492,31
8803337,sensor,repeat,1,0.13,fixed,1,28,29,1,0,0,undetermined,0.7544406712794428,0,0.04014579458615992,31
8803337,sensor,random,1,0.13,fixed,1,28,29,1,1,1,sensor,0.0007202746925914257,33,0.03975879476112915,31
8803337,sensor,cycle,1,0.13,fixed,1,28,29,1,1,1,sensor,0.00718497549919554,30,0.03336498667729216,31
8803337,sensor,adaptive,1,0.13,fixed,1,28,29,1,1,1,sensor,0.0034256451321664607,23,0.036208937461744924,31
8803337,motor_external,repeat,1,0.13,fixed,1,28,29,1,0,0,undetermined,0.48965405426237096,0,0.04014579458615993,31
8803337,motor_external,random,1,0.13,fixed,1,28,29,1,1,1,motor_external,0.0007202746925914383,33,0.03975879476112916,31
8803337,motor_external,cycle,1,0.13,fixed,1,28,29,1,1,1,motor_external,0.007184975499195635,30,0.033364986677292145,31
8803337,motor_external,adaptive,1,0.13,fixed,1,28,29,1,1,1,motor_external,0.003425645132166497,23,0.03620893746174492,31
8803337,external_sensor,repeat,1,0.13,fixed,1,28,29,1,0,0,undetermined,0.714115551137942,0,0.040145794586159925,31
8803337,external_sensor,random,1,0.13,fixed,1,28,29,1,1,1,external_sensor,0.0007202746925914379,33,0.03975879476112916,31
8803337,external_sensor,cycle,1,0.13,fixed,1,28,29,1,1,1,external_sensor,0.007184975499195556,30,0.033364986677292145,31
8803337,external_sensor,adaptive,1,0.13,fixed,1,28,29,1,1,1,external_sensor,0.0034256451321664815,23,0.03620893746174492,31
8803337,nonlinear,repeat,1,0.13,fixed,1,28,29,1,0,0,undetermined,1.1767902238050476,0,0.04014579458615993,31
8803337,nonlinear,random,1,0.13,fixed,1,28,30,1,0,0,unknown,0.36976662647003955,33,0.3062932052112987,30
8803337,nonlinear,cycle,1,0.13,fixed,1,28,29,1,0,0,unknown,0.34321529380717114,30,0.36841894700802197,31
8803337,nonlinear,adaptive,1,0.13,fixed,1,28,29,1,0,0,unknown,0.3575851133415637,23,0.38099479061783353,31
8803384,none,repeat,1,0.13,fixed,0,32,,0,1,0,none,0.007164462061543428,0,0.0,0
8803384,none,random,1,0.13,fixed,0,32,,0,1,0,none,0.007164462061543428,32,0.0,0
8803384,none,cycle,1,0.13,fixed,0,32,,0,1,0,none,0.007164462061543428,30,0.0,0
8803384,none,adaptive,1,0.13,fixed,0,32,,0,1,0,none,0.007164462061543428,0,0.0,0
8803384,motor,repeat,1,0.13,fixed,1,32,33,1,0,0,undetermined,0.7423130275892909,0,0.04327660668066337,27
8803384,motor,random,1,0.13,fixed,1,32,33,1,1,1,motor,0.004073025746786234,32,0.04262048605640994,27
8803384,motor,cycle,1,0.13,fixed,1,32,33,1,1,1,motor,0.009230324555030348,30,0.037156303633120454,27
8803384,motor,adaptive,1,0.13,fixed,1,32,33,1,1,1,motor,0.007639534561629675,20,0.03761721647202858,27
8803384,external,repeat,1,0.13,fixed,1,32,33,1,0,0,undetermined,0.607034922278608,0,0.04327660668066338,27
8803384,external,random,1,0.13,fixed,1,32,33,1,1,1,external,0.004073025746786196,32,0.04262048605640994,27
8803384,external,cycle,1,0.13,fixed,1,32,33,1,1,1,external,0.009230324555030403,30,0.03715630363312047,27
8803384,external,adaptive,1,0.13,fixed,1,32,33,1,1,1,external,0.007639534561629679,20,0.03761721647202857,27
8803384,sensor,repeat,1,0.13,fixed,1,32,33,1,0,0,undetermined,0.7642059571219418,0,0.04327660668066339,27
8803384,sensor,random,1,0.13,fixed,1,32,33,1,1,1,sensor,0.004073025746786212,32,0.04262048605640993,27
8803384,sensor,cycle,1,0.13,fixed,1,32,33,1,1,1,sensor,0.009230324555030393,30,0.03715630363312047,27
8803384,sensor,adaptive,1,0.13,fixed,1,32,33,1,1,1,sensor,0.0076395345616296784,20,0.03761721647202858,27
8803384,motor_external,repeat,1,0.13,fixed,1,32,33,1,0,0,undetermined,0.5702969415263833,0,0.04327660668066336,27
8803384,motor_external,random,1,0.13,fixed,1,32,34,1,1,1,motor_external,0.004235642445423794,32,0.04386932188395525,26
8803384,motor_external,cycle,1,0.13,fixed,1,32,34,1,1,1,motor_external,0.009526817102487045,30,0.038099507768173044,26
8803384,motor_external,adaptive,1,0.13,fixed,1,32,33,1,1,1,motor_external,0.007639534561629644,20,0.03761721647202857,27
8803384,external_sensor,repeat,1,0.13,fixed,1,32,33,1,0,0,undetermined,0.607034922278608,0,0.04327660668066338,27
8803384,external_sensor,random,1,0.13,fixed,1,32,33,1,1,1,external_sensor,0.004073025746786196,32,0.04262048605640994,27
8803384,external_sensor,cycle,1,0.13,fixed,1,32,33,1,1,1,external_sensor,0.009230324555030403,30,0.03715630363312047,27
8803384,external_sensor,adaptive,1,0.13,fixed,1,32,33,1,1,1,external_sensor,0.007639534561629679,20,0.03761721647202857,27
8803384,nonlinear,repeat,1,0.13,fixed,1,32,33,1,0,0,undetermined,1.1855702883318926,0,0.04327660668066338,27
8803384,nonlinear,random,1,0.13,fixed,1,32,33,1,0,0,unknown,0.3660767964350712,32,0.34879632478863354,27
8803384,nonlinear,cycle,1,0.13,fixed,1,32,33,1,0,0,unknown,0.34302780753889506,30,0.40650133138920264,27
8803384,nonlinear,adaptive,1,0.13,fixed,1,32,33,1,0,0,unknown,0.3723283964679244,20,0.34620839505954826,27
8803431,none,repeat,1,0.13,fixed,0,33,,0,1,0,none,0.003985704268383324,0,0.0,0
8803431,none,random,1,0.13,fixed,0,33,,0,1,0,none,0.003985704268383324,31,0.0,0
8803431,none,cycle,1,0.13,fixed,0,33,,0,1,0,none,0.003985704268383324,30,0.0,0
8803431,none,adaptive,1,0.13,fixed,0,33,,0,1,0,none,0.003985704268383324,0,0.0,0
8803431,motor,repeat,1,0.13,fixed,1,33,34,1,0,0,undetermined,0.7610902407503034,0,0.03844370121964686,26
8803431,motor,random,1,0.13,fixed,1,33,35,1,1,1,motor,0.003666324508350386,31,0.03729443815386282,25
8803431,motor,cycle,1,0.13,fixed,1,33,34,1,1,1,motor,0.0022625906929374722,30,0.03747633570611785,26
8803431,motor,adaptive,1,0.13,fixed,1,33,34,1,1,1,motor,0.004237988457431844,19,0.03482140553283045,26
8803431,external,repeat,1,0.13,fixed,1,33,34,1,0,0,undetermined,1.6624570721647636,0,0.03844370121964686,26
8803431,external,random,1,0.13,fixed,1,33,34,1,1,1,external,0.003960438773853421,31,0.036127236174607544,26
8803431,external,cycle,1,0.13,fixed,1,33,34,1,1,1,external,0.00226259069293747,30,0.037476335706117844,26
8803431,external,adaptive,1,0.13,fixed,1,33,34,1,1,1,external,0.00423798845743183,19,0.03482140553283046,26
8803431,sensor,repeat,1,0.13,fixed,1,33,34,1,0,0,undetermined,0.7540397447156042,0,0.03844370121964686,26
8803431,sensor,random,1,0.13,fixed,1,33,34,1,1,1,sensor,0.003960438773853447,31,0.036127236174607544,26
8803431,sensor,cycle,1,0.13,fixed,1,33,34,1,1,1,sensor,0.002262590692937487,30,0.03747633570611785,26
8803431,sensor,adaptive,1,0.13,fixed,1,33,34,1,1,1,sensor,0.0042379884574318336,19,0.034821405532830446,26
8803431,motor_external,repeat,1,0.13,fixed,1,33,34,1,0,0,undetermined,0.9537464399500101,0,0.03844370121964686,26
8803431,motor_external,random,1,0.13,fixed,1,33,34,1,1,1,motor_external,0.003960438773853447,31,0.036127236174607544,26
8803431,motor_external,cycle,1,0.13,fixed,1,33,34,1,1,1,motor_external,0.002262590692937468,30,0.03747633570611786,26
8803431,motor_external,adaptive,1,0.13,fixed,1,33,34,1,1,1,motor_external,0.004237988457431856,19,0.034821405532830446,26
8803431,external_sensor,repeat,1,0.13,fixed,1,33,34,1,0,0,undetermined,1.6624570721647636,0,0.03844370121964686,26
8803431,external_sensor,random,1,0.13,fixed,1,33,34,1,1,1,external_sensor,0.003960438773853421,31,0.036127236174607544,26
8803431,external_sensor,cycle,1,0.13,fixed,1,33,34,1,1,1,external_sensor,0.00226259069293747,30,0.037476335706117844,26
8803431,external_sensor,adaptive,1,0.13,fixed,1,33,34,1,1,1,external_sensor,0.00423798845743183,19,0.03482140553283046,26
8803431,nonlinear,repeat,1,0.13,fixed,1,33,34,1,0,0,undetermined,1.539157550686044,0,0.03844370121964686,26
8803431,nonlinear,random,1,0.13,fixed,1,33,35,1,0,0,unknown,0.36840708138108325,31,0.34134357544144966,25
8803431,nonlinear,cycle,1,0.13,fixed,1,33,34,1,0,0,unknown,0.3367842028217115,30,0.4071384231961896,26
8803431,nonlinear,adaptive,1,0.13,fixed,1,33,34,1,0,0,unknown,0.3472767493843255,19,0.37183751637868606,26
8803478,none,repeat,1,0.13,fixed,0,27,,0,1,0,none,0.0024274564017884594,0,0.0,0
8803478,none,random,1,0.13,fixed,0,27,,0,1,0,none,0.0024274564017884594,31,0.0,0
8803478,none,cycle,1,0.13,fixed,0,27,,0,1,0,none,0.0024274564017884594,30,0.0,0
8803478,none,adaptive,1,0.13,fixed,0,27,,0,1,0,none,0.0024274564017884594,0,0.0,0
8803478,motor,repeat,1,0.13,fixed,1,27,28,1,0,0,undetermined,0.7553892319087788,0,0.029759223291618134,32
8803478,motor,random,1,0.13,fixed,1,27,29,1,1,1,motor,0.0033063250836346085,31,0.028904454848979938,31
8803478,motor,cycle,1,0.13,fixed,1,27,28,1,1,1,motor,0.003428260587880366,30,0.027466324091198747,32
8803478,motor,adaptive,1,0.13,fixed,1,27,28,1,1,1,motor,0.00286877348418098,24,0.027588544249848627,32
8803478,external,repeat,1,0.13,fixed,1,27,28,1,0,0,undetermined,0.4065374700990475,0,0.029759223291618134,32
8803478,external,random,1,0.13,fixed,1,27,28,1,1,1,external,0.003195724475717398,31,0.028289926959375006,32
8803478,external,cycle,1,0.13,fixed,1,27,28,1,1,1,external,0.003428260587880416,30,0.02746632409119875,32
8803478,external,adaptive,1,0.13,fixed,1,27,28,1,1,1,external,0.0028687734841809547,24,0.027588544249848627,32
8803478,sensor,repeat,1,0.13,fixed,1,27,28,1,0,0,undetermined,0.7416229596843189,0,0.029759223291618137,32
8803478,sensor,random,1,0.13,fixed,1,27,28,1,1,1,sensor,0.0031957244757174048,31,0.02828992695937501,32
8803478,sensor,cycle,1,0.13,fixed,1,27,28,1,1,1,sensor,0.0034282605878804195,30,0.027466324091198747,32
8803478,sensor,adaptive,1,0.13,fixed,1,27,28,1,1,1,sensor,0.0028687734841809547,24,0.027588544249848627,32
8803478,motor_external,repeat,1,0.13,fixed,1,27,28,1,0,0,undetermined,0.9746379656718563,0,0.029759223291618137,32
8803478,motor_external,random,1,0.13,fixed,1,27,28,1,1,1,motor_external,0.003195724475717401,31,0.028289926959375003,32
8803478,motor_external,cycle,1,0.13,fixed,1,27,28,1,1,1,motor_external,0.003428260587880396,30,0.027466324091198747,32
8803478,motor_external,adaptive,1,0.13,fixed,1,27,28,1,1,1,motor_external,0.0028687734841809634,24,0.02758854424984863,32
8803478,external_sensor,repeat,1,0.13,fixed,1,27,28,1,0,0,undetermined,0.4065374700990475,0,0.029759223291618134,32
8803478,external_sensor,random,1,0.13,fixed,1,27,28,1,1,1,external_sensor,0.003195724475717398,31,0.028289926959375006,32
8803478,external_sensor,cycle,1,0.13,fixed,1,27,28,1,1,1,external_sensor,0.003428260587880416,30,0.02746632409119875,32
8803478,external_sensor,adaptive,1,0.13,fixed,1,27,28,1,1,1,external_sensor,0.0028687734841809547,24,0.027588544249848627,32
8803478,nonlinear,repeat,1,0.13,fixed,1,27,28,1,0,0,undetermined,0.9864296962824982,0,0.029759223291618134,32
8803478,nonlinear,random,1,0.13,fixed,1,27,29,1,0,0,unknown,0.35016584944924956,31,0.33429859141271334,31
8803478,nonlinear,cycle,1,0.13,fixed,1,27,28,1,0,0,unknown,0.3403951213564244,30,0.35782101703597236,32
8803478,nonlinear,adaptive,1,0.13,fixed,1,27,28,1,0,0,unknown,0.35006175956587815,24,0.3311686468192946,32
8803525,none,repeat,1,0.13,fixed,0,34,,0,1,0,none,0.0061356150320128495,0,0.0,0
8803525,none,random,1,0.13,fixed,0,34,,0,1,0,none,0.0061356150320128495,30,0.0,0
8803525,none,cycle,1,0.13,fixed,0,34,,0,1,0,none,0.0061356150320128495,30,0.0,0
8803525,none,adaptive,1,0.13,fixed,0,34,,0,1,0,none,0.0061356150320128495,0,0.0,0
8803525,motor,repeat,1,0.13,fixed,1,34,35,1,0,0,undetermined,0.7462722864403222,0,0.035649749906103666,25
8803525,motor,random,1,0.13,fixed,1,34,35,1,1,1,motor,0.00861541675872476,30,0.030782068281721885,25
8803525,motor,cycle,1,0.13,fixed,1,34,35,1,1,1,motor,0.0016015342355605612,30,0.03459695005392171,25
8803525,motor,adaptive,1,0.13,fixed,1,34,35,1,1,1,motor,0.002471812480284754,18,0.03327350624721337,25
8803525,external,repeat,1,0.13,fixed,1,34,35,1,0,0,undetermined,1.1976276229947296,0,0.035649749906103666,25
8803525,external,random,1,0.13,fixed,1,34,35,1,1,1,external,0.008615416758724313,30,0.030782068281721888,25
8803525,external,cycle,1,0.13,fixed,1,34,35,1,1,1,external,0.001601534235560553,30,0.03459695005392172,25
8803525,external,adaptive,1,0.13,fixed,1,34,35,1,1,1,external,0.0024718124802847537,18,0.033273506247213376,25
8803525,sensor,repeat,1,0.13,fixed,1,34,35,1,0,0,undetermined,0.7560248516470232,0,0.03564974990610366,25
8803525,sensor,random,1,0.13,fixed,1,34,35,1,1,1,sensor,0.008615416758724268,30,0.030782068281721885,25
8803525,sensor,cycle,1,0.13,fixed,1,34,35,1,1,1,sensor,0.0016015342355605547,30,0.034596950053921716,25
8803525,sensor,adaptive,1,0.13,fixed,1,34,35,1,1,1,sensor,0.0024718124802847533,18,0.033273506247213376,25
8803525,motor_external,repeat,1,0.13,fixed,1,34,35,1,0,0,undetermined,1.6369917715988187,0,0.035649749906103666,25
8803525,motor_external,random,1,0.13,fixed,1,34,35,1,1,1,motor_external,0.00861541675872481,30,0.030782068281721888,25
8803525,motor_external,cycle,1,0.13,fixed,1,34,36,1,1,1,motor_external,0.0018498434665347562,30,0.033939176392414,24
8803525,motor_external,adaptive,1,0.13,fixed,1,34,35,1,1,1,motor_external,0.002471812480284746,18,0.03327350624721337,25
8803525,external_sensor,repeat,1,0.13,fixed,1,34,35,1,0,0,undetermined,1.1976276229947296,0,0.035649749906103666,25
8803525,external_sensor,random,1,0.13,fixed,1,34,35,1,1,1,external_sensor,0.008615416758724313,30,0.030782068281721888,25
8803525,external_sensor,cycle,1,0.13,fixed,1,34,35,1,1,1,external_sensor,0.001601534235560553,30,0.03459695005392172,25
8803525,external_sensor,adaptive,1,0.13,fixed,1,34,35,1,1,1,external_sensor,0.0024718124802847537,18,0.033273506247213376,25
8803525,nonlinear,repeat,1,0.13,fixed,1,34,35,1,0,0,undetermined,1.1747825539749517,0,0.035649749906103666,25
8803525,nonlinear,random,1,0.13,fixed,1,34,35,1,0,0,unknown,0.5906848631316208,30,0.2431843113169478,25
8803525,nonlinear,cycle,1,0.13,fixed,1,34,35,1,0,0,unknown,0.33580153423556053,30,0.36435992861356614,25
8803525,nonlinear,adaptive,1,0.13,fixed,1,34,35,1,0,0,unknown,0.357555078456404,18,0.3362381052692524,25
8803572,none,repeat,1,0.13,fixed,0,27,,0,1,0,none,0.0006980107776397156,0,0.0,0
8803572,none,random,1,0.13,fixed,0,27,,0,1,0,none,0.0006980107776397156,29,0.0,0
8803572,none,cycle,1,0.13,fixed,0,27,,0,1,0,none,0.0006980107776397156,30,0.0,0
8803572,none,adaptive,1,0.13,fixed,0,27,,0,1,0,none,0.0006980107776397156,0,0.0,0
8803572,motor,repeat,1,0.13,fixed,1,27,28,1,0,0,undetermined,0.7567442221946533,0,0.026223864788303835,32
8803572,motor,random,1,0.13,fixed,1,27,28,1,1,1,motor,0.002948424690894688,29,0.02361184825410642,32
8803572,motor,cycle,1,0.13,fixed,1,27,28,1,1,1,motor,0.002518523545805051,30,0.024233471189737107,32
8803572,motor,adaptive,1,0.13,fixed,1,27,28,1,1,1,motor,0.000944632808094869,24,0.025816597184745764,32
8803572,external,repeat,1,0.13,fixed,1,27,28,1,0,0,undetermined,1.4581059833475156,0,0.02622386478830384,32
8803572,external,random,1,0.13,fixed,1,27,28,1,1,1,external,0.002948424690894704,29,0.023611848254106428,32
8803572,external,cycle,1,0.13,fixed,1,27,28,1,1,1,external,0.0025185235458049997,30,0.02423347118973711,32
8803572,external,adaptive,1,0.13,fixed,1,27,28,1,1,1,external,0.0009446328080948774,24,0.025816597184745764,32
8803572,sensor,repeat,1,0.13,fixed,1,27,28,1,0,0,undetermined,0.7538337205316026,0,0.02622386478830383,32
8803572,sensor,random,1,0.13,fixed,1,27,28,1,1,1,sensor,0.002948424690894666,29,0.023611848254106425,32
8803572,sensor,cycle,1,0.13,fixed,1,27,28,1,1,1,sensor,0.002518523545805008,30,0.02423347118973711,32
8803572,sensor,adaptive,1,0.13,fixed,1,27,28,1,1,1,sensor,0.0009446328080948803,24,0.02581659718474576,32
8803572,motor_external,repeat,1,0.13,fixed,1,27,28,1,0,0,undetermined,1.521504707759027,0,0.02622386478830384,32
8803572,motor_external,random,1,0.13,fixed,1,27,28,1,1,1,motor_external,0.0029484246908947245,29,0.023611848254106428,32
8803572,motor_external,cycle,1,0.13,fixed,1,27,28,1,1,1,motor_external,0.0025185235458050734,30,0.024233471189737107,32
8803572,motor_external,adaptive,1,0.13,fixed,1,27,28,1,1,1,motor_external,0.0009446328080948667,24,0.02581659718474576,32
8803572,external_sensor,repeat,1,0.13,fixed,1,27,28,1,0,0,undetermined,1.4581059833475156,0,0.02622386478830384,32
8803572,external_sensor,random,1,0.13,fixed,1,27,28,1,1,1,external_sensor,0.002948424690894704,29,0.023611848254106428,32
8803572,external_sensor,cycle,1,0.13,fixed,1,27,28,1,1,1,external_sensor,0.0025185235458049997,30,0.02423347118973711,32
8803572,external_sensor,adaptive,1,0.13,fixed,1,27,28,1,1,1,external_sensor,0.0009446328080948774,24,0.025816597184745764,32
8803572,nonlinear,repeat,1,0.13,fixed,1,27,28,1,0,0,undetermined,1.542883458385408,0,0.02622386478830384,32
8803572,nonlinear,random,1,0.13,fixed,1,27,28,1,0,0,unknown,0.3604525049635912,29,0.35504193468787004,32
8803572,nonlinear,cycle,1,0.13,fixed,1,27,28,1,0,0,unknown,0.34022180038107364,30,0.3768302452017548,32
8803572,nonlinear,adaptive,1,0.13,fixed,1,27,28,1,0,0,unknown,0.3432474677126208,24,0.3540536299546505,32
8803619,none,repeat,1,0.13,fixed,0,31,,0,1,0,none,0.008633271030807818,0,0.0,0
8803619,none,random,1,0.13,fixed,0,31,,0,1,0,none,0.008633271030807818,31,0.0,0
8803619,none,cycle,1,0.13,fixed,0,31,,0,1,0,none,0.008633271030807818,30,0.0,0
8803619,none,adaptive,1,0.13,fixed,0,31,,0,1,0,none,0.008633271030807818,0,0.0,0
8803619,motor,repeat,1,0.13,fixed,1,31,32,1,0,0,undetermined,0.7434744877236652,0,0.031798889507316845,28
8803619,motor,random,1,0.13,fixed,1,31,33,1,1,1,motor,0.004691940239372565,31,0.029605649254790995,27
8803619,motor,cycle,1,0.13,fixed,1,31,33,1,1,1,motor,0.0039807893313046705,30,0.029204508975348098,27
8803619,motor,adaptive,1,0.13,fixed,1,31,32,1,1,1,motor,0.0031517875203473785,21,0.02923753725650543,28
8803619,external,repeat,1,0.13,fixed,1,31,32,1,0,0,undetermined,0.41763087447973124,0,0.031798889507316845,28
8803619,external,random,1,0.13,fixed,1,31,32,1,1,1,external,0.0042352136081696655,31,0.029919759530886318,28
8803619,external,cycle,1,0.13,fixed,1,31,32,1,1,1,external,0.00369815181319393,30,0.029400616066330754,28
8803619,external,adaptive,1,0.13,fixed,1,31,32,1,1,1,external,0.0031517875203473872,21,0.02923753725650543,28
8803619,sensor,repeat,1,0.13,fixed,1,31,32,1,0,0,undetermined,0.7432113218954364,0,0.031798889507316845,28
8803619,sensor,random,1,0.13,fixed,1,31,32,1,1,1,sensor,0.004235213608169651,31,0.029919759530886308,28
8803619,sensor,cycle,1,0.13,fixed,1,31,32,1,1,1,sensor,0.00369815181319392,30,0.029400616066330744,28
8803619,sensor,adaptive,1,0.13,fixed,1,31,32,1,1,1,sensor,0.0031517875203473807,21,0.029237537256505425,28
8803619,motor_external,repeat,1,0.13,fixed,1,31,32,1,0,0,undetermined,1.1730440620514713,0,0.031798889507316845,28
8803619,motor_external,random,1,0.13,fixed,1,31,32,1,1,1,motor_external,0.004235213608169665,31,0.029919759530886315,28
8803619,motor_external,cycle,1,0.13,fixed,1,31,32,1,1,1,motor_external,0.0036981518131939334,30,0.029400616066330744,28
8803619,motor_external,adaptive,1,0.13,fixed,1,31,32,1,1,1,motor_external,0.00315178752034737,21,0.02923753725650543,28
8803619,external_sensor,repeat,1,0.13,fixed,1,31,32,1,0,0,undetermined,0.41763087447973124,0,0.031798889507316845,28
8803619,external_sensor,random,1,0.13,fixed,1,31,32,1,1,1,external_sensor,0.0042352136081696655,31,0.029919759530886318,28
8803619,external_sensor,cycle,1,0.13,fixed,1,31,32,1,1,1,external_sensor,0.00369815181319393,30,0.029400616066330754,28
8803619,external_sensor,adaptive,1,0.13,fixed,1,31,32,1,1,1,external_sensor,0.0031517875203473872,21,0.02923753725650543,28
8803619,nonlinear,repeat,1,0.13,fixed,1,31,32,1,0,0,undetermined,1.3633529110729188,0,0.03179888950731685,28
8803619,nonlinear,random,1,0.13,fixed,1,31,33,1,0,0,unknown,0.37711753791172264,31,0.3280795241381188,27
8803619,nonlinear,cycle,1,0.13,fixed,1,31,33,1,0,0,unknown,0.34411787572189817,30,0.3651360371353597,27
8803619,nonlinear,adaptive,1,0.13,fixed,1,31,32,1,0,0,unknown,0.35259536909126393,21,0.35968804157382583,28
8803666,none,repeat,1,0.13,fixed,0,27,,0,1,0,none,0.003704959815248641,0,0.0,0
8803666,none,random,1,0.13,fixed,0,27,,0,1,0,none,0.003704959815248641,32,0.0,0
8803666,none,cycle,1,0.13,fixed,0,27,,0,1,0,none,0.003704959815248641,30,0.0,0
8803666,none,adaptive,1,0.13,fixed,0,27,,0,1,0,none,0.003704959815248641,0,0.0,0
8803666,motor,repeat,1,0.13,fixed,1,27,28,1,0,0,undetermined,0.7566041534872385,0,0.035102115694612,32
8803666,motor,random,1,0.13,fixed,1,27,28,1,1,1,motor,0.010763651414893924,32,0.028019639398116115,32
8803666,motor,cycle,1,0.13,fixed,1,27,28,1,1,1,motor,0.004945662317039244,30,0.03111238169391258,32
8803666,motor,adaptive,1,0.13,fixed,1,27,28,1,1,1,motor,0.0029032152814978157,24,0.032633154507678716,32
8803666,external,repeat,1,0.13,fixed,1,27,28,1,0,0,undetermined,1.5574147781482774,0,0.035102115694611996,32
8803666,external,random,1,0.13,fixed,1,27,28,1,1,1,external,0.010763651414893941,32,0.028019639398116112,32
8803666,external,cycle,1,0.13,fixed,1,27,28,1,1,1,external,0.004945662317039197,30,0.031112381693912575,32
8803666,external,adaptive,1,0.13,fixed,1,27,28,1,1,1,external,0.002903215281497841,24,0.03263315450767871,32
8803666,sensor,repeat,1,0.13,fixed,1,27,28,1,0,0,undetermined,0.7436844778730005,0,0.035102115694612,32
8803666,sensor,random,1,0.13,fixed,1,27,28,1,1,1,sensor,0.010763651414893934,32,0.028019639398116115,32
8803666,sensor,cycle,1,0.13,fixed,1,27,28,1,1,1,sensor,0.004945662317039191,30,0.03111238169391258,32
8803666,sensor,adaptive,1,0.13,fixed,1,27,28,1,1,1,sensor,0.002903215281497837,24,0.032633154507678716,32
8803666,motor_external,repeat,1,0.13,fixed,1,27,28,1,0,0,undetermined,0.7047051128888719,0,0.035102115694611996,32
8803666,motor_external,random,1,0.13,fixed,1,27,28,1,1,1,motor_external,0.010763651414893929,32,0.028019639398116112,32
8803666,motor_external,cycle,1,0.13,fixed,1,27,28,1,1,1,motor_external,0.004945662317039236,30,0.031112381693912578,32
8803666,motor_external,adaptive,1,0.13,fixed,1,27,28,1,1,1,motor_external,0.002903215281497805,24,0.03263315450767871,32
8803666,external_sensor,repeat,1,0.13,fixed,1,27,28,1,0,0,undetermined,1.5574147781482774,0,0.035102115694611996,32
8803666,external_sensor,random,1,0.13,fixed,1,27,28,1,1,1,external_sensor,0.010763651414893941,32,0.028019639398116112,32
8803666,external_sensor,cycle,1,0.13,fixed,1,27,28,1,1,1,external_sensor,0.004945662317039197,30,0.031112381693912575,32
8803666,external_sensor,adaptive,1,0.13,fixed,1,27,28,1,1,1,external_sensor,0.002903215281497841,24,0.03263315450767871,32
8803666,nonlinear,repeat,1,0.13,fixed,1,27,28,1,0,0,undetermined,1.523396458345194,0,0.035102115694611996,32
8803666,nonlinear,random,1,0.13,fixed,1,27,31,1,0,0,unknown,0.36945034996904347,32,0.33122709795400196,29
8803666,nonlinear,cycle,1,0.13,fixed,1,27,29,1,0,0,unknown,0.3380475577292491,30,0.36304736018386524,31
8803666,nonlinear,adaptive,1,0.13,fixed,1,27,28,1,0,0,unknown,0.35015012623664804,24,0.40197778749696744,32
8803713,none,repeat,1,0.13,fixed,0,28,,0,1,0,none,0.0037529466735432932,0,0.0,0
8803713,none,random,1,0.13,fixed,0,28,,0,1,0,none,0.0037529466735432932,32,0.0,0
8803713,none,cycle,1,0.13,fixed,0,28,,0,1,0,none,0.0037529466735432932,30,0.0,0
8803713,none,adaptive,1,0.13,fixed,0,28,,0,1,0,none,0.0037529466735432932,0,0.0,0
8803713,motor,repeat,1,0.13,fixed,1,28,29,1,0,0,undetermined,0.7422228560220359,0,0.03178644048577931,31
8803713,motor,random,1,0.13,fixed,1,28,30,1,1,1,motor,0.0035859361157366348,32,0.029083676595653866,30
8803713,motor,cycle,1,0.13,fixed,1,28,29,1,1,1,motor,0.003049879246541538,30,0.029479621922448313,31
8803713,motor,adaptive,1,0.13,fixed,1,28,29,1,1,1,motor,0.003847732309310565,23,0.02817168482158806,31
8803713,external,repeat,1,0.13,fixed,1,28,29,1,0,0,undetermined,1.4198000010939522,0,0.031786440485779305,31
8803713,external,random,1,0.13,fixed,1,28,29,1,1,1,external,0.0032026116807779927,32,0.03015162629554471,31
8803713,external,cycle,1,0.13,fixed,1,28,29,1,1,1,external,0.0030498792465415434,30,0.02947962192244832,31
8803713,external,adaptive,1,0.13,fixed,1,28,29,1,1,1,external,0.003847732309310565,23,0.028171684821588064,31
8803713,sensor,repeat,1,0.13,fixed,1,28,29,1,0,0,undetermined,0.7535616283285542,0,0.031786440485779305,31
8803713,sensor,random,1,0.13,fixed,1,28,29,1,1,1,sensor,0.0032026116807780426,32,0.030151626295544708,31
8803713,sensor,cycle,1,0.13,fixed,1,28,29,1,1,1,sensor,0.0030498792465415347,30,0.02947962192244832,31
8803713,sensor,adaptive,1,0.13,fixed,1,28,29,1,1,1,sensor,0.0038477323093105546,23,0.02817168482158806,31
8803713,motor_external,repeat,1,0.13,fixed,1,28,29,1,0,0,undetermined,0.5271859376664831,0,0.03178644048577931,31
8803713,motor_external,random,1,0.13,fixed,1,28,30,1,1,1,motor_external,0.00358593611573663,32,0.029083676595653876,30
8803713,motor_external,cycle,1,0.13,fixed,1,28,30,1,1,1,motor_external,0.004347984920670614,30,0.027706649784933993,30
8803713,motor_external,adaptive,1,0.13,fixed,1,28,29,1,1,1,motor_external,0.0038477323093105637,23,0.028171684821588057,31
8803713,external_sensor,repeat,1,0.13,fixed,1,28,29,1,0,0,undetermined,1.4198000010939522,0,0.031786440485779305,31
8803713,external_sensor,random,1,0.13,fixed,1,28,29,1,1,1,external_sensor,0.0032026116807779927,32,0.03015162629554471,31
8803713,external_sensor,cycle,1,0.13,fixed,1,28,29,1,1,1,external_sensor,0.0030498792465415434,30,0.02947962192244832,31
8803713,external_sensor,adaptive,1,0.13,fixed,1,28,29,1,1,1,external_sensor,0.003847732309310565,23,0.028171684821588064,31
8803713,nonlinear,repeat,1,0.13,fixed,1,28,29,1,0,0,undetermined,1.1660061279016474,0,0.03178644048577931,31
8803713,nonlinear,random,1,0.13,fixed,1,28,30,1,0,0,unknown,0.36746179797904,32,0.35306852123910143,30
8803713,nonlinear,cycle,1,0.13,fixed,1,28,29,1,0,0,unknown,0.3369466046650615,30,0.3782773833028718,31
8803713,nonlinear,adaptive,1,0.13,fixed,1,28,29,1,0,0,unknown,0.36261644306274904,23,0.3721660111037263,31
8803760,none,repeat,1,0.13,fixed,0,27,,0,1,0,none,0.007590832325172453,0,0.0,0
8803760,none,random,1,0.13,fixed,0,27,,0,1,0,none,0.007590832325172453,32,0.0,0
8803760,none,cycle,1,0.13,fixed,0,27,,0,1,0,none,0.007590832325172453,30,0.0,0
8803760,none,adaptive,1,0.13,fixed,0,27,,0,1,0,none,0.007590832325172453,0,0.0,0
8803760,motor,repeat,1,0.13,fixed,1,27,28,1,0,0,undetermined,0.7462073230145861,0,0.019726422797396705,32
8803760,motor,random,1,0.13,fixed,1,27,31,1,1,1,motor,0.0020663714496827567,32,0.01743169668602742,29
8803760,motor,cycle,1,0.13,fixed,1,27,28,1,1,1,motor,0.0025431830442107606,30,0.017367276716911823,32
8803760,motor,adaptive,1,0.13,fixed,1,27,28,1,1,1,motor,0.0014324558927904115,24,0.018143824395491705,32
8803760,external,repeat,1,0.13,fixed,1,27,28,1,0,0,undetermined,1.3189002136839618,0,0.019726422797396705,32
8803760,external,random,1,0.13,fixed,1,27,28,1,1,1,external,0.0017223408813178103,32,0.018158024515965286,32
8803760,external,cycle,1,0.13,fixed,1,27,28,1,1,1,external,0.0025431830442107497,30,0.017367276716911823,32
8803760,external,adaptive,1,0.13,fixed,1,27,28,1,1,1,external,0.0014324558927904273,24,0.018143824395491708,32
8803760,sensor,repeat,1,0.13,fixed,1,27,28,1,0,0,undetermined,0.7496781723784992,0,0.019726422797396705,32
8803760,sensor,random,1,0.13,fixed,1,27,28,1,1,1,sensor,0.00172234088131782,32,0.01815802451596529,32
8803760,sensor,cycle,1,0.13,fixed,1,27,28,1,1,1,sensor,0.0025431830442107423,30,0.017367276716911823,32
8803760,sensor,adaptive,1,0.13,fixed,1,27,28,1,1,1,sensor,0.001432455892790425,24,0.018143824395491708,32
8803760,motor_external,repeat,1,0.13,fixed,1,27,28,1,0,0,undetermined,0.46967988706531133,0,0.0197264227973967,32
8803760,motor_external,random,1,0.13,fixed,1,27,28,1,1,1,motor_external,0.0017223408813178327,32,0.01815802451596529,32
8803760,motor_external,cycle,1,0.13,fixed,1,27,28,1,1,1,motor_external,0.0025431830442107523,30,0.017367276716911826,32
8803760,motor_external,adaptive,1,0.13,fixed,1,27,28,1,1,1,motor_external,0.0014324558927904256,24,0.01814382439549171,32
8803760,external_sensor,repeat,1,0.13,fixed,1,27,28,1,0,0,undetermined,1.3189002136839618,0,0.019726422797396705,32
8803760,external_sensor,random,1,0.13,fixed,1,27,28,1,1,1,external_sensor,0.0017223408813178103,32,0.018158024515965286,32
8803760,external_sensor,cycle,1,0.13,fixed,1,27,28,1,1,1,external_sensor,0.0025431830442107497,30,0.017367276716911823,32
8803760,external_sensor,adaptive,1,0.13,fixed,1,27,28,1,1,1,external_sensor,0.0014324558927904273,24,0.018143824395491708,32
8803760,nonlinear,repeat,1,0.13,fixed,1,27,28,1,0,0,undetermined,0.9782495311555909,0,0.019726422797396698,32
8803760,nonlinear,random,1,0.13,fixed,1,27,31,1,0,0,unknown,0.36577767968361535,32,0.34530799385120187,29
8803760,nonlinear,cycle,1,0.13,fixed,1,27,28,1,0,0,unknown,0.33943248291928485,30,0.3275184344198986,32
8803760,nonlinear,adaptive,1,0.13,fixed,1,27,28,1,0,0,unknown,0.3469411857010568,24,0.37441330524546523,32
8803807,none,repeat,1,0.13,fixed,0,31,,0,1,0,none,0.007829163092963502,0,0.0,0
8803807,none,random,1,0.13,fixed,0,31,,0,1,0,none,0.007829163092963502,27,0.0,0
8803807,none,cycle,1,0.13,fixed,0,31,,0,1,0,none,0.007829163092963502,30,0.0,0
8803807,none,adaptive,1,0.13,fixed,0,31,,0,1,0,none,0.007829163092963502,0,0.0,0
8803807,motor,repeat,1,0.13,fixed,1,31,32,1,0,0,undetermined,0.7456126018921905,0,0.029242675353346244,28
8803807,motor,random,1,0.13,fixed,1,31,33,1,1,1,motor,0.003638918068741204,27,0.027391196698644753,27
8803807,motor,cycle,1,0.13,fixed,1,31,33,1,1,1,motor,0.0030455761436937014,30,0.027300872201008762,27
8803807,motor,adaptive,1,0.13,fixed,1,31,32,1,1,1,motor,0.001291122391651644,21,0.027942252542631812,28
8803807,external,repeat,1,0.13,fixed,1,31,32,1,0,0,undetermined,1.4735803446912787,0,0.02924267535334624,28
8803807,external,random,1,0.13,fixed,1,31,32,1,1,1,external,0.003475251310233354,27,0.02657426756028547,28
8803807,external,cycle,1,0.13,fixed,1,31,32,1,1,1,external,0.002887087145939428,30,0.026565044262950643,28
8803807,external,adaptive,1,0.13,fixed,1,31,32,1,1,1,external,0.0012911223916516434,21,0.027942252542631812,28
8803807,sensor,repeat,1,0.13,fixed,1,31,32,1,0,0,undetermined,0.7484929693038802,0,0.029242675353346244,28
8803807,sensor,random,1,0.13,fixed,1,31,32,1,1,1,sensor,0.003475251310233304,27,0.026574267560285476,28
8803807,sensor,cycle,1,0.13,fixed,1,31,32,1,1,1,sensor,0.002887087145939449,30,0.026565044262950647,28
8803807,sensor,adaptive,1,0.13,fixed,1,31,32,1,1,1,sensor,0.0012911223916516408,21,0.02794225254263181,28
8803807,motor_external,repeat,1,0.13,fixed,1,31,32,1,0,0,undetermined,0.5798192831859982,0,0.029242675353346244,28
8803807,motor_external,random,1,0.13,fixed,1,31,33,1,1,1,motor_external,0.003638918068741189,27,0.027391196698644746,27
8803807,motor_external,cycle,1,0.13,fixed,1,31,32,1,1,1,motor_external,0.002887087145939428,30,0.026565044262950643,28
8803807,motor_external,adaptive,1,0.13,fixed,1,31,32,1,1,1,motor_external,0.001291122391651645,21,0.027942252542631805,28
8803807,external_sensor,repeat,1,0.13,fixed,1,31,32,1,0,0,undetermined,1.4735803446912787,0,0.02924267535334624,28
8803807,external_sensor,random,1,0.13,fixed,1,31,32,1,1,1,external_sensor,0.003475251310233354,27,0.02657426756028547,28
8803807,external_sensor,cycle,1,0.13,fixed,1,31,32,1,1,1,external_sensor,0.002887087145939428,30,0.026565044262950643,28
8803807,external_sensor,adaptive,1,0.13,fixed,1,31,32,1,1,1,external_sensor,0.0012911223916516434,21,0.027942252542631812,28
8803807,nonlinear,repeat,1,0.13,fixed,1,31,32,1,0,0,undetermined,1.5431308984307555,0,0.029242675353346247,28
8803807,nonlinear,random,1,0.13,fixed,1,31,33,1,0,0,unknown,0.4859610028834519,27,0.2965280374297951,27
8803807,nonlinear,cycle,1,0.13,fixed,1,31,33,1,0,0,unknown,0.3393304369144515,30,0.3616692704137268,27
8803807,nonlinear,adaptive,1,0.13,fixed,1,31,32,1,0,0,unknown,0.35299464074653947,21,0.31841917575737083,28
8803854,none,repeat,1,0.13,fixed,0,28,,0,1,0,none,0.004382717092250273,0,0.0,0
8803854,none,random,1,0.13,fixed,0,28,,0,1,0,none,0.004382717092250273,32,0.0,0
8803854,none,cycle,1,0.13,fixed,0,28,,0,1,0,none,0.004382717092250273,30,0.0,0
8803854,none,adaptive,1,0.13,fixed,0,28,,0,1,0,none,0.004382717092250273,0,0.0,0
8803854,motor,repeat,1,0.13,fixed,1,28,29,1,0,0,undetermined,0.7426982687842338,0,0.03906076170323039,31
8803854,motor,random,1,0.13,fixed,1,28,30,1,1,1,motor,0.0016369573958810498,32,0.039627180608997725,30
8803854,motor,cycle,1,0.13,fixed,1,28,29,1,1,1,motor,0.001743718341870573,30,0.0385475016754224,31
8803854,motor,adaptive,1,0.13,fixed,1,28,29,1,1,1,motor,0.0025617982173094245,23,0.03758568411480826,31
8803854,external,repeat,1,0.13,fixed,1,28,29,1,0,0,undetermined,1.6764663003861433,0,0.03906076170323039,31
8803854,external,random,1,0.13,fixed,1,28,29,1,1,1,external,0.0016555962528019628,32,0.03839956288670597,31
8803854,external,cycle,1,0.13,fixed,1,28,29,1,1,1,external,0.0017437183418705384,30,0.038547501675422396,31
8803854,external,adaptive,1,0.13,fixed,1,28,29,1,1,1,external,0.002561798217309453,23,0.03758568411480826,31
8803854,sensor,repeat,1,0.13,fixed,1,28,29,1,0,0,undetermined,0.7578154953581351,0,0.03906076170323039,31
8803854,sensor,random,1,0.13,fixed,1,28,29,1,1,1,sensor,0.0016555962528019713,32,0.03839956288670597,31
8803854,sensor,cycle,1,0.13,fixed,1,28,29,1,1,1,sensor,0.0017437183418705566,30,0.038547501675422396,31
8803854,sensor,adaptive,1,0.13,fixed,1,28,29,1,1,1,sensor,0.002561798217309442,23,0.03758568411480825,31
8803854,motor_external,repeat,1,0.13,fixed,1,28,29,1,0,0,undetermined,0.982965602722875,0,0.0390607617032304,31
8803854,motor_external,random,1,0.13,fixed,1,28,29,1,1,1,motor_external,0.0016555962528019396,32,0.03839956288670597,31
8803854,motor_external,cycle,1,0.13,fixed,1,28,29,1,1,1,motor_external,0.001743718341870574,30,0.0385475016754224,31
8803854,motor_external,adaptive,1,0.13,fixed,1,28,29,1,1,1,motor_external,0.002561798217309425,23,0.03758568411480826,31
8803854,external_sensor,repeat,1,0.13,fixed,1,28,29,1,0,0,undetermined,1.6764663003861433,0,0.03906076170323039,31
8803854,external_sensor,random,1,0.13,fixed,1,28,29,1,1,1,external_sensor,0.0016555962528019628,32,0.03839956288670597,31
8803854,external_sensor,cycle,1,0.13,fixed,1,28,29,1,1,1,external_sensor,0.0017437183418705384,30,0.038547501675422396,31
8803854,external_sensor,adaptive,1,0.13,fixed,1,28,29,1,1,1,external_sensor,0.002561798217309453,23,0.03758568411480826,31
8803854,nonlinear,repeat,1,0.13,fixed,1,28,29,1,0,0,undetermined,1.5639290129994599,0,0.039060761703230376,31
8803854,nonlinear,random,1,0.13,fixed,1,28,30,1,0,0,unknown,0.3518383961572723,32,0.3185261916771424,30
8803854,nonlinear,cycle,1,0.13,fixed,1,28,29,1,0,0,unknown,0.3392704262969398,30,0.3356628931038679,31
8803854,nonlinear,adaptive,1,0.13,fixed,1,28,29,1,0,0,unknown,0.35765578074011184,23,0.366082048429403,31
8803901,none,repeat,1,0.13,fixed,0,33,,0,1,0,none,0.006531452821463927,0,0.0,0
8803901,none,random,1,0.13,fixed,0,33,,0,1,0,none,0.006531452821463927,27,0.0,0
8803901,none,cycle,1,0.13,fixed,0,33,,0,1,0,none,0.006531452821463927,30,0.0,0
8803901,none,adaptive,1,0.13,fixed,0,33,,0,1,0,none,0.006531452821463927,0,0.0,0
8803901,motor,repeat,1,0.13,fixed,1,33,34,1,0,0,undetermined,0.7677420229777201,0,0.026106529838553494,26
8803901,motor,random,1,0.13,fixed,1,33,35,1,1,1,motor,0.005658331171736358,27,0.023653451423662576,25
8803901,motor,cycle,1,0.13,fixed,1,33,34,1,1,1,motor,0.004748379930344164,30,0.024497918728924276,26
8803901,motor,adaptive,1,0.13,fixed,1,33,34,1,1,1,motor,0.004124997786199404,19,0.02487006355711516,26
8803901,external,repeat,1,0.13,fixed,1,33,34,1,0,0,undetermined,1.2408668834813628,0,0.02610652983855349,26
8803901,external,random,1,0.13,fixed,1,33,34,1,1,1,external,0.0046337907725100096,27,0.02472699613391737,26
8803901,external,cycle,1,0.13,fixed,1,33,34,1,1,1,external,0.004748379930344196,30,0.02449791872892428,26
8803901,external,adaptive,1,0.13,fixed,1,33,34,1,1,1,external,0.004124997786199399,19,0.02487006355711516,26
8803901,sensor,repeat,1,0.13,fixed,1,33,34,1,0,0,undetermined,0.7484301161683077,0,0.02610652983855349,26
8803901,sensor,random,1,0.13,fixed,1,33,34,1,1,1,sensor,0.004633790772509997,27,0.024726996133917364,26
8803901,sensor,cycle,1,0.13,fixed,1,33,34,1,1,1,sensor,0.004748379930344197,30,0.02449791872892428,26
8803901,sensor,adaptive,1,0.13,fixed,1,33,34,1,1,1,sensor,0.004124997786199421,19,0.024870063557115164,26
8803901,motor_external,repeat,1,0.13,fixed,1,33,34,1,0,0,undetermined,1.6636461354069687,0,0.026106529838553487,26
8803901,motor_external,random,1,0.13,fixed,1,33,34,1,1,1,motor_external,0.004633790772509968,27,0.024726996133917364,26
8803901,motor_external,cycle,1,0.13,fixed,1,33,34,1,1,1,motor_external,0.00474837993034419,30,0.024497918728924276,26
8803901,motor_external,adaptive,1,0.13,fixed,1,33,34,1,1,1,motor_external,0.0041249977861994086,19,0.02487006355711516,26
8803901,external_sensor,repeat,1,0.13,fixed,1,33,34,1,0,0,undetermined,1.2408668834813628,0,0.02610652983855349,26
8803901,external_sensor,random,1,0.13,fixed,1,33,34,1,1,1,external_sensor,0.0046337907725100096,27,0.02472699613391737,26
8803901,external_sensor,cycle,1,0.13,fixed,1,33,34,1,1,1,external_sensor,0.004748379930344196,30,0.02449791872892428,26
8803901,external_sensor,adaptive,1,0.13,fixed,1,33,34,1,1,1,external_sensor,0.004124997786199399,19,0.02487006355711516,26
8803901,nonlinear,repeat,1,0.13,fixed,1,33,34,1,0,0,undetermined,1.5220033745601484,0,0.026106529838553487,26
8803901,nonlinear,random,1,0.13,fixed,1,33,35,1,0,0,unknown,0.37093111960059805,27,0.30929766462079955,25
8803901,nonlinear,cycle,1,0.13,fixed,1,33,34,1,0,0,unknown,0.3393007453900796,30,0.35312729944204746,26
8803901,nonlinear,adaptive,1,0.13,fixed,1,33,34,1,0,0,unknown,0.34366096256448003,19,0.3996163471417137,26
8803948,none,repeat,1,0.13,fixed,0,27,,0,1,0,none,0.003426692573936388,0,0.0,0
8803948,none,random,1,0.13,fixed,0,27,,0,1,0,none,0.003426692573936388,31,0.0,0
8803948,none,cycle,1,0.13,fixed,0,27,,0,1,0,none,0.003426692573936388,30,0.0,0
8803948,none,adaptive,1,0.13,fixed,0,27,,0,1,0,none,0.003426692573936388,0,0.0,0
8803948,motor,repeat,1,0.13,fixed,1,27,28,1,0,0,undetermined,0.7559797765826526,0,0.03462278631608175,32
8803948,motor,random,1,0.13,fixed,1,27,30,1,1,1,motor,0.0033613305057168434,31,0.031447426992683304,30
8803948,motor,cycle,1,0.13,fixed,1,27,28,1,1,1,motor,0.007399847826186213,30,0.027743186646698934,32
8803948,motor,adaptive,1,0.13,fixed,1,27,28,1,1,1,motor,0.0030569383210889384,24,0.03139825800645272,32
8803948,external,repeat,1,0.13,fixed,1,27,28,1,0,0,undetermined,1.2600069541045227,0,0.03462278631608175,32
8803948,external,random,1,0.13,fixed,1,27,28,1,1,1,external,0.0024494789131340464,31,0.03239097892243893,32
8803948,external,cycle,1,0.13,fixed,1,27,28,1,1,1,external,0.00739984782618625,30,0.02774318664669894,32
8803948,external,adaptive,1,0.13,fixed,1,27,28,1,1,1,external,0.0030569383210889496,24,0.031398258006452726,32
8803948,sensor,repeat,1,0.13,fixed,1,27,28,1,0,0,undetermined,0.7531953838139931,0,0.03462278631608175,32
8803948,sensor,random,1,0.13,fixed,1,27,28,1,1,1,sensor,0.002449478913134025,31,0.03239097892243893,32
8803948,sensor,cycle,1,0.13,fixed,1,27,28,1,1,1,sensor,0.007399847826186225,30,0.027743186646698934,32
8803948,sensor,adaptive,1,0.13,fixed,1,27,28,1,1,1,sensor,0.0030569383210889796,24,0.03139825800645272,32
8803948,motor_external,repeat,1,0.13,fixed,1,27,28,1,0,0,undetermined,0.4479809894677202,0,0.03462278631608174,32
8803948,motor_external,random,1,0.13,fixed,1,27,28,1,1,1,motor_external,0.0024494789131340234,31,0.03239097892243893,32
8803948,motor_external,cycle,1,0.13,fixed,1,27,28,1,1,1,motor_external,0.007399847826186213,30,0.027743186646698927,32
8803948,motor_external,adaptive,1,0.13,fixed,1,27,28,1,1,1,motor_external,0.0030569383210889327,24,0.031398258006452726,32
8803948,external_sensor,repeat,1,0.13,fixed,1,27,28,1,0,0,undetermined,1.2600069541045227,0,0.03462278631608175,32
8803948,external_sensor,random,1,0.13,fixed,1,27,28,1,1,1,external_sensor,0.0024494789131340464,31,0.03239097892243893,32
8803948,external_sensor,cycle,1,0.13,fixed,1,27,28,1,1,1,external_sensor,0.00739984782618625,30,0.02774318664669894,32
8803948,external_sensor,adaptive,1,0.13,fixed,1,27,28,1,1,1,external_sensor,0.0030569383210889496,24,0.031398258006452726,32
8803948,nonlinear,repeat,1,0.13,fixed,1,27,28,1,0,0,undetermined,1.1783724926663883,0,0.03462278631608175,32
8803948,nonlinear,random,1,0.13,fixed,1,27,30,1,0,0,unknown,0.3841500753560019,31,0.28441102794700934,30
8803948,nonlinear,cycle,1,0.13,fixed,1,27,28,1,0,0,unknown,0.34589388265506743,30,0.3512725923652256,32
8803948,nonlinear,adaptive,1,0.13,fixed,1,27,28,1,0,0,unknown,0.3503872755837658,24,0.4148458634105058,32
8803995,none,repeat,1,0.13,fixed,0,30,,0,1,0,none,0.0038467373558669026,0,0.0,0
8803995,none,random,1,0.13,fixed,0,30,,0,1,0,none,0.0038467373558669026,27,0.0,0
8803995,none,cycle,1,0.13,fixed,0,30,,0,1,0,none,0.0038467373558669026,30,0.0,0
8803995,none,adaptive,1,0.13,fixed,0,30,,0,1,0,none,0.0038467373558669026,0,0.0,0
8803995,motor,repeat,1,0.13,fixed,1,30,30,1,0,0,undetermined,0.7631425008233486,0,0.0218190377955458,30
8803995,motor,random,1,0.13,fixed,1,30,30,1,1,1,motor,0.0026266602088105564,27,0.021078749951188056,30
8803995,motor,cycle,1,0.13,fixed,1,30,30,1,1,1,motor,0.003160945560594434,30,0.020499732717229498,30
8803995,motor,adaptive,1,0.13,fixed,1,30,30,1,1,1,motor,0.002623197697085698,22,0.020844206496430553,30
8803995,external,repeat,1,0.13,fixed,1,30,30,1,0,0,undetermined,1.4815525684647683,0,0.0218190377955458,30
8803995,external,random,1,0.13,fixed,1,30,30,1,1,1,external,0.0026266602088105663,27,0.021078749951188063,30
8803995,external,cycle,1,0.13,fixed,1,30,30,1,1,1,external,0.0031609455605944143,30,0.020499732717229498,30
8803995,external,adaptive,1,0.13,fixed,1,30,30,1,1,1,external,0.0026231976970856998,22,0.020844206496430557,30
8803995,sensor,repeat,1,0.13,fixed,1,30,30,1,0,0,undetermined,0.7475543520501633,0,0.0218190377955458,30
8803995,sensor,random,1,0.13,fixed,1,30,30,1,1,1,sensor,0.002626660208810555,27,0.021078749951188056,30
8803995,sensor,cycle,1,0.13,fixed,1,30,30,1,1,1,sensor,0.0031609455605944186,30,0.020499732717229494,30
8803995,sensor,adaptive,1,0.13,fixed,1,30,30,1,1,1,sensor,0.0026231976970857054,22,0.02084420649643056,30
8803995,motor_external,repeat,1,0.13,fixed,1,30,30,1,0,0,undetermined,1.4991146222004992,0,0.0218190377955458,30
8803995,motor_external,random,1,0.13,fixed,1,30,30,1,1,1,motor_external,0.0026266602088105607,27,0.021078749951188063,30
8803995,motor_external,cycle,1,0.13,fixed,1,30,30,1,1,1,motor_external,0.003160945560594427,30,0.020499732717229498,30
8803995,motor_external,adaptive,1,0.13,fixed,1,30,30,1,1,1,motor_external,0.0026231976970856907,22,0.02084420649643056,30
8803995,external_sensor,repeat,1,0.13,fixed,1,30,30,1,0,0,undetermined,1.4815525684647683,0,0.0218190377955458,30
8803995,external_sensor,random,1,0.13,fixed,1,30,30,1,1,1,external_sensor,0.0026266602088105663,27,0.021078749951188063,30
8803995,external_sensor,cycle,1,0.13,fixed,1,30,30,1,1,1,external_sensor,0.0031609455605944143,30,0.020499732717229498,30
8803995,external_sensor,adaptive,1,0.13,fixed,1,30,30,1,1,1,external_sensor,0.0026231976970856998,22,0.020844206496430557,30
8803995,nonlinear,repeat,1,0.13,fixed,1,30,30,1,0,0,undetermined,1.3457003315186178,0,0.0218190377955458,30
8803995,nonlinear,random,1,0.13,fixed,1,30,30,1,0,0,unknown,0.4034692496407299,27,0.33826617871777387,30
8803995,nonlinear,cycle,1,0.13,fixed,1,30,30,1,0,0,unknown,0.3373609455605944,30,0.34327370283175873,30
8803995,nonlinear,adaptive,1,0.13,fixed,1,30,30,1,0,0,unknown,0.3615431846675704,22,0.38469025137053803,30
8804042,none,repeat,1,0.13,fixed,0,34,,0,1,0,none,0.004726205056925722,0,0.0,0
8804042,none,random,1,0.13,fixed,0,34,,0,1,0,none,0.004726205056925722,28,0.0,0
8804042,none,cycle,1,0.13,fixed,0,34,,0,1,0,none,0.004726205056925722,30,0.0,0
8804042,none,adaptive,1,0.13,fixed,0,34,,0,1,0,none,0.004726205056925722,0,0.0,0
8804042,motor,repeat,1,0.13,fixed,1,34,35,1,0,0,undetermined,0.7508460724002546,0,0.04007069410834598,25
8804042,motor,random,1,0.13,fixed,1,34,35,1,1,1,motor,0.004875998529597131,28,0.03575236320848776,25
8804042,motor,cycle,1,0.13,fixed,1,34,35,1,1,1,motor,0.005595806030783973,30,0.03454153545467673,25
8804042,motor,adaptive,1,0.13,fixed,1,34,35,1,1,1,motor,0.0018321860793112106,18,0.037839916809103376,25
8804042,external,repeat,1,0.13,fixed,1,34,35,1,0,0,undetermined,1.3013239657416968,0,0.04007069410834598,25
8804042,external,random,1,0.13,fixed,1,34,35,1,1,1,external,0.00487599852959707,28,0.03575236320848775,25
8804042,external,cycle,1,0.13,fixed,1,34,35,1,1,1,external,0.005595806030783973,30,0.03454153545467672,25
8804042,external,adaptive,1,0.13,fixed,1,34,35,1,1,1,external,0.001832186079311226,18,0.037839916809103376,25
8804042,sensor,repeat,1,0.13,fixed,1,34,35,1,0,0,undetermined,0.7477165207256484,0,0.04007069410834597,25
8804042,sensor,random,1,0.13,fixed,1,34,35,1,1,1,sensor,0.004875998529597066,28,0.03575236320848776,25
8804042,sensor,cycle,1,0.13,fixed,1,34,35,1,1,1,sensor,0.005595806030783955,30,0.034541535454676725,25
8804042,sensor,adaptive,1,0.13,fixed,1,34,35,1,1,1,sensor,0.0018321860793112398,18,0.03783991680910337,25
8804042,motor_external,repeat,1,0.13,fixed,1,34,35,1,0,0,undetermined,1.603177641472728,0,0.04007069410834598,25
8804042,motor_external,random,1,0.13,fixed,1,34,35,1,1,1,motor_external,0.004875998529597124,28,0.03575236320848775,25
8804042,motor_external,cycle,1,0.13,fixed,1,34,35,1,1,1,motor_external,0.005595806030783976,30,0.034541535454676725,25
8804042,motor_external,adaptive,1,0.13,fixed,1,34,35,1,1,1,motor_external,0.0018321860793111995,18,0.03783991680910336,25
8804042,external_sensor,repeat,1,0.13,fixed,1,34,35,1,0,0,undetermined,1.3013239657416968,0,0.04007069410834598,25
8804042,external_sensor,random,1,0.13,fixed,1,34,35,1,1,1,external_sensor,0.00487599852959707,28,0.03575236320848775,25
8804042,external_sensor,cycle,1,0.13,fixed,1,34,35,1,1,1,external_sensor,0.005595806030783973,30,0.03454153545467672,25
8804042,external_sensor,adaptive,1,0.13,fixed,1,34,35,1,1,1,external_sensor,0.001832186079311226,18,0.037839916809103376,25
8804042,nonlinear,repeat,1,0.13,fixed,1,34,35,1,0,0,undetermined,1.5366568933990448,0,0.04007069410834597,25
8804042,nonlinear,random,1,0.13,fixed,1,34,35,1,0,0,unknown,0.43874078259801463,28,0.3196386314001333,25
8804042,nonlinear,cycle,1,0.13,fixed,1,34,35,1,0,0,unknown,0.33979580603078396,30,0.3547907676692473,25
8804042,nonlinear,adaptive,1,0.13,fixed,1,34,35,1,0,0,unknown,0.35492890793650644,18,0.3654061479028531,25
8804089,none,repeat,1,0.13,fixed,0,29,,0,1,0,none,0.0014319509571993668,0,0.0,0
8804089,none,random,1,0.13,fixed,0,29,,0,1,0,none,0.0014319509571993668,27,0.0,0
8804089,none,cycle,1,0.13,fixed,0,29,,0,1,0,none,0.0014319509571993668,30,0.0,0
8804089,none,adaptive,1,0.13,fixed,0,29,,0,1,0,none,0.0014319509571993668,0,0.0,0
8804089,motor,repeat,1,0.13,fixed,1,29,30,1,0,0,undetermined,0.7564749338843562,0,0.03133076593898293,30
8804089,motor,random,1,0.13,fixed,1,29,30,1,1,1,motor,0.003105844900067062,27,0.030435465193797133,30
8804089,motor,cycle,1,0.13,fixed,1,29,30,1,1,1,motor,0.0033465913779058927,30,0.030214711463325713,30
8804089,motor,adaptive,1,0.13,fixed,1,29,30,1,1,1,motor,0.0027457589212590687,22,0.03064408099124137,30
8804089,external,repeat,1,0.13,fixed,1,29,30,1,0,0,undetermined,0.703683627044811,0,0.031330765938982916,30
8804089,external,random,1,0.13,fixed,1,29,30,1,1,1,external,0.0031058449000670495,27,0.03043546519379713,30
8804089,external,cycle,1,0.13,fixed,1,29,30,1,1,1,external,0.003346591377905861,30,0.03021471146332572,30
8804089,external,adaptive,1,0.13,fixed,1,29,30,1,1,1,external,0.002745758921259064,22,0.030644080991241364,30
8804089,sensor,repeat,1,0.13,fixed,1,29,30,1,0,0,undetermined,0.7378067184364098,0,0.03133076593898292,30
8804089,sensor,random,1,0.13,fixed,1,29,30,1,1,1,sensor,0.003105844900067059,27,0.030435465193797133,30
8804089,sensor,cycle,1,0.13,fixed,1,29,30,1,1,1,sensor,0.0033465913779058727,30,0.03021471146332572,30
8804089,sensor,adaptive,1,0.13,fixed,1,29,30,1,1,1,sensor,0.00274575892125907,22,0.030644080991241354,30
8804089,motor_external,repeat,1,0.13,fixed,1,29,30,1,0,0,undetermined,0.49827378087469726,0,0.03133076593898292,30
8804089,motor_external,random,1,0.13,fixed,1,29,30,1,1,1,motor_external,0.0031058449000670434,27,0.030435465193797136,30
8804089,motor_external,cycle,1,0.13,fixed,1,29,30,1,1,1,motor_external,0.003346591377905884,30,0.030214711463325716,30
8804089,motor_external,adaptive,1,0.13,fixed,1,29,30,1,1,1,motor_external,0.0027457589212590604,22,0.030644080991241374,30
8804089,external_sensor,repeat,1,0.13,fixed,1,29,30,1,0,0,undetermined,0.703683627044811,0,0.031330765938982916,30
8804089,external_sensor,random,1,0.13,fixed,1,29,30,1,1,1,external_sensor,0.0031058449000670495,27,0.03043546519379713,30
8804089,external_sensor,cycle,1,0.13,fixed,1,29,30,1,1,1,external_sensor,0.003346591377905861,30,0.03021471146332572,30
8804089,external_sensor,adaptive,1,0.13,fixed,1,29,30,1,1,1,external_sensor,0.002745758921259064,22,0.030644080991241364,30
8804089,nonlinear,repeat,1,0.13,fixed,1,29,30,1,0,0,undetermined,0.9872002902873026,0,0.03133076593898292,30
8804089,nonlinear,random,1,0.13,fixed,1,29,30,1,0,0,unknown,0.367973120454059,27,0.35628556854322946,30
8804089,nonlinear,cycle,1,0.13,fixed,1,29,30,1,0,0,unknown,0.3375465913779058,30,0.3855443765329298,30
8804089,nonlinear,adaptive,1,0.13,fixed,1,29,30,1,0,0,unknown,0.35594010945668886,22,0.3886713189309118,30
8804136,none,repeat,1,0.13,fixed,0,29,,0,1,0,none,0.007378874241801456,0,0.0,0
8804136,none,random,1,0.13,fixed,0,29,,0,1,0,none,0.007378874241801456,28,0.0,0
8804136,none,cycle,1,0.13,fixed,0,29,,0,1,0,none,0.007378874241801456,30,0.0,0
8804136,none,adaptive,1,0.13,fixed,0,29,,0,1,0,none,0.007378874241801456,0,0.0,0
8804136,motor,repeat,1,0.13,fixed,1,29,30,1,0,0,undetermined,0.7448602826123881,0,0.03368431183794814,30
8804136,motor,random,1,0.13,fixed,1,29,30,1,1,1,motor,0.004903660072469252,28,0.03058514681400543,30
8804136,motor,cycle,1,0.13,fixed,1,29,30,1,1,1,motor,0.0016974750678519948,30,0.03309962905443412,30
8804136,motor,adaptive,1,0.13,fixed,1,29,30,1,1,1,motor,0.0015683716285429757,22,0.03309125300089978,30
8804136,external,repeat,1,0.13,fixed,1,29,30,1,0,0,undetermined,1.2842798631626222,0,0.03368431183794815,30
8804136,external,random,1,0.13,fixed,1,29,30,1,1,1,external,0.004903660072469266,28,0.030585146814005423,30
8804136,external,cycle,1,0.13,fixed,1,29,30,1,1,1,external,0.0016974750678520173,30,0.033099629054434115,30
8804136,external,adaptive,1,0.13,fixed,1,29,30,1,1,1,external,0.0015683716285429875,22,0.03309125300089979,30
8804136,sensor,repeat,1,0.13,fixed,1,29,30,1,0,0,undetermined,0.7420480558557699,0,0.03368431183794815,30
8804136,sensor,random,1,0.13,fixed,1,29,30,1,1,1,sensor,0.004903660072469245,28,0.030585146814005426,30
8804136,sensor,cycle,1,0.13,fixed,1,29,30,1,1,1,sensor,0.0016974750678520004,30,0.03309962905443412,30
8804136,sensor,adaptive,1,0.13,fixed,1,29,30,1,1,1,sensor,0.001568371628542967,22,0.03309125300089979,30
8804136,motor_external,repeat,1,0.13,fixed,1,29,30,1,0,0,undetermined,1.5915724345222,0,0.03368431183794816,30
8804136,motor_external,random,1,0.13,fixed,1,29,30,1,1,1,motor_external,0.004903660072469268,28,0.030585146814005433,30
8804136,motor_external,cycle,1,0.13,fixed,1,29,30,1,1,1,motor_external,0.0016974750678519957,30,0.03309962905443412,30
8804136,motor_external,adaptive,1,0.13,fixed,1,29,30,1,1,1,motor_external,0.0015683716285429827,22,0.03309125300089978,30
8804136,external_sensor,repeat,1,0.13,fixed,1,29,30,1,0,0,undetermined,1.2842798631626222,0,0.03368431183794815,30
8804136,external_sensor,random,1,0.13,fixed,1,29,30,1,1,1,external_sensor,0.004903660072469266,28,0.030585146814005423,30
8804136,external_sensor,cycle,1,0.13,fixed,1,29,30,1,1,1,external_sensor,0.0016974750678520173,30,0.033099629054434115,30
8804136,external_sensor,adaptive,1,0.13,fixed,1,29,30,1,1,1,external_sensor,0.0015683716285429875,22,0.03309125300089979,30
8804136,nonlinear,repeat,1,0.13,fixed,1,29,30,1,0,0,undetermined,1.1458381237762203,0,0.03368431183794816,30
8804136,nonlinear,random,1,0.13,fixed,1,29,30,1,0,0,unknown,0.3523217566621359,28,0.29269159275263884,30
8804136,nonlinear,cycle,1,0.13,fixed,1,29,30,1,0,0,unknown,0.33589747506785195,30,0.34970880100990376,30
8804136,nonlinear,adaptive,1,0.13,fixed,1,29,30,1,0,0,unknown,0.34866692075648464,22,0.3992519983099859,30
8804183,none,repeat,1,0.13,fixed,0,33,,0,1,0,none,0.007779046086439906,0,0.0,0
8804183,none,random,1,0.13,fixed,0,33,,0,1,0,none,0.007779046086439906,33,0.0,0
8804183,none,cycle,1,0.13,fixed,0,33,,0,1,0,none,0.007779046086439906,30,0.0,0
8804183,none,adaptive,1,0.13,fixed,0,33,,0,1,0,none,0.007779046086439906,0,0.0,0
8804183,motor,repeat,1,0.13,fixed,1,33,34,1,0,0,undetermined,0.748694845449262,0,0.030356986040688778,26
8804183,motor,random,1,0.13,fixed,1,33,36,1,1,1,motor,0.0015220037803844602,33,0.027716578145810924,24
8804183,motor,cycle,1,0.13,fixed,1,33,34,1,1,1,motor,0.0032558272964518407,30,0.02734776311719869,26
8804183,motor,adaptive,1,0.13,fixed,1,33,34,1,1,1,motor,0.002961110729566274,19,0.027018616690513347,26
8804183,external,repeat,1,0.13,fixed,1,33,34,1,0,0,undetermined,0.7247033031761155,0,0.03035698604068878,26
8804183,external,random,1,0.13,fixed,1,33,34,1,1,1,external,0.0014128003905768036,33,0.02939400109586042,26
8804183,external,cycle,1,0.13,fixed,1,33,34,1,1,1,external,0.0032558272964518784,30,0.02734776311719869,26
8804183,external,adaptive,1,0.13,fixed,1,33,34,1,1,1,external,0.002961110729566256,19,0.027018616690513357,26
8804183,sensor,repeat,1,0.13,fixed,1,33,34,1,0,0,undetermined,0.7450821840984698,0,0.030356986040688785,26
8804183,sensor,random,1,0.13,fixed,1,33,34,1,1,1,sensor,0.0014128003905768045,33,0.029394001095860416,26
8804183,sensor,cycle,1,0.13,fixed,1,33,34,1,1,1,sensor,0.0032558272964518867,30,0.02734776311719869,26
8804183,sensor,adaptive,1,0.13,fixed,1,33,34,1,1,1,sensor,0.0029611107295662614,19,0.027018616690513347,26
8804183,motor_external,repeat,1,0.13,fixed,1,33,35,1,0,0,undetermined,1.5904079462172382,0,0.02764590310979071,25
8804183,motor_external,random,1,0.13,fixed,1,33,34,1,1,1,motor_external,0.001412800390576796,33,0.029394001095860413,26
8804183,motor_external,cycle,1,0.13,fixed,1,33,34,1,1,1,motor_external,0.003255827296451811,30,0.027347763117198685,26
8804183,motor_external,adaptive,1,0.13,fixed,1,33,35,1,1,1,motor_external,0.0031677188904052364,18,0.024393924975507648,25
8804183,external_sensor,repeat,1,0.13,fixed,1,33,34,1,0,0,undetermined,0.7247033031761155,0,0.03035698604068878,26
8804183,external_sensor,random,1,0.13,fixed,1,33,34,1,1,1,external_sensor,0.0014128003905768036,33,0.02939400109586042,26
8804183,external_sensor,cycle,1,0.13,fixed,1,33,34,1,1,1,external_sensor,0.0032558272964518784,30,0.02734776311719869,26
8804183,external_sensor,adaptive,1,0.13,fixed,1,33,34,1,1,1,external_sensor,0.002961110729566256,19,0.027018616690513357,26
8804183,nonlinear,repeat,1,0.13,fixed,1,33,34,1,0,0,undetermined,1.1558676900385163,0,0.03035698604068878,26
8804183,nonlinear,random,1,0.13,fixed,1,33,36,1,0,0,unknown,0.35699778128575266,33,0.3576241251646915,24
8804183,nonlinear,cycle,1,0.13,fixed,1,33,34,1,0,0,unknown,0.33701543467298023,30,0.36184736988514526,26
8804183,nonlinear,adaptive,1,0.13,fixed,1,33,34,1,0,0,unknown,0.352318918766334,19,0.3746968289917847,26
8804230,none,repeat,1,0.13,fixed,0,28,,0,1,0,none,0.00849154706259986,0,0.0,0
8804230,none,random,1,0.13,fixed,0,28,,0,1,0,none,0.00849154706259986,32,0.0,0
8804230,none,cycle,1,0.13,fixed,0,28,,0,1,0,none,0.00849154706259986,30,0.0,0
8804230,none,adaptive,1,0.13,fixed,0,28,,0,1,0,none,0.00849154706259986,0,0.0,0
8804230,motor,repeat,1,0.13,fixed,1,28,29,1,0,0,undetermined,0.7492811647033361,0,0.030442185645041964,31
8804230,motor,random,1,0.13,fixed,1,28,30,1,1,1,motor,0.0017139916372065057,32,0.02966205317267514,30
8804230,motor,cycle,1,0.13,fixed,1,28,29,1,1,1,motor,0.0016501638868809472,30,0.02878680784495416,31
8804230,motor,adaptive,1,0.13,fixed,1,28,29,1,1,1,motor,0.0007377084188174376,23,0.02953712515350047,31
8804230,external,repeat,1,0.13,fixed,1,28,29,1,0,0,undetermined,1.6167781347282841,0,0.03044218564504196,31
8804230,external,random,1,0.13,fixed,1,28,29,1,1,1,external,0.0017822024993737738,32,0.02873564658184701,31
8804230,external,cycle,1,0.13,fixed,1,28,29,1,1,1,external,0.0016501638868809299,30,0.028786807844954156,31
8804230,external,adaptive,1,0.13,fixed,1,28,29,1,1,1,external,0.0007377084188174201,23,0.02953712515350047,31
8804230,sensor,repeat,1,0.13,fixed,1,28,29,1,0,0,undetermined,0.7489650285823839,0,0.030442185645041957,31
8804230,sensor,random,1,0.13,fixed,1,28,29,1,1,1,sensor,0.0017822024993737738,32,0.028735646581847008,31
8804230,sensor,cycle,1,0.13,fixed,1,28,29,1,1,1,sensor,0.0016501638868809218,30,0.028786807844954156,31
8804230,sensor,adaptive,1,0.13,fixed,1,28,29,1,1,1,sensor,0.0007377084188174181,23,0.029537125153500474,31
8804230,motor_external,repeat,1,0.13,fixed,1,28,29,1,0,0,undetermined,1.2644299682364672,0,0.03044218564504196,31
8804230,motor_external,random,1,0.13,fixed,1,28,29,1,1,1,motor_external,0.0017822024993737664,32,0.028735646581847008,31
8804230,motor_external,cycle,1,0.13,fixed,1,28,29,1,1,1,motor_external,0.0016501638868809457,30,0.02878680784495416,31
8804230,motor_external,adaptive,1,0.13,fixed,1,28,29,1,1,1,motor_external,0.0007377084188174413,23,0.029537125153500474,31
8804230,external_sensor,repeat,1,0.13,fixed,1,28,29,1,0,0,undetermined,1.6167781347282841,0,0.03044218564504196,31
8804230,external_sensor,random,1,0.13,fixed,1,28,29,1,1,1,external_sensor,0.0017822024993737738,32,0.02873564658184701,31
8804230,external_sensor,cycle,1,0.13,fixed,1,28,29,1,1,1,external_sensor,0.0016501638868809299,30,0.028786807844954156,31
8804230,external_sensor,adaptive,1,0.13,fixed,1,28,29,1,1,1,external_sensor,0.0007377084188174201,23,0.02953712515350047,31
8804230,nonlinear,repeat,1,0.13,fixed,1,28,29,1,0,0,undetermined,0.9811230040264111,0,0.03044218564504196,31
8804230,nonlinear,random,1,0.13,fixed,1,28,31,1,0,0,unknown,0.35305775566658343,32,0.34128051867977205,29
8804230,nonlinear,cycle,1,0.13,fixed,1,28,29,1,0,0,unknown,0.337083181908535,30,0.32886631841390385,31
8804230,nonlinear,adaptive,1,0.13,fixed,1,28,29,1,0,0,unknown,0.3508715358872318,23,0.4305735525779069,31
8804277,none,repeat,1,0.13,fixed,0,31,,0,1,0,none,0.0019371011207159241,0,0.0,0
8804277,none,random,1,0.13,fixed,0,31,,0,1,0,none,0.0019371011207159241,32,0.0,0
8804277,none,cycle,1,0.13,fixed,0,31,,0,1,0,none,0.0019371011207159241,30,0.0,0
8804277,none,adaptive,1,0.13,fixed,0,31,,0,1,0,none,0.0019371011207159241,0,0.0,0
8804277,motor,repeat,1,0.13,fixed,1,31,32,1,0,0,undetermined,0.7515157641074136,0,0.03662784484721956,28
8804277,motor,random,1,0.13,fixed,1,31,32,1,1,1,motor,0.0024865472153466233,32,0.035253389304571336,28
8804277,motor,cycle,1,0.13,fixed,1,31,33,1,1,1,motor,0.0017261468606499877,30,0.03652158029268431,27
8804277,motor,adaptive,1,0.13,fixed,1,31,32,1,1,1,motor,0.0008920684005679776,21,0.03617770176533098,28
8804277,external,repeat,1,0.13,fixed,1,31,32,1,0,0,undetermined,1.5974172571728968,0,0.03662784484721957,28
8804277,external,random,1,0.13,fixed,1,31,32,1,1,1,external,0.0024865472153465925,32,0.035253389304571336,28
8804277,external,cycle,1,0.13,fixed,1,31,32,1,1,1,external,0.0015353342101128388,30,0.03557764862900963,28
8804277,external,adaptive,1,0.13,fixed,1,31,32,1,1,1,external,0.000892068400567963,21,0.036177701765330986,28
8804277,sensor,repeat,1,0.13,fixed,1,31,32,1,0,0,undetermined,0.7569764762543884,0,0.03662784484721956,28
8804277,sensor,random,1,0.13,fixed,1,31,32,1,1,1,sensor,0.0024865472153466138,32,0.03525338930457133,28
8804277,sensor,cycle,1,0.13,fixed,1,31,32,1,1,1,sensor,0.0015353342101128362,30,0.03557764862900963,28
8804277,sensor,adaptive,1,0.13,fixed,1,31,32,1,1,1,sensor,0.0008920684005679759,21,0.036177701765330986,28
8804277,motor_external,repeat,1,0.13,fixed,1,31,32,1,0,0,undetermined,1.3463616991603993,0,0.03662784484721957,28
8804277,motor_external,random,1,0.13,fixed,1,31,32,1,1,1,motor_external,0.0024865472153466094,32,0.03525338930457134,28
8804277,motor_external,cycle,1,0.13,fixed,1,31,32,1,1,1,motor_external,0.0015353342101128496,30,0.03557764862900964,28
8804277,motor_external,adaptive,1,0.13,fixed,1,31,32,1,1,1,motor_external,0.0008920684005679624,21,0.036177701765330986,28
8804277,external_sensor,repeat,1,0.13,fixed,1,31,32,1,0,0,undetermined,1.5974172571728968,0,0.03662784484721957,28
8804277,external_sensor,random,1,0.13,fixed,1,31,32,1,1,1,external_sensor,0.0024865472153465925,32,0.035253389304571336,28
8804277,external_sensor,cycle,1,0.13,fixed,1,31,32,1,1,1,external_sensor,0.0015353342101128388,30,0.03557764862900963,28
8804277,external_sensor,adaptive,1,0.13,fixed,1,31,32,1,1,1,external_sensor,0.000892068400567963,21,0.036177701765330986,28
8804277,nonlinear,repeat,1,0.13,fixed,1,31,32,1,0,0,undetermined,1.5539259812543957,0,0.03662784484721957,28
8804277,nonlinear,random,1,0.13,fixed,1,31,32,1,0,0,unknown,0.36665530593927165,32,0.3291318534667627,28
8804277,nonlinear,cycle,1,0.13,fixed,1,31,33,1,0,0,unknown,0.3408343317302468,30,0.3534187577865031,27
8804277,nonlinear,adaptive,1,0.13,fixed,1,31,32,1,0,0,unknown,0.34500619781215525,21,0.3842406229753559,28
8804324,none,repeat,1,0.13,fixed,0,30,,0,1,0,none,0.0024070828560467045,0,0.0,0
8804324,none,random,1,0.13,fixed,0,30,,0,1,0,none,0.0024070828560467045,27,0.0,0
8804324,none,cycle,1,0.13,fixed,0,30,,0,1,0,none,0.0024070828560467045,30,0.0,0
8804324,none,adaptive,1,0.13,fixed,0,30,,0,1,0,none,0.0024070828560467045,0,0.0,0
8804324,motor,repeat,1,0.13,fixed,1,30,31,1,0,0,undetermined,0.7601012207736456,0,0.04182993111754223,29
8804324,motor,random,1,0.13,fixed,1,30,33,1,1,1,motor,0.0012357140524227599,27,0.035746608625944726,27
8804324,motor,cycle,1,0.13,fixed,1,30,32,1,1,1,motor,0.0022609363170995643,30,0.035945132511421576,28
8804324,motor,adaptive,1,0.13,fixed,1,30,31,1,1,1,motor,0.002426256728933413,21,0.04039756174133195,29
8804324,external,repeat,1,0.13,fixed,1,30,32,1,0,0,undetermined,0.7338977166818462,0,0.037867086243806324,28
8804324,external,random,1,0.13,fixed,1,30,32,1,1,1,external,0.0025342968981443203,27,0.036562549516461436,28
8804324,external,cycle,1,0.13,fixed,1,30,32,1,1,1,external,0.002260936317099576,30,0.03594513251142158,28
8804324,external,adaptive,1,0.13,fixed,1,30,32,1,1,1,external,0.0010685774790310343,21,0.03712970163494294,28
8804324,sensor,repeat,1,0.13,fixed,1,30,31,1,0,0,undetermined,0.7459856066288992,0,0.04182993111754222,29
8804324,sensor,random,1,0.13,fixed,1,30,31,1,1,1,sensor,0.004252959315306793,27,0.04023171690674755,29
8804324,sensor,cycle,1,0.13,fixed,1,30,31,1,1,1,sensor,0.0030253669982451435,30,0.03998269500139522,29
8804324,sensor,adaptive,1,0.13,fixed,1,30,31,1,1,1,sensor,0.002426256728933404,21,0.04039756174133195,29
8804324,motor_external,repeat,1,0.13,fixed,1,30,31,1,0,0,undetermined,1.6053450947496155,0,0.04182993111754222,29
8804324,motor_external,random,1,0.13,fixed,1,30,32,1,1,1,motor_external,0.002534296898144306,27,0.036562549516461436,28
8804324,motor_external,cycle,1,0.13,fixed,1,30,32,1,1,1,motor_external,0.0022609363170995695,30,0.03594513251142158,28
8804324,motor_external,adaptive,1,0.13,fixed,1,30,31,1,1,1,motor_external,0.0024262567289334075,21,0.04039756174133196,29
8804324,external_sensor,repeat,1,0.13,fixed,1,30,31,1,0,0,undetermined,0.7357494688547022,0,0.04182993111754223,29
8804324,external_sensor,random,1,0.13,fixed,1,30,31,1,1,1,external_sensor,0.004252959315306796,27,0.04023171690674755,29
8804324,external_sensor,cycle,1,0.13,fixed,1,30,31,1,1,1,external_sensor,0.0030253669982451808,30,0.03998269500139522,29
8804324,external_sensor,adaptive,1,0.13,fixed,1,30,31,1,1,1,external_sensor,0.0024262567289333827,21,0.04039756174133196,29
8804324,nonlinear,repeat,1,0.13,fixed,1,30,31,1,0,0,undetermined,1.3480754080734654,0,0.04182993111754223,29
8804324,nonlinear,random,1,0.13,fixed,1,30,33,1,0,1,motor_external,0.5266795197935942,27,0.22664652323637408,27
8804324,nonlinear,cycle,1,0.13,fixed,1,30,32,1,0,0,unknown,0.3387704936833563,30,0.43123799160083326,28
8804324,nonlinear,adaptive,1,0.13,fixed,1,30,31,1,0,0,unknown,0.3593105627622514,21,0.3888719520333386,29
8804371,none,repeat,1,0.13,fixed,0,34,,0,1,0,none,0.001054331286999174,0,0.0,0
8804371,none,random,1,0.13,fixed,0,34,,0,1,0,none,0.001054331286999174,31,0.0,0
8804371,none,cycle,1,0.13,fixed,0,34,,0,1,0,none,0.001054331286999174,30,0.0,0
8804371,none,adaptive,1,0.13,fixed,0,34,,0,1,0,none,0.001054331286999174,0,0.0,0
8804371,motor,repeat,1,0.13,fixed,1,34,35,1,0,0,undetermined,0.7484489644697433,0,0.01945118781432833,25
8804371,motor,random,1,0.13,fixed,1,34,35,1,1,1,motor,0.0012424966329601084,31,0.018756058491259397,25
8804371,motor,cycle,1,0.13,fixed,1,34,35,1,1,1,motor,0.0011370481492179467,30,0.01834507823988247,25
8804371,motor,adaptive,1,0.13,fixed,1,34,35,1,1,1,motor,0.0008676620033712999,18,0.018446785314248027,25
8804371,external,repeat,1,0.13,fixed,1,34,35,1,0,0,undetermined,1.550194308781865,0,0.019451187814328325,25
8804371,external,random,1,0.13,fixed,1,34,35,1,1,1,external,0.0012424966329601102,31,0.01875605849125939,25
8804371,external,cycle,1,0.13,fixed,1,34,35,1,1,1,external,0.0011370481492179508,30,0.018345078239882465,25
8804371,external,adaptive,1,0.13,fixed,1,34,35,1,1,1,external,0.0008676620033713142,18,0.018446785314248027,25
8804371,sensor,repeat,1,0.13,fixed,1,34,35,1,0,0,undetermined,0.7505982401769333,0,0.01945118781432833,25
8804371,sensor,random,1,0.13,fixed,1,34,35,1,1,1,sensor,0.0012424966329601355,31,0.01875605849125939,25
8804371,sensor,cycle,1,0.13,fixed,1,34,35,1,1,1,sensor,0.0011370481492179465,30,0.018345078239882472,25
8804371,sensor,adaptive,1,0.13,fixed,1,34,35,1,1,1,sensor,0.0008676620033713103,18,0.018446785314248024,25
8804371,motor_external,repeat,1,0.13,fixed,1,34,35,1,0,0,undetermined,0.6701133757570699,0,0.019451187814328332,25
8804371,motor_external,random,1,0.13,fixed,1,34,35,1,1,1,motor_external,0.0012424966329601097,31,0.018756058491259393,25
8804371,motor_external,cycle,1,0.13,fixed,1,34,35,1,1,1,motor_external,0.001137048149217951,30,0.018345078239882465,25
8804371,motor_external,adaptive,1,0.13,fixed,1,34,35,1,1,1,motor_external,0.0008676620033713159,18,0.018446785314248024,25
8804371,external_sensor,repeat,1,0.13,fixed,1,34,35,1,0,0,undetermined,1.550194308781865,0,0.019451187814328325,25
8804371,external_sensor,random,1,0.13,fixed,1,34,35,1,1,1,external_sensor,0.0012424966329601102,31,0.01875605849125939,25
8804371,external_sensor,cycle,1,0.13,fixed,1,34,35,1,1,1,external_sensor,0.0011370481492179508,30,0.018345078239882465,25
8804371,external_sensor,adaptive,1,0.13,fixed,1,34,35,1,1,1,external_sensor,0.0008676620033713142,18,0.018446785314248027,25
8804371,nonlinear,repeat,1,0.13,fixed,1,34,35,1,0,0,undetermined,1.1665735415062435,0,0.019451187814328322,25
8804371,nonlinear,random,1,0.13,fixed,1,34,35,1,0,0,unknown,0.3659092296909429,31,0.34665060283835475,25
8804371,nonlinear,cycle,1,0.13,fixed,1,34,35,1,0,0,unknown,0.33533704814921783,30,0.39099985384795205,25
8804371,nonlinear,adaptive,1,0.13,fixed,1,34,35,1,0,0,unknown,0.3526796902545495,18,0.3619673572546329,25
8804418,none,repeat,1,0.13,fixed,0,29,,0,1,0,none,0.006841096155189312,0,0.0,0
8804418,none,random,1,0.13,fixed,0,29,,0,1,0,none,0.006841096155189312,36,0.0,0
8804418,none,cycle,1,0.13,fixed,0,29,,0,1,0,none,0.006841096155189312,30,0.0,0
8804418,none,adaptive,1,0.13,fixed,0,29,,0,1,0,none,0.006841096155189312,0,0.0,0
8804418,motor,repeat,1,0.13,fixed,1,29,30,1,0,0,undetermined,0.7509608148721113,0,0.028592837872131946,30
8804418,motor,random,1,0.13,fixed,1,29,30,1,1,1,motor,0.0027150271592006545,36,0.02681816840285946,30
8804418,motor,cycle,1,0.13,fixed,1,29,30,1,1,1,motor,0.001876899030926859,30,0.026989522138551807,30
8804418,motor,adaptive,1,0.13,fixed,1,29,30,1,1,1,motor,0.0029803580937543006,22,0.02521883749412744,30
8804418,external,repeat,1,0.13,fixed,1,29,30,1,0,0,undetermined,0.4299504333422674,0,0.02859283787213194,30
8804418,external,random,1,0.13,fixed,1,29,30,1,1,1,external,0.0027150271592006493,36,0.026818168402859468,30
8804418,external,cycle,1,0.13,fixed,1,29,30,1,1,1,external,0.0018768990309268722,30,0.02698952213855181,30
8804418,external,adaptive,1,0.13,fixed,1,29,30,1,1,1,external,0.0029803580937543136,22,0.025218837494127434,30
8804418,sensor,repeat,1,0.13,fixed,1,29,30,1,0,0,undetermined,0.7549818739556429,0,0.028592837872131946,30
8804418,sensor,random,1,0.13,fixed,1,29,30,1,1,1,sensor,0.002715027159200659,36,0.026818168402859464,30
8804418,sensor,cycle,1,0.13,fixed,1,29,30,1,1,1,sensor,0.001876899030926867,30,0.026989522138551807,30
8804418,sensor,adaptive,1,0.13,fixed,1,29,30,1,1,1,sensor,0.002980358093754312,22,0.025218837494127438,30
8804418,motor_external,repeat,1,0.13,fixed,1,29,30,1,0,0,undetermined,0.8512196913482883,0,0.02859283787213195,30
8804418,motor_external,random,1,0.13,fixed,1,29,30,1,1,1,motor_external,0.0027150271592006276,36,0.026818168402859468,30
8804418,motor_external,cycle,1,0.13,fixed,1,29,30,1,1,1,motor_external,0.0018768990309268566,30,0.026989522138551804,30
8804418,motor_external,adaptive,1,0.13,fixed,1,29,30,1,1,1,motor_external,0.0029803580937543014,22,0.02521883749412744,30
8804418,external_sensor,repeat,1,0.13,fixed,1,29,30,1,0,0,undetermined,0.4299504333422674,0,0.02859283787213194,30
8804418,external_sensor,random,1,0.13,fixed,1,29,30,1,1,1,external_sensor,0.0027150271592006493,36,0.026818168402859468,30
8804418,external_sensor,cycle,1,0.13,fixed,1,29,30,1,1,1,external_sensor,0.0018768990309268722,30,0.02698952213855181,30
8804418,external_sensor,adaptive,1,0.13,fixed,1,29,30,1,1,1,external_sensor,0.0029803580937543136,22,0.025218837494127434,30
8804418,nonlinear,repeat,1,0.13,fixed,1,29,30,1,0,0,undetermined,1.5505954447549717,0,0.028592837872131946,30
8804418,nonlinear,random,1,0.13,fixed,1,29,30,1,0,0,unknown,0.46897202040856767,36,0.2628143382667915,30
8804418,nonlinear,cycle,1,0.13,fixed,1,29,30,1,0,0,unknown,0.3360768990309268,30,0.3833748911961977,30
8804418,nonlinear,adaptive,1,0.13,fixed,1,29,30,1,0,0,unknown,0.3531519584380317,22,0.3707660110489989,30
8804465,none,repeat,1,0.13,fixed,0,34,,0,1,0,none,0.0082478009386662,0,0.0,0
8804465,none,random,1,0.13,fixed,0,34,,0,1,0,none,0.0082478009386662,30,0.0,0
8804465,none,cycle,1,0.13,fixed,0,34,,0,1,0,none,0.0082478009386662,30,0.0,0
8804465,none,adaptive,1,0.13,fixed,0,34,,0,1,0,none,0.0082478009386662,0,0.0,0
8804465,motor,repeat,1,0.13,fixed,1,34,35,1,0,0,undetermined,0.7599284090623253,0,0.03770739584686967,25
8804465,motor,random,1,0.13,fixed,1,34,35,1,1,1,motor,0.004744512325736519,30,0.03410523409213017,25
8804465,motor,cycle,1,0.13,fixed,1,34,35,1,1,1,motor,0.003400752433113177,30,0.03619091756621571,25
8804465,motor,adaptive,1,0.13,fixed,1,34,35,1,1,1,motor,0.0032946920494363366,18,0.036025965464317994,25
8804465,external,repeat,1,0.13,fixed,1,34,35,1,0,0,undetermined,1.6455230777447163,0,0.03770739584686967,25
8804465,external,random,1,0.13,fixed,1,34,36,1,1,1,external,0.006353202041720313,30,0.03230842158862069,24
8804465,external,cycle,1,0.13,fixed,1,34,36,1,1,1,external,0.00449532419509344,30,0.03527009568858556,24
8804465,external,adaptive,1,0.13,fixed,1,34,35,1,1,1,external,0.0032946920494363145,18,0.036025965464318,25
8804465,sensor,repeat,1,0.13,fixed,1,34,35,1,0,0,undetermined,0.7415122601140596,0,0.03770739584686967,25
8804465,sensor,random,1,0.13,fixed,1,34,35,1,1,1,sensor,0.004744512325736514,30,0.034105234092130156,25
8804465,sensor,cycle,1,0.13,fixed,1,34,35,1,1,1,sensor,0.0034007524331131737,30,0.03619091756621571,25
8804465,sensor,adaptive,1,0.13,fixed,1,34,35,1,1,1,sensor,0.003294692049436336,18,0.036025965464318,25
8804465,motor_external,repeat,1,0.13,fixed,1,34,35,1,0,0,undetermined,1.0852179629258238,0,0.037707395846869676,25
8804465,motor_external,random,1,0.13,fixed,1,34,35,1,1,1,motor_external,0.0047445123257365525,30,0.03410523409213016,25
8804465,motor_external,cycle,1,0.13,fixed,1,34,35,1,1,1,motor_external,0.003400752433113153,30,0.03619091756621571,25
8804465,motor_external,adaptive,1,0.13,fixed,1,34,35,1,1,1,motor_external,0.0032946920494363353,18,0.036025965464318,25
8804465,external_sensor,repeat,1,0.13,fixed,1,34,35,1,0,0,undetermined,1.6455230777447163,0,0.03770739584686967,25
8804465,external_sensor,random,1,0.13,fixed,1,34,35,1,1,1,external_sensor,0.004744512325736517,30,0.03410523409213016,25
8804465,external_sensor,cycle,1,0.13,fixed,1,34,35,1,1,1,external_sensor,0.0034007524331131486,30,0.03619091756621572,25
8804465,external_sensor,adaptive,1,0.13,fixed,1,34,35,1,1,1,external_sensor,0.0032946920494363145,18,0.036025965464318,25
8804465,nonlinear,repeat,1,0.13,fixed,1,34,35,1,0,0,undetermined,1.5160443725438622,0,0.03770739584686967,25
8804465,nonlinear,random,1,0.13,fixed,1,34,37,1,0,0,unknown,0.37886776948013623,30,0.3217300376463688,23
8804465,nonlinear,cycle,1,0.13,fixed,1,34,35,1,0,0,unknown,0.33760075243311316,30,0.3735964750743602,25
8804465,nonlinear,adaptive,1,0.13,fixed,1,34,35,1,0,0,unknown,0.35087485828522624,18,0.3840469549332054,25
