seed,cause,policy,reference,noise,phase,model,n_steps,mean_range_sqerr
9100001,external,random,1,0.025,counterfactual,action_blind,5,0.022198055841799774
9100001,external,random,1,0.025,counterfactual,adaptive_nonlinear,5,0.018324393291631415
9100001,external,random,1,0.025,counterfactual,knn_all,5,0.011871126303009375
9100001,external,random,1,0.025,counterfactual,knn_recent,5,0.011589301069396119
9100001,external,random,1,0.025,counterfactual,linear,5,0.041922224031285024
9100001,external,random,1,0.025,counterfactual,nonlinear,5,0.018324393291631415
9100001,external,random,1,0.025,counterfactual,zero,5,0.027920308145517197
9100001,external,random,1,0.025,early,action_blind,19,0.05639600476018034
9100001,external,random,1,0.025,early,adaptive_nonlinear,19,0.018232117184036455
9100001,external,random,1,0.025,early,knn_all,19,0.018443264125328696
9100001,external,random,1,0.025,early,knn_recent,19,0.018098034948834874
9100001,external,random,1,0.025,early,linear,19,0.03260792745755988
9100001,external,random,1,0.025,early,nonlinear,19,0.018232117184036455
9100001,external,random,1,0.025,early,zero,19,0.06450754771477209
9100001,external,random,1,0.025,late,action_blind,35,0.01405074774372658
9100001,external,random,1,0.025,late,adaptive_nonlinear,35,0.012630410575733218
9100001,external,random,1,0.025,late,knn_all,35,0.009370930430520083
9100001,external,random,1,0.025,late,knn_recent,35,0.009231066495190756
9100001,external,random,1,0.025,late,linear,35,0.03350281473761082
9100001,external,random,1,0.025,late,nonlinear,35,0.012630410575733218
9100001,external,random,1,0.025,late,zero,35,0.015279339570918116
9100001,external,random,1,0.025,pre,action_blind,35,0.04506857889722105
9100001,external,random,1,0.025,pre,adaptive_nonlinear,35,0.002440846038565097
9100001,external,random,1,0.025,pre,knn_all,35,0.002386541447427321
9100001,external,random,1,0.025,pre,knn_recent,35,0.0023994225708441237
9100001,external,random,1,0.025,pre,linear,35,0.002682831051356771
9100001,external,random,1,0.025,pre,nonlinear,35,0.002440846038565097
9100001,external,random,1,0.025,pre,zero,35,0.044284293641309085
9100001,motor,random,1,0.025,counterfactual,action_blind,5,0.1176787226621981
9100001,motor,random,1,0.025,counterfactual,adaptive_nonlinear,5,0.0103532022854748
9100001,motor,random,1,0.025,counterfactual,knn_all,5,0.008660333952717997
9100001,motor,random,1,0.025,counterfactual,knn_recent,5,0.005423787869852737
9100001,motor,random,1,0.025,counterfactual,linear,5,0.04643042239793702
9100001,motor,random,1,0.025,counterfactual,nonlinear,5,0.010458584082684078
9100001,motor,random,1,0.025,counterfactual,zero,5,0.08629421456294287
9100001,motor,random,1,0.025,early,action_blind,19,0.03907316981204831
9100001,motor,random,1,0.025,early,adaptive_nonlinear,19,0.034519044645954296
9100001,motor,random,1,0.025,early,knn_all,19,0.04140141104820444
9100001,motor,random,1,0.025,early,knn_recent,19,0.03191250499165945
9100001,motor,random,1,0.025,early,linear,19,0.04634129489821718
9100001,motor,random,1,0.025,early,nonlinear,19,0.042556068977752604
9100001,motor,random,1,0.025,early,zero,19,0.03827717426313224
9100001,motor,random,1,0.025,late,action_blind,35,0.06989771325206753
9100001,motor,random,1,0.025,late,adaptive_nonlinear,35,0.008520374992462016
9100001,motor,random,1,0.025,late,knn_all,35,0.007012603821777968
9100001,motor,random,1,0.025,late,knn_recent,35,0.005795682360281626
9100001,motor,random,1,0.025,late,linear,35,0.031878534090464275
9100001,motor,random,1,0.025,late,nonlinear,35,0.010173124224774179
9100001,motor,random,1,0.025,late,zero,35,0.06317504506857227
9100001,motor,random,1,0.025,pre,action_blind,35,0.04506857889722105
9100001,motor,random,1,0.025,pre,adaptive_nonlinear,35,0.002440846038565097
9100001,motor,random,1,0.025,pre,knn_all,35,0.002386541447427321
9100001,motor,random,1,0.025,pre,knn_recent,35,0.0023994225708441237
9100001,motor,random,1,0.025,pre,linear,35,0.002682831051356771
9100001,motor,random,1,0.025,pre,nonlinear,35,0.002440846038565097
9100001,motor,random,1,0.025,pre,zero,35,0.044284293641309085
9100001,motor_external,random,1,0.025,counterfactual,action_blind,5,0.0348347504582298
9100001,motor_external,random,1,0.025,counterfactual,adaptive_nonlinear,5,0.013276097550703145
9100001,motor_external,random,1,0.025,counterfactual,knn_all,5,0.008135592152445399
9100001,motor_external,random,1,0.025,counterfactual,knn_recent,5,0.008173740880030148
9100001,motor_external,random,1,0.025,counterfactual,linear,5,0.02479614592345765
9100001,motor_external,random,1,0.025,counterfactual,nonlinear,5,0.01014653709053174
9100001,motor_external,random,1,0.025,counterfactual,zero,5,0.016632037733865335
9100001,motor_external,random,1,0.025,early,action_blind,19,0.07594627831556318
9100001,motor_external,random,1,0.025,early,adaptive_nonlinear,19,0.033228671983198364
9100001,motor_external,random,1,0.025,early,knn_all,19,0.04181467675471068
9100001,motor_external,random,1,0.025,early,knn_recent,19,0.03845921291477001
9100001,motor_external,random,1,0.025,early,linear,19,0.07649394425328912
9100001,motor_external,random,1,0.025,early,nonlinear,19,0.034674623440957224
9100001,motor_external,random,1,0.025,early,zero,19,0.08188843432630484
9100001,motor_external,random,1,0.025,late,action_blind,35,0.01366159261421091
9100001,motor_external,random,1,0.025,late,adaptive_nonlinear,35,0.011628485832693875
9100001,motor_external,random,1,0.025,late,knn_all,35,0.008483369706173388
9100001,motor_external,random,1,0.025,late,knn_recent,35,0.008490108771220426
9100001,motor_external,random,1,0.025,late,linear,35,0.0216163814517142
9100001,motor_external,random,1,0.025,late,nonlinear,35,0.010728629964754462
9100001,motor_external,random,1,0.025,late,zero,35,0.015280334510683018
9100001,motor_external,random,1,0.025,pre,action_blind,35,0.04506857889722105
9100001,motor_external,random,1,0.025,pre,adaptive_nonlinear,35,0.002440846038565097
9100001,motor_external,random,1,0.025,pre,knn_all,35,0.002386541447427321
9100001,motor_external,random,1,0.025,pre,knn_recent,35,0.0023994225708441237
9100001,motor_external,random,1,0.025,pre,linear,35,0.002682831051356771
9100001,motor_external,random,1,0.025,pre,nonlinear,35,0.002440846038565097
9100001,motor_external,random,1,0.025,pre,zero,35,0.044284293641309085
9100001,none,random,1,0.025,counterfactual,action_blind,5,0.05262476600719176
9100001,none,random,1,0.025,counterfactual,adaptive_nonlinear,5,0.000754540166802831
9100001,none,random,1,0.025,counterfactual,knn_all,5,0.0010338172133320697
9100001,none,random,1,0.025,counterfactual,knn_recent,5,0.003193294799823081
9100001,none,random,1,0.025,counterfactual,linear,5,0.0018576709624571297
9100001,none,random,1,0.025,counterfactual,nonlinear,5,0.000754540166802831
9100001,none,random,1,0.025,counterfactual,zero,5,0.04986653815654075
9100001,none,random,1,0.025,early,action_blind,19,0.05648717284627568
9100001,none,random,1,0.025,early,adaptive_nonlinear,19,0.0016085859374734635
9100001,none,random,1,0.025,early,knn_all,19,0.0022430542247362205
9100001,none,random,1,0.025,early,knn_recent,19,0.002255380554205475
9100001,none,random,1,0.025,early,linear,19,0.0042427605104299795
9100001,none,random,1,0.025,early,nonlinear,19,0.0016085859374734635
9100001,none,random,1,0.025,early,zero,19,0.05454059232166609
9100001,none,random,1,0.025,late,action_blind,35,0.06353211052623597
9100001,none,random,1,0.025,late,adaptive_nonlinear,35,0.0017477068896597575
9100001,none,random,1,0.025,late,knn_all,35,0.0025433997060223808
9100001,none,random,1,0.025,late,knn_recent,35,0.002685845732296592
9100001,none,random,1,0.025,late,linear,35,0.00428928892188308
9100001,none,random,1,0.025,late,nonlinear,35,0.0017477068896597575
9100001,none,random,1,0.025,late,zero,35,0.05869665896188812
9100001,none,random,1,0.025,pre,action_blind,35,0.04506857889722105
9100001,none,random,1,0.025,pre,adaptive_nonlinear,35,0.002440846038565097
9100001,none,random,1,0.025,pre,knn_all,35,0.002386541447427321
9100001,none,random,1,0.025,pre,knn_recent,35,0.0023994225708441237
9100001,none,random,1,0.025,pre,linear,35,0.002682831051356771
9100001,none,random,1,0.025,pre,nonlinear,35,0.002440846038565097
9100001,none,random,1,0.025,pre,zero,35,0.044284293641309085
9100001,sensor,random,1,0.025,counterfactual,action_blind,5,0.0507680591862955
9100001,sensor,random,1,0.025,counterfactual,adaptive_nonlinear,5,0.0008867715197164348
9100001,sensor,random,1,0.025,counterfactual,knn_all,5,0.0026052383812449403
9100001,sensor,random,1,0.025,counterfactual,knn_recent,5,0.003193294799823081
9100001,sensor,random,1,0.025,counterfactual,linear,5,0.0019620367635908506
9100001,sensor,random,1,0.025,counterfactual,nonlinear,5,0.0008832213654819959
9100001,sensor,random,1,0.025,counterfactual,zero,5,0.04986653815654075
9100001,sensor,random,1,0.025,early,action_blind,19,0.05514725769692547
9100001,sensor,random,1,0.025,early,adaptive_nonlinear,19,0.001634212470748489
9100001,sensor,random,1,0.025,early,knn_all,19,0.002282412868180429
9100001,sensor,random,1,0.025,early,knn_recent,19,0.002361005052825698
9100001,sensor,random,1,0.025,early,linear,19,0.004300011709778587
9100001,sensor,random,1,0.025,early,nonlinear,19,0.0016117670314325966
9100001,sensor,random,1,0.025,early,zero,19,0.05454059232166609
9100001,sensor,random,1,0.025,late,action_blind,35,0.0625577408815652
9100001,sensor,random,1,0.025,late,adaptive_nonlinear,35,0.0017392166860149133
9100001,sensor,random,1,0.025,late,knn_all,35,0.0027701465113949965
9100001,sensor,random,1,0.025,late,knn_recent,35,0.002685845732296592
9100001,sensor,random,1,0.025,late,linear,35,0.004335282086065433
9100001,sensor,random,1,0.025,late,nonlinear,35,0.00174497936068098
9100001,sensor,random,1,0.025,late,zero,35,0.05869665896188812
9100001,sensor,random,1,0.025,pre,action_blind,35,0.04506857889722105
9100001,sensor,random,1,0.025,pre,adaptive_nonlinear,35,0.002440846038565097
9100001,sensor,random,1,0.025,pre,knn_all,35,0.002386541447427321
9100001,sensor,random,1,0.025,pre,knn_recent,35,0.0023994225708441237
9100001,sensor,random,1,0.025,pre,linear,35,0.002682831051356771
9100001,sensor,random,1,0.025,pre,nonlinear,35,0.002440846038565097
9100001,sensor,random,1,0.025,pre,zero,35,0.044284293641309085
9100001,unknown_nonlinear,random,1,0.025,counterfactual,action_blind,5,0.031895969254129214
9100001,unknown_nonlinear,random,1,0.025,counterfactual,adaptive_nonlinear,5,0.004706650674063538
9100001,unknown_nonlinear,random,1,0.025,counterfactual,knn_all,5,0.0062576162016662
9100001,unknown_nonlinear,random,1,0.025,counterfactual,knn_recent,5,0.008325782523612395
9100001,unknown_nonlinear,random,1,0.025,counterfactual,linear,5,0.00978276964503451
9100001,unknown_nonlinear,random,1,0.025,counterfactual,nonlinear,5,0.004706650674063538
9100001,unknown_nonlinear,random,1,0.025,counterfactual,zero,5,0.03216580757372043
9100001,unknown_nonlinear,random,1,0.025,early,action_blind,19,0.0539692106773618
9100001,unknown_nonlinear,random,1,0.025,early,adaptive_nonlinear,19,0.006332112008596498
9100001,unknown_nonlinear,random,1,0.025,early,knn_all,19,0.004923725919370851
9100001,unknown_nonlinear,random,1,0.025,early,knn_recent,19,0.004694519687684957
9100001,unknown_nonlinear,random,1,0.025,early,linear,19,0.008098042795545478
9100001,unknown_nonlinear,random,1,0.025,early,nonlinear,19,0.006332112008596498
9100001,unknown_nonlinear,random,1,0.025,early,zero,19,0.048110195350496376
9100001,unknown_nonlinear,random,1,0.025,late,action_blind,35,0.0364324576400235
9100001,unknown_nonlinear,random,1,0.025,late,adaptive_nonlinear,35,0.0028079192417036452
9100001,unknown_nonlinear,random,1,0.025,late,knn_all,35,0.002804136399687581
9100001,unknown_nonlinear,random,1,0.025,late,knn_recent,35,0.0036975355370647213
9100001,unknown_nonlinear,random,1,0.025,late,linear,35,0.004453203810332611
9100001,unknown_nonlinear,random,1,0.025,late,nonlinear,35,0.0028079192417036452
9100001,unknown_nonlinear,random,1,0.025,late,zero,35,0.0355310121832297
9100001,unknown_nonlinear,random,1,0.025,pre,action_blind,35,0.04506857889722105
9100001,unknown_nonlinear,random,1,0.025,pre,adaptive_nonlinear,35,0.002440846038565097
9100001,unknown_nonlinear,random,1,0.025,pre,knn_all,35,0.002386541447427321
9100001,unknown_nonlinear,random,1,0.025,pre,knn_recent,35,0.0023994225708441237
9100001,unknown_nonlinear,random,1,0.025,pre,linear,35,0.002682831051356771
9100001,unknown_nonlinear,random,1,0.025,pre,nonlinear,35,0.002440846038565097
9100001,unknown_nonlinear,random,1,0.025,pre,zero,35,0.044284293641309085
9100102,external,random,1,0.025,counterfactual,action_blind,5,0.060558373871399375
9100102,external,random,1,0.025,counterfactual,adaptive_nonlinear,5,0.01820079133703315
9100102,external,random,1,0.025,counterfactual,knn_all,5,0.0159846619014999
9100102,external,random,1,0.025,counterfactual,knn_recent,5,0.015758458594415554
9100102,external,random,1,0.025,counterfactual,linear,5,0.05630682753405969
9100102,external,random,1,0.025,counterfactual,nonlinear,5,0.017278653172931764
9100102,external,random,1,0.025,counterfactual,zero,5,0.07089669916002281
9100102,external,random,1,0.025,early,action_blind,19,0.08923392748337054
9100102,external,random,1,0.025,early,adaptive_nonlinear,19,0.01929118109298357
9100102,external,random,1,0.025,early,knn_all,19,0.02120425707525034
9100102,external,random,1,0.025,early,knn_recent,19,0.0187690424456438
9100102,external,random,1,0.025,early,linear,19,0.0251455236027252
9100102,external,random,1,0.025,early,nonlinear,19,0.01929118109298357
9100102,external,random,1,0.025,early,zero,19,0.08545453455458447
9100102,external,random,1,0.025,late,action_blind,35,0.045023921987257444
9100102,external,random,1,0.025,late,adaptive_nonlinear,35,0.017096232660158087
9100102,external,random,1,0.025,late,knn_all,35,0.012367127193741192
9100102,external,random,1,0.025,late,knn_recent,35,0.012462631793294267
9100102,external,random,1,0.025,late,linear,35,0.03512027663019428
9100102,external,random,1,0.025,late,nonlinear,35,0.017529209781128905
9100102,external,random,1,0.025,late,zero,35,0.04483490391049358
9100102,external,random,1,0.025,pre,action_blind,35,0.0709391919804095
9100102,external,random,1,0.025,pre,adaptive_nonlinear,35,0.0018489321275426426
9100102,external,random,1,0.025,pre,knn_all,35,0.0023229143081031156
9100102,external,random,1,0.025,pre,knn_recent,35,0.0023593546615664177
9100102,external,random,1,0.025,pre,linear,35,0.003106231831084013
9100102,external,random,1,0.025,pre,nonlinear,35,0.0018489321275426426
9100102,external,random,1,0.025,pre,zero,35,0.06905044968025091
9100102,motor,random,1,0.025,counterfactual,action_blind,5,0.08309824557530981
9100102,motor,random,1,0.025,counterfactual,adaptive_nonlinear,5,0.005001529448869617
9100102,motor,random,1,0.025,counterfactual,knn_all,5,0.0037346959826805868
9100102,motor,random,1,0.025,counterfactual,knn_recent,5,0.003966785941230585
9100102,motor,random,1,0.025,counterfactual,linear,5,0.04972590996410186
9100102,motor,random,1,0.025,counterfactual,nonlinear,5,0.006239543309840051
9100102,motor,random,1,0.025,counterfactual,zero,5,0.07947560172804337
9100102,motor,random,1,0.025,early,action_blind,19,0.09045027638709816
9100102,motor,random,1,0.025,early,adaptive_nonlinear,19,0.019182027821901027
9100102,motor,random,1,0.025,early,knn_all,19,0.02077547998967671
9100102,motor,random,1,0.025,early,knn_recent,19,0.02033515934040579
9100102,motor,random,1,0.025,early,linear,19,0.10007587317970124
9100102,motor,random,1,0.025,early,nonlinear,19,0.022780956316719645
9100102,motor,random,1,0.025,early,zero,19,0.08824504037972263
9100102,motor,random,1,0.025,late,action_blind,35,0.0718315260716292
9100102,motor,random,1,0.025,late,adaptive_nonlinear,35,0.006149164061500177
9100102,motor,random,1,0.025,late,knn_all,35,0.0034384519891846855
9100102,motor,random,1,0.025,late,knn_recent,35,0.0034067659222609555
9100102,motor,random,1,0.025,late,linear,35,0.032001792584668766
9100102,motor,random,1,0.025,late,nonlinear,35,0.007891628173358062
9100102,motor,random,1,0.025,late,zero,35,0.06690658631069184
9100102,motor,random,1,0.025,pre,action_blind,35,0.0709391919804095
9100102,motor,random,1,0.025,pre,adaptive_nonlinear,35,0.0018489321275426426
9100102,motor,random,1,0.025,pre,knn_all,35,0.0023229143081031156
9100102,motor,random,1,0.025,pre,knn_recent,35,0.0023593546615664177
9100102,motor,random,1,0.025,pre,linear,35,0.003106231831084013
9100102,motor,random,1,0.025,pre,nonlinear,35,0.0018489321275426426
9100102,motor,random,1,0.025,pre,zero,35,0.06905044968025091
9100102,motor_external,random,1,0.025,counterfactual,action_blind,5,0.07629406478455387
9100102,motor_external,random,1,0.025,counterfactual,adaptive_nonlinear,5,0.03496628627101832
9100102,motor_external,random,1,0.025,counterfactual,knn_all,5,0.02228011785576663
9100102,motor_external,random,1,0.025,counterfactual,knn_recent,5,0.024948428232012154
9100102,motor_external,random,1,0.025,counterfactual,linear,5,0.04597085704742034
9100102,motor_external,random,1,0.025,counterfactual,nonlinear,5,0.043968106231915494
9100102,motor_external,random,1,0.025,counterfactual,zero,5,0.04854703270322629
9100102,motor_external,random,1,0.025,early,action_blind,19,0.0874561666322176
9100102,motor_external,random,1,0.025,early,adaptive_nonlinear,19,0.0858082152511811
9100102,motor_external,random,1,0.025,early,knn_all,19,0.12464007734895613
9100102,motor_external,random,1,0.025,early,knn_recent,19,0.08693727083602354
9100102,motor_external,random,1,0.025,early,linear,19,0.10306246711846372
9100102,motor_external,random,1,0.025,early,nonlinear,19,0.11932221931444864
9100102,motor_external,random,1,0.025,early,zero,19,0.08545666275374522
9100102,motor_external,random,1,0.025,late,action_blind,35,0.05867338808772745
9100102,motor_external,random,1,0.025,late,adaptive_nonlinear,35,0.014133098880185685
9100102,motor_external,random,1,0.025,late,knn_all,35,0.012095758211362358
9100102,motor_external,random,1,0.025,late,knn_recent,35,0.012384930544729077
9100102,motor_external,random,1,0.025,late,linear,35,0.046094439620031104
9100102,motor_external,random,1,0.025,late,nonlinear,35,0.01895780080503039
9100102,motor_external,random,1,0.025,late,zero,35,0.060333441527305735
9100102,motor_external,random,1,0.025,pre,action_blind,35,0.0709391919804095
9100102,motor_external,random,1,0.025,pre,adaptive_nonlinear,35,0.0018489321275426426
9100102,motor_external,random,1,0.025,pre,knn_all,35,0.0023229143081031156
9100102,motor_external,random,1,0.025,pre,knn_recent,35,0.0023593546615664177
9100102,motor_external,random,1,0.025,pre,linear,35,0.003106231831084013
9100102,motor_external,random,1,0.025,pre,nonlinear,35,0.0018489321275426426
9100102,motor_external,random,1,0.025,pre,zero,35,0.06905044968025091
9100102,none,random,1,0.025,counterfactual,action_blind,5,0.06021911580112573
9100102,none,random,1,0.025,counterfactual,adaptive_nonlinear,5,0.002000089655017701
9100102,none,random,1,0.025,counterfactual,knn_all,5,0.0022204764268734
9100102,none,random,1,0.025,counterfactual,knn_recent,5,0.0029121966542437288
9100102,none,random,1,0.025,counterfactual,linear,5,0.004467149599236058
9100102,none,random,1,0.025,counterfactual,nonlinear,5,0.002000089655017701
9100102,none,random,1,0.025,counterfactual,zero,5,0.05377650998354923
9100102,none,random,1,0.025,early,action_blind,19,0.08722219840779975
9100102,none,random,1,0.025,early,adaptive_nonlinear,19,0.0021872038267306657
9100102,none,random,1,0.025,early,knn_all,19,0.002241463765618792
9100102,none,random,1,0.025,early,knn_recent,19,0.0025983611437852988
9100102,none,random,1,0.025,early,linear,19,0.004556423793851316
9100102,none,random,1,0.025,early,nonlinear,19,0.0021872038267306657
9100102,none,random,1,0.025,early,zero,19,0.08958611016307545
9100102,none,random,1,0.025,late,action_blind,35,0.05923973717933114
9100102,none,random,1,0.025,late,adaptive_nonlinear,35,0.0014109137812257956
9100102,none,random,1,0.025,late,knn_all,35,0.0017295862875619447
9100102,none,random,1,0.025,late,knn_recent,35,0.0022682921416704617
9100102,none,random,1,0.025,late,linear,35,0.0038352441434952194
9100102,none,random,1,0.025,late,nonlinear,35,0.0014109137812257956
9100102,none,random,1,0.025,late,zero,35,0.05716553039640119
9100102,none,random,1,0.025,pre,action_blind,35,0.0709391919804095
9100102,none,random,1,0.025,pre,adaptive_nonlinear,35,0.0018489321275426426
9100102,none,random,1,0.025,pre,knn_all,35,0.0023229143081031156
9100102,none,random,1,0.025,pre,knn_recent,35,0.0023593546615664177
9100102,none,random,1,0.025,pre,linear,35,0.003106231831084013
9100102,none,random,1,0.025,pre,nonlinear,35,0.0018489321275426426
9100102,none,random,1,0.025,pre,zero,35,0.06905044968025091
9100102,sensor,random,1,0.025,counterfactual,action_blind,5,0.05704996470341084
9100102,sensor,random,1,0.025,counterfactual,adaptive_nonlinear,5,0.0026112878242168106
9100102,sensor,random,1,0.025,counterfactual,knn_all,5,0.00212306853903663
9100102,sensor,random,1,0.025,counterfactual,knn_recent,5,0.0029121966542437288
9100102,sensor,random,1,0.025,counterfactual,linear,5,0.004363117356775609
9100102,sensor,random,1,0.025,counterfactual,nonlinear,5,0.002589438176864352
9100102,sensor,random,1,0.025,counterfactual,zero,5,0.05377650998354923
9100102,sensor,random,1,0.025,early,action_blind,19,0.08825983669684069
9100102,sensor,random,1,0.025,early,adaptive_nonlinear,19,0.003120096951983292
9100102,sensor,random,1,0.025,early,knn_all,19,0.0030353072153108474
9100102,sensor,random,1,0.025,early,knn_recent,19,0.0035099057692318217
9100102,sensor,random,1,0.025,early,linear,19,0.00476441152352867
9100102,sensor,random,1,0.025,early,nonlinear,19,0.0030918801857714837
9100102,sensor,random,1,0.025,early,zero,19,0.08958611016307545
9100102,sensor,random,1,0.025,late,action_blind,35,0.0577280324683478
9100102,sensor,random,1,0.025,late,adaptive_nonlinear,35,0.001537099773278117
9100102,sensor,random,1,0.025,late,knn_all,35,0.001733253878004367
9100102,sensor,random,1,0.025,late,knn_recent,35,0.0022682921416704617
9100102,sensor,random,1,0.025,late,linear,35,0.0038613591856713654
9100102,sensor,random,1,0.025,late,nonlinear,35,0.001525098730834368
9100102,sensor,random,1,0.025,late,zero,35,0.05716553039640119
9100102,sensor,random,1,0.025,pre,action_blind,35,0.0709391919804095
9100102,sensor,random,1,0.025,pre,adaptive_nonlinear,35,0.0018489321275426426
9100102,sensor,random,1,0.025,pre,knn_all,35,0.0023229143081031156
9100102,sensor,random,1,0.025,pre,knn_recent,35,0.0023593546615664177
9100102,sensor,random,1,0.025,pre,linear,35,0.003106231831084013
9100102,sensor,random,1,0.025,pre,nonlinear,35,0.0018489321275426426
9100102,sensor,random,1,0.025,pre,zero,35,0.06905044968025091
9100102,unknown_nonlinear,random,1,0.025,counterfactual,action_blind,5,0.08873785652997843
9100102,unknown_nonlinear,random,1,0.025,counterfactual,adaptive_nonlinear,5,0.004178857543638676
9100102,unknown_nonlinear,random,1,0.025,counterfactual,knn_all,5,0.003330293080525412
9100102,unknown_nonlinear,random,1,0.025,counterfactual,knn_recent,5,0.002924403651881655
9100102,unknown_nonlinear,random,1,0.025,counterfactual,linear,5,0.00475015589061472
9100102,unknown_nonlinear,random,1,0.025,counterfactual,nonlinear,5,0.004178857543638676
9100102,unknown_nonlinear,random,1,0.025,counterfactual,zero,5,0.08767768867489063
9100102,unknown_nonlinear,random,1,0.025,early,action_blind,19,0.08384317540882917
9100102,unknown_nonlinear,random,1,0.025,early,adaptive_nonlinear,19,0.007983925252830013
9100102,unknown_nonlinear,random,1,0.025,early,knn_all,19,0.005655041978968325
9100102,unknown_nonlinear,random,1,0.025,early,knn_recent,19,0.005693537214593088
9100102,unknown_nonlinear,random,1,0.025,early,linear,19,0.012510377876025864
9100102,unknown_nonlinear,random,1,0.025,early,nonlinear,19,0.007983925252830013
9100102,unknown_nonlinear,random,1,0.025,early,zero,19,0.08262764658323493
9100102,unknown_nonlinear,random,1,0.025,late,action_blind,35,0.09166898252561868
9100102,unknown_nonlinear,random,1,0.025,late,adaptive_nonlinear,35,0.006317370799922714
9100102,unknown_nonlinear,random,1,0.025,late,knn_all,35,0.004590190508676032
9100102,unknown_nonlinear,random,1,0.025,late,knn_recent,35,0.0035510571791004487
9100102,unknown_nonlinear,random,1,0.025,late,linear,35,0.007445146939932523
9100102,unknown_nonlinear,random,1,0.025,late,nonlinear,35,0.006317370799922714
9100102,unknown_nonlinear,random,1,0.025,late,zero,35,0.0945371444682357
9100102,unknown_nonlinear,random,1,0.025,pre,action_blind,35,0.0709391919804095
9100102,unknown_nonlinear,random,1,0.025,pre,adaptive_nonlinear,35,0.0018489321275426426
9100102,unknown_nonlinear,random,1,0.025,pre,knn_all,35,0.0023229143081031156
9100102,unknown_nonlinear,random,1,0.025,pre,knn_recent,35,0.0023593546615664177
9100102,unknown_nonlinear,random,1,0.025,pre,linear,35,0.003106231831084013
9100102,unknown_nonlinear,random,1,0.025,pre,nonlinear,35,0.0018489321275426426
9100102,unknown_nonlinear,random,1,0.025,pre,zero,35,0.06905044968025091
9100203,external,random,1,0.025,counterfactual,action_blind,5,0.022980589143930034
9100203,external,random,1,0.025,counterfactual,adaptive_nonlinear,5,0.003775862791886139
9100203,external,random,1,0.025,counterfactual,knn_all,5,0.0030473758344590754
9100203,external,random,1,0.025,counterfactual,knn_recent,5,0.003137377585309515
9100203,external,random,1,0.025,counterfactual,linear,5,0.030011636561580755
9100203,external,random,1,0.025,counterfactual,nonlinear,5,0.003775862791886139
9100203,external,random,1,0.025,counterfactual,zero,5,0.030260593449714063
9100203,external,random,1,0.025,early,action_blind,19,0.040265548862158586
9100203,external,random,1,0.025,early,adaptive_nonlinear,19,0.015823215614280132
9100203,external,random,1,0.025,early,knn_all,19,0.015051335907474359
9100203,external,random,1,0.025,early,knn_recent,19,0.01461477807158595
9100203,external,random,1,0.025,early,linear,19,0.038059607728117534
9100203,external,random,1,0.025,early,nonlinear,19,0.015823215614280132
9100203,external,random,1,0.025,early,zero,19,0.04861539531458452
9100203,external,random,1,0.025,late,action_blind,35,0.013992240848596736
9100203,external,random,1,0.025,late,adaptive_nonlinear,35,0.009451070954618696
9100203,external,random,1,0.025,late,knn_all,35,0.006931092257179634
9100203,external,random,1,0.025,late,knn_recent,35,0.006947962998569764
9100203,external,random,1,0.025,late,linear,35,0.021121250327783978
9100203,external,random,1,0.025,late,nonlinear,35,0.009451070954618696
9100203,external,random,1,0.025,late,zero,35,0.013593247246768447
9100203,external,random,1,0.025,pre,action_blind,35,0.0472509632745516
9100203,external,random,1,0.025,pre,adaptive_nonlinear,35,0.002324379975579156
9100203,external,random,1,0.025,pre,knn_all,35,0.0027906794466396063
9100203,external,random,1,0.025,pre,knn_recent,35,0.002966909064179216
9100203,external,random,1,0.025,pre,linear,35,0.004020133193180844
9100203,external,random,1,0.025,pre,nonlinear,35,0.002324379975579156
9100203,external,random,1,0.025,pre,zero,35,0.04749133062259405
9100203,motor,random,1,0.025,counterfactual,action_blind,5,0.05078837353872515
9100203,motor,random,1,0.025,counterfactual,adaptive_nonlinear,5,0.006642824301445143
9100203,motor,random,1,0.025,counterfactual,knn_all,5,0.0049573832791080545
9100203,motor,random,1,0.025,counterfactual,knn_recent,5,0.004974932982718877
9100203,motor,random,1,0.025,counterfactual,linear,5,0.030687443205093874
9100203,motor,random,1,0.025,counterfactual,nonlinear,5,0.006642824301445143
9100203,motor,random,1,0.025,counterfactual,zero,5,0.05199329927962244
9100203,motor,random,1,0.025,early,action_blind,19,0.045190078825199764
9100203,motor,random,1,0.025,early,adaptive_nonlinear,19,0.008555239248555009
9100203,motor,random,1,0.025,early,knn_all,19,0.009333220546742632
9100203,motor,random,1,0.025,early,knn_recent,19,0.00892445731545101
9100203,motor,random,1,0.025,early,linear,19,0.05664926114109027
9100203,motor,random,1,0.025,early,nonlinear,19,0.008555239248555009
9100203,motor,random,1,0.025,early,zero,19,0.043457314344737874
9100203,motor,random,1,0.025,late,action_blind,35,0.035695200069897313
9100203,motor,random,1,0.025,late,adaptive_nonlinear,35,0.008432448221346143
9100203,motor,random,1,0.025,late,knn_all,35,0.004607791914653765
9100203,motor,random,1,0.025,late,knn_recent,35,0.0046226568914899315
9100203,motor,random,1,0.025,late,linear,35,0.020098070750687154
9100203,motor,random,1,0.025,late,nonlinear,35,0.008432448221346143
9100203,motor,random,1,0.025,late,zero,35,0.03603072785317847
9100203,motor,random,1,0.025,pre,action_blind,35,0.0472509632745516
9100203,motor,random,1,0.025,pre,adaptive_nonlinear,35,0.002324379975579156
9100203,motor,random,1,0.025,pre,knn_all,35,0.0027906794466396063
9100203,motor,random,1,0.025,pre,knn_recent,35,0.002966909064179216
9100203,motor,random,1,0.025,pre,linear,35,0.004020133193180844
9100203,motor,random,1,0.025,pre,nonlinear,35,0.002324379975579156
9100203,motor,random,1,0.025,pre,zero,35,0.04749133062259405
9100203,motor_external,random,1,0.025,counterfactual,action_blind,5,0.004019539741270108
9100203,motor_external,random,1,0.025,counterfactual,adaptive_nonlinear,5,0.018837440073722348
9100203,motor_external,random,1,0.025,counterfactual,knn_all,5,0.01403707349948827
9100203,motor_external,random,1,0.025,counterfactual,knn_recent,5,0.014115463312055107
9100203,motor_external,random,1,0.025,counterfactual,linear,5,0.01472038438565163
9100203,motor_external,random,1,0.025,counterfactual,nonlinear,5,0.019082962317001215
9100203,motor_external,random,1,0.025,counterfactual,zero,5,0.0019403388781599833
9100203,motor_external,random,1,0.025,early,action_blind,19,0.0470049899102409
9100203,motor_external,random,1,0.025,early,adaptive_nonlinear,19,0.024429871278035087
9100203,motor_external,random,1,0.025,early,knn_all,19,0.018262949144467487
9100203,motor_external,random,1,0.025,early,knn_recent,19,0.01846913308285558
9100203,motor_external,random,1,0.025,early,linear,19,0.06436162108759758
9100203,motor_external,random,1,0.025,early,nonlinear,19,0.024796209944943
9100203,motor_external,random,1,0.025,early,zero,19,0.05075685774516686
9100203,motor_external,random,1,0.025,late,action_blind,35,0.004791743331021715
9100203,motor_external,random,1,0.025,late,adaptive_nonlinear,35,0.008592097593629137
9100203,motor_external,random,1,0.025,late,knn_all,35,0.005977849642115976
9100203,motor_external,random,1,0.025,late,knn_recent,35,0.005912911889597133
9100203,motor_external,random,1,0.025,late,linear,35,0.0156639879804691
9100203,motor_external,random,1,0.025,late,nonlinear,35,0.008999049934018542
9100203,motor_external,random,1,0.025,late,zero,35,0.004953992492153012
9100203,motor_external,random,1,0.025,pre,action_blind,35,0.0472509632745516
9100203,motor_external,random,1,0.025,pre,adaptive_nonlinear,35,0.002324379975579156
9100203,motor_external,random,1,0.025,pre,knn_all,35,0.0027906794466396063
9100203,motor_external,random,1,0.025,pre,knn_recent,35,0.002966909064179216
9100203,motor_external,random,1,0.025,pre,linear,35,0.004020133193180844
9100203,motor_external,random,1,0.025,pre,nonlinear,35,0.002324379975579156
9100203,motor_external,random,1,0.025,pre,zero,35,0.04749133062259405
9100203,none,random,1,0.025,counterfactual,action_blind,5,0.03359186792182559
9100203,none,random,1,0.025,counterfactual,adaptive_nonlinear,5,0.0014169730553416308
9100203,none,random,1,0.025,counterfactual,knn_all,5,0.0014483492144459972
9100203,none,random,1,0.025,counterfactual,knn_recent,5,0.0014645328771389382
9100203,none,random,1,0.025,counterfactual,linear,5,0.0016820569048980952
9100203,none,random,1,0.025,counterfactual,nonlinear,5,0.0014169730553416308
9100203,none,random,1,0.025,counterfactual,zero,5,0.028767105018656085
9100203,none,random,1,0.025,early,action_blind,19,0.03579377213130709
9100203,none,random,1,0.025,early,adaptive_nonlinear,19,0.0021490421526459635
9100203,none,random,1,0.025,early,knn_all,19,0.002573537689870347
9100203,none,random,1,0.025,early,knn_recent,19,0.002552677819380981
9100203,none,random,1,0.025,early,linear,19,0.006603164485830369
9100203,none,random,1,0.025,early,nonlinear,19,0.0021490421526459635
9100203,none,random,1,0.025,early,zero,19,0.03296814779160276
9100203,none,random,1,0.025,late,action_blind,35,0.03613247003559749
9100203,none,random,1,0.025,late,adaptive_nonlinear,35,0.001846430140632997
9100203,none,random,1,0.025,late,knn_all,35,0.0020373271100985364
9100203,none,random,1,0.025,late,knn_recent,35,0.0019787891691643114
9100203,none,random,1,0.025,late,linear,35,0.0026659381755972872
9100203,none,random,1,0.025,late,nonlinear,35,0.001846430140632997
9100203,none,random,1,0.025,late,zero,35,0.031815997158359234
9100203,none,random,1,0.025,pre,action_blind,35,0.0472509632745516
9100203,none,random,1,0.025,pre,adaptive_nonlinear,35,0.002324379975579156
9100203,none,random,1,0.025,pre,knn_all,35,0.0027906794466396063
9100203,none,random,1,0.025,pre,knn_recent,35,0.002966909064179216
9100203,none,random,1,0.025,pre,linear,35,0.004020133193180844
9100203,none,random,1,0.025,pre,nonlinear,35,0.002324379975579156
9100203,none,random,1,0.025,pre,zero,35,0.04749133062259405
9100203,sensor,random,1,0.025,counterfactual,action_blind,5,0.032822491871085914
9100203,sensor,random,1,0.025,counterfactual,adaptive_nonlinear,5,0.001467724654735505
9100203,sensor,random,1,0.025,counterfactual,knn_all,5,0.001458905489975474
9100203,sensor,random,1,0.025,counterfactual,knn_recent,5,0.0014645328771389382
9100203,sensor,random,1,0.025,counterfactual,linear,5,0.0018480192809847491
9100203,sensor,random,1,0.025,counterfactual,nonlinear,5,0.0014479285510694139
9100203,sensor,random,1,0.025,counterfactual,zero,5,0.028767105018656085
9100203,sensor,random,1,0.025,early,action_blind,19,0.034782661152406705
9100203,sensor,random,1,0.025,early,adaptive_nonlinear,19,0.0025969682837407777
9100203,sensor,random,1,0.025,early,knn_all,19,0.003148484669673851
9100203,sensor,random,1,0.025,early,knn_recent,19,0.003126651194050039
9100203,sensor,random,1,0.025,early,linear,19,0.007477396089942576
9100203,sensor,random,1,0.025,early,nonlinear,19,0.002539419099969514
9100203,sensor,random,1,0.025,early,zero,19,0.03296814779160276
9100203,sensor,random,1,0.025,late,action_blind,35,0.03555947653518147
9100203,sensor,random,1,0.025,late,adaptive_nonlinear,35,0.0018524843722070206
9100203,sensor,random,1,0.025,late,knn_all,35,0.00203126604884
9100203,sensor,random,1,0.025,late,knn_recent,35,0.0019787891691643114
9100203,sensor,random,1,0.025,late,linear,35,0.002877990259496326
9100203,sensor,random,1,0.025,late,nonlinear,35,0.0018477578633221137
9100203,sensor,random,1,0.025,late,zero,35,0.031815997158359234
9100203,sensor,random,1,0.025,pre,action_blind,35,0.0472509632745516
9100203,sensor,random,1,0.025,pre,adaptive_nonlinear,35,0.002324379975579156
9100203,sensor,random,1,0.025,pre,knn_all,35,0.0027906794466396063
9100203,sensor,random,1,0.025,pre,knn_recent,35,0.002966909064179216
9100203,sensor,random,1,0.025,pre,linear,35,0.004020133193180844
9100203,sensor,random,1,0.025,pre,nonlinear,35,0.002324379975579156
9100203,sensor,random,1,0.025,pre,zero,35,0.04749133062259405
9100203,unknown_nonlinear,random,1,0.025,counterfactual,action_blind,5,0.050631989648964024
9100203,unknown_nonlinear,random,1,0.025,counterfactual,adaptive_nonlinear,5,0.0052933830718370845
9100203,unknown_nonlinear,random,1,0.025,counterfactual,knn_all,5,0.0028993726793842744
9100203,unknown_nonlinear,random,1,0.025,counterfactual,knn_recent,5,0.003138505565524746
9100203,unknown_nonlinear,random,1,0.025,counterfactual,linear,5,0.007800886281266593
9100203,unknown_nonlinear,random,1,0.025,counterfactual,nonlinear,5,0.0052933830718370845
9100203,unknown_nonlinear,random,1,0.025,counterfactual,zero,5,0.051074334835629495
9100203,unknown_nonlinear,random,1,0.025,early,action_blind,19,0.05224008992029072
9100203,unknown_nonlinear,random,1,0.025,early,adaptive_nonlinear,19,0.011376026922733557
9100203,unknown_nonlinear,random,1,0.025,early,knn_all,19,0.007893686773613375
9100203,unknown_nonlinear,random,1,0.025,early,knn_recent,19,0.006299474612608539
9100203,unknown_nonlinear,random,1,0.025,early,linear,19,0.014088513771363742
9100203,unknown_nonlinear,random,1,0.025,early,nonlinear,19,0.011376026922733557
9100203,unknown_nonlinear,random,1,0.025,early,zero,19,0.05016761424497148
9100203,unknown_nonlinear,random,1,0.025,late,action_blind,35,0.0440894483623785
9100203,unknown_nonlinear,random,1,0.025,late,adaptive_nonlinear,35,0.0037246263815914307
9100203,unknown_nonlinear,random,1,0.025,late,knn_all,35,0.002688693039886109
9100203,unknown_nonlinear,random,1,0.025,late,knn_recent,35,0.002794942043141378
9100203,unknown_nonlinear,random,1,0.025,late,linear,35,0.006052077877805178
9100203,unknown_nonlinear,random,1,0.025,late,nonlinear,35,0.0037246263815914307
9100203,unknown_nonlinear,random,1,0.025,late,zero,35,0.04256134452438694
9100203,unknown_nonlinear,random,1,0.025,pre,action_blind,35,0.0472509632745516
9100203,unknown_nonlinear,random,1,0.025,pre,adaptive_nonlinear,35,0.002324379975579156
9100203,unknown_nonlinear,random,1,0.025,pre,knn_all,35,0.0027906794466396063
9100203,unknown_nonlinear,random,1,0.025,pre,knn_recent,35,0.002966909064179216
9100203,unknown_nonlinear,random,1,0.025,pre,linear,35,0.004020133193180844
9100203,unknown_nonlinear,random,1,0.025,pre,nonlinear,35,0.002324379975579156
9100203,unknown_nonlinear,random,1,0.025,pre,zero,35,0.04749133062259405
9100304,external,random,1,0.025,counterfactual,action_blind,5,0.05642559055300138
9100304,external,random,1,0.025,counterfactual,adaptive_nonlinear,5,0.025645784799019612
9100304,external,random,1,0.025,counterfactual,knn_all,5,0.021478220438301738
9100304,external,random,1,0.025,counterfactual,knn_recent,5,0.02134097229562538
9100304,external,random,1,0.025,counterfactual,linear,5,0.044861647749207936
9100304,external,random,1,0.025,counterfactual,nonlinear,5,0.025645784799019612
9100304,external,random,1,0.025,counterfactual,zero,5,0.062268217643094405
9100304,external,random,1,0.025,early,action_blind,19,0.0367782144548478
9100304,external,random,1,0.025,early,adaptive_nonlinear,19,0.0065972683725985595
9100304,external,random,1,0.025,early,knn_all,19,0.011453183614414745
9100304,external,random,1,0.025,early,knn_recent,19,0.011513275686327214
9100304,external,random,1,0.025,early,linear,19,0.024125997108733633
9100304,external,random,1,0.025,early,nonlinear,19,0.0065972683725985595
9100304,external,random,1,0.025,early,zero,19,0.04343953011633545
9100304,external,random,1,0.025,late,action_blind,35,0.026358746386763384
9100304,external,random,1,0.025,late,adaptive_nonlinear,35,0.018666656906831728
9100304,external,random,1,0.025,late,knn_all,35,0.01395353341888694
9100304,external,random,1,0.025,late,knn_recent,35,0.014248015903195167
9100304,external,random,1,0.025,late,linear,35,0.030738013584896657
9100304,external,random,1,0.025,late,nonlinear,35,0.019022726366992412
9100304,external,random,1,0.025,late,zero,35,0.02757529783747198
9100304,external,random,1,0.025,pre,action_blind,35,0.03942783190275968
9100304,external,random,1,0.025,pre,adaptive_nonlinear,35,0.0020881371524676643
9100304,external,random,1,0.025,pre,knn_all,35,0.002439777144037853
9100304,external,random,1,0.025,pre,knn_recent,35,0.002456407797297629
9100304,external,random,1,0.025,pre,linear,35,0.002755516048682987
9100304,external,random,1,0.025,pre,nonlinear,35,0.0020881371524676643
9100304,external,random,1,0.025,pre,zero,35,0.038237039941484176
9100304,motor,random,1,0.025,counterfactual,action_blind,5,0.03643752928219103
9100304,motor,random,1,0.025,counterfactual,adaptive_nonlinear,5,0.004511503383394534
9100304,motor,random,1,0.025,counterfactual,knn_all,5,0.0013889198294851572
9100304,motor,random,1,0.025,counterfactual,knn_recent,5,0.001035050917841738
9100304,motor,random,1,0.025,counterfactual,linear,5,0.02703226191796416
9100304,motor,random,1,0.025,counterfactual,nonlinear,5,0.004511503383394534
9100304,motor,random,1,0.025,counterfactual,zero,5,0.03534740244839382
9100304,motor,random,1,0.025,early,action_blind,19,0.027840105004750648
9100304,motor,random,1,0.025,early,adaptive_nonlinear,19,0.016480496706505178
9100304,motor,random,1,0.025,early,knn_all,19,0.018047577911815705
9100304,motor,random,1,0.025,early,knn_recent,19,0.01780048317620304
9100304,motor,random,1,0.025,early,linear,19,0.0406865626274254
9100304,motor,random,1,0.025,early,nonlinear,19,0.016480496706505178
9100304,motor,random,1,0.025,early,zero,19,0.023278878520995673
9100304,motor,random,1,0.025,late,action_blind,35,0.02208938433978499
9100304,motor,random,1,0.025,late,adaptive_nonlinear,35,0.004442825468510216
9100304,motor,random,1,0.025,late,knn_all,35,0.0037719197925583266
9100304,motor,random,1,0.025,late,knn_recent,35,0.0017752781384705954
9100304,motor,random,1,0.025,late,linear,35,0.016917055457687017
9100304,motor,random,1,0.025,late,nonlinear,35,0.004442825468510216
9100304,motor,random,1,0.025,late,zero,35,0.023132505811464116
9100304,motor,random,1,0.025,pre,action_blind,35,0.03942783190275968
9100304,motor,random,1,0.025,pre,adaptive_nonlinear,35,0.0020881371524676643
9100304,motor,random,1,0.025,pre,knn_all,35,0.002439777144037853
9100304,motor,random,1,0.025,pre,knn_recent,35,0.002456407797297629
9100304,motor,random,1,0.025,pre,linear,35,0.002755516048682987
9100304,motor,random,1,0.025,pre,nonlinear,35,0.0020881371524676643
9100304,motor,random,1,0.025,pre,zero,35,0.038237039941484176
9100304,motor_external,random,1,0.025,counterfactual,action_blind,5,0.043794732707745
9100304,motor_external,random,1,0.025,counterfactual,adaptive_nonlinear,5,0.024237583540779394
9100304,motor_external,random,1,0.025,counterfactual,knn_all,5,0.018282336097709528
9100304,motor_external,random,1,0.025,counterfactual,knn_recent,5,0.01828474509303283
9100304,motor_external,random,1,0.025,counterfactual,linear,5,0.04047625624613407
9100304,motor_external,random,1,0.025,counterfactual,nonlinear,5,0.024883697603283825
9100304,motor_external,random,1,0.025,counterfactual,zero,5,0.04331481204216765
9100304,motor_external,random,1,0.025,early,action_blind,19,0.05349855472553292
9100304,motor_external,random,1,0.025,early,adaptive_nonlinear,19,0.013080315360052545
9100304,motor_external,random,1,0.025,early,knn_all,19,0.029009351132937122
9100304,motor_external,random,1,0.025,early,knn_recent,19,0.027620663800751094
9100304,motor_external,random,1,0.025,early,linear,19,0.08044564615874894
9100304,motor_external,random,1,0.025,early,nonlinear,19,0.01395765627599721
9100304,motor_external,random,1,0.025,early,zero,19,0.07132180457205181
9100304,motor_external,random,1,0.025,late,action_blind,35,0.04138726034161406
9100304,motor_external,random,1,0.025,late,adaptive_nonlinear,35,0.014122571642896075
9100304,motor_external,random,1,0.025,late,knn_all,35,0.012777015778860642
9100304,motor_external,random,1,0.025,late,knn_recent,35,0.012964757388160494
9100304,motor_external,random,1,0.025,late,linear,35,0.03535331947798484
9100304,motor_external,random,1,0.025,late,nonlinear,35,0.014838506017389053
9100304,motor_external,random,1,0.025,late,zero,35,0.03966108996096603
9100304,motor_external,random,1,0.025,pre,action_blind,35,0.03942783190275968
9100304,motor_external,random,1,0.025,pre,adaptive_nonlinear,35,0.0020881371524676643
9100304,motor_external,random,1,0.025,pre,knn_all,35,0.002439777144037853
9100304,motor_external,random,1,0.025,pre,knn_recent,35,0.002456407797297629
9100304,motor_external,random,1,0.025,pre,linear,35,0.002755516048682987
9100304,motor_external,random,1,0.025,pre,nonlinear,35,0.0020881371524676643
9100304,motor_external,random,1,0.025,pre,zero,35,0.038237039941484176
9100304,none,random,1,0.025,counterfactual,action_blind,5,0.041232357999163485
9100304,none,random,1,0.025,counterfactual,adaptive_nonlinear,5,0.001922306783935473
9100304,none,random,1,0.025,counterfactual,knn_all,5,0.0018374885566419766
9100304,none,random,1,0.025,counterfactual,knn_recent,5,0.0018177923044775742
9100304,none,random,1,0.025,counterfactual,linear,5,0.003835016082997636
9100304,none,random,1,0.025,counterfactual,nonlinear,5,0.001922306783935473
9100304,none,random,1,0.025,counterfactual,zero,5,0.041016404916672584
9100304,none,random,1,0.025,early,action_blind,19,0.025122159448331734
9100304,none,random,1,0.025,early,adaptive_nonlinear,19,0.0012234292675980208
9100304,none,random,1,0.025,early,knn_all,19,0.0012863587648772124
9100304,none,random,1,0.025,early,knn_recent,19,0.0013323395889135619
9100304,none,random,1,0.025,early,linear,19,0.0025102518124322216
9100304,none,random,1,0.025,early,nonlinear,19,0.0012234292675980208
9100304,none,random,1,0.025,early,zero,19,0.023162128582587198
9100304,none,random,1,0.025,late,action_blind,35,0.0364887039782221
9100304,none,random,1,0.025,late,adaptive_nonlinear,35,0.0033237741143606497
9100304,none,random,1,0.025,late,knn_all,35,0.0037244762240009957
9100304,none,random,1,0.025,late,knn_recent,35,0.0037228188654196298
9100304,none,random,1,0.025,late,linear,35,0.00659097474987743
9100304,none,random,1,0.025,late,nonlinear,35,0.0033237741143606497
9100304,none,random,1,0.025,late,zero,35,0.03450178839768436
9100304,none,random,1,0.025,pre,action_blind,35,0.03942783190275968
9100304,none,random,1,0.025,pre,adaptive_nonlinear,35,0.0020881371524676643
9100304,none,random,1,0.025,pre,knn_all,35,0.002439777144037853
9100304,none,random,1,0.025,pre,knn_recent,35,0.002456407797297629
9100304,none,random,1,0.025,pre,linear,35,0.002755516048682987
9100304,none,random,1,0.025,pre,nonlinear,35,0.0020881371524676643
9100304,none,random,1,0.025,pre,zero,35,0.038237039941484176
9100304,sensor,random,1,0.025,counterfactual,action_blind,5,0.04102000200472862
9100304,sensor,random,1,0.025,counterfactual,adaptive_nonlinear,5,0.0017525204303667622
9100304,sensor,random,1,0.025,counterfactual,knn_all,5,0.0018377490762024932
9100304,sensor,random,1,0.025,counterfactual,knn_recent,5,0.0018177923044775742
9100304,sensor,random,1,0.025,counterfactual,linear,5,0.0038919088097971325
9100304,sensor,random,1,0.025,counterfactual,nonlinear,5,0.0018264575436934348
9100304,sensor,random,1,0.025,counterfactual,zero,5,0.041016404916672584
9100304,sensor,random,1,0.025,early,action_blind,19,0.024793631105324617
9100304,sensor,random,1,0.025,early,adaptive_nonlinear,19,0.0019299601898194474
9100304,sensor,random,1,0.025,early,knn_all,19,0.002004448731519179
9100304,sensor,random,1,0.025,early,knn_recent,19,0.0020819157424432255
9100304,sensor,random,1,0.025,early,linear,19,0.0027367744682059714
9100304,sensor,random,1,0.025,early,nonlinear,19,0.0018519695381430416
9100304,sensor,random,1,0.025,early,zero,19,0.023162128582587198
9100304,sensor,random,1,0.025,late,action_blind,35,0.03670089696663725
9100304,sensor,random,1,0.025,late,adaptive_nonlinear,35,0.0034171957450323137
9100304,sensor,random,1,0.025,late,knn_all,35,0.0037255861968834452
9100304,sensor,random,1,0.025,late,knn_recent,35,0.0037228188654196298
9100304,sensor,random,1,0.025,late,linear,35,0.0067845945058525375
9100304,sensor,random,1,0.025,late,nonlinear,35,0.003434907746798263
9100304,sensor,random,1,0.025,late,zero,35,0.03450178839768436
9100304,sensor,random,1,0.025,pre,action_blind,35,0.03942783190275968
9100304,sensor,random,1,0.025,pre,adaptive_nonlinear,35,0.0020881371524676643
9100304,sensor,random,1,0.025,pre,knn_all,35,0.002439777144037853
9100304,sensor,random,1,0.025,pre,knn_recent,35,0.002456407797297629
9100304,sensor,random,1,0.025,pre,linear,35,0.002755516048682987
9100304,sensor,random,1,0.025,pre,nonlinear,35,0.0020881371524676643
9100304,sensor,random,1,0.025,pre,zero,35,0.038237039941484176
9100304,unknown_nonlinear,random,1,0.025,counterfactual,action_blind,5,0.043031630418457166
9100304,unknown_nonlinear,random,1,0.025,counterfactual,adaptive_nonlinear,5,0.0024544053332402537
9100304,unknown_nonlinear,random,1,0.025,counterfactual,knn_all,5,0.0017378872485107467
9100304,unknown_nonlinear,random,1,0.025,counterfactual,knn_recent,5,0.0017066888402974382
9100304,unknown_nonlinear,random,1,0.025,counterfactual,linear,5,0.004480308415735414
9100304,unknown_nonlinear,random,1,0.025,counterfactual,nonlinear,5,0.0024544053332402537
9100304,unknown_nonlinear,random,1,0.025,counterfactual,zero,5,0.04305054938245566
9100304,unknown_nonlinear,random,1,0.025,early,action_blind,19,0.033869683019026264
9100304,unknown_nonlinear,random,1,0.025,early,adaptive_nonlinear,19,0.008438326012232024
9100304,unknown_nonlinear,random,1,0.025,early,knn_all,19,0.0052280779130610315
9100304,unknown_nonlinear,random,1,0.025,early,knn_recent,19,0.005483275873340899
9100304,unknown_nonlinear,random,1,0.025,early,linear,19,0.009174356247522601
9100304,unknown_nonlinear,random,1,0.025,early,nonlinear,19,0.008438326012232024
9100304,unknown_nonlinear,random,1,0.025,early,zero,19,0.03257419416985018
9100304,unknown_nonlinear,random,1,0.025,late,action_blind,35,0.04424309590063102
9100304,unknown_nonlinear,random,1,0.025,late,adaptive_nonlinear,35,0.004568835080847975
9100304,unknown_nonlinear,random,1,0.025,late,knn_all,35,0.0026728231710036717
9100304,unknown_nonlinear,random,1,0.025,late,knn_recent,35,0.0025660963528233885
9100304,unknown_nonlinear,random,1,0.025,late,linear,35,0.006561990876469384
9100304,unknown_nonlinear,random,1,0.025,late,nonlinear,35,0.004568835080847975
9100304,unknown_nonlinear,random,1,0.025,late,zero,35,0.04106368950578184
9100304,unknown_nonlinear,random,1,0.025,pre,action_blind,35,0.03942783190275968
9100304,unknown_nonlinear,random,1,0.025,pre,adaptive_nonlinear,35,0.0020881371524676643
9100304,unknown_nonlinear,random,1,0.025,pre,knn_all,35,0.002439777144037853
9100304,unknown_nonlinear,random,1,0.025,pre,knn_recent,35,0.002456407797297629
9100304,unknown_nonlinear,random,1,0.025,pre,linear,35,0.002755516048682987
9100304,unknown_nonlinear,random,1,0.025,pre,nonlinear,35,0.0020881371524676643
9100304,unknown_nonlinear,random,1,0.025,pre,zero,35,0.038237039941484176
9100405,external,random,1,0.025,counterfactual,action_blind,5,0.03805824700365293
9100405,external,random,1,0.025,counterfactual,adaptive_nonlinear,5,0.00419287201590974
9100405,external,random,1,0.025,counterfactual,knn_all,5,0.00238558168531514
9100405,external,random,1,0.025,counterfactual,knn_recent,5,0.0023543186377331425
9100405,external,random,1,0.025,counterfactual,linear,5,0.013967968261139363
9100405,external,random,1,0.025,counterfactual,nonlinear,5,0.00419287201590974
9100405,external,random,1,0.025,counterfactual,zero,5,0.037843085800615926
9100405,external,random,1,0.025,early,action_blind,19,0.042926500212462956
9100405,external,random,1,0.025,early,adaptive_nonlinear,19,0.007622362791402811
9100405,external,random,1,0.025,early,knn_all,19,0.012750113873949113
9100405,external,random,1,0.025,early,knn_recent,19,0.01178222142639913
9100405,external,random,1,0.025,early,linear,19,0.019640718153684032
9100405,external,random,1,0.025,early,nonlinear,19,0.007622362791402811
9100405,external,random,1,0.025,early,zero,19,0.04072823827321101
9100405,external,random,1,0.025,late,action_blind,35,0.04936130269689081
9100405,external,random,1,0.025,late,adaptive_nonlinear,35,0.00815270574130085
9100405,external,random,1,0.025,late,knn_all,35,0.0057805993135177985
9100405,external,random,1,0.025,late,knn_recent,35,0.005718181486964724
9100405,external,random,1,0.025,late,linear,35,0.014572410539015023
9100405,external,random,1,0.025,late,nonlinear,35,0.00815270574130085
9100405,external,random,1,0.025,late,zero,35,0.04692332815003523
9100405,external,random,1,0.025,pre,action_blind,35,0.039056134398096
9100405,external,random,1,0.025,pre,adaptive_nonlinear,35,0.001847117087006941
9100405,external,random,1,0.025,pre,knn_all,35,0.0020086687758062746
9100405,external,random,1,0.025,pre,knn_recent,35,0.0021322207470428015
9100405,external,random,1,0.025,pre,linear,35,0.00209956943727271
9100405,external,random,1,0.025,pre,nonlinear,35,0.001847117087006941
9100405,external,random,1,0.025,pre,zero,35,0.03705449204616851
9100405,motor,random,1,0.025,counterfactual,action_blind,5,0.029731661897566247
9100405,motor,random,1,0.025,counterfactual,adaptive_nonlinear,5,0.0028376275214016837
9100405,motor,random,1,0.025,counterfactual,knn_all,5,0.0008710953784433524
9100405,motor,random,1,0.025,counterfactual,knn_recent,5,0.0007562950422399558
9100405,motor,random,1,0.025,counterfactual,linear,5,0.02238305441441878
9100405,motor,random,1,0.025,counterfactual,nonlinear,5,0.0023412183219342435
9100405,motor,random,1,0.025,counterfactual,zero,5,0.02967740870679817
9100405,motor,random,1,0.025,early,action_blind,19,0.03978505404360993
9100405,motor,random,1,0.025,early,adaptive_nonlinear,19,0.024936499312257377
9100405,motor,random,1,0.025,early,knn_all,19,0.029394812991484432
9100405,motor,random,1,0.025,early,knn_recent,19,0.02891710660269291
9100405,motor,random,1,0.025,early,linear,19,0.04890344872076364
9100405,motor,random,1,0.025,early,nonlinear,19,0.028163348676745175
9100405,motor,random,1,0.025,early,zero,19,0.03512344281184093
9100405,motor,random,1,0.025,late,action_blind,35,0.03111545287059185
9100405,motor,random,1,0.025,late,adaptive_nonlinear,35,0.0029967583054451266
9100405,motor,random,1,0.025,late,knn_all,35,0.0019412407351534341
9100405,motor,random,1,0.025,late,knn_recent,35,0.0018236899404391045
9100405,motor,random,1,0.025,late,linear,35,0.01818556648984095
9100405,motor,random,1,0.025,late,nonlinear,35,0.0027899577035341455
9100405,motor,random,1,0.025,late,zero,35,0.030776386690825344
9100405,motor,random,1,0.025,pre,action_blind,35,0.039056134398096
9100405,motor,random,1,0.025,pre,adaptive_nonlinear,35,0.001847117087006941
9100405,motor,random,1,0.025,pre,knn_all,35,0.0020086687758062746
9100405,motor,random,1,0.025,pre,knn_recent,35,0.0021322207470428015
9100405,motor,random,1,0.025,pre,linear,35,0.00209956943727271
9100405,motor,random,1,0.025,pre,nonlinear,35,0.001847117087006941
9100405,motor,random,1,0.025,pre,zero,35,0.03705449204616851
9100405,motor_external,random,1,0.025,counterfactual,action_blind,5,0.042884171962607666
9100405,motor_external,random,1,0.025,counterfactual,adaptive_nonlinear,5,0.0041752529015749735
9100405,motor_external,random,1,0.025,counterfactual,knn_all,5,0.0026033125535281773
9100405,motor_external,random,1,0.025,counterfactual,knn_recent,5,0.002556326206889466
9100405,motor_external,random,1,0.025,counterfactual,linear,5,0.030438592624629713
9100405,motor_external,random,1,0.025,counterfactual,nonlinear,5,0.004741100443869116
9100405,motor_external,random,1,0.025,counterfactual,zero,5,0.04263101956491676
9100405,motor_external,random,1,0.025,early,action_blind,19,0.061609957204926374
9100405,motor_external,random,1,0.025,early,adaptive_nonlinear,19,0.0215061457449988
9100405,motor_external,random,1,0.025,early,knn_all,19,0.03850088360930303
9100405,motor_external,random,1,0.025,early,knn_recent,19,0.0349521398049968
9100405,motor_external,random,1,0.025,early,linear,19,0.08047781231073692
9100405,motor_external,random,1,0.025,early,nonlinear,19,0.024171034778028753
9100405,motor_external,random,1,0.025,early,zero,19,0.06225659621425259
9100405,motor_external,random,1,0.025,late,action_blind,35,0.03781367034792315
9100405,motor_external,random,1,0.025,late,adaptive_nonlinear,35,0.005119719509957947
9100405,motor_external,random,1,0.025,late,knn_all,35,0.004362666250478907
9100405,motor_external,random,1,0.025,late,knn_recent,35,0.0043546153257417895
9100405,motor_external,random,1,0.025,late,linear,35,0.021480771435271384
9100405,motor_external,random,1,0.025,late,nonlinear,35,0.005085382718832823
9100405,motor_external,random,1,0.025,late,zero,35,0.0368751424189131
9100405,motor_external,random,1,0.025,pre,action_blind,35,0.039056134398096
9100405,motor_external,random,1,0.025,pre,adaptive_nonlinear,35,0.001847117087006941
9100405,motor_external,random,1,0.025,pre,knn_all,35,0.0020086687758062746
9100405,motor_external,random,1,0.025,pre,knn_recent,35,0.0021322207470428015
9100405,motor_external,random,1,0.025,pre,linear,35,0.00209956943727271
9100405,motor_external,random,1,0.025,pre,nonlinear,35,0.001847117087006941
9100405,motor_external,random,1,0.025,pre,zero,35,0.03705449204616851
9100405,none,random,1,0.025,counterfactual,action_blind,5,0.05023939072823687
9100405,none,random,1,0.025,counterfactual,adaptive_nonlinear,5,0.0004889102163192865
9100405,none,random,1,0.025,counterfactual,knn_all,5,0.0009139604335889823
9100405,none,random,1,0.025,counterfactual,knn_recent,5,0.0009707001244824631
9100405,none,random,1,0.025,counterfactual,linear,5,0.004207659653398201
9100405,none,random,1,0.025,counterfactual,nonlinear,5,0.0004889102163192865
9100405,none,random,1,0.025,counterfactual,zero,5,0.05028706868772226
9100405,none,random,1,0.025,early,action_blind,19,0.0507569393249833
9100405,none,random,1,0.025,early,adaptive_nonlinear,19,0.0020037985404937723
9100405,none,random,1,0.025,early,knn_all,19,0.0025253584369491983
9100405,none,random,1,0.025,early,knn_recent,19,0.002631106874372883
9100405,none,random,1,0.025,early,linear,19,0.003274600143464928
9100405,none,random,1,0.025,early,nonlinear,19,0.0020037985404937723
9100405,none,random,1,0.025,early,zero,19,0.04533472745121753
9100405,none,random,1,0.025,late,action_blind,35,0.042277156521346525
9100405,none,random,1,0.025,late,adaptive_nonlinear,35,0.001999889693329324
9100405,none,random,1,0.025,late,knn_all,35,0.002515481590437792
9100405,none,random,1,0.025,late,knn_recent,35,0.002517490257320762
9100405,none,random,1,0.025,late,linear,35,0.006194939416200904
9100405,none,random,1,0.025,late,nonlinear,35,0.001999889693329324
9100405,none,random,1,0.025,late,zero,35,0.042916517019092715
9100405,none,random,1,0.025,pre,action_blind,35,0.039056134398096
9100405,none,random,1,0.025,pre,adaptive_nonlinear,35,0.001847117087006941
9100405,none,random,1,0.025,pre,knn_all,35,0.0020086687758062746
9100405,none,random,1,0.025,pre,knn_recent,35,0.0021322207470428015
9100405,none,random,1,0.025,pre,linear,35,0.00209956943727271
9100405,none,random,1,0.025,pre,nonlinear,35,0.001847117087006941
9100405,none,random,1,0.025,pre,zero,35,0.03705449204616851
9100405,sensor,random,1,0.025,counterfactual,action_blind,5,0.05043015962898447
9100405,sensor,random,1,0.025,counterfactual,adaptive_nonlinear,5,0.0005026329853901248
9100405,sensor,random,1,0.025,counterfactual,knn_all,5,0.0009558054415353112
9100405,sensor,random,1,0.025,counterfactual,knn_recent,5,0.0009707001244824607
9100405,sensor,random,1,0.025,counterfactual,linear,5,0.004166173994077314
9100405,sensor,random,1,0.025,counterfactual,nonlinear,5,0.000509220859739266
9100405,sensor,random,1,0.025,counterfactual,zero,5,0.05028706868772226
9100405,sensor,random,1,0.025,early,action_blind,19,0.050410980808179226
9100405,sensor,random,1,0.025,early,adaptive_nonlinear,19,0.0021043679010312446
9100405,sensor,random,1,0.025,early,knn_all,19,0.003032073105911245
9100405,sensor,random,1,0.025,early,knn_recent,19,0.003537848281078441
9100405,sensor,random,1,0.025,early,linear,19,0.003221860253318569
9100405,sensor,random,1,0.025,early,nonlinear,19,0.0020854704557734904
9100405,sensor,random,1,0.025,early,zero,19,0.04533472745121753
9100405,sensor,random,1,0.025,late,action_blind,35,0.04193826080208674
9100405,sensor,random,1,0.025,late,adaptive_nonlinear,35,0.001999746169363196
9100405,sensor,random,1,0.025,late,knn_all,35,0.002513846856508916
9100405,sensor,random,1,0.025,late,knn_recent,35,0.0025174902573207626
9100405,sensor,random,1,0.025,late,linear,35,0.006184381537993868
9100405,sensor,random,1,0.025,late,nonlinear,35,0.0020116906613856468
9100405,sensor,random,1,0.025,late,zero,35,0.042916517019092715
9100405,sensor,random,1,0.025,pre,action_blind,35,0.039056134398096
9100405,sensor,random,1,0.025,pre,adaptive_nonlinear,35,0.001847117087006941
9100405,sensor,random,1,0.025,pre,knn_all,35,0.0020086687758062746
9100405,sensor,random,1,0.025,pre,knn_recent,35,0.0021322207470428015
9100405,sensor,random,1,0.025,pre,linear,35,0.00209956943727271
9100405,sensor,random,1,0.025,pre,nonlinear,35,0.001847117087006941
9100405,sensor,random,1,0.025,pre,zero,35,0.03705449204616851
9100405,unknown_nonlinear,random,1,0.025,counterfactual,action_blind,5,0.04375717240005929
9100405,unknown_nonlinear,random,1,0.025,counterfactual,adaptive_nonlinear,5,0.006793429940897104
9100405,unknown_nonlinear,random,1,0.025,counterfactual,knn_all,5,0.0019200192316056921
9100405,unknown_nonlinear,random,1,0.025,counterfactual,knn_recent,5,0.0018774890052086618
9100405,unknown_nonlinear,random,1,0.025,counterfactual,linear,5,0.015048923495045153
9100405,unknown_nonlinear,random,1,0.025,counterfactual,nonlinear,5,0.006793429940897104
9100405,unknown_nonlinear,random,1,0.025,counterfactual,zero,5,0.04734078647598008
9100405,unknown_nonlinear,random,1,0.025,early,action_blind,19,0.08373334804223174
9100405,unknown_nonlinear,random,1,0.025,early,adaptive_nonlinear,19,0.004991001484317069
9100405,unknown_nonlinear,random,1,0.025,early,knn_all,19,0.006492844740221662
9100405,unknown_nonlinear,random,1,0.025,early,knn_recent,19,0.007113368597715681
9100405,unknown_nonlinear,random,1,0.025,early,linear,19,0.011022590212795938
9100405,unknown_nonlinear,random,1,0.025,early,nonlinear,19,0.004991001484317069
9100405,unknown_nonlinear,random,1,0.025,early,zero,19,0.07123756710365342
9100405,unknown_nonlinear,random,1,0.025,late,action_blind,35,0.04152806885242131
9100405,unknown_nonlinear,random,1,0.025,late,adaptive_nonlinear,35,0.007632685293683594
9100405,unknown_nonlinear,random,1,0.025,late,knn_all,35,0.0034370021653993576
9100405,unknown_nonlinear,random,1,0.025,late,knn_recent,35,0.0036260954066784385
9100405,unknown_nonlinear,random,1,0.025,late,linear,35,0.013744451866921257
9100405,unknown_nonlinear,random,1,0.025,late,nonlinear,35,0.007632685293683594
9100405,unknown_nonlinear,random,1,0.025,late,zero,35,0.041006486619381374
9100405,unknown_nonlinear,random,1,0.025,pre,action_blind,35,0.039056134398096
9100405,unknown_nonlinear,random,1,0.025,pre,adaptive_nonlinear,35,0.001847117087006941
9100405,unknown_nonlinear,random,1,0.025,pre,knn_all,35,0.0020086687758062746
9100405,unknown_nonlinear,random,1,0.025,pre,knn_recent,35,0.0021322207470428015
9100405,unknown_nonlinear,random,1,0.025,pre,linear,35,0.00209956943727271
9100405,unknown_nonlinear,random,1,0.025,pre,nonlinear,35,0.001847117087006941
9100405,unknown_nonlinear,random,1,0.025,pre,zero,35,0.03705449204616851
9100506,external,random,1,0.025,counterfactual,action_blind,5,0.018724350106686376
9100506,external,random,1,0.025,counterfactual,adaptive_nonlinear,5,0.010503218197466958
9100506,external,random,1,0.025,counterfactual,knn_all,5,0.00566339808362821
9100506,external,random,1,0.025,counterfactual,knn_recent,5,0.005642142221660576
9100506,external,random,1,0.025,counterfactual,linear,5,0.03849452683027493
9100506,external,random,1,0.025,counterfactual,nonlinear,5,0.01079243123059249
9100506,external,random,1,0.025,counterfactual,zero,5,0.018561720982310372
9100506,external,random,1,0.025,early,action_blind,19,0.07055125481511278
9100506,external,random,1,0.025,early,adaptive_nonlinear,19,0.019280622481304428
9100506,external,random,1,0.025,early,knn_all,19,0.02586176232874091
9100506,external,random,1,0.025,early,knn_recent,19,0.02469721476750182
9100506,external,random,1,0.025,early,linear,19,0.06490047339671294
9100506,external,random,1,0.025,early,nonlinear,19,0.019280622481304428
9100506,external,random,1,0.025,early,zero,19,0.11267926433986022
9100506,external,random,1,0.025,late,action_blind,35,0.03517855367819811
9100506,external,random,1,0.025,late,adaptive_nonlinear,35,0.01680229466716882
9100506,external,random,1,0.025,late,knn_all,35,0.011843783791123087
9100506,external,random,1,0.025,late,knn_recent,35,0.012191712243659551
9100506,external,random,1,0.025,late,linear,35,0.042567974208235916
9100506,external,random,1,0.025,late,nonlinear,35,0.01697920736947167
9100506,external,random,1,0.025,late,zero,35,0.038181958915831114
9100506,external,random,1,0.025,pre,action_blind,35,0.054017605204867356
9100506,external,random,1,0.025,pre,adaptive_nonlinear,35,0.0018654146916321696
9100506,external,random,1,0.025,pre,knn_all,35,0.002032049148760549
9100506,external,random,1,0.025,pre,knn_recent,35,0.0021249747412097836
9100506,external,random,1,0.025,pre,linear,35,0.0021248834582394283
9100506,external,random,1,0.025,pre,nonlinear,35,0.0018654146916321696
9100506,external,random,1,0.025,pre,zero,35,0.05083622727267187
9100506,motor,random,1,0.025,counterfactual,action_blind,5,0.031980562167538515
9100506,motor,random,1,0.025,counterfactual,adaptive_nonlinear,5,0.0014834903305547549
9100506,motor,random,1,0.025,counterfactual,knn_all,5,0.0010357631801654467
9100506,motor,random,1,0.025,counterfactual,knn_recent,5,0.0010056400259442217
9100506,motor,random,1,0.025,counterfactual,linear,5,0.024721977024176854
9100506,motor,random,1,0.025,counterfactual,nonlinear,5,0.0017863540134048165
9100506,motor,random,1,0.025,counterfactual,zero,5,0.02980414695280178
9100506,motor,random,1,0.025,early,action_blind,19,0.04089261914921164
9100506,motor,random,1,0.025,early,adaptive_nonlinear,19,0.009493587901066438
9100506,motor,random,1,0.025,early,knn_all,19,0.013866434981414327
9100506,motor,random,1,0.025,early,knn_recent,19,0.01013007678100628
9100506,motor,random,1,0.025,early,linear,19,0.0466246979131504
9100506,motor,random,1,0.025,early,nonlinear,19,0.011734841656414682
9100506,motor,random,1,0.025,early,zero,19,0.03688726646307214
9100506,motor,random,1,0.025,late,action_blind,35,0.04407300106411724
9100506,motor,random,1,0.025,late,adaptive_nonlinear,35,0.006082078674004914
9100506,motor,random,1,0.025,late,knn_all,35,0.0026221353504189628
9100506,motor,random,1,0.025,late,knn_recent,35,0.0026353922356839427
9100506,motor,random,1,0.025,late,linear,35,0.02256950986695503
9100506,motor,random,1,0.025,late,nonlinear,35,0.0067841755160186505
9100506,motor,random,1,0.025,late,zero,35,0.03975483690412417
9100506,motor,random,1,0.025,pre,action_blind,35,0.054017605204867356
9100506,motor,random,1,0.025,pre,adaptive_nonlinear,35,0.0018654146916321696
9100506,motor,random,1,0.025,pre,knn_all,35,0.002032049148760549
9100506,motor,random,1,0.025,pre,knn_recent,35,0.0021249747412097836
9100506,motor,random,1,0.025,pre,linear,35,0.0021248834582394283
9100506,motor,random,1,0.025,pre,nonlinear,35,0.0018654146916321696
9100506,motor,random,1,0.025,pre,zero,35,0.05083622727267187
9100506,motor_external,random,1,0.025,counterfactual,action_blind,5,0.05730977592994133
9100506,motor_external,random,1,0.025,counterfactual,adaptive_nonlinear,5,0.003802901425767272
9100506,motor_external,random,1,0.025,counterfactual,knn_all,5,0.0021708512045211293
9100506,motor_external,random,1,0.025,counterfactual,knn_recent,5,0.002181574763525982
9100506,motor_external,random,1,0.025,counterfactual,linear,5,0.03438183643493585
9100506,motor_external,random,1,0.025,counterfactual,nonlinear,5,0.004066308932283479
9100506,motor_external,random,1,0.025,counterfactual,zero,5,0.04278819733535254
9100506,motor_external,random,1,0.025,early,action_blind,19,0.056412968178599115
9100506,motor_external,random,1,0.025,early,adaptive_nonlinear,19,0.015737954971810592
9100506,motor_external,random,1,0.025,early,knn_all,19,0.016782437641925708
9100506,motor_external,random,1,0.025,early,knn_recent,19,0.013859024352100999
9100506,motor_external,random,1,0.025,early,linear,19,0.06850495232227581
9100506,motor_external,random,1,0.025,early,nonlinear,19,0.016715806683597758
9100506,motor_external,random,1,0.025,early,zero,19,0.07837340151421927
9100506,motor_external,random,1,0.025,late,action_blind,35,0.051090704145766365
9100506,motor_external,random,1,0.025,late,adaptive_nonlinear,35,0.019478945647202275
9100506,motor_external,random,1,0.025,late,knn_all,35,0.01633011283997014
9100506,motor_external,random,1,0.025,late,knn_recent,35,0.016298245426738186
9100506,motor_external,random,1,0.025,late,linear,35,0.03655638652330955
9100506,motor_external,random,1,0.025,late,nonlinear,35,0.019686663495942835
9100506,motor_external,random,1,0.025,late,zero,35,0.04769917739331865
9100506,motor_external,random,1,0.025,pre,action_blind,35,0.054017605204867356
9100506,motor_external,random,1,0.025,pre,adaptive_nonlinear,35,0.0018654146916321696
9100506,motor_external,random,1,0.025,pre,knn_all,35,0.002032049148760549
9100506,motor_external,random,1,0.025,pre,knn_recent,35,0.0021249747412097836
9100506,motor_external,random,1,0.025,pre,linear,35,0.0021248834582394283
9100506,motor_external,random,1,0.025,pre,nonlinear,35,0.0018654146916321696
9100506,motor_external,random,1,0.025,pre,zero,35,0.05083622727267187
9100506,none,random,1,0.025,counterfactual,action_blind,5,0.04927710769989279
9100506,none,random,1,0.025,counterfactual,adaptive_nonlinear,5,0.0011773359088499914
9100506,none,random,1,0.025,counterfactual,knn_all,5,0.0017926043320755064
9100506,none,random,1,0.025,counterfactual,knn_recent,5,0.001837827137847412
9100506,none,random,1,0.025,counterfactual,linear,5,0.013739644867254836
9100506,none,random,1,0.025,counterfactual,nonlinear,5,0.0011773359088499914
9100506,none,random,1,0.025,counterfactual,zero,5,0.049666479357811585
9100506,none,random,1,0.025,early,action_blind,19,0.0600588046991485
9100506,none,random,1,0.025,early,adaptive_nonlinear,19,0.002103407680205784
9100506,none,random,1,0.025,early,knn_all,19,0.0023564763178493585
9100506,none,random,1,0.025,early,knn_recent,19,0.0023262157491238606
9100506,none,random,1,0.025,early,linear,19,0.005023540069392747
9100506,none,random,1,0.025,early,nonlinear,19,0.002103407680205784
9100506,none,random,1,0.025,early,zero,19,0.057285618134034585
9100506,none,random,1,0.025,late,action_blind,35,0.08521029639812167
9100506,none,random,1,0.025,late,adaptive_nonlinear,35,0.00275740983135604
9100506,none,random,1,0.025,late,knn_all,35,0.004044748525705215
9100506,none,random,1,0.025,late,knn_recent,35,0.00400523825836567
9100506,none,random,1,0.025,late,linear,35,0.01349475626665264
9100506,none,random,1,0.025,late,nonlinear,35,0.00275740983135604
9100506,none,random,1,0.025,late,zero,35,0.07770725175730327
9100506,none,random,1,0.025,pre,action_blind,35,0.054017605204867356
9100506,none,random,1,0.025,pre,adaptive_nonlinear,35,0.0018654146916321696
9100506,none,random,1,0.025,pre,knn_all,35,0.002032049148760549
9100506,none,random,1,0.025,pre,knn_recent,35,0.0021249747412097836
9100506,none,random,1,0.025,pre,linear,35,0.0021248834582394283
9100506,none,random,1,0.025,pre,nonlinear,35,0.0018654146916321696
9100506,none,random,1,0.025,pre,zero,35,0.05083622727267187
9100506,sensor,random,1,0.025,counterfactual,action_blind,5,0.04934395419076941
9100506,sensor,random,1,0.025,counterfactual,adaptive_nonlinear,5,0.001232229486179715
9100506,sensor,random,1,0.025,counterfactual,knn_all,5,0.0017928610378084478
9100506,sensor,random,1,0.025,counterfactual,knn_recent,5,0.001837827137847412
9100506,sensor,random,1,0.025,counterfactual,linear,5,0.013648926823518263
9100506,sensor,random,1,0.025,counterfactual,nonlinear,5,0.0012300450888509504
9100506,sensor,random,1,0.025,counterfactual,zero,5,0.049666479357811585
9100506,sensor,random,1,0.025,early,action_blind,19,0.05864433487106232
9100506,sensor,random,1,0.025,early,adaptive_nonlinear,19,0.0020726397901831384
9100506,sensor,random,1,0.025,early,knn_all,19,0.0023057315097472445
9100506,sensor,random,1,0.025,early,knn_recent,19,0.002267098219435476
9100506,sensor,random,1,0.025,early,linear,19,0.0047993896628049345
9100506,sensor,random,1,0.025,early,nonlinear,19,0.0020672775283471444
9100506,sensor,random,1,0.025,early,zero,19,0.057285618134034585
9100506,sensor,random,1,0.025,late,action_blind,35,0.08459011438437641
9100506,sensor,random,1,0.025,late,adaptive_nonlinear,35,0.0027409478435296425
9100506,sensor,random,1,0.025,late,knn_all,35,0.004048594958778537
9100506,sensor,random,1,0.025,late,knn_recent,35,0.0040052382583656695
9100506,sensor,random,1,0.025,late,linear,35,0.013463366753996911
9100506,sensor,random,1,0.025,late,nonlinear,35,0.0027824238528785495
9100506,sensor,random,1,0.025,late,zero,35,0.07770725175730327
9100506,sensor,random,1,0.025,pre,action_blind,35,0.054017605204867356
9100506,sensor,random,1,0.025,pre,adaptive_nonlinear,35,0.0018654146916321696
9100506,sensor,random,1,0.025,pre,knn_all,35,0.002032049148760549
9100506,sensor,random,1,0.025,pre,knn_recent,35,0.0021249747412097836
9100506,sensor,random,1,0.025,pre,linear,35,0.0021248834582394283
9100506,sensor,random,1,0.025,pre,nonlinear,35,0.0018654146916321696
9100506,sensor,random,1,0.025,pre,zero,35,0.05083622727267187
9100506,unknown_nonlinear,random,1,0.025,counterfactual,action_blind,5,0.026352823538724972
9100506,unknown_nonlinear,random,1,0.025,counterfactual,adaptive_nonlinear,5,0.015790696528192767
9100506,unknown_nonlinear,random,1,0.025,counterfactual,knn_all,5,0.01901989534199285
9100506,unknown_nonlinear,random,1,0.025,counterfactual,knn_recent,5,0.019382178628264364
9100506,unknown_nonlinear,random,1,0.025,counterfactual,linear,5,0.029616078944572195
9100506,unknown_nonlinear,random,1,0.025,counterfactual,nonlinear,5,0.015790696528192767
9100506,unknown_nonlinear,random,1,0.025,counterfactual,zero,5,0.0245605098970803
9100506,unknown_nonlinear,random,1,0.025,early,action_blind,19,0.10719217371805276
9100506,unknown_nonlinear,random,1,0.025,early,adaptive_nonlinear,19,0.008230336809178744
9100506,unknown_nonlinear,random,1,0.025,early,knn_all,19,0.006227090355788077
9100506,unknown_nonlinear,random,1,0.025,early,knn_recent,19,0.005992713814235229
9100506,unknown_nonlinear,random,1,0.025,early,linear,19,0.017799256420186538
9100506,unknown_nonlinear,random,1,0.025,early,nonlinear,19,0.008230336809178744
9100506,unknown_nonlinear,random,1,0.025,early,zero,19,0.10450157519157662
9100506,unknown_nonlinear,random,1,0.025,late,action_blind,35,0.039834712995701384
9100506,unknown_nonlinear,random,1,0.025,late,adaptive_nonlinear,35,0.006964057288517291
9100506,unknown_nonlinear,random,1,0.025,late,knn_all,35,0.006138562882238783
9100506,unknown_nonlinear,random,1,0.025,late,knn_recent,35,0.006278606730365886
9100506,unknown_nonlinear,random,1,0.025,late,linear,35,0.02879098334503614
9100506,unknown_nonlinear,random,1,0.025,late,nonlinear,35,0.006964057288517291
9100506,unknown_nonlinear,random,1,0.025,late,zero,35,0.03964916872729598
9100506,unknown_nonlinear,random,1,0.025,pre,action_blind,35,0.054017605204867356
9100506,unknown_nonlinear,random,1,0.025,pre,adaptive_nonlinear,35,0.0018654146916321696
9100506,unknown_nonlinear,random,1,0.025,pre,knn_all,35,0.002032049148760549
9100506,unknown_nonlinear,random,1,0.025,pre,knn_recent,35,0.0021249747412097836
9100506,unknown_nonlinear,random,1,0.025,pre,linear,35,0.0021248834582394283
9100506,unknown_nonlinear,random,1,0.025,pre,nonlinear,35,0.0018654146916321696
9100506,unknown_nonlinear,random,1,0.025,pre,zero,35,0.05083622727267187
9100607,external,random,1,0.025,counterfactual,action_blind,5,0.006728734006060379
9100607,external,random,1,0.025,counterfactual,adaptive_nonlinear,5,0.011662147370055376
9100607,external,random,1,0.025,counterfactual,knn_all,5,0.009619736562370551
9100607,external,random,1,0.025,counterfactual,knn_recent,5,0.009616879869373172
9100607,external,random,1,0.025,counterfactual,linear,5,0.020196668370005853
9100607,external,random,1,0.025,counterfactual,nonlinear,5,0.012246400973720276
9100607,external,random,1,0.025,counterfactual,zero,5,0.006851869306139835
9100607,external,random,1,0.025,early,action_blind,19,0.03818849415719751
9100607,external,random,1,0.025,early,adaptive_nonlinear,19,0.02641092250857361
9100607,external,random,1,0.025,early,knn_all,19,0.02456213384211793
9100607,external,random,1,0.025,early,knn_recent,19,0.02482542565685093
9100607,external,random,1,0.025,early,linear,19,0.044380390328185394
9100607,external,random,1,0.025,early,nonlinear,19,0.02682165601860495
9100607,external,random,1,0.025,early,zero,19,0.05334191777553885
9100607,external,random,1,0.025,late,action_blind,35,0.008106547360651141
9100607,external,random,1,0.025,late,adaptive_nonlinear,35,0.004256383277346405
9100607,external,random,1,0.025,late,knn_all,35,0.0031950268379745865
9100607,external,random,1,0.025,late,knn_recent,35,0.0032788213503170175
9100607,external,random,1,0.025,late,linear,35,0.012208701927237307
9100607,external,random,1,0.025,late,nonlinear,35,0.00438929902681701
9100607,external,random,1,0.025,late,zero,35,0.00871348234800418
9100607,external,random,1,0.025,pre,action_blind,35,0.033475785036682255
9100607,external,random,1,0.025,pre,adaptive_nonlinear,35,0.0017847090633812401
9100607,external,random,1,0.025,pre,knn_all,35,0.0018869305848740958
9100607,external,random,1,0.025,pre,knn_recent,35,0.0019815759676885926
9100607,external,random,1,0.025,pre,linear,35,0.002000560250506984
9100607,external,random,1,0.025,pre,nonlinear,35,0.0017847090633812401
9100607,external,random,1,0.025,pre,zero,35,0.032514938528198756
9100607,motor,random,1,0.025,counterfactual,action_blind,5,0.031516604276526236
9100607,motor,random,1,0.025,counterfactual,adaptive_nonlinear,5,0.003070550671757957
9100607,motor,random,1,0.025,counterfactual,knn_all,5,0.005914319243133168
9100607,motor,random,1,0.025,counterfactual,knn_recent,5,0.0014209538596111188
9100607,motor,random,1,0.025,counterfactual,linear,5,0.01510182728847973
9100607,motor,random,1,0.025,counterfactual,nonlinear,5,0.003070550671757957
9100607,motor,random,1,0.025,counterfactual,zero,5,0.029158522713468894
9100607,motor,random,1,0.025,early,action_blind,19,0.02823046642316342
9100607,motor,random,1,0.025,early,adaptive_nonlinear,19,0.020696073986192498
9100607,motor,random,1,0.025,early,knn_all,19,0.02002158690742329
9100607,motor,random,1,0.025,early,knn_recent,19,0.017289727907435642
9100607,motor,random,1,0.025,early,linear,19,0.036038287161702334
9100607,motor,random,1,0.025,early,nonlinear,19,0.020696073986192498
9100607,motor,random,1,0.025,early,zero,19,0.029095186595628496
9100607,motor,random,1,0.025,late,action_blind,35,0.033772433890664075
9100607,motor,random,1,0.025,late,adaptive_nonlinear,35,0.00484074492194004
9100607,motor,random,1,0.025,late,knn_all,35,0.006482173448838462
9100607,motor,random,1,0.025,late,knn_recent,35,0.002023897309089134
9100607,motor,random,1,0.025,late,linear,35,0.01377406609859979
9100607,motor,random,1,0.025,late,nonlinear,35,0.00484074492194004
9100607,motor,random,1,0.025,late,zero,35,0.03088060116572587
9100607,motor,random,1,0.025,pre,action_blind,35,0.033475785036682255
9100607,motor,random,1,0.025,pre,adaptive_nonlinear,35,0.0017847090633812401
9100607,motor,random,1,0.025,pre,knn_all,35,0.0018869305848740958
9100607,motor,random,1,0.025,pre,knn_recent,35,0.0019815759676885926
9100607,motor,random,1,0.025,pre,linear,35,0.002000560250506984
9100607,motor,random,1,0.025,pre,nonlinear,35,0.0017847090633812401
9100607,motor,random,1,0.025,pre,zero,35,0.032514938528198756
9100607,motor_external,random,1,0.025,counterfactual,action_blind,5,0.017330108241312783
9100607,motor_external,random,1,0.025,counterfactual,adaptive_nonlinear,5,0.00553103210321364
9100607,motor_external,random,1,0.025,counterfactual,knn_all,5,0.004349534510185956
9100607,motor_external,random,1,0.025,counterfactual,knn_recent,5,0.004352001559563662
9100607,motor_external,random,1,0.025,counterfactual,linear,5,0.01288880188831655
9100607,motor_external,random,1,0.025,counterfactual,nonlinear,5,0.005675903561467078
9100607,motor_external,random,1,0.025,counterfactual,zero,5,0.01290514620861844
9100607,motor_external,random,1,0.025,early,action_blind,19,0.0517745247711279
9100607,motor_external,random,1,0.025,early,adaptive_nonlinear,19,0.02375934409817912
9100607,motor_external,random,1,0.025,early,knn_all,19,0.039267342269432695
9100607,motor_external,random,1,0.025,early,knn_recent,19,0.037346094026240506
9100607,motor_external,random,1,0.025,early,linear,19,0.07566432910688549
9100607,motor_external,random,1,0.025,early,nonlinear,19,0.02495164972647683
9100607,motor_external,random,1,0.025,early,zero,19,0.07016173036595548
9100607,motor_external,random,1,0.025,late,action_blind,35,0.015732872921916843
9100607,motor_external,random,1,0.025,late,adaptive_nonlinear,35,0.004474635123992157
9100607,motor_external,random,1,0.025,late,knn_all,35,0.004072918273557325
9100607,motor_external,random,1,0.025,late,knn_recent,35,0.004026449722942253
9100607,motor_external,random,1,0.025,late,linear,35,0.011829097065085909
9100607,motor_external,random,1,0.025,late,nonlinear,35,0.004565328415324199
9100607,motor_external,random,1,0.025,late,zero,35,0.01452387501767066
9100607,motor_external,random,1,0.025,pre,action_blind,35,0.033475785036682255
9100607,motor_external,random,1,0.025,pre,adaptive_nonlinear,35,0.0017847090633812401
9100607,motor_external,random,1,0.025,pre,knn_all,35,0.0018869305848740958
9100607,motor_external,random,1,0.025,pre,knn_recent,35,0.0019815759676885926
9100607,motor_external,random,1,0.025,pre,linear,35,0.002000560250506984
9100607,motor_external,random,1,0.025,pre,nonlinear,35,0.0017847090633812401
9100607,motor_external,random,1,0.025,pre,zero,35,0.032514938528198756
9100607,none,random,1,0.025,counterfactual,action_blind,5,0.03492114854972199
9100607,none,random,1,0.025,counterfactual,adaptive_nonlinear,5,0.0009895933633966212
9100607,none,random,1,0.025,counterfactual,knn_all,5,0.0013152829037671114
9100607,none,random,1,0.025,counterfactual,knn_recent,5,0.0013056664322071046
9100607,none,random,1,0.025,counterfactual,linear,5,0.0030036500321718356
9100607,none,random,1,0.025,counterfactual,nonlinear,5,0.0009895933633966212
9100607,none,random,1,0.025,counterfactual,zero,5,0.034745992881313414
9100607,none,random,1,0.025,early,action_blind,19,0.031890570504255054
9100607,none,random,1,0.025,early,adaptive_nonlinear,19,0.002852054503507253
9100607,none,random,1,0.025,early,knn_all,19,0.003335654595775974
9100607,none,random,1,0.025,early,knn_recent,19,0.003480957001261885
9100607,none,random,1,0.025,early,linear,19,0.0030660791906098146
9100607,none,random,1,0.025,early,nonlinear,19,0.002852054503507253
9100607,none,random,1,0.025,early,zero,19,0.030081342301539308
9100607,none,random,1,0.025,late,action_blind,35,0.037250855427108244
9100607,none,random,1,0.025,late,adaptive_nonlinear,35,0.0019766073115362786
9100607,none,random,1,0.025,late,knn_all,35,0.002153911105765142
9100607,none,random,1,0.025,late,knn_recent,35,0.00217931305187515
9100607,none,random,1,0.025,late,linear,35,0.0050705374930837275
9100607,none,random,1,0.025,late,nonlinear,35,0.0019766073115362786
9100607,none,random,1,0.025,late,zero,35,0.03631135998908656
9100607,none,random,1,0.025,pre,action_blind,35,0.033475785036682255
9100607,none,random,1,0.025,pre,adaptive_nonlinear,35,0.0017847090633812401
9100607,none,random,1,0.025,pre,knn_all,35,0.0018869305848740958
9100607,none,random,1,0.025,pre,knn_recent,35,0.0019815759676885926
9100607,none,random,1,0.025,pre,linear,35,0.002000560250506984
9100607,none,random,1,0.025,pre,nonlinear,35,0.0017847090633812401
9100607,none,random,1,0.025,pre,zero,35,0.032514938528198756
9100607,sensor,random,1,0.025,counterfactual,action_blind,5,0.03499791017530842
9100607,sensor,random,1,0.025,counterfactual,adaptive_nonlinear,5,0.0009623105116620603
9100607,sensor,random,1,0.025,counterfactual,knn_all,5,0.0013152829037671114
9100607,sensor,random,1,0.025,counterfactual,knn_recent,5,0.0013056664322071046
9100607,sensor,random,1,0.025,counterfactual,linear,5,0.0029100291160184763
9100607,sensor,random,1,0.025,counterfactual,nonlinear,5,0.0009728202258016599
9100607,sensor,random,1,0.025,counterfactual,zero,5,0.034745992881313414
9100607,sensor,random,1,0.025,early,action_blind,19,0.03207993520380185
9100607,sensor,random,1,0.025,early,adaptive_nonlinear,19,0.0030456293971429017
9100607,sensor,random,1,0.025,early,knn_all,19,0.0034971884569892833
9100607,sensor,random,1,0.025,early,knn_recent,19,0.0036562645263083335
9100607,sensor,random,1,0.025,early,linear,19,0.0030105422194453874
9100607,sensor,random,1,0.025,early,nonlinear,19,0.0029983374497873742
9100607,sensor,random,1,0.025,early,zero,19,0.030081342301539308
9100607,sensor,random,1,0.025,late,action_blind,35,0.037236271708579204
9100607,sensor,random,1,0.025,late,adaptive_nonlinear,35,0.001950751458025148
9100607,sensor,random,1,0.025,late,knn_all,35,0.0021542262836358027
9100607,sensor,random,1,0.025,late,knn_recent,35,0.00217931305187515
9100607,sensor,random,1,0.025,late,linear,35,0.005038234612521719
9100607,sensor,random,1,0.025,late,nonlinear,35,0.0019770988779574854
9100607,sensor,random,1,0.025,late,zero,35,0.03631135998908656
9100607,sensor,random,1,0.025,pre,action_blind,35,0.033475785036682255
9100607,sensor,random,1,0.025,pre,adaptive_nonlinear,35,0.0017847090633812401
9100607,sensor,random,1,0.025,pre,knn_all,35,0.0018869305848740958
9100607,sensor,random,1,0.025,pre,knn_recent,35,0.0019815759676885926
9100607,sensor,random,1,0.025,pre,linear,35,0.002000560250506984
9100607,sensor,random,1,0.025,pre,nonlinear,35,0.0017847090633812401
9100607,sensor,random,1,0.025,pre,zero,35,0.032514938528198756
9100607,unknown_nonlinear,random,1,0.025,counterfactual,action_blind,5,0.033683902313765196
9100607,unknown_nonlinear,random,1,0.025,counterfactual,adaptive_nonlinear,5,0.003832505856583817
9100607,unknown_nonlinear,random,1,0.025,counterfactual,knn_all,5,0.002949384989576873
9100607,unknown_nonlinear,random,1,0.025,counterfactual,knn_recent,5,0.0029907166195738766
9100607,unknown_nonlinear,random,1,0.025,counterfactual,linear,5,0.004717788172073191
9100607,unknown_nonlinear,random,1,0.025,counterfactual,nonlinear,5,0.003832505856583817
9100607,unknown_nonlinear,random,1,0.025,counterfactual,zero,5,0.03451338861513624
9100607,unknown_nonlinear,random,1,0.025,early,action_blind,19,0.029583836011519676
9100607,unknown_nonlinear,random,1,0.025,early,adaptive_nonlinear,19,0.005171564907824674
9100607,unknown_nonlinear,random,1,0.025,early,knn_all,19,0.0047345688170487565
9100607,unknown_nonlinear,random,1,0.025,early,knn_recent,19,0.004973858860130141
9100607,unknown_nonlinear,random,1,0.025,early,linear,19,0.005114674227662467
9100607,unknown_nonlinear,random,1,0.025,early,nonlinear,19,0.005171564907824674
9100607,unknown_nonlinear,random,1,0.025,early,zero,19,0.02885524956185137
9100607,unknown_nonlinear,random,1,0.025,late,action_blind,35,0.03101835784866686
9100607,unknown_nonlinear,random,1,0.025,late,adaptive_nonlinear,35,0.003393568105540996
9100607,unknown_nonlinear,random,1,0.025,late,knn_all,35,0.0021097798055304965
9100607,unknown_nonlinear,random,1,0.025,late,knn_recent,35,0.0023621179874919107
9100607,unknown_nonlinear,random,1,0.025,late,linear,35,0.0038286671554836455
9100607,unknown_nonlinear,random,1,0.025,late,nonlinear,35,0.003393568105540996
9100607,unknown_nonlinear,random,1,0.025,late,zero,35,0.0311089594321421
9100607,unknown_nonlinear,random,1,0.025,pre,action_blind,35,0.033475785036682255
9100607,unknown_nonlinear,random,1,0.025,pre,adaptive_nonlinear,35,0.0017847090633812401
9100607,unknown_nonlinear,random,1,0.025,pre,knn_all,35,0.0018869305848740958
9100607,unknown_nonlinear,random,1,0.025,pre,knn_recent,35,0.0019815759676885926
9100607,unknown_nonlinear,random,1,0.025,pre,linear,35,0.002000560250506984
9100607,unknown_nonlinear,random,1,0.025,pre,nonlinear,35,0.0017847090633812401
9100607,unknown_nonlinear,random,1,0.025,pre,zero,35,0.032514938528198756
9100708,external,random,1,0.025,counterfactual,action_blind,5,0.09234245455057935
9100708,external,random,1,0.025,counterfactual,adaptive_nonlinear,5,0.005169778201558906
9100708,external,random,1,0.025,counterfactual,knn_all,5,0.020063664956369277
9100708,external,random,1,0.025,counterfactual,knn_recent,5,0.01932743697621136
9100708,external,random,1,0.025,counterfactual,linear,5,0.04666786758175226
9100708,external,random,1,0.025,counterfactual,nonlinear,5,0.005169778201558906
9100708,external,random,1,0.025,counterfactual,zero,5,0.09581310787869463
9100708,external,random,1,0.025,early,action_blind,19,0.11446001645969
9100708,external,random,1,0.025,early,adaptive_nonlinear,19,0.013948922651685321
9100708,external,random,1,0.025,early,knn_all,19,0.018832933460831324
9100708,external,random,1,0.025,early,knn_recent,19,0.014032950911490535
9100708,external,random,1,0.025,early,linear,19,0.022642009202024905
9100708,external,random,1,0.025,early,nonlinear,19,0.013948922651685321
9100708,external,random,1,0.025,early,zero,19,0.10061163979540096
9100708,external,random,1,0.025,late,action_blind,35,0.03753382286865777
9100708,external,random,1,0.025,late,adaptive_nonlinear,35,0.011141181572132688
9100708,external,random,1,0.025,late,knn_all,35,0.01383433568074844
9100708,external,random,1,0.025,late,knn_recent,35,0.014164771749211687
9100708,external,random,1,0.025,late,linear,35,0.032421317141107575
9100708,external,random,1,0.025,late,nonlinear,35,0.011141181572132688
9100708,external,random,1,0.025,late,zero,35,0.0382533097366235
9100708,external,random,1,0.025,pre,action_blind,35,0.08969874312478308
9100708,external,random,1,0.025,pre,adaptive_nonlinear,35,0.002096708874840924
9100708,external,random,1,0.025,pre,knn_all,35,0.00244507911911233
9100708,external,random,1,0.025,pre,knn_recent,35,0.0024897301491718232
9100708,external,random,1,0.025,pre,linear,35,0.0035070501519453012
9100708,external,random,1,0.025,pre,nonlinear,35,0.002096708874840924
9100708,external,random,1,0.025,pre,zero,35,0.08451875509829043
9100708,motor,random,1,0.025,counterfactual,action_blind,5,0.05434515507818529
9100708,motor,random,1,0.025,counterfactual,adaptive_nonlinear,5,0.02567741106627095
9100708,motor,random,1,0.025,counterfactual,knn_all,5,0.06775891617995268
9100708,motor,random,1,0.025,counterfactual,knn_recent,5,0.002999740409791867
9100708,motor,random,1,0.025,counterfactual,linear,5,0.038985044150812005
9100708,motor,random,1,0.025,counterfactual,nonlinear,5,0.06625740495624224
9100708,motor,random,1,0.025,counterfactual,zero,5,0.05231075722717114
9100708,motor,random,1,0.025,early,action_blind,19,0.09015351201746685
9100708,motor,random,1,0.025,early,adaptive_nonlinear,19,0.053250712890395936
9100708,motor,random,1,0.025,early,knn_all,19,0.0904673732185303
9100708,motor,random,1,0.025,early,knn_recent,19,0.046904720495036356
9100708,motor,random,1,0.025,early,linear,19,0.10198776516406528
9100708,motor,random,1,0.025,early,nonlinear,19,0.0747216623191066
9100708,motor,random,1,0.025,early,zero,19,0.07950304501369139
9100708,motor,random,1,0.025,late,action_blind,35,0.049666032599863415
9100708,motor,random,1,0.025,late,adaptive_nonlinear,35,0.01901412124802663
9100708,motor,random,1,0.025,late,knn_all,35,0.04503437540814631
9100708,motor,random,1,0.025,late,knn_recent,35,0.003234385556528532
9100708,motor,random,1,0.025,late,linear,35,0.032550562900990544
9100708,motor,random,1,0.025,late,nonlinear,35,0.0501712003176859
9100708,motor,random,1,0.025,late,zero,35,0.04755129923791829
9100708,motor,random,1,0.025,pre,action_blind,35,0.08969874312478308
9100708,motor,random,1,0.025,pre,adaptive_nonlinear,35,0.002096708874840924
9100708,motor,random,1,0.025,pre,knn_all,35,0.00244507911911233
9100708,motor,random,1,0.025,pre,knn_recent,35,0.0024897301491718232
9100708,motor,random,1,0.025,pre,linear,35,0.0035070501519453012
9100708,motor,random,1,0.025,pre,nonlinear,35,0.002096708874840924
9100708,motor,random,1,0.025,pre,zero,35,0.08451875509829043
9100708,motor_external,random,1,0.025,counterfactual,action_blind,5,0.044831632764230175
9100708,motor_external,random,1,0.025,counterfactual,adaptive_nonlinear,5,0.00924987405942557
9100708,motor_external,random,1,0.025,counterfactual,knn_all,5,0.007792746504468907
9100708,motor_external,random,1,0.025,counterfactual,knn_recent,5,0.007743421175408663
9100708,motor_external,random,1,0.025,counterfactual,linear,5,0.03858077127398026
9100708,motor_external,random,1,0.025,counterfactual,nonlinear,5,0.010328974465062642
9100708,motor_external,random,1,0.025,counterfactual,zero,5,0.03376816736928294
9100708,motor_external,random,1,0.025,early,action_blind,19,0.12470652771142177
9100708,motor_external,random,1,0.025,early,adaptive_nonlinear,19,0.040219353805408906
9100708,motor_external,random,1,0.025,early,knn_all,19,0.06638063661053657
9100708,motor_external,random,1,0.025,early,knn_recent,19,0.04979642423921389
9100708,motor_external,random,1,0.025,early,linear,19,0.13218446719096166
9100708,motor_external,random,1,0.025,early,nonlinear,19,0.04766980672542235
9100708,motor_external,random,1,0.025,early,zero,19,0.1286427205584017
9100708,motor_external,random,1,0.025,late,action_blind,35,0.037959710208506525
9100708,motor_external,random,1,0.025,late,adaptive_nonlinear,35,0.006433556435194944
9100708,motor_external,random,1,0.025,late,knn_all,35,0.006619011677588249
9100708,motor_external,random,1,0.025,late,knn_recent,35,0.006653173097597312
9100708,motor_external,random,1,0.025,late,linear,35,0.03104182797851079
9100708,motor_external,random,1,0.025,late,nonlinear,35,0.006892645487599592
9100708,motor_external,random,1,0.025,late,zero,35,0.035422818121755704
9100708,motor_external,random,1,0.025,pre,action_blind,35,0.08969874312478308
9100708,motor_external,random,1,0.025,pre,adaptive_nonlinear,35,0.002096708874840924
9100708,motor_external,random,1,0.025,pre,knn_all,35,0.00244507911911233
9100708,motor_external,random,1,0.025,pre,knn_recent,35,0.0024897301491718232
9100708,motor_external,random,1,0.025,pre,linear,35,0.0035070501519453012
9100708,motor_external,random,1,0.025,pre,nonlinear,35,0.002096708874840924
9100708,motor_external,random,1,0.025,pre,zero,35,0.08451875509829043
9100708,none,random,1,0.025,counterfactual,action_blind,5,0.04637564545488076
9100708,none,random,1,0.025,counterfactual,adaptive_nonlinear,5,0.0013690261159442054
9100708,none,random,1,0.025,counterfactual,knn_all,5,0.002429112195421932
9100708,none,random,1,0.025,counterfactual,knn_recent,5,0.0019595232868920517
9100708,none,random,1,0.025,counterfactual,linear,5,0.011195680346848482
9100708,none,random,1,0.025,counterfactual,nonlinear,5,0.0013690261159442054
9100708,none,random,1,0.025,counterfactual,zero,5,0.039321085151812915
9100708,none,random,1,0.025,early,action_blind,19,0.05426289631905099
9100708,none,random,1,0.025,early,adaptive_nonlinear,19,0.002177139339279278
9100708,none,random,1,0.025,early,knn_all,19,0.0035823619768484386
9100708,none,random,1,0.025,early,knn_recent,19,0.0038305637856997214
9100708,none,random,1,0.025,early,linear,19,0.005748858180473759
9100708,none,random,1,0.025,early,nonlinear,19,0.002177139339279278
9100708,none,random,1,0.025,early,zero,19,0.049489071937617514
9100708,none,random,1,0.025,late,action_blind,35,0.03832731045721351
9100708,none,random,1,0.025,late,adaptive_nonlinear,35,0.003069518640536548
9100708,none,random,1,0.025,late,knn_all,35,0.003868683561541303
9100708,none,random,1,0.025,late,knn_recent,35,0.003694393649922784
9100708,none,random,1,0.025,late,linear,35,0.015176461750579897
9100708,none,random,1,0.025,late,nonlinear,35,0.003069518640536548
9100708,none,random,1,0.025,late,zero,35,0.035959075016837615
9100708,none,random,1,0.025,pre,action_blind,35,0.08969874312478308
9100708,none,random,1,0.025,pre,adaptive_nonlinear,35,0.002096708874840924
9100708,none,random,1,0.025,pre,knn_all,35,0.00244507911911233
9100708,none,random,1,0.025,pre,knn_recent,35,0.0024897301491718232
9100708,none,random,1,0.025,pre,linear,35,0.0035070501519453012
9100708,none,random,1,0.025,pre,nonlinear,35,0.002096708874840924
9100708,none,random,1,0.025,pre,zero,35,0.08451875509829043
9100708,sensor,random,1,0.025,counterfactual,action_blind,5,0.04619405843220802
9100708,sensor,random,1,0.025,counterfactual,adaptive_nonlinear,5,0.001332372665869198
9100708,sensor,random,1,0.025,counterfactual,knn_all,5,0.0023270355043715665
9100708,sensor,random,1,0.025,counterfactual,knn_recent,5,0.0019595232868920517
9100708,sensor,random,1,0.025,counterfactual,linear,5,0.011626820266684318
9100708,sensor,random,1,0.025,counterfactual,nonlinear,5,0.001407376368789482
9100708,sensor,random,1,0.025,counterfactual,zero,5,0.039321085151812915
9100708,sensor,random,1,0.025,early,action_blind,19,0.05019732717497762
9100708,sensor,random,1,0.025,early,adaptive_nonlinear,19,0.002497920143061178
9100708,sensor,random,1,0.025,early,knn_all,19,0.003984054421740349
9100708,sensor,random,1,0.025,early,knn_recent,19,0.004263933180823356
9100708,sensor,random,1,0.025,early,linear,19,0.006155711113812437
9100708,sensor,random,1,0.025,early,nonlinear,19,0.0024920909071920495
9100708,sensor,random,1,0.025,early,zero,19,0.049489071937617514
9100708,sensor,random,1,0.025,late,action_blind,35,0.03852004368225766
9100708,sensor,random,1,0.025,late,adaptive_nonlinear,35,0.003078755062591719
9100708,sensor,random,1,0.025,late,knn_all,35,0.0038397450291731434
9100708,sensor,random,1,0.025,late,knn_recent,35,0.003694393649922784
9100708,sensor,random,1,0.025,late,linear,35,0.015556074046094432
9100708,sensor,random,1,0.025,late,nonlinear,35,0.003121137828479572
9100708,sensor,random,1,0.025,late,zero,35,0.035959075016837615
9100708,sensor,random,1,0.025,pre,action_blind,35,0.08969874312478308
9100708,sensor,random,1,0.025,pre,adaptive_nonlinear,35,0.002096708874840924
9100708,sensor,random,1,0.025,pre,knn_all,35,0.00244507911911233
9100708,sensor,random,1,0.025,pre,knn_recent,35,0.0024897301491718232
9100708,sensor,random,1,0.025,pre,linear,35,0.0035070501519453012
9100708,sensor,random,1,0.025,pre,nonlinear,35,0.002096708874840924
9100708,sensor,random,1,0.025,pre,zero,35,0.08451875509829043
9100708,unknown_nonlinear,random,1,0.025,counterfactual,action_blind,5,0.03915699089807145
9100708,unknown_nonlinear,random,1,0.025,counterfactual,adaptive_nonlinear,5,0.004230668700398533
9100708,unknown_nonlinear,random,1,0.025,counterfactual,knn_all,5,0.001401908878810986
9100708,unknown_nonlinear,random,1,0.025,counterfactual,knn_recent,5,0.0014465711084140384
9100708,unknown_nonlinear,random,1,0.025,counterfactual,linear,5,0.013458222619562879
9100708,unknown_nonlinear,random,1,0.025,counterfactual,nonlinear,5,0.004230668700398533
9100708,unknown_nonlinear,random,1,0.025,counterfactual,zero,5,0.0367259180726406
9100708,unknown_nonlinear,random,1,0.025,early,action_blind,19,0.049674401947505664
9100708,unknown_nonlinear,random,1,0.025,early,adaptive_nonlinear,19,0.010123760998718534
9100708,unknown_nonlinear,random,1,0.025,early,knn_all,19,0.008871564228893366
9100708,unknown_nonlinear,random,1,0.025,early,knn_recent,19,0.009701678007631507
9100708,unknown_nonlinear,random,1,0.025,early,linear,19,0.01758743806750015
9100708,unknown_nonlinear,random,1,0.025,early,nonlinear,19,0.010123760998718534
9100708,unknown_nonlinear,random,1,0.025,early,zero,19,0.04775004800508748
9100708,unknown_nonlinear,random,1,0.025,late,action_blind,35,0.04665394687066779
9100708,unknown_nonlinear,random,1,0.025,late,adaptive_nonlinear,35,0.006482744566113632
9100708,unknown_nonlinear,random,1,0.025,late,knn_all,35,0.0027325385995433703
9100708,unknown_nonlinear,random,1,0.025,late,knn_recent,35,0.00270112139364888
9100708,unknown_nonlinear,random,1,0.025,late,linear,35,0.014198042069577846
9100708,unknown_nonlinear,random,1,0.025,late,nonlinear,35,0.006482744566113632
9100708,unknown_nonlinear,random,1,0.025,late,zero,35,0.04379284589271711
9100708,unknown_nonlinear,random,1,0.025,pre,action_blind,35,0.08969874312478308
9100708,unknown_nonlinear,random,1,0.025,pre,adaptive_nonlinear,35,0.002096708874840924
9100708,unknown_nonlinear,random,1,0.025,pre,knn_all,35,0.00244507911911233
9100708,unknown_nonlinear,random,1,0.025,pre,knn_recent,35,0.0024897301491718232
9100708,unknown_nonlinear,random,1,0.025,pre,linear,35,0.0035070501519453012
9100708,unknown_nonlinear,random,1,0.025,pre,nonlinear,35,0.002096708874840924
9100708,unknown_nonlinear,random,1,0.025,pre,zero,35,0.08451875509829043
9100809,external,random,1,0.025,counterfactual,action_blind,5,0.03229398910314957
9100809,external,random,1,0.025,counterfactual,adaptive_nonlinear,5,0.005041892974457516
9100809,external,random,1,0.025,counterfactual,knn_all,5,0.002847786328040245
9100809,external,random,1,0.025,counterfactual,knn_recent,5,0.0029347179838146147
9100809,external,random,1,0.025,counterfactual,linear,5,0.021796776988853822
9100809,external,random,1,0.025,counterfactual,nonlinear,5,0.005041892974457516
9100809,external,random,1,0.025,counterfactual,zero,5,0.03335635888652135
9100809,external,random,1,0.025,early,action_blind,19,0.059974265125729856
9100809,external,random,1,0.025,early,adaptive_nonlinear,19,0.008756220635911185
9100809,external,random,1,0.025,early,knn_all,19,0.015748795034877413
9100809,external,random,1,0.025,early,knn_recent,19,0.015462474576655616
9100809,external,random,1,0.025,early,linear,19,0.03454040302074984
9100809,external,random,1,0.025,early,nonlinear,19,0.008756220635911185
9100809,external,random,1,0.025,early,zero,19,0.060621778587666666
9100809,external,random,1,0.025,late,action_blind,35,0.06454067413331363
9100809,external,random,1,0.025,late,adaptive_nonlinear,35,0.024466262154834082
9100809,external,random,1,0.025,late,knn_all,35,0.018219568121998698
9100809,external,random,1,0.025,late,knn_recent,35,0.01824281384199867
9100809,external,random,1,0.025,late,linear,35,0.05694433096431461
9100809,external,random,1,0.025,late,nonlinear,35,0.025189570645103614
9100809,external,random,1,0.025,late,zero,35,0.06180748417601408
9100809,external,random,1,0.025,pre,action_blind,35,0.06492926950452031
9100809,external,random,1,0.025,pre,adaptive_nonlinear,35,0.002092115167194944
9100809,external,random,1,0.025,pre,knn_all,35,0.0026619243244279675
9100809,external,random,1,0.025,pre,knn_recent,35,0.003006275326236598
9100809,external,random,1,0.025,pre,linear,35,0.0030443377486301867
9100809,external,random,1,0.025,pre,nonlinear,35,0.002092115167194944
9100809,external,random,1,0.025,pre,zero,35,0.06570184431686968
9100809,motor,random,1,0.025,counterfactual,action_blind,5,0.0856299239884564
9100809,motor,random,1,0.025,counterfactual,adaptive_nonlinear,5,0.015446006376726907
9100809,motor,random,1,0.025,counterfactual,knn_all,5,0.04109710859953227
9100809,motor,random,1,0.025,counterfactual,knn_recent,5,0.0009624089834710314
9100809,motor,random,1,0.025,counterfactual,linear,5,0.0339597554178792
9100809,motor,random,1,0.025,counterfactual,nonlinear,5,0.019182067767439293
9100809,motor,random,1,0.025,counterfactual,zero,5,0.08400869886217296
9100809,motor,random,1,0.025,early,action_blind,19,0.10990561159368815
9100809,motor,random,1,0.025,early,adaptive_nonlinear,19,0.015085821504532894
9100809,motor,random,1,0.025,early,knn_all,19,0.03791506992233535
9100809,motor,random,1,0.025,early,knn_recent,19,0.021117212084454835
9100809,motor,random,1,0.025,early,linear,19,0.09536111887790584
9100809,motor,random,1,0.025,early,nonlinear,19,0.01830006402337308
9100809,motor,random,1,0.025,early,zero,19,0.09055544149843271
9100809,motor,random,1,0.025,late,action_blind,35,0.10320926734158724
9100809,motor,random,1,0.025,late,adaptive_nonlinear,35,0.014920489897639323
9100809,motor,random,1,0.025,late,knn_all,35,0.013024145371002065
9100809,motor,random,1,0.025,late,knn_recent,35,0.003444761524489046
9100809,motor,random,1,0.025,late,linear,35,0.033273213010917006
9100809,motor,random,1,0.025,late,nonlinear,35,0.017937947966706353
9100809,motor,random,1,0.025,late,zero,35,0.09704747369709078
9100809,motor,random,1,0.025,pre,action_blind,35,0.06492926950452031
9100809,motor,random,1,0.025,pre,adaptive_nonlinear,35,0.002092115167194944
9100809,motor,random,1,0.025,pre,knn_all,35,0.0026619243244279675
9100809,motor,random,1,0.025,pre,knn_recent,35,0.003006275326236598
9100809,motor,random,1,0.025,pre,linear,35,0.0030443377486301867
9100809,motor,random,1,0.025,pre,nonlinear,35,0.002092115167194944
9100809,motor,random,1,0.025,pre,zero,35,0.06570184431686968
9100809,motor_external,random,1,0.025,counterfactual,action_blind,5,0.07666575559716571
9100809,motor_external,random,1,0.025,counterfactual,adaptive_nonlinear,5,0.01420831160764886
9100809,motor_external,random,1,0.025,counterfactual,knn_all,5,0.03101323719399001
9100809,motor_external,random,1,0.025,counterfactual,knn_recent,5,0.03056291452721751
9100809,motor_external,random,1,0.025,counterfactual,linear,5,0.09290259139492571
9100809,motor_external,random,1,0.025,counterfactual,nonlinear,5,0.01900057775844641
9100809,motor_external,random,1,0.025,counterfactual,zero,5,0.06661071809981398
9100809,motor_external,random,1,0.025,early,action_blind,19,0.04210885422807076
9100809,motor_external,random,1,0.025,early,adaptive_nonlinear,19,0.018861228193005834
9100809,motor_external,random,1,0.025,early,knn_all,19,0.016087331140325158
9100809,motor_external,random,1,0.025,early,knn_recent,19,0.013955318155576765
9100809,motor_external,random,1,0.025,early,linear,19,0.062310142462021656
9100809,motor_external,random,1,0.025,early,nonlinear,19,0.01877845016882374
9100809,motor_external,random,1,0.025,early,zero,19,0.03537600187609954
9100809,motor_external,random,1,0.025,late,action_blind,35,0.056030833348599964
9100809,motor_external,random,1,0.025,late,adaptive_nonlinear,35,0.03741430020192779
9100809,motor_external,random,1,0.025,late,knn_all,35,0.02985944134207874
9100809,motor_external,random,1,0.025,late,knn_recent,35,0.029528318471496614
9100809,motor_external,random,1,0.025,late,linear,35,0.06120751470441758
9100809,motor_external,random,1,0.025,late,nonlinear,35,0.03901135709372467
9100809,motor_external,random,1,0.025,late,zero,35,0.05291371379134931
9100809,motor_external,random,1,0.025,pre,action_blind,35,0.06492926950452031
9100809,motor_external,random,1,0.025,pre,adaptive_nonlinear,35,0.002092115167194944
9100809,motor_external,random,1,0.025,pre,knn_all,35,0.0026619243244279675
9100809,motor_external,random,1,0.025,pre,knn_recent,35,0.003006275326236598
9100809,motor_external,random,1,0.025,pre,linear,35,0.0030443377486301867
9100809,motor_external,random,1,0.025,pre,nonlinear,35,0.002092115167194944
9100809,motor_external,random,1,0.025,pre,zero,35,0.06570184431686968
9100809,none,random,1,0.025,counterfactual,action_blind,5,0.09015239877252529
9100809,none,random,1,0.025,counterfactual,adaptive_nonlinear,5,0.0010345313435587413
9100809,none,random,1,0.025,counterfactual,knn_all,5,0.0010691300950399964
9100809,none,random,1,0.025,counterfactual,knn_recent,5,0.0010093465702569672
9100809,none,random,1,0.025,counterfactual,linear,5,0.0023946228846707016
9100809,none,random,1,0.025,counterfactual,nonlinear,5,0.0010345313435587413
9100809,none,random,1,0.025,counterfactual,zero,5,0.0891726411989161
9100809,none,random,1,0.025,early,action_blind,19,0.09004578965980396
9100809,none,random,1,0.025,early,adaptive_nonlinear,19,0.0030232059572897776
9100809,none,random,1,0.025,early,knn_all,19,0.00365678257147834
9100809,none,random,1,0.025,early,knn_recent,19,0.004780831283017314
9100809,none,random,1,0.025,early,linear,19,0.006973722602819983
9100809,none,random,1,0.025,early,nonlinear,19,0.0030232059572897776
9100809,none,random,1,0.025,early,zero,19,0.08767737648835333
9100809,none,random,1,0.025,late,action_blind,35,0.09372420329424429
9100809,none,random,1,0.025,late,adaptive_nonlinear,35,0.0030748349665786143
9100809,none,random,1,0.025,late,knn_all,35,0.003090003045860574
9100809,none,random,1,0.025,late,knn_recent,35,0.0037890959502737773
9100809,none,random,1,0.025,late,linear,35,0.009369018308704033
9100809,none,random,1,0.025,late,nonlinear,35,0.0030748349665786143
9100809,none,random,1,0.025,late,zero,35,0.08492836731224078
9100809,none,random,1,0.025,pre,action_blind,35,0.06492926950452031
9100809,none,random,1,0.025,pre,adaptive_nonlinear,35,0.002092115167194944
9100809,none,random,1,0.025,pre,knn_all,35,0.0026619243244279675
9100809,none,random,1,0.025,pre,knn_recent,35,0.003006275326236598
9100809,none,random,1,0.025,pre,linear,35,0.0030443377486301867
9100809,none,random,1,0.025,pre,nonlinear,35,0.002092115167194944
9100809,none,random,1,0.025,pre,zero,35,0.06570184431686968
9100809,sensor,random,1,0.025,counterfactual,action_blind,5,0.08986661516152228
9100809,sensor,random,1,0.025,counterfactual,adaptive_nonlinear,5,0.0010815731254851528
9100809,sensor,random,1,0.025,counterfactual,knn_all,5,0.0013008074355715016
9100809,sensor,random,1,0.025,counterfactual,knn_recent,5,0.0010093465702569672
9100809,sensor,random,1,0.025,counterfactual,linear,5,0.002351929378246374
9100809,sensor,random,1,0.025,counterfactual,nonlinear,5,0.0011067001433565644
9100809,sensor,random,1,0.025,counterfactual,zero,5,0.0891726411989161
9100809,sensor,random,1,0.025,early,action_blind,19,0.08985205144878322
9100809,sensor,random,1,0.025,early,adaptive_nonlinear,19,0.0033158792618690042
9100809,sensor,random,1,0.025,early,knn_all,19,0.003999459380401557
9100809,sensor,random,1,0.025,early,knn_recent,19,0.005062401845544531
9100809,sensor,random,1,0.025,early,linear,19,0.00695196641358273
9100809,sensor,random,1,0.025,early,nonlinear,19,0.0033593331617834464
9100809,sensor,random,1,0.025,early,zero,19,0.08767737648835333
9100809,sensor,random,1,0.025,late,action_blind,35,0.09410001978497923
9100809,sensor,random,1,0.025,late,adaptive_nonlinear,35,0.002842921714901296
9100809,sensor,random,1,0.025,late,knn_all,35,0.003176624230384203
9100809,sensor,random,1,0.025,late,knn_recent,35,0.0037890959502737773
9100809,sensor,random,1,0.025,late,linear,35,0.009370937510555946
9100809,sensor,random,1,0.025,late,nonlinear,35,0.002937602188225922
9100809,sensor,random,1,0.025,late,zero,35,0.08492836731224078
9100809,sensor,random,1,0.025,pre,action_blind,35,0.06492926950452031
9100809,sensor,random,1,0.025,pre,adaptive_nonlinear,35,0.002092115167194944
9100809,sensor,random,1,0.025,pre,knn_all,35,0.0026619243244279675
9100809,sensor,random,1,0.025,pre,knn_recent,35,0.003006275326236598
9100809,sensor,random,1,0.025,pre,linear,35,0.0030443377486301867
9100809,sensor,random,1,0.025,pre,nonlinear,35,0.002092115167194944
9100809,sensor,random,1,0.025,pre,zero,35,0.06570184431686968
9100809,unknown_nonlinear,random,1,0.025,counterfactual,action_blind,5,0.07625503642130989
9100809,unknown_nonlinear,random,1,0.025,counterfactual,adaptive_nonlinear,5,0.0062871464772425
9100809,unknown_nonlinear,random,1,0.025,counterfactual,knn_all,5,0.001275966879041053
9100809,unknown_nonlinear,random,1,0.025,counterfactual,knn_recent,5,0.0011442072213405838
9100809,unknown_nonlinear,random,1,0.025,counterfactual,linear,5,0.010991629435699549
9100809,unknown_nonlinear,random,1,0.025,counterfactual,nonlinear,5,0.0062871464772425
9100809,unknown_nonlinear,random,1,0.025,counterfactual,zero,5,0.07453050762429933
9100809,unknown_nonlinear,random,1,0.025,early,action_blind,19,0.09386277331998878
9100809,unknown_nonlinear,random,1,0.025,early,adaptive_nonlinear,19,0.008850118051924432
9100809,unknown_nonlinear,random,1,0.025,early,knn_all,19,0.008211964249491673
9100809,unknown_nonlinear,random,1,0.025,early,knn_recent,19,0.008689070046560263
9100809,unknown_nonlinear,random,1,0.025,early,linear,19,0.014928113212109871
9100809,unknown_nonlinear,random,1,0.025,early,nonlinear,19,0.008850118051924432
9100809,unknown_nonlinear,random,1,0.025,early,zero,19,0.0898367784131138
9100809,unknown_nonlinear,random,1,0.025,late,action_blind,35,0.060215443113958586
9100809,unknown_nonlinear,random,1,0.025,late,adaptive_nonlinear,35,0.008102610915912455
9100809,unknown_nonlinear,random,1,0.025,late,knn_all,35,0.006676381232729685
9100809,unknown_nonlinear,random,1,0.025,late,knn_recent,35,0.006892342424037925
9100809,unknown_nonlinear,random,1,0.025,late,linear,35,0.018886143986952087
9100809,unknown_nonlinear,random,1,0.025,late,nonlinear,35,0.008102610915912455
9100809,unknown_nonlinear,random,1,0.025,late,zero,35,0.06040321149353738
9100809,unknown_nonlinear,random,1,0.025,pre,action_blind,35,0.06492926950452031
9100809,unknown_nonlinear,random,1,0.025,pre,adaptive_nonlinear,35,0.002092115167194944
9100809,unknown_nonlinear,random,1,0.025,pre,knn_all,35,0.0026619243244279675
9100809,unknown_nonlinear,random,1,0.025,pre,knn_recent,35,0.003006275326236598
9100809,unknown_nonlinear,random,1,0.025,pre,linear,35,0.0030443377486301867
9100809,unknown_nonlinear,random,1,0.025,pre,nonlinear,35,0.002092115167194944
9100809,unknown_nonlinear,random,1,0.025,pre,zero,35,0.06570184431686968
9100910,external,random,1,0.025,counterfactual,action_blind,5,0.006144927398906931
9100910,external,random,1,0.025,counterfactual,adaptive_nonlinear,5,0.01699366086832487
9100910,external,random,1,0.025,counterfactual,knn_all,5,0.012030480326022799
9100910,external,random,1,0.025,counterfactual,knn_recent,5,0.011995750086948942
9100910,external,random,1,0.025,counterfactual,linear,5,0.02366359266040733
9100910,external,random,1,0.025,counterfactual,nonlinear,5,0.01818807462076074
9100910,external,random,1,0.025,counterfactual,zero,5,0.003053046263285216
9100910,external,random,1,0.025,early,action_blind,19,0.04837433577692874
9100910,external,random,1,0.025,early,adaptive_nonlinear,19,0.011227729641766677
9100910,external,random,1,0.025,early,knn_all,19,0.01965115166521516
9100910,external,random,1,0.025,early,knn_recent,19,0.018458974933670443
9100910,external,random,1,0.025,early,linear,19,0.03951311536755993
9100910,external,random,1,0.025,early,nonlinear,19,0.011227729641766677
9100910,external,random,1,0.025,early,zero,19,0.07100914446129626
9100910,external,random,1,0.025,late,action_blind,35,0.010890319690001565
9100910,external,random,1,0.025,late,adaptive_nonlinear,35,0.00860428958464307
9100910,external,random,1,0.025,late,knn_all,35,0.007367645748311705
9100910,external,random,1,0.025,late,knn_recent,35,0.007266039294177949
9100910,external,random,1,0.025,late,linear,35,0.02400512718397732
9100910,external,random,1,0.025,late,nonlinear,35,0.009058412036350025
9100910,external,random,1,0.025,late,zero,35,0.011306517619846052
9100910,external,random,1,0.025,pre,action_blind,35,0.04906386011696327
9100910,external,random,1,0.025,pre,adaptive_nonlinear,35,0.002133670619644059
9100910,external,random,1,0.025,pre,knn_all,35,0.0022761688557350825
9100910,external,random,1,0.025,pre,knn_recent,35,0.0024540379394208853
9100910,external,random,1,0.025,pre,linear,35,0.0023393358195443296
9100910,external,random,1,0.025,pre,nonlinear,35,0.002133670619644059
9100910,external,random,1,0.025,pre,zero,35,0.04791086648732519
9100910,motor,random,1,0.025,counterfactual,action_blind,5,0.04508136861942817
9100910,motor,random,1,0.025,counterfactual,adaptive_nonlinear,5,0.03708841635824387
9100910,motor,random,1,0.025,counterfactual,knn_all,5,0.060410361025979055
9100910,motor,random,1,0.025,counterfactual,knn_recent,5,0.004844150837309699
9100910,motor,random,1,0.025,counterfactual,linear,5,0.025947986762507015
9100910,motor,random,1,0.025,counterfactual,nonlinear,5,0.04259117469239908
9100910,motor,random,1,0.025,counterfactual,zero,5,0.04248854134800818
9100910,motor,random,1,0.025,early,action_blind,19,0.048855657750702164
9100910,motor,random,1,0.025,early,adaptive_nonlinear,19,0.044334146570156496
9100910,motor,random,1,0.025,early,knn_all,19,0.05933291151202498
9100910,motor,random,1,0.025,early,knn_recent,19,0.053030493007650004
9100910,motor,random,1,0.025,early,linear,19,0.0643089085735049
9100910,motor,random,1,0.025,early,nonlinear,19,0.05039186646490736
9100910,motor,random,1,0.025,early,zero,19,0.0499147363978949
9100910,motor,random,1,0.025,late,action_blind,35,0.035245963631948436
9100910,motor,random,1,0.025,late,adaptive_nonlinear,35,0.029809891385746554
9100910,motor,random,1,0.025,late,knn_all,35,0.04516571315443123
9100910,motor,random,1,0.025,late,knn_recent,35,0.0029896625080619538
9100910,motor,random,1,0.025,late,linear,35,0.020443803256575185
9100910,motor,random,1,0.025,late,nonlinear,35,0.03636266956047497
9100910,motor,random,1,0.025,late,zero,35,0.03514875910018028
9100910,motor,random,1,0.025,pre,action_blind,35,0.04906386011696327
9100910,motor,random,1,0.025,pre,adaptive_nonlinear,35,0.002133670619644059
9100910,motor,random,1,0.025,pre,knn_all,35,0.0022761688557350825
9100910,motor,random,1,0.025,pre,knn_recent,35,0.0024540379394208853
9100910,motor,random,1,0.025,pre,linear,35,0.0023393358195443296
9100910,motor,random,1,0.025,pre,nonlinear,35,0.002133670619644059
9100910,motor,random,1,0.025,pre,zero,35,0.04791086648732519
9100910,motor_external,random,1,0.025,counterfactual,action_blind,5,0.01262552626754169
9100910,motor_external,random,1,0.025,counterfactual,adaptive_nonlinear,5,0.009187703827879682
9100910,motor_external,random,1,0.025,counterfactual,knn_all,5,0.013132003332281397
9100910,motor_external,random,1,0.025,counterfactual,knn_recent,5,0.013164548377269134
9100910,motor_external,random,1,0.025,counterfactual,linear,5,0.02113692030598219
9100910,motor_external,random,1,0.025,counterfactual,nonlinear,5,0.00959991421724721
9100910,motor_external,random,1,0.025,counterfactual,zero,5,0.019873525519152575
9100910,motor_external,random,1,0.025,early,action_blind,19,0.07160884999815516
9100910,motor_external,random,1,0.025,early,adaptive_nonlinear,19,0.02190026801595437
9100910,motor_external,random,1,0.025,early,knn_all,19,0.0476569536040956
9100910,motor_external,random,1,0.025,early,knn_recent,19,0.03979106394742395
9100910,motor_external,random,1,0.025,early,linear,19,0.08762629548442093
9100910,motor_external,random,1,0.025,early,nonlinear,19,0.024680306360559536
9100910,motor_external,random,1,0.025,early,zero,19,0.0755984038244545
9100910,motor_external,random,1,0.025,late,action_blind,35,0.00820877579245713
9100910,motor_external,random,1,0.025,late,adaptive_nonlinear,35,0.009779036403134286
9100910,motor_external,random,1,0.025,late,knn_all,35,0.008705535721997545
9100910,motor_external,random,1,0.025,late,knn_recent,35,0.008948773348860009
9100910,motor_external,random,1,0.025,late,linear,35,0.019182170802829284
9100910,motor_external,random,1,0.025,late,nonlinear,35,0.01004283292792574
9100910,motor_external,random,1,0.025,late,zero,35,0.009078476800671158
9100910,motor_external,random,1,0.025,pre,action_blind,35,0.04906386011696327
9100910,motor_external,random,1,0.025,pre,adaptive_nonlinear,35,0.002133670619644059
9100910,motor_external,random,1,0.025,pre,knn_all,35,0.0022761688557350825
9100910,motor_external,random,1,0.025,pre,knn_recent,35,0.0024540379394208853
9100910,motor_external,random,1,0.025,pre,linear,35,0.0023393358195443296
9100910,motor_external,random,1,0.025,pre,nonlinear,35,0.002133670619644059
9100910,motor_external,random,1,0.025,pre,zero,35,0.04791086648732519
9100910,none,random,1,0.025,counterfactual,action_blind,5,0.031366741979867496
9100910,none,random,1,0.025,counterfactual,adaptive_nonlinear,5,0.0034805458027302636
9100910,none,random,1,0.025,counterfactual,knn_all,5,0.0033988004382201563
9100910,none,random,1,0.025,counterfactual,knn_recent,5,0.0034967886265784634
9100910,none,random,1,0.025,counterfactual,linear,5,0.0035058511373137016
9100910,none,random,1,0.025,counterfactual,nonlinear,5,0.0034805458027302636
9100910,none,random,1,0.025,counterfactual,zero,5,0.02957197005073675
9100910,none,random,1,0.025,early,action_blind,19,0.03067088713765794
9100910,none,random,1,0.025,early,adaptive_nonlinear,19,0.0018425207193512167
9100910,none,random,1,0.025,early,knn_all,19,0.002195054565379801
9100910,none,random,1,0.025,early,knn_recent,19,0.0024503147463452468
9100910,none,random,1,0.025,early,linear,19,0.001992439550834598
9100910,none,random,1,0.025,early,nonlinear,19,0.0018425207193512167
9100910,none,random,1,0.025,early,zero,19,0.033461071219510925
9100910,none,random,1,0.025,late,action_blind,35,0.03324765282805653
9100910,none,random,1,0.025,late,adaptive_nonlinear,35,0.0020300334375543847
9100910,none,random,1,0.025,late,knn_all,35,0.00236083034681557
9100910,none,random,1,0.025,late,knn_recent,35,0.0026568934600953455
9100910,none,random,1,0.025,late,linear,35,0.0037400484322626763
9100910,none,random,1,0.025,late,nonlinear,35,0.0020300334375543847
9100910,none,random,1,0.025,late,zero,35,0.028135340140150567
9100910,none,random,1,0.025,pre,action_blind,35,0.04906386011696327
9100910,none,random,1,0.025,pre,adaptive_nonlinear,35,0.002133670619644059
9100910,none,random,1,0.025,pre,knn_all,35,0.0022761688557350825
9100910,none,random,1,0.025,pre,knn_recent,35,0.0024540379394208853
9100910,none,random,1,0.025,pre,linear,35,0.0023393358195443296
9100910,none,random,1,0.025,pre,nonlinear,35,0.002133670619644059
9100910,none,random,1,0.025,pre,zero,35,0.04791086648732519
9100910,sensor,random,1,0.025,counterfactual,action_blind,5,0.031037507858871615
9100910,sensor,random,1,0.025,counterfactual,adaptive_nonlinear,5,0.003097770059804688
9100910,sensor,random,1,0.025,counterfactual,knn_all,5,0.0035598172942634997
9100910,sensor,random,1,0.025,counterfactual,knn_recent,5,0.0034967886265784634
9100910,sensor,random,1,0.025,counterfactual,linear,5,0.0033922021784125343
9100910,sensor,random,1,0.025,counterfactual,nonlinear,5,0.0030644919880491446
9100910,sensor,random,1,0.025,counterfactual,zero,5,0.02957197005073675
9100910,sensor,random,1,0.025,early,action_blind,19,0.030924663304520098
9100910,sensor,random,1,0.025,early,adaptive_nonlinear,19,0.0019053875095248042
9100910,sensor,random,1,0.025,early,knn_all,19,0.0022309081571380406
9100910,sensor,random,1,0.025,early,knn_recent,19,0.002355879844927434
9100910,sensor,random,1,0.025,early,linear,19,0.002024689614610003
9100910,sensor,random,1,0.025,early,nonlinear,19,0.0018902932030675896
9100910,sensor,random,1,0.025,early,zero,19,0.033461071219510925
9100910,sensor,random,1,0.025,late,action_blind,35,0.032565122457068815
9100910,sensor,random,1,0.025,late,adaptive_nonlinear,35,0.0022247757757383906
9100910,sensor,random,1,0.025,late,knn_all,35,0.0024426087854340695
9100910,sensor,random,1,0.025,late,knn_recent,35,0.002605533438658653
9100910,sensor,random,1,0.025,late,linear,35,0.003390110966253582
9100910,sensor,random,1,0.025,late,nonlinear,35,0.0021894890080398762
9100910,sensor,random,1,0.025,late,zero,35,0.028135340140150567
9100910,sensor,random,1,0.025,pre,action_blind,35,0.04906386011696327
9100910,sensor,random,1,0.025,pre,adaptive_nonlinear,35,0.002133670619644059
9100910,sensor,random,1,0.025,pre,knn_all,35,0.0022761688557350825
9100910,sensor,random,1,0.025,pre,knn_recent,35,0.0024540379394208853
9100910,sensor,random,1,0.025,pre,linear,35,0.0023393358195443296
9100910,sensor,random,1,0.025,pre,nonlinear,35,0.002133670619644059
9100910,sensor,random,1,0.025,pre,zero,35,0.04791086648732519
9100910,unknown_nonlinear,random,1,0.025,counterfactual,action_blind,5,0.06294563969878886
9100910,unknown_nonlinear,random,1,0.025,counterfactual,adaptive_nonlinear,5,0.011588925207013438
9100910,unknown_nonlinear,random,1,0.025,counterfactual,knn_all,5,0.011180896632175245
9100910,unknown_nonlinear,random,1,0.025,counterfactual,knn_recent,5,0.018054354377203114
9100910,unknown_nonlinear,random,1,0.025,counterfactual,linear,5,0.01693971514295537
9100910,unknown_nonlinear,random,1,0.025,counterfactual,nonlinear,5,0.011588925207013438
9100910,unknown_nonlinear,random,1,0.025,counterfactual,zero,5,0.05963936654505888
9100910,unknown_nonlinear,random,1,0.025,early,action_blind,19,0.05016650089542742
9100910,unknown_nonlinear,random,1,0.025,early,adaptive_nonlinear,19,0.0076461604139163655
9100910,unknown_nonlinear,random,1,0.025,early,knn_all,19,0.006294174614588886
9100910,unknown_nonlinear,random,1,0.025,early,knn_recent,19,0.005204773463161248
9100910,unknown_nonlinear,random,1,0.025,early,linear,19,0.008359280360172552
9100910,unknown_nonlinear,random,1,0.025,early,nonlinear,19,0.0076461604139163655
9100910,unknown_nonlinear,random,1,0.025,early,zero,19,0.04992261126655557
9100910,unknown_nonlinear,random,1,0.025,late,action_blind,35,0.04130176923589079
9100910,unknown_nonlinear,random,1,0.025,late,adaptive_nonlinear,35,0.007074482240574729
9100910,unknown_nonlinear,random,1,0.025,late,knn_all,35,0.005959681056233115
9100910,unknown_nonlinear,random,1,0.025,late,knn_recent,35,0.008173027925117251
9100910,unknown_nonlinear,random,1,0.025,late,linear,35,0.015954122672234127
9100910,unknown_nonlinear,random,1,0.025,late,nonlinear,35,0.007074482240574729
9100910,unknown_nonlinear,random,1,0.025,late,zero,35,0.04365195999717416
9100910,unknown_nonlinear,random,1,0.025,pre,action_blind,35,0.04906386011696327
9100910,unknown_nonlinear,random,1,0.025,pre,adaptive_nonlinear,35,0.002133670619644059
9100910,unknown_nonlinear,random,1,0.025,pre,knn_all,35,0.0022761688557350825
9100910,unknown_nonlinear,random,1,0.025,pre,knn_recent,35,0.0024540379394208853
9100910,unknown_nonlinear,random,1,0.025,pre,linear,35,0.0023393358195443296
9100910,unknown_nonlinear,random,1,0.025,pre,nonlinear,35,0.002133670619644059
9100910,unknown_nonlinear,random,1,0.025,pre,zero,35,0.04791086648732519
9101011,external,random,1,0.025,counterfactual,action_blind,5,0.050432042644411625
9101011,external,random,1,0.025,counterfactual,adaptive_nonlinear,5,0.004134966133416187
9101011,external,random,1,0.025,counterfactual,knn_all,5,0.003417536522446632
9101011,external,random,1,0.025,counterfactual,knn_recent,5,0.0033404102430779604
9101011,external,random,1,0.025,counterfactual,linear,5,0.01861901309724328
9101011,external,random,1,0.025,counterfactual,nonlinear,5,0.004225509157218775
9101011,external,random,1,0.025,counterfactual,zero,5,0.04229175390404521
9101011,external,random,1,0.025,early,action_blind,19,0.05822518545601069
9101011,external,random,1,0.025,early,adaptive_nonlinear,19,0.024800449668463554
9101011,external,random,1,0.025,early,knn_all,19,0.02256719919192124
9101011,external,random,1,0.025,early,knn_recent,19,0.02230759460043276
9101011,external,random,1,0.025,early,linear,19,0.032656277457144445
9101011,external,random,1,0.025,early,nonlinear,19,0.025409935523401882
9101011,external,random,1,0.025,early,zero,19,0.052212760657097824
9101011,external,random,1,0.025,late,action_blind,35,0.05401481308529441
9101011,external,random,1,0.025,late,adaptive_nonlinear,35,0.007851925298316886
9101011,external,random,1,0.025,late,knn_all,35,0.00793593917370756
9101011,external,random,1,0.025,late,knn_recent,35,0.010059164002655347
9101011,external,random,1,0.025,late,linear,35,0.015704402455367413
9101011,external,random,1,0.025,late,nonlinear,35,0.007853286045333422
9101011,external,random,1,0.025,late,zero,35,0.05626226108417189
9101011,external,random,1,0.025,pre,action_blind,35,0.08606234405189113
9101011,external,random,1,0.025,pre,adaptive_nonlinear,35,0.0024969616617026157
9101011,external,random,1,0.025,pre,knn_all,35,0.0033532921468301517
9101011,external,random,1,0.025,pre,knn_recent,35,0.0035364956884583417
9101011,external,random,1,0.025,pre,linear,35,0.0038870032974836592
9101011,external,random,1,0.025,pre,nonlinear,35,0.0024969616617026157
9101011,external,random,1,0.025,pre,zero,35,0.0765674057118467
9101011,motor,random,1,0.025,counterfactual,action_blind,5,0.051467120660062315
9101011,motor,random,1,0.025,counterfactual,adaptive_nonlinear,5,0.005517810943966348
9101011,motor,random,1,0.025,counterfactual,knn_all,5,0.025321590753126
9101011,motor,random,1,0.025,counterfactual,knn_recent,5,0.0036430478942947
9101011,motor,random,1,0.025,counterfactual,linear,5,0.04459902369361049
9101011,motor,random,1,0.025,counterfactual,nonlinear,5,0.013228426745151508
9101011,motor,random,1,0.025,counterfactual,zero,5,0.054216788846936995
9101011,motor,random,1,0.025,early,action_blind,19,0.046565525808400336
9101011,motor,random,1,0.025,early,adaptive_nonlinear,19,0.034367120614830604
9101011,motor,random,1,0.025,early,knn_all,19,0.053642676921640216
9101011,motor,random,1,0.025,early,knn_recent,19,0.03333374599144084
9101011,motor,random,1,0.025,early,linear,19,0.07620808165729023
9101011,motor,random,1,0.025,early,nonlinear,19,0.048610048674652
9101011,motor,random,1,0.025,early,zero,19,0.04748437940541242
9101011,motor,random,1,0.025,late,action_blind,35,0.0796151291224731
9101011,motor,random,1,0.025,late,adaptive_nonlinear,35,0.03667395890825988
9101011,motor,random,1,0.025,late,knn_all,35,0.051413311033540264
9101011,motor,random,1,0.025,late,knn_recent,35,0.003472811200634764
9101011,motor,random,1,0.025,late,linear,35,0.04679321178846747
9101011,motor,random,1,0.025,late,nonlinear,35,0.05836691866226803
9101011,motor,random,1,0.025,late,zero,35,0.07549061430089604
9101011,motor,random,1,0.025,pre,action_blind,35,0.08606234405189113
9101011,motor,random,1,0.025,pre,adaptive_nonlinear,35,0.0024969616617026157
9101011,motor,random,1,0.025,pre,knn_all,35,0.0033532921468301517
9101011,motor,random,1,0.025,pre,knn_recent,35,0.0035364956884583417
9101011,motor,random,1,0.025,pre,linear,35,0.0038870032974836592
9101011,motor,random,1,0.025,pre,nonlinear,35,0.0024969616617026157
9101011,motor,random,1,0.025,pre,zero,35,0.0765674057118467
9101011,motor_external,random,1,0.025,counterfactual,action_blind,5,0.0399894985552028
9101011,motor_external,random,1,0.025,counterfactual,adaptive_nonlinear,5,0.006176481307961532
9101011,motor_external,random,1,0.025,counterfactual,knn_all,5,0.004964056227980113
9101011,motor_external,random,1,0.025,counterfactual,knn_recent,5,0.0047009396466865605
9101011,motor_external,random,1,0.025,counterfactual,linear,5,0.03942214375330837
9101011,motor_external,random,1,0.025,counterfactual,nonlinear,5,0.008100459920702097
9101011,motor_external,random,1,0.025,counterfactual,zero,5,0.039061380142905146
9101011,motor_external,random,1,0.025,early,action_blind,19,0.09645401790420027
9101011,motor_external,random,1,0.025,early,adaptive_nonlinear,19,0.061040364062610555
9101011,motor_external,random,1,0.025,early,knn_all,19,0.07137894282656415
9101011,motor_external,random,1,0.025,early,knn_recent,19,0.07138891831761839
9101011,motor_external,random,1,0.025,early,linear,19,0.0942535014442265
9101011,motor_external,random,1,0.025,early,nonlinear,19,0.06557160731416421
9101011,motor_external,random,1,0.025,early,zero,19,0.08676797004510022
9101011,motor_external,random,1,0.025,late,action_blind,35,0.03966625637892827
9101011,motor_external,random,1,0.025,late,adaptive_nonlinear,35,0.006258888372961526
9101011,motor_external,random,1,0.025,late,knn_all,35,0.004966030697023668
9101011,motor_external,random,1,0.025,late,knn_recent,35,0.004424055761138588
9101011,motor_external,random,1,0.025,late,linear,35,0.03225348775169647
9101011,motor_external,random,1,0.025,late,nonlinear,35,0.0066701088994093275
9101011,motor_external,random,1,0.025,late,zero,35,0.03742561586132419
9101011,motor_external,random,1,0.025,pre,action_blind,35,0.08606234405189113
9101011,motor_external,random,1,0.025,pre,adaptive_nonlinear,35,0.0024969616617026157
9101011,motor_external,random,1,0.025,pre,knn_all,35,0.0033532921468301517
9101011,motor_external,random,1,0.025,pre,knn_recent,35,0.0035364956884583417
9101011,motor_external,random,1,0.025,pre,linear,35,0.0038870032974836592
9101011,motor_external,random,1,0.025,pre,nonlinear,35,0.0024969616617026157
9101011,motor_external,random,1,0.025,pre,zero,35,0.0765674057118467
9101011,none,random,1,0.025,counterfactual,action_blind,5,0.09679601694274942
9101011,none,random,1,0.025,counterfactual,adaptive_nonlinear,5,0.0027870782245012506
9101011,none,random,1,0.025,counterfactual,knn_all,5,0.0029685926881135643
9101011,none,random,1,0.025,counterfactual,knn_recent,5,0.00313126059953481
9101011,none,random,1,0.025,counterfactual,linear,5,0.00523266800589292
9101011,none,random,1,0.025,counterfactual,nonlinear,5,0.0027870782245012506
9101011,none,random,1,0.025,counterfactual,zero,5,0.0890454852741366
9101011,none,random,1,0.025,early,action_blind,19,0.07897356734982608
9101011,none,random,1,0.025,early,adaptive_nonlinear,19,0.004113553166527497
9101011,none,random,1,0.025,early,knn_all,19,0.005180340693770854
9101011,none,random,1,0.025,early,knn_recent,19,0.005032703848837217
9101011,none,random,1,0.025,early,linear,19,0.011581577222853573
9101011,none,random,1,0.025,early,nonlinear,19,0.004113553166527497
9101011,none,random,1,0.025,early,zero,19,0.07377774214298449
9101011,none,random,1,0.025,late,action_blind,35,0.08471394324742024
9101011,none,random,1,0.025,late,adaptive_nonlinear,35,0.002101938384288792
9101011,none,random,1,0.025,late,knn_all,35,0.0026816403887311166
9101011,none,random,1,0.025,late,knn_recent,35,0.0036914803419477575
9101011,none,random,1,0.025,late,linear,35,0.004502128374778646
9101011,none,random,1,0.025,late,nonlinear,35,0.002101938384288792
9101011,none,random,1,0.025,late,zero,35,0.08657244068701354
9101011,none,random,1,0.025,pre,action_blind,35,0.08606234405189113
9101011,none,random,1,0.025,pre,adaptive_nonlinear,35,0.0024969616617026157
9101011,none,random,1,0.025,pre,knn_all,35,0.0033532921468301517
9101011,none,random,1,0.025,pre,knn_recent,35,0.0035364956884583417
9101011,none,random,1,0.025,pre,linear,35,0.0038870032974836592
9101011,none,random,1,0.025,pre,nonlinear,35,0.0024969616617026157
9101011,none,random,1,0.025,pre,zero,35,0.0765674057118467
9101011,sensor,random,1,0.025,counterfactual,action_blind,5,0.09292690464588839
9101011,sensor,random,1,0.025,counterfactual,adaptive_nonlinear,5,0.002237871914255094
9101011,sensor,random,1,0.025,counterfactual,knn_all,5,0.0029080448199937147
9101011,sensor,random,1,0.025,counterfactual,knn_recent,5,0.00313126059953481
9101011,sensor,random,1,0.025,counterfactual,linear,5,0.005508350708979944
9101011,sensor,random,1,0.025,counterfactual,nonlinear,5,0.002282192452155408
9101011,sensor,random,1,0.025,counterfactual,zero,5,0.0890454852741366
9101011,sensor,random,1,0.025,early,action_blind,19,0.07255543012626485
9101011,sensor,random,1,0.025,early,adaptive_nonlinear,19,0.004473069848981684
9101011,sensor,random,1,0.025,early,knn_all,19,0.005329852766059744
9101011,sensor,random,1,0.025,early,knn_recent,19,0.005165565221914104
9101011,sensor,random,1,0.025,early,linear,19,0.01133890930974014
9101011,sensor,random,1,0.025,early,nonlinear,19,0.00452302962975431
9101011,sensor,random,1,0.025,early,zero,19,0.07377774214298449
9101011,sensor,random,1,0.025,late,action_blind,35,0.08644728522015353
9101011,sensor,random,1,0.025,late,adaptive_nonlinear,35,0.002125350240835996
9101011,sensor,random,1,0.025,late,knn_all,35,0.0026767874603182535
9101011,sensor,random,1,0.025,late,knn_recent,35,0.0036914803419477575
9101011,sensor,random,1,0.025,late,linear,35,0.004645856174820286
9101011,sensor,random,1,0.025,late,nonlinear,35,0.0021277822699025803
9101011,sensor,random,1,0.025,late,zero,35,0.08657244068701354
9101011,sensor,random,1,0.025,pre,action_blind,35,0.08606234405189113
9101011,sensor,random,1,0.025,pre,adaptive_nonlinear,35,0.0024969616617026157
9101011,sensor,random,1,0.025,pre,knn_all,35,0.0033532921468301517
9101011,sensor,random,1,0.025,pre,knn_recent,35,0.0035364956884583417
9101011,sensor,random,1,0.025,pre,linear,35,0.0038870032974836592
9101011,sensor,random,1,0.025,pre,nonlinear,35,0.0024969616617026157
9101011,sensor,random,1,0.025,pre,zero,35,0.0765674057118467
9101011,unknown_nonlinear,random,1,0.025,counterfactual,action_blind,5,0.09080410015661802
9101011,unknown_nonlinear,random,1,0.025,counterfactual,adaptive_nonlinear,5,0.007849441259187628
9101011,unknown_nonlinear,random,1,0.025,counterfactual,knn_all,5,0.005779661417855384
9101011,unknown_nonlinear,random,1,0.025,counterfactual,knn_recent,5,0.007453543375784552
9101011,unknown_nonlinear,random,1,0.025,counterfactual,linear,5,0.00976989088503347
9101011,unknown_nonlinear,random,1,0.025,counterfactual,nonlinear,5,0.007849441259187628
9101011,unknown_nonlinear,random,1,0.025,counterfactual,zero,5,0.07881769860993974
9101011,unknown_nonlinear,random,1,0.025,early,action_blind,19,0.08289012944197466
9101011,unknown_nonlinear,random,1,0.025,early,adaptive_nonlinear,19,0.006344015131965756
9101011,unknown_nonlinear,random,1,0.025,early,knn_all,19,0.006655960745105214
9101011,unknown_nonlinear,random,1,0.025,early,knn_recent,19,0.006543880790521782
9101011,unknown_nonlinear,random,1,0.025,early,linear,19,0.011869796004882447
9101011,unknown_nonlinear,random,1,0.025,early,nonlinear,19,0.006344015131965756
9101011,unknown_nonlinear,random,1,0.025,early,zero,19,0.07859108552160379
9101011,unknown_nonlinear,random,1,0.025,late,action_blind,35,0.06242018794165927
9101011,unknown_nonlinear,random,1,0.025,late,adaptive_nonlinear,35,0.008682889171960742
9101011,unknown_nonlinear,random,1,0.025,late,knn_all,35,0.00760974918545159
9101011,unknown_nonlinear,random,1,0.025,late,knn_recent,35,0.0076810011439069036
9101011,unknown_nonlinear,random,1,0.025,late,linear,35,0.016327254904048277
9101011,unknown_nonlinear,random,1,0.025,late,nonlinear,35,0.008682889171960742
9101011,unknown_nonlinear,random,1,0.025,late,zero,35,0.06010873607099872
9101011,unknown_nonlinear,random,1,0.025,pre,action_blind,35,0.08606234405189113
9101011,unknown_nonlinear,random,1,0.025,pre,adaptive_nonlinear,35,0.0024969616617026157
9101011,unknown_nonlinear,random,1,0.025,pre,knn_all,35,0.0033532921468301517
9101011,unknown_nonlinear,random,1,0.025,pre,knn_recent,35,0.0035364956884583417
9101011,unknown_nonlinear,random,1,0.025,pre,linear,35,0.0038870032974836592
9101011,unknown_nonlinear,random,1,0.025,pre,nonlinear,35,0.0024969616617026157
9101011,unknown_nonlinear,random,1,0.025,pre,zero,35,0.0765674057118467
9101112,external,random,1,0.025,counterfactual,action_blind,5,0.01310202685324546
9101112,external,random,1,0.025,counterfactual,adaptive_nonlinear,5,0.00866079070235094
9101112,external,random,1,0.025,counterfactual,knn_all,5,0.008417895235405986
9101112,external,random,1,0.025,counterfactual,knn_recent,5,0.005955992530497679
9101112,external,random,1,0.025,counterfactual,linear,5,0.03594139871457783
9101112,external,random,1,0.025,counterfactual,nonlinear,5,0.00866079070235094
9101112,external,random,1,0.025,counterfactual,zero,5,0.015936684999185404
9101112,external,random,1,0.025,early,action_blind,19,0.09005133322563498
9101112,external,random,1,0.025,early,adaptive_nonlinear,19,0.010976454246484451
9101112,external,random,1,0.025,early,knn_all,19,0.014471410625965818
9101112,external,random,1,0.025,early,knn_recent,19,0.014996750584356946
9101112,external,random,1,0.025,early,linear,19,0.02643517521593521
9101112,external,random,1,0.025,early,nonlinear,19,0.010976454246484451
9101112,external,random,1,0.025,early,zero,19,0.0817154634175233
9101112,external,random,1,0.025,late,action_blind,35,0.009881948989952845
9101112,external,random,1,0.025,late,adaptive_nonlinear,35,0.006608362972516919
9101112,external,random,1,0.025,late,knn_all,35,0.006756521314798492
9101112,external,random,1,0.025,late,knn_recent,35,0.006107475267426516
9101112,external,random,1,0.025,late,linear,35,0.03437550540025412
9101112,external,random,1,0.025,late,nonlinear,35,0.006608362972516919
9101112,external,random,1,0.025,late,zero,35,0.011684053649723768
9101112,external,random,1,0.025,pre,action_blind,35,0.07884932497581522
9101112,external,random,1,0.025,pre,adaptive_nonlinear,35,0.0026385798090367766
9101112,external,random,1,0.025,pre,knn_all,35,0.0029866902516345896
9101112,external,random,1,0.025,pre,knn_recent,35,0.0030932853676543816
9101112,external,random,1,0.025,pre,linear,35,0.003785935901708165
9101112,external,random,1,0.025,pre,nonlinear,35,0.0026385798090367766
9101112,external,random,1,0.025,pre,zero,35,0.07657335916684387
9101112,motor,random,1,0.025,counterfactual,action_blind,5,0.033200334344443305
9101112,motor,random,1,0.025,counterfactual,adaptive_nonlinear,5,0.004619341381078443
9101112,motor,random,1,0.025,counterfactual,knn_all,5,0.0025708199008075304
9101112,motor,random,1,0.025,counterfactual,knn_recent,5,0.00248529108894203
9101112,motor,random,1,0.025,counterfactual,linear,5,0.03955514328375858
9101112,motor,random,1,0.025,counterfactual,nonlinear,5,0.004433176734815556
9101112,motor,random,1,0.025,counterfactual,zero,5,0.033456652814292845
9101112,motor,random,1,0.025,early,action_blind,19,0.0599578971512096
9101112,motor,random,1,0.025,early,adaptive_nonlinear,19,0.033319289698586343
9101112,motor,random,1,0.025,early,knn_all,19,0.04114508150173005
9101112,motor,random,1,0.025,early,knn_recent,19,0.03846463164991261
9101112,motor,random,1,0.025,early,linear,19,0.10183685153117952
9101112,motor,random,1,0.025,early,nonlinear,19,0.04363951451302046
9101112,motor,random,1,0.025,early,zero,19,0.05035030020058934
9101112,motor,random,1,0.025,late,action_blind,35,0.030241726148679465
9101112,motor,random,1,0.025,late,adaptive_nonlinear,35,0.0050814043243158314
9101112,motor,random,1,0.025,late,knn_all,35,0.002178612468326336
9101112,motor,random,1,0.025,late,knn_recent,35,0.0022996170102859235
9101112,motor,random,1,0.025,late,linear,35,0.02772472601403878
9101112,motor,random,1,0.025,late,nonlinear,35,0.005404204380992778
9101112,motor,random,1,0.025,late,zero,35,0.029199172785868237
9101112,motor,random,1,0.025,pre,action_blind,35,0.07884932497581522
9101112,motor,random,1,0.025,pre,adaptive_nonlinear,35,0.0026385798090367766
9101112,motor,random,1,0.025,pre,knn_all,35,0.0029866902516345896
9101112,motor,random,1,0.025,pre,knn_recent,35,0.0030932853676543816
9101112,motor,random,1,0.025,pre,linear,35,0.003785935901708165
9101112,motor,random,1,0.025,pre,nonlinear,35,0.0026385798090367766
9101112,motor,random,1,0.025,pre,zero,35,0.07657335916684387
9101112,motor_external,random,1,0.025,counterfactual,action_blind,5,0.02287850212216328
9101112,motor_external,random,1,0.025,counterfactual,adaptive_nonlinear,5,0.011095863452576871
9101112,motor_external,random,1,0.025,counterfactual,knn_all,5,0.007172564012474905
9101112,motor_external,random,1,0.025,counterfactual,knn_recent,5,0.0076281877734642595
9101112,motor_external,random,1,0.025,counterfactual,linear,5,0.03089845074599872
9101112,motor_external,random,1,0.025,counterfactual,nonlinear,5,0.010873603559254442
9101112,motor_external,random,1,0.025,counterfactual,zero,5,0.021682193764990188
9101112,motor_external,random,1,0.025,early,action_blind,19,0.08858263544367234
9101112,motor_external,random,1,0.025,early,adaptive_nonlinear,19,0.041470079148247053
9101112,motor_external,random,1,0.025,early,knn_all,19,0.07340282283091491
9101112,motor_external,random,1,0.025,early,knn_recent,19,0.0672395819713421
9101112,motor_external,random,1,0.025,early,linear,19,0.1173457647314261
9101112,motor_external,random,1,0.025,early,nonlinear,19,0.050016119390937405
9101112,motor_external,random,1,0.025,early,zero,19,0.08108313185860495
9101112,motor_external,random,1,0.025,late,action_blind,35,0.011643587770262982
9101112,motor_external,random,1,0.025,late,adaptive_nonlinear,35,0.004941787442612584
9101112,motor_external,random,1,0.025,late,knn_all,35,0.004018474626925
9101112,motor_external,random,1,0.025,late,knn_recent,35,0.0042169054970429935
9101112,motor_external,random,1,0.025,late,linear,35,0.020715214523609585
9101112,motor_external,random,1,0.025,late,nonlinear,35,0.005593318518311454
9101112,motor_external,random,1,0.025,late,zero,35,0.011393131758635395
9101112,motor_external,random,1,0.025,pre,action_blind,35,0.07884932497581522
9101112,motor_external,random,1,0.025,pre,adaptive_nonlinear,35,0.0026385798090367766
9101112,motor_external,random,1,0.025,pre,knn_all,35,0.0029866902516345896
9101112,motor_external,random,1,0.025,pre,knn_recent,35,0.0030932853676543816
9101112,motor_external,random,1,0.025,pre,linear,35,0.003785935901708165
9101112,motor_external,random,1,0.025,pre,nonlinear,35,0.0026385798090367766
9101112,motor_external,random,1,0.025,pre,zero,35,0.07657335916684387
9101112,none,random,1,0.025,counterfactual,action_blind,5,0.03724252870656043
9101112,none,random,1,0.025,counterfactual,adaptive_nonlinear,5,0.0012858523796188547
9101112,none,random,1,0.025,counterfactual,knn_all,5,0.0016930159391015695
9101112,none,random,1,0.025,counterfactual,knn_recent,5,0.001533197640771242
9101112,none,random,1,0.025,counterfactual,linear,5,0.006989344032591197
9101112,none,random,1,0.025,counterfactual,nonlinear,5,0.0012858523796188547
9101112,none,random,1,0.025,counterfactual,zero,5,0.03692976017476365
9101112,none,random,1,0.025,early,action_blind,19,0.0386795653414512
9101112,none,random,1,0.025,early,adaptive_nonlinear,19,0.0037146124060668958
9101112,none,random,1,0.025,early,knn_all,19,0.004108243978696482
9101112,none,random,1,0.025,early,knn_recent,19,0.003962551147064099
9101112,none,random,1,0.025,early,linear,19,0.012184233926305833
9101112,none,random,1,0.025,early,nonlinear,19,0.0037146124060668958
9101112,none,random,1,0.025,early,zero,19,0.032009607415126956
9101112,none,random,1,0.025,late,action_blind,35,0.03400069156417435
9101112,none,random,1,0.025,late,adaptive_nonlinear,35,0.0017453946561720702
9101112,none,random,1,0.025,late,knn_all,35,0.0022922213221951743
9101112,none,random,1,0.025,late,knn_recent,35,0.0021131563183316364
9101112,none,random,1,0.025,late,linear,35,0.007581578018989024
9101112,none,random,1,0.025,late,nonlinear,35,0.0017453946561720702
9101112,none,random,1,0.025,late,zero,35,0.031005560923428818
9101112,none,random,1,0.025,pre,action_blind,35,0.07884932497581522
9101112,none,random,1,0.025,pre,adaptive_nonlinear,35,0.0026385798090367766
9101112,none,random,1,0.025,pre,knn_all,35,0.0029866902516345896
9101112,none,random,1,0.025,pre,knn_recent,35,0.0030932853676543816
9101112,none,random,1,0.025,pre,linear,35,0.003785935901708165
9101112,none,random,1,0.025,pre,nonlinear,35,0.0026385798090367766
9101112,none,random,1,0.025,pre,zero,35,0.07657335916684387
9101112,sensor,random,1,0.025,counterfactual,action_blind,5,0.03724217622138827
9101112,sensor,random,1,0.025,counterfactual,adaptive_nonlinear,5,0.0012523290756700986
9101112,sensor,random,1,0.025,counterfactual,knn_all,5,0.0016027128989111225
9101112,sensor,random,1,0.025,counterfactual,knn_recent,5,0.0015331976407712414
9101112,sensor,random,1,0.025,counterfactual,linear,5,0.006649984431493715
9101112,sensor,random,1,0.025,counterfactual,nonlinear,5,0.0012581175487335196
9101112,sensor,random,1,0.025,counterfactual,zero,5,0.03692976017476365
9101112,sensor,random,1,0.025,early,action_blind,19,0.03845055802793497
9101112,sensor,random,1,0.025,early,adaptive_nonlinear,19,0.003535184933886117
9101112,sensor,random,1,0.025,early,knn_all,19,0.004226110179032804
9101112,sensor,random,1,0.025,early,knn_recent,19,0.0040651399379375425
9101112,sensor,random,1,0.025,early,linear,19,0.01195527263046898
9101112,sensor,random,1,0.025,early,nonlinear,19,0.0036127903506799897
9101112,sensor,random,1,0.025,early,zero,19,0.032009607415126956
9101112,sensor,random,1,0.025,late,action_blind,35,0.033872332247725935
9101112,sensor,random,1,0.025,late,adaptive_nonlinear,35,0.0017300250217998866
9101112,sensor,random,1,0.025,late,knn_all,35,0.0022761958549875083
9101112,sensor,random,1,0.025,late,knn_recent,35,0.0021131563183316333
9101112,sensor,random,1,0.025,late,linear,35,0.00730687979616333
9101112,sensor,random,1,0.025,late,nonlinear,35,0.001725765423307182
9101112,sensor,random,1,0.025,late,zero,35,0.03100556092342881
9101112,sensor,random,1,0.025,pre,action_blind,35,0.07884932497581522
9101112,sensor,random,1,0.025,pre,adaptive_nonlinear,35,0.0026385798090367766
9101112,sensor,random,1,0.025,pre,knn_all,35,0.0029866902516345896
9101112,sensor,random,1,0.025,pre,knn_recent,35,0.0030932853676543816
9101112,sensor,random,1,0.025,pre,linear,35,0.003785935901708165
9101112,sensor,random,1,0.025,pre,nonlinear,35,0.0026385798090367766
9101112,sensor,random,1,0.025,pre,zero,35,0.07657335916684387
9101112,unknown_nonlinear,random,1,0.025,counterfactual,action_blind,5,0.03322442840297524
9101112,unknown_nonlinear,random,1,0.025,counterfactual,adaptive_nonlinear,5,0.0033241540210947203
9101112,unknown_nonlinear,random,1,0.025,counterfactual,knn_all,5,0.002125645928285436
9101112,unknown_nonlinear,random,1,0.025,counterfactual,knn_recent,5,0.002132962393925806
9101112,unknown_nonlinear,random,1,0.025,counterfactual,linear,5,0.012520290920736862
9101112,unknown_nonlinear,random,1,0.025,counterfactual,nonlinear,5,0.0033241540210947203
9101112,unknown_nonlinear,random,1,0.025,counterfactual,zero,5,0.033225555485592514
9101112,unknown_nonlinear,random,1,0.025,early,action_blind,19,0.047081034749566375
9101112,unknown_nonlinear,random,1,0.025,early,adaptive_nonlinear,19,0.0050548675739756025
9101112,unknown_nonlinear,random,1,0.025,early,knn_all,19,0.004725772298400629
9101112,unknown_nonlinear,random,1,0.025,early,knn_recent,19,0.004423920849773077
9101112,unknown_nonlinear,random,1,0.025,early,linear,19,0.0113285834208574
9101112,unknown_nonlinear,random,1,0.025,early,nonlinear,19,0.0050548675739756025
9101112,unknown_nonlinear,random,1,0.025,early,zero,19,0.04381385337177421
9101112,unknown_nonlinear,random,1,0.025,late,action_blind,35,0.029462495820960964
9101112,unknown_nonlinear,random,1,0.025,late,adaptive_nonlinear,35,0.004229312963014551
9101112,unknown_nonlinear,random,1,0.025,late,knn_all,35,0.004419484309170322
9101112,unknown_nonlinear,random,1,0.025,late,knn_recent,35,0.004225108768439326
9101112,unknown_nonlinear,random,1,0.025,late,linear,35,0.01291606963613176
9101112,unknown_nonlinear,random,1,0.025,late,nonlinear,35,0.004229312963014551
9101112,unknown_nonlinear,random,1,0.025,late,zero,35,0.0275669195400926
9101112,unknown_nonlinear,random,1,0.025,pre,action_blind,35,0.07884932497581522
9101112,unknown_nonlinear,random,1,0.025,pre,adaptive_nonlinear,35,0.0026385798090367766
9101112,unknown_nonlinear,random,1,0.025,pre,knn_all,35,0.0029866902516345896
9101112,unknown_nonlinear,random,1,0.025,pre,knn_recent,35,0.0030932853676543816
9101112,unknown_nonlinear,random,1,0.025,pre,linear,35,0.003785935901708165
9101112,unknown_nonlinear,random,1,0.025,pre,nonlinear,35,0.0026385798090367766
9101112,unknown_nonlinear,random,1,0.025,pre,zero,35,0.07657335916684387
9101213,external,random,1,0.025,counterfactual,action_blind,5,0.004470564642250226
9101213,external,random,1,0.025,counterfactual,adaptive_nonlinear,5,0.009680213890596201
9101213,external,random,1,0.025,counterfactual,knn_all,5,0.003656132514624739
9101213,external,random,1,0.025,counterfactual,knn_recent,5,0.0036706144684465077
9101213,external,random,1,0.025,counterfactual,linear,5,0.04140937388198324
9101213,external,random,1,0.025,counterfactual,nonlinear,5,0.009680213890596201
9101213,external,random,1,0.025,counterfactual,zero,5,0.0029520160723401504
9101213,external,random,1,0.025,early,action_blind,19,0.07293136526910397
9101213,external,random,1,0.025,early,adaptive_nonlinear,19,0.007807111090465023
9101213,external,random,1,0.025,early,knn_all,19,0.020046670525265476
9101213,external,random,1,0.025,early,knn_recent,19,0.01995744004411431
9101213,external,random,1,0.025,early,linear,19,0.04405724010114671
9101213,external,random,1,0.025,early,nonlinear,19,0.007807111090465023
9101213,external,random,1,0.025,early,zero,19,0.09670498930614509
9101213,external,random,1,0.025,late,action_blind,35,0.005904415008935901
9101213,external,random,1,0.025,late,adaptive_nonlinear,35,0.006699936615338342
9101213,external,random,1,0.025,late,knn_all,35,0.003882408426254703
9101213,external,random,1,0.025,late,knn_recent,35,0.003835636749382503
9101213,external,random,1,0.025,late,linear,35,0.03513845748469749
9101213,external,random,1,0.025,late,nonlinear,35,0.006699936615338342
9101213,external,random,1,0.025,late,zero,35,0.005980132169522455
9101213,external,random,1,0.025,pre,action_blind,35,0.0641798504292864
9101213,external,random,1,0.025,pre,adaptive_nonlinear,35,0.0023784597849285725
9101213,external,random,1,0.025,pre,knn_all,35,0.003092261388172083
9101213,external,random,1,0.025,pre,knn_recent,35,0.003166689915213424
9101213,external,random,1,0.025,pre,linear,35,0.004891058362708141
9101213,external,random,1,0.025,pre,nonlinear,35,0.0023784597849285725
9101213,external,random,1,0.025,pre,zero,35,0.05467089581827047
9101213,motor,random,1,0.025,counterfactual,action_blind,5,0.06440261006725355
9101213,motor,random,1,0.025,counterfactual,adaptive_nonlinear,5,0.016762454886954332
9101213,motor,random,1,0.025,counterfactual,knn_all,5,0.008092080992449601
9101213,motor,random,1,0.025,counterfactual,knn_recent,5,0.0036481245653408228
9101213,motor,random,1,0.025,counterfactual,linear,5,0.037013557897363894
9101213,motor,random,1,0.025,counterfactual,nonlinear,5,0.023701206946512492
9101213,motor,random,1,0.025,counterfactual,zero,5,0.06551531999490605
9101213,motor,random,1,0.025,early,action_blind,19,0.08264970499625006
9101213,motor,random,1,0.025,early,adaptive_nonlinear,19,0.007936179830102644
9101213,motor,random,1,0.025,early,knn_all,19,0.01575585315982907
9101213,motor,random,1,0.025,early,knn_recent,19,0.010871240779511395
9101213,motor,random,1,0.025,early,linear,19,0.08447876163134031
9101213,motor,random,1,0.025,early,nonlinear,19,0.009548623168162596
9101213,motor,random,1,0.025,early,zero,19,0.07242213465473829
9101213,motor,random,1,0.025,late,action_blind,35,0.05562245791768018
9101213,motor,random,1,0.025,late,adaptive_nonlinear,35,0.0057444991798196576
9101213,motor,random,1,0.025,late,knn_all,35,0.0034318521435975865
9101213,motor,random,1,0.025,late,knn_recent,35,0.002056740635602037
9101213,motor,random,1,0.025,late,linear,35,0.026023817005630705
9101213,motor,random,1,0.025,late,nonlinear,35,0.008375374904713238
9101213,motor,random,1,0.025,late,zero,35,0.057090865152282594
9101213,motor,random,1,0.025,pre,action_blind,35,0.0641798504292864
9101213,motor,random,1,0.025,pre,adaptive_nonlinear,35,0.0023784597849285725
9101213,motor,random,1,0.025,pre,knn_all,35,0.003092261388172083
9101213,motor,random,1,0.025,pre,knn_recent,35,0.003166689915213424
9101213,motor,random,1,0.025,pre,linear,35,0.004891058362708141
9101213,motor,random,1,0.025,pre,nonlinear,35,0.0023784597849285725
9101213,motor,random,1,0.025,pre,zero,35,0.05467089581827047
9101213,motor_external,random,1,0.025,counterfactual,action_blind,5,0.010281263275016867
9101213,motor_external,random,1,0.025,counterfactual,adaptive_nonlinear,5,0.011306080478887533
9101213,motor_external,random,1,0.025,counterfactual,knn_all,5,0.010654584169268275
9101213,motor_external,random,1,0.025,counterfactual,knn_recent,5,0.012338935088170511
9101213,motor_external,random,1,0.025,counterfactual,linear,5,0.029725315516177336
9101213,motor_external,random,1,0.025,counterfactual,nonlinear,5,0.028629703013519376
9101213,motor_external,random,1,0.025,counterfactual,zero,5,0.012596782990691566
9101213,motor_external,random,1,0.025,early,action_blind,19,0.10869136227849141
9101213,motor_external,random,1,0.025,early,adaptive_nonlinear,19,0.0896828683513166
9101213,motor_external,random,1,0.025,early,knn_all,19,0.10777539490039165
9101213,motor_external,random,1,0.025,early,knn_recent,19,0.0367867919860273
9101213,motor_external,random,1,0.025,early,linear,19,0.1098300422356067
9101213,motor_external,random,1,0.025,early,nonlinear,19,0.1311579115677516
9101213,motor_external,random,1,0.025,early,zero,19,0.10934687903197171
9101213,motor_external,random,1,0.025,late,action_blind,35,0.007829024187330643
9101213,motor_external,random,1,0.025,late,adaptive_nonlinear,35,0.010875370345802295
9101213,motor_external,random,1,0.025,late,knn_all,35,0.009802458050706175
9101213,motor_external,random,1,0.025,late,knn_recent,35,0.01017377009624617
9101213,motor_external,random,1,0.025,late,linear,35,0.025381663722758574
9101213,motor_external,random,1,0.025,late,nonlinear,35,0.0185851570069384
9101213,motor_external,random,1,0.025,late,zero,35,0.009371732732377364
9101213,motor_external,random,1,0.025,pre,action_blind,35,0.0641798504292864
9101213,motor_external,random,1,0.025,pre,adaptive_nonlinear,35,0.0023784597849285725
9101213,motor_external,random,1,0.025,pre,knn_all,35,0.003092261388172083
9101213,motor_external,random,1,0.025,pre,knn_recent,35,0.003166689915213424
9101213,motor_external,random,1,0.025,pre,linear,35,0.004891058362708141
9101213,motor_external,random,1,0.025,pre,nonlinear,35,0.0023784597849285725
9101213,motor_external,random,1,0.025,pre,zero,35,0.05467089581827047
9101213,none,random,1,0.025,counterfactual,action_blind,5,0.040105602543339114
9101213,none,random,1,0.025,counterfactual,adaptive_nonlinear,5,0.0011921415547758768
9101213,none,random,1,0.025,counterfactual,knn_all,5,0.0018117047549096273
9101213,none,random,1,0.025,counterfactual,knn_recent,5,0.0021516097494538966
9101213,none,random,1,0.025,counterfactual,linear,5,0.007466056325923448
9101213,none,random,1,0.025,counterfactual,nonlinear,5,0.0011921415547758768
9101213,none,random,1,0.025,counterfactual,zero,5,0.03895475597638768
9101213,none,random,1,0.025,early,action_blind,19,0.08896393182847477
9101213,none,random,1,0.025,early,adaptive_nonlinear,19,0.0014774841251194003
9101213,none,random,1,0.025,early,knn_all,19,0.002067285103520817
9101213,none,random,1,0.025,early,knn_recent,19,0.0032935668853392463
9101213,none,random,1,0.025,early,linear,19,0.0033802353663715213
9101213,none,random,1,0.025,early,nonlinear,19,0.0014774841251194003
9101213,none,random,1,0.025,early,zero,19,0.0819236587926958
9101213,none,random,1,0.025,late,action_blind,35,0.040659843810905864
9101213,none,random,1,0.025,late,adaptive_nonlinear,35,0.0017719486741188957
9101213,none,random,1,0.025,late,knn_all,35,0.0020044949476200986
9101213,none,random,1,0.025,late,knn_recent,35,0.002113736429896475
9101213,none,random,1,0.025,late,linear,35,0.006578357892158492
9101213,none,random,1,0.025,late,nonlinear,35,0.0017719486741188957
9101213,none,random,1,0.025,late,zero,35,0.03954943251513858
9101213,none,random,1,0.025,pre,action_blind,35,0.0641798504292864
9101213,none,random,1,0.025,pre,adaptive_nonlinear,35,0.0023784597849285725
9101213,none,random,1,0.025,pre,knn_all,35,0.003092261388172083
9101213,none,random,1,0.025,pre,knn_recent,35,0.003166689915213424
9101213,none,random,1,0.025,pre,linear,35,0.004891058362708141
9101213,none,random,1,0.025,pre,nonlinear,35,0.0023784597849285725
9101213,none,random,1,0.025,pre,zero,35,0.05467089581827047
9101213,sensor,random,1,0.025,counterfactual,action_blind,5,0.03983594475851363
9101213,sensor,random,1,0.025,counterfactual,adaptive_nonlinear,5,0.0015403294532543494
9101213,sensor,random,1,0.025,counterfactual,knn_all,5,0.001870155549937156
9101213,sensor,random,1,0.025,counterfactual,knn_recent,5,0.0021516097494538966
9101213,sensor,random,1,0.025,counterfactual,linear,5,0.007289819836452672
9101213,sensor,random,1,0.025,counterfactual,nonlinear,5,0.001553778052150109
9101213,sensor,random,1,0.025,counterfactual,zero,5,0.03895475597638768
9101213,sensor,random,1,0.025,early,action_blind,19,0.08880483217496817
9101213,sensor,random,1,0.025,early,adaptive_nonlinear,19,0.0019342267244116054
9101213,sensor,random,1,0.025,early,knn_all,19,0.002165121831498065
9101213,sensor,random,1,0.025,early,knn_recent,19,0.003311486238796313
9101213,sensor,random,1,0.025,early,linear,19,0.0034783772573499156
9101213,sensor,random,1,0.025,early,nonlinear,19,0.0018517937705215047
9101213,sensor,random,1,0.025,early,zero,19,0.0819236587926958
9101213,sensor,random,1,0.025,late,action_blind,35,0.03880507398266048
9101213,sensor,random,1,0.025,late,adaptive_nonlinear,35,0.0018094692789023656
9101213,sensor,random,1,0.025,late,knn_all,35,0.0020319172798830575
9101213,sensor,random,1,0.025,late,knn_recent,35,0.002113736429896475
9101213,sensor,random,1,0.025,late,linear,35,0.0065626359716410235
9101213,sensor,random,1,0.025,late,nonlinear,35,0.001816775423492086
9101213,sensor,random,1,0.025,late,zero,35,0.03954943251513858
9101213,sensor,random,1,0.025,pre,action_blind,35,0.0641798504292864
9101213,sensor,random,1,0.025,pre,adaptive_nonlinear,35,0.0023784597849285725
9101213,sensor,random,1,0.025,pre,knn_all,35,0.003092261388172083
9101213,sensor,random,1,0.025,pre,knn_recent,35,0.003166689915213424
9101213,sensor,random,1,0.025,pre,linear,35,0.004891058362708141
9101213,sensor,random,1,0.025,pre,nonlinear,35,0.0023784597849285725
9101213,sensor,random,1,0.025,pre,zero,35,0.05467089581827047
9101213,unknown_nonlinear,random,1,0.025,counterfactual,action_blind,5,0.09236363372099168
9101213,unknown_nonlinear,random,1,0.025,counterfactual,adaptive_nonlinear,5,0.006431628581231223
9101213,unknown_nonlinear,random,1,0.025,counterfactual,knn_all,5,0.0029360662741924437
9101213,unknown_nonlinear,random,1,0.025,counterfactual,knn_recent,5,0.0032597425664827088
9101213,unknown_nonlinear,random,1,0.025,counterfactual,linear,5,0.008256319691217312
9101213,unknown_nonlinear,random,1,0.025,counterfactual,nonlinear,5,0.006431628581231223
9101213,unknown_nonlinear,random,1,0.025,counterfactual,zero,5,0.08736969797122263
9101213,unknown_nonlinear,random,1,0.025,early,action_blind,19,0.07185653774811836
9101213,unknown_nonlinear,random,1,0.025,early,adaptive_nonlinear,19,0.004730741175610617
9101213,unknown_nonlinear,random,1,0.025,early,knn_all,19,0.003964100074275198
9101213,unknown_nonlinear,random,1,0.025,early,knn_recent,19,0.0032029658041623143
9101213,unknown_nonlinear,random,1,0.025,early,linear,19,0.006101487802219844
9101213,unknown_nonlinear,random,1,0.025,early,nonlinear,19,0.004730741175610617
9101213,unknown_nonlinear,random,1,0.025,early,zero,19,0.06827872413575856
9101213,unknown_nonlinear,random,1,0.025,late,action_blind,35,0.09982920052306017
9101213,unknown_nonlinear,random,1,0.025,late,adaptive_nonlinear,35,0.007914681504440172
9101213,unknown_nonlinear,random,1,0.025,late,knn_all,35,0.00554079040425549
9101213,unknown_nonlinear,random,1,0.025,late,knn_recent,35,0.005594121369694445
9101213,unknown_nonlinear,random,1,0.025,late,linear,35,0.012995143732309863
9101213,unknown_nonlinear,random,1,0.025,late,nonlinear,35,0.007914681504440172
9101213,unknown_nonlinear,random,1,0.025,late,zero,35,0.0937302956192519
9101213,unknown_nonlinear,random,1,0.025,pre,action_blind,35,0.0641798504292864
9101213,unknown_nonlinear,random,1,0.025,pre,adaptive_nonlinear,35,0.0023784597849285725
9101213,unknown_nonlinear,random,1,0.025,pre,knn_all,35,0.003092261388172083
9101213,unknown_nonlinear,random,1,0.025,pre,knn_recent,35,0.003166689915213424
9101213,unknown_nonlinear,random,1,0.025,pre,linear,35,0.004891058362708141
9101213,unknown_nonlinear,random,1,0.025,pre,nonlinear,35,0.0023784597849285725
9101213,unknown_nonlinear,random,1,0.025,pre,zero,35,0.05467089581827047
9101314,external,random,1,0.025,counterfactual,action_blind,5,0.045567488717471204
9101314,external,random,1,0.025,counterfactual,adaptive_nonlinear,5,0.0033891543810277295
9101314,external,random,1,0.025,counterfactual,knn_all,5,0.004611360144409902
9101314,external,random,1,0.025,counterfactual,knn_recent,5,0.004563497326670407
9101314,external,random,1,0.025,counterfactual,linear,5,0.014641180310617766
9101314,external,random,1,0.025,counterfactual,nonlinear,5,0.0033993847562895697
9101314,external,random,1,0.025,counterfactual,zero,5,0.04459485037645535
9101314,external,random,1,0.025,early,action_blind,19,0.06126726017437382
9101314,external,random,1,0.025,early,adaptive_nonlinear,19,0.023952814868867547
9101314,external,random,1,0.025,early,knn_all,19,0.02314601057616108
9101314,external,random,1,0.025,early,knn_recent,19,0.022887338336122658
9101314,external,random,1,0.025,early,linear,19,0.03634289815369482
9101314,external,random,1,0.025,early,nonlinear,19,0.0247487895285395
9101314,external,random,1,0.025,early,zero,19,0.057678727339971085
9101314,external,random,1,0.025,late,action_blind,35,0.040836177587935285
9101314,external,random,1,0.025,late,adaptive_nonlinear,35,0.010301895600300145
9101314,external,random,1,0.025,late,knn_all,35,0.008453711590360785
9101314,external,random,1,0.025,late,knn_recent,35,0.008688783447294766
9101314,external,random,1,0.025,late,linear,35,0.019951166561287828
9101314,external,random,1,0.025,late,nonlinear,35,0.010329269190977958
9101314,external,random,1,0.025,late,zero,35,0.03949723764450438
9101314,external,random,1,0.025,pre,action_blind,35,0.08000806589251824
9101314,external,random,1,0.025,pre,adaptive_nonlinear,35,0.0020719555127254098
9101314,external,random,1,0.025,pre,knn_all,35,0.002530294288405253
9101314,external,random,1,0.025,pre,knn_recent,35,0.0026698711667842317
9101314,external,random,1,0.025,pre,linear,35,0.0035478193601710534
9101314,external,random,1,0.025,pre,nonlinear,35,0.0020719555127254098
9101314,external,random,1,0.025,pre,zero,35,0.07286575388401302
9101314,motor,random,1,0.025,counterfactual,action_blind,5,0.06697610940426388
9101314,motor,random,1,0.025,counterfactual,adaptive_nonlinear,5,0.005625009774764253
9101314,motor,random,1,0.025,counterfactual,knn_all,5,0.003011464640234573
9101314,motor,random,1,0.025,counterfactual,knn_recent,5,0.0018963545437663439
9101314,motor,random,1,0.025,counterfactual,linear,5,0.041705468960091516
9101314,motor,random,1,0.025,counterfactual,nonlinear,5,0.009603143289121915
9101314,motor,random,1,0.025,counterfactual,zero,5,0.05911886994697857
9101314,motor,random,1,0.025,early,action_blind,19,0.07462140145205103
9101314,motor,random,1,0.025,early,adaptive_nonlinear,19,0.04090039523651562
9101314,motor,random,1,0.025,early,knn_all,19,0.05088311817875755
9101314,motor,random,1,0.025,early,knn_recent,19,0.04978114039783271
9101314,motor,random,1,0.025,early,linear,19,0.09415173864165788
9101314,motor,random,1,0.025,early,nonlinear,19,0.04614490374009729
9101314,motor,random,1,0.025,early,zero,19,0.072162455411922
9101314,motor,random,1,0.025,late,action_blind,35,0.07302095743685608
9101314,motor,random,1,0.025,late,adaptive_nonlinear,35,0.007943135218354512
9101314,motor,random,1,0.025,late,knn_all,35,0.005385272536787076
9101314,motor,random,1,0.025,late,knn_recent,35,0.002174703005983216
9101314,motor,random,1,0.025,late,linear,35,0.038172144417843494
9101314,motor,random,1,0.025,late,nonlinear,35,0.010841340142912577
9101314,motor,random,1,0.025,late,zero,35,0.06860551527266655
9101314,motor,random,1,0.025,pre,action_blind,35,0.08000806589251824
9101314,motor,random,1,0.025,pre,adaptive_nonlinear,35,0.0020719555127254098
9101314,motor,random,1,0.025,pre,knn_all,35,0.002530294288405253
9101314,motor,random,1,0.025,pre,knn_recent,35,0.0026698711667842317
9101314,motor,random,1,0.025,pre,linear,35,0.0035478193601710534
9101314,motor,random,1,0.025,pre,nonlinear,35,0.0020719555127254098
9101314,motor,random,1,0.025,pre,zero,35,0.07286575388401302
9101314,motor_external,random,1,0.025,counterfactual,action_blind,5,0.041845917096564024
9101314,motor_external,random,1,0.025,counterfactual,adaptive_nonlinear,5,0.0033404714129255477
9101314,motor_external,random,1,0.025,counterfactual,knn_all,5,0.0031526443256445365
9101314,motor_external,random,1,0.025,counterfactual,knn_recent,5,0.003167556212594238
9101314,motor_external,random,1,0.025,counterfactual,linear,5,0.0344683036320652
9101314,motor_external,random,1,0.025,counterfactual,nonlinear,5,0.0033216245251133066
9101314,motor_external,random,1,0.025,counterfactual,zero,5,0.044682976756987174
9101314,motor_external,random,1,0.025,early,action_blind,19,0.06903901923334925
9101314,motor_external,random,1,0.025,early,adaptive_nonlinear,19,0.0402622931702046
9101314,motor_external,random,1,0.025,early,knn_all,19,0.04945253194638911
9101314,motor_external,random,1,0.025,early,knn_recent,19,0.04862869149557417
9101314,motor_external,random,1,0.025,early,linear,19,0.08658073395459255
9101314,motor_external,random,1,0.025,early,nonlinear,19,0.04133997639812476
9101314,motor_external,random,1,0.025,early,zero,19,0.06913323483941736
9101314,motor_external,random,1,0.025,late,action_blind,35,0.05976004182431174
9101314,motor_external,random,1,0.025,late,adaptive_nonlinear,35,0.015732853924645594
9101314,motor_external,random,1,0.025,late,knn_all,35,0.009972276462858599
9101314,motor_external,random,1,0.025,late,knn_recent,35,0.010060969223597067
9101314,motor_external,random,1,0.025,late,linear,35,0.042000022328333476
9101314,motor_external,random,1,0.025,late,nonlinear,35,0.017448880147545403
9101314,motor_external,random,1,0.025,late,zero,35,0.05850012957539403
9101314,motor_external,random,1,0.025,pre,action_blind,35,0.08000806589251824
9101314,motor_external,random,1,0.025,pre,adaptive_nonlinear,35,0.0020719555127254098
9101314,motor_external,random,1,0.025,pre,knn_all,35,0.002530294288405253
9101314,motor_external,random,1,0.025,pre,knn_recent,35,0.0026698711667842317
9101314,motor_external,random,1,0.025,pre,linear,35,0.0035478193601710534
9101314,motor_external,random,1,0.025,pre,nonlinear,35,0.0020719555127254098
9101314,motor_external,random,1,0.025,pre,zero,35,0.07286575388401302
9101314,none,random,1,0.025,counterfactual,action_blind,5,0.07385968908320487
9101314,none,random,1,0.025,counterfactual,adaptive_nonlinear,5,0.0016906047720225699
9101314,none,random,1,0.025,counterfactual,knn_all,5,0.002619114211654487
9101314,none,random,1,0.025,counterfactual,knn_recent,5,0.003146026455635019
9101314,none,random,1,0.025,counterfactual,linear,5,0.0033069320700531584
9101314,none,random,1,0.025,counterfactual,nonlinear,5,0.0016906047720225699
9101314,none,random,1,0.025,counterfactual,zero,5,0.07049485297308986
9101314,none,random,1,0.025,early,action_blind,19,0.07018611611593045
9101314,none,random,1,0.025,early,adaptive_nonlinear,19,0.005866449481362739
9101314,none,random,1,0.025,early,knn_all,19,0.006136735025809828
9101314,none,random,1,0.025,early,knn_recent,19,0.005929519573925773
9101314,none,random,1,0.025,early,linear,19,0.016215325400427364
9101314,none,random,1,0.025,early,nonlinear,19,0.005866449481362739
9101314,none,random,1,0.025,early,zero,19,0.06436058601737676
9101314,none,random,1,0.025,late,action_blind,35,0.05946452463638063
9101314,none,random,1,0.025,late,adaptive_nonlinear,35,0.0017313924374656342
9101314,none,random,1,0.025,late,knn_all,35,0.0018516753692897913
9101314,none,random,1,0.025,late,knn_recent,35,0.002161579275412178
9101314,none,random,1,0.025,late,linear,35,0.006261307537231053
9101314,none,random,1,0.025,late,nonlinear,35,0.0017313924374656342
9101314,none,random,1,0.025,late,zero,35,0.057011617275033635
9101314,none,random,1,0.025,pre,action_blind,35,0.08000806589251824
9101314,none,random,1,0.025,pre,adaptive_nonlinear,35,0.0020719555127254098
9101314,none,random,1,0.025,pre,knn_all,35,0.002530294288405253
9101314,none,random,1,0.025,pre,knn_recent,35,0.0026698711667842317
9101314,none,random,1,0.025,pre,linear,35,0.0035478193601710534
9101314,none,random,1,0.025,pre,nonlinear,35,0.0020719555127254098
9101314,none,random,1,0.025,pre,zero,35,0.07286575388401302
9101314,sensor,random,1,0.025,counterfactual,action_blind,5,0.07235546617555935
9101314,sensor,random,1,0.025,counterfactual,adaptive_nonlinear,5,0.0019831790545637292
9101314,sensor,random,1,0.025,counterfactual,knn_all,5,0.0029193331533939404
9101314,sensor,random,1,0.025,counterfactual,knn_recent,5,0.003146026455635019
9101314,sensor,random,1,0.025,counterfactual,linear,5,0.0030868344575561866
9101314,sensor,random,1,0.025,counterfactual,nonlinear,5,0.0019330430959983397
9101314,sensor,random,1,0.025,counterfactual,zero,5,0.07049485297308986
9101314,sensor,random,1,0.025,early,action_blind,19,0.07156056419896056
9101314,sensor,random,1,0.025,early,adaptive_nonlinear,19,0.006673529753048582
9101314,sensor,random,1,0.025,early,knn_all,19,0.007505226383993296
9101314,sensor,random,1,0.025,early,knn_recent,19,0.007256097267056692
9101314,sensor,random,1,0.025,early,linear,19,0.01648469910188377
9101314,sensor,random,1,0.025,early,nonlinear,19,0.006681012442667072
9101314,sensor,random,1,0.025,early,zero,19,0.06436058601737676
9101314,sensor,random,1,0.025,late,action_blind,35,0.059328645295079085
9101314,sensor,random,1,0.025,late,adaptive_nonlinear,35,0.001744424018564258
9101314,sensor,random,1,0.025,late,knn_all,35,0.001941476300709945
9101314,sensor,random,1,0.025,late,knn_recent,35,0.0021588234511089447
9101314,sensor,random,1,0.025,late,linear,35,0.006333582984531741
9101314,sensor,random,1,0.025,late,nonlinear,35,0.0017418633065613381
9101314,sensor,random,1,0.025,late,zero,35,0.057011617275033635
9101314,sensor,random,1,0.025,pre,action_blind,35,0.08000806589251824
9101314,sensor,random,1,0.025,pre,adaptive_nonlinear,35,0.0020719555127254098
9101314,sensor,random,1,0.025,pre,knn_all,35,0.002530294288405253
9101314,sensor,random,1,0.025,pre,knn_recent,35,0.0026698711667842317
9101314,sensor,random,1,0.025,pre,linear,35,0.0035478193601710534
9101314,sensor,random,1,0.025,pre,nonlinear,35,0.0020719555127254098
9101314,sensor,random,1,0.025,pre,zero,35,0.07286575388401302
9101314,unknown_nonlinear,random,1,0.025,counterfactual,action_blind,5,0.06131854480673141
9101314,unknown_nonlinear,random,1,0.025,counterfactual,adaptive_nonlinear,5,0.007372019086919253
9101314,unknown_nonlinear,random,1,0.025,counterfactual,knn_all,5,0.00641495810715091
9101314,unknown_nonlinear,random,1,0.025,counterfactual,knn_recent,5,0.006440077208614388
9101314,unknown_nonlinear,random,1,0.025,counterfactual,linear,5,0.006546330010474189
9101314,unknown_nonlinear,random,1,0.025,counterfactual,nonlinear,5,0.007372019086919253
9101314,unknown_nonlinear,random,1,0.025,counterfactual,zero,5,0.05425678967029986
9101314,unknown_nonlinear,random,1,0.025,early,action_blind,19,0.0773219982964842
9101314,unknown_nonlinear,random,1,0.025,early,adaptive_nonlinear,19,0.016484342795569314
9101314,unknown_nonlinear,random,1,0.025,early,knn_all,19,0.015572458508125558
9101314,unknown_nonlinear,random,1,0.025,early,knn_recent,19,0.015227002644283371
9101314,unknown_nonlinear,random,1,0.025,early,linear,19,0.03030316833572056
9101314,unknown_nonlinear,random,1,0.025,early,nonlinear,19,0.016484342795569314
9101314,unknown_nonlinear,random,1,0.025,early,zero,19,0.0741891959158779
9101314,unknown_nonlinear,random,1,0.025,late,action_blind,35,0.0606101733055275
9101314,unknown_nonlinear,random,1,0.025,late,adaptive_nonlinear,35,0.005375725949306643
9101314,unknown_nonlinear,random,1,0.025,late,knn_all,35,0.006122055914136049
9101314,unknown_nonlinear,random,1,0.025,late,knn_recent,35,0.006081147544125102
9101314,unknown_nonlinear,random,1,0.025,late,linear,35,0.009484287865461126
9101314,unknown_nonlinear,random,1,0.025,late,nonlinear,35,0.005375725949306643
9101314,unknown_nonlinear,random,1,0.025,late,zero,35,0.05411301560174447
9101314,unknown_nonlinear,random,1,0.025,pre,action_blind,35,0.08000806589251824
9101314,unknown_nonlinear,random,1,0.025,pre,adaptive_nonlinear,35,0.0020719555127254098
9101314,unknown_nonlinear,random,1,0.025,pre,knn_all,35,0.002530294288405253
9101314,unknown_nonlinear,random,1,0.025,pre,knn_recent,35,0.0026698711667842317
9101314,unknown_nonlinear,random,1,0.025,pre,linear,35,0.0035478193601710534
9101314,unknown_nonlinear,random,1,0.025,pre,nonlinear,35,0.0020719555127254098
9101314,unknown_nonlinear,random,1,0.025,pre,zero,35,0.07286575388401302
9101415,external,random,1,0.025,counterfactual,action_blind,5,0.02704294744968393
9101415,external,random,1,0.025,counterfactual,adaptive_nonlinear,5,0.014535228943927772
9101415,external,random,1,0.025,counterfactual,knn_all,5,0.00679834890716183
9101415,external,random,1,0.025,counterfactual,knn_recent,5,0.00679834890716183
9101415,external,random,1,0.025,counterfactual,linear,5,0.037152081271835884
9101415,external,random,1,0.025,counterfactual,nonlinear,5,0.014898765311987023
9101415,external,random,1,0.025,counterfactual,zero,5,0.024778931976829333
9101415,external,random,1,0.025,early,action_blind,19,0.06933696693239833
9101415,external,random,1,0.025,early,adaptive_nonlinear,19,0.03054540641557547
9101415,external,random,1,0.025,early,knn_all,19,0.031003348286152196
9101415,external,random,1,0.025,early,knn_recent,19,0.031088900398003015
9101415,external,random,1,0.025,early,linear,19,0.050805291601238464
9101415,external,random,1,0.025,early,nonlinear,19,0.031064519185526013
9101415,external,random,1,0.025,early,zero,19,0.05406434558118542
9101415,external,random,1,0.025,late,action_blind,35,0.04098442105468918
9101415,external,random,1,0.025,late,adaptive_nonlinear,35,0.013159279411186246
9101415,external,random,1,0.025,late,knn_all,35,0.009624772700251583
9101415,external,random,1,0.025,late,knn_recent,35,0.011206887557880652
9101415,external,random,1,0.025,late,linear,35,0.029182127902346578
9101415,external,random,1,0.025,late,nonlinear,35,0.013146850236568865
9101415,external,random,1,0.025,late,zero,35,0.04127925913079955
9101415,external,random,1,0.025,pre,action_blind,35,0.08664495285640458
9101415,external,random,1,0.025,pre,adaptive_nonlinear,35,0.0024409681649298957
9101415,external,random,1,0.025,pre,knn_all,35,0.004179143640202222
9101415,external,random,1,0.025,pre,knn_recent,35,0.004099769727277291
9101415,external,random,1,0.025,pre,linear,35,0.007707499516734777
9101415,external,random,1,0.025,pre,nonlinear,35,0.0024409681649298957
9101415,external,random,1,0.025,pre,zero,35,0.07971495614882218
9101415,motor,random,1,0.025,counterfactual,action_blind,5,0.03571945763830512
9101415,motor,random,1,0.025,counterfactual,adaptive_nonlinear,5,0.00567379066904343
9101415,motor,random,1,0.025,counterfactual,knn_all,5,0.005617597605905436
9101415,motor,random,1,0.025,counterfactual,knn_recent,5,0.0058593681497313334
9101415,motor,random,1,0.025,counterfactual,linear,5,0.028413308208199227
9101415,motor,random,1,0.025,counterfactual,nonlinear,5,0.005659193760641166
9101415,motor,random,1,0.025,counterfactual,zero,5,0.033034746586922105
9101415,motor,random,1,0.025,early,action_blind,19,0.0389511550605458
9101415,motor,random,1,0.025,early,adaptive_nonlinear,19,0.007684594674267103
9101415,motor,random,1,0.025,early,knn_all,19,0.017431020860534406
9101415,motor,random,1,0.025,early,knn_recent,19,0.017991424270768563
9101415,motor,random,1,0.025,early,linear,19,0.07119915567764563
9101415,motor,random,1,0.025,early,nonlinear,19,0.009120256605930053
9101415,motor,random,1,0.025,early,zero,19,0.03418130692128627
9101415,motor,random,1,0.025,late,action_blind,35,0.027641785062689363
9101415,motor,random,1,0.025,late,adaptive_nonlinear,35,0.002630885798404135
9101415,motor,random,1,0.025,late,knn_all,35,0.002424051012740672
9101415,motor,random,1,0.025,late,knn_recent,35,0.0025431224686675194
9101415,motor,random,1,0.025,late,linear,35,0.020470893122576654
9101415,motor,random,1,0.025,late,nonlinear,35,0.0026940727865250994
9101415,motor,random,1,0.025,late,zero,35,0.026570849132578348
9101415,motor,random,1,0.025,pre,action_blind,35,0.08664495285640458
9101415,motor,random,1,0.025,pre,adaptive_nonlinear,35,0.0024409681649298957
9101415,motor,random,1,0.025,pre,knn_all,35,0.004179143640202222
9101415,motor,random,1,0.025,pre,knn_recent,35,0.004099769727277291
9101415,motor,random,1,0.025,pre,linear,35,0.007707499516734777
9101415,motor,random,1,0.025,pre,nonlinear,35,0.0024409681649298957
9101415,motor,random,1,0.025,pre,zero,35,0.07971495614882218
9101415,motor_external,random,1,0.025,counterfactual,action_blind,5,0.0608335956463049
9101415,motor_external,random,1,0.025,counterfactual,adaptive_nonlinear,5,0.02283361036812679
9101415,motor_external,random,1,0.025,counterfactual,knn_all,5,0.017925706758910726
9101415,motor_external,random,1,0.025,counterfactual,knn_recent,5,0.017925706758910726
9101415,motor_external,random,1,0.025,counterfactual,linear,5,0.05364579852549507
9101415,motor_external,random,1,0.025,counterfactual,nonlinear,5,0.022733798388042237
9101415,motor_external,random,1,0.025,counterfactual,zero,5,0.06916299621667571
9101415,motor_external,random,1,0.025,early,action_blind,19,0.08751632182780748
9101415,motor_external,random,1,0.025,early,adaptive_nonlinear,19,0.04008481043211699
9101415,motor_external,random,1,0.025,early,knn_all,19,0.05722205933836508
9101415,motor_external,random,1,0.025,early,knn_recent,19,0.05861377554035646
9101415,motor_external,random,1,0.025,early,linear,19,0.1128298121404662
9101415,motor_external,random,1,0.025,early,nonlinear,19,0.04043089855896593
9101415,motor_external,random,1,0.025,early,zero,19,0.07932239403265857
9101415,motor_external,random,1,0.025,late,action_blind,35,0.04742133909067633
9101415,motor_external,random,1,0.025,late,adaptive_nonlinear,35,0.01746760678611088
9101415,motor_external,random,1,0.025,late,knn_all,35,0.012592010665780388
9101415,motor_external,random,1,0.025,late,knn_recent,35,0.011677839482499366
9101415,motor_external,random,1,0.025,late,linear,35,0.03587658722718341
9101415,motor_external,random,1,0.025,late,nonlinear,35,0.018851229347807967
9101415,motor_external,random,1,0.025,late,zero,35,0.04434402420823867
9101415,motor_external,random,1,0.025,pre,action_blind,35,0.08664495285640458
9101415,motor_external,random,1,0.025,pre,adaptive_nonlinear,35,0.0024409681649298957
9101415,motor_external,random,1,0.025,pre,knn_all,35,0.004179143640202222
9101415,motor_external,random,1,0.025,pre,knn_recent,35,0.004099769727277291
9101415,motor_external,random,1,0.025,pre,linear,35,0.007707499516734777
9101415,motor_external,random,1,0.025,pre,nonlinear,35,0.0024409681649298957
9101415,motor_external,random,1,0.025,pre,zero,35,0.07971495614882218
9101415,none,random,1,0.025,counterfactual,action_blind,5,0.044603861853856494
9101415,none,random,1,0.025,counterfactual,adaptive_nonlinear,5,0.008331000008802793
9101415,none,random,1,0.025,counterfactual,knn_all,5,0.007792919434997695
9101415,none,random,1,0.025,counterfactual,knn_recent,5,0.008065977253954698
9101415,none,random,1,0.025,counterfactual,linear,5,0.017898239245497046
9101415,none,random,1,0.025,counterfactual,nonlinear,5,0.008331000008802793
9101415,none,random,1,0.025,counterfactual,zero,5,0.0349160436306216
9101415,none,random,1,0.025,early,action_blind,19,0.062407509032442535
9101415,none,random,1,0.025,early,adaptive_nonlinear,19,0.0028439314429385214
9101415,none,random,1,0.025,early,knn_all,19,0.004110024970347758
9101415,none,random,1,0.025,early,knn_recent,19,0.0039014313547116562
9101415,none,random,1,0.025,early,linear,19,0.014888998635030815
9101415,none,random,1,0.025,early,nonlinear,19,0.0028439314429385214
9101415,none,random,1,0.025,early,zero,19,0.05984910716345929
9101415,none,random,1,0.025,late,action_blind,35,0.04384898197815305
9101415,none,random,1,0.025,late,adaptive_nonlinear,35,0.004330549723525618
9101415,none,random,1,0.025,late,knn_all,35,0.004252022460102989
9101415,none,random,1,0.025,late,knn_recent,35,0.004203484090063384
9101415,none,random,1,0.025,late,linear,35,0.010700421900713627
9101415,none,random,1,0.025,late,nonlinear,35,0.004330549723525618
9101415,none,random,1,0.025,late,zero,35,0.03858938566377291
9101415,none,random,1,0.025,pre,action_blind,35,0.08664495285640458
9101415,none,random,1,0.025,pre,adaptive_nonlinear,35,0.0024409681649298957
9101415,none,random,1,0.025,pre,knn_all,35,0.004179143640202222
9101415,none,random,1,0.025,pre,knn_recent,35,0.004099769727277291
9101415,none,random,1,0.025,pre,linear,35,0.007707499516734777
9101415,none,random,1,0.025,pre,nonlinear,35,0.0024409681649298957
9101415,none,random,1,0.025,pre,zero,35,0.07971495614882218
9101415,sensor,random,1,0.025,counterfactual,action_blind,5,0.04754085757675523
9101415,sensor,random,1,0.025,counterfactual,adaptive_nonlinear,5,0.009444749512572473
9101415,sensor,random,1,0.025,counterfactual,knn_all,5,0.007792919434997695
9101415,sensor,random,1,0.025,counterfactual,knn_recent,5,0.008065977253954698
9101415,sensor,random,1,0.025,counterfactual,linear,5,0.01847119647012293
9101415,sensor,random,1,0.025,counterfactual,nonlinear,5,0.00944568152741295
9101415,sensor,random,1,0.025,counterfactual,zero,5,0.0349160436306216
9101415,sensor,random,1,0.025,early,action_blind,19,0.06389003572628989
9101415,sensor,random,1,0.025,early,adaptive_nonlinear,19,0.0032940056852092275
9101415,sensor,random,1,0.025,early,knn_all,19,0.00434482856242917
9101415,sensor,random,1,0.025,early,knn_recent,19,0.0041335635536239815
9101415,sensor,random,1,0.025,early,linear,19,0.014730068732260565
9101415,sensor,random,1,0.025,early,nonlinear,19,0.0033024508433718066
9101415,sensor,random,1,0.025,early,zero,19,0.05984910716345929
9101415,sensor,random,1,0.025,late,action_blind,35,0.044306142871618194
9101415,sensor,random,1,0.025,late,adaptive_nonlinear,35,0.004601163058865438
9101415,sensor,random,1,0.025,late,knn_all,35,0.004251287207756485
9101415,sensor,random,1,0.025,late,knn_recent,35,0.004203484090063384
9101415,sensor,random,1,0.025,late,linear,35,0.01078002007170593
9101415,sensor,random,1,0.025,late,nonlinear,35,0.004605963503672471
9101415,sensor,random,1,0.025,late,zero,35,0.03858938566377291
9101415,sensor,random,1,0.025,pre,action_blind,35,0.08664495285640458
9101415,sensor,random,1,0.025,pre,adaptive_nonlinear,35,0.0024409681649298957
9101415,sensor,random,1,0.025,pre,knn_all,35,0.004179143640202222
9101415,sensor,random,1,0.025,pre,knn_recent,35,0.004099769727277291
9101415,sensor,random,1,0.025,pre,linear,35,0.007707499516734777
9101415,sensor,random,1,0.025,pre,nonlinear,35,0.0024409681649298957
9101415,sensor,random,1,0.025,pre,zero,35,0.07971495614882218
9101415,unknown_nonlinear,random,1,0.025,counterfactual,action_blind,5,0.040748768704867176
9101415,unknown_nonlinear,random,1,0.025,counterfactual,adaptive_nonlinear,5,0.005796766107990126
9101415,unknown_nonlinear,random,1,0.025,counterfactual,knn_all,5,0.0042950242447855665
9101415,unknown_nonlinear,random,1,0.025,counterfactual,knn_recent,5,0.004380631113308315
9101415,unknown_nonlinear,random,1,0.025,counterfactual,linear,5,0.015080997187310702
9101415,unknown_nonlinear,random,1,0.025,counterfactual,nonlinear,5,0.005796766107990126
9101415,unknown_nonlinear,random,1,0.025,counterfactual,zero,5,0.02817300517759123
9101415,unknown_nonlinear,random,1,0.025,early,action_blind,19,0.04104236610787646
9101415,unknown_nonlinear,random,1,0.025,early,adaptive_nonlinear,19,0.014343916605868513
9101415,unknown_nonlinear,random,1,0.025,early,knn_all,19,0.01089979304378354
9101415,unknown_nonlinear,random,1,0.025,early,knn_recent,19,0.01063968629584774
9101415,unknown_nonlinear,random,1,0.025,early,linear,19,0.02973104048969724
9101415,unknown_nonlinear,random,1,0.025,early,nonlinear,19,0.014343916605868513
9101415,unknown_nonlinear,random,1,0.025,early,zero,19,0.040493312198844465
9101415,unknown_nonlinear,random,1,0.025,late,action_blind,35,0.03937894400951618
9101415,unknown_nonlinear,random,1,0.025,late,adaptive_nonlinear,35,0.00663357892577103
9101415,unknown_nonlinear,random,1,0.025,late,knn_all,35,0.004329346549660186
9101415,unknown_nonlinear,random,1,0.025,late,knn_recent,35,0.004506978460642649
9101415,unknown_nonlinear,random,1,0.025,late,linear,35,0.012435755858382906
9101415,unknown_nonlinear,random,1,0.025,late,nonlinear,35,0.00663357892577103
9101415,unknown_nonlinear,random,1,0.025,late,zero,35,0.03283257596960602
9101415,unknown_nonlinear,random,1,0.025,pre,action_blind,35,0.08664495285640458
9101415,unknown_nonlinear,random,1,0.025,pre,adaptive_nonlinear,35,0.0024409681649298957
9101415,unknown_nonlinear,random,1,0.025,pre,knn_all,35,0.004179143640202222
9101415,unknown_nonlinear,random,1,0.025,pre,knn_recent,35,0.004099769727277291
9101415,unknown_nonlinear,random,1,0.025,pre,linear,35,0.007707499516734777
9101415,unknown_nonlinear,random,1,0.025,pre,nonlinear,35,0.0024409681649298957
9101415,unknown_nonlinear,random,1,0.025,pre,zero,35,0.07971495614882218
9101516,external,random,1,0.025,counterfactual,action_blind,5,0.0350988887943212
9101516,external,random,1,0.025,counterfactual,adaptive_nonlinear,5,0.005816687657729055
9101516,external,random,1,0.025,counterfactual,knn_all,5,0.00818170886385737
9101516,external,random,1,0.025,counterfactual,knn_recent,5,0.007922777941619417
9101516,external,random,1,0.025,counterfactual,linear,5,0.018051428305581117
9101516,external,random,1,0.025,counterfactual,nonlinear,5,0.005816687657729055
9101516,external,random,1,0.025,counterfactual,zero,5,0.030090212430620416
9101516,external,random,1,0.025,early,action_blind,19,0.08495622932408047
9101516,external,random,1,0.025,early,adaptive_nonlinear,19,0.004959335984379605
9101516,external,random,1,0.025,early,knn_all,19,0.006596630087790809
9101516,external,random,1,0.025,early,knn_recent,19,0.006078446695638782
9101516,external,random,1,0.025,early,linear,19,0.020147393394010643
9101516,external,random,1,0.025,early,nonlinear,19,0.004959335984379605
9101516,external,random,1,0.025,early,zero,19,0.07261891206171625
9101516,external,random,1,0.025,late,action_blind,35,0.021834835245663126
9101516,external,random,1,0.025,late,adaptive_nonlinear,35,0.00513051009327016
9101516,external,random,1,0.025,late,knn_all,35,0.004612721047058859
9101516,external,random,1,0.025,late,knn_recent,35,0.004469568413656408
9101516,external,random,1,0.025,late,linear,35,0.016364214892368615
9101516,external,random,1,0.025,late,nonlinear,35,0.00513051009327016
9101516,external,random,1,0.025,late,zero,35,0.02030681521441337
9101516,external,random,1,0.025,pre,action_blind,35,0.04284394727465445
9101516,external,random,1,0.025,pre,adaptive_nonlinear,35,0.0019963494204714334
9101516,external,random,1,0.025,pre,knn_all,35,0.0021128367537221492
9101516,external,random,1,0.025,pre,knn_recent,35,0.002279502858165868
9101516,external,random,1,0.025,pre,linear,35,0.002132469892797463
9101516,external,random,1,0.025,pre,nonlinear,35,0.0019963494204714334
9101516,external,random,1,0.025,pre,zero,35,0.04232352717889469
9101516,motor,random,1,0.025,counterfactual,action_blind,5,0.06546275431392465
9101516,motor,random,1,0.025,counterfactual,adaptive_nonlinear,5,0.005108831294536624
9101516,motor,random,1,0.025,counterfactual,knn_all,5,0.023836864825242304
9101516,motor,random,1,0.025,counterfactual,knn_recent,5,0.003578482529585101
9101516,motor,random,1,0.025,counterfactual,linear,5,0.02299857399370203
9101516,motor,random,1,0.025,counterfactual,nonlinear,5,0.00652049638303055
9101516,motor,random,1,0.025,counterfactual,zero,5,0.059806398115803974
9101516,motor,random,1,0.025,early,action_blind,19,0.07191493454072263
9101516,motor,random,1,0.025,early,adaptive_nonlinear,19,0.012095303848733118
9101516,motor,random,1,0.025,early,knn_all,19,0.021128410495593043
9101516,motor,random,1,0.025,early,knn_recent,19,0.015854979172648734
9101516,motor,random,1,0.025,early,linear,19,0.06429083980950132
9101516,motor,random,1,0.025,early,nonlinear,19,0.013622679402845436
9101516,motor,random,1,0.025,early,zero,19,0.06535496935356874
9101516,motor,random,1,0.025,late,action_blind,35,0.05659400390412365
9101516,motor,random,1,0.025,late,adaptive_nonlinear,35,0.008218583185712522
9101516,motor,random,1,0.025,late,knn_all,35,0.0158067798276786
9101516,motor,random,1,0.025,late,knn_recent,35,0.0032306021523214644
9101516,motor,random,1,0.025,late,linear,35,0.016715440112357514
9101516,motor,random,1,0.025,late,nonlinear,35,0.01042166900937456
9101516,motor,random,1,0.025,late,zero,35,0.04726094732869874
9101516,motor,random,1,0.025,pre,action_blind,35,0.04284394727465445
9101516,motor,random,1,0.025,pre,adaptive_nonlinear,35,0.0019963494204714334
9101516,motor,random,1,0.025,pre,knn_all,35,0.0021128367537221492
9101516,motor,random,1,0.025,pre,knn_recent,35,0.002279502858165868
9101516,motor,random,1,0.025,pre,linear,35,0.002132469892797463
9101516,motor,random,1,0.025,pre,nonlinear,35,0.0019963494204714334
9101516,motor,random,1,0.025,pre,zero,35,0.04232352717889469
9101516,motor_external,random,1,0.025,counterfactual,action_blind,5,0.0361178876923881
9101516,motor_external,random,1,0.025,counterfactual,adaptive_nonlinear,5,0.030146523951937915
9101516,motor_external,random,1,0.025,counterfactual,knn_all,5,0.019216596991040103
9101516,motor_external,random,1,0.025,counterfactual,knn_recent,5,0.019310089046219767
9101516,motor_external,random,1,0.025,counterfactual,linear,5,0.030324978737383202
9101516,motor_external,random,1,0.025,counterfactual,nonlinear,5,0.027732413905845098
9101516,motor_external,random,1,0.025,counterfactual,zero,5,0.0376136144416753
9101516,motor_external,random,1,0.025,early,action_blind,19,0.05455564980324379
9101516,motor_external,random,1,0.025,early,adaptive_nonlinear,19,0.03131544040357871
9101516,motor_external,random,1,0.025,early,knn_all,19,0.025367222143778498
9101516,motor_external,random,1,0.025,early,knn_recent,19,0.02322835115107908
9101516,motor_external,random,1,0.025,early,linear,19,0.07852584005980633
9101516,motor_external,random,1,0.025,early,nonlinear,19,0.034203264457562076
9101516,motor_external,random,1,0.025,early,zero,19,0.07819797659513272
9101516,motor_external,random,1,0.025,late,action_blind,35,0.011605491338655528
9101516,motor_external,random,1,0.025,late,adaptive_nonlinear,35,0.0042547183003142875
9101516,motor_external,random,1,0.025,late,knn_all,35,0.003520960846438957
9101516,motor_external,random,1,0.025,late,knn_recent,35,0.0035660734917876227
9101516,motor_external,random,1,0.025,late,linear,35,0.012660923812328318
9101516,motor_external,random,1,0.025,late,nonlinear,35,0.003954229088429822
9101516,motor_external,random,1,0.025,late,zero,35,0.01150087160813403
9101516,motor_external,random,1,0.025,pre,action_blind,35,0.04284394727465445
9101516,motor_external,random,1,0.025,pre,adaptive_nonlinear,35,0.0019963494204714334
9101516,motor_external,random,1,0.025,pre,knn_all,35,0.0021128367537221492
9101516,motor_external,random,1,0.025,pre,knn_recent,35,0.002279502858165868
9101516,motor_external,random,1,0.025,pre,linear,35,0.002132469892797463
9101516,motor_external,random,1,0.025,pre,nonlinear,35,0.0019963494204714334
9101516,motor_external,random,1,0.025,pre,zero,35,0.04232352717889469
9101516,none,random,1,0.025,counterfactual,action_blind,5,0.03238193882733853
9101516,none,random,1,0.025,counterfactual,adaptive_nonlinear,5,0.0020408775179623245
9101516,none,random,1,0.025,counterfactual,knn_all,5,0.0032349129910713413
9101516,none,random,1,0.025,counterfactual,knn_recent,5,0.003765105248470671
9101516,none,random,1,0.025,counterfactual,linear,5,0.004778969506936069
9101516,none,random,1,0.025,counterfactual,nonlinear,5,0.0020408775179623245
9101516,none,random,1,0.025,counterfactual,zero,5,0.030978259641996252
9101516,none,random,1,0.025,early,action_blind,19,0.04098713614429815
9101516,none,random,1,0.025,early,adaptive_nonlinear,19,0.0021961488251824386
9101516,none,random,1,0.025,early,knn_all,19,0.002153786949240881
9101516,none,random,1,0.025,early,knn_recent,19,0.0020625131264449563
9101516,none,random,1,0.025,early,linear,19,0.0031099087464659843
9101516,none,random,1,0.025,early,nonlinear,19,0.0021961488251824386
9101516,none,random,1,0.025,early,zero,19,0.03373336208205559
9101516,none,random,1,0.025,late,action_blind,35,0.03385623493318283
9101516,none,random,1,0.025,late,adaptive_nonlinear,35,0.0016791817729049448
9101516,none,random,1,0.025,late,knn_all,35,0.0023598434353255563
9101516,none,random,1,0.025,late,knn_recent,35,0.0023506245600166003
9101516,none,random,1,0.025,late,linear,35,0.003407254808548228
9101516,none,random,1,0.025,late,nonlinear,35,0.0016791817729049448
9101516,none,random,1,0.025,late,zero,35,0.029525560167408108
9101516,none,random,1,0.025,pre,action_blind,35,0.04284394727465445
9101516,none,random,1,0.025,pre,adaptive_nonlinear,35,0.0019963494204714334
9101516,none,random,1,0.025,pre,knn_all,35,0.0021128367537221492
9101516,none,random,1,0.025,pre,knn_recent,35,0.002279502858165868
9101516,none,random,1,0.025,pre,linear,35,0.002132469892797463
9101516,none,random,1,0.025,pre,nonlinear,35,0.0019963494204714334
9101516,none,random,1,0.025,pre,zero,35,0.04232352717889469
9101516,sensor,random,1,0.025,counterfactual,action_blind,5,0.03326243102329976
9101516,sensor,random,1,0.025,counterfactual,adaptive_nonlinear,5,0.0026990933134828886
9101516,sensor,random,1,0.025,counterfactual,knn_all,5,0.0033000753514811506
9101516,sensor,random,1,0.025,counterfactual,knn_recent,5,0.003765105248470671
9101516,sensor,random,1,0.025,counterfactual,linear,5,0.004598000205281249
9101516,sensor,random,1,0.025,counterfactual,nonlinear,5,0.0026393216967244134
9101516,sensor,random,1,0.025,counterfactual,zero,5,0.030978259641996252
9101516,sensor,random,1,0.025,early,action_blind,19,0.03621450991870059
9101516,sensor,random,1,0.025,early,adaptive_nonlinear,19,0.0021848302684899824
9101516,sensor,random,1,0.025,early,knn_all,19,0.0020235793219881026
9101516,sensor,random,1,0.025,early,knn_recent,19,0.002133726807437095
9101516,sensor,random,1,0.025,early,linear,19,0.0029448897177158343
9101516,sensor,random,1,0.025,early,nonlinear,19,0.002175737059498994
9101516,sensor,random,1,0.025,early,zero,19,0.03373336208205559
9101516,sensor,random,1,0.025,late,action_blind,35,0.03405995624124512
9101516,sensor,random,1,0.025,late,adaptive_nonlinear,35,0.0018855173349561628
9101516,sensor,random,1,0.025,late,knn_all,35,0.002258479960855713
9101516,sensor,random,1,0.025,late,knn_recent,35,0.0023506245600166003
9101516,sensor,random,1,0.025,late,linear,35,0.0032834625170880833
9101516,sensor,random,1,0.025,late,nonlinear,35,0.0018813051759556316
9101516,sensor,random,1,0.025,late,zero,35,0.029525560167408108
9101516,sensor,random,1,0.025,pre,action_blind,35,0.04284394727465445
9101516,sensor,random,1,0.025,pre,adaptive_nonlinear,35,0.0019963494204714334
9101516,sensor,random,1,0.025,pre,knn_all,35,0.0021128367537221492
9101516,sensor,random,1,0.025,pre,knn_recent,35,0.002279502858165868
9101516,sensor,random,1,0.025,pre,linear,35,0.002132469892797463
9101516,sensor,random,1,0.025,pre,nonlinear,35,0.0019963494204714334
9101516,sensor,random,1,0.025,pre,zero,35,0.04232352717889469
9101516,unknown_nonlinear,random,1,0.025,counterfactual,action_blind,5,0.07930569790085992
9101516,unknown_nonlinear,random,1,0.025,counterfactual,adaptive_nonlinear,5,0.006608176296349031
9101516,unknown_nonlinear,random,1,0.025,counterfactual,knn_all,5,0.008211070085467075
9101516,unknown_nonlinear,random,1,0.025,counterfactual,knn_recent,5,0.014119370679014785
9101516,unknown_nonlinear,random,1,0.025,counterfactual,linear,5,0.009833867176177699
9101516,unknown_nonlinear,random,1,0.025,counterfactual,nonlinear,5,0.006608176296349031
9101516,unknown_nonlinear,random,1,0.025,counterfactual,zero,5,0.05626102301152693
9101516,unknown_nonlinear,random,1,0.025,early,action_blind,19,0.04629007832338685
9101516,unknown_nonlinear,random,1,0.025,early,adaptive_nonlinear,19,0.004397248941904445
9101516,unknown_nonlinear,random,1,0.025,early,knn_all,19,0.003968227744307405
9101516,unknown_nonlinear,random,1,0.025,early,knn_recent,19,0.002955690249492685
9101516,unknown_nonlinear,random,1,0.025,early,linear,19,0.004840801269980896
9101516,unknown_nonlinear,random,1,0.025,early,nonlinear,19,0.004397248941904445
9101516,unknown_nonlinear,random,1,0.025,early,zero,19,0.04681833298522626
9101516,unknown_nonlinear,random,1,0.025,late,action_blind,35,0.04810837222925535
9101516,unknown_nonlinear,random,1,0.025,late,adaptive_nonlinear,35,0.006602783823412862
9101516,unknown_nonlinear,random,1,0.025,late,knn_all,35,0.00559579851910882
9101516,unknown_nonlinear,random,1,0.025,late,knn_recent,35,0.0069036758868204874
9101516,unknown_nonlinear,random,1,0.025,late,linear,35,0.016719835438987796
9101516,unknown_nonlinear,random,1,0.025,late,nonlinear,35,0.006602783823412862
9101516,unknown_nonlinear,random,1,0.025,late,zero,35,0.04563541315718354
9101516,unknown_nonlinear,random,1,0.025,pre,action_blind,35,0.04284394727465445
9101516,unknown_nonlinear,random,1,0.025,pre,adaptive_nonlinear,35,0.0019963494204714334
9101516,unknown_nonlinear,random,1,0.025,pre,knn_all,35,0.0021128367537221492
9101516,unknown_nonlinear,random,1,0.025,pre,knn_recent,35,0.002279502858165868
9101516,unknown_nonlinear,random,1,0.025,pre,linear,35,0.002132469892797463
9101516,unknown_nonlinear,random,1,0.025,pre,nonlinear,35,0.0019963494204714334
9101516,unknown_nonlinear,random,1,0.025,pre,zero,35,0.04232352717889469
9101617,external,random,1,0.025,counterfactual,action_blind,5,0.09461247619286961
9101617,external,random,1,0.025,counterfactual,adaptive_nonlinear,5,0.005193924009120682
9101617,external,random,1,0.025,counterfactual,knn_all,5,0.0021037805851481075
9101617,external,random,1,0.025,counterfactual,knn_recent,5,0.0016426103688412907
9101617,external,random,1,0.025,counterfactual,linear,5,0.02391848520442757
9101617,external,random,1,0.025,counterfactual,nonlinear,5,0.005193924009120682
9101617,external,random,1,0.025,counterfactual,zero,5,0.106152201912596
9101617,external,random,1,0.025,early,action_blind,19,0.06711074161264356
9101617,external,random,1,0.025,early,adaptive_nonlinear,19,0.007420141485041528
9101617,external,random,1,0.025,early,knn_all,19,0.013111301290572218
9101617,external,random,1,0.025,early,knn_recent,19,0.01120617953884182
9101617,external,random,1,0.025,early,linear,19,0.020786500584129737
9101617,external,random,1,0.025,early,nonlinear,19,0.007420141485041528
9101617,external,random,1,0.025,early,zero,19,0.0678968548005677
9101617,external,random,1,0.025,late,action_blind,35,0.06107811403028667
9101617,external,random,1,0.025,late,adaptive_nonlinear,35,0.009575576876385616
9101617,external,random,1,0.025,late,knn_all,35,0.011868124223523688
9101617,external,random,1,0.025,late,knn_recent,35,0.011886569508527641
9101617,external,random,1,0.025,late,linear,35,0.030929548118983425
9101617,external,random,1,0.025,late,nonlinear,35,0.009575576876385616
9101617,external,random,1,0.025,late,zero,35,0.059624888881418314
9101617,external,random,1,0.025,pre,action_blind,35,0.03276243965272604
9101617,external,random,1,0.025,pre,adaptive_nonlinear,35,0.0023626039153651253
9101617,external,random,1,0.025,pre,knn_all,35,0.003059760754490497
9101617,external,random,1,0.025,pre,knn_recent,35,0.0030779273613937438
9101617,external,random,1,0.025,pre,linear,35,0.0036020472567995445
9101617,external,random,1,0.025,pre,nonlinear,35,0.0023626039153651253
9101617,external,random,1,0.025,pre,zero,35,0.03126612267201352
9101617,motor,random,1,0.025,counterfactual,action_blind,5,0.02766777887351869
9101617,motor,random,1,0.025,counterfactual,adaptive_nonlinear,5,0.003488732247893425
9101617,motor,random,1,0.025,counterfactual,knn_all,5,0.002195588329018585
9101617,motor,random,1,0.025,counterfactual,knn_recent,5,0.0020986489311793756
9101617,motor,random,1,0.025,counterfactual,linear,5,0.03103737607022412
9101617,motor,random,1,0.025,counterfactual,nonlinear,5,0.0036425650677714395
9101617,motor,random,1,0.025,counterfactual,zero,5,0.02694395432761352
9101617,motor,random,1,0.025,early,action_blind,19,0.02290707466311152
9101617,motor,random,1,0.025,early,adaptive_nonlinear,19,0.022749686477123568
9101617,motor,random,1,0.025,early,knn_all,19,0.022883101519690217
9101617,motor,random,1,0.025,early,knn_recent,19,0.022764106536127638
9101617,motor,random,1,0.025,early,linear,19,0.03422199525381382
9101617,motor,random,1,0.025,early,nonlinear,19,0.023578579938172844
9101617,motor,random,1,0.025,early,zero,19,0.024905421324631236
9101617,motor,random,1,0.025,late,action_blind,35,0.027977313109153246
9101617,motor,random,1,0.025,late,adaptive_nonlinear,35,0.006160985927126381
9101617,motor,random,1,0.025,late,knn_all,35,0.0048406592816264095
9101617,motor,random,1,0.025,late,knn_recent,35,0.004714917065353953
9101617,motor,random,1,0.025,late,linear,35,0.024871979946656072
9101617,motor,random,1,0.025,late,nonlinear,35,0.006223240573920634
9101617,motor,random,1,0.025,late,zero,35,0.02659438581916156
9101617,motor,random,1,0.025,pre,action_blind,35,0.03276243965272604
9101617,motor,random,1,0.025,pre,adaptive_nonlinear,35,0.0023626039153651253
9101617,motor,random,1,0.025,pre,knn_all,35,0.003059760754490497
9101617,motor,random,1,0.025,pre,knn_recent,35,0.0030779273613937438
9101617,motor,random,1,0.025,pre,linear,35,0.0036020472567995445
9101617,motor,random,1,0.025,pre,nonlinear,35,0.0023626039153651253
9101617,motor,random,1,0.025,pre,zero,35,0.03126612267201352
9101617,motor_external,random,1,0.025,counterfactual,action_blind,5,0.030273376095603738
9101617,motor_external,random,1,0.025,counterfactual,adaptive_nonlinear,5,0.015113540522044114
9101617,motor_external,random,1,0.025,counterfactual,knn_all,5,0.011115500242369125
9101617,motor_external,random,1,0.025,counterfactual,knn_recent,5,0.011588713847691993
9101617,motor_external,random,1,0.025,counterfactual,linear,5,0.024602865664120392
9101617,motor_external,random,1,0.025,counterfactual,nonlinear,5,0.01610138079296098
9101617,motor_external,random,1,0.025,counterfactual,zero,5,0.040627860149866225
9101617,motor_external,random,1,0.025,early,action_blind,19,0.05245946870635895
9101617,motor_external,random,1,0.025,early,adaptive_nonlinear,19,0.02030402842263278
9101617,motor_external,random,1,0.025,early,knn_all,19,0.029892546605366933
9101617,motor_external,random,1,0.025,early,knn_recent,19,0.021716096681135288
9101617,motor_external,random,1,0.025,early,linear,19,0.05703754662035251
9101617,motor_external,random,1,0.025,early,nonlinear,19,0.023138595210340108
9101617,motor_external,random,1,0.025,early,zero,19,0.04743971162025506
9101617,motor_external,random,1,0.025,late,action_blind,35,0.014096133521223492
9101617,motor_external,random,1,0.025,late,adaptive_nonlinear,35,0.013556544589556938
9101617,motor_external,random,1,0.025,late,knn_all,35,0.012522949413279383
9101617,motor_external,random,1,0.025,late,knn_recent,35,0.01312030227219361
9101617,motor_external,random,1,0.025,late,linear,35,0.018881803790713324
9101617,motor_external,random,1,0.025,late,nonlinear,35,0.013991673802221275
9101617,motor_external,random,1,0.025,late,zero,35,0.016398220657540607
9101617,motor_external,random,1,0.025,pre,action_blind,35,0.03276243965272604
9101617,motor_external,random,1,0.025,pre,adaptive_nonlinear,35,0.0023626039153651253
9101617,motor_external,random,1,0.025,pre,knn_all,35,0.003059760754490497
9101617,motor_external,random,1,0.025,pre,knn_recent,35,0.0030779273613937438
9101617,motor_external,random,1,0.025,pre,linear,35,0.0036020472567995445
9101617,motor_external,random,1,0.025,pre,nonlinear,35,0.0023626039153651253
9101617,motor_external,random,1,0.025,pre,zero,35,0.03126612267201352
9101617,none,random,1,0.025,counterfactual,action_blind,5,0.04531233379659566
9101617,none,random,1,0.025,counterfactual,adaptive_nonlinear,5,0.0026825542438908825
9101617,none,random,1,0.025,counterfactual,knn_all,5,0.001774739839456552
9101617,none,random,1,0.025,counterfactual,knn_recent,5,0.0018289002541628855
9101617,none,random,1,0.025,counterfactual,linear,5,0.010167941494716778
9101617,none,random,1,0.025,counterfactual,nonlinear,5,0.0026825542438908825
9101617,none,random,1,0.025,counterfactual,zero,5,0.04504081244838404
9101617,none,random,1,0.025,early,action_blind,19,0.024874046517589794
9101617,none,random,1,0.025,early,adaptive_nonlinear,19,0.0011637748616928716
9101617,none,random,1,0.025,early,knn_all,19,0.0012618041496245628
9101617,none,random,1,0.025,early,knn_recent,19,0.0012473557079470989
9101617,none,random,1,0.025,early,linear,19,0.0017067577036653653
9101617,none,random,1,0.025,early,nonlinear,19,0.0011637748616928716
9101617,none,random,1,0.025,early,zero,19,0.024433329564591683
9101617,none,random,1,0.025,late,action_blind,35,0.049271890066931355
9101617,none,random,1,0.025,late,adaptive_nonlinear,35,0.0023592692458704106
9101617,none,random,1,0.025,late,knn_all,35,0.0027878787680299627
9101617,none,random,1,0.025,late,knn_recent,35,0.002609426108441851
9101617,none,random,1,0.025,late,linear,35,0.009663874200105957
9101617,none,random,1,0.025,late,nonlinear,35,0.0023592692458704106
9101617,none,random,1,0.025,late,zero,35,0.04728564176593276
9101617,none,random,1,0.025,pre,action_blind,35,0.03276243965272604
9101617,none,random,1,0.025,pre,adaptive_nonlinear,35,0.0023626039153651253
9101617,none,random,1,0.025,pre,knn_all,35,0.003059760754490497
9101617,none,random,1,0.025,pre,knn_recent,35,0.0030779273613937438
9101617,none,random,1,0.025,pre,linear,35,0.0036020472567995445
9101617,none,random,1,0.025,pre,nonlinear,35,0.0023626039153651253
9101617,none,random,1,0.025,pre,zero,35,0.03126612267201352
9101617,sensor,random,1,0.025,counterfactual,action_blind,5,0.04524760296239945
9101617,sensor,random,1,0.025,counterfactual,adaptive_nonlinear,5,0.0025248721516731346
9101617,sensor,random,1,0.025,counterfactual,knn_all,5,0.0017971048122563953
9101617,sensor,random,1,0.025,counterfactual,knn_recent,5,0.0018289002541628855
9101617,sensor,random,1,0.025,counterfactual,linear,5,0.01019127221495102
9101617,sensor,random,1,0.025,counterfactual,nonlinear,5,0.002647929221267452
9101617,sensor,random,1,0.025,counterfactual,zero,5,0.04504081244838404
9101617,sensor,random,1,0.025,early,action_blind,19,0.025108318796720052
9101617,sensor,random,1,0.025,early,adaptive_nonlinear,19,0.0012506035046192707
9101617,sensor,random,1,0.025,early,knn_all,19,0.0020339606406535537
9101617,sensor,random,1,0.025,early,knn_recent,19,0.002147408901754952
9101617,sensor,random,1,0.025,early,linear,19,0.001769465925491229
9101617,sensor,random,1,0.025,early,nonlinear,19,0.0012393846367968774
9101617,sensor,random,1,0.025,early,zero,19,0.024433329564591683
9101617,sensor,random,1,0.025,late,action_blind,35,0.04967979140039437
9101617,sensor,random,1,0.025,late,adaptive_nonlinear,35,0.00226784637661989
9101617,sensor,random,1,0.025,late,knn_all,35,0.0027313871739452432
9101617,sensor,random,1,0.025,late,knn_recent,35,0.0026094261084418507
9101617,sensor,random,1,0.025,late,linear,35,0.009744951725932309
9101617,sensor,random,1,0.025,late,nonlinear,35,0.0023189894540076497
9101617,sensor,random,1,0.025,late,zero,35,0.04728564176593277
9101617,sensor,random,1,0.025,pre,action_blind,35,0.03276243965272604
9101617,sensor,random,1,0.025,pre,adaptive_nonlinear,35,0.0023626039153651253
9101617,sensor,random,1,0.025,pre,knn_all,35,0.003059760754490497
9101617,sensor,random,1,0.025,pre,knn_recent,35,0.0030779273613937438
9101617,sensor,random,1,0.025,pre,linear,35,0.0036020472567995445
9101617,sensor,random,1,0.025,pre,nonlinear,35,0.0023626039153651253
9101617,sensor,random,1,0.025,pre,zero,35,0.03126612267201352
9101617,unknown_nonlinear,random,1,0.025,counterfactual,action_blind,5,0.04833630941496136
9101617,unknown_nonlinear,random,1,0.025,counterfactual,adaptive_nonlinear,5,0.006097606567648661
9101617,unknown_nonlinear,random,1,0.025,counterfactual,knn_all,5,0.003183441414169948
9101617,unknown_nonlinear,random,1,0.025,counterfactual,knn_recent,5,0.002660941690614388
9101617,unknown_nonlinear,random,1,0.025,counterfactual,linear,5,0.012225124256668694
9101617,unknown_nonlinear,random,1,0.025,counterfactual,nonlinear,5,0.006097606567648661
9101617,unknown_nonlinear,random,1,0.025,counterfactual,zero,5,0.04439884014340317
9101617,unknown_nonlinear,random,1,0.025,early,action_blind,19,0.02564977737532223
9101617,unknown_nonlinear,random,1,0.025,early,adaptive_nonlinear,19,0.0016857865872506343
9101617,unknown_nonlinear,random,1,0.025,early,knn_all,19,0.0016156492567394394
9101617,unknown_nonlinear,random,1,0.025,early,knn_recent,19,0.0016232393154369663
9101617,unknown_nonlinear,random,1,0.025,early,linear,19,0.0024505427559676093
9101617,unknown_nonlinear,random,1,0.025,early,nonlinear,19,0.0016857865872506343
9101617,unknown_nonlinear,random,1,0.025,early,zero,19,0.02666569397793592
9101617,unknown_nonlinear,random,1,0.025,late,action_blind,35,0.043530121607023374
9101617,unknown_nonlinear,random,1,0.025,late,adaptive_nonlinear,35,0.007744042621913391
9101617,unknown_nonlinear,random,1,0.025,late,knn_all,35,0.004354737567902443
9101617,unknown_nonlinear,random,1,0.025,late,knn_recent,35,0.004198716771391502
9101617,unknown_nonlinear,random,1,0.025,late,linear,35,0.009695300514635095
9101617,unknown_nonlinear,random,1,0.025,late,nonlinear,35,0.007744042621913391
9101617,unknown_nonlinear,random,1,0.025,late,zero,35,0.03934541246150177
9101617,unknown_nonlinear,random,1,0.025,pre,action_blind,35,0.03276243965272604
9101617,unknown_nonlinear,random,1,0.025,pre,adaptive_nonlinear,35,0.0023626039153651253
9101617,unknown_nonlinear,random,1,0.025,pre,knn_all,35,0.003059760754490497
9101617,unknown_nonlinear,random,1,0.025,pre,knn_recent,35,0.0030779273613937438
9101617,unknown_nonlinear,random,1,0.025,pre,linear,35,0.0036020472567995445
9101617,unknown_nonlinear,random,1,0.025,pre,nonlinear,35,0.0023626039153651253
9101617,unknown_nonlinear,random,1,0.025,pre,zero,35,0.03126612267201352
9101718,external,random,1,0.025,counterfactual,action_blind,5,0.019118905807458734
9101718,external,random,1,0.025,counterfactual,adaptive_nonlinear,5,0.006756431291359641
9101718,external,random,1,0.025,counterfactual,knn_all,5,0.008648177757245426
9101718,external,random,1,0.025,counterfactual,knn_recent,5,0.008729386576787752
9101718,external,random,1,0.025,counterfactual,linear,5,0.02747180807651458
9101718,external,random,1,0.025,counterfactual,nonlinear,5,0.006756431291359641
9101718,external,random,1,0.025,counterfactual,zero,5,0.02617953548636014
9101718,external,random,1,0.025,early,action_blind,19,0.06747245413840046
9101718,external,random,1,0.025,early,adaptive_nonlinear,19,0.003622085339384489
9101718,external,random,1,0.025,early,knn_all,19,0.007759205555887317
9101718,external,random,1,0.025,early,knn_recent,19,0.00790889066765916
9101718,external,random,1,0.025,early,linear,19,0.02177736934138133
9101718,external,random,1,0.025,early,nonlinear,19,0.003622085339384489
9101718,external,random,1,0.025,early,zero,19,0.0642411406756929
9101718,external,random,1,0.025,late,action_blind,35,0.020845060967479477
9101718,external,random,1,0.025,late,adaptive_nonlinear,35,0.010814556537348747
9101718,external,random,1,0.025,late,knn_all,35,0.0133273132217622
9101718,external,random,1,0.025,late,knn_recent,35,0.013862936086509103
9101718,external,random,1,0.025,late,linear,35,0.0308299714194605
9101718,external,random,1,0.025,late,nonlinear,35,0.010814556537348747
9101718,external,random,1,0.025,late,zero,35,0.02444725143371797
9101718,external,random,1,0.025,pre,action_blind,35,0.03757067080337344
9101718,external,random,1,0.025,pre,adaptive_nonlinear,35,0.0018450883675965681
9101718,external,random,1,0.025,pre,knn_all,35,0.002642738286166486
9101718,external,random,1,0.025,pre,knn_recent,35,0.002710805025356705
9101718,external,random,1,0.025,pre,linear,35,0.0042829684284861795
9101718,external,random,1,0.025,pre,nonlinear,35,0.0018450883675965681
9101718,external,random,1,0.025,pre,zero,35,0.035214656113720134
9101718,motor,random,1,0.025,counterfactual,action_blind,5,0.041162309303279784
9101718,motor,random,1,0.025,counterfactual,adaptive_nonlinear,5,0.015471317038088983
9101718,motor,random,1,0.025,counterfactual,knn_all,5,0.006260823400883894
9101718,motor,random,1,0.025,counterfactual,knn_recent,5,0.0009876486981179552
9101718,motor,random,1,0.025,counterfactual,linear,5,0.024562444835538016
9101718,motor,random,1,0.025,counterfactual,nonlinear,5,0.015471317038088983
9101718,motor,random,1,0.025,counterfactual,zero,5,0.039595248015414294
9101718,motor,random,1,0.025,early,action_blind,19,0.027275672203311497
9101718,motor,random,1,0.025,early,adaptive_nonlinear,19,0.027052068887508305
9101718,motor,random,1,0.025,early,knn_all,19,0.020868812406301923
9101718,motor,random,1,0.025,early,knn_recent,19,0.018195369082227037
9101718,motor,random,1,0.025,early,linear,19,0.039304175489480626
9101718,motor,random,1,0.025,early,nonlinear,19,0.027052068887508305
9101718,motor,random,1,0.025,early,zero,19,0.02624565915362197
9101718,motor,random,1,0.025,late,action_blind,35,0.03935869637696694
9101718,motor,random,1,0.025,late,adaptive_nonlinear,35,0.007612604486320656
9101718,motor,random,1,0.025,late,knn_all,35,0.01368344750431599
9101718,motor,random,1,0.025,late,knn_recent,35,0.002201151284355238
9101718,motor,random,1,0.025,late,linear,35,0.01904144399502934
9101718,motor,random,1,0.025,late,nonlinear,35,0.007612604486320656
9101718,motor,random,1,0.025,late,zero,35,0.03664337764204906
9101718,motor,random,1,0.025,pre,action_blind,35,0.03757067080337344
9101718,motor,random,1,0.025,pre,adaptive_nonlinear,35,0.0018450883675965681
9101718,motor,random,1,0.025,pre,knn_all,35,0.002642738286166486
9101718,motor,random,1,0.025,pre,knn_recent,35,0.002710805025356705
9101718,motor,random,1,0.025,pre,linear,35,0.0042829684284861795
9101718,motor,random,1,0.025,pre,nonlinear,35,0.0018450883675965681
9101718,motor,random,1,0.025,pre,zero,35,0.035214656113720134
9101718,motor_external,random,1,0.025,counterfactual,action_blind,5,0.009467258414515034
9101718,motor_external,random,1,0.025,counterfactual,adaptive_nonlinear,5,0.018565508668041932
9101718,motor_external,random,1,0.025,counterfactual,knn_all,5,0.007941250696596175
9101718,motor_external,random,1,0.025,counterfactual,knn_recent,5,0.00792632667057759
9101718,motor_external,random,1,0.025,counterfactual,linear,5,0.024000602552540107
9101718,motor_external,random,1,0.025,counterfactual,nonlinear,5,0.021372692498185703
9101718,motor_external,random,1,0.025,counterfactual,zero,5,0.0036934223395448675
9101718,motor_external,random,1,0.025,early,action_blind,19,0.0716139564067938
9101718,motor_external,random,1,0.025,early,adaptive_nonlinear,19,0.01193069208912817
9101718,motor_external,random,1,0.025,early,knn_all,19,0.04564375304099194
9101718,motor_external,random,1,0.025,early,knn_recent,19,0.023878359546374822
9101718,motor_external,random,1,0.025,early,linear,19,0.09127460868504472
9101718,motor_external,random,1,0.025,early,nonlinear,19,0.014762859880359427
9101718,motor_external,random,1,0.025,early,zero,19,0.09920441304191871
9101718,motor_external,random,1,0.025,late,action_blind,35,0.007312243337139289
9101718,motor_external,random,1,0.025,late,adaptive_nonlinear,35,0.013192217376807095
9101718,motor_external,random,1,0.025,late,knn_all,35,0.010169849198306916
9101718,motor_external,random,1,0.025,late,knn_recent,35,0.010167265498635458
9101718,motor_external,random,1,0.025,late,linear,35,0.018640122539201092
9101718,motor_external,random,1,0.025,late,nonlinear,35,0.014046235991811394
9101718,motor_external,random,1,0.025,late,zero,35,0.0053736590398749465
9101718,motor_external,random,1,0.025,pre,action_blind,35,0.03757067080337344
9101718,motor_external,random,1,0.025,pre,adaptive_nonlinear,35,0.0018450883675965681
9101718,motor_external,random,1,0.025,pre,knn_all,35,0.002642738286166486
9101718,motor_external,random,1,0.025,pre,knn_recent,35,0.002710805025356705
9101718,motor_external,random,1,0.025,pre,linear,35,0.0042829684284861795
9101718,motor_external,random,1,0.025,pre,nonlinear,35,0.0018450883675965681
9101718,motor_external,random,1,0.025,pre,zero,35,0.035214656113720134
9101718,none,random,1,0.025,counterfactual,action_blind,5,0.03228218347708597
9101718,none,random,1,0.025,counterfactual,adaptive_nonlinear,5,0.0012993742151553732
9101718,none,random,1,0.025,counterfactual,knn_all,5,0.0013098267744418943
9101718,none,random,1,0.025,counterfactual,knn_recent,5,0.001300153706415978
9101718,none,random,1,0.025,counterfactual,linear,5,0.0038211329694176365
9101718,none,random,1,0.025,counterfactual,nonlinear,5,0.0012993742151553732
9101718,none,random,1,0.025,counterfactual,zero,5,0.03279920670623655
9101718,none,random,1,0.025,early,action_blind,19,0.026175258904877267
9101718,none,random,1,0.025,early,adaptive_nonlinear,19,0.0012720732850056162
9101718,none,random,1,0.025,early,knn_all,19,0.001374091990492111
9101718,none,random,1,0.025,early,knn_recent,19,0.0013687540863143212
9101718,none,random,1,0.025,early,linear,19,0.0033065531316702748
9101718,none,random,1,0.025,early,nonlinear,19,0.0012720732850056162
9101718,none,random,1,0.025,early,zero,19,0.0224681465376742
9101718,none,random,1,0.025,late,action_blind,35,0.027028198931454174
9101718,none,random,1,0.025,late,adaptive_nonlinear,35,0.0016193612938623348
9101718,none,random,1,0.025,late,knn_all,35,0.0017020581600499603
9101718,none,random,1,0.025,late,knn_recent,35,0.0017164010056098294
9101718,none,random,1,0.025,late,linear,35,0.0034342395205805946
9101718,none,random,1,0.025,late,nonlinear,35,0.0016193612938623348
9101718,none,random,1,0.025,late,zero,35,0.027240745739050463
9101718,none,random,1,0.025,pre,action_blind,35,0.03757067080337344
9101718,none,random,1,0.025,pre,adaptive_nonlinear,35,0.0018450883675965681
9101718,none,random,1,0.025,pre,knn_all,35,0.002642738286166486
9101718,none,random,1,0.025,pre,knn_recent,35,0.002710805025356705
9101718,none,random,1,0.025,pre,linear,35,0.0042829684284861795
9101718,none,random,1,0.025,pre,nonlinear,35,0.0018450883675965681
9101718,none,random,1,0.025,pre,zero,35,0.035214656113720134
9101718,sensor,random,1,0.025,counterfactual,action_blind,5,0.032184492179822013
9101718,sensor,random,1,0.025,counterfactual,adaptive_nonlinear,5,0.0013105209686839728
9101718,sensor,random,1,0.025,counterfactual,knn_all,5,0.0013122767254563558
9101718,sensor,random,1,0.025,counterfactual,knn_recent,5,0.0013001537064159777
9101718,sensor,random,1,0.025,counterfactual,linear,5,0.00410562258132086
9101718,sensor,random,1,0.025,counterfactual,nonlinear,5,0.0013208218326124645
9101718,sensor,random,1,0.025,counterfactual,zero,5,0.03279920670623653
9101718,sensor,random,1,0.025,early,action_blind,19,0.02632751504783665
9101718,sensor,random,1,0.025,early,adaptive_nonlinear,19,0.0013679913965169255
9101718,sensor,random,1,0.025,early,knn_all,19,0.001395003855872712
9101718,sensor,random,1,0.025,early,knn_recent,19,0.0013913540302636631
9101718,sensor,random,1,0.025,early,linear,19,0.003436249964450852
9101718,sensor,random,1,0.025,early,nonlinear,19,0.0013489861726540065
9101718,sensor,random,1,0.025,early,zero,19,0.022468146537674198
9101718,sensor,random,1,0.025,late,action_blind,35,0.027022720609878818
9101718,sensor,random,1,0.025,late,adaptive_nonlinear,35,0.0016069622084146438
9101718,sensor,random,1,0.025,late,knn_all,35,0.0017044107248339972
9101718,sensor,random,1,0.025,late,knn_recent,35,0.0017164010056098299
9101718,sensor,random,1,0.025,late,linear,35,0.0036078740198335537
9101718,sensor,random,1,0.025,late,nonlinear,35,0.001609128138668643
9101718,sensor,random,1,0.025,late,zero,35,0.027240745739050463
9101718,sensor,random,1,0.025,pre,action_blind,35,0.03757067080337344
9101718,sensor,random,1,0.025,pre,adaptive_nonlinear,35,0.0018450883675965681
9101718,sensor,random,1,0.025,pre,knn_all,35,0.002642738286166486
9101718,sensor,random,1,0.025,pre,knn_recent,35,0.002710805025356705
9101718,sensor,random,1,0.025,pre,linear,35,0.0042829684284861795
9101718,sensor,random,1,0.025,pre,nonlinear,35,0.0018450883675965681
9101718,sensor,random,1,0.025,pre,zero,35,0.035214656113720134
9101718,unknown_nonlinear,random,1,0.025,counterfactual,action_blind,5,0.036524000017579494
9101718,unknown_nonlinear,random,1,0.025,counterfactual,adaptive_nonlinear,5,0.0029558163018578295
9101718,unknown_nonlinear,random,1,0.025,counterfactual,knn_all,5,0.0009321229432446663
9101718,unknown_nonlinear,random,1,0.025,counterfactual,knn_recent,5,0.000976071770479507
9101718,unknown_nonlinear,random,1,0.025,counterfactual,linear,5,0.004367392777915772
9101718,unknown_nonlinear,random,1,0.025,counterfactual,nonlinear,5,0.0029558163018578295
9101718,unknown_nonlinear,random,1,0.025,counterfactual,zero,5,0.03508194155951647
9101718,unknown_nonlinear,random,1,0.025,early,action_blind,19,0.027383385882232728
9101718,unknown_nonlinear,random,1,0.025,early,adaptive_nonlinear,19,0.0049280031694059825
9101718,unknown_nonlinear,random,1,0.025,early,knn_all,19,0.0032676533455918712
9101718,unknown_nonlinear,random,1,0.025,early,knn_recent,19,0.003257416143391801
9101718,unknown_nonlinear,random,1,0.025,early,linear,19,0.0076828451159505545
9101718,unknown_nonlinear,random,1,0.025,early,nonlinear,19,0.0049280031694059825
9101718,unknown_nonlinear,random,1,0.025,early,zero,19,0.02610199431885978
9101718,unknown_nonlinear,random,1,0.025,late,action_blind,35,0.03298556557133244
9101718,unknown_nonlinear,random,1,0.025,late,adaptive_nonlinear,35,0.00650956110580482
9101718,unknown_nonlinear,random,1,0.025,late,knn_all,35,0.0037521360219631497
9101718,unknown_nonlinear,random,1,0.025,late,knn_recent,35,0.003122257288797552
9101718,unknown_nonlinear,random,1,0.025,late,linear,35,0.007052825787937773
9101718,unknown_nonlinear,random,1,0.025,late,nonlinear,35,0.00650956110580482
9101718,unknown_nonlinear,random,1,0.025,late,zero,35,0.032252055915493044
9101718,unknown_nonlinear,random,1,0.025,pre,action_blind,35,0.03757067080337344
9101718,unknown_nonlinear,random,1,0.025,pre,adaptive_nonlinear,35,0.0018450883675965681
9101718,unknown_nonlinear,random,1,0.025,pre,knn_all,35,0.002642738286166486
9101718,unknown_nonlinear,random,1,0.025,pre,knn_recent,35,0.002710805025356705
9101718,unknown_nonlinear,random,1,0.025,pre,linear,35,0.0042829684284861795
9101718,unknown_nonlinear,random,1,0.025,pre,nonlinear,35,0.0018450883675965681
9101718,unknown_nonlinear,random,1,0.025,pre,zero,35,0.035214656113720134
9101819,external,random,1,0.025,counterfactual,action_blind,5,0.011852809426213546
9101819,external,random,1,0.025,counterfactual,adaptive_nonlinear,5,0.002168113108523687
9101819,external,random,1,0.025,counterfactual,knn_all,5,0.0026985201015560394
9101819,external,random,1,0.025,counterfactual,knn_recent,5,0.002675244290071447
9101819,external,random,1,0.025,counterfactual,linear,5,0.023015893594721677
9101819,external,random,1,0.025,counterfactual,nonlinear,5,0.0021309373002355234
9101819,external,random,1,0.025,counterfactual,zero,5,0.015321429483444605
9101819,external,random,1,0.025,early,action_blind,19,0.05885048774093451
9101819,external,random,1,0.025,early,adaptive_nonlinear,19,0.00786066482673641
9101819,external,random,1,0.025,early,knn_all,19,0.00808911831713844
9101819,external,random,1,0.025,early,knn_recent,19,0.008402258632962116
9101819,external,random,1,0.025,early,linear,19,0.029002100983001728
9101819,external,random,1,0.025,early,nonlinear,19,0.00786066482673641
9101819,external,random,1,0.025,early,zero,19,0.0578854166756513
9101819,external,random,1,0.025,late,action_blind,35,0.010346688314263785
9101819,external,random,1,0.025,late,adaptive_nonlinear,35,0.004961522083229352
9101819,external,random,1,0.025,late,knn_all,35,0.005006116403684798
9101819,external,random,1,0.025,late,knn_recent,35,0.004888020879988468
9101819,external,random,1,0.025,late,linear,35,0.024121439280336623
9101819,external,random,1,0.025,late,nonlinear,35,0.005207475593461916
9101819,external,random,1,0.025,late,zero,35,0.010068598918172165
9101819,external,random,1,0.025,pre,action_blind,35,0.048354140276851795
9101819,external,random,1,0.025,pre,adaptive_nonlinear,35,0.0021473991833255626
9101819,external,random,1,0.025,pre,knn_all,35,0.0024626364892774387
9101819,external,random,1,0.025,pre,knn_recent,35,0.0025631516888757516
9101819,external,random,1,0.025,pre,linear,35,0.002896871977790569
9101819,external,random,1,0.025,pre,nonlinear,35,0.0021473991833255626
9101819,external,random,1,0.025,pre,zero,35,0.047127059445002284
9101819,motor,random,1,0.025,counterfactual,action_blind,5,0.09159666213719667
9101819,motor,random,1,0.025,counterfactual,adaptive_nonlinear,5,0.0023634520937633836
9101819,motor,random,1,0.025,counterfactual,knn_all,5,0.002413545835641383
9101819,motor,random,1,0.025,counterfactual,knn_recent,5,0.0027262547875401733
9101819,motor,random,1,0.025,counterfactual,linear,5,0.0384343444997019
9101819,motor,random,1,0.025,counterfactual,nonlinear,5,0.0025679686018813173
9101819,motor,random,1,0.025,counterfactual,zero,5,0.09088445423306594
9101819,motor,random,1,0.025,early,action_blind,19,0.07997452924902693
9101819,motor,random,1,0.025,early,adaptive_nonlinear,19,0.011530723085195052
9101819,motor,random,1,0.025,early,knn_all,19,0.022142539933170127
9101819,motor,random,1,0.025,early,knn_recent,19,0.02076656856547146
9101819,motor,random,1,0.025,early,linear,19,0.06998240000142784
9101819,motor,random,1,0.025,early,nonlinear,19,0.013580227173356762
9101819,motor,random,1,0.025,early,zero,19,0.06891574536910614
9101819,motor,random,1,0.025,late,action_blind,35,0.06971720576490456
9101819,motor,random,1,0.025,late,adaptive_nonlinear,35,0.011832453664478403
9101819,motor,random,1,0.025,late,knn_all,35,0.006131094164194454
9101819,motor,random,1,0.025,late,knn_recent,35,0.006349832938583388
9101819,motor,random,1,0.025,late,linear,35,0.026414434293934343
9101819,motor,random,1,0.025,late,nonlinear,35,0.012982498660878992
9101819,motor,random,1,0.025,late,zero,35,0.0652302459456322
9101819,motor,random,1,0.025,pre,action_blind,35,0.048354140276851795
9101819,motor,random,1,0.025,pre,adaptive_nonlinear,35,0.0021473991833255626
9101819,motor,random,1,0.025,pre,knn_all,35,0.0024626364892774387
9101819,motor,random,1,0.025,pre,knn_recent,35,0.0025631516888757516
9101819,motor,random,1,0.025,pre,linear,35,0.002896871977790569
9101819,motor,random,1,0.025,pre,nonlinear,35,0.0021473991833255626
9101819,motor,random,1,0.025,pre,zero,35,0.047127059445002284
9101819,motor_external,random,1,0.025,counterfactual,action_blind,5,0.011816496956926784
9101819,motor_external,random,1,0.025,counterfactual,adaptive_nonlinear,5,0.0038401151861921145
9101819,motor_external,random,1,0.025,counterfactual,knn_all,5,0.00247024434795211
9101819,motor_external,random,1,0.025,counterfactual,knn_recent,5,0.002474536674572956
9101819,motor_external,random,1,0.025,counterfactual,linear,5,0.01910538477635343
9101819,motor_external,random,1,0.025,counterfactual,nonlinear,5,0.004737784245461
9101819,motor_external,random,1,0.025,counterfactual,zero,5,0.01245643929590336
9101819,motor_external,random,1,0.025,early,action_blind,19,0.03431496500667897
9101819,motor_external,random,1,0.025,early,adaptive_nonlinear,19,0.010517119999052953
9101819,motor_external,random,1,0.025,early,knn_all,19,0.021863444914582558
9101819,motor_external,random,1,0.025,early,knn_recent,19,0.02431154482595648
9101819,motor_external,random,1,0.025,early,linear,19,0.07010135343360281
9101819,motor_external,random,1,0.025,early,nonlinear,19,0.011186921913238583
9101819,motor_external,random,1,0.025,early,zero,19,0.046228361730852964
9101819,motor_external,random,1,0.025,late,action_blind,35,0.009162524323445245
9101819,motor_external,random,1,0.025,late,adaptive_nonlinear,35,0.006363970900938766
9101819,motor_external,random,1,0.025,late,knn_all,35,0.004786224796112992
9101819,motor_external,random,1,0.025,late,knn_recent,35,0.004675899981070951
9101819,motor_external,random,1,0.025,late,linear,35,0.01776853776436137
9101819,motor_external,random,1,0.025,late,nonlinear,35,0.0071118351144627
9101819,motor_external,random,1,0.025,late,zero,35,0.00819926139968353
9101819,motor_external,random,1,0.025,pre,action_blind,35,0.048354140276851795
9101819,motor_external,random,1,0.025,pre,adaptive_nonlinear,35,0.0021473991833255626
9101819,motor_external,random,1,0.025,pre,knn_all,35,0.0024626364892774387
9101819,motor_external,random,1,0.025,pre,knn_recent,35,0.0025631516888757516
9101819,motor_external,random,1,0.025,pre,linear,35,0.002896871977790569
9101819,motor_external,random,1,0.025,pre,nonlinear,35,0.0021473991833255626
9101819,motor_external,random,1,0.025,pre,zero,35,0.047127059445002284
9101819,none,random,1,0.025,counterfactual,action_blind,5,0.0904034284486763
9101819,none,random,1,0.025,counterfactual,adaptive_nonlinear,5,0.0015753960642974525
9101819,none,random,1,0.025,counterfactual,knn_all,5,0.0021549310974059528
9101819,none,random,1,0.025,counterfactual,knn_recent,5,0.002149076224361534
9101819,none,random,1,0.025,counterfactual,linear,5,0.00782417035481627
9101819,none,random,1,0.025,counterfactual,nonlinear,5,0.0015753960642974525
9101819,none,random,1,0.025,counterfactual,zero,5,0.08991486575680775
9101819,none,random,1,0.025,early,action_blind,19,0.07480367559770733
9101819,none,random,1,0.025,early,adaptive_nonlinear,19,0.002092541705046117
9101819,none,random,1,0.025,early,knn_all,19,0.0033940910621870265
9101819,none,random,1,0.025,early,knn_recent,19,0.003351978008749702
9101819,none,random,1,0.025,early,linear,19,0.006774002782587091
9101819,none,random,1,0.025,early,nonlinear,19,0.002092541705046117
9101819,none,random,1,0.025,early,zero,19,0.07267941243166776
9101819,none,random,1,0.025,late,action_blind,35,0.07942920517541438
9101819,none,random,1,0.025,late,adaptive_nonlinear,35,0.002727114215914412
9101819,none,random,1,0.025,late,knn_all,35,0.002933732861444229
9101819,none,random,1,0.025,late,knn_recent,35,0.0033030399861718085
9101819,none,random,1,0.025,late,linear,35,0.007330394738275576
9101819,none,random,1,0.025,late,nonlinear,35,0.002727114215914412
9101819,none,random,1,0.025,late,zero,35,0.0718175387162536
9101819,none,random,1,0.025,pre,action_blind,35,0.048354140276851795
9101819,none,random,1,0.025,pre,adaptive_nonlinear,35,0.0021473991833255626
9101819,none,random,1,0.025,pre,knn_all,35,0.0024626364892774387
9101819,none,random,1,0.025,pre,knn_recent,35,0.0025631516888757516
9101819,none,random,1,0.025,pre,linear,35,0.002896871977790569
9101819,none,random,1,0.025,pre,nonlinear,35,0.0021473991833255626
9101819,none,random,1,0.025,pre,zero,35,0.047127059445002284
9101819,sensor,random,1,0.025,counterfactual,action_blind,5,0.09016647651187093
9101819,sensor,random,1,0.025,counterfactual,adaptive_nonlinear,5,0.0012397083423212006
9101819,sensor,random,1,0.025,counterfactual,knn_all,5,0.002108906258128384
9101819,sensor,random,1,0.025,counterfactual,knn_recent,5,0.002149076224361534
9101819,sensor,random,1,0.025,counterfactual,linear,5,0.007636103402815295
9101819,sensor,random,1,0.025,counterfactual,nonlinear,5,0.0012516033998682557
9101819,sensor,random,1,0.025,counterfactual,zero,5,0.08991486575680775
9101819,sensor,random,1,0.025,early,action_blind,19,0.08022539328519591
9101819,sensor,random,1,0.025,early,adaptive_nonlinear,19,0.002315486247735722
9101819,sensor,random,1,0.025,early,knn_all,19,0.004147528391229476
9101819,sensor,random,1,0.025,early,knn_recent,19,0.004152754063089913
9101819,sensor,random,1,0.025,early,linear,19,0.006758262512170768
9101819,sensor,random,1,0.025,early,nonlinear,19,0.0022767797142562852
9101819,sensor,random,1,0.025,early,zero,19,0.07267941243166777
9101819,sensor,random,1,0.025,late,action_blind,35,0.07951157798424219
9101819,sensor,random,1,0.025,late,adaptive_nonlinear,35,0.002981930919463476
9101819,sensor,random,1,0.025,late,knn_all,35,0.002854077249879724
9101819,sensor,random,1,0.025,late,knn_recent,35,0.0033030399861718085
9101819,sensor,random,1,0.025,late,linear,35,0.007380974883103175
9101819,sensor,random,1,0.025,late,nonlinear,35,0.0029986572145379517
9101819,sensor,random,1,0.025,late,zero,35,0.0718175387162536
9101819,sensor,random,1,0.025,pre,action_blind,35,0.048354140276851795
9101819,sensor,random,1,0.025,pre,adaptive_nonlinear,35,0.0021473991833255626
9101819,sensor,random,1,0.025,pre,knn_all,35,0.0024626364892774387
9101819,sensor,random,1,0.025,pre,knn_recent,35,0.0025631516888757516
9101819,sensor,random,1,0.025,pre,linear,35,0.002896871977790569
9101819,sensor,random,1,0.025,pre,nonlinear,35,0.0021473991833255626
9101819,sensor,random,1,0.025,pre,zero,35,0.047127059445002284
9101819,unknown_nonlinear,random,1,0.025,counterfactual,action_blind,5,0.07656343631760046
9101819,unknown_nonlinear,random,1,0.025,counterfactual,adaptive_nonlinear,5,0.015971616019312608
9101819,unknown_nonlinear,random,1,0.025,counterfactual,knn_all,5,0.007304995841314671
9101819,unknown_nonlinear,random,1,0.025,counterfactual,knn_recent,5,0.006488128395088362
9101819,unknown_nonlinear,random,1,0.025,counterfactual,linear,5,0.024856336009208373
9101819,unknown_nonlinear,random,1,0.025,counterfactual,nonlinear,5,0.015971616019312608
9101819,unknown_nonlinear,random,1,0.025,counterfactual,zero,5,0.07230681202684809
9101819,unknown_nonlinear,random,1,0.025,early,action_blind,19,0.08087254192521495
9101819,unknown_nonlinear,random,1,0.025,early,adaptive_nonlinear,19,0.010565789634868464
9101819,unknown_nonlinear,random,1,0.025,early,knn_all,19,0.009791058641733762
9101819,unknown_nonlinear,random,1,0.025,early,knn_recent,19,0.009440405523846758
9101819,unknown_nonlinear,random,1,0.025,early,linear,19,0.018465331251323408
9101819,unknown_nonlinear,random,1,0.025,early,nonlinear,19,0.010565789634868464
9101819,unknown_nonlinear,random,1,0.025,early,zero,19,0.07934674666192255
9101819,unknown_nonlinear,random,1,0.025,late,action_blind,35,0.0515927053094389
9101819,unknown_nonlinear,random,1,0.025,late,adaptive_nonlinear,35,0.012774872885501075
9101819,unknown_nonlinear,random,1,0.025,late,knn_all,35,0.009812812972960142
9101819,unknown_nonlinear,random,1,0.025,late,knn_recent,35,0.00836155070507865
9101819,unknown_nonlinear,random,1,0.025,late,linear,35,0.023812059043125083
9101819,unknown_nonlinear,random,1,0.025,late,nonlinear,35,0.012774872885501075
9101819,unknown_nonlinear,random,1,0.025,late,zero,35,0.04896077351330364
9101819,unknown_nonlinear,random,1,0.025,pre,action_blind,35,0.048354140276851795
9101819,unknown_nonlinear,random,1,0.025,pre,adaptive_nonlinear,35,0.0021473991833255626
9101819,unknown_nonlinear,random,1,0.025,pre,knn_all,35,0.0024626364892774387
9101819,unknown_nonlinear,random,1,0.025,pre,knn_recent,35,0.0025631516888757516
9101819,unknown_nonlinear,random,1,0.025,pre,linear,35,0.002896871977790569
9101819,unknown_nonlinear,random,1,0.025,pre,nonlinear,35,0.0021473991833255626
9101819,unknown_nonlinear,random,1,0.025,pre,zero,35,0.047127059445002284
9101920,external,random,1,0.025,counterfactual,action_blind,5,0.050748152542298273
9101920,external,random,1,0.025,counterfactual,adaptive_nonlinear,5,0.01787395092381904
9101920,external,random,1,0.025,counterfactual,knn_all,5,0.030347329538034394
9101920,external,random,1,0.025,counterfactual,knn_recent,5,0.0303286484062096
9101920,external,random,1,0.025,counterfactual,linear,5,0.0822872288560632
9101920,external,random,1,0.025,counterfactual,nonlinear,5,0.01787395092381904
9101920,external,random,1,0.025,counterfactual,zero,5,0.0703813253669241
9101920,external,random,1,0.025,early,action_blind,19,0.09501508086987258
9101920,external,random,1,0.025,early,adaptive_nonlinear,19,0.008459774532721379
9101920,external,random,1,0.025,early,knn_all,19,0.0180546540591739
9101920,external,random,1,0.025,early,knn_recent,19,0.01514793860661295
9101920,external,random,1,0.025,early,linear,19,0.038006830810687404
9101920,external,random,1,0.025,early,nonlinear,19,0.008459774532721379
9101920,external,random,1,0.025,early,zero,19,0.09989742004962779
9101920,external,random,1,0.025,late,action_blind,35,0.014007691175430282
9101920,external,random,1,0.025,late,adaptive_nonlinear,35,0.011438596933394479
9101920,external,random,1,0.025,late,knn_all,35,0.01119498931931564
9101920,external,random,1,0.025,late,knn_recent,35,0.011453818538027162
9101920,external,random,1,0.025,late,linear,35,0.03523025063970733
9101920,external,random,1,0.025,late,nonlinear,35,0.011438596933394479
9101920,external,random,1,0.025,late,zero,35,0.014102474055493745
9101920,external,random,1,0.025,pre,action_blind,35,0.03917238216123566
9101920,external,random,1,0.025,pre,adaptive_nonlinear,35,0.0019330261373982857
9101920,external,random,1,0.025,pre,knn_all,35,0.0023277438777253227
9101920,external,random,1,0.025,pre,knn_recent,35,0.0023132644066312827
9101920,external,random,1,0.025,pre,linear,35,0.002980234976581352
9101920,external,random,1,0.025,pre,nonlinear,35,0.0019330261373982857
9101920,external,random,1,0.025,pre,zero,35,0.0374135493762317
9101920,motor,random,1,0.025,counterfactual,action_blind,5,0.03346144345502526
9101920,motor,random,1,0.025,counterfactual,adaptive_nonlinear,5,0.00256267549057806
9101920,motor,random,1,0.025,counterfactual,knn_all,5,0.0013001379692334672
9101920,motor,random,1,0.025,counterfactual,knn_recent,5,0.0011923082016376684
9101920,motor,random,1,0.025,counterfactual,linear,5,0.02031153710570267
9101920,motor,random,1,0.025,counterfactual,nonlinear,5,0.00256267549057806
9101920,motor,random,1,0.025,counterfactual,zero,5,0.02943528675288686
9101920,motor,random,1,0.025,early,action_blind,19,0.0335081793156069
9101920,motor,random,1,0.025,early,adaptive_nonlinear,19,0.0167374629579512
9101920,motor,random,1,0.025,early,knn_all,19,0.015302580805181034
9101920,motor,random,1,0.025,early,knn_recent,19,0.014009652518788142
9101920,motor,random,1,0.025,early,linear,19,0.050320086704078094
9101920,motor,random,1,0.025,early,nonlinear,19,0.0167374629579512
9101920,motor,random,1,0.025,early,zero,19,0.03267153440788493
9101920,motor,random,1,0.025,late,action_blind,35,0.03505465326632203
9101920,motor,random,1,0.025,late,adaptive_nonlinear,35,0.004283980838752377
9101920,motor,random,1,0.025,late,knn_all,35,0.002150462021849261
9101920,motor,random,1,0.025,late,knn_recent,35,0.0018384710749307824
9101920,motor,random,1,0.025,late,linear,35,0.017770952355231167
9101920,motor,random,1,0.025,late,nonlinear,35,0.004283980838752377
9101920,motor,random,1,0.025,late,zero,35,0.03216309773268142
9101920,motor,random,1,0.025,pre,action_blind,35,0.03917238216123566
9101920,motor,random,1,0.025,pre,adaptive_nonlinear,35,0.0019330261373982857
9101920,motor,random,1,0.025,pre,knn_all,35,0.0023277438777253227
9101920,motor,random,1,0.025,pre,knn_recent,35,0.0023132644066312827
9101920,motor,random,1,0.025,pre,linear,35,0.002980234976581352
9101920,motor,random,1,0.025,pre,nonlinear,35,0.0019330261373982857
9101920,motor,random,1,0.025,pre,zero,35,0.0374135493762317
9101920,motor_external,random,1,0.025,counterfactual,action_blind,5,0.02323806096402616
9101920,motor_external,random,1,0.025,counterfactual,adaptive_nonlinear,5,0.008519062831271905
9101920,motor_external,random,1,0.025,counterfactual,knn_all,5,0.015434448482819349
9101920,motor_external,random,1,0.025,counterfactual,knn_recent,5,0.015611368534477577
9101920,motor_external,random,1,0.025,counterfactual,linear,5,0.05221656376601137
9101920,motor_external,random,1,0.025,counterfactual,nonlinear,5,0.007758019080326822
9101920,motor_external,random,1,0.025,counterfactual,zero,5,0.05110163221313211
9101920,motor_external,random,1,0.025,early,action_blind,19,0.10711314823841506
9101920,motor_external,random,1,0.025,early,adaptive_nonlinear,19,0.03293619618120766
9101920,motor_external,random,1,0.025,early,knn_all,19,0.0700238186163286
9101920,motor_external,random,1,0.025,early,knn_recent,19,0.04021243346648279
9101920,motor_external,random,1,0.025,early,linear,19,0.11551819427774444
9101920,motor_external,random,1,0.025,early,nonlinear,19,0.037897285965627366
9101920,motor_external,random,1,0.025,early,zero,19,0.11140514734176205
9101920,motor_external,random,1,0.025,late,action_blind,35,0.011614666760750235
9101920,motor_external,random,1,0.025,late,adaptive_nonlinear,35,0.015251996543240299
9101920,motor_external,random,1,0.025,late,knn_all,35,0.013747245876415189
9101920,motor_external,random,1,0.025,late,knn_recent,35,0.015542626542367755
9101920,motor_external,random,1,0.025,late,linear,35,0.024981347409194856
9101920,motor_external,random,1,0.025,late,nonlinear,35,0.015599468268437836
9101920,motor_external,random,1,0.025,late,zero,35,0.01339563208286316
9101920,motor_external,random,1,0.025,pre,action_blind,35,0.03917238216123566
9101920,motor_external,random,1,0.025,pre,adaptive_nonlinear,35,0.0019330261373982857
9101920,motor_external,random,1,0.025,pre,knn_all,35,0.0023277438777253227
9101920,motor_external,random,1,0.025,pre,knn_recent,35,0.0023132644066312827
9101920,motor_external,random,1,0.025,pre,linear,35,0.002980234976581352
9101920,motor_external,random,1,0.025,pre,nonlinear,35,0.0019330261373982857
9101920,motor_external,random,1,0.025,pre,zero,35,0.0374135493762317
9101920,none,random,1,0.025,counterfactual,action_blind,5,0.032167823707876735
9101920,none,random,1,0.025,counterfactual,adaptive_nonlinear,5,0.0013361799914746314
9101920,none,random,1,0.025,counterfactual,knn_all,5,0.0020505339340675284
9101920,none,random,1,0.025,counterfactual,knn_recent,5,0.0020214403208697863
9101920,none,random,1,0.025,counterfactual,linear,5,0.006456105200509724
9101920,none,random,1,0.025,counterfactual,nonlinear,5,0.0013361799914746314
9101920,none,random,1,0.025,counterfactual,zero,5,0.030240984768677426
9101920,none,random,1,0.025,early,action_blind,19,0.03546150418035294
9101920,none,random,1,0.025,early,adaptive_nonlinear,19,0.0019677980144873802
9101920,none,random,1,0.025,early,knn_all,19,0.00237772468547558
9101920,none,random,1,0.025,early,knn_recent,19,0.002462214825871058
9101920,none,random,1,0.025,early,linear,19,0.004194330281703346
9101920,none,random,1,0.025,early,nonlinear,19,0.0019677980144873802
9101920,none,random,1,0.025,early,zero,19,0.034291185480561794
9101920,none,random,1,0.025,late,action_blind,35,0.03904117573623066
9101920,none,random,1,0.025,late,adaptive_nonlinear,35,0.003457096421669268
9101920,none,random,1,0.025,late,knn_all,35,0.003668871763047865
9101920,none,random,1,0.025,late,knn_recent,35,0.0036437943509338173
9101920,none,random,1,0.025,late,linear,35,0.007036901566637546
9101920,none,random,1,0.025,late,nonlinear,35,0.003457096421669268
9101920,none,random,1,0.025,late,zero,35,0.03436137543574536
9101920,none,random,1,0.025,pre,action_blind,35,0.03917238216123566
9101920,none,random,1,0.025,pre,adaptive_nonlinear,35,0.0019330261373982857
9101920,none,random,1,0.025,pre,knn_all,35,0.0023277438777253227
9101920,none,random,1,0.025,pre,knn_recent,35,0.0023132644066312827
9101920,none,random,1,0.025,pre,linear,35,0.002980234976581352
9101920,none,random,1,0.025,pre,nonlinear,35,0.0019330261373982857
9101920,none,random,1,0.025,pre,zero,35,0.0374135493762317
9101920,sensor,random,1,0.025,counterfactual,action_blind,5,0.03277618605665396
9101920,sensor,random,1,0.025,counterfactual,adaptive_nonlinear,5,0.0013729077857738135
9101920,sensor,random,1,0.025,counterfactual,knn_all,5,0.0020505339340675284
9101920,sensor,random,1,0.025,counterfactual,knn_recent,5,0.0020214403208697863
9101920,sensor,random,1,0.025,counterfactual,linear,5,0.00648825523416785
9101920,sensor,random,1,0.025,counterfactual,nonlinear,5,0.0013889408151682345
9101920,sensor,random,1,0.025,counterfactual,zero,5,0.030240984768677426
9101920,sensor,random,1,0.025,early,action_blind,19,0.035861635814392556
9101920,sensor,random,1,0.025,early,adaptive_nonlinear,19,0.0023199773041157616
9101920,sensor,random,1,0.025,early,knn_all,19,0.0026938741625007726
9101920,sensor,random,1,0.025,early,knn_recent,19,0.0027917495101499193
9101920,sensor,random,1,0.025,early,linear,19,0.0043479017622266546
9101920,sensor,random,1,0.025,early,nonlinear,19,0.002296136954694381
9101920,sensor,random,1,0.025,early,zero,19,0.034291185480561794
9101920,sensor,random,1,0.025,late,action_blind,35,0.03936413255773816
9101920,sensor,random,1,0.025,late,adaptive_nonlinear,35,0.003384332303728884
9101920,sensor,random,1,0.025,late,knn_all,35,0.003659613990095306
9101920,sensor,random,1,0.025,late,knn_recent,35,0.0036437943509338173
9101920,sensor,random,1,0.025,late,linear,35,0.007170541759691724
9101920,sensor,random,1,0.025,late,nonlinear,35,0.0033921953379257973
9101920,sensor,random,1,0.025,late,zero,35,0.03436137543574536
9101920,sensor,random,1,0.025,pre,action_blind,35,0.03917238216123566
9101920,sensor,random,1,0.025,pre,adaptive_nonlinear,35,0.0019330261373982857
9101920,sensor,random,1,0.025,pre,knn_all,35,0.0023277438777253227
9101920,sensor,random,1,0.025,pre,knn_recent,35,0.0023132644066312827
9101920,sensor,random,1,0.025,pre,linear,35,0.002980234976581352
9101920,sensor,random,1,0.025,pre,nonlinear,35,0.0019330261373982857
9101920,sensor,random,1,0.025,pre,zero,35,0.0374135493762317
9101920,unknown_nonlinear,random,1,0.025,counterfactual,action_blind,5,0.03919476631273532
9101920,unknown_nonlinear,random,1,0.025,counterfactual,adaptive_nonlinear,5,0.004481387974740197
9101920,unknown_nonlinear,random,1,0.025,counterfactual,knn_all,5,0.002828981060330841
9101920,unknown_nonlinear,random,1,0.025,counterfactual,knn_recent,5,0.0028097095130647674
9101920,unknown_nonlinear,random,1,0.025,counterfactual,linear,5,0.0077007793087502194
9101920,unknown_nonlinear,random,1,0.025,counterfactual,nonlinear,5,0.004481387974740197
9101920,unknown_nonlinear,random,1,0.025,counterfactual,zero,5,0.039929936215980615
9101920,unknown_nonlinear,random,1,0.025,early,action_blind,19,0.03508287550163034
9101920,unknown_nonlinear,random,1,0.025,early,adaptive_nonlinear,19,0.0047787160752475735
9101920,unknown_nonlinear,random,1,0.025,early,knn_all,19,0.004194270663964672
9101920,unknown_nonlinear,random,1,0.025,early,knn_recent,19,0.004127211419737596
9101920,unknown_nonlinear,random,1,0.025,early,linear,19,0.009703987094039742
9101920,unknown_nonlinear,random,1,0.025,early,nonlinear,19,0.0047787160752475735
9101920,unknown_nonlinear,random,1,0.025,early,zero,19,0.03495829079287499
9101920,unknown_nonlinear,random,1,0.025,late,action_blind,35,0.08014373019463286
9101920,unknown_nonlinear,random,1,0.025,late,adaptive_nonlinear,35,0.014063475064132287
9101920,unknown_nonlinear,random,1,0.025,late,knn_all,35,0.010746378066188523
9101920,unknown_nonlinear,random,1,0.025,late,knn_recent,35,0.010586521130471566
9101920,unknown_nonlinear,random,1,0.025,late,linear,35,0.025382144408193225
9101920,unknown_nonlinear,random,1,0.025,late,nonlinear,35,0.014063475064132287
9101920,unknown_nonlinear,random,1,0.025,late,zero,35,0.07469804176527257
9101920,unknown_nonlinear,random,1,0.025,pre,action_blind,35,0.03917238216123566
9101920,unknown_nonlinear,random,1,0.025,pre,adaptive_nonlinear,35,0.0019330261373982857
9101920,unknown_nonlinear,random,1,0.025,pre,knn_all,35,0.0023277438777253227
9101920,unknown_nonlinear,random,1,0.025,pre,knn_recent,35,0.0023132644066312827
9101920,unknown_nonlinear,random,1,0.025,pre,linear,35,0.002980234976581352
9101920,unknown_nonlinear,random,1,0.025,pre,nonlinear,35,0.0019330261373982857
9101920,unknown_nonlinear,random,1,0.025,pre,zero,35,0.0374135493762317
9102021,external,random,1,0.025,counterfactual,action_blind,5,0.03978819628415052
9102021,external,random,1,0.025,counterfactual,adaptive_nonlinear,5,0.004920071767774009
9102021,external,random,1,0.025,counterfactual,knn_all,5,0.006356306969506037
9102021,external,random,1,0.025,counterfactual,knn_recent,5,0.006357064098999854
9102021,external,random,1,0.025,counterfactual,linear,5,0.018984745442076994
9102021,external,random,1,0.025,counterfactual,nonlinear,5,0.005299163344161787
9102021,external,random,1,0.025,counterfactual,zero,5,0.04025080653936823
9102021,external,random,1,0.025,early,action_blind,19,0.0883292028500694
9102021,external,random,1,0.025,early,adaptive_nonlinear,19,0.008545189824095968
9102021,external,random,1,0.025,early,knn_all,19,0.017231517716082435
9102021,external,random,1,0.025,early,knn_recent,19,0.01744746560359193
9102021,external,random,1,0.025,early,linear,19,0.03960789115340992
9102021,external,random,1,0.025,early,nonlinear,19,0.008545189824095968
9102021,external,random,1,0.025,early,zero,19,0.10087000448997961
9102021,external,random,1,0.025,late,action_blind,35,0.05777666260152744
9102021,external,random,1,0.025,late,adaptive_nonlinear,35,0.005855909813861352
9102021,external,random,1,0.025,late,knn_all,35,0.00473164402969152
9102021,external,random,1,0.025,late,knn_recent,35,0.00463260231580554
9102021,external,random,1,0.025,late,linear,35,0.016678841718591457
9102021,external,random,1,0.025,late,nonlinear,35,0.0061266317456249945
9102021,external,random,1,0.025,late,zero,35,0.05339897291218845
9102021,external,random,1,0.025,pre,action_blind,35,0.03113444329600291
9102021,external,random,1,0.025,pre,adaptive_nonlinear,35,0.0021018805119730967
9102021,external,random,1,0.025,pre,knn_all,35,0.0023238025178562946
9102021,external,random,1,0.025,pre,knn_recent,35,0.002312167296946273
9102021,external,random,1,0.025,pre,linear,35,0.0029518466533509703
9102021,external,random,1,0.025,pre,nonlinear,35,0.0021018805119730967
9102021,external,random,1,0.025,pre,zero,35,0.028666803616027962
9102021,motor,random,1,0.025,counterfactual,action_blind,5,0.031177389284933243
9102021,motor,random,1,0.025,counterfactual,adaptive_nonlinear,5,0.006377421533812438
9102021,motor,random,1,0.025,counterfactual,knn_all,5,0.0023280074191406575
9102021,motor,random,1,0.025,counterfactual,knn_recent,5,0.002512963448768293
9102021,motor,random,1,0.025,counterfactual,linear,5,0.020658074454005516
9102021,motor,random,1,0.025,counterfactual,nonlinear,5,0.006377421533812438
9102021,motor,random,1,0.025,counterfactual,zero,5,0.02932161826045974
9102021,motor,random,1,0.025,early,action_blind,19,0.03010448130978376
9102021,motor,random,1,0.025,early,adaptive_nonlinear,19,0.00813910048708186
9102021,motor,random,1,0.025,early,knn_all,19,0.011481164758100614
9102021,motor,random,1,0.025,early,knn_recent,19,0.010534303593358958
9102021,motor,random,1,0.025,early,linear,19,0.038752797755648986
9102021,motor,random,1,0.025,early,nonlinear,19,0.00813910048708186
9102021,motor,random,1,0.025,early,zero,19,0.028669576253298024
9102021,motor,random,1,0.025,late,action_blind,35,0.0428250851113481
9102021,motor,random,1,0.025,late,adaptive_nonlinear,35,0.004277679627572841
9102021,motor,random,1,0.025,late,knn_all,35,0.0030018502001966183
9102021,motor,random,1,0.025,late,knn_recent,35,0.0029902788942641027
9102021,motor,random,1,0.025,late,linear,35,0.019955339437624047
9102021,motor,random,1,0.025,late,nonlinear,35,0.004277679627572841
9102021,motor,random,1,0.025,late,zero,35,0.0397162933711596
9102021,motor,random,1,0.025,pre,action_blind,35,0.03113444329600291
9102021,motor,random,1,0.025,pre,adaptive_nonlinear,35,0.0021018805119730967
9102021,motor,random,1,0.025,pre,knn_all,35,0.0023238025178562946
9102021,motor,random,1,0.025,pre,knn_recent,35,0.002312167296946273
9102021,motor,random,1,0.025,pre,linear,35,0.0029518466533509703
9102021,motor,random,1,0.025,pre,nonlinear,35,0.0021018805119730967
9102021,motor,random,1,0.025,pre,zero,35,0.028666803616027962
9102021,motor_external,random,1,0.025,counterfactual,action_blind,5,0.04787291286024578
9102021,motor_external,random,1,0.025,counterfactual,adaptive_nonlinear,5,0.005722023496022509
9102021,motor_external,random,1,0.025,counterfactual,knn_all,5,0.005327023164639875
9102021,motor_external,random,1,0.025,counterfactual,knn_recent,5,0.0053325208014126544
9102021,motor_external,random,1,0.025,counterfactual,linear,5,0.03176372310497897
9102021,motor_external,random,1,0.025,counterfactual,nonlinear,5,0.006192038417047989
9102021,motor_external,random,1,0.025,counterfactual,zero,5,0.05154544863372039
9102021,motor_external,random,1,0.025,early,action_blind,19,0.08636558327134934
9102021,motor_external,random,1,0.025,early,adaptive_nonlinear,19,0.013154821194304035
9102021,motor_external,random,1,0.025,early,knn_all,19,0.0356951376242343
9102021,motor_external,random,1,0.025,early,knn_recent,19,0.029541084153196014
9102021,motor_external,random,1,0.025,early,linear,19,0.08601577374221532
9102021,motor_external,random,1,0.025,early,nonlinear,19,0.014688003595280757
9102021,motor_external,random,1,0.025,early,zero,19,0.09937368618335381
9102021,motor_external,random,1,0.025,late,action_blind,35,0.040492809951101306
9102021,motor_external,random,1,0.025,late,adaptive_nonlinear,35,0.0078977322066133
9102021,motor_external,random,1,0.025,late,knn_all,35,0.0074330509701546615
9102021,motor_external,random,1,0.025,late,knn_recent,35,0.007451606260786855
9102021,motor_external,random,1,0.025,late,linear,35,0.025993458478243216
9102021,motor_external,random,1,0.025,late,nonlinear,35,0.008151561395346792
9102021,motor_external,random,1,0.025,late,zero,35,0.0412371629154241
9102021,motor_external,random,1,0.025,pre,action_blind,35,0.03113444329600291
9102021,motor_external,random,1,0.025,pre,adaptive_nonlinear,35,0.0021018805119730967
9102021,motor_external,random,1,0.025,pre,knn_all,35,0.0023238025178562946
9102021,motor_external,random,1,0.025,pre,knn_recent,35,0.002312167296946273
9102021,motor_external,random,1,0.025,pre,linear,35,0.0029518466533509703
9102021,motor_external,random,1,0.025,pre,nonlinear,35,0.0021018805119730967
9102021,motor_external,random,1,0.025,pre,zero,35,0.028666803616027962
9102021,none,random,1,0.025,counterfactual,action_blind,5,0.05341663946227336
9102021,none,random,1,0.025,counterfactual,adaptive_nonlinear,5,0.002079530296071416
9102021,none,random,1,0.025,counterfactual,knn_all,5,0.0030287653876112717
9102021,none,random,1,0.025,counterfactual,knn_recent,5,0.002988443539024101
9102021,none,random,1,0.025,counterfactual,linear,5,0.006796348699821891
9102021,none,random,1,0.025,counterfactual,nonlinear,5,0.002079530296071416
9102021,none,random,1,0.025,counterfactual,zero,5,0.04138156227869282
9102021,none,random,1,0.025,early,action_blind,19,0.03212744737111607
9102021,none,random,1,0.025,early,adaptive_nonlinear,19,0.001060456260846758
9102021,none,random,1,0.025,early,knn_all,19,0.0013721372165272608
9102021,none,random,1,0.025,early,knn_recent,19,0.0014358615374488418
9102021,none,random,1,0.025,early,linear,19,0.0017304795887990805
9102021,none,random,1,0.025,early,nonlinear,19,0.001060456260846758
9102021,none,random,1,0.025,early,zero,19,0.030786185039745617
9102021,none,random,1,0.025,late,action_blind,35,0.03833203936035159
9102021,none,random,1,0.025,late,adaptive_nonlinear,35,0.0030014609669193736
9102021,none,random,1,0.025,late,knn_all,35,0.0040643741325111175
9102021,none,random,1,0.025,late,knn_recent,35,0.004062876240833714
9102021,none,random,1,0.025,late,linear,35,0.01011537525235383
9102021,none,random,1,0.025,late,nonlinear,35,0.0030014609669193736
9102021,none,random,1,0.025,late,zero,35,0.036158102375388745
9102021,none,random,1,0.025,pre,action_blind,35,0.03113444329600291
9102021,none,random,1,0.025,pre,adaptive_nonlinear,35,0.0021018805119730967
9102021,none,random,1,0.025,pre,knn_all,35,0.0023238025178562946
9102021,none,random,1,0.025,pre,knn_recent,35,0.002312167296946273
9102021,none,random,1,0.025,pre,linear,35,0.0029518466533509703
9102021,none,random,1,0.025,pre,nonlinear,35,0.0021018805119730967
9102021,none,random,1,0.025,pre,zero,35,0.028666803616027962
9102021,sensor,random,1,0.025,counterfactual,action_blind,5,0.05185224796764935
9102021,sensor,random,1,0.025,counterfactual,adaptive_nonlinear,5,0.0017853903104043001
9102021,sensor,random,1,0.025,counterfactual,knn_all,5,0.0030287653876112717
9102021,sensor,random,1,0.025,counterfactual,knn_recent,5,0.002988443539024101
9102021,sensor,random,1,0.025,counterfactual,linear,5,0.006655017652666661
9102021,sensor,random,1,0.025,counterfactual,nonlinear,5,0.001811150684880696
9102021,sensor,random,1,0.025,counterfactual,zero,5,0.04138156227869282
9102021,sensor,random,1,0.025,early,action_blind,19,0.031146322342669668
9102021,sensor,random,1,0.025,early,adaptive_nonlinear,19,0.0018910156566162035
9102021,sensor,random,1,0.025,early,knn_all,19,0.0023998456200408046
9102021,sensor,random,1,0.025,early,knn_recent,19,0.0025406256849451036
9102021,sensor,random,1,0.025,early,linear,19,0.0019015100746155754
9102021,sensor,random,1,0.025,early,nonlinear,19,0.0018267299673712116
9102021,sensor,random,1,0.025,early,zero,19,0.030786185039745617
9102021,sensor,random,1,0.025,late,action_blind,35,0.03932976096078657
9102021,sensor,random,1,0.025,late,adaptive_nonlinear,35,0.002971345674285681
9102021,sensor,random,1,0.025,late,knn_all,35,0.0040643741325111175
9102021,sensor,random,1,0.025,late,knn_recent,35,0.004062876240833714
9102021,sensor,random,1,0.025,late,linear,35,0.010029059272464542
9102021,sensor,random,1,0.025,late,nonlinear,35,0.0029743986903816365
9102021,sensor,random,1,0.025,late,zero,35,0.036158102375388745
9102021,sensor,random,1,0.025,pre,action_blind,35,0.03113444329600291
9102021,sensor,random,1,0.025,pre,adaptive_nonlinear,35,0.0021018805119730967
9102021,sensor,random,1,0.025,pre,knn_all,35,0.0023238025178562946
9102021,sensor,random,1,0.025,pre,knn_recent,35,0.002312167296946273
9102021,sensor,random,1,0.025,pre,linear,35,0.0029518466533509703
9102021,sensor,random,1,0.025,pre,nonlinear,35,0.0021018805119730967
9102021,sensor,random,1,0.025,pre,zero,35,0.028666803616027962
9102021,unknown_nonlinear,random,1,0.025,counterfactual,action_blind,5,0.03670032943208582
9102021,unknown_nonlinear,random,1,0.025,counterfactual,adaptive_nonlinear,5,0.0044817955929684055
9102021,unknown_nonlinear,random,1,0.025,counterfactual,knn_all,5,0.0029104635948057097
9102021,unknown_nonlinear,random,1,0.025,counterfactual,knn_recent,5,0.0030421175261795956
9102021,unknown_nonlinear,random,1,0.025,counterfactual,linear,5,0.007866319006583833
9102021,unknown_nonlinear,random,1,0.025,counterfactual,nonlinear,5,0.0044817955929684055
9102021,unknown_nonlinear,random,1,0.025,counterfactual,zero,5,0.03767122860979074
9102021,unknown_nonlinear,random,1,0.025,early,action_blind,19,0.03232004598756615
9102021,unknown_nonlinear,random,1,0.025,early,adaptive_nonlinear,19,0.0016900824980756227
9102021,unknown_nonlinear,random,1,0.025,early,knn_all,19,0.0011916530804429093
9102021,unknown_nonlinear,random,1,0.025,early,knn_recent,19,0.0012590723279635502
9102021,unknown_nonlinear,random,1,0.025,early,linear,19,0.0019121432169626404
9102021,unknown_nonlinear,random,1,0.025,early,nonlinear,19,0.0016900824980756227
9102021,unknown_nonlinear,random,1,0.025,early,zero,19,0.03191903261929544
9102021,unknown_nonlinear,random,1,0.025,late,action_blind,35,0.037914245843947016
9102021,unknown_nonlinear,random,1,0.025,late,adaptive_nonlinear,35,0.005703345152703864
9102021,unknown_nonlinear,random,1,0.025,late,knn_all,35,0.0035381342633246985
9102021,unknown_nonlinear,random,1,0.025,late,knn_recent,35,0.003577772597044754
9102021,unknown_nonlinear,random,1,0.025,late,linear,35,0.00914577007876736
9102021,unknown_nonlinear,random,1,0.025,late,nonlinear,35,0.005703345152703864
9102021,unknown_nonlinear,random,1,0.025,late,zero,35,0.035889592295917296
9102021,unknown_nonlinear,random,1,0.025,pre,action_blind,35,0.03113444329600291
9102021,unknown_nonlinear,random,1,0.025,pre,adaptive_nonlinear,35,0.0021018805119730967
9102021,unknown_nonlinear,random,1,0.025,pre,knn_all,35,0.0023238025178562946
9102021,unknown_nonlinear,random,1,0.025,pre,knn_recent,35,0.002312167296946273
9102021,unknown_nonlinear,random,1,0.025,pre,linear,35,0.0029518466533509703
9102021,unknown_nonlinear,random,1,0.025,pre,nonlinear,35,0.0021018805119730967
9102021,unknown_nonlinear,random,1,0.025,pre,zero,35,0.028666803616027962
9102122,external,random,1,0.025,counterfactual,action_blind,5,0.01491800284141068
9102122,external,random,1,0.025,counterfactual,adaptive_nonlinear,5,0.0058170612382532115
9102122,external,random,1,0.025,counterfactual,knn_all,5,0.0030141749255092874
9102122,external,random,1,0.025,counterfactual,knn_recent,5,0.0031118812976459664
9102122,external,random,1,0.025,counterfactual,linear,5,0.0332593306992189
9102122,external,random,1,0.025,counterfactual,nonlinear,5,0.0058170612382532115
9102122,external,random,1,0.025,counterfactual,zero,5,0.016418664188932616
9102122,external,random,1,0.025,early,action_blind,19,0.08586869017991655
9102122,external,random,1,0.025,early,adaptive_nonlinear,19,0.016153249868113367
9102122,external,random,1,0.025,early,knn_all,19,0.01659302002903137
9102122,external,random,1,0.025,early,knn_recent,19,0.010445719985062989
9102122,external,random,1,0.025,early,linear,19,0.020909782158406637
9102122,external,random,1,0.025,early,nonlinear,19,0.016153249868113367
9102122,external,random,1,0.025,early,zero,19,0.08499684321117477
9102122,external,random,1,0.025,late,action_blind,35,0.008100025040561988
9102122,external,random,1,0.025,late,adaptive_nonlinear,35,0.009327144051560899
9102122,external,random,1,0.025,late,knn_all,35,0.007952307600358869
9102122,external,random,1,0.025,late,knn_recent,35,0.007983990577104425
9102122,external,random,1,0.025,late,linear,35,0.039677766384966756
9102122,external,random,1,0.025,late,nonlinear,35,0.009327144051560899
9102122,external,random,1,0.025,late,zero,35,0.008554784545690171
9102122,external,random,1,0.025,pre,action_blind,35,0.05863331590788782
9102122,external,random,1,0.025,pre,adaptive_nonlinear,35,0.0018577079963072256
9102122,external,random,1,0.025,pre,knn_all,35,0.002125894493661372
9102122,external,random,1,0.025,pre,knn_recent,35,0.0021104003422825262
9102122,external,random,1,0.025,pre,linear,35,0.0024747480519110516
9102122,external,random,1,0.025,pre,nonlinear,35,0.0018577079963072256
9102122,external,random,1,0.025,pre,zero,35,0.05848348262653701
9102122,motor,random,1,0.025,counterfactual,action_blind,5,0.032327307367952966
9102122,motor,random,1,0.025,counterfactual,adaptive_nonlinear,5,0.001316414105419984
9102122,motor,random,1,0.025,counterfactual,knn_all,5,0.0010681898021985823
9102122,motor,random,1,0.025,counterfactual,knn_recent,5,0.0009850317944348
9102122,motor,random,1,0.025,counterfactual,linear,5,0.02378395262799284
9102122,motor,random,1,0.025,counterfactual,nonlinear,5,0.0013499921567104581
9102122,motor,random,1,0.025,counterfactual,zero,5,0.029542231633315735
9102122,motor,random,1,0.025,early,action_blind,19,0.025913720921998618
9102122,motor,random,1,0.025,early,adaptive_nonlinear,19,0.004719962696530792
9102122,motor,random,1,0.025,early,knn_all,19,0.004666907999240187
9102122,motor,random,1,0.025,early,knn_recent,19,0.003569735392285814
9102122,motor,random,1,0.025,early,linear,19,0.04704725283321749
9102122,motor,random,1,0.025,early,nonlinear,19,0.004998030937443919
9102122,motor,random,1,0.025,early,zero,19,0.02475550041564783
9102122,motor,random,1,0.025,late,action_blind,35,0.032903750882381975
9102122,motor,random,1,0.025,late,adaptive_nonlinear,35,0.002648101051161134
9102122,motor,random,1,0.025,late,knn_all,35,0.0016806346240611726
9102122,motor,random,1,0.025,late,knn_recent,35,0.0016611997312007622
9102122,motor,random,1,0.025,late,linear,35,0.019752419003845775
9102122,motor,random,1,0.025,late,nonlinear,35,0.0026639519473096863
9102122,motor,random,1,0.025,late,zero,35,0.03170967186706053
9102122,motor,random,1,0.025,pre,action_blind,35,0.05863331590788782
9102122,motor,random,1,0.025,pre,adaptive_nonlinear,35,0.0018577079963072256
9102122,motor,random,1,0.025,pre,knn_all,35,0.002125894493661372
9102122,motor,random,1,0.025,pre,knn_recent,35,0.0021104003422825262
9102122,motor,random,1,0.025,pre,linear,35,0.0024747480519110516
9102122,motor,random,1,0.025,pre,nonlinear,35,0.0018577079963072256
9102122,motor,random,1,0.025,pre,zero,35,0.05848348262653701
9102122,motor_external,random,1,0.025,counterfactual,action_blind,5,0.01230079727102048
9102122,motor_external,random,1,0.025,counterfactual,adaptive_nonlinear,5,0.0035784526295843514
9102122,motor_external,random,1,0.025,counterfactual,knn_all,5,0.0034436067310350273
9102122,motor_external,random,1,0.025,counterfactual,knn_recent,5,0.003764895974671742
9102122,motor_external,random,1,0.025,counterfactual,linear,5,0.019126707144706007
9102122,motor_external,random,1,0.025,counterfactual,nonlinear,5,0.007424206217106104
9102122,motor_external,random,1,0.025,counterfactual,zero,5,0.017491674518004607
9102122,motor_external,random,1,0.025,early,action_blind,19,0.0687649968126457
9102122,motor_external,random,1,0.025,early,adaptive_nonlinear,19,0.037544397362108226
9102122,motor_external,random,1,0.025,early,knn_all,19,0.056711712463545436
9102122,motor_external,random,1,0.025,early,knn_recent,19,0.04586453724384833
9102122,motor_external,random,1,0.025,early,linear,19,0.0786933684653443
9102122,motor_external,random,1,0.025,early,nonlinear,19,0.049509548039962985
9102122,motor_external,random,1,0.025,early,zero,19,0.06408161233293325
9102122,motor_external,random,1,0.025,late,action_blind,35,0.011420925866898551
9102122,motor_external,random,1,0.025,late,adaptive_nonlinear,35,0.0089893621303095
9102122,motor_external,random,1,0.025,late,knn_all,35,0.008676961270530237
9102122,motor_external,random,1,0.025,late,knn_recent,35,0.008863988101997776
9102122,motor_external,random,1,0.025,late,linear,35,0.02201184558963364
9102122,motor_external,random,1,0.025,late,nonlinear,35,0.011844044049670936
9102122,motor_external,random,1,0.025,late,zero,35,0.013097347452039367
9102122,motor_external,random,1,0.025,pre,action_blind,35,0.05863331590788782
9102122,motor_external,random,1,0.025,pre,adaptive_nonlinear,35,0.0018577079963072256
9102122,motor_external,random,1,0.025,pre,knn_all,35,0.002125894493661372
9102122,motor_external,random,1,0.025,pre,knn_recent,35,0.0021104003422825262
9102122,motor_external,random,1,0.025,pre,linear,35,0.0024747480519110516
9102122,motor_external,random,1,0.025,pre,nonlinear,35,0.0018577079963072256
9102122,motor_external,random,1,0.025,pre,zero,35,0.05848348262653701
9102122,none,random,1,0.025,counterfactual,action_blind,5,0.03046993262747748
9102122,none,random,1,0.025,counterfactual,adaptive_nonlinear,5,0.0013336617126829848
9102122,none,random,1,0.025,counterfactual,knn_all,5,0.0012069214478792692
9102122,none,random,1,0.025,counterfactual,knn_recent,5,0.001073487697130096
9102122,none,random,1,0.025,counterfactual,linear,5,0.004911922300804046
9102122,none,random,1,0.025,counterfactual,nonlinear,5,0.0013336617126829848
9102122,none,random,1,0.025,counterfactual,zero,5,0.029033292792006032
9102122,none,random,1,0.025,early,action_blind,19,0.025692337875507072
9102122,none,random,1,0.025,early,adaptive_nonlinear,19,0.0019126704857175404
9102122,none,random,1,0.025,early,knn_all,19,0.0025730401199922774
9102122,none,random,1,0.025,early,knn_recent,19,0.0024794816505675525
9102122,none,random,1,0.025,early,linear,19,0.008396793959031462
9102122,none,random,1,0.025,early,nonlinear,19,0.0019126704857175404
9102122,none,random,1,0.025,early,zero,19,0.024105353531027766
9102122,none,random,1,0.025,late,action_blind,35,0.029854327939533194
9102122,none,random,1,0.025,late,adaptive_nonlinear,35,0.0015353172095986106
9102122,none,random,1,0.025,late,knn_all,35,0.0014982920461727603
9102122,none,random,1,0.025,late,knn_recent,35,0.001391319801762255
9102122,none,random,1,0.025,late,linear,35,0.004425561201482916
9102122,none,random,1,0.025,late,nonlinear,35,0.0015353172095986106
9102122,none,random,1,0.025,late,zero,35,0.02995281423320604
9102122,none,random,1,0.025,pre,action_blind,35,0.05863331590788782
9102122,none,random,1,0.025,pre,adaptive_nonlinear,35,0.0018577079963072256
9102122,none,random,1,0.025,pre,knn_all,35,0.002125894493661372
9102122,none,random,1,0.025,pre,knn_recent,35,0.0021104003422825262
9102122,none,random,1,0.025,pre,linear,35,0.0024747480519110516
9102122,none,random,1,0.025,pre,nonlinear,35,0.0018577079963072256
9102122,none,random,1,0.025,pre,zero,35,0.05848348262653701
9102122,sensor,random,1,0.025,counterfactual,action_blind,5,0.03065994848017307
9102122,sensor,random,1,0.025,counterfactual,adaptive_nonlinear,5,0.0014686990433613579
9102122,sensor,random,1,0.025,counterfactual,knn_all,5,0.0012069214478792705
9102122,sensor,random,1,0.025,counterfactual,knn_recent,5,0.0010734876971300968
9102122,sensor,random,1,0.025,counterfactual,linear,5,0.004613685032259183
9102122,sensor,random,1,0.025,counterfactual,nonlinear,5,0.0014718594123507268
9102122,sensor,random,1,0.025,counterfactual,zero,5,0.029033292792006025
9102122,sensor,random,1,0.025,early,action_blind,19,0.02580247243664307
9102122,sensor,random,1,0.025,early,adaptive_nonlinear,19,0.0020310148916085134
9102122,sensor,random,1,0.025,early,knn_all,19,0.00234667170554466
9102122,sensor,random,1,0.025,early,knn_recent,19,0.0022547851457940748
9102122,sensor,random,1,0.025,early,linear,19,0.007697410798919226
9102122,sensor,random,1,0.025,early,nonlinear,19,0.0020298251353109025
9102122,sensor,random,1,0.025,early,zero,19,0.024105353531027777
9102122,sensor,random,1,0.025,late,action_blind,35,0.029745184777562165
9102122,sensor,random,1,0.025,late,adaptive_nonlinear,35,0.001527985775715347
9102122,sensor,random,1,0.025,late,knn_all,35,0.001498292046172761
9102122,sensor,random,1,0.025,late,knn_recent,35,0.0013913198017622558
9102122,sensor,random,1,0.025,late,linear,35,0.004047192990173505
9102122,sensor,random,1,0.025,late,nonlinear,35,0.0015274995342252663
9102122,sensor,random,1,0.025,late,zero,35,0.029952814233206032
9102122,sensor,random,1,0.025,pre,action_blind,35,0.05863331590788782
9102122,sensor,random,1,0.025,pre,adaptive_nonlinear,35,0.0018577079963072256
9102122,sensor,random,1,0.025,pre,knn_all,35,0.002125894493661372
9102122,sensor,random,1,0.025,pre,knn_recent,35,0.0021104003422825262
9102122,sensor,random,1,0.025,pre,linear,35,0.0024747480519110516
9102122,sensor,random,1,0.025,pre,nonlinear,35,0.0018577079963072256
9102122,sensor,random,1,0.025,pre,zero,35,0.05848348262653701
9102122,unknown_nonlinear,random,1,0.025,counterfactual,action_blind,5,0.03707596027044745
9102122,unknown_nonlinear,random,1,0.025,counterfactual,adaptive_nonlinear,5,0.0021058697557790047
9102122,unknown_nonlinear,random,1,0.025,counterfactual,knn_all,5,0.0032065446291564986
9102122,unknown_nonlinear,random,1,0.025,counterfactual,knn_recent,5,0.0028385595584649115
9102122,unknown_nonlinear,random,1,0.025,counterfactual,linear,5,0.005233919742998116
9102122,unknown_nonlinear,random,1,0.025,counterfactual,nonlinear,5,0.0021058697557790047
9102122,unknown_nonlinear,random,1,0.025,counterfactual,zero,5,0.034317553678491285
9102122,unknown_nonlinear,random,1,0.025,early,action_blind,19,0.03189585250634561
9102122,unknown_nonlinear,random,1,0.025,early,adaptive_nonlinear,19,0.004274458892118909
9102122,unknown_nonlinear,random,1,0.025,early,knn_all,19,0.002745919096391056
9102122,unknown_nonlinear,random,1,0.025,early,knn_recent,19,0.002621556994110176
9102122,unknown_nonlinear,random,1,0.025,early,linear,19,0.007212309731555017
9102122,unknown_nonlinear,random,1,0.025,early,nonlinear,19,0.004274458892118909
9102122,unknown_nonlinear,random,1,0.025,early,zero,19,0.03091315821363147
9102122,unknown_nonlinear,random,1,0.025,late,action_blind,35,0.03578206982438354
9102122,unknown_nonlinear,random,1,0.025,late,adaptive_nonlinear,35,0.0038094317849384756
9102122,unknown_nonlinear,random,1,0.025,late,knn_all,35,0.0033213308169753367
9102122,unknown_nonlinear,random,1,0.025,late,knn_recent,35,0.003359086897220288
9102122,unknown_nonlinear,random,1,0.025,late,linear,35,0.0076228147326522925
9102122,unknown_nonlinear,random,1,0.025,late,nonlinear,35,0.0038094317849384756
9102122,unknown_nonlinear,random,1,0.025,late,zero,35,0.03456553051432332
9102122,unknown_nonlinear,random,1,0.025,pre,action_blind,35,0.05863331590788782
9102122,unknown_nonlinear,random,1,0.025,pre,adaptive_nonlinear,35,0.0018577079963072256
9102122,unknown_nonlinear,random,1,0.025,pre,knn_all,35,0.002125894493661372
9102122,unknown_nonlinear,random,1,0.025,pre,knn_recent,35,0.0021104003422825262
9102122,unknown_nonlinear,random,1,0.025,pre,linear,35,0.0024747480519110516
9102122,unknown_nonlinear,random,1,0.025,pre,nonlinear,35,0.0018577079963072256
9102122,unknown_nonlinear,random,1,0.025,pre,zero,35,0.05848348262653701
9102223,external,random,1,0.025,counterfactual,action_blind,5,0.1165734544706365
9102223,external,random,1,0.025,counterfactual,adaptive_nonlinear,5,0.004923697776859852
9102223,external,random,1,0.025,counterfactual,knn_all,5,0.00724679261351568
9102223,external,random,1,0.025,counterfactual,knn_recent,5,0.007288075470049807
9102223,external,random,1,0.025,counterfactual,linear,5,0.04241629418737187
9102223,external,random,1,0.025,counterfactual,nonlinear,5,0.004923697776859852
9102223,external,random,1,0.025,counterfactual,zero,5,0.0995810558201576
9102223,external,random,1,0.025,early,action_blind,19,0.04324961049348439
9102223,external,random,1,0.025,early,adaptive_nonlinear,19,0.011832042461373997
9102223,external,random,1,0.025,early,knn_all,19,0.016970587988890683
9102223,external,random,1,0.025,early,knn_recent,19,0.012888380532881862
9102223,external,random,1,0.025,early,linear,19,0.019298827954005313
9102223,external,random,1,0.025,early,nonlinear,19,0.011832042461373997
9102223,external,random,1,0.025,early,zero,19,0.04894307657878714
9102223,external,random,1,0.025,late,action_blind,35,0.04375738244562114
9102223,external,random,1,0.025,late,adaptive_nonlinear,35,0.016719506926054613
9102223,external,random,1,0.025,late,knn_all,35,0.015093990549908523
9102223,external,random,1,0.025,late,knn_recent,35,0.015245386884326846
9102223,external,random,1,0.025,late,linear,35,0.03673023946046264
9102223,external,random,1,0.025,late,nonlinear,35,0.017305916893502787
9102223,external,random,1,0.025,late,zero,35,0.04713219750324046
9102223,external,random,1,0.025,pre,action_blind,35,0.033926333664090716
9102223,external,random,1,0.025,pre,adaptive_nonlinear,35,0.0016150212152931903
9102223,external,random,1,0.025,pre,knn_all,35,0.001583448893210538
9102223,external,random,1,0.025,pre,knn_recent,35,0.0015817046060572454
9102223,external,random,1,0.025,pre,linear,35,0.0017280601397690002
9102223,external,random,1,0.025,pre,nonlinear,35,0.0016150212152931903
9102223,external,random,1,0.025,pre,zero,35,0.03437189143177758
9102223,motor,random,1,0.025,counterfactual,action_blind,5,0.03037253526759095
9102223,motor,random,1,0.025,counterfactual,adaptive_nonlinear,5,0.011252597895324443
9102223,motor,random,1,0.025,counterfactual,knn_all,5,0.019499797420757786
9102223,motor,random,1,0.025,counterfactual,knn_recent,5,0.0019361821986594086
9102223,motor,random,1,0.025,counterfactual,linear,5,0.02081352434339912
9102223,motor,random,1,0.025,counterfactual,nonlinear,5,0.011252597895324443
9102223,motor,random,1,0.025,counterfactual,zero,5,0.030150326393348293
9102223,motor,random,1,0.025,early,action_blind,19,0.027014645384958878
9102223,motor,random,1,0.025,early,adaptive_nonlinear,19,0.036415275659211176
9102223,motor,random,1,0.025,early,knn_all,19,0.02784997843153103
9102223,motor,random,1,0.025,early,knn_recent,19,0.025943378084879575
9102223,motor,random,1,0.025,early,linear,19,0.04525415802598021
9102223,motor,random,1,0.025,early,nonlinear,19,0.036415275659211176
9102223,motor,random,1,0.025,early,zero,19,0.027390466337268972
9102223,motor,random,1,0.025,late,action_blind,35,0.03886636472888743
9102223,motor,random,1,0.025,late,adaptive_nonlinear,35,0.008701566451623163
9102223,motor,random,1,0.025,late,knn_all,35,0.010278851203682519
9102223,motor,random,1,0.025,late,knn_recent,35,0.0022965914280088195
9102223,motor,random,1,0.025,late,linear,35,0.020455620583292998
9102223,motor,random,1,0.025,late,nonlinear,35,0.008701566451623163
9102223,motor,random,1,0.025,late,zero,35,0.03564970687081144
9102223,motor,random,1,0.025,pre,action_blind,35,0.033926333664090716
9102223,motor,random,1,0.025,pre,adaptive_nonlinear,35,0.0016150212152931903
9102223,motor,random,1,0.025,pre,knn_all,35,0.001583448893210538
9102223,motor,random,1,0.025,pre,knn_recent,35,0.0015817046060572454
9102223,motor,random,1,0.025,pre,linear,35,0.0017280601397690002
9102223,motor,random,1,0.025,pre,nonlinear,35,0.0016150212152931903
9102223,motor,random,1,0.025,pre,zero,35,0.03437189143177758
9102223,motor_external,random,1,0.025,counterfactual,action_blind,5,0.04624584161165542
9102223,motor_external,random,1,0.025,counterfactual,adaptive_nonlinear,5,0.04051852542104532
9102223,motor_external,random,1,0.025,counterfactual,knn_all,5,0.013845512151884487
9102223,motor_external,random,1,0.025,counterfactual,knn_recent,5,0.01399473794112519
9102223,motor_external,random,1,0.025,counterfactual,linear,5,0.02863735632506655
9102223,motor_external,random,1,0.025,counterfactual,nonlinear,5,0.04578161189193957
9102223,motor_external,random,1,0.025,counterfactual,zero,5,0.05182865822046993
9102223,motor_external,random,1,0.025,early,action_blind,19,0.0678292965183125
9102223,motor_external,random,1,0.025,early,adaptive_nonlinear,19,0.05544075405629554
9102223,motor_external,random,1,0.025,early,knn_all,19,0.0795471981089774
9102223,motor_external,random,1,0.025,early,knn_recent,19,0.043218501133233576
9102223,motor_external,random,1,0.025,early,linear,19,0.08620356294572021
9102223,motor_external,random,1,0.025,early,nonlinear,19,0.06603373360419618
9102223,motor_external,random,1,0.025,early,zero,19,0.07164048863361226
9102223,motor_external,random,1,0.025,late,action_blind,35,0.034677491875489554
9102223,motor_external,random,1,0.025,late,adaptive_nonlinear,35,0.009289116886999706
9102223,motor_external,random,1,0.025,late,knn_all,35,0.009301143990945447
9102223,motor_external,random,1,0.025,late,knn_recent,35,0.009674558522071379
9102223,motor_external,random,1,0.025,late,linear,35,0.02528259481460866
9102223,motor_external,random,1,0.025,late,nonlinear,35,0.011848809456979649
9102223,motor_external,random,1,0.025,late,zero,35,0.03628970595626344
9102223,motor_external,random,1,0.025,pre,action_blind,35,0.033926333664090716
9102223,motor_external,random,1,0.025,pre,adaptive_nonlinear,35,0.0016150212152931903
9102223,motor_external,random,1,0.025,pre,knn_all,35,0.001583448893210538
9102223,motor_external,random,1,0.025,pre,knn_recent,35,0.0015817046060572454
9102223,motor_external,random,1,0.025,pre,linear,35,0.0017280601397690002
9102223,motor_external,random,1,0.025,pre,nonlinear,35,0.0016150212152931903
9102223,motor_external,random,1,0.025,pre,zero,35,0.03437189143177758
9102223,none,random,1,0.025,counterfactual,action_blind,5,0.028948205891499844
9102223,none,random,1,0.025,counterfactual,adaptive_nonlinear,5,0.0014140015805644574
9102223,none,random,1,0.025,counterfactual,knn_all,5,0.0017358807971689261
9102223,none,random,1,0.025,counterfactual,knn_recent,5,0.0017508876894811044
9102223,none,random,1,0.025,counterfactual,linear,5,0.0026693638002418772
9102223,none,random,1,0.025,counterfactual,nonlinear,5,0.0014140015805644574
9102223,none,random,1,0.025,counterfactual,zero,5,0.028704243015392917
9102223,none,random,1,0.025,early,action_blind,19,0.03449874652240011
9102223,none,random,1,0.025,early,adaptive_nonlinear,19,0.001910404538061827
9102223,none,random,1,0.025,early,knn_all,19,0.0023207866902041595
9102223,none,random,1,0.025,early,knn_recent,19,0.002319480263148976
9102223,none,random,1,0.025,early,linear,19,0.0026389003245305058
9102223,none,random,1,0.025,early,nonlinear,19,0.001910404538061827
9102223,none,random,1,0.025,early,zero,19,0.030288227562518897
9102223,none,random,1,0.025,late,action_blind,35,0.03941196380881026
9102223,none,random,1,0.025,late,adaptive_nonlinear,35,0.0017889226687457227
9102223,none,random,1,0.025,late,knn_all,35,0.0023124678209846404
9102223,none,random,1,0.025,late,knn_recent,35,0.0022251842304877095
9102223,none,random,1,0.025,late,linear,35,0.004366823358370691
9102223,none,random,1,0.025,late,nonlinear,35,0.0017889226687457227
9102223,none,random,1,0.025,late,zero,35,0.036157886380614006
9102223,none,random,1,0.025,pre,action_blind,35,0.033926333664090716
9102223,none,random,1,0.025,pre,adaptive_nonlinear,35,0.0016150212152931903
9102223,none,random,1,0.025,pre,knn_all,35,0.001583448893210538
9102223,none,random,1,0.025,pre,knn_recent,35,0.0015817046060572454
9102223,none,random,1,0.025,pre,linear,35,0.0017280601397690002
9102223,none,random,1,0.025,pre,nonlinear,35,0.0016150212152931903
9102223,none,random,1,0.025,pre,zero,35,0.03437189143177758
9102223,sensor,random,1,0.025,counterfactual,action_blind,5,0.028845417856081745
9102223,sensor,random,1,0.025,counterfactual,adaptive_nonlinear,5,0.0012083038645852872
9102223,sensor,random,1,0.025,counterfactual,knn_all,5,0.0017313271236416427
9102223,sensor,random,1,0.025,counterfactual,knn_recent,5,0.0017508876894811044
9102223,sensor,random,1,0.025,counterfactual,linear,5,0.0025957495196950566
9102223,sensor,random,1,0.025,counterfactual,nonlinear,5,0.0012019795298916147
9102223,sensor,random,1,0.025,counterfactual,zero,5,0.028704243015392917
9102223,sensor,random,1,0.025,early,action_blind,19,0.031506773571880024
9102223,sensor,random,1,0.025,early,adaptive_nonlinear,19,0.002071574733820674
9102223,sensor,random,1,0.025,early,knn_all,19,0.002650795438536066
9102223,sensor,random,1,0.025,early,knn_recent,19,0.0026904280365784364
9102223,sensor,random,1,0.025,early,linear,19,0.0027323464581919797
9102223,sensor,random,1,0.025,early,nonlinear,19,0.0020335636791713476
9102223,sensor,random,1,0.025,early,zero,19,0.030288227562518897
9102223,sensor,random,1,0.025,late,action_blind,35,0.03989295139886897
9102223,sensor,random,1,0.025,late,adaptive_nonlinear,35,0.0018208361410121732
9102223,sensor,random,1,0.025,late,knn_all,35,0.0024541617045790625
9102223,sensor,random,1,0.025,late,knn_recent,35,0.0022356807184334905
9102223,sensor,random,1,0.025,late,linear,35,0.004373164943922302
9102223,sensor,random,1,0.025,late,nonlinear,35,0.0018143289716805178
9102223,sensor,random,1,0.025,late,zero,35,0.036157886380614006
9102223,sensor,random,1,0.025,pre,action_blind,35,0.033926333664090716
9102223,sensor,random,1,0.025,pre,adaptive_nonlinear,35,0.0016150212152931903
9102223,sensor,random,1,0.025,pre,knn_all,35,0.001583448893210538
9102223,sensor,random,1,0.025,pre,knn_recent,35,0.0015817046060572454
9102223,sensor,random,1,0.025,pre,linear,35,0.0017280601397690002
9102223,sensor,random,1,0.025,pre,nonlinear,35,0.0016150212152931903
9102223,sensor,random,1,0.025,pre,zero,35,0.03437189143177758
9102223,unknown_nonlinear,random,1,0.025,counterfactual,action_blind,5,0.04663701814098915
9102223,unknown_nonlinear,random,1,0.025,counterfactual,adaptive_nonlinear,5,0.00789196222374935
9102223,unknown_nonlinear,random,1,0.025,counterfactual,knn_all,5,0.0051593301466503014
9102223,unknown_nonlinear,random,1,0.025,counterfactual,knn_recent,5,0.00392596109103984
9102223,unknown_nonlinear,random,1,0.025,counterfactual,linear,5,0.005999832117220548
9102223,unknown_nonlinear,random,1,0.025,counterfactual,nonlinear,5,0.00789196222374935
9102223,unknown_nonlinear,random,1,0.025,counterfactual,zero,5,0.04420559811881371
9102223,unknown_nonlinear,random,1,0.025,early,action_blind,19,0.038010764493193905
9102223,unknown_nonlinear,random,1,0.025,early,adaptive_nonlinear,19,0.006450726383063624
9102223,unknown_nonlinear,random,1,0.025,early,knn_all,19,0.004646927210951776
9102223,unknown_nonlinear,random,1,0.025,early,knn_recent,19,0.004705291404641345
9102223,unknown_nonlinear,random,1,0.025,early,linear,19,0.007014415672890241
9102223,unknown_nonlinear,random,1,0.025,early,nonlinear,19,0.006450726383063624
9102223,unknown_nonlinear,random,1,0.025,early,zero,19,0.03319145253779578
9102223,unknown_nonlinear,random,1,0.025,late,action_blind,35,0.08375835609699062
9102223,unknown_nonlinear,random,1,0.025,late,adaptive_nonlinear,35,0.009362326825000588
9102223,unknown_nonlinear,random,1,0.025,late,knn_all,35,0.008335600087064427
9102223,unknown_nonlinear,random,1,0.025,late,knn_recent,35,0.010153293194648623
9102223,unknown_nonlinear,random,1,0.025,late,linear,35,0.020399687184327598
9102223,unknown_nonlinear,random,1,0.025,late,nonlinear,35,0.009362326825000588
9102223,unknown_nonlinear,random,1,0.025,late,zero,35,0.07951371587547092
9102223,unknown_nonlinear,random,1,0.025,pre,action_blind,35,0.033926333664090716
9102223,unknown_nonlinear,random,1,0.025,pre,adaptive_nonlinear,35,0.0016150212152931903
9102223,unknown_nonlinear,random,1,0.025,pre,knn_all,35,0.001583448893210538
9102223,unknown_nonlinear,random,1,0.025,pre,knn_recent,35,0.0015817046060572454
9102223,unknown_nonlinear,random,1,0.025,pre,linear,35,0.0017280601397690002
9102223,unknown_nonlinear,random,1,0.025,pre,nonlinear,35,0.0016150212152931903
9102223,unknown_nonlinear,random,1,0.025,pre,zero,35,0.03437189143177758
9102324,external,random,1,0.025,counterfactual,action_blind,5,0.01444056396566997
9102324,external,random,1,0.025,counterfactual,adaptive_nonlinear,5,0.010647393069932714
9102324,external,random,1,0.025,counterfactual,knn_all,5,0.005863524225315005
9102324,external,random,1,0.025,counterfactual,knn_recent,5,0.00586400280254148
9102324,external,random,1,0.025,counterfactual,linear,5,0.0405608393583645
9102324,external,random,1,0.025,counterfactual,nonlinear,5,0.011346662464705651
9102324,external,random,1,0.025,counterfactual,zero,5,0.0141059380265601
9102324,external,random,1,0.025,early,action_blind,19,0.06559412609674026
9102324,external,random,1,0.025,early,adaptive_nonlinear,19,0.012864353071343784
9102324,external,random,1,0.025,early,knn_all,19,0.019686582391671047
9102324,external,random,1,0.025,early,knn_recent,19,0.017632867442533735
9102324,external,random,1,0.025,early,linear,19,0.034293629676561264
9102324,external,random,1,0.025,early,nonlinear,19,0.012864353071343784
9102324,external,random,1,0.025,early,zero,19,0.07062147416448583
9102324,external,random,1,0.025,late,action_blind,35,0.014821980012323373
9102324,external,random,1,0.025,late,adaptive_nonlinear,35,0.005795279280194791
9102324,external,random,1,0.025,late,knn_all,35,0.006056666777162861
9102324,external,random,1,0.025,late,knn_recent,35,0.006009223777417647
9102324,external,random,1,0.025,late,linear,35,0.03556686199680744
9102324,external,random,1,0.025,late,nonlinear,35,0.006003395276741161
9102324,external,random,1,0.025,late,zero,35,0.01314365592884521
9102324,external,random,1,0.025,pre,action_blind,35,0.07475841429578008
9102324,external,random,1,0.025,pre,adaptive_nonlinear,35,0.001788287973809335
9102324,external,random,1,0.025,pre,knn_all,35,0.002042549651320916
9102324,external,random,1,0.025,pre,knn_recent,35,0.002191014738343783
9102324,external,random,1,0.025,pre,linear,35,0.0024543785586123765
9102324,external,random,1,0.025,pre,nonlinear,35,0.001788287973809335
9102324,external,random,1,0.025,pre,zero,35,0.07094360098594409
9102324,motor,random,1,0.025,counterfactual,action_blind,5,0.06952873964197721
9102324,motor,random,1,0.025,counterfactual,adaptive_nonlinear,5,0.0015157847716945783
9102324,motor,random,1,0.025,counterfactual,knn_all,5,0.0013237396938141537
9102324,motor,random,1,0.025,counterfactual,knn_recent,5,0.0013049344268334976
9102324,motor,random,1,0.025,counterfactual,linear,5,0.039850566992952516
9102324,motor,random,1,0.025,counterfactual,nonlinear,5,0.001993182150358311
9102324,motor,random,1,0.025,counterfactual,zero,5,0.06803284215498101
9102324,motor,random,1,0.025,early,action_blind,19,0.09313041362063793
9102324,motor,random,1,0.025,early,adaptive_nonlinear,19,0.0403421070701448
9102324,motor,random,1,0.025,early,knn_all,19,0.05097730199746646
9102324,motor,random,1,0.025,early,knn_recent,19,0.04850897680428943
9102324,motor,random,1,0.025,early,linear,19,0.1117442515312366
9102324,motor,random,1,0.025,early,nonlinear,19,0.04633329848158541
9102324,motor,random,1,0.025,early,zero,19,0.08967312431833875
9102324,motor,random,1,0.025,late,action_blind,35,0.0673862892939389
9102324,motor,random,1,0.025,late,adaptive_nonlinear,35,0.004925449954291997
9102324,motor,random,1,0.025,late,knn_all,35,0.0035466059367096642
9102324,motor,random,1,0.025,late,knn_recent,35,0.0032860434701816495
9102324,motor,random,1,0.025,late,linear,35,0.03013132777571177
9102324,motor,random,1,0.025,late,nonlinear,35,0.005879906647322385
9102324,motor,random,1,0.025,late,zero,35,0.055981484035519606
9102324,motor,random,1,0.025,pre,action_blind,35,0.07475841429578008
9102324,motor,random,1,0.025,pre,adaptive_nonlinear,35,0.001788287973809335
9102324,motor,random,1,0.025,pre,knn_all,35,0.002042549651320916
9102324,motor,random,1,0.025,pre,knn_recent,35,0.002191014738343783
9102324,motor,random,1,0.025,pre,linear,35,0.0024543785586123765
9102324,motor,random,1,0.025,pre,nonlinear,35,0.001788287973809335
9102324,motor,random,1,0.025,pre,zero,35,0.07094360098594409
9102324,motor_external,random,1,0.025,counterfactual,action_blind,5,0.06781886699329984
9102324,motor_external,random,1,0.025,counterfactual,adaptive_nonlinear,5,0.004887877403993347
9102324,motor_external,random,1,0.025,counterfactual,knn_all,5,0.010489398124172166
9102324,motor_external,random,1,0.025,counterfactual,knn_recent,5,0.0102035803903054
9102324,motor_external,random,1,0.025,counterfactual,linear,5,0.05540737485042141
9102324,motor_external,random,1,0.025,counterfactual,nonlinear,5,0.011627656441571679
9102324,motor_external,random,1,0.025,counterfactual,zero,5,0.0729364931482803
9102324,motor_external,random,1,0.025,early,action_blind,19,0.07313067447691642
9102324,motor_external,random,1,0.025,early,adaptive_nonlinear,19,0.08694673456720818
9102324,motor_external,random,1,0.025,early,knn_all,19,0.11797834663125709
9102324,motor_external,random,1,0.025,early,knn_recent,19,0.07675401298918294
9102324,motor_external,random,1,0.025,early,linear,19,0.11752853823329074
9102324,motor_external,random,1,0.025,early,nonlinear,19,0.10978557791185385
9102324,motor_external,random,1,0.025,early,zero,19,0.06957801458886573
9102324,motor_external,random,1,0.025,late,action_blind,35,0.025847904578211015
9102324,motor_external,random,1,0.025,late,adaptive_nonlinear,35,0.010230226866378232
9102324,motor_external,random,1,0.025,late,knn_all,35,0.010858818972520654
9102324,motor_external,random,1,0.025,late,knn_recent,35,0.011118366619449675
9102324,motor_external,random,1,0.025,late,linear,35,0.03233609437951447
9102324,motor_external,random,1,0.025,late,nonlinear,35,0.011290069271848741
9102324,motor_external,random,1,0.025,late,zero,35,0.038702454833924364
9102324,motor_external,random,1,0.025,pre,action_blind,35,0.07475841429578008
9102324,motor_external,random,1,0.025,pre,adaptive_nonlinear,35,0.001788287973809335
9102324,motor_external,random,1,0.025,pre,knn_all,35,0.002042549651320916
9102324,motor_external,random,1,0.025,pre,knn_recent,35,0.002191014738343783
9102324,motor_external,random,1,0.025,pre,linear,35,0.0024543785586123765
9102324,motor_external,random,1,0.025,pre,nonlinear,35,0.001788287973809335
9102324,motor_external,random,1,0.025,pre,zero,35,0.07094360098594409
9102324,none,random,1,0.025,counterfactual,action_blind,5,0.07745194545884038
9102324,none,random,1,0.025,counterfactual,adaptive_nonlinear,5,0.000552381447431142
9102324,none,random,1,0.025,counterfactual,knn_all,5,0.0008569045241057389
9102324,none,random,1,0.025,counterfactual,knn_recent,5,0.0009963898380944806
9102324,none,random,1,0.025,counterfactual,linear,5,0.002668727336320021
9102324,none,random,1,0.025,counterfactual,nonlinear,5,0.000552381447431142
9102324,none,random,1,0.025,counterfactual,zero,5,0.07660381449639302
9102324,none,random,1,0.025,early,action_blind,19,0.09753323147853972
9102324,none,random,1,0.025,early,adaptive_nonlinear,19,0.0023763843728022683
9102324,none,random,1,0.025,early,knn_all,19,0.0028321921718754933
9102324,none,random,1,0.025,early,knn_recent,19,0.0030157522338022133
9102324,none,random,1,0.025,early,linear,19,0.0037006427731627366
9102324,none,random,1,0.025,early,nonlinear,19,0.0023763843728022683
9102324,none,random,1,0.025,early,zero,19,0.08902480551849337
9102324,none,random,1,0.025,late,action_blind,35,0.07420025318926395
9102324,none,random,1,0.025,late,adaptive_nonlinear,35,0.0024663468904243787
9102324,none,random,1,0.025,late,knn_all,35,0.0028631331488073405
9102324,none,random,1,0.025,late,knn_recent,35,0.00388637434045342
9102324,none,random,1,0.025,late,linear,35,0.005436122372780747
9102324,none,random,1,0.025,late,nonlinear,35,0.0024663468904243787
9102324,none,random,1,0.025,late,zero,35,0.06846320198626411
9102324,none,random,1,0.025,pre,action_blind,35,0.07475841429578008
9102324,none,random,1,0.025,pre,adaptive_nonlinear,35,0.001788287973809335
9102324,none,random,1,0.025,pre,knn_all,35,0.002042549651320916
9102324,none,random,1,0.025,pre,knn_recent,35,0.002191014738343783
9102324,none,random,1,0.025,pre,linear,35,0.0024543785586123765
9102324,none,random,1,0.025,pre,nonlinear,35,0.001788287973809335
9102324,none,random,1,0.025,pre,zero,35,0.07094360098594409
9102324,sensor,random,1,0.025,counterfactual,action_blind,5,0.07836689466358152
9102324,sensor,random,1,0.025,counterfactual,adaptive_nonlinear,5,0.00052270212334778
9102324,sensor,random,1,0.025,counterfactual,knn_all,5,0.0008609104141778859
9102324,sensor,random,1,0.025,counterfactual,knn_recent,5,0.0009963898380944806
9102324,sensor,random,1,0.025,counterfactual,linear,5,0.0026995999374592786
9102324,sensor,random,1,0.025,counterfactual,nonlinear,5,0.0005123769863734964
9102324,sensor,random,1,0.025,counterfactual,zero,5,0.07660381449639302
9102324,sensor,random,1,0.025,early,action_blind,19,0.09281448015349947
9102324,sensor,random,1,0.025,early,adaptive_nonlinear,19,0.0025970834352930265
9102324,sensor,random,1,0.025,early,knn_all,19,0.0030971107569959756
9102324,sensor,random,1,0.025,early,knn_recent,19,0.003087481290546102
9102324,sensor,random,1,0.025,early,linear,19,0.00371525545932551
9102324,sensor,random,1,0.025,early,nonlinear,19,0.0025842497018436538
9102324,sensor,random,1,0.025,early,zero,19,0.08902480551849337
9102324,sensor,random,1,0.025,late,action_blind,35,0.0753879097640872
9102324,sensor,random,1,0.025,late,adaptive_nonlinear,35,0.0026898737014514544
9102324,sensor,random,1,0.025,late,knn_all,35,0.0029689365993810384
9102324,sensor,random,1,0.025,late,knn_recent,35,0.00388637434045342
9102324,sensor,random,1,0.025,late,linear,35,0.005335169393639045
9102324,sensor,random,1,0.025,late,nonlinear,35,0.002661374169550578
9102324,sensor,random,1,0.025,late,zero,35,0.06846320198626411
9102324,sensor,random,1,0.025,pre,action_blind,35,0.07475841429578008
9102324,sensor,random,1,0.025,pre,adaptive_nonlinear,35,0.001788287973809335
9102324,sensor,random,1,0.025,pre,knn_all,35,0.002042549651320916
9102324,sensor,random,1,0.025,pre,knn_recent,35,0.002191014738343783
9102324,sensor,random,1,0.025,pre,linear,35,0.0024543785586123765
9102324,sensor,random,1,0.025,pre,nonlinear,35,0.001788287973809335
9102324,sensor,random,1,0.025,pre,zero,35,0.07094360098594409
9102324,unknown_nonlinear,random,1,0.025,counterfactual,action_blind,5,0.06052067876536391
9102324,unknown_nonlinear,random,1,0.025,counterfactual,adaptive_nonlinear,5,0.003960366385920546
9102324,unknown_nonlinear,random,1,0.025,counterfactual,knn_all,5,0.0053441673290137905
9102324,unknown_nonlinear,random,1,0.025,counterfactual,knn_recent,5,0.005624428517865046
9102324,unknown_nonlinear,random,1,0.025,counterfactual,linear,5,0.005588426880590111
9102324,unknown_nonlinear,random,1,0.025,counterfactual,nonlinear,5,0.003960366385920546
9102324,unknown_nonlinear,random,1,0.025,counterfactual,zero,5,0.060374240494714404
9102324,unknown_nonlinear,random,1,0.025,early,action_blind,19,0.11405601148278052
9102324,unknown_nonlinear,random,1,0.025,early,adaptive_nonlinear,19,0.010836439017460084
9102324,unknown_nonlinear,random,1,0.025,early,knn_all,19,0.00767411004842708
9102324,unknown_nonlinear,random,1,0.025,early,knn_recent,19,0.007886800615470535
9102324,unknown_nonlinear,random,1,0.025,early,linear,19,0.014832771253081975
9102324,unknown_nonlinear,random,1,0.025,early,nonlinear,19,0.010836439017460084
9102324,unknown_nonlinear,random,1,0.025,early,zero,19,0.10324426116470754
9102324,unknown_nonlinear,random,1,0.025,late,action_blind,35,0.06838679431789761
9102324,unknown_nonlinear,random,1,0.025,late,adaptive_nonlinear,35,0.007653649538910516
9102324,unknown_nonlinear,random,1,0.025,late,knn_all,35,0.006468958399637793
9102324,unknown_nonlinear,random,1,0.025,late,knn_recent,35,0.00776062907245315
9102324,unknown_nonlinear,random,1,0.025,late,linear,35,0.010565575143145664
9102324,unknown_nonlinear,random,1,0.025,late,nonlinear,35,0.007653649538910516
9102324,unknown_nonlinear,random,1,0.025,late,zero,35,0.07735357538321222
9102324,unknown_nonlinear,random,1,0.025,pre,action_blind,35,0.07475841429578008
9102324,unknown_nonlinear,random,1,0.025,pre,adaptive_nonlinear,35,0.001788287973809335
9102324,unknown_nonlinear,random,1,0.025,pre,knn_all,35,0.002042549651320916
9102324,unknown_nonlinear,random,1,0.025,pre,knn_recent,35,0.002191014738343783
9102324,unknown_nonlinear,random,1,0.025,pre,linear,35,0.0024543785586123765
9102324,unknown_nonlinear,random,1,0.025,pre,nonlinear,35,0.001788287973809335
9102324,unknown_nonlinear,random,1,0.025,pre,zero,35,0.07094360098594409
9102425,external,random,1,0.025,counterfactual,action_blind,5,0.06809348117290442
9102425,external,random,1,0.025,counterfactual,adaptive_nonlinear,5,0.02105056563924623
9102425,external,random,1,0.025,counterfactual,knn_all,5,0.01947901546056593
9102425,external,random,1,0.025,counterfactual,knn_recent,5,0.019274220437514304
9102425,external,random,1,0.025,counterfactual,linear,5,0.03439132241314866
9102425,external,random,1,0.025,counterfactual,nonlinear,5,0.02013434267523737
9102425,external,random,1,0.025,counterfactual,zero,5,0.07320628727790815
9102425,external,random,1,0.025,early,action_blind,19,0.06261203610587593
9102425,external,random,1,0.025,early,adaptive_nonlinear,19,0.009955592044218073
9102425,external,random,1,0.025,early,knn_all,19,0.01263630240776223
9102425,external,random,1,0.025,early,knn_recent,19,0.012126622461269271
9102425,external,random,1,0.025,early,linear,19,0.026807398983315717
9102425,external,random,1,0.025,early,nonlinear,19,0.009955592044218073
9102425,external,random,1,0.025,early,zero,19,0.0664497461116486
9102425,external,random,1,0.025,late,action_blind,35,0.05236409235527869
9102425,external,random,1,0.025,late,adaptive_nonlinear,35,0.009686130595793851
9102425,external,random,1,0.025,late,knn_all,35,0.00621970662601617
9102425,external,random,1,0.025,late,knn_recent,35,0.006205243562273523
9102425,external,random,1,0.025,late,linear,35,0.019162443028665137
9102425,external,random,1,0.025,late,nonlinear,35,0.009749997202925718
9102425,external,random,1,0.025,late,zero,35,0.05236383633658673
9102425,external,random,1,0.025,pre,action_blind,35,0.05152392765259569
9102425,external,random,1,0.025,pre,adaptive_nonlinear,35,0.0022916634682387054
9102425,external,random,1,0.025,pre,knn_all,35,0.0028765520623020282
9102425,external,random,1,0.025,pre,knn_recent,35,0.0029233171110772276
9102425,external,random,1,0.025,pre,linear,35,0.0031290357900085834
9102425,external,random,1,0.025,pre,nonlinear,35,0.0022916634682387054
9102425,external,random,1,0.025,pre,zero,35,0.04785416777081519
9102425,motor,random,1,0.025,counterfactual,action_blind,5,0.0294320945002135
9102425,motor,random,1,0.025,counterfactual,adaptive_nonlinear,5,0.00558104529380921
9102425,motor,random,1,0.025,counterfactual,knn_all,5,0.002487936844525104
9102425,motor,random,1,0.025,counterfactual,knn_recent,5,0.0018851280918981352
9102425,motor,random,1,0.025,counterfactual,linear,5,0.02212805518024132
9102425,motor,random,1,0.025,counterfactual,nonlinear,5,0.00558104529380921
9102425,motor,random,1,0.025,counterfactual,zero,5,0.029030346568226346
9102425,motor,random,1,0.025,early,action_blind,19,0.02818065475321686
9102425,motor,random,1,0.025,early,adaptive_nonlinear,19,0.018973336526401183
9102425,motor,random,1,0.025,early,knn_all,19,0.018420407303056278
9102425,motor,random,1,0.025,early,knn_recent,19,0.01819094793496331
9102425,motor,random,1,0.025,early,linear,19,0.04524167622825293
9102425,motor,random,1,0.025,early,nonlinear,19,0.018973336526401183
9102425,motor,random,1,0.025,early,zero,19,0.02772341742121897
9102425,motor,random,1,0.025,late,action_blind,35,0.029017665927414952
9102425,motor,random,1,0.025,late,adaptive_nonlinear,35,0.005969014616389759
9102425,motor,random,1,0.025,late,knn_all,35,0.0040448917845198815
9102425,motor,random,1,0.025,late,knn_recent,35,0.0023322464030054754
9102425,motor,random,1,0.025,late,linear,35,0.01796908280872548
9102425,motor,random,1,0.025,late,nonlinear,35,0.005969014616389759
9102425,motor,random,1,0.025,late,zero,35,0.0279391733238881
9102425,motor,random,1,0.025,pre,action_blind,35,0.05152392765259569
9102425,motor,random,1,0.025,pre,adaptive_nonlinear,35,0.0022916634682387054
9102425,motor,random,1,0.025,pre,knn_all,35,0.0028765520623020282
9102425,motor,random,1,0.025,pre,knn_recent,35,0.0029233171110772276
9102425,motor,random,1,0.025,pre,linear,35,0.0031290357900085834
9102425,motor,random,1,0.025,pre,nonlinear,35,0.0022916634682387054
9102425,motor,random,1,0.025,pre,zero,35,0.04785416777081519
9102425,motor_external,random,1,0.025,counterfactual,action_blind,5,0.030171184390294793
9102425,motor_external,random,1,0.025,counterfactual,adaptive_nonlinear,5,0.0033262065667877794
9102425,motor_external,random,1,0.025,counterfactual,knn_all,5,0.0037607189667278338
9102425,motor_external,random,1,0.025,counterfactual,knn_recent,5,0.005336348375524361
9102425,motor_external,random,1,0.025,counterfactual,linear,5,0.020920872264126197
9102425,motor_external,random,1,0.025,counterfactual,nonlinear,5,0.0031879977601427037
9102425,motor_external,random,1,0.025,counterfactual,zero,5,0.03334818173593445
9102425,motor_external,random,1,0.025,early,action_blind,19,0.06783295062632196
9102425,motor_external,random,1,0.025,early,adaptive_nonlinear,19,0.016249932128712747
9102425,motor_external,random,1,0.025,early,knn_all,19,0.029467732372804523
9102425,motor_external,random,1,0.025,early,knn_recent,19,0.026990908994576405
9102425,motor_external,random,1,0.025,early,linear,19,0.08767554153059909
9102425,motor_external,random,1,0.025,early,nonlinear,19,0.01849068122533755
9102425,motor_external,random,1,0.025,early,zero,19,0.06991328816441147
9102425,motor_external,random,1,0.025,late,action_blind,35,0.021113137705230062
9102425,motor_external,random,1,0.025,late,adaptive_nonlinear,35,0.008450814049369365
9102425,motor_external,random,1,0.025,late,knn_all,35,0.005493916242722858
9102425,motor_external,random,1,0.025,late,knn_recent,35,0.005427664883758013
9102425,motor_external,random,1,0.025,late,linear,35,0.01625750260950256
9102425,motor_external,random,1,0.025,late,nonlinear,35,0.008162538385568177
9102425,motor_external,random,1,0.025,late,zero,35,0.022158300040841006
9102425,motor_external,random,1,0.025,pre,action_blind,35,0.05152392765259569
9102425,motor_external,random,1,0.025,pre,adaptive_nonlinear,35,0.0022916634682387054
9102425,motor_external,random,1,0.025,pre,knn_all,35,0.0028765520623020282
9102425,motor_external,random,1,0.025,pre,knn_recent,35,0.0029233171110772276
9102425,motor_external,random,1,0.025,pre,linear,35,0.0031290357900085834
9102425,motor_external,random,1,0.025,pre,nonlinear,35,0.0022916634682387054
9102425,motor_external,random,1,0.025,pre,zero,35,0.04785416777081519
9102425,none,random,1,0.025,counterfactual,action_blind,5,0.05764069028425574
9102425,none,random,1,0.025,counterfactual,adaptive_nonlinear,5,0.007144742326287476
9102425,none,random,1,0.025,counterfactual,knn_all,5,0.009296272297708871
9102425,none,random,1,0.025,counterfactual,knn_recent,5,0.009424514227512665
9102425,none,random,1,0.025,counterfactual,linear,5,0.011956824190807454
9102425,none,random,1,0.025,counterfactual,nonlinear,5,0.007144742326287476
9102425,none,random,1,0.025,counterfactual,zero,5,0.03855753190691778
9102425,none,random,1,0.025,early,action_blind,19,0.03418779792233048
9102425,none,random,1,0.025,early,adaptive_nonlinear,19,0.0014577754869959875
9102425,none,random,1,0.025,early,knn_all,19,0.0017139259277701255
9102425,none,random,1,0.025,early,knn_recent,19,0.0017193125736322834
9102425,none,random,1,0.025,early,linear,19,0.0031536149454579067
9102425,none,random,1,0.025,early,nonlinear,19,0.0014577754869959875
9102425,none,random,1,0.025,early,zero,19,0.035040941724929775
9102425,none,random,1,0.025,late,action_blind,35,0.04602854575903298
9102425,none,random,1,0.025,late,adaptive_nonlinear,35,0.005430503300946066
9102425,none,random,1,0.025,late,knn_all,35,0.005275805887222643
9102425,none,random,1,0.025,late,knn_recent,35,0.0052930940248947555
9102425,none,random,1,0.025,late,linear,35,0.00872000472614899
9102425,none,random,1,0.025,late,nonlinear,35,0.005430503300946066
9102425,none,random,1,0.025,late,zero,35,0.04430644594653481
9102425,none,random,1,0.025,pre,action_blind,35,0.05152392765259569
9102425,none,random,1,0.025,pre,adaptive_nonlinear,35,0.0022916634682387054
9102425,none,random,1,0.025,pre,knn_all,35,0.0028765520623020282
9102425,none,random,1,0.025,pre,knn_recent,35,0.0029233171110772276
9102425,none,random,1,0.025,pre,linear,35,0.0031290357900085834
9102425,none,random,1,0.025,pre,nonlinear,35,0.0022916634682387054
9102425,none,random,1,0.025,pre,zero,35,0.04785416777081519
9102425,sensor,random,1,0.025,counterfactual,action_blind,5,0.057462349425709824
9102425,sensor,random,1,0.025,counterfactual,adaptive_nonlinear,5,0.007015772295613162
9102425,sensor,random,1,0.025,counterfactual,knn_all,5,0.008152422766247752
9102425,sensor,random,1,0.025,counterfactual,knn_recent,5,0.009424514227512665
9102425,sensor,random,1,0.025,counterfactual,linear,5,0.011556593110688324
9102425,sensor,random,1,0.025,counterfactual,nonlinear,5,0.006950542589521697
9102425,sensor,random,1,0.025,counterfactual,zero,5,0.03855753190691778
9102425,sensor,random,1,0.025,early,action_blind,19,0.03476735634699046
9102425,sensor,random,1,0.025,early,adaptive_nonlinear,19,0.0024885166908385644
9102425,sensor,random,1,0.025,early,knn_all,19,0.004455965938164581
9102425,sensor,random,1,0.025,early,knn_recent,19,0.005013872143165049
9102425,sensor,random,1,0.025,early,linear,19,0.0030776297235940095
9102425,sensor,random,1,0.025,early,nonlinear,19,0.0023532771077939565
9102425,sensor,random,1,0.025,early,zero,19,0.035040941724929775
9102425,sensor,random,1,0.025,late,action_blind,35,0.04671746297771431
9102425,sensor,random,1,0.025,late,adaptive_nonlinear,35,0.005435892414459942
9102425,sensor,random,1,0.025,late,knn_all,35,0.005190108661632166
9102425,sensor,random,1,0.025,late,knn_recent,35,0.0052930940248947555
9102425,sensor,random,1,0.025,late,linear,35,0.00836111081161834
9102425,sensor,random,1,0.025,late,nonlinear,35,0.005411637871266796
9102425,sensor,random,1,0.025,late,zero,35,0.04430644594653481
9102425,sensor,random,1,0.025,pre,action_blind,35,0.05152392765259569
9102425,sensor,random,1,0.025,pre,adaptive_nonlinear,35,0.0022916634682387054
9102425,sensor,random,1,0.025,pre,knn_all,35,0.0028765520623020282
9102425,sensor,random,1,0.025,pre,knn_recent,35,0.0029233171110772276
9102425,sensor,random,1,0.025,pre,linear,35,0.0031290357900085834
9102425,sensor,random,1,0.025,pre,nonlinear,35,0.0022916634682387054
9102425,sensor,random,1,0.025,pre,zero,35,0.04785416777081519
9102425,unknown_nonlinear,random,1,0.025,counterfactual,action_blind,5,0.12121980074225638
9102425,unknown_nonlinear,random,1,0.025,counterfactual,adaptive_nonlinear,5,0.013619715423535506
9102425,unknown_nonlinear,random,1,0.025,counterfactual,knn_all,5,0.01201326250066272
9102425,unknown_nonlinear,random,1,0.025,counterfactual,knn_recent,5,0.012255313191486036
9102425,unknown_nonlinear,random,1,0.025,counterfactual,linear,5,0.050991315628646415
9102425,unknown_nonlinear,random,1,0.025,counterfactual,nonlinear,5,0.013619715423535506
9102425,unknown_nonlinear,random,1,0.025,counterfactual,zero,5,0.09281395999494792
9102425,unknown_nonlinear,random,1,0.025,early,action_blind,19,0.0396850923424218
9102425,unknown_nonlinear,random,1,0.025,early,adaptive_nonlinear,19,0.006726925611332001
9102425,unknown_nonlinear,random,1,0.025,early,knn_all,19,0.003214322626518099
9102425,unknown_nonlinear,random,1,0.025,early,knn_recent,19,0.003153253998315789
9102425,unknown_nonlinear,random,1,0.025,early,linear,19,0.00846098897157574
9102425,unknown_nonlinear,random,1,0.025,early,nonlinear,19,0.006726925611332001
9102425,unknown_nonlinear,random,1,0.025,early,zero,19,0.037753508247128975
9102425,unknown_nonlinear,random,1,0.025,late,action_blind,35,0.08086189946345267
9102425,unknown_nonlinear,random,1,0.025,late,adaptive_nonlinear,35,0.015554275270392609
9102425,unknown_nonlinear,random,1,0.025,late,knn_all,35,0.015507119655196772
9102425,unknown_nonlinear,random,1,0.025,late,knn_recent,35,0.015630573817273972
9102425,unknown_nonlinear,random,1,0.025,late,linear,35,0.03993302710921533
9102425,unknown_nonlinear,random,1,0.025,late,nonlinear,35,0.015440474892150096
9102425,unknown_nonlinear,random,1,0.025,late,zero,35,0.0775959473061188
9102425,unknown_nonlinear,random,1,0.025,pre,action_blind,35,0.05152392765259569
9102425,unknown_nonlinear,random,1,0.025,pre,adaptive_nonlinear,35,0.0022916634682387054
9102425,unknown_nonlinear,random,1,0.025,pre,knn_all,35,0.0028765520623020282
9102425,unknown_nonlinear,random,1,0.025,pre,knn_recent,35,0.0029233171110772276
9102425,unknown_nonlinear,random,1,0.025,pre,linear,35,0.0031290357900085834
9102425,unknown_nonlinear,random,1,0.025,pre,nonlinear,35,0.0022916634682387054
9102425,unknown_nonlinear,random,1,0.025,pre,zero,35,0.04785416777081519
9102526,external,random,1,0.025,counterfactual,action_blind,5,0.021368115014217634
9102526,external,random,1,0.025,counterfactual,adaptive_nonlinear,5,0.001856041422627941
9102526,external,random,1,0.025,counterfactual,knn_all,5,0.0031794216418989094
9102526,external,random,1,0.025,counterfactual,knn_recent,5,0.0031794216418989094
9102526,external,random,1,0.025,counterfactual,linear,5,0.010663505778674118
9102526,external,random,1,0.025,counterfactual,nonlinear,5,0.001856041422627941
9102526,external,random,1,0.025,counterfactual,zero,5,0.026071489617313516
9102526,external,random,1,0.025,early,action_blind,19,0.030541548452340934
9102526,external,random,1,0.025,early,adaptive_nonlinear,19,0.011139324625238863
9102526,external,random,1,0.025,early,knn_all,19,0.013799742456120133
9102526,external,random,1,0.025,early,knn_recent,19,0.013504226867322546
9102526,external,random,1,0.025,early,linear,19,0.025771974592885837
9102526,external,random,1,0.025,early,nonlinear,19,0.011139324625238863
9102526,external,random,1,0.025,early,zero,19,0.030557033754854798
9102526,external,random,1,0.025,late,action_blind,35,0.016784083505434186
9102526,external,random,1,0.025,late,adaptive_nonlinear,35,0.0024114284576415277
9102526,external,random,1,0.025,late,knn_all,35,0.0022556754384592892
9102526,external,random,1,0.025,late,knn_recent,35,0.0022316411924927144
9102526,external,random,1,0.025,late,linear,35,0.013257168058435055
9102526,external,random,1,0.025,late,nonlinear,35,0.0024114284576415277
9102526,external,random,1,0.025,late,zero,35,0.015566565086983064
9102526,external,random,1,0.025,pre,action_blind,35,0.05742248338684306
9102526,external,random,1,0.025,pre,adaptive_nonlinear,35,0.00271963471395351
9102526,external,random,1,0.025,pre,knn_all,35,0.0029867737128502748
9102526,external,random,1,0.025,pre,knn_recent,35,0.0029990984348638706
9102526,external,random,1,0.025,pre,linear,35,0.003362606838960235
9102526,external,random,1,0.025,pre,nonlinear,35,0.00271963471395351
9102526,external,random,1,0.025,pre,zero,35,0.055948507430157966
9102526,motor,random,1,0.025,counterfactual,action_blind,5,0.03364507465494286
9102526,motor,random,1,0.025,counterfactual,adaptive_nonlinear,5,0.010699993385330534
9102526,motor,random,1,0.025,counterfactual,knn_all,5,0.0023503706142763633
9102526,motor,random,1,0.025,counterfactual,knn_recent,5,0.002349367398160371
9102526,motor,random,1,0.025,counterfactual,linear,5,0.025634387393676628
9102526,motor,random,1,0.025,counterfactual,nonlinear,5,0.010334596263513803
9102526,motor,random,1,0.025,counterfactual,zero,5,0.03520983145433528
9102526,motor,random,1,0.025,early,action_blind,19,0.042739760733755496
9102526,motor,random,1,0.025,early,adaptive_nonlinear,19,0.02250787195504729
9102526,motor,random,1,0.025,early,knn_all,19,0.028971943554373228
9102526,motor,random,1,0.025,early,knn_recent,19,0.02731799394678021
9102526,motor,random,1,0.025,early,linear,19,0.06785006628681865
9102526,motor,random,1,0.025,early,nonlinear,19,0.028995791687173027
9102526,motor,random,1,0.025,early,zero,19,0.04425578589602661
9102526,motor,random,1,0.025,late,action_blind,35,0.03736803631371715
9102526,motor,random,1,0.025,late,adaptive_nonlinear,35,0.007220653563378676
9102526,motor,random,1,0.025,late,knn_all,35,0.003177299027603729
9102526,motor,random,1,0.025,late,knn_recent,35,0.003161677970445125
9102526,motor,random,1,0.025,late,linear,35,0.023057473298682376
9102526,motor,random,1,0.025,late,nonlinear,35,0.00754998592960894
9102526,motor,random,1,0.025,late,zero,35,0.03493296084907495
9102526,motor,random,1,0.025,pre,action_blind,35,0.05742248338684306
9102526,motor,random,1,0.025,pre,adaptive_nonlinear,35,0.00271963471395351
9102526,motor,random,1,0.025,pre,knn_all,35,0.0029867737128502748
9102526,motor,random,1,0.025,pre,knn_recent,35,0.0029990984348638706
9102526,motor,random,1,0.025,pre,linear,35,0.003362606838960235
9102526,motor,random,1,0.025,pre,nonlinear,35,0.00271963471395351
9102526,motor,random,1,0.025,pre,zero,35,0.055948507430157966
9102526,motor_external,random,1,0.025,counterfactual,action_blind,5,0.019764555782436903
9102526,motor_external,random,1,0.025,counterfactual,adaptive_nonlinear,5,0.000872819367596684
9102526,motor_external,random,1,0.025,counterfactual,knn_all,5,0.0009064937202527757
9102526,motor_external,random,1,0.025,counterfactual,knn_recent,5,0.0009064937202527757
9102526,motor_external,random,1,0.025,counterfactual,linear,5,0.01864446122420662
9102526,motor_external,random,1,0.025,counterfactual,nonlinear,5,0.0008336388240888174
9102526,motor_external,random,1,0.025,counterfactual,zero,5,0.018759562706076288
9102526,motor_external,random,1,0.025,early,action_blind,19,0.02634261719559049
9102526,motor_external,random,1,0.025,early,adaptive_nonlinear,19,0.0141059985980535
9102526,motor_external,random,1,0.025,early,knn_all,19,0.020124730258392166
9102526,motor_external,random,1,0.025,early,knn_recent,19,0.019335539070745686
9102526,motor_external,random,1,0.025,early,linear,19,0.051633054189528994
9102526,motor_external,random,1,0.025,early,nonlinear,19,0.01383847405195131
9102526,motor_external,random,1,0.025,early,zero,19,0.022973291341698614
9102526,motor_external,random,1,0.025,late,action_blind,35,0.025184484873372097
9102526,motor_external,random,1,0.025,late,adaptive_nonlinear,35,0.0019181772668726278
9102526,motor_external,random,1,0.025,late,knn_all,35,0.001748438364383798
9102526,motor_external,random,1,0.025,late,knn_recent,35,0.0017369599299752612
9102526,motor_external,random,1,0.025,late,linear,35,0.019456215993260344
9102526,motor_external,random,1,0.025,late,nonlinear,35,0.0018991092101764001
9102526,motor_external,random,1,0.025,late,zero,35,0.024031839847593023
9102526,motor_external,random,1,0.025,pre,action_blind,35,0.05742248338684306
9102526,motor_external,random,1,0.025,pre,adaptive_nonlinear,35,0.00271963471395351
9102526,motor_external,random,1,0.025,pre,knn_all,35,0.0029867737128502748
9102526,motor_external,random,1,0.025,pre,knn_recent,35,0.0029990984348638706
9102526,motor_external,random,1,0.025,pre,linear,35,0.003362606838960235
9102526,motor_external,random,1,0.025,pre,nonlinear,35,0.00271963471395351
9102526,motor_external,random,1,0.025,pre,zero,35,0.055948507430157966
9102526,none,random,1,0.025,counterfactual,action_blind,5,0.08734195754905859
9102526,none,random,1,0.025,counterfactual,adaptive_nonlinear,5,0.003609988179204088
9102526,none,random,1,0.025,counterfactual,knn_all,5,0.005905231529942793
9102526,none,random,1,0.025,counterfactual,knn_recent,5,0.005917373149519941
9102526,none,random,1,0.025,counterfactual,linear,5,0.010034771848525833
9102526,none,random,1,0.025,counterfactual,nonlinear,5,0.003609988179204088
9102526,none,random,1,0.025,counterfactual,zero,5,0.08333532126412375
9102526,none,random,1,0.025,early,action_blind,19,0.04470410576657974
9102526,none,random,1,0.025,early,adaptive_nonlinear,19,0.0023406526818647217
9102526,none,random,1,0.025,early,knn_all,19,0.003006950488228409
9102526,none,random,1,0.025,early,knn_recent,19,0.002978677681117074
9102526,none,random,1,0.025,early,linear,19,0.0051159056004794505
9102526,none,random,1,0.025,early,nonlinear,19,0.0023406526818647217
9102526,none,random,1,0.025,early,zero,19,0.04340797750010136
9102526,none,random,1,0.025,late,action_blind,35,0.08984967869487732
9102526,none,random,1,0.025,late,adaptive_nonlinear,35,0.0028578398919835157
9102526,none,random,1,0.025,late,knn_all,35,0.004297582692871256
9102526,none,random,1,0.025,late,knn_recent,35,0.004333947029248668
9102526,none,random,1,0.025,late,linear,35,0.00934523889242163
9102526,none,random,1,0.025,late,nonlinear,35,0.0028578398919835157
9102526,none,random,1,0.025,late,zero,35,0.08347836875501463
9102526,none,random,1,0.025,pre,action_blind,35,0.05742248338684306
9102526,none,random,1,0.025,pre,adaptive_nonlinear,35,0.00271963471395351
9102526,none,random,1,0.025,pre,knn_all,35,0.0029867737128502748
9102526,none,random,1,0.025,pre,knn_recent,35,0.0029990984348638706
9102526,none,random,1,0.025,pre,linear,35,0.003362606838960235
9102526,none,random,1,0.025,pre,nonlinear,35,0.00271963471395351
9102526,none,random,1,0.025,pre,zero,35,0.055948507430157966
9102526,sensor,random,1,0.025,counterfactual,action_blind,5,0.08746282959401622
9102526,sensor,random,1,0.025,counterfactual,adaptive_nonlinear,5,0.003894413551899971
9102526,sensor,random,1,0.025,counterfactual,knn_all,5,0.005905231529942793
9102526,sensor,random,1,0.025,counterfactual,knn_recent,5,0.005917373149519941
9102526,sensor,random,1,0.025,counterfactual,linear,5,0.010055122482598114
9102526,sensor,random,1,0.025,counterfactual,nonlinear,5,0.0038773355522432862
9102526,sensor,random,1,0.025,counterfactual,zero,5,0.08333532126412375
9102526,sensor,random,1,0.025,early,action_blind,19,0.04604308997240536
9102526,sensor,random,1,0.025,early,adaptive_nonlinear,19,0.002701820866013799
9102526,sensor,random,1,0.025,early,knn_all,19,0.003431226004279645
9102526,sensor,random,1,0.025,early,knn_recent,19,0.003409200567679732
9102526,sensor,random,1,0.025,early,linear,19,0.005170853928506482
9102526,sensor,random,1,0.025,early,nonlinear,19,0.0026833581126512246
9102526,sensor,random,1,0.025,early,zero,19,0.04340797750010136
9102526,sensor,random,1,0.025,late,action_blind,35,0.08891668145069453
9102526,sensor,random,1,0.025,late,adaptive_nonlinear,35,0.0029011130866585387
9102526,sensor,random,1,0.025,late,knn_all,35,0.0042983699652144065
9102526,sensor,random,1,0.025,late,knn_recent,35,0.004333947029248668
9102526,sensor,random,1,0.025,late,linear,35,0.00940364134891851
9102526,sensor,random,1,0.025,late,nonlinear,35,0.002909340264358341
9102526,sensor,random,1,0.025,late,zero,35,0.08347836875501463
9102526,sensor,random,1,0.025,pre,action_blind,35,0.05742248338684306
9102526,sensor,random,1,0.025,pre,adaptive_nonlinear,35,0.00271963471395351
9102526,sensor,random,1,0.025,pre,knn_all,35,0.0029867737128502748
9102526,sensor,random,1,0.025,pre,knn_recent,35,0.0029990984348638706
9102526,sensor,random,1,0.025,pre,linear,35,0.003362606838960235
9102526,sensor,random,1,0.025,pre,nonlinear,35,0.00271963471395351
9102526,sensor,random,1,0.025,pre,zero,35,0.055948507430157966
9102526,unknown_nonlinear,random,1,0.025,counterfactual,action_blind,5,0.023126474837597076
9102526,unknown_nonlinear,random,1,0.025,counterfactual,adaptive_nonlinear,5,0.0012140100632750711
9102526,unknown_nonlinear,random,1,0.025,counterfactual,knn_all,5,0.0015570433832527864
9102526,unknown_nonlinear,random,1,0.025,counterfactual,knn_recent,5,0.0015555561807320188
9102526,unknown_nonlinear,random,1,0.025,counterfactual,linear,5,0.009161529525305438
9102526,unknown_nonlinear,random,1,0.025,counterfactual,nonlinear,5,0.0012140100632750711
9102526,unknown_nonlinear,random,1,0.025,counterfactual,zero,5,0.025083012912395713
9102526,unknown_nonlinear,random,1,0.025,early,action_blind,19,0.049833974165964065
9102526,unknown_nonlinear,random,1,0.025,early,adaptive_nonlinear,19,0.009955610408529197
9102526,unknown_nonlinear,random,1,0.025,early,knn_all,19,0.00723141196149114
9102526,unknown_nonlinear,random,1,0.025,early,knn_recent,19,0.006944365665095008
9102526,unknown_nonlinear,random,1,0.025,early,linear,19,0.017114811682716377
9102526,unknown_nonlinear,random,1,0.025,early,nonlinear,19,0.009955610408529197
9102526,unknown_nonlinear,random,1,0.025,early,zero,19,0.045702679056025895
9102526,unknown_nonlinear,random,1,0.025,late,action_blind,35,0.021068885748356976
9102526,unknown_nonlinear,random,1,0.025,late,adaptive_nonlinear,35,0.0046529793740256
9102526,unknown_nonlinear,random,1,0.025,late,knn_all,35,0.0049065105534855736
9102526,unknown_nonlinear,random,1,0.025,late,knn_recent,35,0.004913686831295093
9102526,unknown_nonlinear,random,1,0.025,late,linear,35,0.012612163127701028
9102526,unknown_nonlinear,random,1,0.025,late,nonlinear,35,0.0046529793740256
9102526,unknown_nonlinear,random,1,0.025,late,zero,35,0.020554116234602942
9102526,unknown_nonlinear,random,1,0.025,pre,action_blind,35,0.05742248338684306
9102526,unknown_nonlinear,random,1,0.025,pre,adaptive_nonlinear,35,0.00271963471395351
9102526,unknown_nonlinear,random,1,0.025,pre,knn_all,35,0.0029867737128502748
9102526,unknown_nonlinear,random,1,0.025,pre,knn_recent,35,0.0029990984348638706
9102526,unknown_nonlinear,random,1,0.025,pre,linear,35,0.003362606838960235
9102526,unknown_nonlinear,random,1,0.025,pre,nonlinear,35,0.00271963471395351
9102526,unknown_nonlinear,random,1,0.025,pre,zero,35,0.055948507430157966
9102627,external,random,1,0.025,counterfactual,action_blind,5,0.034489005630185046
9102627,external,random,1,0.025,counterfactual,adaptive_nonlinear,5,0.007551871931914793
9102627,external,random,1,0.025,counterfactual,knn_all,5,0.02588239196368112
9102627,external,random,1,0.025,counterfactual,knn_recent,5,0.02620671238144573
9102627,external,random,1,0.025,counterfactual,linear,5,0.030788917099047085
9102627,external,random,1,0.025,counterfactual,nonlinear,5,0.007551871931914793
9102627,external,random,1,0.025,counterfactual,zero,5,0.037080087570290236
9102627,external,random,1,0.025,early,action_blind,19,0.12272790107543653
9102627,external,random,1,0.025,early,adaptive_nonlinear,19,0.009594267219022781
9102627,external,random,1,0.025,early,knn_all,19,0.013838534877676337
9102627,external,random,1,0.025,early,knn_recent,19,0.013927128941236301
9102627,external,random,1,0.025,early,linear,19,0.0339576908190907
9102627,external,random,1,0.025,early,nonlinear,19,0.009594267219022781
9102627,external,random,1,0.025,early,zero,19,0.1266376226940392
9102627,external,random,1,0.025,late,action_blind,35,0.03622575922294011
9102627,external,random,1,0.025,late,adaptive_nonlinear,35,0.0070864798535762415
9102627,external,random,1,0.025,late,knn_all,35,0.006314735169461057
9102627,external,random,1,0.025,late,knn_recent,35,0.006150870179674415
9102627,external,random,1,0.025,late,linear,35,0.018011080371970783
9102627,external,random,1,0.025,late,nonlinear,35,0.0070864798535762415
9102627,external,random,1,0.025,late,zero,35,0.03305437528226941
9102627,external,random,1,0.025,pre,action_blind,35,0.04513174955366355
9102627,external,random,1,0.025,pre,adaptive_nonlinear,35,0.001859775702642311
9102627,external,random,1,0.025,pre,knn_all,35,0.0023575403042314625
9102627,external,random,1,0.025,pre,knn_recent,35,0.0023754719980270734
9102627,external,random,1,0.025,pre,linear,35,0.002156791611881071
9102627,external,random,1,0.025,pre,nonlinear,35,0.001859775702642311
9102627,external,random,1,0.025,pre,zero,35,0.045584138219514736
9102627,motor,random,1,0.025,counterfactual,action_blind,5,0.034517059358424126
9102627,motor,random,1,0.025,counterfactual,adaptive_nonlinear,5,0.02553915061922603
9102627,motor,random,1,0.025,counterfactual,knn_all,5,0.025490162137731236
9102627,motor,random,1,0.025,counterfactual,knn_recent,5,0.003828979129009616
9102627,motor,random,1,0.025,counterfactual,linear,5,0.017789595304862262
9102627,motor,random,1,0.025,counterfactual,nonlinear,5,0.029263066283188387
9102627,motor,random,1,0.025,counterfactual,zero,5,0.029996586393034475
9102627,motor,random,1,0.025,early,action_blind,19,0.06349321713445452
9102627,motor,random,1,0.025,early,adaptive_nonlinear,19,0.04142419936265916
9102627,motor,random,1,0.025,early,knn_all,19,0.05916212127356654
9102627,motor,random,1,0.025,early,knn_recent,19,0.044154699993038185
9102627,motor,random,1,0.025,early,linear,19,0.06432354976352368
9102627,motor,random,1,0.025,early,nonlinear,19,0.04672053365646677
9102627,motor,random,1,0.025,early,zero,19,0.06180821480603127
9102627,motor,random,1,0.025,late,action_blind,35,0.037140230521005076
9102627,motor,random,1,0.025,late,adaptive_nonlinear,35,0.014546115209367974
9102627,motor,random,1,0.025,late,knn_all,35,0.029571618544501986
9102627,motor,random,1,0.025,late,knn_recent,35,0.003046114759208072
9102627,motor,random,1,0.025,late,linear,35,0.01858056730279971
9102627,motor,random,1,0.025,late,nonlinear,35,0.018005561084126265
9102627,motor,random,1,0.025,late,zero,35,0.037867116280851
9102627,motor,random,1,0.025,pre,action_blind,35,0.04513174955366355
9102627,motor,random,1,0.025,pre,adaptive_nonlinear,35,0.001859775702642311
9102627,motor,random,1,0.025,pre,knn_all,35,0.0023575403042314625
9102627,motor,random,1,0.025,pre,knn_recent,35,0.0023754719980270734
9102627,motor,random,1,0.025,pre,linear,35,0.002156791611881071
9102627,motor,random,1,0.025,pre,nonlinear,35,0.001859775702642311
9102627,motor,random,1,0.025,pre,zero,35,0.045584138219514736
9102627,motor_external,random,1,0.025,counterfactual,action_blind,5,0.03646586979897215
9102627,motor_external,random,1,0.025,counterfactual,adaptive_nonlinear,5,0.023423835342626136
9102627,motor_external,random,1,0.025,counterfactual,knn_all,5,0.013343114073428008
9102627,motor_external,random,1,0.025,counterfactual,knn_recent,5,0.013410993800625095
9102627,motor_external,random,1,0.025,counterfactual,linear,5,0.03414863010132839
9102627,motor_external,random,1,0.025,counterfactual,nonlinear,5,0.0244188538634447
9102627,motor_external,random,1,0.025,counterfactual,zero,5,0.03822777443374227
9102627,motor_external,random,1,0.025,early,action_blind,19,0.1285465033075924
9102627,motor_external,random,1,0.025,early,adaptive_nonlinear,19,0.01924514417875096
9102627,motor_external,random,1,0.025,early,knn_all,19,0.04072422968460553
9102627,motor_external,random,1,0.025,early,knn_recent,19,0.032392752614834895
9102627,motor_external,random,1,0.025,early,linear,19,0.10847741697695279
9102627,motor_external,random,1,0.025,early,nonlinear,19,0.02172502327073501
9102627,motor_external,random,1,0.025,early,zero,19,0.12610882441579138
9102627,motor_external,random,1,0.025,late,action_blind,35,0.03446160529770553
9102627,motor_external,random,1,0.025,late,adaptive_nonlinear,35,0.013842337869355554
9102627,motor_external,random,1,0.025,late,knn_all,35,0.005644335554959617
9102627,motor_external,random,1,0.025,late,knn_recent,35,0.005644278914121601
9102627,motor_external,random,1,0.025,late,linear,35,0.023672895521386784
9102627,motor_external,random,1,0.025,late,nonlinear,35,0.015152266380222096
9102627,motor_external,random,1,0.025,late,zero,35,0.030381503583551992
9102627,motor_external,random,1,0.025,pre,action_blind,35,0.04513174955366355
9102627,motor_external,random,1,0.025,pre,adaptive_nonlinear,35,0.001859775702642311
9102627,motor_external,random,1,0.025,pre,knn_all,35,0.0023575403042314625
9102627,motor_external,random,1,0.025,pre,knn_recent,35,0.0023754719980270734
9102627,motor_external,random,1,0.025,pre,linear,35,0.002156791611881071
9102627,motor_external,random,1,0.025,pre,nonlinear,35,0.001859775702642311
9102627,motor_external,random,1,0.025,pre,zero,35,0.045584138219514736
9102627,none,random,1,0.025,counterfactual,action_blind,5,0.04366064020799747
9102627,none,random,1,0.025,counterfactual,adaptive_nonlinear,5,0.0016075146169727897
9102627,none,random,1,0.025,counterfactual,knn_all,5,0.0017659808907639178
9102627,none,random,1,0.025,counterfactual,knn_recent,5,0.006358882800267407
9102627,none,random,1,0.025,counterfactual,linear,5,0.003941023736613601
9102627,none,random,1,0.025,counterfactual,nonlinear,5,0.0016075146169727897
9102627,none,random,1,0.025,counterfactual,zero,5,0.034281045827201775
9102627,none,random,1,0.025,early,action_blind,19,0.06425283407590406
9102627,none,random,1,0.025,early,adaptive_nonlinear,19,0.0019233636787075203
9102627,none,random,1,0.025,early,knn_all,19,0.0025006215028193193
9102627,none,random,1,0.025,early,knn_recent,19,0.0024285808058000916
9102627,none,random,1,0.025,early,linear,19,0.003897206554297957
9102627,none,random,1,0.025,early,nonlinear,19,0.0019233636787075203
9102627,none,random,1,0.025,early,zero,19,0.05984557976629558
9102627,none,random,1,0.025,late,action_blind,35,0.037574892775337446
9102627,none,random,1,0.025,late,adaptive_nonlinear,35,0.0020577049990477972
9102627,none,random,1,0.025,late,knn_all,35,0.0026851105820596623
9102627,none,random,1,0.025,late,knn_recent,35,0.003998160979801245
9102627,none,random,1,0.025,late,linear,35,0.004417004009814733
9102627,none,random,1,0.025,late,nonlinear,35,0.0020577049990477972
9102627,none,random,1,0.025,late,zero,35,0.03299785817548287
9102627,none,random,1,0.025,pre,action_blind,35,0.04513174955366355
9102627,none,random,1,0.025,pre,adaptive_nonlinear,35,0.001859775702642311
9102627,none,random,1,0.025,pre,knn_all,35,0.0023575403042314625
9102627,none,random,1,0.025,pre,knn_recent,35,0.0023754719980270734
9102627,none,random,1,0.025,pre,linear,35,0.002156791611881071
9102627,none,random,1,0.025,pre,nonlinear,35,0.001859775702642311
9102627,none,random,1,0.025,pre,zero,35,0.045584138219514736
9102627,sensor,random,1,0.025,counterfactual,action_blind,5,0.04030456092154937
9102627,sensor,random,1,0.025,counterfactual,adaptive_nonlinear,5,0.001714602743830136
9102627,sensor,random,1,0.025,counterfactual,knn_all,5,0.0017771917000174464
9102627,sensor,random,1,0.025,counterfactual,knn_recent,5,0.006358882800267407
9102627,sensor,random,1,0.025,counterfactual,linear,5,0.0037297014135972183
9102627,sensor,random,1,0.025,counterfactual,nonlinear,5,0.0016852841305893492
9102627,sensor,random,1,0.025,counterfactual,zero,5,0.034281045827201775
9102627,sensor,random,1,0.025,early,action_blind,19,0.06442030721001459
9102627,sensor,random,1,0.025,early,adaptive_nonlinear,19,0.0032681209907868235
9102627,sensor,random,1,0.025,early,knn_all,19,0.003216950817112854
9102627,sensor,random,1,0.025,early,knn_recent,19,0.0032266820623990697
9102627,sensor,random,1,0.025,early,linear,19,0.004530461228710191
9102627,sensor,random,1,0.025,early,nonlinear,19,0.003182235834056883
9102627,sensor,random,1,0.025,early,zero,19,0.05984557976629558
9102627,sensor,random,1,0.025,late,action_blind,35,0.03742687579176051
9102627,sensor,random,1,0.025,late,adaptive_nonlinear,35,0.002102105341060344
9102627,sensor,random,1,0.025,late,knn_all,35,0.0029339714832682462
9102627,sensor,random,1,0.025,late,knn_recent,35,0.003998160979801245
9102627,sensor,random,1,0.025,late,linear,35,0.0043468424487037
9102627,sensor,random,1,0.025,late,nonlinear,35,0.0020987472459175517
9102627,sensor,random,1,0.025,late,zero,35,0.03299785817548287
9102627,sensor,random,1,0.025,pre,action_blind,35,0.04513174955366355
9102627,sensor,random,1,0.025,pre,adaptive_nonlinear,35,0.001859775702642311
9102627,sensor,random,1,0.025,pre,knn_all,35,0.0023575403042314625
9102627,sensor,random,1,0.025,pre,knn_recent,35,0.0023754719980270734
9102627,sensor,random,1,0.025,pre,linear,35,0.002156791611881071
9102627,sensor,random,1,0.025,pre,nonlinear,35,0.001859775702642311
9102627,sensor,random,1,0.025,pre,zero,35,0.045584138219514736
9102627,unknown_nonlinear,random,1,0.025,counterfactual,action_blind,5,0.05273001148326478
9102627,unknown_nonlinear,random,1,0.025,counterfactual,adaptive_nonlinear,5,0.008695668772980785
9102627,unknown_nonlinear,random,1,0.025,counterfactual,knn_all,5,0.008474351002989402
9102627,unknown_nonlinear,random,1,0.025,counterfactual,knn_recent,5,0.008484891002406587
9102627,unknown_nonlinear,random,1,0.025,counterfactual,linear,5,0.00973443482008068
9102627,unknown_nonlinear,random,1,0.025,counterfactual,nonlinear,5,0.008695668772980785
9102627,unknown_nonlinear,random,1,0.025,counterfactual,zero,5,0.041555210402994494
9102627,unknown_nonlinear,random,1,0.025,early,action_blind,19,0.07638145690984717
9102627,unknown_nonlinear,random,1,0.025,early,adaptive_nonlinear,19,0.009286392245127168
9102627,unknown_nonlinear,random,1,0.025,early,knn_all,19,0.006072952301973032
9102627,unknown_nonlinear,random,1,0.025,early,knn_recent,19,0.005667431718716681
9102627,unknown_nonlinear,random,1,0.025,early,linear,19,0.018947200025222998
9102627,unknown_nonlinear,random,1,0.025,early,nonlinear,19,0.009286392245127168
9102627,unknown_nonlinear,random,1,0.025,early,zero,19,0.07520164741826803
9102627,unknown_nonlinear,random,1,0.025,late,action_blind,35,0.043586943425376584
9102627,unknown_nonlinear,random,1,0.025,late,adaptive_nonlinear,35,0.01224956968394295
9102627,unknown_nonlinear,random,1,0.025,late,knn_all,35,0.008493844076501814
9102627,unknown_nonlinear,random,1,0.025,late,knn_recent,35,0.00808659545991674
9102627,unknown_nonlinear,random,1,0.025,late,linear,35,0.02031045857811144
9102627,unknown_nonlinear,random,1,0.025,late,nonlinear,35,0.01224956968394295
9102627,unknown_nonlinear,random,1,0.025,late,zero,35,0.038096055513420116
9102627,unknown_nonlinear,random,1,0.025,pre,action_blind,35,0.04513174955366355
9102627,unknown_nonlinear,random,1,0.025,pre,adaptive_nonlinear,35,0.001859775702642311
9102627,unknown_nonlinear,random,1,0.025,pre,knn_all,35,0.0023575403042314625
9102627,unknown_nonlinear,random,1,0.025,pre,knn_recent,35,0.0023754719980270734
9102627,unknown_nonlinear,random,1,0.025,pre,linear,35,0.002156791611881071
9102627,unknown_nonlinear,random,1,0.025,pre,nonlinear,35,0.001859775702642311
9102627,unknown_nonlinear,random,1,0.025,pre,zero,35,0.045584138219514736
9102728,external,random,1,0.025,counterfactual,action_blind,5,0.03813549278670938
9102728,external,random,1,0.025,counterfactual,adaptive_nonlinear,5,0.011098010836818755
9102728,external,random,1,0.025,counterfactual,knn_all,5,0.014657516837779019
9102728,external,random,1,0.025,counterfactual,knn_recent,5,0.014615090295666655
9102728,external,random,1,0.025,counterfactual,linear,5,0.04346191395866873
9102728,external,random,1,0.025,counterfactual,nonlinear,5,0.011665735636097756
9102728,external,random,1,0.025,counterfactual,zero,5,0.0397973865646931
9102728,external,random,1,0.025,early,action_blind,19,0.07380029265302937
9102728,external,random,1,0.025,early,adaptive_nonlinear,19,0.004377617029253344
9102728,external,random,1,0.025,early,knn_all,19,0.010538320787046012
9102728,external,random,1,0.025,early,knn_recent,19,0.009683347852093831
9102728,external,random,1,0.025,early,linear,19,0.0293561125697731
9102728,external,random,1,0.025,early,nonlinear,19,0.004377617029253344
9102728,external,random,1,0.025,early,zero,19,0.0756198947846224
9102728,external,random,1,0.025,late,action_blind,35,0.036327703867188976
9102728,external,random,1,0.025,late,adaptive_nonlinear,35,0.018886423271234912
9102728,external,random,1,0.025,late,knn_all,35,0.013561169890584472
9102728,external,random,1,0.025,late,knn_recent,35,0.013530119515520241
9102728,external,random,1,0.025,late,linear,35,0.0400226010100931
9102728,external,random,1,0.025,late,nonlinear,35,0.019408238294818064
9102728,external,random,1,0.025,late,zero,35,0.03668491152726267
9102728,external,random,1,0.025,pre,action_blind,35,0.03221892555850388
9102728,external,random,1,0.025,pre,adaptive_nonlinear,35,0.002634395931469217
9102728,external,random,1,0.025,pre,knn_all,35,0.0028062551552950777
9102728,external,random,1,0.025,pre,knn_recent,35,0.002849531250443001
9102728,external,random,1,0.025,pre,linear,35,0.002660673129985927
9102728,external,random,1,0.025,pre,nonlinear,35,0.002634395931469217
9102728,external,random,1,0.025,pre,zero,35,0.03140581383872439
9102728,motor,random,1,0.025,counterfactual,action_blind,5,0.07721779667669992
9102728,motor,random,1,0.025,counterfactual,adaptive_nonlinear,5,0.011826241668332418
9102728,motor,random,1,0.025,counterfactual,knn_all,5,0.0026314221775351225
9102728,motor,random,1,0.025,counterfactual,knn_recent,5,0.0016535142621697315
9102728,motor,random,1,0.025,counterfactual,linear,5,0.03378806139891888
9102728,motor,random,1,0.025,counterfactual,nonlinear,5,0.01041701935418309
9102728,motor,random,1,0.025,counterfactual,zero,5,0.06800470551366969
9102728,motor,random,1,0.025,early,action_blind,19,0.058833557446324625
9102728,motor,random,1,0.025,early,adaptive_nonlinear,19,0.02900440103622288
9102728,motor,random,1,0.025,early,knn_all,19,0.0372454099380075
9102728,motor,random,1,0.025,early,knn_recent,19,0.03427247826839826
9102728,motor,random,1,0.025,early,linear,19,0.06684824196532561
9102728,motor,random,1,0.025,early,nonlinear,19,0.03439034447248706
9102728,motor,random,1,0.025,early,zero,19,0.06035798536953528
9102728,motor,random,1,0.025,late,action_blind,35,0.07491068854682813
9102728,motor,random,1,0.025,late,adaptive_nonlinear,35,0.006029450346853383
9102728,motor,random,1,0.025,late,knn_all,35,0.003963768800473404
9102728,motor,random,1,0.025,late,knn_recent,35,0.002961715645846267
9102728,motor,random,1,0.025,late,linear,35,0.028534298009565563
9102728,motor,random,1,0.025,late,nonlinear,35,0.006807962162574142
9102728,motor,random,1,0.025,late,zero,35,0.0670945694072338
9102728,motor,random,1,0.025,pre,action_blind,35,0.03221892555850388
9102728,motor,random,1,0.025,pre,adaptive_nonlinear,35,0.002634395931469217
9102728,motor,random,1,0.025,pre,knn_all,35,0.0028062551552950777
9102728,motor,random,1,0.025,pre,knn_recent,35,0.002849531250443001
9102728,motor,random,1,0.025,pre,linear,35,0.002660673129985927
9102728,motor,random,1,0.025,pre,nonlinear,35,0.002634395931469217
9102728,motor,random,1,0.025,pre,zero,35,0.03140581383872439
9102728,motor_external,random,1,0.025,counterfactual,action_blind,5,0.026918181857123007
9102728,motor_external,random,1,0.025,counterfactual,adaptive_nonlinear,5,0.014604024124348696
9102728,motor_external,random,1,0.025,counterfactual,knn_all,5,0.011318561315344441
9102728,motor_external,random,1,0.025,counterfactual,knn_recent,5,0.011200186386447963
9102728,motor_external,random,1,0.025,counterfactual,linear,5,0.0361167018569958
9102728,motor_external,random,1,0.025,counterfactual,nonlinear,5,0.01800976216102714
9102728,motor_external,random,1,0.025,counterfactual,zero,5,0.021326407594863078
9102728,motor_external,random,1,0.025,early,action_blind,19,0.07824001458270931
9102728,motor_external,random,1,0.025,early,adaptive_nonlinear,19,0.01903160876539958
9102728,motor_external,random,1,0.025,early,knn_all,19,0.0330760972459403
9102728,motor_external,random,1,0.025,early,knn_recent,19,0.030351981224018693
9102728,motor_external,random,1,0.025,early,linear,19,0.0961374504006423
9102728,motor_external,random,1,0.025,early,nonlinear,19,0.019482161542160804
9102728,motor_external,random,1,0.025,early,zero,19,0.09623779039770798
9102728,motor_external,random,1,0.025,late,action_blind,35,0.02885946786206518
9102728,motor_external,random,1,0.025,late,adaptive_nonlinear,35,0.020005824146846724
9102728,motor_external,random,1,0.025,late,knn_all,35,0.011460100770747243
9102728,motor_external,random,1,0.025,late,knn_recent,35,0.01148157612706596
9102728,motor_external,random,1,0.025,late,linear,35,0.032472668624782576
9102728,motor_external,random,1,0.025,late,nonlinear,35,0.02166520341438334
9102728,motor_external,random,1,0.025,late,zero,35,0.027065556794094718
9102728,motor_external,random,1,0.025,pre,action_blind,35,0.03221892555850388
9102728,motor_external,random,1,0.025,pre,adaptive_nonlinear,35,0.002634395931469217
9102728,motor_external,random,1,0.025,pre,knn_all,35,0.0028062551552950777
9102728,motor_external,random,1,0.025,pre,knn_recent,35,0.002849531250443001
9102728,motor_external,random,1,0.025,pre,linear,35,0.002660673129985927
9102728,motor_external,random,1,0.025,pre,nonlinear,35,0.002634395931469217
9102728,motor_external,random,1,0.025,pre,zero,35,0.03140581383872439
9102728,none,random,1,0.025,counterfactual,action_blind,5,0.07312707325681356
9102728,none,random,1,0.025,counterfactual,adaptive_nonlinear,5,0.0005652954090269605
9102728,none,random,1,0.025,counterfactual,knn_all,5,0.00071492871355934
9102728,none,random,1,0.025,counterfactual,knn_recent,5,0.0012427317066798587
9102728,none,random,1,0.025,counterfactual,linear,5,0.0031054733390937237
9102728,none,random,1,0.025,counterfactual,nonlinear,5,0.0005652954090269605
9102728,none,random,1,0.025,counterfactual,zero,5,0.07270321211455219
9102728,none,random,1,0.025,early,action_blind,19,0.05163363036880314
9102728,none,random,1,0.025,early,adaptive_nonlinear,19,0.0016631479037668125
9102728,none,random,1,0.025,early,knn_all,19,0.0017100060519710306
9102728,none,random,1,0.025,early,knn_recent,19,0.001754360152854814
9102728,none,random,1,0.025,early,linear,19,0.0023354067083070293
9102728,none,random,1,0.025,early,nonlinear,19,0.0016631479037668125
9102728,none,random,1,0.025,early,zero,19,0.05057822288795159
9102728,none,random,1,0.025,late,action_blind,35,0.07210646306472906
9102728,none,random,1,0.025,late,adaptive_nonlinear,35,0.0014755635232213827
9102728,none,random,1,0.025,late,knn_all,35,0.00193621745624061
9102728,none,random,1,0.025,late,knn_recent,35,0.0021116621221441245
9102728,none,random,1,0.025,late,linear,35,0.004134677726343787
9102728,none,random,1,0.025,late,nonlinear,35,0.0014755635232213827
9102728,none,random,1,0.025,late,zero,35,0.07121537929824091
9102728,none,random,1,0.025,pre,action_blind,35,0.03221892555850388
9102728,none,random,1,0.025,pre,adaptive_nonlinear,35,0.002634395931469217
9102728,none,random,1,0.025,pre,knn_all,35,0.0028062551552950777
9102728,none,random,1,0.025,pre,knn_recent,35,0.002849531250443001
9102728,none,random,1,0.025,pre,linear,35,0.002660673129985927
9102728,none,random,1,0.025,pre,nonlinear,35,0.002634395931469217
9102728,none,random,1,0.025,pre,zero,35,0.03140581383872439
9102728,sensor,random,1,0.025,counterfactual,action_blind,5,0.0731288820142416
9102728,sensor,random,1,0.025,counterfactual,adaptive_nonlinear,5,0.001153865812098412
9102728,sensor,random,1,0.025,counterfactual,knn_all,5,0.0016974603736130364
9102728,sensor,random,1,0.025,counterfactual,knn_recent,5,0.0012427317066798587
9102728,sensor,random,1,0.025,counterfactual,linear,5,0.0031926618629230753
9102728,sensor,random,1,0.025,counterfactual,nonlinear,5,0.0011221526275232928
9102728,sensor,random,1,0.025,counterfactual,zero,5,0.07270321211455219
9102728,sensor,random,1,0.025,early,action_blind,19,0.05296009506104479
9102728,sensor,random,1,0.025,early,adaptive_nonlinear,19,0.002360061767596077
9102728,sensor,random,1,0.025,early,knn_all,19,0.002564454332757857
9102728,sensor,random,1,0.025,early,knn_recent,19,0.0038574036024437495
9102728,sensor,random,1,0.025,early,linear,19,0.0023700667183197896
9102728,sensor,random,1,0.025,early,nonlinear,19,0.0022751881536473458
9102728,sensor,random,1,0.025,early,zero,19,0.05057822288795159
9102728,sensor,random,1,0.025,late,action_blind,35,0.07170347774273853
9102728,sensor,random,1,0.025,late,adaptive_nonlinear,35,0.0018595401897398536
9102728,sensor,random,1,0.025,late,knn_all,35,0.0023023489095532683
9102728,sensor,random,1,0.025,late,knn_recent,35,0.0021116621221441245
9102728,sensor,random,1,0.025,late,linear,35,0.0043003203947570776
9102728,sensor,random,1,0.025,late,nonlinear,35,0.001848972803464373
9102728,sensor,random,1,0.025,late,zero,35,0.07121537929824091
9102728,sensor,random,1,0.025,pre,action_blind,35,0.03221892555850388
9102728,sensor,random,1,0.025,pre,adaptive_nonlinear,35,0.002634395931469217
9102728,sensor,random,1,0.025,pre,knn_all,35,0.0028062551552950777
9102728,sensor,random,1,0.025,pre,knn_recent,35,0.002849531250443001
9102728,sensor,random,1,0.025,pre,linear,35,0.002660673129985927
9102728,sensor,random,1,0.025,pre,nonlinear,35,0.002634395931469217
9102728,sensor,random,1,0.025,pre,zero,35,0.03140581383872439
9102728,unknown_nonlinear,random,1,0.025,counterfactual,action_blind,5,0.06235361947357421
9102728,unknown_nonlinear,random,1,0.025,counterfactual,adaptive_nonlinear,5,0.007721307781236744
9102728,unknown_nonlinear,random,1,0.025,counterfactual,knn_all,5,0.0019000667463741187
9102728,unknown_nonlinear,random,1,0.025,counterfactual,knn_recent,5,0.001931940659913758
9102728,unknown_nonlinear,random,1,0.025,counterfactual,linear,5,0.01094566832632835
9102728,unknown_nonlinear,random,1,0.025,counterfactual,nonlinear,5,0.007721307781236744
9102728,unknown_nonlinear,random,1,0.025,counterfactual,zero,5,0.06380456458770882
9102728,unknown_nonlinear,random,1,0.025,early,action_blind,19,0.061689169072102555
9102728,unknown_nonlinear,random,1,0.025,early,adaptive_nonlinear,19,0.006842447689931735
9102728,unknown_nonlinear,random,1,0.025,early,knn_all,19,0.0043331918460550985
9102728,unknown_nonlinear,random,1,0.025,early,knn_recent,19,0.004319850675218465
9102728,unknown_nonlinear,random,1,0.025,early,linear,19,0.009022205086822863
9102728,unknown_nonlinear,random,1,0.025,early,nonlinear,19,0.006842447689931735
9102728,unknown_nonlinear,random,1,0.025,early,zero,19,0.05607545155591151
9102728,unknown_nonlinear,random,1,0.025,late,action_blind,35,0.06170344095843893
9102728,unknown_nonlinear,random,1,0.025,late,adaptive_nonlinear,35,0.009519406027822513
9102728,unknown_nonlinear,random,1,0.025,late,knn_all,35,0.004746579068275371
9102728,unknown_nonlinear,random,1,0.025,late,knn_recent,35,0.004636094669054313
9102728,unknown_nonlinear,random,1,0.025,late,linear,35,0.01678585519715139
9102728,unknown_nonlinear,random,1,0.025,late,nonlinear,35,0.009519406027822513
9102728,unknown_nonlinear,random,1,0.025,late,zero,35,0.05327264380853225
9102728,unknown_nonlinear,random,1,0.025,pre,action_blind,35,0.03221892555850388
9102728,unknown_nonlinear,random,1,0.025,pre,adaptive_nonlinear,35,0.002634395931469217
9102728,unknown_nonlinear,random,1,0.025,pre,knn_all,35,0.0028062551552950777
9102728,unknown_nonlinear,random,1,0.025,pre,knn_recent,35,0.002849531250443001
9102728,unknown_nonlinear,random,1,0.025,pre,linear,35,0.002660673129985927
9102728,unknown_nonlinear,random,1,0.025,pre,nonlinear,35,0.002634395931469217
9102728,unknown_nonlinear,random,1,0.025,pre,zero,35,0.03140581383872439
9102829,external,random,1,0.025,counterfactual,action_blind,5,0.02013359922867515
9102829,external,random,1,0.025,counterfactual,adaptive_nonlinear,5,0.0043207652335766535
9102829,external,random,1,0.025,counterfactual,knn_all,5,0.0032005533172946342
9102829,external,random,1,0.025,counterfactual,knn_recent,5,0.0031304379011630246
9102829,external,random,1,0.025,counterfactual,linear,5,0.017413958574189647
9102829,external,random,1,0.025,counterfactual,nonlinear,5,0.004374816109706819
9102829,external,random,1,0.025,counterfactual,zero,5,0.01672380111107867
9102829,external,random,1,0.025,early,action_blind,19,0.07064571248056263
9102829,external,random,1,0.025,early,adaptive_nonlinear,19,0.016907080711573794
9102829,external,random,1,0.025,early,knn_all,19,0.02116621586739007
9102829,external,random,1,0.025,early,knn_recent,19,0.02108518499786403
9102829,external,random,1,0.025,early,linear,19,0.03691345855845432
9102829,external,random,1,0.025,early,nonlinear,19,0.016901196486833248
9102829,external,random,1,0.025,early,zero,19,0.07436609799168292
9102829,external,random,1,0.025,late,action_blind,35,0.024685222791021987
9102829,external,random,1,0.025,late,adaptive_nonlinear,35,0.0032451740543787432
9102829,external,random,1,0.025,late,knn_all,35,0.0026063534381996745
9102829,external,random,1,0.025,late,knn_recent,35,0.002616539547538018
9102829,external,random,1,0.025,late,linear,35,0.013070058715344687
9102829,external,random,1,0.025,late,nonlinear,35,0.003299685834760842
9102829,external,random,1,0.025,late,zero,35,0.024437811461345244
9102829,external,random,1,0.025,pre,action_blind,35,0.06627502233192797
9102829,external,random,1,0.025,pre,adaptive_nonlinear,35,0.0018483063871439483
9102829,external,random,1,0.025,pre,knn_all,35,0.0025730578808138755
9102829,external,random,1,0.025,pre,knn_recent,35,0.0025197412158246206
9102829,external,random,1,0.025,pre,linear,35,0.00384302408872703
9102829,external,random,1,0.025,pre,nonlinear,35,0.0018483063871439483
9102829,external,random,1,0.025,pre,zero,35,0.05831466526166093
9102829,motor,random,1,0.025,counterfactual,action_blind,5,0.03400754171034555
9102829,motor,random,1,0.025,counterfactual,adaptive_nonlinear,5,0.010129156095219574
9102829,motor,random,1,0.025,counterfactual,knn_all,5,0.01533747014718032
9102829,motor,random,1,0.025,counterfactual,knn_recent,5,0.003446553520296541
9102829,motor,random,1,0.025,counterfactual,linear,5,0.026652372884357494
9102829,motor,random,1,0.025,counterfactual,nonlinear,5,0.011425888560576473
9102829,motor,random,1,0.025,counterfactual,zero,5,0.03335185729242081
9102829,motor,random,1,0.025,early,action_blind,19,0.03466525956041353
9102829,motor,random,1,0.025,early,adaptive_nonlinear,19,0.018000659783128335
9102829,motor,random,1,0.025,early,knn_all,19,0.020802286414271145
9102829,motor,random,1,0.025,early,knn_recent,19,0.018463980471609635
9102829,motor,random,1,0.025,early,linear,19,0.044431805368013416
9102829,motor,random,1,0.025,early,nonlinear,19,0.03191832679108006
9102829,motor,random,1,0.025,early,zero,19,0.02979909812242309
9102829,motor,random,1,0.025,late,action_blind,35,0.028588725131111773
9102829,motor,random,1,0.025,late,adaptive_nonlinear,35,0.003935337375409062
9102829,motor,random,1,0.025,late,knn_all,35,0.005020057514406741
9102829,motor,random,1,0.025,late,knn_recent,35,0.0017780277445523201
9102829,motor,random,1,0.025,late,linear,35,0.019403100749127714
9102829,motor,random,1,0.025,late,nonlinear,35,0.004715144256520834
9102829,motor,random,1,0.025,late,zero,35,0.0278573997538486
9102829,motor,random,1,0.025,pre,action_blind,35,0.06627502233192797
9102829,motor,random,1,0.025,pre,adaptive_nonlinear,35,0.0018483063871439483
9102829,motor,random,1,0.025,pre,knn_all,35,0.0025730578808138755
9102829,motor,random,1,0.025,pre,knn_recent,35,0.0025197412158246206
9102829,motor,random,1,0.025,pre,linear,35,0.00384302408872703
9102829,motor,random,1,0.025,pre,nonlinear,35,0.0018483063871439483
9102829,motor,random,1,0.025,pre,zero,35,0.05831466526166093
9102829,motor_external,random,1,0.025,counterfactual,action_blind,5,0.02407147555398516
9102829,motor_external,random,1,0.025,counterfactual,adaptive_nonlinear,5,0.006980909475361069
9102829,motor_external,random,1,0.025,counterfactual,knn_all,5,0.0043066794769388034
9102829,motor_external,random,1,0.025,counterfactual,knn_recent,5,0.00428383489365451
9102829,motor_external,random,1,0.025,counterfactual,linear,5,0.02195226589853445
9102829,motor_external,random,1,0.025,counterfactual,nonlinear,5,0.009366890681605278
9102829,motor_external,random,1,0.025,counterfactual,zero,5,0.022830942590717097
9102829,motor_external,random,1,0.025,early,action_blind,19,0.09149982644826753
9102829,motor_external,random,1,0.025,early,adaptive_nonlinear,19,0.029203602570580897
9102829,motor_external,random,1,0.025,early,knn_all,19,0.04538301045196456
9102829,motor_external,random,1,0.025,early,knn_recent,19,0.025855085738051037
9102829,motor_external,random,1,0.025,early,linear,19,0.08168755068693309
9102829,motor_external,random,1,0.025,early,nonlinear,19,0.029652880963117478
9102829,motor_external,random,1,0.025,early,zero,19,0.0837299851630058
9102829,motor_external,random,1,0.025,late,action_blind,35,0.020998019565077717
9102829,motor_external,random,1,0.025,late,adaptive_nonlinear,35,0.006782953571787341
9102829,motor_external,random,1,0.025,late,knn_all,35,0.0046100733841988525
9102829,motor_external,random,1,0.025,late,knn_recent,35,0.0045701854789020465
9102829,motor_external,random,1,0.025,late,linear,35,0.018011509740980803
9102829,motor_external,random,1,0.025,late,nonlinear,35,0.008195356095583244
9102829,motor_external,random,1,0.025,late,zero,35,0.017456183054474397
9102829,motor_external,random,1,0.025,pre,action_blind,35,0.06627502233192797
9102829,motor_external,random,1,0.025,pre,adaptive_nonlinear,35,0.0018483063871439483
9102829,motor_external,random,1,0.025,pre,knn_all,35,0.0025730578808138755
9102829,motor_external,random,1,0.025,pre,knn_recent,35,0.0025197412158246206
9102829,motor_external,random,1,0.025,pre,linear,35,0.00384302408872703
9102829,motor_external,random,1,0.025,pre,nonlinear,35,0.0018483063871439483
9102829,motor_external,random,1,0.025,pre,zero,35,0.05831466526166093
9102829,none,random,1,0.025,counterfactual,action_blind,5,0.08610954894135633
9102829,none,random,1,0.025,counterfactual,adaptive_nonlinear,5,0.006841140275487108
9102829,none,random,1,0.025,counterfactual,knn_all,5,0.004114744196295122
9102829,none,random,1,0.025,counterfactual,knn_recent,5,0.004087783672010251
9102829,none,random,1,0.025,counterfactual,linear,5,0.012351432167772392
9102829,none,random,1,0.025,counterfactual,nonlinear,5,0.006841140275487108
9102829,none,random,1,0.025,counterfactual,zero,5,0.08593079363731906
9102829,none,random,1,0.025,early,action_blind,19,0.07035992757175535
9102829,none,random,1,0.025,early,adaptive_nonlinear,19,0.002404129225990329
9102829,none,random,1,0.025,early,knn_all,19,0.0035223296618132048
9102829,none,random,1,0.025,early,knn_recent,19,0.004572605914885722
9102829,none,random,1,0.025,early,linear,19,0.006227177228547013
9102829,none,random,1,0.025,early,nonlinear,19,0.002404129225990329
9102829,none,random,1,0.025,early,zero,19,0.06287454056624424
9102829,none,random,1,0.025,late,action_blind,35,0.08972323896159759
9102829,none,random,1,0.025,late,adaptive_nonlinear,35,0.002370623981324265
9102829,none,random,1,0.025,late,knn_all,35,0.002345417187965377
9102829,none,random,1,0.025,late,knn_recent,35,0.0023526475889733053
9102829,none,random,1,0.025,late,linear,35,0.009352051378439991
9102829,none,random,1,0.025,late,nonlinear,35,0.002370623981324265
9102829,none,random,1,0.025,late,zero,35,0.09073982825674361
9102829,none,random,1,0.025,pre,action_blind,35,0.06627502233192797
9102829,none,random,1,0.025,pre,adaptive_nonlinear,35,0.0018483063871439483
9102829,none,random,1,0.025,pre,knn_all,35,0.0025730578808138755
9102829,none,random,1,0.025,pre,knn_recent,35,0.0025197412158246206
9102829,none,random,1,0.025,pre,linear,35,0.00384302408872703
9102829,none,random,1,0.025,pre,nonlinear,35,0.0018483063871439483
9102829,none,random,1,0.025,pre,zero,35,0.05831466526166093
9102829,sensor,random,1,0.025,counterfactual,action_blind,5,0.09215744860904371
9102829,sensor,random,1,0.025,counterfactual,adaptive_nonlinear,5,0.00665607809434921
9102829,sensor,random,1,0.025,counterfactual,knn_all,5,0.00412799361830869
9102829,sensor,random,1,0.025,counterfactual,knn_recent,5,0.004087783672010251
9102829,sensor,random,1,0.025,counterfactual,linear,5,0.012769092860464164
9102829,sensor,random,1,0.025,counterfactual,nonlinear,5,0.0065960664627560586
9102829,sensor,random,1,0.025,counterfactual,zero,5,0.08593079363731906
9102829,sensor,random,1,0.025,early,action_blind,19,0.06497944090553971
9102829,sensor,random,1,0.025,early,adaptive_nonlinear,19,0.002656003319037464
9102829,sensor,random,1,0.025,early,knn_all,19,0.003642388066552288
9102829,sensor,random,1,0.025,early,knn_recent,19,0.0046948094981525005
9102829,sensor,random,1,0.025,early,linear,19,0.006462304255138
9102829,sensor,random,1,0.025,early,nonlinear,19,0.0026772341221935184
9102829,sensor,random,1,0.025,early,zero,19,0.06287454056624424
9102829,sensor,random,1,0.025,late,action_blind,35,0.09117769874888015
9102829,sensor,random,1,0.025,late,adaptive_nonlinear,35,0.002265837648164519
9102829,sensor,random,1,0.025,late,knn_all,35,0.0023476201643401577
9102829,sensor,random,1,0.025,late,knn_recent,35,0.0023526475889733053
9102829,sensor,random,1,0.025,late,linear,35,0.009504413118045268
9102829,sensor,random,1,0.025,late,nonlinear,35,0.0022527497768371867
9102829,sensor,random,1,0.025,late,zero,35,0.09073982825674361
9102829,sensor,random,1,0.025,pre,action_blind,35,0.06627502233192797
9102829,sensor,random,1,0.025,pre,adaptive_nonlinear,35,0.0018483063871439483
9102829,sensor,random,1,0.025,pre,knn_all,35,0.0025730578808138755
9102829,sensor,random,1,0.025,pre,knn_recent,35,0.0025197412158246206
9102829,sensor,random,1,0.025,pre,linear,35,0.00384302408872703
9102829,sensor,random,1,0.025,pre,nonlinear,35,0.0018483063871439483
9102829,sensor,random,1,0.025,pre,zero,35,0.05831466526166093
9102829,unknown_nonlinear,random,1,0.025,counterfactual,action_blind,5,0.09081621547400365
9102829,unknown_nonlinear,random,1,0.025,counterfactual,adaptive_nonlinear,5,0.0053209817572312055
9102829,unknown_nonlinear,random,1,0.025,counterfactual,knn_all,5,0.007232014523201653
9102829,unknown_nonlinear,random,1,0.025,counterfactual,knn_recent,5,0.0073336639291578815
9102829,unknown_nonlinear,random,1,0.025,counterfactual,linear,5,0.014451572749211336
9102829,unknown_nonlinear,random,1,0.025,counterfactual,nonlinear,5,0.0053209817572312055
9102829,unknown_nonlinear,random,1,0.025,counterfactual,zero,5,0.09001807564443058
9102829,unknown_nonlinear,random,1,0.025,early,action_blind,19,0.0831720584693903
9102829,unknown_nonlinear,random,1,0.025,early,adaptive_nonlinear,19,0.00853103033445179
9102829,unknown_nonlinear,random,1,0.025,early,knn_all,19,0.007026189999072704
9102829,unknown_nonlinear,random,1,0.025,early,knn_recent,19,0.007844060553606445
9102829,unknown_nonlinear,random,1,0.025,early,linear,19,0.015482589401919232
9102829,unknown_nonlinear,random,1,0.025,early,nonlinear,19,0.00853103033445179
9102829,unknown_nonlinear,random,1,0.025,early,zero,19,0.07626072386897985
9102829,unknown_nonlinear,random,1,0.025,late,action_blind,35,0.08200691577535212
9102829,unknown_nonlinear,random,1,0.025,late,adaptive_nonlinear,35,0.00714246515156778
9102829,unknown_nonlinear,random,1,0.025,late,knn_all,35,0.004384390326584135
9102829,unknown_nonlinear,random,1,0.025,late,knn_recent,35,0.004550182095521802
9102829,unknown_nonlinear,random,1,0.025,late,linear,35,0.015181443020473665
9102829,unknown_nonlinear,random,1,0.025,late,nonlinear,35,0.00714246515156778
9102829,unknown_nonlinear,random,1,0.025,late,zero,35,0.08255025844473464
9102829,unknown_nonlinear,random,1,0.025,pre,action_blind,35,0.06627502233192797
9102829,unknown_nonlinear,random,1,0.025,pre,adaptive_nonlinear,35,0.0018483063871439483
9102829,unknown_nonlinear,random,1,0.025,pre,knn_all,35,0.0025730578808138755
9102829,unknown_nonlinear,random,1,0.025,pre,knn_recent,35,0.0025197412158246206
9102829,unknown_nonlinear,random,1,0.025,pre,linear,35,0.00384302408872703
9102829,unknown_nonlinear,random,1,0.025,pre,nonlinear,35,0.0018483063871439483
9102829,unknown_nonlinear,random,1,0.025,pre,zero,35,0.05831466526166093
9102930,external,random,1,0.025,counterfactual,action_blind,5,0.017418564728841616
9102930,external,random,1,0.025,counterfactual,adaptive_nonlinear,5,0.003266194691876484
9102930,external,random,1,0.025,counterfactual,knn_all,5,0.002206268188988351
9102930,external,random,1,0.025,counterfactual,knn_recent,5,0.0018758326354161889
9102930,external,random,1,0.025,counterfactual,linear,5,0.006307637522642169
9102930,external,random,1,0.025,counterfactual,nonlinear,5,0.003266194691876484
9102930,external,random,1,0.025,counterfactual,zero,5,0.020997074428915446
9102930,external,random,1,0.025,early,action_blind,19,0.023443814624634067
9102930,external,random,1,0.025,early,adaptive_nonlinear,19,0.008129898529774818
9102930,external,random,1,0.025,early,knn_all,19,0.005396678753882271
9102930,external,random,1,0.025,early,knn_recent,19,0.005378945870360553
9102930,external,random,1,0.025,early,linear,19,0.010693903731134916
9102930,external,random,1,0.025,early,nonlinear,19,0.008129898529774818
9102930,external,random,1,0.025,early,zero,19,0.022462350369564076
9102930,external,random,1,0.025,late,action_blind,35,0.01655433803009069
9102930,external,random,1,0.025,late,adaptive_nonlinear,35,0.0034085305958581544
9102930,external,random,1,0.025,late,knn_all,35,0.002767869718320738
9102930,external,random,1,0.025,late,knn_recent,35,0.003023471353359317
9102930,external,random,1,0.025,late,linear,35,0.004915928308336884
9102930,external,random,1,0.025,late,nonlinear,35,0.0034085305958581544
9102930,external,random,1,0.025,late,zero,35,0.01605106449422683
9102930,external,random,1,0.025,pre,action_blind,35,0.022215390971434917
9102930,external,random,1,0.025,pre,adaptive_nonlinear,35,0.0037993560408939205
9102930,external,random,1,0.025,pre,knn_all,35,0.005201990876980899
9102930,external,random,1,0.025,pre,knn_recent,35,0.005051896378904236
9102930,external,random,1,0.025,pre,linear,35,0.008202918041697371
9102930,external,random,1,0.025,pre,nonlinear,35,0.0037993560408939205
9102930,external,random,1,0.025,pre,zero,35,0.02179710830047062
9102930,motor,random,1,0.025,counterfactual,action_blind,5,0.05845393592280986
9102930,motor,random,1,0.025,counterfactual,adaptive_nonlinear,5,0.009587228349448805
9102930,motor,random,1,0.025,counterfactual,knn_all,5,0.005474168969526046
9102930,motor,random,1,0.025,counterfactual,knn_recent,5,0.004497983900039279
9102930,motor,random,1,0.025,counterfactual,linear,5,0.03126121763685135
9102930,motor,random,1,0.025,counterfactual,nonlinear,5,0.009587228349448805
9102930,motor,random,1,0.025,counterfactual,zero,5,0.05878720329676135
9102930,motor,random,1,0.025,early,action_blind,19,0.04788143422725992
9102930,motor,random,1,0.025,early,adaptive_nonlinear,19,0.012059460474542996
9102930,motor,random,1,0.025,early,knn_all,19,0.01063159002610885
9102930,motor,random,1,0.025,early,knn_recent,19,0.010541245690586433
9102930,motor,random,1,0.025,early,linear,19,0.04253668797742473
9102930,motor,random,1,0.025,early,nonlinear,19,0.012059460474542996
9102930,motor,random,1,0.025,early,zero,19,0.04541882420243124
9102930,motor,random,1,0.025,late,action_blind,35,0.036972546024313754
9102930,motor,random,1,0.025,late,adaptive_nonlinear,35,0.008334106380662282
9102930,motor,random,1,0.025,late,knn_all,35,0.004568941762240765
9102930,motor,random,1,0.025,late,knn_recent,35,0.0042855384794569865
9102930,motor,random,1,0.025,late,linear,35,0.018702973297955346
9102930,motor,random,1,0.025,late,nonlinear,35,0.008334106380662282
9102930,motor,random,1,0.025,late,zero,35,0.03589025924440182
9102930,motor,random,1,0.025,pre,action_blind,35,0.022215390971434917
9102930,motor,random,1,0.025,pre,adaptive_nonlinear,35,0.0037993560408939205
9102930,motor,random,1,0.025,pre,knn_all,35,0.005201990876980899
9102930,motor,random,1,0.025,pre,knn_recent,35,0.005051896378904236
9102930,motor,random,1,0.025,pre,linear,35,0.008202918041697371
9102930,motor,random,1,0.025,pre,nonlinear,35,0.0037993560408939205
9102930,motor,random,1,0.025,pre,zero,35,0.02179710830047062
9102930,motor_external,random,1,0.025,counterfactual,action_blind,5,0.044785567264680894
9102930,motor_external,random,1,0.025,counterfactual,adaptive_nonlinear,5,0.005716114850455568
9102930,motor_external,random,1,0.025,counterfactual,knn_all,5,0.001780545058143266
9102930,motor_external,random,1,0.025,counterfactual,knn_recent,5,0.0017848722956362248
9102930,motor_external,random,1,0.025,counterfactual,linear,5,0.020823033054525753
9102930,motor_external,random,1,0.025,counterfactual,nonlinear,5,0.005959878004491728
9102930,motor_external,random,1,0.025,counterfactual,zero,5,0.048576814490606746
9102930,motor_external,random,1,0.025,early,action_blind,19,0.03963316387065174
9102930,motor_external,random,1,0.025,early,adaptive_nonlinear,19,0.011354203054085452
9102930,motor_external,random,1,0.025,early,knn_all,19,0.007326929893572673
9102930,motor_external,random,1,0.025,early,knn_recent,19,0.007269369304960469
9102930,motor_external,random,1,0.025,early,linear,19,0.03704156874653074
9102930,motor_external,random,1,0.025,early,nonlinear,19,0.012102354348272391
9102930,motor_external,random,1,0.025,early,zero,19,0.0364596391581162
9102930,motor_external,random,1,0.025,late,action_blind,35,0.03150487562119959
9102930,motor_external,random,1,0.025,late,adaptive_nonlinear,35,0.005802795022959029
9102930,motor_external,random,1,0.025,late,knn_all,35,0.003237169275612573
9102930,motor_external,random,1,0.025,late,knn_recent,35,0.003238003858004677
9102930,motor_external,random,1,0.025,late,linear,35,0.014808072413458691
9102930,motor_external,random,1,0.025,late,nonlinear,35,0.005982624265043345
9102930,motor_external,random,1,0.025,late,zero,35,0.031602254875664475
9102930,motor_external,random,1,0.025,pre,action_blind,35,0.022215390971434917
9102930,motor_external,random,1,0.025,pre,adaptive_nonlinear,35,0.0037993560408939205
9102930,motor_external,random,1,0.025,pre,knn_all,35,0.005201990876980899
9102930,motor_external,random,1,0.025,pre,knn_recent,35,0.005051896378904236
9102930,motor_external,random,1,0.025,pre,linear,35,0.008202918041697371
9102930,motor_external,random,1,0.025,pre,nonlinear,35,0.0037993560408939205
9102930,motor_external,random,1,0.025,pre,zero,35,0.02179710830047062
9102930,none,random,1,0.025,counterfactual,action_blind,5,0.02370936712780284
9102930,none,random,1,0.025,counterfactual,adaptive_nonlinear,5,0.007005704775905533
9102930,none,random,1,0.025,counterfactual,knn_all,5,0.008525193900330666
9102930,none,random,1,0.025,counterfactual,knn_recent,5,0.008351294056865452
9102930,none,random,1,0.025,counterfactual,linear,5,0.01008122507009161
9102930,none,random,1,0.025,counterfactual,nonlinear,5,0.007005704775905533
9102930,none,random,1,0.025,counterfactual,zero,5,0.025555683323445794
9102930,none,random,1,0.025,early,action_blind,19,0.041576438463421864
9102930,none,random,1,0.025,early,adaptive_nonlinear,19,0.0017422883276625156
9102930,none,random,1,0.025,early,knn_all,19,0.002058867589655991
9102930,none,random,1,0.025,early,knn_recent,19,0.0020827458608015177
9102930,none,random,1,0.025,early,linear,19,0.005991678173678034
9102930,none,random,1,0.025,early,nonlinear,19,0.0017422883276625156
9102930,none,random,1,0.025,early,zero,19,0.03971925070193633
9102930,none,random,1,0.025,late,action_blind,35,0.020501074686271915
9102930,none,random,1,0.025,late,adaptive_nonlinear,35,0.004275566648324949
9102930,none,random,1,0.025,late,knn_all,35,0.003878207635168448
9102930,none,random,1,0.025,late,knn_recent,35,0.003877788709547551
9102930,none,random,1,0.025,late,linear,35,0.007314511955754972
9102930,none,random,1,0.025,late,nonlinear,35,0.004275566648324949
9102930,none,random,1,0.025,late,zero,35,0.019687342530722986
9102930,none,random,1,0.025,pre,action_blind,35,0.022215390971434917
9102930,none,random,1,0.025,pre,adaptive_nonlinear,35,0.0037993560408939205
9102930,none,random,1,0.025,pre,knn_all,35,0.005201990876980899
9102930,none,random,1,0.025,pre,knn_recent,35,0.005051896378904236
9102930,none,random,1,0.025,pre,linear,35,0.008202918041697371
9102930,none,random,1,0.025,pre,nonlinear,35,0.0037993560408939205
9102930,none,random,1,0.025,pre,zero,35,0.02179710830047062
9102930,sensor,random,1,0.025,counterfactual,action_blind,5,0.02395455142112405
9102930,sensor,random,1,0.025,counterfactual,adaptive_nonlinear,5,0.006988409993524701
9102930,sensor,random,1,0.025,counterfactual,knn_all,5,0.008572024897963878
9102930,sensor,random,1,0.025,counterfactual,knn_recent,5,0.008351294056865452
9102930,sensor,random,1,0.025,counterfactual,linear,5,0.009775069786405386
9102930,sensor,random,1,0.025,counterfactual,nonlinear,5,0.006984033210656387
9102930,sensor,random,1,0.025,counterfactual,zero,5,0.025555683323445794
9102930,sensor,random,1,0.025,early,action_blind,19,0.03998592344895539
9102930,sensor,random,1,0.025,early,adaptive_nonlinear,19,0.0020090275986913366
9102930,sensor,random,1,0.025,early,knn_all,19,0.0021004337106606736
9102930,sensor,random,1,0.025,early,knn_recent,19,0.0021947039997858007
9102930,sensor,random,1,0.025,early,linear,19,0.005363887204297434
9102930,sensor,random,1,0.025,early,nonlinear,19,0.001964877845917682
9102930,sensor,random,1,0.025,early,zero,19,0.03971925070193633
9102930,sensor,random,1,0.025,late,action_blind,35,0.020275605385740345
9102930,sensor,random,1,0.025,late,adaptive_nonlinear,35,0.004276696141220174
9102930,sensor,random,1,0.025,late,knn_all,35,0.0038336957658071267
9102930,sensor,random,1,0.025,late,knn_recent,35,0.003877788709547551
9102930,sensor,random,1,0.025,late,linear,35,0.007246163453334003
9102930,sensor,random,1,0.025,late,nonlinear,35,0.004297083653710759
9102930,sensor,random,1,0.025,late,zero,35,0.019687342530722986
9102930,sensor,random,1,0.025,pre,action_blind,35,0.022215390971434917
9102930,sensor,random,1,0.025,pre,adaptive_nonlinear,35,0.0037993560408939205
9102930,sensor,random,1,0.025,pre,knn_all,35,0.005201990876980899
9102930,sensor,random,1,0.025,pre,knn_recent,35,0.005051896378904236
9102930,sensor,random,1,0.025,pre,linear,35,0.008202918041697371
9102930,sensor,random,1,0.025,pre,nonlinear,35,0.0037993560408939205
9102930,sensor,random,1,0.025,pre,zero,35,0.02179710830047062
9102930,unknown_nonlinear,random,1,0.025,counterfactual,action_blind,5,0.016782805231719634
9102930,unknown_nonlinear,random,1,0.025,counterfactual,adaptive_nonlinear,5,0.004770335988423462
9102930,unknown_nonlinear,random,1,0.025,counterfactual,knn_all,5,0.0015238937942035902
9102930,unknown_nonlinear,random,1,0.025,counterfactual,knn_recent,5,0.0015872415801261198
9102930,unknown_nonlinear,random,1,0.025,counterfactual,linear,5,0.008397700445807173
9102930,unknown_nonlinear,random,1,0.025,counterfactual,nonlinear,5,0.004770335988423462
9102930,unknown_nonlinear,random,1,0.025,counterfactual,zero,5,0.016663564003229946
9102930,unknown_nonlinear,random,1,0.025,early,action_blind,19,0.03939846977404413
9102930,unknown_nonlinear,random,1,0.025,early,adaptive_nonlinear,19,0.014056190853180583
9102930,unknown_nonlinear,random,1,0.025,early,knn_all,19,0.012850144937282792
9102930,unknown_nonlinear,random,1,0.025,early,knn_recent,19,0.013625874318172564
9102930,unknown_nonlinear,random,1,0.025,early,linear,19,0.017779020541559505
9102930,unknown_nonlinear,random,1,0.025,early,nonlinear,19,0.014056190853180583
9102930,unknown_nonlinear,random,1,0.025,early,zero,19,0.03728223602181493
9102930,unknown_nonlinear,random,1,0.025,late,action_blind,35,0.021387667633875854
9102930,unknown_nonlinear,random,1,0.025,late,adaptive_nonlinear,35,0.006440614810229781
9102930,unknown_nonlinear,random,1,0.025,late,knn_all,35,0.0038387638382779096
9102930,unknown_nonlinear,random,1,0.025,late,knn_recent,35,0.004202069491119206
9102930,unknown_nonlinear,random,1,0.025,late,linear,35,0.012200631069739742
9102930,unknown_nonlinear,random,1,0.025,late,nonlinear,35,0.006440614810229781
9102930,unknown_nonlinear,random,1,0.025,late,zero,35,0.02084014103094447
9102930,unknown_nonlinear,random,1,0.025,pre,action_blind,35,0.022215390971434917
9102930,unknown_nonlinear,random,1,0.025,pre,adaptive_nonlinear,35,0.0037993560408939205
9102930,unknown_nonlinear,random,1,0.025,pre,knn_all,35,0.005201990876980899
9102930,unknown_nonlinear,random,1,0.025,pre,knn_recent,35,0.005051896378904236
9102930,unknown_nonlinear,random,1,0.025,pre,linear,35,0.008202918041697371
9102930,unknown_nonlinear,random,1,0.025,pre,nonlinear,35,0.0037993560408939205
9102930,unknown_nonlinear,random,1,0.025,pre,zero,35,0.02179710830047062
9103031,external,random,1,0.025,counterfactual,action_blind,5,0.0184727614707624
9103031,external,random,1,0.025,counterfactual,adaptive_nonlinear,5,0.0019264691405239717
9103031,external,random,1,0.025,counterfactual,knn_all,5,0.0009369813096675103
9103031,external,random,1,0.025,counterfactual,knn_recent,5,0.0009302920179008689
9103031,external,random,1,0.025,counterfactual,linear,5,0.026715409322233735
9103031,external,random,1,0.025,counterfactual,nonlinear,5,0.0019264691405239717
9103031,external,random,1,0.025,counterfactual,zero,5,0.01903197572897042
9103031,external,random,1,0.025,early,action_blind,19,0.04481190193963097
9103031,external,random,1,0.025,early,adaptive_nonlinear,19,0.0063170075908522095
9103031,external,random,1,0.025,early,knn_all,19,0.012344175591476292
9103031,external,random,1,0.025,early,knn_recent,19,0.011160105442635637
9103031,external,random,1,0.025,early,linear,19,0.04032189260754808
9103031,external,random,1,0.025,early,nonlinear,19,0.0063170075908522095
9103031,external,random,1,0.025,early,zero,19,0.05431796693486418
9103031,external,random,1,0.025,late,action_blind,35,0.020978612824469493
9103031,external,random,1,0.025,late,adaptive_nonlinear,35,0.0032304288396996462
9103031,external,random,1,0.025,late,knn_all,35,0.0023419198140477507
9103031,external,random,1,0.025,late,knn_recent,35,0.0023485490913174195
9103031,external,random,1,0.025,late,linear,35,0.021186732989536338
9103031,external,random,1,0.025,late,nonlinear,35,0.0032304288396996462
9103031,external,random,1,0.025,late,zero,35,0.019581666033223533
9103031,external,random,1,0.025,pre,action_blind,35,0.10235854003821365
9103031,external,random,1,0.025,pre,adaptive_nonlinear,35,0.0020203627821658516
9103031,external,random,1,0.025,pre,knn_all,35,0.003019132141557339
9103031,external,random,1,0.025,pre,knn_recent,35,0.0031695377525782884
9103031,external,random,1,0.025,pre,linear,35,0.004603506982390732
9103031,external,random,1,0.025,pre,nonlinear,35,0.0020203627821658516
9103031,external,random,1,0.025,pre,zero,35,0.092435944762269
9103031,motor,random,1,0.025,counterfactual,action_blind,5,0.09019327511566391
9103031,motor,random,1,0.025,counterfactual,adaptive_nonlinear,5,0.011944797964198567
9103031,motor,random,1,0.025,counterfactual,knn_all,5,0.020161493125232903
9103031,motor,random,1,0.025,counterfactual,knn_recent,5,0.0015731460497276466
9103031,motor,random,1,0.025,counterfactual,linear,5,0.05286491698110207
9103031,motor,random,1,0.025,counterfactual,nonlinear,5,0.045431375124355605
9103031,motor,random,1,0.025,counterfactual,zero,5,0.09038466552456538
9103031,motor,random,1,0.025,early,action_blind,19,0.08087818899211127
9103031,motor,random,1,0.025,early,adaptive_nonlinear,19,0.05647436738731493
9103031,motor,random,1,0.025,early,knn_all,19,0.06323881560259041
9103031,motor,random,1,0.025,early,knn_recent,19,0.04196969610422616
9103031,motor,random,1,0.025,early,linear,19,0.10419253452384174
9103031,motor,random,1,0.025,early,nonlinear,19,0.09087027037568611
9103031,motor,random,1,0.025,early,zero,19,0.08568747094865485
9103031,motor,random,1,0.025,late,action_blind,35,0.07300535134595497
9103031,motor,random,1,0.025,late,adaptive_nonlinear,35,0.009720288681502019
9103031,motor,random,1,0.025,late,knn_all,35,0.026930510002205463
9103031,motor,random,1,0.025,late,knn_recent,35,0.002216994419109807
9103031,motor,random,1,0.025,late,linear,35,0.03444995500249966
9103031,motor,random,1,0.025,late,nonlinear,35,0.026484049075750343
9103031,motor,random,1,0.025,late,zero,35,0.0650086821828942
9103031,motor,random,1,0.025,pre,action_blind,35,0.10235854003821365
9103031,motor,random,1,0.025,pre,adaptive_nonlinear,35,0.0020203627821658516
9103031,motor,random,1,0.025,pre,knn_all,35,0.003019132141557339
9103031,motor,random,1,0.025,pre,knn_recent,35,0.0031695377525782884
9103031,motor,random,1,0.025,pre,linear,35,0.004603506982390732
9103031,motor,random,1,0.025,pre,nonlinear,35,0.0020203627821658516
9103031,motor,random,1,0.025,pre,zero,35,0.092435944762269
9103031,motor_external,random,1,0.025,counterfactual,action_blind,5,0.02842946715159016
9103031,motor_external,random,1,0.025,counterfactual,adaptive_nonlinear,5,0.012802780124830165
9103031,motor_external,random,1,0.025,counterfactual,knn_all,5,0.003977433946112732
9103031,motor_external,random,1,0.025,counterfactual,knn_recent,5,0.004062267368865958
9103031,motor_external,random,1,0.025,counterfactual,linear,5,0.03253037514461114
9103031,motor_external,random,1,0.025,counterfactual,nonlinear,5,0.016121528601398948
9103031,motor_external,random,1,0.025,counterfactual,zero,5,0.028230378043183773
9103031,motor_external,random,1,0.025,early,action_blind,19,0.09148941890700758
9103031,motor_external,random,1,0.025,early,adaptive_nonlinear,19,0.022517738533186935
9103031,motor_external,random,1,0.025,early,knn_all,19,0.05447377065655231
9103031,motor_external,random,1,0.025,early,knn_recent,19,0.020510175320299112
9103031,motor_external,random,1,0.025,early,linear,19,0.11969920899349751
9103031,motor_external,random,1,0.025,early,nonlinear,19,0.0337866358225288
9103031,motor_external,random,1,0.025,early,zero,19,0.0933715111490426
9103031,motor_external,random,1,0.025,late,action_blind,35,0.0196220319357221
9103031,motor_external,random,1,0.025,late,adaptive_nonlinear,35,0.007681967405326576
9103031,motor_external,random,1,0.025,late,knn_all,35,0.003510572942377747
9103031,motor_external,random,1,0.025,late,knn_recent,35,0.00332748932921127
9103031,motor_external,random,1,0.025,late,linear,35,0.023596210576951156
9103031,motor_external,random,1,0.025,late,nonlinear,35,0.011555067152704844
9103031,motor_external,random,1,0.025,late,zero,35,0.018400560913880214
9103031,motor_external,random,1,0.025,pre,action_blind,35,0.10235854003821365
9103031,motor_external,random,1,0.025,pre,adaptive_nonlinear,35,0.0020203627821658516
9103031,motor_external,random,1,0.025,pre,knn_all,35,0.003019132141557339
9103031,motor_external,random,1,0.025,pre,knn_recent,35,0.0031695377525782884
9103031,motor_external,random,1,0.025,pre,linear,35,0.004603506982390732
9103031,motor_external,random,1,0.025,pre,nonlinear,35,0.0020203627821658516
9103031,motor_external,random,1,0.025,pre,zero,35,0.092435944762269
9103031,none,random,1,0.025,counterfactual,action_blind,5,0.04381910136776439
9103031,none,random,1,0.025,counterfactual,adaptive_nonlinear,5,0.0013228705201035877
9103031,none,random,1,0.025,counterfactual,knn_all,5,0.0027862620683322464
9103031,none,random,1,0.025,counterfactual,knn_recent,5,0.002678070671337439
9103031,none,random,1,0.025,counterfactual,linear,5,0.010424598037886142
9103031,none,random,1,0.025,counterfactual,nonlinear,5,0.0013228705201035877
9103031,none,random,1,0.025,counterfactual,zero,5,0.036583314891036625
9103031,none,random,1,0.025,early,action_blind,19,0.054610442292817585
9103031,none,random,1,0.025,early,adaptive_nonlinear,19,0.0029577096723040056
9103031,none,random,1,0.025,early,knn_all,19,0.004017154234036495
9103031,none,random,1,0.025,early,knn_recent,19,0.003839191507892553
9103031,none,random,1,0.025,early,linear,19,0.007734105743312772
9103031,none,random,1,0.025,early,nonlinear,19,0.0029577096723040056
9103031,none,random,1,0.025,early,zero,19,0.051644235748941246
9103031,none,random,1,0.025,late,action_blind,35,0.03620447374181072
9103031,none,random,1,0.025,late,adaptive_nonlinear,35,0.0015349459534905404
9103031,none,random,1,0.025,late,knn_all,35,0.0025093165515666454
9103031,none,random,1,0.025,late,knn_recent,35,0.002540057634539472
9103031,none,random,1,0.025,late,linear,35,0.010396334165213053
9103031,none,random,1,0.025,late,nonlinear,35,0.0015349459534905404
9103031,none,random,1,0.025,late,zero,35,0.0320196073647931
9103031,none,random,1,0.025,pre,action_blind,35,0.10235854003821365
9103031,none,random,1,0.025,pre,adaptive_nonlinear,35,0.0020203627821658516
9103031,none,random,1,0.025,pre,knn_all,35,0.003019132141557339
9103031,none,random,1,0.025,pre,knn_recent,35,0.0031695377525782884
9103031,none,random,1,0.025,pre,linear,35,0.004603506982390732
9103031,none,random,1,0.025,pre,nonlinear,35,0.0020203627821658516
9103031,none,random,1,0.025,pre,zero,35,0.092435944762269
9103031,sensor,random,1,0.025,counterfactual,action_blind,5,0.04115254197831684
9103031,sensor,random,1,0.025,counterfactual,adaptive_nonlinear,5,0.0014503190271033192
9103031,sensor,random,1,0.025,counterfactual,knn_all,5,0.0027862620683322425
9103031,sensor,random,1,0.025,counterfactual,knn_recent,5,0.002678070671337435
9103031,sensor,random,1,0.025,counterfactual,linear,5,0.010880983995639748
9103031,sensor,random,1,0.025,counterfactual,nonlinear,5,0.0014615156311595916
9103031,sensor,random,1,0.025,counterfactual,zero,5,0.03658331489103663
9103031,sensor,random,1,0.025,early,action_blind,19,0.05367346731000391
9103031,sensor,random,1,0.025,early,adaptive_nonlinear,19,0.00412995769692399
9103031,sensor,random,1,0.025,early,knn_all,19,0.004855882432313779
9103031,sensor,random,1,0.025,early,knn_recent,19,0.004944884835872582
9103031,sensor,random,1,0.025,early,linear,19,0.008324004185961117
9103031,sensor,random,1,0.025,early,nonlinear,19,0.004088168457437317
9103031,sensor,random,1,0.025,early,zero,19,0.051644235748941246
9103031,sensor,random,1,0.025,late,action_blind,35,0.03527376608474959
9103031,sensor,random,1,0.025,late,adaptive_nonlinear,35,0.001575513290583562
9103031,sensor,random,1,0.025,late,knn_all,35,0.0025093165515666454
9103031,sensor,random,1,0.025,late,knn_recent,35,0.002540057634539472
9103031,sensor,random,1,0.025,late,linear,35,0.010803865458294456
9103031,sensor,random,1,0.025,late,nonlinear,35,0.0015797910702393689
9103031,sensor,random,1,0.025,late,zero,35,0.0320196073647931
9103031,sensor,random,1,0.025,pre,action_blind,35,0.10235854003821365
9103031,sensor,random,1,0.025,pre,adaptive_nonlinear,35,0.0020203627821658516
9103031,sensor,random,1,0.025,pre,knn_all,35,0.003019132141557339
9103031,sensor,random,1,0.025,pre,knn_recent,35,0.0031695377525782884
9103031,sensor,random,1,0.025,pre,linear,35,0.004603506982390732
9103031,sensor,random,1,0.025,pre,nonlinear,35,0.0020203627821658516
9103031,sensor,random,1,0.025,pre,zero,35,0.092435944762269
9103031,unknown_nonlinear,random,1,0.025,counterfactual,action_blind,5,0.09612709109472083
9103031,unknown_nonlinear,random,1,0.025,counterfactual,adaptive_nonlinear,5,0.009204931545885406
9103031,unknown_nonlinear,random,1,0.025,counterfactual,knn_all,5,0.005075184311664621
9103031,unknown_nonlinear,random,1,0.025,counterfactual,knn_recent,5,0.003707378073501924
9103031,unknown_nonlinear,random,1,0.025,counterfactual,linear,5,0.013885210037627538
9103031,unknown_nonlinear,random,1,0.025,counterfactual,nonlinear,5,0.009204931545885406
9103031,unknown_nonlinear,random,1,0.025,counterfactual,zero,5,0.08284423069320701
9103031,unknown_nonlinear,random,1,0.025,early,action_blind,19,0.07185417331942205
9103031,unknown_nonlinear,random,1,0.025,early,adaptive_nonlinear,19,0.0061762720573876025
9103031,unknown_nonlinear,random,1,0.025,early,knn_all,19,0.0037803841977358714
9103031,unknown_nonlinear,random,1,0.025,early,knn_recent,19,0.003355627096208934
9103031,unknown_nonlinear,random,1,0.025,early,linear,19,0.00883575804056562
9103031,unknown_nonlinear,random,1,0.025,early,nonlinear,19,0.0061762720573876025
9103031,unknown_nonlinear,random,1,0.025,early,zero,19,0.07304552784784878
9103031,unknown_nonlinear,random,1,0.025,late,action_blind,35,0.06497679818513115
9103031,unknown_nonlinear,random,1,0.025,late,adaptive_nonlinear,35,0.010412265839771619
9103031,unknown_nonlinear,random,1,0.025,late,knn_all,35,0.007824190175750612
9103031,unknown_nonlinear,random,1,0.025,late,knn_recent,35,0.008379086403750792
9103031,unknown_nonlinear,random,1,0.025,late,linear,35,0.021889535186747737
9103031,unknown_nonlinear,random,1,0.025,late,nonlinear,35,0.010412265839771619
9103031,unknown_nonlinear,random,1,0.025,late,zero,35,0.06103661414695285
9103031,unknown_nonlinear,random,1,0.025,pre,action_blind,35,0.10235854003821365
9103031,unknown_nonlinear,random,1,0.025,pre,adaptive_nonlinear,35,0.0020203627821658516
9103031,unknown_nonlinear,random,1,0.025,pre,knn_all,35,0.003019132141557339
9103031,unknown_nonlinear,random,1,0.025,pre,knn_recent,35,0.0031695377525782884
9103031,unknown_nonlinear,random,1,0.025,pre,linear,35,0.004603506982390732
9103031,unknown_nonlinear,random,1,0.025,pre,nonlinear,35,0.0020203627821658516
9103031,unknown_nonlinear,random,1,0.025,pre,zero,35,0.092435944762269
9103132,external,random,1,0.025,counterfactual,action_blind,5,0.019192742018934665
9103132,external,random,1,0.025,counterfactual,adaptive_nonlinear,5,0.028281808432919654
9103132,external,random,1,0.025,counterfactual,knn_all,5,0.02443375862337153
9103132,external,random,1,0.025,counterfactual,knn_recent,5,0.02443859415723966
9103132,external,random,1,0.025,counterfactual,linear,5,0.0489730645214171
9103132,external,random,1,0.025,counterfactual,nonlinear,5,0.028443765187938515
9103132,external,random,1,0.025,counterfactual,zero,5,0.024213946024818318
9103132,external,random,1,0.025,early,action_blind,19,0.10628983857193312
9103132,external,random,1,0.025,early,adaptive_nonlinear,19,0.022956754828429248
9103132,external,random,1,0.025,early,knn_all,19,0.03223060185064195
9103132,external,random,1,0.025,early,knn_recent,19,0.03211180413101012
9103132,external,random,1,0.025,early,linear,19,0.0532205337784618
9103132,external,random,1,0.025,early,nonlinear,19,0.0232957840972758
9103132,external,random,1,0.025,early,zero,19,0.11487237273897512
9103132,external,random,1,0.025,late,action_blind,35,0.04132618498006259
9103132,external,random,1,0.025,late,adaptive_nonlinear,35,0.018568092388649787
9103132,external,random,1,0.025,late,knn_all,35,0.015283691167000178
9103132,external,random,1,0.025,late,knn_recent,35,0.015612611442001392
9103132,external,random,1,0.025,late,linear,35,0.0428097801370182
9103132,external,random,1,0.025,late,nonlinear,35,0.018718367536057382
9103132,external,random,1,0.025,late,zero,35,0.043906342056100334
9103132,external,random,1,0.025,pre,action_blind,35,0.08533362607712
9103132,external,random,1,0.025,pre,adaptive_nonlinear,35,0.002551335626937035
9103132,external,random,1,0.025,pre,knn_all,35,0.003255162359995377
9103132,external,random,1,0.025,pre,knn_recent,35,0.0032550357336433924
9103132,external,random,1,0.025,pre,linear,35,0.004582902689845218
9103132,external,random,1,0.025,pre,nonlinear,35,0.002551335626937035
9103132,external,random,1,0.025,pre,zero,35,0.08808836069088435
9103132,motor,random,1,0.025,counterfactual,action_blind,5,0.04453352698011385
9103132,motor,random,1,0.025,counterfactual,adaptive_nonlinear,5,0.0026310810569472086
9103132,motor,random,1,0.025,counterfactual,knn_all,5,0.0034408050357737792
9103132,motor,random,1,0.025,counterfactual,knn_recent,5,0.004302412477361786
9103132,motor,random,1,0.025,counterfactual,linear,5,0.04026070701942151
9103132,motor,random,1,0.025,counterfactual,nonlinear,5,0.002392441606398295
9103132,motor,random,1,0.025,counterfactual,zero,5,0.04290786405455538
9103132,motor,random,1,0.025,early,action_blind,19,0.0767701014320437
9103132,motor,random,1,0.025,early,adaptive_nonlinear,19,0.034034980613424574
9103132,motor,random,1,0.025,early,knn_all,19,0.04847476312098096
9103132,motor,random,1,0.025,early,knn_recent,19,0.048105131059195394
9103132,motor,random,1,0.025,early,linear,19,0.1100557952188189
9103132,motor,random,1,0.025,early,nonlinear,19,0.039017142530663886
9103132,motor,random,1,0.025,early,zero,19,0.06435081790847687
9103132,motor,random,1,0.025,late,action_blind,35,0.059535222696685416
9103132,motor,random,1,0.025,late,adaptive_nonlinear,35,0.0041364947020163705
9103132,motor,random,1,0.025,late,knn_all,35,0.0035850405730071446
9103132,motor,random,1,0.025,late,knn_recent,35,0.002365012948400983
9103132,motor,random,1,0.025,late,linear,35,0.03952823216423976
9103132,motor,random,1,0.025,late,nonlinear,35,0.00397302542778101
9103132,motor,random,1,0.025,late,zero,35,0.05605906345182782
9103132,motor,random,1,0.025,pre,action_blind,35,0.08533362607712
9103132,motor,random,1,0.025,pre,adaptive_nonlinear,35,0.002551335626937035
9103132,motor,random,1,0.025,pre,knn_all,35,0.003255162359995377
9103132,motor,random,1,0.025,pre,knn_recent,35,0.0032550357336433924
9103132,motor,random,1,0.025,pre,linear,35,0.004582902689845218
9103132,motor,random,1,0.025,pre,nonlinear,35,0.002551335626937035
9103132,motor,random,1,0.025,pre,zero,35,0.08808836069088435
9103132,motor_external,random,1,0.025,counterfactual,action_blind,5,0.04091860781009884
9103132,motor_external,random,1,0.025,counterfactual,adaptive_nonlinear,5,0.004648500670163285
9103132,motor_external,random,1,0.025,counterfactual,knn_all,5,0.004217249637831572
9103132,motor_external,random,1,0.025,counterfactual,knn_recent,5,0.004534500213682147
9103132,motor_external,random,1,0.025,counterfactual,linear,5,0.04142823478248035
9103132,motor_external,random,1,0.025,counterfactual,nonlinear,5,0.004894510790745959
9103132,motor_external,random,1,0.025,counterfactual,zero,5,0.034965827990436966
9103132,motor_external,random,1,0.025,early,action_blind,19,0.10015486926103684
9103132,motor_external,random,1,0.025,early,adaptive_nonlinear,19,0.04569991762575294
9103132,motor_external,random,1,0.025,early,knn_all,19,0.0681156399275216
9103132,motor_external,random,1,0.025,early,knn_recent,19,0.06876407208078773
9103132,motor_external,random,1,0.025,early,linear,19,0.12751342194234633
9103132,motor_external,random,1,0.025,early,nonlinear,19,0.04626280544626126
9103132,motor_external,random,1,0.025,early,zero,19,0.09108952645789163
9103132,motor_external,random,1,0.025,late,action_blind,35,0.047876779403874505
9103132,motor_external,random,1,0.025,late,adaptive_nonlinear,35,0.018988220829294133
9103132,motor_external,random,1,0.025,late,knn_all,35,0.01520300928603931
9103132,motor_external,random,1,0.025,late,knn_recent,35,0.01527573581748384
9103132,motor_external,random,1,0.025,late,linear,35,0.03982551165932409
9103132,motor_external,random,1,0.025,late,nonlinear,35,0.01870325164198226
9103132,motor_external,random,1,0.025,late,zero,35,0.04528093086037159
9103132,motor_external,random,1,0.025,pre,action_blind,35,0.08533362607712
9103132,motor_external,random,1,0.025,pre,adaptive_nonlinear,35,0.002551335626937035
9103132,motor_external,random,1,0.025,pre,knn_all,35,0.003255162359995377
9103132,motor_external,random,1,0.025,pre,knn_recent,35,0.0032550357336433924
9103132,motor_external,random,1,0.025,pre,linear,35,0.004582902689845218
9103132,motor_external,random,1,0.025,pre,nonlinear,35,0.002551335626937035
9103132,motor_external,random,1,0.025,pre,zero,35,0.08808836069088435
9103132,none,random,1,0.025,counterfactual,action_blind,5,0.059299051354034196
9103132,none,random,1,0.025,counterfactual,adaptive_nonlinear,5,0.005062010983872739
9103132,none,random,1,0.025,counterfactual,knn_all,5,0.005526167849651387
9103132,none,random,1,0.025,counterfactual,knn_recent,5,0.005385724283256582
9103132,none,random,1,0.025,counterfactual,linear,5,0.017767433758622754
9103132,none,random,1,0.025,counterfactual,nonlinear,5,0.005062010983872739
9103132,none,random,1,0.025,counterfactual,zero,5,0.059850945397332975
9103132,none,random,1,0.025,early,action_blind,19,0.09490220837489788
9103132,none,random,1,0.025,early,adaptive_nonlinear,19,0.0017920888812306428
9103132,none,random,1,0.025,early,knn_all,19,0.0027802645971854692
9103132,none,random,1,0.025,early,knn_recent,19,0.0027317432250204073
9103132,none,random,1,0.025,early,linear,19,0.007075224988109297
9103132,none,random,1,0.025,early,nonlinear,19,0.0017920888812306428
9103132,none,random,1,0.025,early,zero,19,0.08728286932381867
9103132,none,random,1,0.025,late,action_blind,35,0.06618574435408717
9103132,none,random,1,0.025,late,adaptive_nonlinear,35,0.001828990798137228
9103132,none,random,1,0.025,late,knn_all,35,0.00313930147145191
9103132,none,random,1,0.025,late,knn_recent,35,0.003201581751002773
9103132,none,random,1,0.025,late,linear,35,0.007164383076969288
9103132,none,random,1,0.025,late,nonlinear,35,0.001828990798137228
9103132,none,random,1,0.025,late,zero,35,0.0656294436188557
9103132,none,random,1,0.025,pre,action_blind,35,0.08533362607712
9103132,none,random,1,0.025,pre,adaptive_nonlinear,35,0.002551335626937035
9103132,none,random,1,0.025,pre,knn_all,35,0.003255162359995377
9103132,none,random,1,0.025,pre,knn_recent,35,0.0032550357336433924
9103132,none,random,1,0.025,pre,linear,35,0.004582902689845218
9103132,none,random,1,0.025,pre,nonlinear,35,0.002551335626937035
9103132,none,random,1,0.025,pre,zero,35,0.08808836069088435
9103132,sensor,random,1,0.025,counterfactual,action_blind,5,0.05916238281765072
9103132,sensor,random,1,0.025,counterfactual,adaptive_nonlinear,5,0.005043030713052609
9103132,sensor,random,1,0.025,counterfactual,knn_all,5,0.0055057713375972145
9103132,sensor,random,1,0.025,counterfactual,knn_recent,5,0.005385724283256582
9103132,sensor,random,1,0.025,counterfactual,linear,5,0.01813205093011137
9103132,sensor,random,1,0.025,counterfactual,nonlinear,5,0.005182288204830119
9103132,sensor,random,1,0.025,counterfactual,zero,5,0.059850945397332975
9103132,sensor,random,1,0.025,early,action_blind,19,0.0916126708717155
9103132,sensor,random,1,0.025,early,adaptive_nonlinear,19,0.0038964899972097696
9103132,sensor,random,1,0.025,early,knn_all,19,0.0033808232069841154
9103132,sensor,random,1,0.025,early,knn_recent,19,0.003348478692937506
9103132,sensor,random,1,0.025,early,linear,19,0.007143225242481364
9103132,sensor,random,1,0.025,early,nonlinear,19,0.0036368423077263777
9103132,sensor,random,1,0.025,early,zero,19,0.08728286932381867
9103132,sensor,random,1,0.025,late,action_blind,35,0.0657238118770717
9103132,sensor,random,1,0.025,late,adaptive_nonlinear,35,0.0017895577322883224
9103132,sensor,random,1,0.025,late,knn_all,35,0.003136427793827812
9103132,sensor,random,1,0.025,late,knn_recent,35,0.003201581751002773
9103132,sensor,random,1,0.025,late,linear,35,0.007336089469374653
9103132,sensor,random,1,0.025,late,nonlinear,35,0.0018040660366138482
9103132,sensor,random,1,0.025,late,zero,35,0.0656294436188557
9103132,sensor,random,1,0.025,pre,action_blind,35,0.08533362607712
9103132,sensor,random,1,0.025,pre,adaptive_nonlinear,35,0.002551335626937035
9103132,sensor,random,1,0.025,pre,knn_all,35,0.003255162359995377
9103132,sensor,random,1,0.025,pre,knn_recent,35,0.0032550357336433924
9103132,sensor,random,1,0.025,pre,linear,35,0.004582902689845218
9103132,sensor,random,1,0.025,pre,nonlinear,35,0.002551335626937035
9103132,sensor,random,1,0.025,pre,zero,35,0.08808836069088435
9103132,unknown_nonlinear,random,1,0.025,counterfactual,action_blind,5,0.026456736997549014
9103132,unknown_nonlinear,random,1,0.025,counterfactual,adaptive_nonlinear,5,0.008899460784654747
9103132,unknown_nonlinear,random,1,0.025,counterfactual,knn_all,5,0.00844372484322299
9103132,unknown_nonlinear,random,1,0.025,counterfactual,knn_recent,5,0.008386965665520111
9103132,unknown_nonlinear,random,1,0.025,counterfactual,linear,5,0.03291037632636656
9103132,unknown_nonlinear,random,1,0.025,counterfactual,nonlinear,5,0.008899460784654747
9103132,unknown_nonlinear,random,1,0.025,counterfactual,zero,5,0.02968560714612898
9103132,unknown_nonlinear,random,1,0.025,early,action_blind,19,0.10047740826758464
9103132,unknown_nonlinear,random,1,0.025,early,adaptive_nonlinear,19,0.0050358155254148825
9103132,unknown_nonlinear,random,1,0.025,early,knn_all,19,0.005580038523464027
9103132,unknown_nonlinear,random,1,0.025,early,knn_recent,19,0.005492969993410604
9103132,unknown_nonlinear,random,1,0.025,early,linear,19,0.010521780733678593
9103132,unknown_nonlinear,random,1,0.025,early,nonlinear,19,0.0050358155254148825
9103132,unknown_nonlinear,random,1,0.025,early,zero,19,0.08957224108949241
9103132,unknown_nonlinear,random,1,0.025,late,action_blind,35,0.03371355437150375
9103132,unknown_nonlinear,random,1,0.025,late,adaptive_nonlinear,35,0.006502251517439221
9103132,unknown_nonlinear,random,1,0.025,late,knn_all,35,0.006268926306549569
9103132,unknown_nonlinear,random,1,0.025,late,knn_recent,35,0.006693652010413995
9103132,unknown_nonlinear,random,1,0.025,late,linear,35,0.02504722766506966
9103132,unknown_nonlinear,random,1,0.025,late,nonlinear,35,0.006502251517439221
9103132,unknown_nonlinear,random,1,0.025,late,zero,35,0.028402347544803114
9103132,unknown_nonlinear,random,1,0.025,pre,action_blind,35,0.08533362607712
9103132,unknown_nonlinear,random,1,0.025,pre,adaptive_nonlinear,35,0.002551335626937035
9103132,unknown_nonlinear,random,1,0.025,pre,knn_all,35,0.003255162359995377
9103132,unknown_nonlinear,random,1,0.025,pre,knn_recent,35,0.0032550357336433924
9103132,unknown_nonlinear,random,1,0.025,pre,linear,35,0.004582902689845218
9103132,unknown_nonlinear,random,1,0.025,pre,nonlinear,35,0.002551335626937035
9103132,unknown_nonlinear,random,1,0.025,pre,zero,35,0.08808836069088435
9103233,external,random,1,0.025,counterfactual,action_blind,5,0.023176315604858132
9103233,external,random,1,0.025,counterfactual,adaptive_nonlinear,5,0.0025939829849055624
9103233,external,random,1,0.025,counterfactual,knn_all,5,0.004042312657739895
9103233,external,random,1,0.025,counterfactual,knn_recent,5,0.003990847056980025
9103233,external,random,1,0.025,counterfactual,linear,5,0.018618069848078133
9103233,external,random,1,0.025,counterfactual,nonlinear,5,0.0025939829849055624
9103233,external,random,1,0.025,counterfactual,zero,5,0.024259613149478044
9103233,external,random,1,0.025,early,action_blind,19,0.04300167299137356
9103233,external,random,1,0.025,early,adaptive_nonlinear,19,0.011904843026500614
9103233,external,random,1,0.025,early,knn_all,19,0.00997354927291142
9103233,external,random,1,0.025,early,knn_recent,19,0.010083634877801964
9103233,external,random,1,0.025,early,linear,19,0.025663766997966603
9103233,external,random,1,0.025,early,nonlinear,19,0.011904843026500614
9103233,external,random,1,0.025,early,zero,19,0.047214515677175495
9103233,external,random,1,0.025,late,action_blind,35,0.037690940799078775
9103233,external,random,1,0.025,late,adaptive_nonlinear,35,0.014205891543042597
9103233,external,random,1,0.025,late,knn_all,35,0.010835767517899659
9103233,external,random,1,0.025,late,knn_recent,35,0.01099614953022364
9103233,external,random,1,0.025,late,linear,35,0.020554159134557024
9103233,external,random,1,0.025,late,nonlinear,35,0.014230296159617396
9103233,external,random,1,0.025,late,zero,35,0.03713396277694745
9103233,external,random,1,0.025,pre,action_blind,35,0.055255144755529
9103233,external,random,1,0.025,pre,adaptive_nonlinear,35,0.0021091584087542404
9103233,external,random,1,0.025,pre,knn_all,35,0.002603749037739993
9103233,external,random,1,0.025,pre,knn_recent,35,0.0026513721120716293
9103233,external,random,1,0.025,pre,linear,35,0.00291360536440198
9103233,external,random,1,0.025,pre,nonlinear,35,0.0021091584087542404
9103233,external,random,1,0.025,pre,zero,35,0.05250402472962954
9103233,motor,random,1,0.025,counterfactual,action_blind,5,0.09104177757370145
9103233,motor,random,1,0.025,counterfactual,adaptive_nonlinear,5,0.006058193481308181
9103233,motor,random,1,0.025,counterfactual,knn_all,5,0.004018790190625413
9103233,motor,random,1,0.025,counterfactual,knn_recent,5,0.003114086110052419
9103233,motor,random,1,0.025,counterfactual,linear,5,0.040657344229144916
9103233,motor,random,1,0.025,counterfactual,nonlinear,5,0.006664650351154823
9103233,motor,random,1,0.025,counterfactual,zero,5,0.08664738548058823
9103233,motor,random,1,0.025,early,action_blind,19,0.07187738218851765
9103233,motor,random,1,0.025,early,adaptive_nonlinear,19,0.030339367170637278
9103233,motor,random,1,0.025,early,knn_all,19,0.03939885036284612
9103233,motor,random,1,0.025,early,knn_recent,19,0.03918791009468157
9103233,motor,random,1,0.025,early,linear,19,0.08286571707490117
9103233,motor,random,1,0.025,early,nonlinear,19,0.036602344876825905
9103233,motor,random,1,0.025,early,zero,19,0.06827204673386589
9103233,motor,random,1,0.025,late,action_blind,35,0.08898731334053096
9103233,motor,random,1,0.025,late,adaptive_nonlinear,35,0.010838485571977838
9103233,motor,random,1,0.025,late,knn_all,35,0.006085522846206896
9103233,motor,random,1,0.025,late,knn_recent,35,0.0049511953461433295
9103233,motor,random,1,0.025,late,linear,35,0.034489840066894026
9103233,motor,random,1,0.025,late,nonlinear,35,0.011012939438225728
9103233,motor,random,1,0.025,late,zero,35,0.08426365527870962
9103233,motor,random,1,0.025,pre,action_blind,35,0.055255144755529
9103233,motor,random,1,0.025,pre,adaptive_nonlinear,35,0.0021091584087542404
9103233,motor,random,1,0.025,pre,knn_all,35,0.002603749037739993
9103233,motor,random,1,0.025,pre,knn_recent,35,0.0026513721120716293
9103233,motor,random,1,0.025,pre,linear,35,0.00291360536440198
9103233,motor,random,1,0.025,pre,nonlinear,35,0.0021091584087542404
9103233,motor,random,1,0.025,pre,zero,35,0.05250402472962954
9103233,motor_external,random,1,0.025,counterfactual,action_blind,5,0.020107264627259917
9103233,motor_external,random,1,0.025,counterfactual,adaptive_nonlinear,5,0.0035712946372490504
9103233,motor_external,random,1,0.025,counterfactual,knn_all,5,0.0037352751202527137
9103233,motor_external,random,1,0.025,counterfactual,knn_recent,5,0.0037142158007770834
9103233,motor_external,random,1,0.025,counterfactual,linear,5,0.024045934631645394
9103233,motor_external,random,1,0.025,counterfactual,nonlinear,5,0.004079485258241209
9103233,motor_external,random,1,0.025,counterfactual,zero,5,0.019067891935140503
9103233,motor_external,random,1,0.025,early,action_blind,19,0.04002000044944426
9103233,motor_external,random,1,0.025,early,adaptive_nonlinear,19,0.02130118269284034
9103233,motor_external,random,1,0.025,early,knn_all,19,0.019931026196261997
9103233,motor_external,random,1,0.025,early,knn_recent,19,0.01986177675408089
9103233,motor_external,random,1,0.025,early,linear,19,0.06397448888911396
9103233,motor_external,random,1,0.025,early,nonlinear,19,0.021924999701769123
9103233,motor_external,random,1,0.025,early,zero,19,0.03963532959338281
9103233,motor_external,random,1,0.025,late,action_blind,35,0.0239769696391829
9103233,motor_external,random,1,0.025,late,adaptive_nonlinear,35,0.0024106038566132837
9103233,motor_external,random,1,0.025,late,knn_all,35,0.002096357657422726
9103233,motor_external,random,1,0.025,late,knn_recent,35,0.0020172642840327283
9103233,motor_external,random,1,0.025,late,linear,35,0.017124977449087992
9103233,motor_external,random,1,0.025,late,nonlinear,35,0.0025426661780638044
9103233,motor_external,random,1,0.025,late,zero,35,0.021761496586857883
9103233,motor_external,random,1,0.025,pre,action_blind,35,0.055255144755529
9103233,motor_external,random,1,0.025,pre,adaptive_nonlinear,35,0.0021091584087542404
9103233,motor_external,random,1,0.025,pre,knn_all,35,0.002603749037739993
9103233,motor_external,random,1,0.025,pre,knn_recent,35,0.0026513721120716293
9103233,motor_external,random,1,0.025,pre,linear,35,0.00291360536440198
9103233,motor_external,random,1,0.025,pre,nonlinear,35,0.0021091584087542404
9103233,motor_external,random,1,0.025,pre,zero,35,0.05250402472962954
9103233,none,random,1,0.025,counterfactual,action_blind,5,0.04639325860822016
9103233,none,random,1,0.025,counterfactual,adaptive_nonlinear,5,0.002832271129804379
9103233,none,random,1,0.025,counterfactual,knn_all,5,0.0031095709949071444
9103233,none,random,1,0.025,counterfactual,knn_recent,5,0.0031683185758950095
9103233,none,random,1,0.025,counterfactual,linear,5,0.003977269711802933
9103233,none,random,1,0.025,counterfactual,nonlinear,5,0.002832271129804379
9103233,none,random,1,0.025,counterfactual,zero,5,0.047134653825501284
9103233,none,random,1,0.025,early,action_blind,19,0.06213335226587571
9103233,none,random,1,0.025,early,adaptive_nonlinear,19,0.0017538720287467136
9103233,none,random,1,0.025,early,knn_all,19,0.0018386317415491214
9103233,none,random,1,0.025,early,knn_recent,19,0.0018394669071407326
9103233,none,random,1,0.025,early,linear,19,0.003279488275497114
9103233,none,random,1,0.025,early,nonlinear,19,0.0017538720287467136
9103233,none,random,1,0.025,early,zero,19,0.06162739451507771
9103233,none,random,1,0.025,late,action_blind,35,0.05148712912458694
9103233,none,random,1,0.025,late,adaptive_nonlinear,35,0.0017609318347858336
9103233,none,random,1,0.025,late,knn_all,35,0.0022927414514449327
9103233,none,random,1,0.025,late,knn_recent,35,0.002517473301780125
9103233,none,random,1,0.025,late,linear,35,0.0033328799202416554
9103233,none,random,1,0.025,late,nonlinear,35,0.0017609318347858336
9103233,none,random,1,0.025,late,zero,35,0.04545812914992724
9103233,none,random,1,0.025,pre,action_blind,35,0.055255144755529
9103233,none,random,1,0.025,pre,adaptive_nonlinear,35,0.0021091584087542404
9103233,none,random,1,0.025,pre,knn_all,35,0.002603749037739993
9103233,none,random,1,0.025,pre,knn_recent,35,0.0026513721120716293
9103233,none,random,1,0.025,pre,linear,35,0.00291360536440198
9103233,none,random,1,0.025,pre,nonlinear,35,0.0021091584087542404
9103233,none,random,1,0.025,pre,zero,35,0.05250402472962954
9103233,sensor,random,1,0.025,counterfactual,action_blind,5,0.046348038883492995
9103233,sensor,random,1,0.025,counterfactual,adaptive_nonlinear,5,0.0028308707718131087
9103233,sensor,random,1,0.025,counterfactual,knn_all,5,0.0033077940688003224
9103233,sensor,random,1,0.025,counterfactual,knn_recent,5,0.0031683185758949834
9103233,sensor,random,1,0.025,counterfactual,linear,5,0.004063807876334313
9103233,sensor,random,1,0.025,counterfactual,nonlinear,5,0.0028376116907543438
9103233,sensor,random,1,0.025,counterfactual,zero,5,0.04713465382550129
9103233,sensor,random,1,0.025,early,action_blind,19,0.06376022584986792
9103233,sensor,random,1,0.025,early,adaptive_nonlinear,19,0.0021451445426890147
9103233,sensor,random,1,0.025,early,knn_all,19,0.0028279598328520574
9103233,sensor,random,1,0.025,early,knn_recent,19,0.0028953676540420157
9103233,sensor,random,1,0.025,early,linear,19,0.003299620713313231
9103233,sensor,random,1,0.025,early,nonlinear,19,0.0021170224851197765
9103233,sensor,random,1,0.025,early,zero,19,0.06162739451507771
9103233,sensor,random,1,0.025,late,action_blind,35,0.05091290842359382
9103233,sensor,random,1,0.025,late,adaptive_nonlinear,35,0.0018199029230618747
9103233,sensor,random,1,0.025,late,knn_all,35,0.002400447182283724
9103233,sensor,random,1,0.025,late,knn_recent,35,0.0025174733017801296
9103233,sensor,random,1,0.025,late,linear,35,0.003192742172299708
9103233,sensor,random,1,0.025,late,nonlinear,35,0.0018036754386352937
9103233,sensor,random,1,0.025,late,zero,35,0.04545812914992723
9103233,sensor,random,1,0.025,pre,action_blind,35,0.055255144755529
9103233,sensor,random,1,0.025,pre,adaptive_nonlinear,35,0.0021091584087542404
9103233,sensor,random,1,0.025,pre,knn_all,35,0.002603749037739993
9103233,sensor,random,1,0.025,pre,knn_recent,35,0.0026513721120716293
9103233,sensor,random,1,0.025,pre,linear,35,0.00291360536440198
9103233,sensor,random,1,0.025,pre,nonlinear,35,0.0021091584087542404
9103233,sensor,random,1,0.025,pre,zero,35,0.05250402472962954
9103233,unknown_nonlinear,random,1,0.025,counterfactual,action_blind,5,0.037597493831463935
9103233,unknown_nonlinear,random,1,0.025,counterfactual,adaptive_nonlinear,5,0.01313930854398449
9103233,unknown_nonlinear,random,1,0.025,counterfactual,knn_all,5,0.00979287809160016
9103233,unknown_nonlinear,random,1,0.025,counterfactual,knn_recent,5,0.010020666899138933
9103233,unknown_nonlinear,random,1,0.025,counterfactual,linear,5,0.01970055389792525
9103233,unknown_nonlinear,random,1,0.025,counterfactual,nonlinear,5,0.01313930854398449
9103233,unknown_nonlinear,random,1,0.025,counterfactual,zero,5,0.04041574857423325
9103233,unknown_nonlinear,random,1,0.025,early,action_blind,19,0.0651774257268182
9103233,unknown_nonlinear,random,1,0.025,early,adaptive_nonlinear,19,0.007441792915023711
9103233,unknown_nonlinear,random,1,0.025,early,knn_all,19,0.004571465969491019
9103233,unknown_nonlinear,random,1,0.025,early,knn_recent,19,0.004599516153985405
9103233,unknown_nonlinear,random,1,0.025,early,linear,19,0.0106115068960786
9103233,unknown_nonlinear,random,1,0.025,early,nonlinear,19,0.007441792915023711
9103233,unknown_nonlinear,random,1,0.025,early,zero,19,0.06134177399090233
9103233,unknown_nonlinear,random,1,0.025,late,action_blind,35,0.0396733985368051
9103233,unknown_nonlinear,random,1,0.025,late,adaptive_nonlinear,35,0.008272772566432728
9103233,unknown_nonlinear,random,1,0.025,late,knn_all,35,0.00438990425283238
9103233,unknown_nonlinear,random,1,0.025,late,knn_recent,35,0.004047270951458482
9103233,unknown_nonlinear,random,1,0.025,late,linear,35,0.01424859600773288
9103233,unknown_nonlinear,random,1,0.025,late,nonlinear,35,0.008272772566432728
9103233,unknown_nonlinear,random,1,0.025,late,zero,35,0.04028362933303808
9103233,unknown_nonlinear,random,1,0.025,pre,action_blind,35,0.055255144755529
9103233,unknown_nonlinear,random,1,0.025,pre,adaptive_nonlinear,35,0.0021091584087542404
9103233,unknown_nonlinear,random,1,0.025,pre,knn_all,35,0.002603749037739993
9103233,unknown_nonlinear,random,1,0.025,pre,knn_recent,35,0.0026513721120716293
9103233,unknown_nonlinear,random,1,0.025,pre,linear,35,0.00291360536440198
9103233,unknown_nonlinear,random,1,0.025,pre,nonlinear,35,0.0021091584087542404
9103233,unknown_nonlinear,random,1,0.025,pre,zero,35,0.05250402472962954
9103334,external,random,1,0.025,counterfactual,action_blind,5,0.03112701895302309
9103334,external,random,1,0.025,counterfactual,adaptive_nonlinear,5,0.007976390555037382
9103334,external,random,1,0.025,counterfactual,knn_all,5,0.002059253628807608
9103334,external,random,1,0.025,counterfactual,knn_recent,5,0.002125032098166354
9103334,external,random,1,0.025,counterfactual,linear,5,0.024481502756059106
9103334,external,random,1,0.025,counterfactual,nonlinear,5,0.008033602241367222
9103334,external,random,1,0.025,counterfactual,zero,5,0.031818214541871295
9103334,external,random,1,0.025,early,action_blind,19,0.0485553621128198
9103334,external,random,1,0.025,early,adaptive_nonlinear,19,0.014299151263775345
9103334,external,random,1,0.025,early,knn_all,19,0.012656028001604614
9103334,external,random,1,0.025,early,knn_recent,19,0.01233698405690209
9103334,external,random,1,0.025,early,linear,19,0.02567117633249506
9103334,external,random,1,0.025,early,nonlinear,19,0.014299151263775345
9103334,external,random,1,0.025,early,zero,19,0.05183571172467255
9103334,external,random,1,0.025,late,action_blind,35,0.04276097802747084
9103334,external,random,1,0.025,late,adaptive_nonlinear,35,0.016498356900434413
9103334,external,random,1,0.025,late,knn_all,35,0.012332616515012237
9103334,external,random,1,0.025,late,knn_recent,35,0.013202257891823317
9103334,external,random,1,0.025,late,linear,35,0.03287017387073369
9103334,external,random,1,0.025,late,nonlinear,35,0.017212590592792384
9103334,external,random,1,0.025,late,zero,35,0.04541352157358369
9103334,external,random,1,0.025,pre,action_blind,35,0.03629290600498855
9103334,external,random,1,0.025,pre,adaptive_nonlinear,35,0.0015472557744241604
9103334,external,random,1,0.025,pre,knn_all,35,0.0020295406555090457
9103334,external,random,1,0.025,pre,knn_recent,35,0.0020021056367698696
9103334,external,random,1,0.025,pre,linear,35,0.003409001631287943
9103334,external,random,1,0.025,pre,nonlinear,35,0.0015472557744241604
9103334,external,random,1,0.025,pre,zero,35,0.03424856945226414
9103334,motor,random,1,0.025,counterfactual,action_blind,5,0.058483554041506694
9103334,motor,random,1,0.025,counterfactual,adaptive_nonlinear,5,0.011000680604969035
9103334,motor,random,1,0.025,counterfactual,knn_all,5,0.009543348335283556
9103334,motor,random,1,0.025,counterfactual,knn_recent,5,0.00955240310062286
9103334,motor,random,1,0.025,counterfactual,linear,5,0.04454125218446949
9103334,motor,random,1,0.025,counterfactual,nonlinear,5,0.011000680604969035
9103334,motor,random,1,0.025,counterfactual,zero,5,0.058316244232218005
9103334,motor,random,1,0.025,early,action_blind,19,0.036844196064073215
9103334,motor,random,1,0.025,early,adaptive_nonlinear,19,0.01862376317930413
9103334,motor,random,1,0.025,early,knn_all,19,0.018591189053190876
9103334,motor,random,1,0.025,early,knn_recent,19,0.017780608392252584
9103334,motor,random,1,0.025,early,linear,19,0.054817248696074246
9103334,motor,random,1,0.025,early,nonlinear,19,0.01862376317930413
9103334,motor,random,1,0.025,early,zero,19,0.03491286066422968
9103334,motor,random,1,0.025,late,action_blind,35,0.05376735578829812
9103334,motor,random,1,0.025,late,adaptive_nonlinear,35,0.005186726095660654
9103334,motor,random,1,0.025,late,knn_all,35,0.0051227732895249775
9103334,motor,random,1,0.025,late,knn_recent,35,0.005134166752353086
9103334,motor,random,1,0.025,late,linear,35,0.030960087817825204
9103334,motor,random,1,0.025,late,nonlinear,35,0.005186726095660654
9103334,motor,random,1,0.025,late,zero,35,0.05061558172863997
9103334,motor,random,1,0.025,pre,action_blind,35,0.03629290600498855
9103334,motor,random,1,0.025,pre,adaptive_nonlinear,35,0.0015472557744241604
9103334,motor,random,1,0.025,pre,knn_all,35,0.0020295406555090457
9103334,motor,random,1,0.025,pre,knn_recent,35,0.0020021056367698696
9103334,motor,random,1,0.025,pre,linear,35,0.003409001631287943
9103334,motor,random,1,0.025,pre,nonlinear,35,0.0015472557744241604
9103334,motor,random,1,0.025,pre,zero,35,0.03424856945226414
9103334,motor_external,random,1,0.025,counterfactual,action_blind,5,0.031706732834048755
9103334,motor_external,random,1,0.025,counterfactual,adaptive_nonlinear,5,0.003182509476744645
9103334,motor_external,random,1,0.025,counterfactual,knn_all,5,0.0029670514572022293
9103334,motor_external,random,1,0.025,counterfactual,knn_recent,5,0.002213044538960119
9103334,motor_external,random,1,0.025,counterfactual,linear,5,0.03145245324915748
9103334,motor_external,random,1,0.025,counterfactual,nonlinear,5,0.0031632253153693326
9103334,motor_external,random,1,0.025,counterfactual,zero,5,0.03516921320921233
9103334,motor_external,random,1,0.025,early,action_blind,19,0.037148535302660594
9103334,motor_external,random,1,0.025,early,adaptive_nonlinear,19,0.021156084455071677
9103334,motor_external,random,1,0.025,early,knn_all,19,0.02551632953880743
9103334,motor_external,random,1,0.025,early,knn_recent,19,0.024742544388157463
9103334,motor_external,random,1,0.025,early,linear,19,0.055629856088231545
9103334,motor_external,random,1,0.025,early,nonlinear,19,0.022147245826415262
9103334,motor_external,random,1,0.025,early,zero,19,0.03929747701569628
9103334,motor_external,random,1,0.025,late,action_blind,35,0.0462564768245645
9103334,motor_external,random,1,0.025,late,adaptive_nonlinear,35,0.020646984877758637
9103334,motor_external,random,1,0.025,late,knn_all,35,0.01935735207064973
9103334,motor_external,random,1,0.025,late,knn_recent,35,0.01895941387310284
9103334,motor_external,random,1,0.025,late,linear,35,0.044438471209017304
9103334,motor_external,random,1,0.025,late,nonlinear,35,0.0207972751912849
9103334,motor_external,random,1,0.025,late,zero,35,0.04553167430006786
9103334,motor_external,random,1,0.025,pre,action_blind,35,0.03629290600498855
9103334,motor_external,random,1,0.025,pre,adaptive_nonlinear,35,0.0015472557744241604
9103334,motor_external,random,1,0.025,pre,knn_all,35,0.0020295406555090457
9103334,motor_external,random,1,0.025,pre,knn_recent,35,0.0020021056367698696
9103334,motor_external,random,1,0.025,pre,linear,35,0.003409001631287943
9103334,motor_external,random,1,0.025,pre,nonlinear,35,0.0015472557744241604
9103334,motor_external,random,1,0.025,pre,zero,35,0.03424856945226414
9103334,none,random,1,0.025,counterfactual,action_blind,5,0.028839914184136478
9103334,none,random,1,0.025,counterfactual,adaptive_nonlinear,5,0.004106210048976697
9103334,none,random,1,0.025,counterfactual,knn_all,5,0.0032415777590615114
9103334,none,random,1,0.025,counterfactual,knn_recent,5,0.003229067306441391
9103334,none,random,1,0.025,counterfactual,linear,5,0.011041857829475992
9103334,none,random,1,0.025,counterfactual,nonlinear,5,0.004106210048976697
9103334,none,random,1,0.025,counterfactual,zero,5,0.02255326023532824
9103334,none,random,1,0.025,early,action_blind,19,0.034632964717445903
9103334,none,random,1,0.025,early,adaptive_nonlinear,19,0.002291194628075205
9103334,none,random,1,0.025,early,knn_all,19,0.0028852900217056373
9103334,none,random,1,0.025,early,knn_recent,19,0.002849511541027489
9103334,none,random,1,0.025,early,linear,19,0.005784489016167999
9103334,none,random,1,0.025,early,nonlinear,19,0.002291194628075205
9103334,none,random,1,0.025,early,zero,19,0.03270893964698708
9103334,none,random,1,0.025,late,action_blind,35,0.0297446337347724
9103334,none,random,1,0.025,late,adaptive_nonlinear,35,0.003425381545412312
9103334,none,random,1,0.025,late,knn_all,35,0.0036319611136999956
9103334,none,random,1,0.025,late,knn_recent,35,0.0037716493817517454
9103334,none,random,1,0.025,late,linear,35,0.0073720937837097765
9103334,none,random,1,0.025,late,nonlinear,35,0.003425381545412312
9103334,none,random,1,0.025,late,zero,35,0.026988077863149867
9103334,none,random,1,0.025,pre,action_blind,35,0.03629290600498855
9103334,none,random,1,0.025,pre,adaptive_nonlinear,35,0.0015472557744241604
9103334,none,random,1,0.025,pre,knn_all,35,0.0020295406555090457
9103334,none,random,1,0.025,pre,knn_recent,35,0.0020021056367698696
9103334,none,random,1,0.025,pre,linear,35,0.003409001631287943
9103334,none,random,1,0.025,pre,nonlinear,35,0.0015472557744241604
9103334,none,random,1,0.025,pre,zero,35,0.03424856945226414
9103334,sensor,random,1,0.025,counterfactual,action_blind,5,0.0251297627397025
9103334,sensor,random,1,0.025,counterfactual,adaptive_nonlinear,5,0.0035519097562123876
9103334,sensor,random,1,0.025,counterfactual,knn_all,5,0.0032625800700247774
9103334,sensor,random,1,0.025,counterfactual,knn_recent,5,0.003229067306441391
9103334,sensor,random,1,0.025,counterfactual,linear,5,0.01099290873561153
9103334,sensor,random,1,0.025,counterfactual,nonlinear,5,0.0036709072749778067
9103334,sensor,random,1,0.025,counterfactual,zero,5,0.02255326023532824
9103334,sensor,random,1,0.025,early,action_blind,19,0.03370895125353005
9103334,sensor,random,1,0.025,early,adaptive_nonlinear,19,0.0026544683651929532
9103334,sensor,random,1,0.025,early,knn_all,19,0.0030819294205974347
9103334,sensor,random,1,0.025,early,knn_recent,19,0.003175053431545677
9103334,sensor,random,1,0.025,early,linear,19,0.006186784764711598
9103334,sensor,random,1,0.025,early,nonlinear,19,0.002654869843368599
9103334,sensor,random,1,0.025,early,zero,19,0.03270893964698708
9103334,sensor,random,1,0.025,late,action_blind,35,0.02885928074029981
9103334,sensor,random,1,0.025,late,adaptive_nonlinear,35,0.003403091032887841
9103334,sensor,random,1,0.025,late,knn_all,35,0.0036370435030292523
9103334,sensor,random,1,0.025,late,knn_recent,35,0.003764597847804469
9103334,sensor,random,1,0.025,late,linear,35,0.007433527069722369
9103334,sensor,random,1,0.025,late,nonlinear,35,0.003420646784942159
9103334,sensor,random,1,0.025,late,zero,35,0.026988077863149867
9103334,sensor,random,1,0.025,pre,action_blind,35,0.03629290600498855
9103334,sensor,random,1,0.025,pre,adaptive_nonlinear,35,0.0015472557744241604
9103334,sensor,random,1,0.025,pre,knn_all,35,0.0020295406555090457
9103334,sensor,random,1,0.025,pre,knn_recent,35,0.0020021056367698696
9103334,sensor,random,1,0.025,pre,linear,35,0.003409001631287943
9103334,sensor,random,1,0.025,pre,nonlinear,35,0.0015472557744241604
9103334,sensor,random,1,0.025,pre,zero,35,0.03424856945226414
9103334,unknown_nonlinear,random,1,0.025,counterfactual,action_blind,5,0.05615924304482343
9103334,unknown_nonlinear,random,1,0.025,counterfactual,adaptive_nonlinear,5,0.015561800895555252
9103334,unknown_nonlinear,random,1,0.025,counterfactual,knn_all,5,0.008156325019137586
9103334,unknown_nonlinear,random,1,0.025,counterfactual,knn_recent,5,0.007912419685388934
9103334,unknown_nonlinear,random,1,0.025,counterfactual,linear,5,0.011737787914920977
9103334,unknown_nonlinear,random,1,0.025,counterfactual,nonlinear,5,0.015561800895555252
9103334,unknown_nonlinear,random,1,0.025,counterfactual,zero,5,0.05099911769514024
9103334,unknown_nonlinear,random,1,0.025,early,action_blind,19,0.030562521413336843
9103334,unknown_nonlinear,random,1,0.025,early,adaptive_nonlinear,19,0.00478894799824021
9103334,unknown_nonlinear,random,1,0.025,early,knn_all,19,0.0040994756529516155
9103334,unknown_nonlinear,random,1,0.025,early,knn_recent,19,0.003931546023042349
9103334,unknown_nonlinear,random,1,0.025,early,linear,19,0.009622974827182315
9103334,unknown_nonlinear,random,1,0.025,early,nonlinear,19,0.00478894799824021
9103334,unknown_nonlinear,random,1,0.025,early,zero,19,0.02910669696720026
9103334,unknown_nonlinear,random,1,0.025,late,action_blind,35,0.05154438640982683
9103334,unknown_nonlinear,random,1,0.025,late,adaptive_nonlinear,35,0.01080674430022982
9103334,unknown_nonlinear,random,1,0.025,late,knn_all,35,0.005287442923062414
9103334,unknown_nonlinear,random,1,0.025,late,knn_recent,35,0.005220850901556772
9103334,unknown_nonlinear,random,1,0.025,late,linear,35,0.013900059822162978
9103334,unknown_nonlinear,random,1,0.025,late,nonlinear,35,0.01080674430022982
9103334,unknown_nonlinear,random,1,0.025,late,zero,35,0.05003899089440518
9103334,unknown_nonlinear,random,1,0.025,pre,action_blind,35,0.03629290600498855
9103334,unknown_nonlinear,random,1,0.025,pre,adaptive_nonlinear,35,0.0015472557744241604
9103334,unknown_nonlinear,random,1,0.025,pre,knn_all,35,0.0020295406555090457
9103334,unknown_nonlinear,random,1,0.025,pre,knn_recent,35,0.0020021056367698696
9103334,unknown_nonlinear,random,1,0.025,pre,linear,35,0.003409001631287943
9103334,unknown_nonlinear,random,1,0.025,pre,nonlinear,35,0.0015472557744241604
9103334,unknown_nonlinear,random,1,0.025,pre,zero,35,0.03424856945226414
9103435,external,random,1,0.025,counterfactual,action_blind,5,0.05013206393233736
9103435,external,random,1,0.025,counterfactual,adaptive_nonlinear,5,0.0072970534428187985
9103435,external,random,1,0.025,counterfactual,knn_all,5,0.0034460016236732257
9103435,external,random,1,0.025,counterfactual,knn_recent,5,0.0035024487414451397
9103435,external,random,1,0.025,counterfactual,linear,5,0.018060152734614823
9103435,external,random,1,0.025,counterfactual,nonlinear,5,0.007881806695002592
9103435,external,random,1,0.025,counterfactual,zero,5,0.04758223699377175
9103435,external,random,1,0.025,early,action_blind,19,0.04569554873630687
9103435,external,random,1,0.025,early,adaptive_nonlinear,19,0.003803934416486271
9103435,external,random,1,0.025,early,knn_all,19,0.009210710140848566
9103435,external,random,1,0.025,early,knn_recent,19,0.00766859772969557
9103435,external,random,1,0.025,early,linear,19,0.018176489412650976
9103435,external,random,1,0.025,early,nonlinear,19,0.003803934416486271
9103435,external,random,1,0.025,early,zero,19,0.05461863236808438
9103435,external,random,1,0.025,late,action_blind,35,0.053164796179561186
9103435,external,random,1,0.025,late,adaptive_nonlinear,35,0.00894690992440762
9103435,external,random,1,0.025,late,knn_all,35,0.005157742699883128
9103435,external,random,1,0.025,late,knn_recent,35,0.0051470078958659885
9103435,external,random,1,0.025,late,linear,35,0.015110554851316852
9103435,external,random,1,0.025,late,nonlinear,35,0.00907608573387949
9103435,external,random,1,0.025,late,zero,35,0.05160892616877416
9103435,external,random,1,0.025,pre,action_blind,35,0.03914509949154943
9103435,external,random,1,0.025,pre,adaptive_nonlinear,35,0.002341277862851129
9103435,external,random,1,0.025,pre,knn_all,35,0.0021977305931103943
9103435,external,random,1,0.025,pre,knn_recent,35,0.0021851574772845683
9103435,external,random,1,0.025,pre,linear,35,0.002370212964977538
9103435,external,random,1,0.025,pre,nonlinear,35,0.002341277862851129
9103435,external,random,1,0.025,pre,zero,35,0.03721166584015956
9103435,motor,random,1,0.025,counterfactual,action_blind,5,0.04289429293277831
9103435,motor,random,1,0.025,counterfactual,adaptive_nonlinear,5,0.0034972277701201095
9103435,motor,random,1,0.025,counterfactual,knn_all,5,0.003754328492597066
9103435,motor,random,1,0.025,counterfactual,knn_recent,5,0.004346791473070614
9103435,motor,random,1,0.025,counterfactual,linear,5,0.026964115907516018
9103435,motor,random,1,0.025,counterfactual,nonlinear,5,0.0034972277701201095
9103435,motor,random,1,0.025,counterfactual,zero,5,0.04018838109004607
9103435,motor,random,1,0.025,early,action_blind,19,0.026470589489210557
9103435,motor,random,1,0.025,early,adaptive_nonlinear,19,0.002786438681513201
9103435,motor,random,1,0.025,early,knn_all,19,0.002725452223621991
9103435,motor,random,1,0.025,early,knn_recent,19,0.002626217895542056
9103435,motor,random,1,0.025,early,linear,19,0.030353072945298848
9103435,motor,random,1,0.025,early,nonlinear,19,0.002786438681513201
9103435,motor,random,1,0.025,early,zero,19,0.025908026494355994
9103435,motor,random,1,0.025,late,action_blind,35,0.060012944024467794
9103435,motor,random,1,0.025,late,adaptive_nonlinear,35,0.005492567988392235
9103435,motor,random,1,0.025,late,knn_all,35,0.005121940578988671
9103435,motor,random,1,0.025,late,knn_recent,35,0.005211330948284862
9103435,motor,random,1,0.025,late,linear,35,0.031221922818005003
9103435,motor,random,1,0.025,late,nonlinear,35,0.005492567988392235
9103435,motor,random,1,0.025,late,zero,35,0.0584061911675014
9103435,motor,random,1,0.025,pre,action_blind,35,0.03914509949154943
9103435,motor,random,1,0.025,pre,adaptive_nonlinear,35,0.002341277862851129
9103435,motor,random,1,0.025,pre,knn_all,35,0.0021977305931103943
9103435,motor,random,1,0.025,pre,knn_recent,35,0.0021851574772845683
9103435,motor,random,1,0.025,pre,linear,35,0.002370212964977538
9103435,motor,random,1,0.025,pre,nonlinear,35,0.002341277862851129
9103435,motor,random,1,0.025,pre,zero,35,0.03721166584015956
9103435,motor_external,random,1,0.025,counterfactual,action_blind,5,0.047552063659038316
9103435,motor_external,random,1,0.025,counterfactual,adaptive_nonlinear,5,0.008916292110110375
9103435,motor_external,random,1,0.025,counterfactual,knn_all,5,0.006515721392693666
9103435,motor_external,random,1,0.025,counterfactual,knn_recent,5,0.007842583605620823
9103435,motor_external,random,1,0.025,counterfactual,linear,5,0.0216201583864238
9103435,motor_external,random,1,0.025,counterfactual,nonlinear,5,0.008204038795207133
9103435,motor_external,random,1,0.025,counterfactual,zero,5,0.039991200577620505
9103435,motor_external,random,1,0.025,early,action_blind,19,0.06608205432699928
9103435,motor_external,random,1,0.025,early,adaptive_nonlinear,19,0.008008630807881754
9103435,motor_external,random,1,0.025,early,knn_all,19,0.014918914405071511
9103435,motor_external,random,1,0.025,early,knn_recent,19,0.013353198882271898
9103435,motor_external,random,1,0.025,early,linear,19,0.07202627120944152
9103435,motor_external,random,1,0.025,early,nonlinear,19,0.008567518672807218
9103435,motor_external,random,1,0.025,early,zero,19,0.06650438568448255
9103435,motor_external,random,1,0.025,late,action_blind,35,0.04410770864613687
9103435,motor_external,random,1,0.025,late,adaptive_nonlinear,35,0.010939516677538985
9103435,motor_external,random,1,0.025,late,knn_all,35,0.006493145351300797
9103435,motor_external,random,1,0.025,late,knn_recent,35,0.006740538960139344
9103435,motor_external,random,1,0.025,late,linear,35,0.020328476547157602
9103435,motor_external,random,1,0.025,late,nonlinear,35,0.01072044972205552
9103435,motor_external,random,1,0.025,late,zero,35,0.04126871821506263
9103435,motor_external,random,1,0.025,pre,action_blind,35,0.03914509949154943
9103435,motor_external,random,1,0.025,pre,adaptive_nonlinear,35,0.002341277862851129
9103435,motor_external,random,1,0.025,pre,knn_all,35,0.0021977305931103943
9103435,motor_external,random,1,0.025,pre,knn_recent,35,0.0021851574772845683
9103435,motor_external,random,1,0.025,pre,linear,35,0.002370212964977538
9103435,motor_external,random,1,0.025,pre,nonlinear,35,0.002341277862851129
9103435,motor_external,random,1,0.025,pre,zero,35,0.03721166584015956
9103435,none,random,1,0.025,counterfactual,action_blind,5,0.03400246780321342
9103435,none,random,1,0.025,counterfactual,adaptive_nonlinear,5,0.001570755792540231
9103435,none,random,1,0.025,counterfactual,knn_all,5,0.0026490259519785205
9103435,none,random,1,0.025,counterfactual,knn_recent,5,0.002838899854845658
9103435,none,random,1,0.025,counterfactual,linear,5,0.006213390042949437
9103435,none,random,1,0.025,counterfactual,nonlinear,5,0.001570755792540231
9103435,none,random,1,0.025,counterfactual,zero,5,0.030218240578247367
9103435,none,random,1,0.025,early,action_blind,19,0.04364413098366069
9103435,none,random,1,0.025,early,adaptive_nonlinear,19,0.001799564733189334
9103435,none,random,1,0.025,early,knn_all,19,0.0024688834951337325
9103435,none,random,1,0.025,early,knn_recent,19,0.002462845161586496
9103435,none,random,1,0.025,early,linear,19,0.005113176179297489
9103435,none,random,1,0.025,early,nonlinear,19,0.001799564733189334
9103435,none,random,1,0.025,early,zero,19,0.03932733965422949
9103435,none,random,1,0.025,late,action_blind,35,0.03473805949633433
9103435,none,random,1,0.025,late,adaptive_nonlinear,35,0.00360510366211415
9103435,none,random,1,0.025,late,knn_all,35,0.003577284606690464
9103435,none,random,1,0.025,late,knn_recent,35,0.003632159417678296
9103435,none,random,1,0.025,late,linear,35,0.009731859138969448
9103435,none,random,1,0.025,late,nonlinear,35,0.00360510366211415
9103435,none,random,1,0.025,late,zero,35,0.03399867283082939
9103435,none,random,1,0.025,pre,action_blind,35,0.03914509949154943
9103435,none,random,1,0.025,pre,adaptive_nonlinear,35,0.002341277862851129
9103435,none,random,1,0.025,pre,knn_all,35,0.0021977305931103943
9103435,none,random,1,0.025,pre,knn_recent,35,0.0021851574772845683
9103435,none,random,1,0.025,pre,linear,35,0.002370212964977538
9103435,none,random,1,0.025,pre,nonlinear,35,0.002341277862851129
9103435,none,random,1,0.025,pre,zero,35,0.03721166584015956
9103435,sensor,random,1,0.025,counterfactual,action_blind,5,0.033137706761678515
9103435,sensor,random,1,0.025,counterfactual,adaptive_nonlinear,5,0.0015264056187416445
9103435,sensor,random,1,0.025,counterfactual,knn_all,5,0.0026490259519785205
9103435,sensor,random,1,0.025,counterfactual,knn_recent,5,0.002838899854845658
9103435,sensor,random,1,0.025,counterfactual,linear,5,0.006144746192771562
9103435,sensor,random,1,0.025,counterfactual,nonlinear,5,0.0015219659586948708
9103435,sensor,random,1,0.025,counterfactual,zero,5,0.030218240578247367
9103435,sensor,random,1,0.025,early,action_blind,19,0.04395014775471133
9103435,sensor,random,1,0.025,early,adaptive_nonlinear,19,0.001741625137653102
9103435,sensor,random,1,0.025,early,knn_all,19,0.0024710654292983032
9103435,sensor,random,1,0.025,early,knn_recent,19,0.002469831611219559
9103435,sensor,random,1,0.025,early,linear,19,0.00502466086175155
9103435,sensor,random,1,0.025,early,nonlinear,19,0.0017520739936601343
9103435,sensor,random,1,0.025,early,zero,19,0.03932733965422949
9103435,sensor,random,1,0.025,late,action_blind,35,0.0344705941825093
9103435,sensor,random,1,0.025,late,adaptive_nonlinear,35,0.0036488266794600854
9103435,sensor,random,1,0.025,late,knn_all,35,0.003577284606690464
9103435,sensor,random,1,0.025,late,knn_recent,35,0.003632159417678296
9103435,sensor,random,1,0.025,late,linear,35,0.00985562215701842
9103435,sensor,random,1,0.025,late,nonlinear,35,0.003697637083754107
9103435,sensor,random,1,0.025,late,zero,35,0.03399867283082939
9103435,sensor,random,1,0.025,pre,action_blind,35,0.03914509949154943
9103435,sensor,random,1,0.025,pre,adaptive_nonlinear,35,0.002341277862851129
9103435,sensor,random,1,0.025,pre,knn_all,35,0.0021977305931103943
9103435,sensor,random,1,0.025,pre,knn_recent,35,0.0021851574772845683
9103435,sensor,random,1,0.025,pre,linear,35,0.002370212964977538
9103435,sensor,random,1,0.025,pre,nonlinear,35,0.002341277862851129
9103435,sensor,random,1,0.025,pre,zero,35,0.03721166584015956
9103435,unknown_nonlinear,random,1,0.025,counterfactual,action_blind,5,0.04533968417923064
9103435,unknown_nonlinear,random,1,0.025,counterfactual,adaptive_nonlinear,5,0.012397220668389095
9103435,unknown_nonlinear,random,1,0.025,counterfactual,knn_all,5,0.00512729604158233
9103435,unknown_nonlinear,random,1,0.025,counterfactual,knn_recent,5,0.005090727862127277
9103435,unknown_nonlinear,random,1,0.025,counterfactual,linear,5,0.01299979513143314
9103435,unknown_nonlinear,random,1,0.025,counterfactual,nonlinear,5,0.012397220668389095
9103435,unknown_nonlinear,random,1,0.025,counterfactual,zero,5,0.045698939194116626
9103435,unknown_nonlinear,random,1,0.025,early,action_blind,19,0.03201831391710288
9103435,unknown_nonlinear,random,1,0.025,early,adaptive_nonlinear,19,0.00489373487180151
9103435,unknown_nonlinear,random,1,0.025,early,knn_all,19,0.0021969722713925974
9103435,unknown_nonlinear,random,1,0.025,early,knn_recent,19,0.002187330851607489
9103435,unknown_nonlinear,random,1,0.025,early,linear,19,0.0060327669738547245
9103435,unknown_nonlinear,random,1,0.025,early,nonlinear,19,0.00489373487180151
9103435,unknown_nonlinear,random,1,0.025,early,zero,19,0.03204043020932984
9103435,unknown_nonlinear,random,1,0.025,late,action_blind,35,0.04468541610328477
9103435,unknown_nonlinear,random,1,0.025,late,adaptive_nonlinear,35,0.011875294005143366
9103435,unknown_nonlinear,random,1,0.025,late,knn_all,35,0.0037076098667022037
9103435,unknown_nonlinear,random,1,0.025,late,knn_recent,35,0.003908489468563481
9103435,unknown_nonlinear,random,1,0.025,late,linear,35,0.013258087886881648
9103435,unknown_nonlinear,random,1,0.025,late,nonlinear,35,0.011875294005143366
9103435,unknown_nonlinear,random,1,0.025,late,zero,35,0.04284814945084412
9103435,unknown_nonlinear,random,1,0.025,pre,action_blind,35,0.03914509949154943
9103435,unknown_nonlinear,random,1,0.025,pre,adaptive_nonlinear,35,0.002341277862851129
9103435,unknown_nonlinear,random,1,0.025,pre,knn_all,35,0.0021977305931103943
9103435,unknown_nonlinear,random,1,0.025,pre,knn_recent,35,0.0021851574772845683
9103435,unknown_nonlinear,random,1,0.025,pre,linear,35,0.002370212964977538
9103435,unknown_nonlinear,random,1,0.025,pre,nonlinear,35,0.002341277862851129
9103435,unknown_nonlinear,random,1,0.025,pre,zero,35,0.03721166584015956
9103536,external,random,1,0.025,counterfactual,action_blind,5,0.019366103242596414
9103536,external,random,1,0.025,counterfactual,adaptive_nonlinear,5,0.0026158903865082126
9103536,external,random,1,0.025,counterfactual,knn_all,5,0.0039921471185317475
9103536,external,random,1,0.025,counterfactual,knn_recent,5,0.004000700236258939
9103536,external,random,1,0.025,counterfactual,linear,5,0.0246961323638153
9103536,external,random,1,0.025,counterfactual,nonlinear,5,0.0026158903865082126
9103536,external,random,1,0.025,counterfactual,zero,5,0.02677627758813597
9103536,external,random,1,0.025,early,action_blind,19,0.03808880077148027
9103536,external,random,1,0.025,early,adaptive_nonlinear,19,0.004170183431560677
9103536,external,random,1,0.025,early,knn_all,19,0.009649077106786067
9103536,external,random,1,0.025,early,knn_recent,19,0.007599569326571813
9103536,external,random,1,0.025,early,linear,19,0.025685561139462104
9103536,external,random,1,0.025,early,nonlinear,19,0.004170183431560677
9103536,external,random,1,0.025,early,zero,19,0.047164566341732446
9103536,external,random,1,0.025,late,action_blind,35,0.018898558469561073
9103536,external,random,1,0.025,late,adaptive_nonlinear,35,0.008155325437283638
9103536,external,random,1,0.025,late,knn_all,35,0.008053794214534591
9103536,external,random,1,0.025,late,knn_recent,35,0.007995831250423498
9103536,external,random,1,0.025,late,linear,35,0.03421537366318479
9103536,external,random,1,0.025,late,nonlinear,35,0.008155325437283638
9103536,external,random,1,0.025,late,zero,35,0.02040240584244237
9103536,external,random,1,0.025,pre,action_blind,35,0.05390049902666372
9103536,external,random,1,0.025,pre,adaptive_nonlinear,35,0.0022957972645761843
9103536,external,random,1,0.025,pre,knn_all,35,0.0030570377401586235
9103536,external,random,1,0.025,pre,knn_recent,35,0.0030703212520353258
9103536,external,random,1,0.025,pre,linear,35,0.004747184006373543
9103536,external,random,1,0.025,pre,nonlinear,35,0.0022957972645761843
9103536,external,random,1,0.025,pre,zero,35,0.050854657939788016
9103536,motor,random,1,0.025,counterfactual,action_blind,5,0.08032664925809072
9103536,motor,random,1,0.025,counterfactual,adaptive_nonlinear,5,0.028218769360483453
9103536,motor,random,1,0.025,counterfactual,knn_all,5,0.08956034096267666
9103536,motor,random,1,0.025,counterfactual,knn_recent,5,0.004521154016774989
9103536,motor,random,1,0.025,counterfactual,linear,5,0.04077214828257695
9103536,motor,random,1,0.025,counterfactual,nonlinear,5,0.033187278876956945
9103536,motor,random,1,0.025,counterfactual,zero,5,0.07275028949410654
9103536,motor,random,1,0.025,early,action_blind,19,0.039153349152308635
9103536,motor,random,1,0.025,early,adaptive_nonlinear,19,0.03861889943927062
9103536,motor,random,1,0.025,early,knn_all,19,0.03316646993151125
9103536,motor,random,1,0.025,early,knn_recent,19,0.01632990604094477
9103536,motor,random,1,0.025,early,linear,19,0.052314375416650585
9103536,motor,random,1,0.025,early,nonlinear,19,0.0449670865939971
9103536,motor,random,1,0.025,early,zero,19,0.04011317087521797
9103536,motor,random,1,0.025,late,action_blind,35,0.08400151853187336
9103536,motor,random,1,0.025,late,adaptive_nonlinear,35,0.012995197567854699
9103536,motor,random,1,0.025,late,knn_all,35,0.03190118898456817
9103536,motor,random,1,0.025,late,knn_recent,35,0.003471006147079411
9103536,motor,random,1,0.025,late,linear,35,0.03833673658101601
9103536,motor,random,1,0.025,late,nonlinear,35,0.015444673936962621
9103536,motor,random,1,0.025,late,zero,35,0.08138760100840661
9103536,motor,random,1,0.025,pre,action_blind,35,0.05390049902666372
9103536,motor,random,1,0.025,pre,adaptive_nonlinear,35,0.0022957972645761843
9103536,motor,random,1,0.025,pre,knn_all,35,0.0030570377401586235
9103536,motor,random,1,0.025,pre,knn_recent,35,0.0030703212520353258
9103536,motor,random,1,0.025,pre,linear,35,0.004747184006373543
9103536,motor,random,1,0.025,pre,nonlinear,35,0.0022957972645761843
9103536,motor,random,1,0.025,pre,zero,35,0.050854657939788016
9103536,motor_external,random,1,0.025,counterfactual,action_blind,5,0.016502184129773622
9103536,motor_external,random,1,0.025,counterfactual,adaptive_nonlinear,5,0.01653683551660423
9103536,motor_external,random,1,0.025,counterfactual,knn_all,5,0.015633919609145303
9103536,motor_external,random,1,0.025,counterfactual,knn_recent,5,0.01627212219927191
9103536,motor_external,random,1,0.025,counterfactual,linear,5,0.04276800839687686
9103536,motor_external,random,1,0.025,counterfactual,nonlinear,5,0.015939248864071297
9103536,motor_external,random,1,0.025,counterfactual,zero,5,0.027587031689582254
9103536,motor_external,random,1,0.025,early,action_blind,19,0.034047300807990476
9103536,motor_external,random,1,0.025,early,adaptive_nonlinear,19,0.010683109833750015
9103536,motor_external,random,1,0.025,early,knn_all,19,0.02614682446015719
9103536,motor_external,random,1,0.025,early,knn_recent,19,0.011494394790154088
9103536,motor_external,random,1,0.025,early,linear,19,0.06454253810083568
9103536,motor_external,random,1,0.025,early,nonlinear,19,0.01128528122773439
9103536,motor_external,random,1,0.025,early,zero,19,0.05049926788976091
9103536,motor_external,random,1,0.025,late,action_blind,35,0.018884744637230978
9103536,motor_external,random,1,0.025,late,adaptive_nonlinear,35,0.01748691833853934
9103536,motor_external,random,1,0.025,late,knn_all,35,0.014548464209008261
9103536,motor_external,random,1,0.025,late,knn_recent,35,0.014994674553962452
9103536,motor_external,random,1,0.025,late,linear,35,0.036669537167739054
9103536,motor_external,random,1,0.025,late,nonlinear,35,0.017291685121064878
9103536,motor_external,random,1,0.025,late,zero,35,0.02262433630250585
9103536,motor_external,random,1,0.025,pre,action_blind,35,0.05390049902666372
9103536,motor_external,random,1,0.025,pre,adaptive_nonlinear,35,0.0022957972645761843
9103536,motor_external,random,1,0.025,pre,knn_all,35,0.0030570377401586235
9103536,motor_external,random,1,0.025,pre,knn_recent,35,0.0030703212520353258
9103536,motor_external,random,1,0.025,pre,linear,35,0.004747184006373543
9103536,motor_external,random,1,0.025,pre,nonlinear,35,0.0022957972645761843
9103536,motor_external,random,1,0.025,pre,zero,35,0.050854657939788016
9103536,none,random,1,0.025,counterfactual,action_blind,5,0.029398077127819257
9103536,none,random,1,0.025,counterfactual,adaptive_nonlinear,5,0.0013758159197721
9103536,none,random,1,0.025,counterfactual,knn_all,5,0.001362505576684551
9103536,none,random,1,0.025,counterfactual,knn_recent,5,0.0013263134574941135
9103536,none,random,1,0.025,counterfactual,linear,5,0.0034986442390860435
9103536,none,random,1,0.025,counterfactual,nonlinear,5,0.0013758159197721
9103536,none,random,1,0.025,counterfactual,zero,5,0.02900550148787088
9103536,none,random,1,0.025,early,action_blind,19,0.029447832619503508
9103536,none,random,1,0.025,early,adaptive_nonlinear,19,0.001684368014906977
9103536,none,random,1,0.025,early,knn_all,19,0.001838806181893602
9103536,none,random,1,0.025,early,knn_recent,19,0.0017887530357411615
9103536,none,random,1,0.025,early,linear,19,0.003400254121453797
9103536,none,random,1,0.025,early,nonlinear,19,0.001684368014906977
9103536,none,random,1,0.025,early,zero,19,0.028216389769775772
9103536,none,random,1,0.025,late,action_blind,35,0.03467978806969315
9103536,none,random,1,0.025,late,adaptive_nonlinear,35,0.0019971793073644906
9103536,none,random,1,0.025,late,knn_all,35,0.0022222182718400025
9103536,none,random,1,0.025,late,knn_recent,35,0.002297834651255769
9103536,none,random,1,0.025,late,linear,35,0.004557236146487212
9103536,none,random,1,0.025,late,nonlinear,35,0.0019971793073644906
9103536,none,random,1,0.025,late,zero,35,0.03194938977368695
9103536,none,random,1,0.025,pre,action_blind,35,0.05390049902666372
9103536,none,random,1,0.025,pre,adaptive_nonlinear,35,0.0022957972645761843
9103536,none,random,1,0.025,pre,knn_all,35,0.0030570377401586235
9103536,none,random,1,0.025,pre,knn_recent,35,0.0030703212520353258
9103536,none,random,1,0.025,pre,linear,35,0.004747184006373543
9103536,none,random,1,0.025,pre,nonlinear,35,0.0022957972645761843
9103536,none,random,1,0.025,pre,zero,35,0.050854657939788016
9103536,sensor,random,1,0.025,counterfactual,action_blind,5,0.029725285257813518
9103536,sensor,random,1,0.025,counterfactual,adaptive_nonlinear,5,0.001373444793518205
9103536,sensor,random,1,0.025,counterfactual,knn_all,5,0.0013420920649298345
9103536,sensor,random,1,0.025,counterfactual,knn_recent,5,0.0013263134574941135
9103536,sensor,random,1,0.025,counterfactual,linear,5,0.0031352313834015254
9103536,sensor,random,1,0.025,counterfactual,nonlinear,5,0.0013666536755553363
9103536,sensor,random,1,0.025,counterfactual,zero,5,0.02900550148787088
9103536,sensor,random,1,0.025,early,action_blind,19,0.029187784463849516
9103536,sensor,random,1,0.025,early,adaptive_nonlinear,19,0.0018033952536380517
9103536,sensor,random,1,0.025,early,knn_all,19,0.0021356081381803415
9103536,sensor,random,1,0.025,early,knn_recent,19,0.0022267087270670927
9103536,sensor,random,1,0.025,early,linear,19,0.0031896998820395866
9103536,sensor,random,1,0.025,early,nonlinear,19,0.0017857955371511117
9103536,sensor,random,1,0.025,early,zero,19,0.028216389769775772
9103536,sensor,random,1,0.025,late,action_blind,35,0.03537246642835412
9103536,sensor,random,1,0.025,late,adaptive_nonlinear,35,0.002071648334917501
9103536,sensor,random,1,0.025,late,knn_all,35,0.0022398071382669854
9103536,sensor,random,1,0.025,late,knn_recent,35,0.002297834651255769
9103536,sensor,random,1,0.025,late,linear,35,0.004298588142870376
9103536,sensor,random,1,0.025,late,nonlinear,35,0.002060848732285781
9103536,sensor,random,1,0.025,late,zero,35,0.03194938977368695
9103536,sensor,random,1,0.025,pre,action_blind,35,0.05390049902666372
9103536,sensor,random,1,0.025,pre,adaptive_nonlinear,35,0.0022957972645761843
9103536,sensor,random,1,0.025,pre,knn_all,35,0.0030570377401586235
9103536,sensor,random,1,0.025,pre,knn_recent,35,0.0030703212520353258
9103536,sensor,random,1,0.025,pre,linear,35,0.004747184006373543
9103536,sensor,random,1,0.025,pre,nonlinear,35,0.0022957972645761843
9103536,sensor,random,1,0.025,pre,zero,35,0.050854657939788016
9103536,unknown_nonlinear,random,1,0.025,counterfactual,action_blind,5,0.05681813679185036
9103536,unknown_nonlinear,random,1,0.025,counterfactual,adaptive_nonlinear,5,0.008812625994844355
9103536,unknown_nonlinear,random,1,0.025,counterfactual,knn_all,5,0.006817897913589897
9103536,unknown_nonlinear,random,1,0.025,counterfactual,knn_recent,5,0.006786906267417713
9103536,unknown_nonlinear,random,1,0.025,counterfactual,linear,5,0.018262876060294787
9103536,unknown_nonlinear,random,1,0.025,counterfactual,nonlinear,5,0.008812625994844355
9103536,unknown_nonlinear,random,1,0.025,counterfactual,zero,5,0.05231668001760161
9103536,unknown_nonlinear,random,1,0.025,early,action_blind,19,0.03263283828229891
9103536,unknown_nonlinear,random,1,0.025,early,adaptive_nonlinear,19,0.005415244644730947
9103536,unknown_nonlinear,random,1,0.025,early,knn_all,19,0.0032209201586383823
9103536,unknown_nonlinear,random,1,0.025,early,knn_recent,19,0.0031731257601959736
9103536,unknown_nonlinear,random,1,0.025,early,linear,19,0.009264526874415556
9103536,unknown_nonlinear,random,1,0.025,early,nonlinear,19,0.005415244644730947
9103536,unknown_nonlinear,random,1,0.025,early,zero,19,0.030318640554685205
9103536,unknown_nonlinear,random,1,0.025,late,action_blind,35,0.049737978116159244
9103536,unknown_nonlinear,random,1,0.025,late,adaptive_nonlinear,35,0.006113690600910967
9103536,unknown_nonlinear,random,1,0.025,late,knn_all,35,0.004474208704129066
9103536,unknown_nonlinear,random,1,0.025,late,knn_recent,35,0.004503117296271526
9103536,unknown_nonlinear,random,1,0.025,late,linear,35,0.014491648195263426
9103536,unknown_nonlinear,random,1,0.025,late,nonlinear,35,0.006113690600910967
9103536,unknown_nonlinear,random,1,0.025,late,zero,35,0.046413505036391106
9103536,unknown_nonlinear,random,1,0.025,pre,action_blind,35,0.05390049902666372
9103536,unknown_nonlinear,random,1,0.025,pre,adaptive_nonlinear,35,0.0022957972645761843
9103536,unknown_nonlinear,random,1,0.025,pre,knn_all,35,0.0030570377401586235
9103536,unknown_nonlinear,random,1,0.025,pre,knn_recent,35,0.0030703212520353258
9103536,unknown_nonlinear,random,1,0.025,pre,linear,35,0.004747184006373543
9103536,unknown_nonlinear,random,1,0.025,pre,nonlinear,35,0.0022957972645761843
9103536,unknown_nonlinear,random,1,0.025,pre,zero,35,0.050854657939788016
9103637,external,random,1,0.025,counterfactual,action_blind,5,0.006074924719049296
9103637,external,random,1,0.025,counterfactual,adaptive_nonlinear,5,0.015578502713119152
9103637,external,random,1,0.025,counterfactual,knn_all,5,0.01708814781045925
9103637,external,random,1,0.025,counterfactual,knn_recent,5,0.020227372632132576
9103637,external,random,1,0.025,counterfactual,linear,5,0.04225547504759127
9103637,external,random,1,0.025,counterfactual,nonlinear,5,0.015578502713119152
9103637,external,random,1,0.025,counterfactual,zero,5,0.0041954884588107
9103637,external,random,1,0.025,early,action_blind,19,0.09668158694012144
9103637,external,random,1,0.025,early,adaptive_nonlinear,19,0.014272528215061878
9103637,external,random,1,0.025,early,knn_all,19,0.02006837137703902
9103637,external,random,1,0.025,early,knn_recent,19,0.017293032397772218
9103637,external,random,1,0.025,early,linear,19,0.04973553283841552
9103637,external,random,1,0.025,early,nonlinear,19,0.014272528215061878
9103637,external,random,1,0.025,early,zero,19,0.13103961539189388
9103637,external,random,1,0.025,late,action_blind,35,0.0037690036069136347
9103637,external,random,1,0.025,late,adaptive_nonlinear,35,0.006833242005384504
9103637,external,random,1,0.025,late,knn_all,35,0.005657754406064382
9103637,external,random,1,0.025,late,knn_recent,35,0.0061033366607713
9103637,external,random,1,0.025,late,linear,35,0.02922340717783968
9103637,external,random,1,0.025,late,nonlinear,35,0.006833242005384504
9103637,external,random,1,0.025,late,zero,35,0.0034175353791118723
9103637,external,random,1,0.025,pre,action_blind,35,0.05347640290187451
9103637,external,random,1,0.025,pre,adaptive_nonlinear,35,0.0019459986893644414
9103637,external,random,1,0.025,pre,knn_all,35,0.002369315167732039
9103637,external,random,1,0.025,pre,knn_recent,35,0.002352140092452023
9103637,external,random,1,0.025,pre,linear,35,0.002565183522971724
9103637,external,random,1,0.025,pre,nonlinear,35,0.0019459986893644414
9103637,external,random,1,0.025,pre,zero,35,0.05055966462025218
9103637,motor,random,1,0.025,counterfactual,action_blind,5,0.06519260378565579
9103637,motor,random,1,0.025,counterfactual,adaptive_nonlinear,5,0.0035308806986456874
9103637,motor,random,1,0.025,counterfactual,knn_all,5,0.0012373394126179995
9103637,motor,random,1,0.025,counterfactual,knn_recent,5,0.0020548002390548175
9103637,motor,random,1,0.025,counterfactual,linear,5,0.03371541487104817
9103637,motor,random,1,0.025,counterfactual,nonlinear,5,0.004499381610921671
9103637,motor,random,1,0.025,counterfactual,zero,5,0.06552336531516804
9103637,motor,random,1,0.025,early,action_blind,19,0.09755151092074853
9103637,motor,random,1,0.025,early,adaptive_nonlinear,19,0.02677906570652509
9103637,motor,random,1,0.025,early,knn_all,19,0.032323008068813726
9103637,motor,random,1,0.025,early,knn_recent,19,0.0269779045668418
9103637,motor,random,1,0.025,early,linear,19,0.0791354298348853
9103637,motor,random,1,0.025,early,nonlinear,19,0.032208539580339916
9103637,motor,random,1,0.025,early,zero,19,0.0805603414383795
9103637,motor,random,1,0.025,late,action_blind,35,0.05736340866890178
9103637,motor,random,1,0.025,late,adaptive_nonlinear,35,0.002475118023273461
9103637,motor,random,1,0.025,late,knn_all,35,0.001690869212998732
9103637,motor,random,1,0.025,late,knn_recent,35,0.0016698747823671463
9103637,motor,random,1,0.025,late,linear,35,0.02868409983005555
9103637,motor,random,1,0.025,late,nonlinear,35,0.0030258097846764718
9103637,motor,random,1,0.025,late,zero,35,0.05694670828244737
9103637,motor,random,1,0.025,pre,action_blind,35,0.05347640290187451
9103637,motor,random,1,0.025,pre,adaptive_nonlinear,35,0.0019459986893644414
9103637,motor,random,1,0.025,pre,knn_all,35,0.002369315167732039
9103637,motor,random,1,0.025,pre,knn_recent,35,0.002352140092452023
9103637,motor,random,1,0.025,pre,linear,35,0.002565183522971724
9103637,motor,random,1,0.025,pre,nonlinear,35,0.0019459986893644414
9103637,motor,random,1,0.025,pre,zero,35,0.05055966462025218
9103637,motor_external,random,1,0.025,counterfactual,action_blind,5,0.027891286637013755
9103637,motor_external,random,1,0.025,counterfactual,adaptive_nonlinear,5,0.0261589091820705
9103637,motor_external,random,1,0.025,counterfactual,knn_all,5,0.020504486024859468
9103637,motor_external,random,1,0.025,counterfactual,knn_recent,5,0.022799977019400723
9103637,motor_external,random,1,0.025,counterfactual,linear,5,0.027944247924590652
9103637,motor_external,random,1,0.025,counterfactual,nonlinear,5,0.027484361638438547
9103637,motor_external,random,1,0.025,counterfactual,zero,5,0.0041954884588107
9103637,motor_external,random,1,0.025,early,action_blind,19,0.05288333352674427
9103637,motor_external,random,1,0.025,early,adaptive_nonlinear,19,0.01840576244476373
9103637,motor_external,random,1,0.025,early,knn_all,19,0.04253769807585708
9103637,motor_external,random,1,0.025,early,knn_recent,19,0.03249504450606468
9103637,motor_external,random,1,0.025,early,linear,19,0.08238064552767427
9103637,motor_external,random,1,0.025,early,nonlinear,19,0.024825283560845263
9103637,motor_external,random,1,0.025,early,zero,19,0.07246779347273691
9103637,motor_external,random,1,0.025,late,action_blind,35,0.016681745298750907
9103637,motor_external,random,1,0.025,late,adaptive_nonlinear,35,0.012603398871155826
9103637,motor_external,random,1,0.025,late,knn_all,35,0.010480092366208922
9103637,motor_external,random,1,0.025,late,knn_recent,35,0.01086094387866329
9103637,motor_external,random,1,0.025,late,linear,35,0.024969940524727906
9103637,motor_external,random,1,0.025,late,nonlinear,35,0.013262586972578228
9103637,motor_external,random,1,0.025,late,zero,35,0.014282010465137388
9103637,motor_external,random,1,0.025,pre,action_blind,35,0.05347640290187451
9103637,motor_external,random,1,0.025,pre,adaptive_nonlinear,35,0.0019459986893644414
9103637,motor_external,random,1,0.025,pre,knn_all,35,0.002369315167732039
9103637,motor_external,random,1,0.025,pre,knn_recent,35,0.002352140092452023
9103637,motor_external,random,1,0.025,pre,linear,35,0.002565183522971724
9103637,motor_external,random,1,0.025,pre,nonlinear,35,0.0019459986893644414
9103637,motor_external,random,1,0.025,pre,zero,35,0.05055966462025218
9103637,none,random,1,0.025,counterfactual,action_blind,5,0.07524300245829567
9103637,none,random,1,0.025,counterfactual,adaptive_nonlinear,5,0.00216398051784222
9103637,none,random,1,0.025,counterfactual,knn_all,5,0.0018650266357477876
9103637,none,random,1,0.025,counterfactual,knn_recent,5,0.002540375099749128
9103637,none,random,1,0.025,counterfactual,linear,5,0.003273015784840673
9103637,none,random,1,0.025,counterfactual,nonlinear,5,0.00216398051784222
9103637,none,random,1,0.025,counterfactual,zero,5,0.07515482865669947
9103637,none,random,1,0.025,early,action_blind,19,0.06307827430532505
9103637,none,random,1,0.025,early,adaptive_nonlinear,19,0.0015710962669378036
9103637,none,random,1,0.025,early,knn_all,19,0.0018682560033796527
9103637,none,random,1,0.025,early,knn_recent,19,0.002320320102587667
9103637,none,random,1,0.025,early,linear,19,0.0023072451604495936
9103637,none,random,1,0.025,early,nonlinear,19,0.0015710962669378036
9103637,none,random,1,0.025,early,zero,19,0.061670212507593636
9103637,none,random,1,0.025,late,action_blind,35,0.07142644265330923
9103637,none,random,1,0.025,late,adaptive_nonlinear,35,0.0017369602476570664
9103637,none,random,1,0.025,late,knn_all,35,0.0018647174618177263
9103637,none,random,1,0.025,late,knn_recent,35,0.002006500614274762
9103637,none,random,1,0.025,late,linear,35,0.006736253300893807
9103637,none,random,1,0.025,late,nonlinear,35,0.0017369602476570664
9103637,none,random,1,0.025,late,zero,35,0.07015034306604719
9103637,none,random,1,0.025,pre,action_blind,35,0.05347640290187451
9103637,none,random,1,0.025,pre,adaptive_nonlinear,35,0.0019459986893644414
9103637,none,random,1,0.025,pre,knn_all,35,0.002369315167732039
9103637,none,random,1,0.025,pre,knn_recent,35,0.002352140092452023
9103637,none,random,1,0.025,pre,linear,35,0.002565183522971724
9103637,none,random,1,0.025,pre,nonlinear,35,0.0019459986893644414
9103637,none,random,1,0.025,pre,zero,35,0.05055966462025218
9103637,sensor,random,1,0.025,counterfactual,action_blind,5,0.07517269701917668
9103637,sensor,random,1,0.025,counterfactual,adaptive_nonlinear,5,0.0022081931675297104
9103637,sensor,random,1,0.025,counterfactual,knn_all,5,0.002097888384187534
9103637,sensor,random,1,0.025,counterfactual,knn_recent,5,0.002540375099749128
9103637,sensor,random,1,0.025,counterfactual,linear,5,0.0031416984282413734
9103637,sensor,random,1,0.025,counterfactual,nonlinear,5,0.0021949472249659582
9103637,sensor,random,1,0.025,counterfactual,zero,5,0.07515482865669947
9103637,sensor,random,1,0.025,early,action_blind,19,0.06467803117731018
9103637,sensor,random,1,0.025,early,adaptive_nonlinear,19,0.0016551572915670927
9103637,sensor,random,1,0.025,early,knn_all,19,0.0019845449876089247
9103637,sensor,random,1,0.025,early,knn_recent,19,0.002552482459005902
9103637,sensor,random,1,0.025,early,linear,19,0.0024124072257012976
9103637,sensor,random,1,0.025,early,nonlinear,19,0.0016473049711901787
9103637,sensor,random,1,0.025,early,zero,19,0.061670212507593636
9103637,sensor,random,1,0.025,late,action_blind,35,0.06975104194486284
9103637,sensor,random,1,0.025,late,adaptive_nonlinear,35,0.0017271866986506863
9103637,sensor,random,1,0.025,late,knn_all,35,0.0018875824683940133
9103637,sensor,random,1,0.025,late,knn_recent,35,0.002006500614274762
9103637,sensor,random,1,0.025,late,linear,35,0.006553090496880102
9103637,sensor,random,1,0.025,late,nonlinear,35,0.0017343106511820592
9103637,sensor,random,1,0.025,late,zero,35,0.07015034306604719
9103637,sensor,random,1,0.025,pre,action_blind,35,0.05347640290187451
9103637,sensor,random,1,0.025,pre,adaptive_nonlinear,35,0.0019459986893644414
9103637,sensor,random,1,0.025,pre,knn_all,35,0.002369315167732039
9103637,sensor,random,1,0.025,pre,knn_recent,35,0.002352140092452023
9103637,sensor,random,1,0.025,pre,linear,35,0.002565183522971724
9103637,sensor,random,1,0.025,pre,nonlinear,35,0.0019459986893644414
9103637,sensor,random,1,0.025,pre,zero,35,0.05055966462025218
9103637,unknown_nonlinear,random,1,0.025,counterfactual,action_blind,5,0.0346076073328777
9103637,unknown_nonlinear,random,1,0.025,counterfactual,adaptive_nonlinear,5,0.004255195272159133
9103637,unknown_nonlinear,random,1,0.025,counterfactual,knn_all,5,0.003496623855745376
9103637,unknown_nonlinear,random,1,0.025,counterfactual,knn_recent,5,0.003831288976230579
9103637,unknown_nonlinear,random,1,0.025,counterfactual,linear,5,0.008894711259327212
9103637,unknown_nonlinear,random,1,0.025,counterfactual,nonlinear,5,0.004255195272159133
9103637,unknown_nonlinear,random,1,0.025,counterfactual,zero,5,0.036764426623974215
9103637,unknown_nonlinear,random,1,0.025,early,action_blind,19,0.03546864594254896
9103637,unknown_nonlinear,random,1,0.025,early,adaptive_nonlinear,19,0.00722507692353832
9103637,unknown_nonlinear,random,1,0.025,early,knn_all,19,0.0043070371159314004
9103637,unknown_nonlinear,random,1,0.025,early,knn_recent,19,0.0033214857073244628
9103637,unknown_nonlinear,random,1,0.025,early,linear,19,0.012176903389570757
9103637,unknown_nonlinear,random,1,0.025,early,nonlinear,19,0.00722507692353832
9103637,unknown_nonlinear,random,1,0.025,early,zero,19,0.034717321107174626
9103637,unknown_nonlinear,random,1,0.025,late,action_blind,35,0.030068982857648294
9103637,unknown_nonlinear,random,1,0.025,late,adaptive_nonlinear,35,0.005767808283969901
9103637,unknown_nonlinear,random,1,0.025,late,knn_all,35,0.003582147770762501
9103637,unknown_nonlinear,random,1,0.025,late,knn_recent,35,0.0036703765618256294
9103637,unknown_nonlinear,random,1,0.025,late,linear,35,0.008222400401077933
9103637,unknown_nonlinear,random,1,0.025,late,nonlinear,35,0.005767808283969901
9103637,unknown_nonlinear,random,1,0.025,late,zero,35,0.02943569106225941
9103637,unknown_nonlinear,random,1,0.025,pre,action_blind,35,0.05347640290187451
9103637,unknown_nonlinear,random,1,0.025,pre,adaptive_nonlinear,35,0.0019459986893644414
9103637,unknown_nonlinear,random,1,0.025,pre,knn_all,35,0.002369315167732039
9103637,unknown_nonlinear,random,1,0.025,pre,knn_recent,35,0.002352140092452023
9103637,unknown_nonlinear,random,1,0.025,pre,linear,35,0.002565183522971724
9103637,unknown_nonlinear,random,1,0.025,pre,nonlinear,35,0.0019459986893644414
9103637,unknown_nonlinear,random,1,0.025,pre,zero,35,0.05055966462025218
9103738,external,random,1,0.025,counterfactual,action_blind,5,0.023569407525020958
9103738,external,random,1,0.025,counterfactual,adaptive_nonlinear,5,0.0031210233014056553
9103738,external,random,1,0.025,counterfactual,knn_all,5,0.004801614286317007
9103738,external,random,1,0.025,counterfactual,knn_recent,5,0.004965052599108706
9103738,external,random,1,0.025,counterfactual,linear,5,0.04142372773089764
9103738,external,random,1,0.025,counterfactual,nonlinear,5,0.0031210233014056553
9103738,external,random,1,0.025,counterfactual,zero,5,0.02839669038082105
9103738,external,random,1,0.025,early,action_blind,19,0.09238398566728784
9103738,external,random,1,0.025,early,adaptive_nonlinear,19,0.012156302244976052
9103738,external,random,1,0.025,early,knn_all,19,0.02029509289292611
9103738,external,random,1,0.025,early,knn_recent,19,0.019322658791911366
9103738,external,random,1,0.025,early,linear,19,0.04320566747760055
9103738,external,random,1,0.025,early,nonlinear,19,0.012156302244976052
9103738,external,random,1,0.025,early,zero,19,0.11966302781064939
9103738,external,random,1,0.025,late,action_blind,35,0.020271001965006315
9103738,external,random,1,0.025,late,adaptive_nonlinear,35,0.009061499907361143
9103738,external,random,1,0.025,late,knn_all,35,0.007845769181384271
9103738,external,random,1,0.025,late,knn_recent,35,0.007963844353309341
9103738,external,random,1,0.025,late,linear,35,0.03761815326983306
9103738,external,random,1,0.025,late,nonlinear,35,0.009061499907361143
9103738,external,random,1,0.025,late,zero,35,0.020849605457396874
9103738,external,random,1,0.025,pre,action_blind,35,0.05278186775477325
9103738,external,random,1,0.025,pre,adaptive_nonlinear,35,0.002097180212401485
9103738,external,random,1,0.025,pre,knn_all,35,0.0022680012998956864
9103738,external,random,1,0.025,pre,knn_recent,35,0.0022904249109483026
9103738,external,random,1,0.025,pre,linear,35,0.0024150339897179244
9103738,external,random,1,0.025,pre,nonlinear,35,0.002097180212401485
9103738,external,random,1,0.025,pre,zero,35,0.05108589390217074
9103738,motor,random,1,0.025,counterfactual,action_blind,5,0.08652603780086301
9103738,motor,random,1,0.025,counterfactual,adaptive_nonlinear,5,0.004509964810490047
9103738,motor,random,1,0.025,counterfactual,knn_all,5,0.004434076440343825
9103738,motor,random,1,0.025,counterfactual,knn_recent,5,0.004346478124263914
9103738,motor,random,1,0.025,counterfactual,linear,5,0.04614275202173602
9103738,motor,random,1,0.025,counterfactual,nonlinear,5,0.004603968544249705
9103738,motor,random,1,0.025,counterfactual,zero,5,0.08999920871689189
9103738,motor,random,1,0.025,early,action_blind,19,0.08235215396229592
9103738,motor,random,1,0.025,early,adaptive_nonlinear,19,0.026136195245620334
9103738,motor,random,1,0.025,early,knn_all,19,0.029052200580254015
9103738,motor,random,1,0.025,early,knn_recent,19,0.028491215282837788
9103738,motor,random,1,0.025,early,linear,19,0.07729834902302307
9103738,motor,random,1,0.025,early,nonlinear,19,0.027829441873663534
9103738,motor,random,1,0.025,early,zero,19,0.07495844041043853
9103738,motor,random,1,0.025,late,action_blind,35,0.07589339054726404
9103738,motor,random,1,0.025,late,adaptive_nonlinear,35,0.010780887244089652
9103738,motor,random,1,0.025,late,knn_all,35,0.005735887568932536
9103738,motor,random,1,0.025,late,knn_recent,35,0.005855670987264209
9103738,motor,random,1,0.025,late,linear,35,0.03236808528794025
9103738,motor,random,1,0.025,late,nonlinear,35,0.011147476030185698
9103738,motor,random,1,0.025,late,zero,35,0.0757497825230959
9103738,motor,random,1,0.025,pre,action_blind,35,0.05278186775477325
9103738,motor,random,1,0.025,pre,adaptive_nonlinear,35,0.002097180212401485
9103738,motor,random,1,0.025,pre,knn_all,35,0.0022680012998956864
9103738,motor,random,1,0.025,pre,knn_recent,35,0.0022904249109483026
9103738,motor,random,1,0.025,pre,linear,35,0.0024150339897179244
9103738,motor,random,1,0.025,pre,nonlinear,35,0.002097180212401485
9103738,motor,random,1,0.025,pre,zero,35,0.05108589390217074
9103738,motor_external,random,1,0.025,counterfactual,action_blind,5,0.02330395955559299
9103738,motor_external,random,1,0.025,counterfactual,adaptive_nonlinear,5,0.0035997132528926322
9103738,motor_external,random,1,0.025,counterfactual,knn_all,5,0.005365262287392562
9103738,motor_external,random,1,0.025,counterfactual,knn_recent,5,0.0053275646646727915
9103738,motor_external,random,1,0.025,counterfactual,linear,5,0.03461441948880179
9103738,motor_external,random,1,0.025,counterfactual,nonlinear,5,0.003515434913717389
9103738,motor_external,random,1,0.025,counterfactual,zero,5,0.03374054681413825
9103738,motor_external,random,1,0.025,early,action_blind,19,0.0906310047709429
9103738,motor_external,random,1,0.025,early,adaptive_nonlinear,19,0.04794693587633112
9103738,motor_external,random,1,0.025,early,knn_all,19,0.05024987592188944
9103738,motor_external,random,1,0.025,early,knn_recent,19,0.04824546645478436
9103738,motor_external,random,1,0.025,early,linear,19,0.08735735054667644
9103738,motor_external,random,1,0.025,early,nonlinear,19,0.050471812720962114
9103738,motor_external,random,1,0.025,early,zero,19,0.09383299743176512
9103738,motor_external,random,1,0.025,late,action_blind,35,0.014530448225562877
9103738,motor_external,random,1,0.025,late,adaptive_nonlinear,35,0.007338392080483785
9103738,motor_external,random,1,0.025,late,knn_all,35,0.005413822119738948
9103738,motor_external,random,1,0.025,late,knn_recent,35,0.005458544304618802
9103738,motor_external,random,1,0.025,late,linear,35,0.019379829679475845
9103738,motor_external,random,1,0.025,late,nonlinear,35,0.007525033720603915
9103738,motor_external,random,1,0.025,late,zero,35,0.01562821179253671
9103738,motor_external,random,1,0.025,pre,action_blind,35,0.05278186775477325
9103738,motor_external,random,1,0.025,pre,adaptive_nonlinear,35,0.002097180212401485
9103738,motor_external,random,1,0.025,pre,knn_all,35,0.0022680012998956864
9103738,motor_external,random,1,0.025,pre,knn_recent,35,0.0022904249109483026
9103738,motor_external,random,1,0.025,pre,linear,35,0.0024150339897179244
9103738,motor_external,random,1,0.025,pre,nonlinear,35,0.002097180212401485
9103738,motor_external,random,1,0.025,pre,zero,35,0.05108589390217074
9103738,none,random,1,0.025,counterfactual,action_blind,5,0.05867642440432243
9103738,none,random,1,0.025,counterfactual,adaptive_nonlinear,5,0.002478754349562579
9103738,none,random,1,0.025,counterfactual,knn_all,5,0.0033476914238862844
9103738,none,random,1,0.025,counterfactual,knn_recent,5,0.0025049243383693117
9103738,none,random,1,0.025,counterfactual,linear,5,0.002922957547779202
9103738,none,random,1,0.025,counterfactual,nonlinear,5,0.002478754349562579
9103738,none,random,1,0.025,counterfactual,zero,5,0.058641755759675965
9103738,none,random,1,0.025,early,action_blind,19,0.07543946328046433
9103738,none,random,1,0.025,early,adaptive_nonlinear,19,0.003382108074856148
9103738,none,random,1,0.025,early,knn_all,19,0.004335231063950491
9103738,none,random,1,0.025,early,knn_recent,19,0.004491949047468878
9103738,none,random,1,0.025,early,linear,19,0.007008986581536525
9103738,none,random,1,0.025,early,nonlinear,19,0.003382108074856148
9103738,none,random,1,0.025,early,zero,19,0.06622522913791684
9103738,none,random,1,0.025,late,action_blind,35,0.07390588381752015
9103738,none,random,1,0.025,late,adaptive_nonlinear,35,0.0014823265748790707
9103738,none,random,1,0.025,late,knn_all,35,0.002053161744661986
9103738,none,random,1,0.025,late,knn_recent,35,0.002314400836884438
9103738,none,random,1,0.025,late,linear,35,0.004878759306570002
9103738,none,random,1,0.025,late,nonlinear,35,0.0014823265748790707
9103738,none,random,1,0.025,late,zero,35,0.07341268561129734
9103738,none,random,1,0.025,pre,action_blind,35,0.05278186775477325
9103738,none,random,1,0.025,pre,adaptive_nonlinear,35,0.002097180212401485
9103738,none,random,1,0.025,pre,knn_all,35,0.0022680012998956864
9103738,none,random,1,0.025,pre,knn_recent,35,0.0022904249109483026
9103738,none,random,1,0.025,pre,linear,35,0.0024150339897179244
9103738,none,random,1,0.025,pre,nonlinear,35,0.002097180212401485
9103738,none,random,1,0.025,pre,zero,35,0.05108589390217074
9103738,sensor,random,1,0.025,counterfactual,action_blind,5,0.058627052614647936
9103738,sensor,random,1,0.025,counterfactual,adaptive_nonlinear,5,0.0025192183380482592
9103738,sensor,random,1,0.025,counterfactual,knn_all,5,0.002628840333909364
9103738,sensor,random,1,0.025,counterfactual,knn_recent,5,0.0025049243383693126
9103738,sensor,random,1,0.025,counterfactual,linear,5,0.003014722094703554
9103738,sensor,random,1,0.025,counterfactual,nonlinear,5,0.002519900532502624
9103738,sensor,random,1,0.025,counterfactual,zero,5,0.058641755759675965
9103738,sensor,random,1,0.025,early,action_blind,19,0.07432761333902702
9103738,sensor,random,1,0.025,early,adaptive_nonlinear,19,0.004912657239388681
9103738,sensor,random,1,0.025,early,knn_all,19,0.005748431544980917
9103738,sensor,random,1,0.025,early,knn_recent,19,0.006099757233452876
9103738,sensor,random,1,0.025,early,linear,19,0.007384493707271987
9103738,sensor,random,1,0.025,early,nonlinear,19,0.004810374441892303
9103738,sensor,random,1,0.025,early,zero,19,0.06622522913791683
9103738,sensor,random,1,0.025,late,action_blind,35,0.07335542027074185
9103738,sensor,random,1,0.025,late,adaptive_nonlinear,35,0.0017065518891058065
9103738,sensor,random,1,0.025,late,knn_all,35,0.0020601361213115794
9103738,sensor,random,1,0.025,late,knn_recent,35,0.0023144008368844384
9103738,sensor,random,1,0.025,late,linear,35,0.0048538497646738185
9103738,sensor,random,1,0.025,late,nonlinear,35,0.0017066994321257437
9103738,sensor,random,1,0.025,late,zero,35,0.07341268561129732
9103738,sensor,random,1,0.025,pre,action_blind,35,0.05278186775477325
9103738,sensor,random,1,0.025,pre,adaptive_nonlinear,35,0.002097180212401485
9103738,sensor,random,1,0.025,pre,knn_all,35,0.0022680012998956864
9103738,sensor,random,1,0.025,pre,knn_recent,35,0.0022904249109483026
9103738,sensor,random,1,0.025,pre,linear,35,0.0024150339897179244
9103738,sensor,random,1,0.025,pre,nonlinear,35,0.002097180212401485
9103738,sensor,random,1,0.025,pre,zero,35,0.05108589390217074
9103738,unknown_nonlinear,random,1,0.025,counterfactual,action_blind,5,0.04694455301241463
9103738,unknown_nonlinear,random,1,0.025,counterfactual,adaptive_nonlinear,5,0.007483906651254609
9103738,unknown_nonlinear,random,1,0.025,counterfactual,knn_all,5,0.004430161736627082
9103738,unknown_nonlinear,random,1,0.025,counterfactual,knn_recent,5,0.0037570400542758274
9103738,unknown_nonlinear,random,1,0.025,counterfactual,linear,5,0.008020283729913444
9103738,unknown_nonlinear,random,1,0.025,counterfactual,nonlinear,5,0.007483906651254609
9103738,unknown_nonlinear,random,1,0.025,counterfactual,zero,5,0.04470224175121719
9103738,unknown_nonlinear,random,1,0.025,early,action_blind,19,0.03816365992823043
9103738,unknown_nonlinear,random,1,0.025,early,adaptive_nonlinear,19,0.005003029286747819
9103738,unknown_nonlinear,random,1,0.025,early,knn_all,19,0.004013103422409239
9103738,unknown_nonlinear,random,1,0.025,early,knn_recent,19,0.0039997070990546515
9103738,unknown_nonlinear,random,1,0.025,early,linear,19,0.006258131377307821
9103738,unknown_nonlinear,random,1,0.025,early,nonlinear,19,0.005003029286747819
9103738,unknown_nonlinear,random,1,0.025,early,zero,19,0.03690199252969063
9103738,unknown_nonlinear,random,1,0.025,late,action_blind,35,0.032960720861149956
9103738,unknown_nonlinear,random,1,0.025,late,adaptive_nonlinear,35,0.003880846813070984
9103738,unknown_nonlinear,random,1,0.025,late,knn_all,35,0.0025923225115344643
9103738,unknown_nonlinear,random,1,0.025,late,knn_recent,35,0.0025360425146205515
9103738,unknown_nonlinear,random,1,0.025,late,linear,35,0.007159230106599774
9103738,unknown_nonlinear,random,1,0.025,late,nonlinear,35,0.003880846813070984
9103738,unknown_nonlinear,random,1,0.025,late,zero,35,0.034450718940575296
9103738,unknown_nonlinear,random,1,0.025,pre,action_blind,35,0.05278186775477325
9103738,unknown_nonlinear,random,1,0.025,pre,adaptive_nonlinear,35,0.002097180212401485
9103738,unknown_nonlinear,random,1,0.025,pre,knn_all,35,0.0022680012998956864
9103738,unknown_nonlinear,random,1,0.025,pre,knn_recent,35,0.0022904249109483026
9103738,unknown_nonlinear,random,1,0.025,pre,linear,35,0.0024150339897179244
9103738,unknown_nonlinear,random,1,0.025,pre,nonlinear,35,0.002097180212401485
9103738,unknown_nonlinear,random,1,0.025,pre,zero,35,0.05108589390217074
9103839,external,random,1,0.025,counterfactual,action_blind,5,0.06821305775197492
9103839,external,random,1,0.025,counterfactual,adaptive_nonlinear,5,0.02551297668062811
9103839,external,random,1,0.025,counterfactual,knn_all,5,0.023501783201515275
9103839,external,random,1,0.025,counterfactual,knn_recent,5,0.02349786463447641
9103839,external,random,1,0.025,counterfactual,linear,5,0.058031817875894495
9103839,external,random,1,0.025,counterfactual,nonlinear,5,0.024950712945601916
9103839,external,random,1,0.025,counterfactual,zero,5,0.0680553328860443
9103839,external,random,1,0.025,early,action_blind,19,0.1059646442903626
9103839,external,random,1,0.025,early,adaptive_nonlinear,19,0.011141118969019271
9103839,external,random,1,0.025,early,knn_all,19,0.016006599491593627
9103839,external,random,1,0.025,early,knn_recent,19,0.015527618998327284
9103839,external,random,1,0.025,early,linear,19,0.03867039384010538
9103839,external,random,1,0.025,early,nonlinear,19,0.011141118969019271
9103839,external,random,1,0.025,early,zero,19,0.11661138453196293
9103839,external,random,1,0.025,late,action_blind,35,0.04866708027828353
9103839,external,random,1,0.025,late,adaptive_nonlinear,35,0.0164431925955628
9103839,external,random,1,0.025,late,knn_all,35,0.014499967430965634
9103839,external,random,1,0.025,late,knn_recent,35,0.014192307771919658
9103839,external,random,1,0.025,late,linear,35,0.0382781994835473
9103839,external,random,1,0.025,late,nonlinear,35,0.01671675398369571
9103839,external,random,1,0.025,late,zero,35,0.047999659603385945
9103839,external,random,1,0.025,pre,action_blind,35,0.04821546487641857
9103839,external,random,1,0.025,pre,adaptive_nonlinear,35,0.0024933294878904887
9103839,external,random,1,0.025,pre,knn_all,35,0.0025088650850260156
9103839,external,random,1,0.025,pre,knn_recent,35,0.002536792330124967
9103839,external,random,1,0.025,pre,linear,35,0.00251660801148964
9103839,external,random,1,0.025,pre,nonlinear,35,0.0024933294878904887
9103839,external,random,1,0.025,pre,zero,35,0.047389829051930336
9103839,motor,random,1,0.025,counterfactual,action_blind,5,0.045798264308559156
9103839,motor,random,1,0.025,counterfactual,adaptive_nonlinear,5,0.005926771491509497
9103839,motor,random,1,0.025,counterfactual,knn_all,5,0.0012777261993820318
9103839,motor,random,1,0.025,counterfactual,knn_recent,5,0.0011559264055285515
9103839,motor,random,1,0.025,counterfactual,linear,5,0.031881280923681865
9103839,motor,random,1,0.025,counterfactual,nonlinear,5,0.004907935620967921
9103839,motor,random,1,0.025,counterfactual,zero,5,0.045561143260351586
9103839,motor,random,1,0.025,early,action_blind,19,0.0566528822882917
9103839,motor,random,1,0.025,early,adaptive_nonlinear,19,0.028294875666187644
9103839,motor,random,1,0.025,early,knn_all,19,0.03808289275600709
9103839,motor,random,1,0.025,early,knn_recent,19,0.03596357169044817
9103839,motor,random,1,0.025,early,linear,19,0.07555686721375238
9103839,motor,random,1,0.025,early,nonlinear,19,0.03198101982609721
9103839,motor,random,1,0.025,early,zero,19,0.05426268683809925
9103839,motor,random,1,0.025,late,action_blind,35,0.06492797656301724
9103839,motor,random,1,0.025,late,adaptive_nonlinear,35,0.017099241160286195
9103839,motor,random,1,0.025,late,knn_all,35,0.022842547191859273
9103839,motor,random,1,0.025,late,knn_recent,35,0.0028020536611836062
9103839,motor,random,1,0.025,late,linear,35,0.03275816239390528
9103839,motor,random,1,0.025,late,nonlinear,35,0.018906167132549462
9103839,motor,random,1,0.025,late,zero,35,0.058509763166483784
9103839,motor,random,1,0.025,pre,action_blind,35,0.04821546487641857
9103839,motor,random,1,0.025,pre,adaptive_nonlinear,35,0.0024933294878904887
9103839,motor,random,1,0.025,pre,knn_all,35,0.0025088650850260156
9103839,motor,random,1,0.025,pre,knn_recent,35,0.002536792330124967
9103839,motor,random,1,0.025,pre,linear,35,0.00251660801148964
9103839,motor,random,1,0.025,pre,nonlinear,35,0.0024933294878904887
9103839,motor,random,1,0.025,pre,zero,35,0.047389829051930336
9103839,motor_external,random,1,0.025,counterfactual,action_blind,5,0.04635692586124702
9103839,motor_external,random,1,0.025,counterfactual,adaptive_nonlinear,5,0.017059227773949668
9103839,motor_external,random,1,0.025,counterfactual,knn_all,5,0.012451863532986596
9103839,motor_external,random,1,0.025,counterfactual,knn_recent,5,0.012626563576125186
9103839,motor_external,random,1,0.025,counterfactual,linear,5,0.03974585467402276
9103839,motor_external,random,1,0.025,counterfactual,nonlinear,5,0.018934434891897396
9103839,motor_external,random,1,0.025,counterfactual,zero,5,0.03961843479549952
9103839,motor_external,random,1,0.025,early,action_blind,19,0.10764861789232057
9103839,motor_external,random,1,0.025,early,adaptive_nonlinear,19,0.029461459334909547
9103839,motor_external,random,1,0.025,early,knn_all,19,0.052497757409970154
9103839,motor_external,random,1,0.025,early,knn_recent,19,0.04916554018333491
9103839,motor_external,random,1,0.025,early,linear,19,0.11767823927303601
9103839,motor_external,random,1,0.025,early,nonlinear,19,0.03159294831822376
9103839,motor_external,random,1,0.025,early,zero,19,0.1125989470596333
9103839,motor_external,random,1,0.025,late,action_blind,35,0.04804435929096223
9103839,motor_external,random,1,0.025,late,adaptive_nonlinear,35,0.011465335964348667
9103839,motor_external,random,1,0.025,late,knn_all,35,0.007887464974940315
9103839,motor_external,random,1,0.025,late,knn_recent,35,0.007732090576602019
9103839,motor_external,random,1,0.025,late,linear,35,0.03025197977642014
9103839,motor_external,random,1,0.025,late,nonlinear,35,0.011885160538884441
9103839,motor_external,random,1,0.025,late,zero,35,0.04134212264449389
9103839,motor_external,random,1,0.025,pre,action_blind,35,0.04821546487641857
9103839,motor_external,random,1,0.025,pre,adaptive_nonlinear,35,0.0024933294878904887
9103839,motor_external,random,1,0.025,pre,knn_all,35,0.0025088650850260156
9103839,motor_external,random,1,0.025,pre,knn_recent,35,0.002536792330124967
9103839,motor_external,random,1,0.025,pre,linear,35,0.00251660801148964
9103839,motor_external,random,1,0.025,pre,nonlinear,35,0.0024933294878904887
9103839,motor_external,random,1,0.025,pre,zero,35,0.047389829051930336
9103839,none,random,1,0.025,counterfactual,action_blind,5,0.04781885915998627
9103839,none,random,1,0.025,counterfactual,adaptive_nonlinear,5,0.0007243351713192307
9103839,none,random,1,0.025,counterfactual,knn_all,5,0.0008716440572439199
9103839,none,random,1,0.025,counterfactual,knn_recent,5,0.0008702418823241913
9103839,none,random,1,0.025,counterfactual,linear,5,0.003987274589114945
9103839,none,random,1,0.025,counterfactual,nonlinear,5,0.0007243351713192307
9103839,none,random,1,0.025,counterfactual,zero,5,0.04679008877454756
9103839,none,random,1,0.025,early,action_blind,19,0.0594478049543609
9103839,none,random,1,0.025,early,adaptive_nonlinear,19,0.0024820903341077074
9103839,none,random,1,0.025,early,knn_all,19,0.0028709902970237163
9103839,none,random,1,0.025,early,knn_recent,19,0.0028500317062850797
9103839,none,random,1,0.025,early,linear,19,0.004729064268549884
9103839,none,random,1,0.025,early,nonlinear,19,0.0024820903341077074
9103839,none,random,1,0.025,early,zero,19,0.055705739781427586
9103839,none,random,1,0.025,late,action_blind,35,0.03772973230795049
9103839,none,random,1,0.025,late,adaptive_nonlinear,35,0.0018796303776765103
9103839,none,random,1,0.025,late,knn_all,35,0.002324425791900045
9103839,none,random,1,0.025,late,knn_recent,35,0.002310063407333564
9103839,none,random,1,0.025,late,linear,35,0.005173517506566318
9103839,none,random,1,0.025,late,nonlinear,35,0.0018796303776765103
9103839,none,random,1,0.025,late,zero,35,0.034137959027821296
9103839,none,random,1,0.025,pre,action_blind,35,0.04821546487641857
9103839,none,random,1,0.025,pre,adaptive_nonlinear,35,0.0024933294878904887
9103839,none,random,1,0.025,pre,knn_all,35,0.0025088650850260156
9103839,none,random,1,0.025,pre,knn_recent,35,0.002536792330124967
9103839,none,random,1,0.025,pre,linear,35,0.00251660801148964
9103839,none,random,1,0.025,pre,nonlinear,35,0.0024933294878904887
9103839,none,random,1,0.025,pre,zero,35,0.047389829051930336
9103839,sensor,random,1,0.025,counterfactual,action_blind,5,0.04796908645865833
9103839,sensor,random,1,0.025,counterfactual,adaptive_nonlinear,5,0.0010735010441666768
9103839,sensor,random,1,0.025,counterfactual,knn_all,5,0.0008720042165941673
9103839,sensor,random,1,0.025,counterfactual,knn_recent,5,0.0008702418823241913
9103839,sensor,random,1,0.025,counterfactual,linear,5,0.004167249891146736
9103839,sensor,random,1,0.025,counterfactual,nonlinear,5,0.0010645974273685726
9103839,sensor,random,1,0.025,counterfactual,zero,5,0.04679008877454756
9103839,sensor,random,1,0.025,early,action_blind,19,0.05852399127150374
9103839,sensor,random,1,0.025,early,adaptive_nonlinear,19,0.004673463416999752
9103839,sensor,random,1,0.025,early,knn_all,19,0.003891771847719364
9103839,sensor,random,1,0.025,early,knn_recent,19,0.003959661387387608
9103839,sensor,random,1,0.025,early,linear,19,0.0050248178979232
9103839,sensor,random,1,0.025,early,nonlinear,19,0.004494596383877107
9103839,sensor,random,1,0.025,early,zero,19,0.055705739781427586
9103839,sensor,random,1,0.025,late,action_blind,35,0.037734532675861
9103839,sensor,random,1,0.025,late,adaptive_nonlinear,35,0.002017476449637459
9103839,sensor,random,1,0.025,late,knn_all,35,0.0023245110858616546
9103839,sensor,random,1,0.025,late,knn_recent,35,0.002310063407333564
9103839,sensor,random,1,0.025,late,linear,35,0.005222190149801017
9103839,sensor,random,1,0.025,late,nonlinear,35,0.0019936676791411953
9103839,sensor,random,1,0.025,late,zero,35,0.034137959027821296
9103839,sensor,random,1,0.025,pre,action_blind,35,0.04821546487641857
9103839,sensor,random,1,0.025,pre,adaptive_nonlinear,35,0.0024933294878904887
9103839,sensor,random,1,0.025,pre,knn_all,35,0.0025088650850260156
9103839,sensor,random,1,0.025,pre,knn_recent,35,0.002536792330124967
9103839,sensor,random,1,0.025,pre,linear,35,0.00251660801148964
9103839,sensor,random,1,0.025,pre,nonlinear,35,0.0024933294878904887
9103839,sensor,random,1,0.025,pre,zero,35,0.047389829051930336
9103839,unknown_nonlinear,random,1,0.025,counterfactual,action_blind,5,0.03642972983890554
9103839,unknown_nonlinear,random,1,0.025,counterfactual,adaptive_nonlinear,5,0.007761768465980442
9103839,unknown_nonlinear,random,1,0.025,counterfactual,knn_all,5,0.0019492560402246208
9103839,unknown_nonlinear,random,1,0.025,counterfactual,knn_recent,5,0.0019346151851545117
9103839,unknown_nonlinear,random,1,0.025,counterfactual,linear,5,0.012559780415149688
9103839,unknown_nonlinear,random,1,0.025,counterfactual,nonlinear,5,0.007761768465980442
9103839,unknown_nonlinear,random,1,0.025,counterfactual,zero,5,0.038085611509299705
9103839,unknown_nonlinear,random,1,0.025,early,action_blind,19,0.05609474122065659
9103839,unknown_nonlinear,random,1,0.025,early,adaptive_nonlinear,19,0.005532595247476942
9103839,unknown_nonlinear,random,1,0.025,early,knn_all,19,0.00470903592611444
9103839,unknown_nonlinear,random,1,0.025,early,knn_recent,19,0.004666862145292941
9103839,unknown_nonlinear,random,1,0.025,early,linear,19,0.008404158010065069
9103839,unknown_nonlinear,random,1,0.025,early,nonlinear,19,0.005532595247476942
9103839,unknown_nonlinear,random,1,0.025,early,zero,19,0.05098528225233912
9103839,unknown_nonlinear,random,1,0.025,late,action_blind,35,0.07335325566444777
9103839,unknown_nonlinear,random,1,0.025,late,adaptive_nonlinear,35,0.014809178697697413
9103839,unknown_nonlinear,random,1,0.025,late,knn_all,35,0.009259710967095243
9103839,unknown_nonlinear,random,1,0.025,late,knn_recent,35,0.009533729652938307
9103839,unknown_nonlinear,random,1,0.025,late,linear,35,0.024898434759732985
9103839,unknown_nonlinear,random,1,0.025,late,nonlinear,35,0.014814159201560751
9103839,unknown_nonlinear,random,1,0.025,late,zero,35,0.06620320266522405
9103839,unknown_nonlinear,random,1,0.025,pre,action_blind,35,0.04821546487641857
9103839,unknown_nonlinear,random,1,0.025,pre,adaptive_nonlinear,35,0.0024933294878904887
9103839,unknown_nonlinear,random,1,0.025,pre,knn_all,35,0.0025088650850260156
9103839,unknown_nonlinear,random,1,0.025,pre,knn_recent,35,0.002536792330124967
9103839,unknown_nonlinear,random,1,0.025,pre,linear,35,0.00251660801148964
9103839,unknown_nonlinear,random,1,0.025,pre,nonlinear,35,0.0024933294878904887
9103839,unknown_nonlinear,random,1,0.025,pre,zero,35,0.047389829051930336
9103940,external,random,1,0.025,counterfactual,action_blind,5,0.04456180072440352
9103940,external,random,1,0.025,counterfactual,adaptive_nonlinear,5,0.0067511478425249655
9103940,external,random,1,0.025,counterfactual,knn_all,5,0.004794230493004281
9103940,external,random,1,0.025,counterfactual,knn_recent,5,0.004787097890460173
9103940,external,random,1,0.025,counterfactual,linear,5,0.017721019970966746
9103940,external,random,1,0.025,counterfactual,nonlinear,5,0.0067511478425249655
9103940,external,random,1,0.025,counterfactual,zero,5,0.043587762133233156
9103940,external,random,1,0.025,early,action_blind,19,0.10157952319738901
9103940,external,random,1,0.025,early,adaptive_nonlinear,19,0.012495918499360352
9103940,external,random,1,0.025,early,knn_all,19,0.019643490898391968
9103940,external,random,1,0.025,early,knn_recent,19,0.01689477390722091
9103940,external,random,1,0.025,early,linear,19,0.03727298110896695
9103940,external,random,1,0.025,early,nonlinear,19,0.012495918499360352
9103940,external,random,1,0.025,early,zero,19,0.10001279766028039
9103940,external,random,1,0.025,late,action_blind,35,0.05406820083661772
9103940,external,random,1,0.025,late,adaptive_nonlinear,35,0.01189805652855258
9103940,external,random,1,0.025,late,knn_all,35,0.008219648408805957
9103940,external,random,1,0.025,late,knn_recent,35,0.00911541716986815
9103940,external,random,1,0.025,late,linear,35,0.022234330403525952
9103940,external,random,1,0.025,late,nonlinear,35,0.01189805652855258
9103940,external,random,1,0.025,late,zero,35,0.052824055444291786
9103940,external,random,1,0.025,pre,action_blind,35,0.05902944126903505
9103940,external,random,1,0.025,pre,adaptive_nonlinear,35,0.0022273285447573076
9103940,external,random,1,0.025,pre,knn_all,35,0.0022866005953650834
9103940,external,random,1,0.025,pre,knn_recent,35,0.0023058991739924794
9103940,external,random,1,0.025,pre,linear,35,0.00243238260319463
9103940,external,random,1,0.025,pre,nonlinear,35,0.0022273285447573076
9103940,external,random,1,0.025,pre,zero,35,0.05832046885943337
9103940,motor,random,1,0.025,counterfactual,action_blind,5,0.08447860947854302
9103940,motor,random,1,0.025,counterfactual,adaptive_nonlinear,5,0.004575734804188244
9103940,motor,random,1,0.025,counterfactual,knn_all,5,0.012961785759540486
9103940,motor,random,1,0.025,counterfactual,knn_recent,5,0.0010841900183221687
9103940,motor,random,1,0.025,counterfactual,linear,5,0.04678444147073451
9103940,motor,random,1,0.025,counterfactual,nonlinear,5,0.010892023001553707
9103940,motor,random,1,0.025,counterfactual,zero,5,0.08175475216038525
9103940,motor,random,1,0.025,early,action_blind,19,0.06611034776834315
9103940,motor,random,1,0.025,early,adaptive_nonlinear,19,0.05074687507352514
9103940,motor,random,1,0.025,early,knn_all,19,0.06461430593390492
9103940,motor,random,1,0.025,early,knn_recent,19,0.043947807001422805
9103940,motor,random,1,0.025,early,linear,19,0.07560883009144205
9103940,motor,random,1,0.025,early,nonlinear,19,0.07027423087436657
9103940,motor,random,1,0.025,early,zero,19,0.059601088095955296
9103940,motor,random,1,0.025,late,action_blind,35,0.09542312879658982
9103940,motor,random,1,0.025,late,adaptive_nonlinear,35,0.007803227589005522
9103940,motor,random,1,0.025,late,knn_all,35,0.014508695766968477
9103940,motor,random,1,0.025,late,knn_recent,35,0.0026211891682421185
9103940,motor,random,1,0.025,late,linear,35,0.042532480570383814
9103940,motor,random,1,0.025,late,nonlinear,35,0.013338902625436518
9103940,motor,random,1,0.025,late,zero,35,0.09475726300697809
9103940,motor,random,1,0.025,pre,action_blind,35,0.05902944126903505
9103940,motor,random,1,0.025,pre,adaptive_nonlinear,35,0.0022273285447573076
9103940,motor,random,1,0.025,pre,knn_all,35,0.0022866005953650834
9103940,motor,random,1,0.025,pre,knn_recent,35,0.0023058991739924794
9103940,motor,random,1,0.025,pre,linear,35,0.00243238260319463
9103940,motor,random,1,0.025,pre,nonlinear,35,0.0022273285447573076
9103940,motor,random,1,0.025,pre,zero,35,0.05832046885943337
9103940,motor_external,random,1,0.025,counterfactual,action_blind,5,0.018478130927320854
9103940,motor_external,random,1,0.025,counterfactual,adaptive_nonlinear,5,0.0021637599785646767
9103940,motor_external,random,1,0.025,counterfactual,knn_all,5,0.0029185783912148025
9103940,motor_external,random,1,0.025,counterfactual,knn_recent,5,0.002941249488892018
9103940,motor_external,random,1,0.025,counterfactual,linear,5,0.019364775283051906
9103940,motor_external,random,1,0.025,counterfactual,nonlinear,5,0.0023475549187885127
9103940,motor_external,random,1,0.025,counterfactual,zero,5,0.014837038589098916
9103940,motor_external,random,1,0.025,early,action_blind,19,0.10089431546673476
9103940,motor_external,random,1,0.025,early,adaptive_nonlinear,19,0.03072003820423571
9103940,motor_external,random,1,0.025,early,knn_all,19,0.0603899068337709
9103940,motor_external,random,1,0.025,early,knn_recent,19,0.03379186356382087
9103940,motor_external,random,1,0.025,early,linear,19,0.09844393359905312
9103940,motor_external,random,1,0.025,early,nonlinear,19,0.03489718852328668
9103940,motor_external,random,1,0.025,early,zero,19,0.1026597046622196
9103940,motor_external,random,1,0.025,late,action_blind,35,0.018791956392598803
9103940,motor_external,random,1,0.025,late,adaptive_nonlinear,35,0.0038284561166387412
9103940,motor_external,random,1,0.025,late,knn_all,35,0.0035734378784261843
9103940,motor_external,random,1,0.025,late,knn_recent,35,0.00355935736690664
9103940,motor_external,random,1,0.025,late,linear,35,0.019713154510935367
9103940,motor_external,random,1,0.025,late,nonlinear,35,0.0038134103611175084
9103940,motor_external,random,1,0.025,late,zero,35,0.017310980252373126
9103940,motor_external,random,1,0.025,pre,action_blind,35,0.05902944126903505
9103940,motor_external,random,1,0.025,pre,adaptive_nonlinear,35,0.0022273285447573076
9103940,motor_external,random,1,0.025,pre,knn_all,35,0.0022866005953650834
9103940,motor_external,random,1,0.025,pre,knn_recent,35,0.0023058991739924794
9103940,motor_external,random,1,0.025,pre,linear,35,0.00243238260319463
9103940,motor_external,random,1,0.025,pre,nonlinear,35,0.0022273285447573076
9103940,motor_external,random,1,0.025,pre,zero,35,0.05832046885943337
9103940,none,random,1,0.025,counterfactual,action_blind,5,0.04723692615524488
9103940,none,random,1,0.025,counterfactual,adaptive_nonlinear,5,0.0006003161900607723
9103940,none,random,1,0.025,counterfactual,knn_all,5,0.0007514163592095532
9103940,none,random,1,0.025,counterfactual,knn_recent,5,0.0009916837322788497
9103940,none,random,1,0.025,counterfactual,linear,5,0.0014567442637913924
9103940,none,random,1,0.025,counterfactual,nonlinear,5,0.0006003161900607723
9103940,none,random,1,0.025,counterfactual,zero,5,0.0446261097836534
9103940,none,random,1,0.025,early,action_blind,19,0.04764884313637403
9103940,none,random,1,0.025,early,adaptive_nonlinear,19,0.0018432240147444265
9103940,none,random,1,0.025,early,knn_all,19,0.002112831059198483
9103940,none,random,1,0.025,early,knn_recent,19,0.0024017311021586212
9103940,none,random,1,0.025,early,linear,19,0.002155165200375713
9103940,none,random,1,0.025,early,nonlinear,19,0.0018432240147444265
9103940,none,random,1,0.025,early,zero,19,0.04968721378855525
9103940,none,random,1,0.025,late,action_blind,35,0.053189519474046376
9103940,none,random,1,0.025,late,adaptive_nonlinear,35,0.0019353273358073513
9103940,none,random,1,0.025,late,knn_all,35,0.0025109106066089036
9103940,none,random,1,0.025,late,knn_recent,35,0.0024180762969207314
9103940,none,random,1,0.025,late,linear,35,0.0037926817872955187
9103940,none,random,1,0.025,late,nonlinear,35,0.0019353273358073513
9103940,none,random,1,0.025,late,zero,35,0.04989354681565149
9103940,none,random,1,0.025,pre,action_blind,35,0.05902944126903505
9103940,none,random,1,0.025,pre,adaptive_nonlinear,35,0.0022273285447573076
9103940,none,random,1,0.025,pre,knn_all,35,0.0022866005953650834
9103940,none,random,1,0.025,pre,knn_recent,35,0.0023058991739924794
9103940,none,random,1,0.025,pre,linear,35,0.00243238260319463
9103940,none,random,1,0.025,pre,nonlinear,35,0.0022273285447573076
9103940,none,random,1,0.025,pre,zero,35,0.05832046885943337
9103940,sensor,random,1,0.025,counterfactual,action_blind,5,0.046043448929986054
9103940,sensor,random,1,0.025,counterfactual,adaptive_nonlinear,5,0.00043924469216547276
9103940,sensor,random,1,0.025,counterfactual,knn_all,5,0.0010005648945288449
9103940,sensor,random,1,0.025,counterfactual,knn_recent,5,0.0009916837322788497
9103940,sensor,random,1,0.025,counterfactual,linear,5,0.0012768359169570268
9103940,sensor,random,1,0.025,counterfactual,nonlinear,5,0.0004453363037046405
9103940,sensor,random,1,0.025,counterfactual,zero,5,0.0446261097836534
9103940,sensor,random,1,0.025,early,action_blind,19,0.05009379204208555
9103940,sensor,random,1,0.025,early,adaptive_nonlinear,19,0.002218329489206656
9103940,sensor,random,1,0.025,early,knn_all,19,0.0025962176572058328
9103940,sensor,random,1,0.025,early,knn_recent,19,0.003070893294939824
9103940,sensor,random,1,0.025,early,linear,19,0.002313792799654007
9103940,sensor,random,1,0.025,early,nonlinear,19,0.0021698462236178118
9103940,sensor,random,1,0.025,early,zero,19,0.04968721378855525
9103940,sensor,random,1,0.025,late,action_blind,35,0.05261239538692333
9103940,sensor,random,1,0.025,late,adaptive_nonlinear,35,0.0019124144852777536
9103940,sensor,random,1,0.025,late,knn_all,35,0.0025330298652166006
9103940,sensor,random,1,0.025,late,knn_recent,35,0.0024180762969207314
9103940,sensor,random,1,0.025,late,linear,35,0.0036893501894719348
9103940,sensor,random,1,0.025,late,nonlinear,35,0.0019095184808716665
9103940,sensor,random,1,0.025,late,zero,35,0.04989354681565149
9103940,sensor,random,1,0.025,pre,action_blind,35,0.05902944126903505
9103940,sensor,random,1,0.025,pre,adaptive_nonlinear,35,0.0022273285447573076
9103940,sensor,random,1,0.025,pre,knn_all,35,0.0022866005953650834
9103940,sensor,random,1,0.025,pre,knn_recent,35,0.0023058991739924794
9103940,sensor,random,1,0.025,pre,linear,35,0.00243238260319463
9103940,sensor,random,1,0.025,pre,nonlinear,35,0.0022273285447573076
9103940,sensor,random,1,0.025,pre,zero,35,0.05832046885943337
9103940,unknown_nonlinear,random,1,0.025,counterfactual,action_blind,5,0.07121133077573268
9103940,unknown_nonlinear,random,1,0.025,counterfactual,adaptive_nonlinear,5,0.004686999715255569
9103940,unknown_nonlinear,random,1,0.025,counterfactual,knn_all,5,0.0010134027172389937
9103940,unknown_nonlinear,random,1,0.025,counterfactual,knn_recent,5,0.0012433005585336567
9103940,unknown_nonlinear,random,1,0.025,counterfactual,linear,5,0.006049497644857739
9103940,unknown_nonlinear,random,1,0.025,counterfactual,nonlinear,5,0.004686999715255569
9103940,unknown_nonlinear,random,1,0.025,counterfactual,zero,5,0.06922839414557334
9103940,unknown_nonlinear,random,1,0.025,early,action_blind,19,0.07889416448564213
9103940,unknown_nonlinear,random,1,0.025,early,adaptive_nonlinear,19,0.007932928262961443
9103940,unknown_nonlinear,random,1,0.025,early,knn_all,19,0.00628103517419376
9103940,unknown_nonlinear,random,1,0.025,early,knn_recent,19,0.005670065039816506
9103940,unknown_nonlinear,random,1,0.025,early,linear,19,0.009640988302146908
9103940,unknown_nonlinear,random,1,0.025,early,nonlinear,19,0.007932928262961443
9103940,unknown_nonlinear,random,1,0.025,early,zero,19,0.07079312898513264
9103940,unknown_nonlinear,random,1,0.025,late,action_blind,35,0.07037029763571974
9103940,unknown_nonlinear,random,1,0.025,late,adaptive_nonlinear,35,0.009309955479518446
9103940,unknown_nonlinear,random,1,0.025,late,knn_all,35,0.004775334815983563
9103940,unknown_nonlinear,random,1,0.025,late,knn_recent,35,0.00462744326552496
9103940,unknown_nonlinear,random,1,0.025,late,linear,35,0.014588725484756407
9103940,unknown_nonlinear,random,1,0.025,late,nonlinear,35,0.009309955479518446
9103940,unknown_nonlinear,random,1,0.025,late,zero,35,0.06602873109310914
9103940,unknown_nonlinear,random,1,0.025,pre,action_blind,35,0.05902944126903505
9103940,unknown_nonlinear,random,1,0.025,pre,adaptive_nonlinear,35,0.0022273285447573076
9103940,unknown_nonlinear,random,1,0.025,pre,knn_all,35,0.0022866005953650834
9103940,unknown_nonlinear,random,1,0.025,pre,knn_recent,35,0.0023058991739924794
9103940,unknown_nonlinear,random,1,0.025,pre,linear,35,0.00243238260319463
9103940,unknown_nonlinear,random,1,0.025,pre,nonlinear,35,0.0022273285447573076
9103940,unknown_nonlinear,random,1,0.025,pre,zero,35,0.05832046885943337
9104041,external,random,1,0.025,counterfactual,action_blind,5,0.05854163107746398
9104041,external,random,1,0.025,counterfactual,adaptive_nonlinear,5,0.01386909947956611
9104041,external,random,1,0.025,counterfactual,knn_all,5,0.010001299344145276
9104041,external,random,1,0.025,counterfactual,knn_recent,5,0.010205753415295301
9104041,external,random,1,0.025,counterfactual,linear,5,0.02864151981089217
9104041,external,random,1,0.025,counterfactual,nonlinear,5,0.01386909947956611
9104041,external,random,1,0.025,counterfactual,zero,5,0.0820826696329593
9104041,external,random,1,0.025,early,action_blind,19,0.07603166297836506
9104041,external,random,1,0.025,early,adaptive_nonlinear,19,0.0071453665947870506
9104041,external,random,1,0.025,early,knn_all,19,0.016104797409266618
9104041,external,random,1,0.025,early,knn_recent,19,0.012129959114883982
9104041,external,random,1,0.025,early,linear,19,0.024407393680165774
9104041,external,random,1,0.025,early,nonlinear,19,0.0071453665947870506
9104041,external,random,1,0.025,early,zero,19,0.07756284865092707
9104041,external,random,1,0.025,late,action_blind,35,0.04236523840814074
9104041,external,random,1,0.025,late,adaptive_nonlinear,35,0.020595998921965935
9104041,external,random,1,0.025,late,knn_all,35,0.021784229962709845
9104041,external,random,1,0.025,late,knn_recent,35,0.024318732911427516
9104041,external,random,1,0.025,late,linear,35,0.04927020049808156
9104041,external,random,1,0.025,late,nonlinear,35,0.021177509034629644
9104041,external,random,1,0.025,late,zero,35,0.041978895795944715
9104041,external,random,1,0.025,pre,action_blind,35,0.05520212070613524
9104041,external,random,1,0.025,pre,adaptive_nonlinear,35,0.0018171692259301708
9104041,external,random,1,0.025,pre,knn_all,35,0.0020060827198217163
9104041,external,random,1,0.025,pre,knn_recent,35,0.0020567352679925436
9104041,external,random,1,0.025,pre,linear,35,0.002229193486931857
9104041,external,random,1,0.025,pre,nonlinear,35,0.0018171692259301708
9104041,external,random,1,0.025,pre,zero,35,0.05492156352715241
9104041,motor,random,1,0.025,counterfactual,action_blind,5,0.030711150249392076
9104041,motor,random,1,0.025,counterfactual,adaptive_nonlinear,5,0.0036762099334488292
9104041,motor,random,1,0.025,counterfactual,knn_all,5,0.00525284951321202
9104041,motor,random,1,0.025,counterfactual,knn_recent,5,0.00286320935165321
9104041,motor,random,1,0.025,counterfactual,linear,5,0.029953215935900952
9104041,motor,random,1,0.025,counterfactual,nonlinear,5,0.0036762099334488292
9104041,motor,random,1,0.025,counterfactual,zero,5,0.031270801588833594
9104041,motor,random,1,0.025,early,action_blind,19,0.03606518179650412
9104041,motor,random,1,0.025,early,adaptive_nonlinear,19,0.02453752072497229
9104041,motor,random,1,0.025,early,knn_all,19,0.028432809909690483
9104041,motor,random,1,0.025,early,knn_recent,19,0.026964291055004027
9104041,motor,random,1,0.025,early,linear,19,0.0633419980528157
9104041,motor,random,1,0.025,early,nonlinear,19,0.02453752072497229
9104041,motor,random,1,0.025,early,zero,19,0.03496949897274113
9104041,motor,random,1,0.025,late,action_blind,35,0.031566842204210764
9104041,motor,random,1,0.025,late,adaptive_nonlinear,35,0.00532418561417107
9104041,motor,random,1,0.025,late,knn_all,35,0.0033222974197863074
9104041,motor,random,1,0.025,late,knn_recent,35,0.002946770780294438
9104041,motor,random,1,0.025,late,linear,35,0.021990947497963882
9104041,motor,random,1,0.025,late,nonlinear,35,0.00532418561417107
9104041,motor,random,1,0.025,late,zero,35,0.0287333721963428
9104041,motor,random,1,0.025,pre,action_blind,35,0.05520212070613524
9104041,motor,random,1,0.025,pre,adaptive_nonlinear,35,0.0018171692259301708
9104041,motor,random,1,0.025,pre,knn_all,35,0.0020060827198217163
9104041,motor,random,1,0.025,pre,knn_recent,35,0.0020567352679925436
9104041,motor,random,1,0.025,pre,linear,35,0.002229193486931857
9104041,motor,random,1,0.025,pre,nonlinear,35,0.0018171692259301708
9104041,motor,random,1,0.025,pre,zero,35,0.05492156352715241
9104041,motor_external,random,1,0.025,counterfactual,action_blind,5,0.02937228314697373
9104041,motor_external,random,1,0.025,counterfactual,adaptive_nonlinear,5,0.05789097177820206
9104041,motor_external,random,1,0.025,counterfactual,knn_all,5,0.04468394723649481
9104041,motor_external,random,1,0.025,counterfactual,knn_recent,5,0.04499500008471115
9104041,motor_external,random,1,0.025,counterfactual,linear,5,0.035028520544709896
9104041,motor_external,random,1,0.025,counterfactual,nonlinear,5,0.06303000105872039
9104041,motor_external,random,1,0.025,counterfactual,zero,5,0.030021110734054546
9104041,motor_external,random,1,0.025,early,action_blind,19,0.09650076413154039
9104041,motor_external,random,1,0.025,early,adaptive_nonlinear,19,0.05498688169201375
9104041,motor_external,random,1,0.025,early,knn_all,19,0.10905194678934076
9104041,motor_external,random,1,0.025,early,knn_recent,19,0.057771441904229205
9104041,motor_external,random,1,0.025,early,linear,19,0.1301031755548375
9104041,motor_external,random,1,0.025,early,nonlinear,19,0.06467219016834713
9104041,motor_external,random,1,0.025,early,zero,19,0.1075361373083073
9104041,motor_external,random,1,0.025,late,action_blind,35,0.01914196918868999
9104041,motor_external,random,1,0.025,late,adaptive_nonlinear,35,0.017998699614333893
9104041,motor_external,random,1,0.025,late,knn_all,35,0.012249141646601939
9104041,motor_external,random,1,0.025,late,knn_recent,35,0.012720946321420887
9104041,motor_external,random,1,0.025,late,linear,35,0.02414528752532245
9104041,motor_external,random,1,0.025,late,nonlinear,35,0.022739064899332473
9104041,motor_external,random,1,0.025,late,zero,35,0.019746075789458094
9104041,motor_external,random,1,0.025,pre,action_blind,35,0.05520212070613524
9104041,motor_external,random,1,0.025,pre,adaptive_nonlinear,35,0.0018171692259301708
9104041,motor_external,random,1,0.025,pre,knn_all,35,0.0020060827198217163
9104041,motor_external,random,1,0.025,pre,knn_recent,35,0.0020567352679925436
9104041,motor_external,random,1,0.025,pre,linear,35,0.002229193486931857
9104041,motor_external,random,1,0.025,pre,nonlinear,35,0.0018171692259301708
9104041,motor_external,random,1,0.025,pre,zero,35,0.05492156352715241
9104041,none,random,1,0.025,counterfactual,action_blind,5,0.03338618730371482
9104041,none,random,1,0.025,counterfactual,adaptive_nonlinear,5,0.0025542236294269004
9104041,none,random,1,0.025,counterfactual,knn_all,5,0.0038007452682132744
9104041,none,random,1,0.025,counterfactual,knn_recent,5,0.0034213671872560204
9104041,none,random,1,0.025,counterfactual,linear,5,0.011501004725718515
9104041,none,random,1,0.025,counterfactual,nonlinear,5,0.0025542236294269004
9104041,none,random,1,0.025,counterfactual,zero,5,0.02881453888189791
9104041,none,random,1,0.025,early,action_blind,19,0.03822723606887408
9104041,none,random,1,0.025,early,adaptive_nonlinear,19,0.001714008710644253
9104041,none,random,1,0.025,early,knn_all,19,0.002517913945574549
9104041,none,random,1,0.025,early,knn_recent,19,0.0024376706501211
9104041,none,random,1,0.025,early,linear,19,0.005168812172717205
9104041,none,random,1,0.025,early,nonlinear,19,0.001714008710644253
9104041,none,random,1,0.025,early,zero,19,0.035409936274361856
9104041,none,random,1,0.025,late,action_blind,35,0.024610880319231216
9104041,none,random,1,0.025,late,adaptive_nonlinear,35,0.0036212227318693597
9104041,none,random,1,0.025,late,knn_all,35,0.003921541071327439
9104041,none,random,1,0.025,late,knn_recent,35,0.0038210836635517
9104041,none,random,1,0.025,late,linear,35,0.010675265961443121
9104041,none,random,1,0.025,late,nonlinear,35,0.0036212227318693597
9104041,none,random,1,0.025,late,zero,35,0.023901003697625423
9104041,none,random,1,0.025,pre,action_blind,35,0.05520212070613524
9104041,none,random,1,0.025,pre,adaptive_nonlinear,35,0.0018171692259301708
9104041,none,random,1,0.025,pre,knn_all,35,0.0020060827198217163
9104041,none,random,1,0.025,pre,knn_recent,35,0.0020567352679925436
9104041,none,random,1,0.025,pre,linear,35,0.002229193486931857
9104041,none,random,1,0.025,pre,nonlinear,35,0.0018171692259301708
9104041,none,random,1,0.025,pre,zero,35,0.05492156352715241
9104041,sensor,random,1,0.025,counterfactual,action_blind,5,0.03258492287323075
9104041,sensor,random,1,0.025,counterfactual,adaptive_nonlinear,5,0.002513358005504952
9104041,sensor,random,1,0.025,counterfactual,knn_all,5,0.003719601143957596
9104041,sensor,random,1,0.025,counterfactual,knn_recent,5,0.0034213671872560204
9104041,sensor,random,1,0.025,counterfactual,linear,5,0.012021238321258617
9104041,sensor,random,1,0.025,counterfactual,nonlinear,5,0.0025256320051006164
9104041,sensor,random,1,0.025,counterfactual,zero,5,0.02881453888189791
9104041,sensor,random,1,0.025,early,action_blind,19,0.03992696065039962
9104041,sensor,random,1,0.025,early,adaptive_nonlinear,19,0.003871405641890503
9104041,sensor,random,1,0.025,early,knn_all,19,0.0037014448258002736
9104041,sensor,random,1,0.025,early,knn_recent,19,0.0037983535055624287
9104041,sensor,random,1,0.025,early,linear,19,0.00572548122461363
9104041,sensor,random,1,0.025,early,nonlinear,19,0.0037569419694074026
9104041,sensor,random,1,0.025,early,zero,19,0.035409936274361856
9104041,sensor,random,1,0.025,late,action_blind,35,0.02457417183001494
9104041,sensor,random,1,0.025,late,adaptive_nonlinear,35,0.003691358175996205
9104041,sensor,random,1,0.025,late,knn_all,35,0.003909087366102527
9104041,sensor,random,1,0.025,late,knn_recent,35,0.0038210836635517
9104041,sensor,random,1,0.025,late,linear,35,0.011024655174827428
9104041,sensor,random,1,0.025,late,nonlinear,35,0.0037023766072305
9104041,sensor,random,1,0.025,late,zero,35,0.023901003697625423
9104041,sensor,random,1,0.025,pre,action_blind,35,0.05520212070613524
9104041,sensor,random,1,0.025,pre,adaptive_nonlinear,35,0.0018171692259301708
9104041,sensor,random,1,0.025,pre,knn_all,35,0.0020060827198217163
9104041,sensor,random,1,0.025,pre,knn_recent,35,0.0020567352679925436
9104041,sensor,random,1,0.025,pre,linear,35,0.002229193486931857
9104041,sensor,random,1,0.025,pre,nonlinear,35,0.0018171692259301708
9104041,sensor,random,1,0.025,pre,zero,35,0.05492156352715241
9104041,unknown_nonlinear,random,1,0.025,counterfactual,action_blind,5,0.037184998419993856
9104041,unknown_nonlinear,random,1,0.025,counterfactual,adaptive_nonlinear,5,0.00826001136252867
9104041,unknown_nonlinear,random,1,0.025,counterfactual,knn_all,5,0.002306286002392006
9104041,unknown_nonlinear,random,1,0.025,counterfactual,knn_recent,5,0.0024198261430173123
9104041,unknown_nonlinear,random,1,0.025,counterfactual,linear,5,0.012205677874152833
9104041,unknown_nonlinear,random,1,0.025,counterfactual,nonlinear,5,0.00826001136252867
9104041,unknown_nonlinear,random,1,0.025,counterfactual,zero,5,0.0380251936662418
9104041,unknown_nonlinear,random,1,0.025,early,action_blind,19,0.03814974964877887
9104041,unknown_nonlinear,random,1,0.025,early,adaptive_nonlinear,19,0.007948034411082114
9104041,unknown_nonlinear,random,1,0.025,early,knn_all,19,0.005974396669683132
9104041,unknown_nonlinear,random,1,0.025,early,knn_recent,19,0.005873313697335872
9104041,unknown_nonlinear,random,1,0.025,early,linear,19,0.011344820184714147
9104041,unknown_nonlinear,random,1,0.025,early,nonlinear,19,0.007948034411082114
9104041,unknown_nonlinear,random,1,0.025,early,zero,19,0.03682350659261207
9104041,unknown_nonlinear,random,1,0.025,late,action_blind,35,0.03537917138282001
9104041,unknown_nonlinear,random,1,0.025,late,adaptive_nonlinear,35,0.0074224444707185035
9104041,unknown_nonlinear,random,1,0.025,late,knn_all,35,0.00211415105613022
9104041,unknown_nonlinear,random,1,0.025,late,knn_recent,35,0.002317346982548408
9104041,unknown_nonlinear,random,1,0.025,late,linear,35,0.009431114685349752
9104041,unknown_nonlinear,random,1,0.025,late,nonlinear,35,0.0074224444707185035
9104041,unknown_nonlinear,random,1,0.025,late,zero,35,0.03603435289152419
9104041,unknown_nonlinear,random,1,0.025,pre,action_blind,35,0.05520212070613524
9104041,unknown_nonlinear,random,1,0.025,pre,adaptive_nonlinear,35,0.0018171692259301708
9104041,unknown_nonlinear,random,1,0.025,pre,knn_all,35,0.0020060827198217163
9104041,unknown_nonlinear,random,1,0.025,pre,knn_recent,35,0.0020567352679925436
9104041,unknown_nonlinear,random,1,0.025,pre,linear,35,0.002229193486931857
9104041,unknown_nonlinear,random,1,0.025,pre,nonlinear,35,0.0018171692259301708
9104041,unknown_nonlinear,random,1,0.025,pre,zero,35,0.05492156352715241
9104142,external,random,1,0.025,counterfactual,action_blind,5,0.06368453306783355
9104142,external,random,1,0.025,counterfactual,adaptive_nonlinear,5,0.037842555043967906
9104142,external,random,1,0.025,counterfactual,knn_all,5,0.038434521380293026
9104142,external,random,1,0.025,counterfactual,knn_recent,5,0.0389499854194017
9104142,external,random,1,0.025,counterfactual,linear,5,0.0426544110421748
9104142,external,random,1,0.025,counterfactual,nonlinear,5,0.037842555043967906
9104142,external,random,1,0.025,counterfactual,zero,5,0.05149995859890869
9104142,external,random,1,0.025,early,action_blind,19,0.060748128255746985
9104142,external,random,1,0.025,early,adaptive_nonlinear,19,0.006810058306212461
9104142,external,random,1,0.025,early,knn_all,19,0.009150859544070127
9104142,external,random,1,0.025,early,knn_recent,19,0.008235282359533077
9104142,external,random,1,0.025,early,linear,19,0.019550718458990778
9104142,external,random,1,0.025,early,nonlinear,19,0.006810058306212461
9104142,external,random,1,0.025,early,zero,19,0.055861174616766485
9104142,external,random,1,0.025,late,action_blind,35,0.05281002495133147
9104142,external,random,1,0.025,late,adaptive_nonlinear,35,0.011601829905712329
9104142,external,random,1,0.025,late,knn_all,35,0.011143843501517009
9104142,external,random,1,0.025,late,knn_recent,35,0.011117833017543727
9104142,external,random,1,0.025,late,linear,35,0.034294626660344184
9104142,external,random,1,0.025,late,nonlinear,35,0.011870542382713033
9104142,external,random,1,0.025,late,zero,35,0.04793996673919653
9104142,external,random,1,0.025,pre,action_blind,35,0.11351310354353882
9104142,external,random,1,0.025,pre,adaptive_nonlinear,35,0.0025774864769491086
9104142,external,random,1,0.025,pre,knn_all,35,0.0030870573056196162
9104142,external,random,1,0.025,pre,knn_recent,35,0.00310386447537996
9104142,external,random,1,0.025,pre,linear,35,0.004818441553522898
9104142,external,random,1,0.025,pre,nonlinear,35,0.0025774864769491086
9104142,external,random,1,0.025,pre,zero,35,0.10567990855499325
9104142,motor,random,1,0.025,counterfactual,action_blind,5,0.08513867909205783
9104142,motor,random,1,0.025,counterfactual,adaptive_nonlinear,5,0.003432107508767496
9104142,motor,random,1,0.025,counterfactual,knn_all,5,0.0029676262843568945
9104142,motor,random,1,0.025,counterfactual,knn_recent,5,0.002841307654076743
9104142,motor,random,1,0.025,counterfactual,linear,5,0.050031472126564336
9104142,motor,random,1,0.025,counterfactual,nonlinear,5,0.0029341690327159657
9104142,motor,random,1,0.025,counterfactual,zero,5,0.08304388995120379
9104142,motor,random,1,0.025,early,action_blind,19,0.07066917540092992
9104142,motor,random,1,0.025,early,adaptive_nonlinear,19,0.015215250925268048
9104142,motor,random,1,0.025,early,knn_all,19,0.034557832570060634
9104142,motor,random,1,0.025,early,knn_recent,19,0.03397258603503404
9104142,motor,random,1,0.025,early,linear,19,0.07659130322079448
9104142,motor,random,1,0.025,early,nonlinear,19,0.0328267258688664
9104142,motor,random,1,0.025,early,zero,19,0.06446564574627732
9104142,motor,random,1,0.025,late,action_blind,35,0.07940501091214791
9104142,motor,random,1,0.025,late,adaptive_nonlinear,35,0.007285698312334832
9104142,motor,random,1,0.025,late,knn_all,35,0.004439463954707265
9104142,motor,random,1,0.025,late,knn_recent,35,0.0044685211145903065
9104142,motor,random,1,0.025,late,linear,35,0.03421998870013039
9104142,motor,random,1,0.025,late,nonlinear,35,0.009713095683198331
9104142,motor,random,1,0.025,late,zero,35,0.07388892564052016
9104142,motor,random,1,0.025,pre,action_blind,35,0.11351310354353882
9104142,motor,random,1,0.025,pre,adaptive_nonlinear,35,0.0025774864769491086
9104142,motor,random,1,0.025,pre,knn_all,35,0.0030870573056196162
9104142,motor,random,1,0.025,pre,knn_recent,35,0.00310386447537996
9104142,motor,random,1,0.025,pre,linear,35,0.004818441553522898
9104142,motor,random,1,0.025,pre,nonlinear,35,0.0025774864769491086
9104142,motor,random,1,0.025,pre,zero,35,0.10567990855499325
9104142,motor_external,random,1,0.025,counterfactual,action_blind,5,0.0347933706152085
9104142,motor_external,random,1,0.025,counterfactual,adaptive_nonlinear,5,0.007359601140939959
9104142,motor_external,random,1,0.025,counterfactual,knn_all,5,0.00950709459905159
9104142,motor_external,random,1,0.025,counterfactual,knn_recent,5,0.009669944886346878
9104142,motor_external,random,1,0.025,counterfactual,linear,5,0.06700436213778266
9104142,motor_external,random,1,0.025,counterfactual,nonlinear,5,0.006772369544060512
9104142,motor_external,random,1,0.025,counterfactual,zero,5,0.0577396106017968
9104142,motor_external,random,1,0.025,early,action_blind,19,0.06906849018587129
9104142,motor_external,random,1,0.025,early,adaptive_nonlinear,19,0.02736389905891387
9104142,motor_external,random,1,0.025,early,knn_all,19,0.05078631077214133
9104142,motor_external,random,1,0.025,early,knn_recent,19,0.02619800571331281
9104142,motor_external,random,1,0.025,early,linear,19,0.10852619980053059
9104142,motor_external,random,1,0.025,early,nonlinear,19,0.041744282289073176
9104142,motor_external,random,1,0.025,early,zero,19,0.07404083043899387
9104142,motor_external,random,1,0.025,late,action_blind,35,0.021100552089789032
9104142,motor_external,random,1,0.025,late,adaptive_nonlinear,35,0.0093606168123669
9104142,motor_external,random,1,0.025,late,knn_all,35,0.009184792223076336
9104142,motor_external,random,1,0.025,late,knn_recent,35,0.009226034263200594
9104142,motor_external,random,1,0.025,late,linear,35,0.03362587609860429
9104142,motor_external,random,1,0.025,late,nonlinear,35,0.009069325358758134
9104142,motor_external,random,1,0.025,late,zero,35,0.021982415939522902
9104142,motor_external,random,1,0.025,pre,action_blind,35,0.11351310354353882
9104142,motor_external,random,1,0.025,pre,adaptive_nonlinear,35,0.0025774864769491086
9104142,motor_external,random,1,0.025,pre,knn_all,35,0.0030870573056196162
9104142,motor_external,random,1,0.025,pre,knn_recent,35,0.00310386447537996
9104142,motor_external,random,1,0.025,pre,linear,35,0.004818441553522898
9104142,motor_external,random,1,0.025,pre,nonlinear,35,0.0025774864769491086
9104142,motor_external,random,1,0.025,pre,zero,35,0.10567990855499325
9104142,none,random,1,0.025,counterfactual,action_blind,5,0.05556516230222728
9104142,none,random,1,0.025,counterfactual,adaptive_nonlinear,5,0.004783646166028543
9104142,none,random,1,0.025,counterfactual,knn_all,5,0.004557068035795352
9104142,none,random,1,0.025,counterfactual,knn_recent,5,0.004546568073237226
9104142,none,random,1,0.025,counterfactual,linear,5,0.00979048197769658
9104142,none,random,1,0.025,counterfactual,nonlinear,5,0.004783646166028543
9104142,none,random,1,0.025,counterfactual,zero,5,0.053455601526457674
9104142,none,random,1,0.025,early,action_blind,19,0.06588723329123691
9104142,none,random,1,0.025,early,adaptive_nonlinear,19,0.004533797719990759
9104142,none,random,1,0.025,early,knn_all,19,0.004443329718942229
9104142,none,random,1,0.025,early,knn_recent,19,0.004597025260572696
9104142,none,random,1,0.025,early,linear,19,0.0074469585144197985
9104142,none,random,1,0.025,early,nonlinear,19,0.004533797719990759
9104142,none,random,1,0.025,early,zero,19,0.055626169741107255
9104142,none,random,1,0.025,late,action_blind,35,0.04871024706069602
9104142,none,random,1,0.025,late,adaptive_nonlinear,35,0.006104671450995365
9104142,none,random,1,0.025,late,knn_all,35,0.005375150061261029
9104142,none,random,1,0.025,late,knn_recent,35,0.0052594183160059585
9104142,none,random,1,0.025,late,linear,35,0.011892206680274905
9104142,none,random,1,0.025,late,nonlinear,35,0.006104671450995365
9104142,none,random,1,0.025,late,zero,35,0.044847991135926926
9104142,none,random,1,0.025,pre,action_blind,35,0.11351310354353882
9104142,none,random,1,0.025,pre,adaptive_nonlinear,35,0.0025774864769491086
9104142,none,random,1,0.025,pre,knn_all,35,0.0030870573056196162
9104142,none,random,1,0.025,pre,knn_recent,35,0.00310386447537996
9104142,none,random,1,0.025,pre,linear,35,0.004818441553522898
9104142,none,random,1,0.025,pre,nonlinear,35,0.0025774864769491086
9104142,none,random,1,0.025,pre,zero,35,0.10567990855499325
9104142,sensor,random,1,0.025,counterfactual,action_blind,5,0.05598637017232779
9104142,sensor,random,1,0.025,counterfactual,adaptive_nonlinear,5,0.004702323865249737
9104142,sensor,random,1,0.025,counterfactual,knn_all,5,0.0045467337799643985
9104142,sensor,random,1,0.025,counterfactual,knn_recent,5,0.004546568073237226
9104142,sensor,random,1,0.025,counterfactual,linear,5,0.00998627566334339
9104142,sensor,random,1,0.025,counterfactual,nonlinear,5,0.004793754029189559
9104142,sensor,random,1,0.025,counterfactual,zero,5,0.053455601526457674
9104142,sensor,random,1,0.025,early,action_blind,19,0.06628534003500498
9104142,sensor,random,1,0.025,early,adaptive_nonlinear,19,0.005009018875883607
9104142,sensor,random,1,0.025,early,knn_all,19,0.0045498769161233955
9104142,sensor,random,1,0.025,early,knn_recent,19,0.004688742505580869
9104142,sensor,random,1,0.025,early,linear,19,0.007473072872454312
9104142,sensor,random,1,0.025,early,nonlinear,19,0.0050489188556982105
9104142,sensor,random,1,0.025,early,zero,19,0.055626169741107255
9104142,sensor,random,1,0.025,late,action_blind,35,0.04861893787917903
9104142,sensor,random,1,0.025,late,adaptive_nonlinear,35,0.0056739221776402615
9104142,sensor,random,1,0.025,late,knn_all,35,0.005347257809419414
9104142,sensor,random,1,0.025,late,knn_recent,35,0.0052594183160059585
9104142,sensor,random,1,0.025,late,linear,35,0.012183862519982807
9104142,sensor,random,1,0.025,late,nonlinear,35,0.005784829610321881
9104142,sensor,random,1,0.025,late,zero,35,0.044847991135926926
9104142,sensor,random,1,0.025,pre,action_blind,35,0.11351310354353882
9104142,sensor,random,1,0.025,pre,adaptive_nonlinear,35,0.0025774864769491086
9104142,sensor,random,1,0.025,pre,knn_all,35,0.0030870573056196162
9104142,sensor,random,1,0.025,pre,knn_recent,35,0.00310386447537996
9104142,sensor,random,1,0.025,pre,linear,35,0.004818441553522898
9104142,sensor,random,1,0.025,pre,nonlinear,35,0.0025774864769491086
9104142,sensor,random,1,0.025,pre,zero,35,0.10567990855499325
9104142,unknown_nonlinear,random,1,0.025,counterfactual,action_blind,5,0.03668888662430394
9104142,unknown_nonlinear,random,1,0.025,counterfactual,adaptive_nonlinear,5,0.02557252832429862
9104142,unknown_nonlinear,random,1,0.025,counterfactual,knn_all,5,0.020819780855716362
9104142,unknown_nonlinear,random,1,0.025,counterfactual,knn_recent,5,0.021740877304845623
9104142,unknown_nonlinear,random,1,0.025,counterfactual,linear,5,0.02629194736246258
9104142,unknown_nonlinear,random,1,0.025,counterfactual,nonlinear,5,0.02557252832429862
9104142,unknown_nonlinear,random,1,0.025,counterfactual,zero,5,0.032470869322865206
9104142,unknown_nonlinear,random,1,0.025,early,action_blind,19,0.05877815847954854
9104142,unknown_nonlinear,random,1,0.025,early,adaptive_nonlinear,19,0.006157791606212641
9104142,unknown_nonlinear,random,1,0.025,early,knn_all,19,0.006188529404548831
9104142,unknown_nonlinear,random,1,0.025,early,knn_recent,19,0.006530517417931625
9104142,unknown_nonlinear,random,1,0.025,early,linear,19,0.010525115219125717
9104142,unknown_nonlinear,random,1,0.025,early,nonlinear,19,0.006157791606212641
9104142,unknown_nonlinear,random,1,0.025,early,zero,19,0.0494838717489165
9104142,unknown_nonlinear,random,1,0.025,late,action_blind,35,0.0398841268028975
9104142,unknown_nonlinear,random,1,0.025,late,adaptive_nonlinear,35,0.010215112986217372
9104142,unknown_nonlinear,random,1,0.025,late,knn_all,35,0.006750833482115179
9104142,unknown_nonlinear,random,1,0.025,late,knn_recent,35,0.006179046123126193
9104142,unknown_nonlinear,random,1,0.025,late,linear,35,0.01794082938789069
9104142,unknown_nonlinear,random,1,0.025,late,nonlinear,35,0.010215112986217372
9104142,unknown_nonlinear,random,1,0.025,late,zero,35,0.038280501432212885
9104142,unknown_nonlinear,random,1,0.025,pre,action_blind,35,0.11351310354353882
9104142,unknown_nonlinear,random,1,0.025,pre,adaptive_nonlinear,35,0.0025774864769491086
9104142,unknown_nonlinear,random,1,0.025,pre,knn_all,35,0.0030870573056196162
9104142,unknown_nonlinear,random,1,0.025,pre,knn_recent,35,0.00310386447537996
9104142,unknown_nonlinear,random,1,0.025,pre,linear,35,0.004818441553522898
9104142,unknown_nonlinear,random,1,0.025,pre,nonlinear,35,0.0025774864769491086
9104142,unknown_nonlinear,random,1,0.025,pre,zero,35,0.10567990855499325
9104243,external,random,1,0.025,counterfactual,action_blind,5,0.04574803816332454
9104243,external,random,1,0.025,counterfactual,adaptive_nonlinear,5,0.024911313229915653
9104243,external,random,1,0.025,counterfactual,knn_all,5,0.0172542597274972
9104243,external,random,1,0.025,counterfactual,knn_recent,5,0.017123351309268068
9104243,external,random,1,0.025,counterfactual,linear,5,0.022690275230406558
9104243,external,random,1,0.025,counterfactual,nonlinear,5,0.024911313229915653
9104243,external,random,1,0.025,counterfactual,zero,5,0.047882071025209756
9104243,external,random,1,0.025,early,action_blind,19,0.03641025705025075
9104243,external,random,1,0.025,early,adaptive_nonlinear,19,0.011735424295061433
9104243,external,random,1,0.025,early,knn_all,19,0.014459364930264033
9104243,external,random,1,0.025,early,knn_recent,19,0.014828275243697698
9104243,external,random,1,0.025,early,linear,19,0.027862762119538233
9104243,external,random,1,0.025,early,nonlinear,19,0.011735424295061433
9104243,external,random,1,0.025,early,zero,19,0.051461536446930335
9104243,external,random,1,0.025,late,action_blind,35,0.022057068258449566
9104243,external,random,1,0.025,late,adaptive_nonlinear,35,0.008506983124756673
9104243,external,random,1,0.025,late,knn_all,35,0.006380409523482086
9104243,external,random,1,0.025,late,knn_recent,35,0.00748918421105171
9104243,external,random,1,0.025,late,linear,35,0.016608251175588888
9104243,external,random,1,0.025,late,nonlinear,35,0.008519070329119598
9104243,external,random,1,0.025,late,zero,35,0.02218007286406055
9104243,external,random,1,0.025,pre,action_blind,35,0.04805448701769649
9104243,external,random,1,0.025,pre,adaptive_nonlinear,35,0.0018499881446376004
9104243,external,random,1,0.025,pre,knn_all,35,0.002397736669710962
9104243,external,random,1,0.025,pre,knn_recent,35,0.0024529691705290823
9104243,external,random,1,0.025,pre,linear,35,0.0026643012464671076
9104243,external,random,1,0.025,pre,nonlinear,35,0.0018499881446376004
9104243,external,random,1,0.025,pre,zero,35,0.045279017251854854
9104243,motor,random,1,0.025,counterfactual,action_blind,5,0.03147416496440421
9104243,motor,random,1,0.025,counterfactual,adaptive_nonlinear,5,0.003418238275869348
9104243,motor,random,1,0.025,counterfactual,knn_all,5,0.007448369769952857
9104243,motor,random,1,0.025,counterfactual,knn_recent,5,0.0036655846406741972
9104243,motor,random,1,0.025,counterfactual,linear,5,0.030362852429247432
9104243,motor,random,1,0.025,counterfactual,nonlinear,5,0.003364306839095087
9104243,motor,random,1,0.025,counterfactual,zero,5,0.03215581429102631
9104243,motor,random,1,0.025,early,action_blind,19,0.03642304477993218
9104243,motor,random,1,0.025,early,adaptive_nonlinear,19,0.019176374136690082
9104243,motor,random,1,0.025,early,knn_all,19,0.03346945266209356
9104243,motor,random,1,0.025,early,knn_recent,19,0.02133577741615106
9104243,motor,random,1,0.025,early,linear,19,0.06230202678368849
9104243,motor,random,1,0.025,early,nonlinear,19,0.025968523503553886
9104243,motor,random,1,0.025,early,zero,19,0.03401445626170887
9104243,motor,random,1,0.025,late,action_blind,35,0.025956010164141983
9104243,motor,random,1,0.025,late,adaptive_nonlinear,35,0.002999878355213341
9104243,motor,random,1,0.025,late,knn_all,35,0.003123021811746842
9104243,motor,random,1,0.025,late,knn_recent,35,0.002976440040396469
9104243,motor,random,1,0.025,late,linear,35,0.018278270930423945
9104243,motor,random,1,0.025,late,nonlinear,35,0.003258099643856859
9104243,motor,random,1,0.025,late,zero,35,0.02482811045926797
9104243,motor,random,1,0.025,pre,action_blind,35,0.04805448701769649
9104243,motor,random,1,0.025,pre,adaptive_nonlinear,35,0.0018499881446376004
9104243,motor,random,1,0.025,pre,knn_all,35,0.002397736669710962
9104243,motor,random,1,0.025,pre,knn_recent,35,0.0024529691705290823
9104243,motor,random,1,0.025,pre,linear,35,0.0026643012464671076
9104243,motor,random,1,0.025,pre,nonlinear,35,0.0018499881446376004
9104243,motor,random,1,0.025,pre,zero,35,0.045279017251854854
9104243,motor_external,random,1,0.025,counterfactual,action_blind,5,0.03367689880842928
9104243,motor_external,random,1,0.025,counterfactual,adaptive_nonlinear,5,0.009814715482211425
9104243,motor_external,random,1,0.025,counterfactual,knn_all,5,0.014107144908647909
9104243,motor_external,random,1,0.025,counterfactual,knn_recent,5,0.02779643025385478
9104243,motor_external,random,1,0.025,counterfactual,linear,5,0.031244383952611116
9104243,motor_external,random,1,0.025,counterfactual,nonlinear,5,0.010261437924120353
9104243,motor_external,random,1,0.025,counterfactual,zero,5,0.032111747836757146
9104243,motor_external,random,1,0.025,early,action_blind,19,0.042107804478601615
9104243,motor_external,random,1,0.025,early,adaptive_nonlinear,19,0.019338055529258928
9104243,motor_external,random,1,0.025,early,knn_all,19,0.03451648125226484
9104243,motor_external,random,1,0.025,early,knn_recent,19,0.034223607973569825
9104243,motor_external,random,1,0.025,early,linear,19,0.06995786338364281
9104243,motor_external,random,1,0.025,early,nonlinear,19,0.01934344353804167
9104243,motor_external,random,1,0.025,early,zero,19,0.05068074349707365
9104243,motor_external,random,1,0.025,late,action_blind,35,0.04639757690978331
9104243,motor_external,random,1,0.025,late,adaptive_nonlinear,35,0.012053627574957267
9104243,motor_external,random,1,0.025,late,knn_all,35,0.010572367455601375
9104243,motor_external,random,1,0.025,late,knn_recent,35,0.013251187922871492
9104243,motor_external,random,1,0.025,late,linear,35,0.046404489873654226
9104243,motor_external,random,1,0.025,late,nonlinear,35,0.012376669984350044
9104243,motor_external,random,1,0.025,late,zero,35,0.042581384298023515
9104243,motor_external,random,1,0.025,pre,action_blind,35,0.04805448701769649
9104243,motor_external,random,1,0.025,pre,adaptive_nonlinear,35,0.0018499881446376004
9104243,motor_external,random,1,0.025,pre,knn_all,35,0.002397736669710962
9104243,motor_external,random,1,0.025,pre,knn_recent,35,0.0024529691705290823
9104243,motor_external,random,1,0.025,pre,linear,35,0.0026643012464671076
9104243,motor_external,random,1,0.025,pre,nonlinear,35,0.0018499881446376004
9104243,motor_external,random,1,0.025,pre,zero,35,0.045279017251854854
9104243,none,random,1,0.025,counterfactual,action_blind,5,0.031174693965196794
9104243,none,random,1,0.025,counterfactual,adaptive_nonlinear,5,0.0026660725827896774
9104243,none,random,1,0.025,counterfactual,knn_all,5,0.003116378658666963
9104243,none,random,1,0.025,counterfactual,knn_recent,5,0.0025795926982024714
9104243,none,random,1,0.025,counterfactual,linear,5,0.007996243617093921
9104243,none,random,1,0.025,counterfactual,nonlinear,5,0.0026660725827896774
9104243,none,random,1,0.025,counterfactual,zero,5,0.030669455181079646
9104243,none,random,1,0.025,early,action_blind,19,0.034890910244401205
9104243,none,random,1,0.025,early,adaptive_nonlinear,19,0.0015881310146186824
9104243,none,random,1,0.025,early,knn_all,19,0.0031027205042534344
9104243,none,random,1,0.025,early,knn_recent,19,0.003231710873559409
9104243,none,random,1,0.025,early,linear,19,0.006517149128633187
9104243,none,random,1,0.025,early,nonlinear,19,0.0015881310146186824
9104243,none,random,1,0.025,early,zero,19,0.031454990686251426
9104243,none,random,1,0.025,late,action_blind,35,0.03000454369948897
9104243,none,random,1,0.025,late,adaptive_nonlinear,35,0.0024247888437578333
9104243,none,random,1,0.025,late,knn_all,35,0.002609876825063568
9104243,none,random,1,0.025,late,knn_recent,35,0.002635493711179181
9104243,none,random,1,0.025,late,linear,35,0.007119895367859143
9104243,none,random,1,0.025,late,nonlinear,35,0.0024247888437578333
9104243,none,random,1,0.025,late,zero,35,0.02872518738439782
9104243,none,random,1,0.025,pre,action_blind,35,0.04805448701769649
9104243,none,random,1,0.025,pre,adaptive_nonlinear,35,0.0018499881446376004
9104243,none,random,1,0.025,pre,knn_all,35,0.002397736669710962
9104243,none,random,1,0.025,pre,knn_recent,35,0.0024529691705290823
9104243,none,random,1,0.025,pre,linear,35,0.0026643012464671076
9104243,none,random,1,0.025,pre,nonlinear,35,0.0018499881446376004
9104243,none,random,1,0.025,pre,zero,35,0.045279017251854854
9104243,sensor,random,1,0.025,counterfactual,action_blind,5,0.03099344932579423
9104243,sensor,random,1,0.025,counterfactual,adaptive_nonlinear,5,0.0025501131850007514
9104243,sensor,random,1,0.025,counterfactual,knn_all,5,0.003247528955956308
9104243,sensor,random,1,0.025,counterfactual,knn_recent,5,0.0025795926982024714
9104243,sensor,random,1,0.025,counterfactual,linear,5,0.00798646807732227
9104243,sensor,random,1,0.025,counterfactual,nonlinear,5,0.002552449389158327
9104243,sensor,random,1,0.025,counterfactual,zero,5,0.030669455181079646
9104243,sensor,random,1,0.025,early,action_blind,19,0.03444016463038604
9104243,sensor,random,1,0.025,early,adaptive_nonlinear,19,0.0017076736301662662
9104243,sensor,random,1,0.025,early,knn_all,19,0.0030647895200395913
9104243,sensor,random,1,0.025,early,knn_recent,19,0.0033795499629976143
9104243,sensor,random,1,0.025,early,linear,19,0.00699245956873807
9104243,sensor,random,1,0.025,early,nonlinear,19,0.0017002250584694147
9104243,sensor,random,1,0.025,early,zero,19,0.031454990686251426
9104243,sensor,random,1,0.025,late,action_blind,35,0.029761138911263585
9104243,sensor,random,1,0.025,late,adaptive_nonlinear,35,0.002335178732181198
9104243,sensor,random,1,0.025,late,knn_all,35,0.002611221537558548
9104243,sensor,random,1,0.025,late,knn_recent,35,0.002635493711179181
9104243,sensor,random,1,0.025,late,linear,35,0.007299958224573504
9104243,sensor,random,1,0.025,late,nonlinear,35,0.0023474222998227908
9104243,sensor,random,1,0.025,late,zero,35,0.02872518738439782
9104243,sensor,random,1,0.025,pre,action_blind,35,0.04805448701769649
9104243,sensor,random,1,0.025,pre,adaptive_nonlinear,35,0.0018499881446376004
9104243,sensor,random,1,0.025,pre,knn_all,35,0.002397736669710962
9104243,sensor,random,1,0.025,pre,knn_recent,35,0.0024529691705290823
9104243,sensor,random,1,0.025,pre,linear,35,0.0026643012464671076
9104243,sensor,random,1,0.025,pre,nonlinear,35,0.0018499881446376004
9104243,sensor,random,1,0.025,pre,zero,35,0.045279017251854854
9104243,unknown_nonlinear,random,1,0.025,counterfactual,action_blind,5,0.04763144848052899
9104243,unknown_nonlinear,random,1,0.025,counterfactual,adaptive_nonlinear,5,0.015636610694015552
9104243,unknown_nonlinear,random,1,0.025,counterfactual,knn_all,5,0.010512647876203759
9104243,unknown_nonlinear,random,1,0.025,counterfactual,knn_recent,5,0.010234568711368623
9104243,unknown_nonlinear,random,1,0.025,counterfactual,linear,5,0.019555395872953688
9104243,unknown_nonlinear,random,1,0.025,counterfactual,nonlinear,5,0.015636610694015552
9104243,unknown_nonlinear,random,1,0.025,counterfactual,zero,5,0.04616619499539682
9104243,unknown_nonlinear,random,1,0.025,early,action_blind,19,0.04570523527492178
9104243,unknown_nonlinear,random,1,0.025,early,adaptive_nonlinear,19,0.003811508652238579
9104243,unknown_nonlinear,random,1,0.025,early,knn_all,19,0.0042361968558735285
9104243,unknown_nonlinear,random,1,0.025,early,knn_recent,19,0.004299111012347212
9104243,unknown_nonlinear,random,1,0.025,early,linear,19,0.006884778579062077
9104243,unknown_nonlinear,random,1,0.025,early,nonlinear,19,0.003811508652238579
9104243,unknown_nonlinear,random,1,0.025,early,zero,19,0.03940006939720895
9104243,unknown_nonlinear,random,1,0.025,late,action_blind,35,0.05357201926624644
9104243,unknown_nonlinear,random,1,0.025,late,adaptive_nonlinear,35,0.009603712849514468
9104243,unknown_nonlinear,random,1,0.025,late,knn_all,35,0.006448399663341135
9104243,unknown_nonlinear,random,1,0.025,late,knn_recent,35,0.006738037507710218
9104243,unknown_nonlinear,random,1,0.025,late,linear,35,0.017478499556718406
9104243,unknown_nonlinear,random,1,0.025,late,nonlinear,35,0.009603712849514468
9104243,unknown_nonlinear,random,1,0.025,late,zero,35,0.049409182611
9104243,unknown_nonlinear,random,1,0.025,pre,action_blind,35,0.04805448701769649
9104243,unknown_nonlinear,random,1,0.025,pre,adaptive_nonlinear,35,0.0018499881446376004
9104243,unknown_nonlinear,random,1,0.025,pre,knn_all,35,0.002397736669710962
9104243,unknown_nonlinear,random,1,0.025,pre,knn_recent,35,0.0024529691705290823
9104243,unknown_nonlinear,random,1,0.025,pre,linear,35,0.0026643012464671076
9104243,unknown_nonlinear,random,1,0.025,pre,nonlinear,35,0.0018499881446376004
9104243,unknown_nonlinear,random,1,0.025,pre,zero,35,0.045279017251854854
9104344,external,random,1,0.025,counterfactual,action_blind,5,0.018470380122539327
9104344,external,random,1,0.025,counterfactual,adaptive_nonlinear,5,0.010077970170176347
9104344,external,random,1,0.025,counterfactual,knn_all,5,0.01406880902247253
9104344,external,random,1,0.025,counterfactual,knn_recent,5,0.014632220354149243
9104344,external,random,1,0.025,counterfactual,linear,5,0.02483265556365396
9104344,external,random,1,0.025,counterfactual,nonlinear,5,0.010280544057316137
9104344,external,random,1,0.025,counterfactual,zero,5,0.019768734301232455
9104344,external,random,1,0.025,early,action_blind,19,0.05852077493150294
9104344,external,random,1,0.025,early,adaptive_nonlinear,19,0.011231638010131759
9104344,external,random,1,0.025,early,knn_all,19,0.018871393211443106
9104344,external,random,1,0.025,early,knn_recent,19,0.017906154095933227
9104344,external,random,1,0.025,early,linear,19,0.03652850328623344
9104344,external,random,1,0.025,early,nonlinear,19,0.011231638010131759
9104344,external,random,1,0.025,early,zero,19,0.07463266685704455
9104344,external,random,1,0.025,late,action_blind,35,0.012134586989706663
9104344,external,random,1,0.025,late,adaptive_nonlinear,35,0.005595824889003891
9104344,external,random,1,0.025,late,knn_all,35,0.007474830120030192
9104344,external,random,1,0.025,late,knn_recent,35,0.007196215815891142
9104344,external,random,1,0.025,late,linear,35,0.02293740744788046
9104344,external,random,1,0.025,late,nonlinear,35,0.005743244324301608
9104344,external,random,1,0.025,late,zero,35,0.013229645592983317
9104344,external,random,1,0.025,pre,action_blind,35,0.04874474605628835
9104344,external,random,1,0.025,pre,adaptive_nonlinear,35,0.0016420314807843097
9104344,external,random,1,0.025,pre,knn_all,35,0.0018297271049007868
9104344,external,random,1,0.025,pre,knn_recent,35,0.0018284680180676942
9104344,external,random,1,0.025,pre,linear,35,0.0019252184684296404
9104344,external,random,1,0.025,pre,nonlinear,35,0.0016420314807843097
9104344,external,random,1,0.025,pre,zero,35,0.045310610565052915
9104344,motor,random,1,0.025,counterfactual,action_blind,5,0.032264194808032685
9104344,motor,random,1,0.025,counterfactual,adaptive_nonlinear,5,0.0027687589087631737
9104344,motor,random,1,0.025,counterfactual,knn_all,5,0.003927563014051783
9104344,motor,random,1,0.025,counterfactual,knn_recent,5,0.0015685467997798037
9104344,motor,random,1,0.025,counterfactual,linear,5,0.02936047231892479
9104344,motor,random,1,0.025,counterfactual,nonlinear,5,0.0027687589087631737
9104344,motor,random,1,0.025,counterfactual,zero,5,0.02954173201124386
9104344,motor,random,1,0.025,early,action_blind,19,0.032627150745225916
9104344,motor,random,1,0.025,early,adaptive_nonlinear,19,0.028373730870991112
9104344,motor,random,1,0.025,early,knn_all,19,0.030700605826253936
9104344,motor,random,1,0.025,early,knn_recent,19,0.028711481706980048
9104344,motor,random,1,0.025,early,linear,19,0.057983940706386294
9104344,motor,random,1,0.025,early,nonlinear,19,0.028373730870991112
9104344,motor,random,1,0.025,early,zero,19,0.03425244379178549
9104344,motor,random,1,0.025,late,action_blind,35,0.03273881963435051
9104344,motor,random,1,0.025,late,adaptive_nonlinear,35,0.004080873840011084
9104344,motor,random,1,0.025,late,knn_all,35,0.002515788858920869
9104344,motor,random,1,0.025,late,knn_recent,35,0.0020457779140159726
9104344,motor,random,1,0.025,late,linear,35,0.020610156923785334
9104344,motor,random,1,0.025,late,nonlinear,35,0.004080873840011084
9104344,motor,random,1,0.025,late,zero,35,0.03122759451665093
9104344,motor,random,1,0.025,pre,action_blind,35,0.04874474605628835
9104344,motor,random,1,0.025,pre,adaptive_nonlinear,35,0.0016420314807843097
9104344,motor,random,1,0.025,pre,knn_all,35,0.0018297271049007868
9104344,motor,random,1,0.025,pre,knn_recent,35,0.0018284680180676942
9104344,motor,random,1,0.025,pre,linear,35,0.0019252184684296404
9104344,motor,random,1,0.025,pre,nonlinear,35,0.0016420314807843097
9104344,motor,random,1,0.025,pre,zero,35,0.045310610565052915
9104344,motor_external,random,1,0.025,counterfactual,action_blind,5,0.017617941778149338
9104344,motor_external,random,1,0.025,counterfactual,adaptive_nonlinear,5,0.00572776786129921
9104344,motor_external,random,1,0.025,counterfactual,knn_all,5,0.003369172095472838
9104344,motor_external,random,1,0.025,counterfactual,knn_recent,5,0.0032963421504452126
9104344,motor_external,random,1,0.025,counterfactual,linear,5,0.03520183420203977
9104344,motor_external,random,1,0.025,counterfactual,nonlinear,5,0.006232926556413991
9104344,motor_external,random,1,0.025,counterfactual,zero,5,0.018808936453047938
9104344,motor_external,random,1,0.025,early,action_blind,19,0.049573248103144806
9104344,motor_external,random,1,0.025,early,adaptive_nonlinear,19,0.018252571265660326
9104344,motor_external,random,1,0.025,early,knn_all,19,0.037144044457126844
9104344,motor_external,random,1,0.025,early,knn_recent,19,0.03476883288964282
9104344,motor_external,random,1,0.025,early,linear,19,0.07721159632410664
9104344,motor_external,random,1,0.025,early,nonlinear,19,0.019439004136053758
9104344,motor_external,random,1,0.025,early,zero,19,0.06901564344566423
9104344,motor_external,random,1,0.025,late,action_blind,35,0.022181577177110293
9104344,motor_external,random,1,0.025,late,adaptive_nonlinear,35,0.011373803492185561
9104344,motor_external,random,1,0.025,late,knn_all,35,0.00941967979387687
9104344,motor_external,random,1,0.025,late,knn_recent,35,0.009311815707997826
9104344,motor_external,random,1,0.025,late,linear,35,0.03345605725954149
9104344,motor_external,random,1,0.025,late,nonlinear,35,0.011699835268972454
9104344,motor_external,random,1,0.025,late,zero,35,0.021832638878978138
9104344,motor_external,random,1,0.025,pre,action_blind,35,0.04874474605628835
9104344,motor_external,random,1,0.025,pre,adaptive_nonlinear,35,0.0016420314807843097
9104344,motor_external,random,1,0.025,pre,knn_all,35,0.0018297271049007868
9104344,motor_external,random,1,0.025,pre,knn_recent,35,0.0018284680180676942
9104344,motor_external,random,1,0.025,pre,linear,35,0.0019252184684296404
9104344,motor_external,random,1,0.025,pre,nonlinear,35,0.0016420314807843097
9104344,motor_external,random,1,0.025,pre,zero,35,0.045310610565052915
9104344,none,random,1,0.025,counterfactual,action_blind,5,0.031186339785697337
9104344,none,random,1,0.025,counterfactual,adaptive_nonlinear,5,0.002062133930887522
9104344,none,random,1,0.025,counterfactual,knn_all,5,0.001968933426684786
9104344,none,random,1,0.025,counterfactual,knn_recent,5,0.0017679517611731387
9104344,none,random,1,0.025,counterfactual,linear,5,0.0033545613748745097
9104344,none,random,1,0.025,counterfactual,nonlinear,5,0.002062133930887522
9104344,none,random,1,0.025,counterfactual,zero,5,0.030941864827017995
9104344,none,random,1,0.025,early,action_blind,19,0.03374026974507177
9104344,none,random,1,0.025,early,adaptive_nonlinear,19,0.0012535748202302795
9104344,none,random,1,0.025,early,knn_all,19,0.0012751813122021418
9104344,none,random,1,0.025,early,knn_recent,19,0.0012599863378944486
9104344,none,random,1,0.025,early,linear,19,0.003185879071201285
9104344,none,random,1,0.025,early,nonlinear,19,0.0012535748202302795
9104344,none,random,1,0.025,early,zero,19,0.032966278921477174
9104344,none,random,1,0.025,late,action_blind,35,0.03709577837357992
9104344,none,random,1,0.025,late,adaptive_nonlinear,35,0.0017817645033516485
9104344,none,random,1,0.025,late,knn_all,35,0.002409270094551281
9104344,none,random,1,0.025,late,knn_recent,35,0.002311226673213965
9104344,none,random,1,0.025,late,linear,35,0.005410109706111102
9104344,none,random,1,0.025,late,nonlinear,35,0.0017817645033516485
9104344,none,random,1,0.025,late,zero,35,0.03627436744501148
9104344,none,random,1,0.025,pre,action_blind,35,0.04874474605628835
9104344,none,random,1,0.025,pre,adaptive_nonlinear,35,0.0016420314807843097
9104344,none,random,1,0.025,pre,knn_all,35,0.0018297271049007868
9104344,none,random,1,0.025,pre,knn_recent,35,0.0018284680180676942
9104344,none,random,1,0.025,pre,linear,35,0.0019252184684296404
9104344,none,random,1,0.025,pre,nonlinear,35,0.0016420314807843097
9104344,none,random,1,0.025,pre,zero,35,0.045310610565052915
9104344,sensor,random,1,0.025,counterfactual,action_blind,5,0.030058895142748322
9104344,sensor,random,1,0.025,counterfactual,adaptive_nonlinear,5,0.0020024664530773925
9104344,sensor,random,1,0.025,counterfactual,knn_all,5,0.0018684513473576029
9104344,sensor,random,1,0.025,counterfactual,knn_recent,5,0.0017679517611731374
9104344,sensor,random,1,0.025,counterfactual,linear,5,0.0033934453212906674
9104344,sensor,random,1,0.025,counterfactual,nonlinear,5,0.0020332227902882987
9104344,sensor,random,1,0.025,counterfactual,zero,5,0.030941864827018016
9104344,sensor,random,1,0.025,early,action_blind,19,0.03471294398653956
9104344,sensor,random,1,0.025,early,adaptive_nonlinear,19,0.0016812008671451535
9104344,sensor,random,1,0.025,early,knn_all,19,0.0023428502691743543
9104344,sensor,random,1,0.025,early,knn_recent,19,0.0022784826343395736
9104344,sensor,random,1,0.025,early,linear,19,0.00318052605687944
9104344,sensor,random,1,0.025,early,nonlinear,19,0.0016138062182149613
9104344,sensor,random,1,0.025,early,zero,19,0.032966278921477174
9104344,sensor,random,1,0.025,late,action_blind,35,0.036424580215052474
9104344,sensor,random,1,0.025,late,adaptive_nonlinear,35,0.001876893501044665
9104344,sensor,random,1,0.025,late,knn_all,35,0.002379171144039103
9104344,sensor,random,1,0.025,late,knn_recent,35,0.0023094406427482247
9104344,sensor,random,1,0.025,late,linear,35,0.00539257764746008
9104344,sensor,random,1,0.025,late,nonlinear,35,0.0018877617992773142
9104344,sensor,random,1,0.025,late,zero,35,0.036274367445011474
9104344,sensor,random,1,0.025,pre,action_blind,35,0.04874474605628835
9104344,sensor,random,1,0.025,pre,adaptive_nonlinear,35,0.0016420314807843097
9104344,sensor,random,1,0.025,pre,knn_all,35,0.0018297271049007868
9104344,sensor,random,1,0.025,pre,knn_recent,35,0.0018284680180676942
9104344,sensor,random,1,0.025,pre,linear,35,0.0019252184684296404
9104344,sensor,random,1,0.025,pre,nonlinear,35,0.0016420314807843097
9104344,sensor,random,1,0.025,pre,zero,35,0.045310610565052915
9104344,unknown_nonlinear,random,1,0.025,counterfactual,action_blind,5,0.05872236036446534
9104344,unknown_nonlinear,random,1,0.025,counterfactual,adaptive_nonlinear,5,0.0035425031897963776
9104344,unknown_nonlinear,random,1,0.025,counterfactual,knn_all,5,0.0031760497955818307
9104344,unknown_nonlinear,random,1,0.025,counterfactual,knn_recent,5,0.004192169184145387
9104344,unknown_nonlinear,random,1,0.025,counterfactual,linear,5,0.005284528627308128
9104344,unknown_nonlinear,random,1,0.025,counterfactual,nonlinear,5,0.0035425031897963776
9104344,unknown_nonlinear,random,1,0.025,counterfactual,zero,5,0.05535715937725557
9104344,unknown_nonlinear,random,1,0.025,early,action_blind,19,0.04594883087589691
9104344,unknown_nonlinear,random,1,0.025,early,adaptive_nonlinear,19,0.00908322596795585
9104344,unknown_nonlinear,random,1,0.025,early,knn_all,19,0.0067849592787473404
9104344,unknown_nonlinear,random,1,0.025,early,knn_recent,19,0.0064031937052421535
9104344,unknown_nonlinear,random,1,0.025,early,linear,19,0.010182066891259087
9104344,unknown_nonlinear,random,1,0.025,early,nonlinear,19,0.00908322596795585
9104344,unknown_nonlinear,random,1,0.025,early,zero,19,0.04568879440311744
9104344,unknown_nonlinear,random,1,0.025,late,action_blind,35,0.056383950259325674
9104344,unknown_nonlinear,random,1,0.025,late,adaptive_nonlinear,35,0.005239089072705988
9104344,unknown_nonlinear,random,1,0.025,late,knn_all,35,0.004695310232674887
9104344,unknown_nonlinear,random,1,0.025,late,knn_recent,35,0.006431671847366903
9104344,unknown_nonlinear,random,1,0.025,late,linear,35,0.009993859802259432
9104344,unknown_nonlinear,random,1,0.025,late,nonlinear,35,0.005239089072705988
9104344,unknown_nonlinear,random,1,0.025,late,zero,35,0.05547411066682759
9104344,unknown_nonlinear,random,1,0.025,pre,action_blind,35,0.04874474605628835
9104344,unknown_nonlinear,random,1,0.025,pre,adaptive_nonlinear,35,0.0016420314807843097
9104344,unknown_nonlinear,random,1,0.025,pre,knn_all,35,0.0018297271049007868
9104344,unknown_nonlinear,random,1,0.025,pre,knn_recent,35,0.0018284680180676942
9104344,unknown_nonlinear,random,1,0.025,pre,linear,35,0.0019252184684296404
9104344,unknown_nonlinear,random,1,0.025,pre,nonlinear,35,0.0016420314807843097
9104344,unknown_nonlinear,random,1,0.025,pre,zero,35,0.045310610565052915
9104445,external,random,1,0.025,counterfactual,action_blind,5,0.07262775740875267
9104445,external,random,1,0.025,counterfactual,adaptive_nonlinear,5,0.020107582361187433
9104445,external,random,1,0.025,counterfactual,knn_all,5,0.018612007609880816
9104445,external,random,1,0.025,counterfactual,knn_recent,5,0.01896818078203778
9104445,external,random,1,0.025,counterfactual,linear,5,0.03185740291057396
9104445,external,random,1,0.025,counterfactual,nonlinear,5,0.02129143443119281
9104445,external,random,1,0.025,counterfactual,zero,5,0.05070636377126492
9104445,external,random,1,0.025,early,action_blind,19,0.05529594575270879
9104445,external,random,1,0.025,early,adaptive_nonlinear,19,0.005467298973196793
9104445,external,random,1,0.025,early,knn_all,19,0.008611812703358835
9104445,external,random,1,0.025,early,knn_recent,19,0.007810955717093919
9104445,external,random,1,0.025,early,linear,19,0.025927541756401103
9104445,external,random,1,0.025,early,nonlinear,19,0.005467298973196793
9104445,external,random,1,0.025,early,zero,19,0.055924040990578815
9104445,external,random,1,0.025,late,action_blind,35,0.05152172523136286
9104445,external,random,1,0.025,late,adaptive_nonlinear,35,0.00910900655096246
9104445,external,random,1,0.025,late,knn_all,35,0.008295610421351393
9104445,external,random,1,0.025,late,knn_recent,35,0.008185231817781797
9104445,external,random,1,0.025,late,linear,35,0.019955697903346812
9104445,external,random,1,0.025,late,nonlinear,35,0.009084056450007252
9104445,external,random,1,0.025,late,zero,35,0.04752806949475403
9104445,external,random,1,0.025,pre,action_blind,35,0.05744717516595884
9104445,external,random,1,0.025,pre,adaptive_nonlinear,35,0.001795334292950991
9104445,external,random,1,0.025,pre,knn_all,35,0.00198764100451729
9104445,external,random,1,0.025,pre,knn_recent,35,0.0021305756986836535
9104445,external,random,1,0.025,pre,linear,35,0.0031023073766751263
9104445,external,random,1,0.025,pre,nonlinear,35,0.001795334292950991
9104445,external,random,1,0.025,pre,zero,35,0.052907441940315804
9104445,motor,random,1,0.025,counterfactual,action_blind,5,0.03954730415884592
9104445,motor,random,1,0.025,counterfactual,adaptive_nonlinear,5,0.007358160732573242
9104445,motor,random,1,0.025,counterfactual,knn_all,5,0.006603449975926362
9104445,motor,random,1,0.025,counterfactual,knn_recent,5,0.005324415820065381
9104445,motor,random,1,0.025,counterfactual,linear,5,0.025440050612153604
9104445,motor,random,1,0.025,counterfactual,nonlinear,5,0.007358160732573242
9104445,motor,random,1,0.025,counterfactual,zero,5,0.03732866815531411
9104445,motor,random,1,0.025,early,action_blind,19,0.04776708185476499
9104445,motor,random,1,0.025,early,adaptive_nonlinear,19,0.026212502527669764
9104445,motor,random,1,0.025,early,knn_all,19,0.03110153431110235
9104445,motor,random,1,0.025,early,knn_recent,19,0.027830373313081514
9104445,motor,random,1,0.025,early,linear,19,0.057378222281567304
9104445,motor,random,1,0.025,early,nonlinear,19,0.026212502527669764
9104445,motor,random,1,0.025,early,zero,19,0.042911082522120156
9104445,motor,random,1,0.025,late,action_blind,35,0.03315337500011072
9104445,motor,random,1,0.025,late,adaptive_nonlinear,35,0.008404530639128513
9104445,motor,random,1,0.025,late,knn_all,35,0.0022319665016215635
9104445,motor,random,1,0.025,late,knn_recent,35,0.0021608442050184626
9104445,motor,random,1,0.025,late,linear,35,0.0169295219577076
9104445,motor,random,1,0.025,late,nonlinear,35,0.008404530639128513
9104445,motor,random,1,0.025,late,zero,35,0.03016215649443789
9104445,motor,random,1,0.025,pre,action_blind,35,0.05744717516595884
9104445,motor,random,1,0.025,pre,adaptive_nonlinear,35,0.001795334292950991
9104445,motor,random,1,0.025,pre,knn_all,35,0.00198764100451729
9104445,motor,random,1,0.025,pre,knn_recent,35,0.0021305756986836535
9104445,motor,random,1,0.025,pre,linear,35,0.0031023073766751263
9104445,motor,random,1,0.025,pre,nonlinear,35,0.001795334292950991
9104445,motor,random,1,0.025,pre,zero,35,0.052907441940315804
9104445,motor_external,random,1,0.025,counterfactual,action_blind,5,0.04974944857676452
9104445,motor_external,random,1,0.025,counterfactual,adaptive_nonlinear,5,0.009342388669552802
9104445,motor_external,random,1,0.025,counterfactual,knn_all,5,0.008256617657798277
9104445,motor_external,random,1,0.025,counterfactual,knn_recent,5,0.007983310301493738
9104445,motor_external,random,1,0.025,counterfactual,linear,5,0.040584590396201284
9104445,motor_external,random,1,0.025,counterfactual,nonlinear,5,0.009699891324765997
9104445,motor_external,random,1,0.025,counterfactual,zero,5,0.05333707584911636
9104445,motor_external,random,1,0.025,early,action_blind,19,0.07744289217549905
9104445,motor_external,random,1,0.025,early,adaptive_nonlinear,19,0.013209099916728563
9104445,motor_external,random,1,0.025,early,knn_all,19,0.033458544448992884
9104445,motor_external,random,1,0.025,early,knn_recent,19,0.021482447247582696
9104445,motor_external,random,1,0.025,early,linear,19,0.09399016083869312
9104445,motor_external,random,1,0.025,early,nonlinear,19,0.015235551577591266
9104445,motor_external,random,1,0.025,early,zero,19,0.07937562718541631
9104445,motor_external,random,1,0.025,late,action_blind,35,0.05688813990675917
9104445,motor_external,random,1,0.025,late,adaptive_nonlinear,35,0.006106497403411484
9104445,motor_external,random,1,0.025,late,knn_all,35,0.005199553073418133
9104445,motor_external,random,1,0.025,late,knn_recent,35,0.0052791718587160506
9104445,motor_external,random,1,0.025,late,linear,35,0.03105900127865301
9104445,motor_external,random,1,0.025,late,nonlinear,35,0.006285337569130039
9104445,motor_external,random,1,0.025,late,zero,35,0.053298840211078384
9104445,motor_external,random,1,0.025,pre,action_blind,35,0.05744717516595884
9104445,motor_external,random,1,0.025,pre,adaptive_nonlinear,35,0.001795334292950991
9104445,motor_external,random,1,0.025,pre,knn_all,35,0.00198764100451729
9104445,motor_external,random,1,0.025,pre,knn_recent,35,0.0021305756986836535
9104445,motor_external,random,1,0.025,pre,linear,35,0.0031023073766751263
9104445,motor_external,random,1,0.025,pre,nonlinear,35,0.001795334292950991
9104445,motor_external,random,1,0.025,pre,zero,35,0.052907441940315804
9104445,none,random,1,0.025,counterfactual,action_blind,5,0.034906159799717
9104445,none,random,1,0.025,counterfactual,adaptive_nonlinear,5,0.00456025207050781
9104445,none,random,1,0.025,counterfactual,knn_all,5,0.007311370665180612
9104445,none,random,1,0.025,counterfactual,knn_recent,5,0.00673530806608996
9104445,none,random,1,0.025,counterfactual,linear,5,0.008824970491627688
9104445,none,random,1,0.025,counterfactual,nonlinear,5,0.00456025207050781
9104445,none,random,1,0.025,counterfactual,zero,5,0.035613598788626286
9104445,none,random,1,0.025,early,action_blind,19,0.04286965332832083
9104445,none,random,1,0.025,early,adaptive_nonlinear,19,0.0017910500678755693
9104445,none,random,1,0.025,early,knn_all,19,0.0020138033744943004
9104445,none,random,1,0.025,early,knn_recent,19,0.002031582679191816
9104445,none,random,1,0.025,early,linear,19,0.00254034830258623
9104445,none,random,1,0.025,early,nonlinear,19,0.0017910500678755693
9104445,none,random,1,0.025,early,zero,19,0.04072550363458551
9104445,none,random,1,0.025,late,action_blind,35,0.03156001439835724
9104445,none,random,1,0.025,late,adaptive_nonlinear,35,0.0019320148762005235
9104445,none,random,1,0.025,late,knn_all,35,0.0026855892744872814
9104445,none,random,1,0.025,late,knn_recent,35,0.002636655644392081
9104445,none,random,1,0.025,late,linear,35,0.006071078286783975
9104445,none,random,1,0.025,late,nonlinear,35,0.0019320148762005235
9104445,none,random,1,0.025,late,zero,35,0.03059015599360703
9104445,none,random,1,0.025,pre,action_blind,35,0.05744717516595884
9104445,none,random,1,0.025,pre,adaptive_nonlinear,35,0.001795334292950991
9104445,none,random,1,0.025,pre,knn_all,35,0.00198764100451729
9104445,none,random,1,0.025,pre,knn_recent,35,0.0021305756986836535
9104445,none,random,1,0.025,pre,linear,35,0.0031023073766751263
9104445,none,random,1,0.025,pre,nonlinear,35,0.001795334292950991
9104445,none,random,1,0.025,pre,zero,35,0.052907441940315804
9104445,sensor,random,1,0.025,counterfactual,action_blind,5,0.034821937668392526
9104445,sensor,random,1,0.025,counterfactual,adaptive_nonlinear,5,0.005024948479319329
9104445,sensor,random,1,0.025,counterfactual,knn_all,5,0.00740708879529673
9104445,sensor,random,1,0.025,counterfactual,knn_recent,5,0.00673530806608996
9104445,sensor,random,1,0.025,counterfactual,linear,5,0.009089994975198962
9104445,sensor,random,1,0.025,counterfactual,nonlinear,5,0.005024399941901481
9104445,sensor,random,1,0.025,counterfactual,zero,5,0.035613598788626286
9104445,sensor,random,1,0.025,early,action_blind,19,0.04256605646258773
9104445,sensor,random,1,0.025,early,adaptive_nonlinear,19,0.0019036616129224804
9104445,sensor,random,1,0.025,early,knn_all,19,0.0024862678313565915
9104445,sensor,random,1,0.025,early,knn_recent,19,0.0026349713063150916
9104445,sensor,random,1,0.025,early,linear,19,0.002708679282572103
9104445,sensor,random,1,0.025,early,nonlinear,19,0.0019119933479857805
9104445,sensor,random,1,0.025,early,zero,19,0.04072550363458551
9104445,sensor,random,1,0.025,late,action_blind,35,0.032045859196289044
9104445,sensor,random,1,0.025,late,adaptive_nonlinear,35,0.0020059868230685686
9104445,sensor,random,1,0.025,late,knn_all,35,0.002713412289824631
9104445,sensor,random,1,0.025,late,knn_recent,35,0.002636655644392081
9104445,sensor,random,1,0.025,late,linear,35,0.006168110389537301
9104445,sensor,random,1,0.025,late,nonlinear,35,0.0020007876512668594
9104445,sensor,random,1,0.025,late,zero,35,0.03059015599360703
9104445,sensor,random,1,0.025,pre,action_blind,35,0.05744717516595884
9104445,sensor,random,1,0.025,pre,adaptive_nonlinear,35,0.001795334292950991
9104445,sensor,random,1,0.025,pre,knn_all,35,0.00198764100451729
9104445,sensor,random,1,0.025,pre,knn_recent,35,0.0021305756986836535
9104445,sensor,random,1,0.025,pre,linear,35,0.0031023073766751263
9104445,sensor,random,1,0.025,pre,nonlinear,35,0.001795334292950991
9104445,sensor,random,1,0.025,pre,zero,35,0.052907441940315804
9104445,unknown_nonlinear,random,1,0.025,counterfactual,action_blind,5,0.04170815766950906
9104445,unknown_nonlinear,random,1,0.025,counterfactual,adaptive_nonlinear,5,0.011049027608827292
9104445,unknown_nonlinear,random,1,0.025,counterfactual,knn_all,5,0.009417095561053525
9104445,unknown_nonlinear,random,1,0.025,counterfactual,knn_recent,5,0.008572040136370439
9104445,unknown_nonlinear,random,1,0.025,counterfactual,linear,5,0.014091580736753878
9104445,unknown_nonlinear,random,1,0.025,counterfactual,nonlinear,5,0.011049027608827292
9104445,unknown_nonlinear,random,1,0.025,counterfactual,zero,5,0.03731318976683124
9104445,unknown_nonlinear,random,1,0.025,early,action_blind,19,0.05584176714408038
9104445,unknown_nonlinear,random,1,0.025,early,adaptive_nonlinear,19,0.004471388006924521
9104445,unknown_nonlinear,random,1,0.025,early,knn_all,19,0.003843525221746523
9104445,unknown_nonlinear,random,1,0.025,early,knn_recent,19,0.004163815557310077
9104445,unknown_nonlinear,random,1,0.025,early,linear,19,0.005701782944021655
9104445,unknown_nonlinear,random,1,0.025,early,nonlinear,19,0.004471388006924521
9104445,unknown_nonlinear,random,1,0.025,early,zero,19,0.053201120338322506
9104445,unknown_nonlinear,random,1,0.025,late,action_blind,35,0.03417857402252133
9104445,unknown_nonlinear,random,1,0.025,late,adaptive_nonlinear,35,0.006398316735456319
9104445,unknown_nonlinear,random,1,0.025,late,knn_all,35,0.0036495692670305913
9104445,unknown_nonlinear,random,1,0.025,late,knn_recent,35,0.0035693927843048964
9104445,unknown_nonlinear,random,1,0.025,late,linear,35,0.011377844331082956
9104445,unknown_nonlinear,random,1,0.025,late,nonlinear,35,0.006398316735456319
9104445,unknown_nonlinear,random,1,0.025,late,zero,35,0.032624247629059855
9104445,unknown_nonlinear,random,1,0.025,pre,action_blind,35,0.05744717516595884
9104445,unknown_nonlinear,random,1,0.025,pre,adaptive_nonlinear,35,0.001795334292950991
9104445,unknown_nonlinear,random,1,0.025,pre,knn_all,35,0.00198764100451729
9104445,unknown_nonlinear,random,1,0.025,pre,knn_recent,35,0.0021305756986836535
9104445,unknown_nonlinear,random,1,0.025,pre,linear,35,0.0031023073766751263
9104445,unknown_nonlinear,random,1,0.025,pre,nonlinear,35,0.001795334292950991
9104445,unknown_nonlinear,random,1,0.025,pre,zero,35,0.052907441940315804
9104546,external,random,1,0.025,counterfactual,action_blind,5,0.031133028646052347
9104546,external,random,1,0.025,counterfactual,adaptive_nonlinear,5,0.015033333351973344
9104546,external,random,1,0.025,counterfactual,knn_all,5,0.012073792508774089
9104546,external,random,1,0.025,counterfactual,knn_recent,5,0.012032130906793318
9104546,external,random,1,0.025,counterfactual,linear,5,0.037780947290550634
9104546,external,random,1,0.025,counterfactual,nonlinear,5,0.01588524415177008
9104546,external,random,1,0.025,counterfactual,zero,5,0.026873385077552416
9104546,external,random,1,0.025,early,action_blind,19,0.06874872710617815
9104546,external,random,1,0.025,early,adaptive_nonlinear,19,0.005523807512637978
9104546,external,random,1,0.025,early,knn_all,19,0.011273139480767424
9104546,external,random,1,0.025,early,knn_recent,19,0.009590728423185913
9104546,external,random,1,0.025,early,linear,19,0.03121899237558938
9104546,external,random,1,0.025,early,nonlinear,19,0.005523807512637978
9104546,external,random,1,0.025,early,zero,19,0.07928319884223664
9104546,external,random,1,0.025,late,action_blind,35,0.024712474537509417
9104546,external,random,1,0.025,late,adaptive_nonlinear,35,0.017015334464249562
9104546,external,random,1,0.025,late,knn_all,35,0.012566228181133938
9104546,external,random,1,0.025,late,knn_recent,35,0.012579521646733824
9104546,external,random,1,0.025,late,linear,35,0.03317749803570153
9104546,external,random,1,0.025,late,nonlinear,35,0.01750106676117536
9104546,external,random,1,0.025,late,zero,35,0.02592152503765275
9104546,external,random,1,0.025,pre,action_blind,35,0.049593058530055835
9104546,external,random,1,0.025,pre,adaptive_nonlinear,35,0.0017681015428983578
9104546,external,random,1,0.025,pre,knn_all,35,0.0021185028266147866
9104546,external,random,1,0.025,pre,knn_recent,35,0.002173807818271524
9104546,external,random,1,0.025,pre,linear,35,0.0027523948007041736
9104546,external,random,1,0.025,pre,nonlinear,35,0.0017681015428983578
9104546,external,random,1,0.025,pre,zero,35,0.048403534122345895
9104546,motor,random,1,0.025,counterfactual,action_blind,5,0.04215540809745784
9104546,motor,random,1,0.025,counterfactual,adaptive_nonlinear,5,0.008973070107182735
9104546,motor,random,1,0.025,counterfactual,knn_all,5,0.005028819382045939
9104546,motor,random,1,0.025,counterfactual,knn_recent,5,0.0046586399953837225
9104546,motor,random,1,0.025,counterfactual,linear,5,0.03542471776981974
9104546,motor,random,1,0.025,counterfactual,nonlinear,5,0.008973070107182735
9104546,motor,random,1,0.025,counterfactual,zero,5,0.03970176196908939
9104546,motor,random,1,0.025,early,action_blind,19,0.02267464740151616
9104546,motor,random,1,0.025,early,adaptive_nonlinear,19,0.014365415597276133
9104546,motor,random,1,0.025,early,knn_all,19,0.01566259132959404
9104546,motor,random,1,0.025,early,knn_recent,19,0.015509398162618015
9104546,motor,random,1,0.025,early,linear,19,0.042982736541219445
9104546,motor,random,1,0.025,early,nonlinear,19,0.014365415597276133
9104546,motor,random,1,0.025,early,zero,19,0.022978433993561146
9104546,motor,random,1,0.025,late,action_blind,35,0.057622944124841334
9104546,motor,random,1,0.025,late,adaptive_nonlinear,35,0.011022529515860103
9104546,motor,random,1,0.025,late,knn_all,35,0.009302060081123822
9104546,motor,random,1,0.025,late,knn_recent,35,0.009331095411092942
9104546,motor,random,1,0.025,late,linear,35,0.051636951324890684
9104546,motor,random,1,0.025,late,nonlinear,35,0.011022529515860103
9104546,motor,random,1,0.025,late,zero,35,0.05665451326645166
9104546,motor,random,1,0.025,pre,action_blind,35,0.049593058530055835
9104546,motor,random,1,0.025,pre,adaptive_nonlinear,35,0.0017681015428983578
9104546,motor,random,1,0.025,pre,knn_all,35,0.0021185028266147866
9104546,motor,random,1,0.025,pre,knn_recent,35,0.002173807818271524
9104546,motor,random,1,0.025,pre,linear,35,0.0027523948007041736
9104546,motor,random,1,0.025,pre,nonlinear,35,0.0017681015428983578
9104546,motor,random,1,0.025,pre,zero,35,0.048403534122345895
9104546,motor_external,random,1,0.025,counterfactual,action_blind,5,0.03448142362217545
9104546,motor_external,random,1,0.025,counterfactual,adaptive_nonlinear,5,0.027874970830910784
9104546,motor_external,random,1,0.025,counterfactual,knn_all,5,0.02687946040501645
9104546,motor_external,random,1,0.025,counterfactual,knn_recent,5,0.02834104202512288
9104546,motor_external,random,1,0.025,counterfactual,linear,5,0.036523577102767796
9104546,motor_external,random,1,0.025,counterfactual,nonlinear,5,0.029512979349450824
9104546,motor_external,random,1,0.025,counterfactual,zero,5,0.03514794282906685
9104546,motor_external,random,1,0.025,early,action_blind,19,0.03432658330704014
9104546,motor_external,random,1,0.025,early,adaptive_nonlinear,19,0.012643335618978119
9104546,motor_external,random,1,0.025,early,knn_all,19,0.02161923022702329
9104546,motor_external,random,1,0.025,early,knn_recent,19,0.01898254114415433
9104546,motor_external,random,1,0.025,early,linear,19,0.05695478715891496
9104546,motor_external,random,1,0.025,early,nonlinear,19,0.013067799759579434
9104546,motor_external,random,1,0.025,early,zero,19,0.05713969517831467
9104546,motor_external,random,1,0.025,late,action_blind,35,0.05124675934167356
9104546,motor_external,random,1,0.025,late,adaptive_nonlinear,35,0.026063845794951298
9104546,motor_external,random,1,0.025,late,knn_all,35,0.01894269857397307
9104546,motor_external,random,1,0.025,late,knn_recent,35,0.019431613185143394
9104546,motor_external,random,1,0.025,late,linear,35,0.046076304558922414
9104546,motor_external,random,1,0.025,late,nonlinear,35,0.027143940212544806
9104546,motor_external,random,1,0.025,late,zero,35,0.04860307853293675
9104546,motor_external,random,1,0.025,pre,action_blind,35,0.049593058530055835
9104546,motor_external,random,1,0.025,pre,adaptive_nonlinear,35,0.0017681015428983578
9104546,motor_external,random,1,0.025,pre,knn_all,35,0.0021185028266147866
9104546,motor_external,random,1,0.025,pre,knn_recent,35,0.002173807818271524
9104546,motor_external,random,1,0.025,pre,linear,35,0.0027523948007041736
9104546,motor_external,random,1,0.025,pre,nonlinear,35,0.0017681015428983578
9104546,motor_external,random,1,0.025,pre,zero,35,0.048403534122345895
9104546,none,random,1,0.025,counterfactual,action_blind,5,0.023322894777476014
9104546,none,random,1,0.025,counterfactual,adaptive_nonlinear,5,0.006744606061386932
9104546,none,random,1,0.025,counterfactual,knn_all,5,0.0056975205304467536
9104546,none,random,1,0.025,counterfactual,knn_recent,5,0.005689122555689143
9104546,none,random,1,0.025,counterfactual,linear,5,0.013107672527308389
9104546,none,random,1,0.025,counterfactual,nonlinear,5,0.006744606061386932
9104546,none,random,1,0.025,counterfactual,zero,5,0.02275920307436305
9104546,none,random,1,0.025,early,action_blind,19,0.02867298091801875
9104546,none,random,1,0.025,early,adaptive_nonlinear,19,0.0014131731622498917
9104546,none,random,1,0.025,early,knn_all,19,0.0016421202120975018
9104546,none,random,1,0.025,early,knn_recent,19,0.0015223338097645313
9104546,none,random,1,0.025,early,linear,19,0.006817983661384644
9104546,none,random,1,0.025,early,nonlinear,19,0.0014131731622498917
9104546,none,random,1,0.025,early,zero,19,0.023191483697780468
9104546,none,random,1,0.025,late,action_blind,35,0.02840178283992432
9104546,none,random,1,0.025,late,adaptive_nonlinear,35,0.005369726487726118
9104546,none,random,1,0.025,late,knn_all,35,0.004750168370688316
9104546,none,random,1,0.025,late,knn_recent,35,0.004794003359583626
9104546,none,random,1,0.025,late,linear,35,0.01162725727943261
9104546,none,random,1,0.025,late,nonlinear,35,0.005369726487726118
9104546,none,random,1,0.025,late,zero,35,0.027256955828736346
9104546,none,random,1,0.025,pre,action_blind,35,0.049593058530055835
9104546,none,random,1,0.025,pre,adaptive_nonlinear,35,0.0017681015428983578
9104546,none,random,1,0.025,pre,knn_all,35,0.0021185028266147866
9104546,none,random,1,0.025,pre,knn_recent,35,0.002173807818271524
9104546,none,random,1,0.025,pre,linear,35,0.0027523948007041736
9104546,none,random,1,0.025,pre,nonlinear,35,0.0017681015428983578
9104546,none,random,1,0.025,pre,zero,35,0.048403534122345895
9104546,sensor,random,1,0.025,counterfactual,action_blind,5,0.023124353398914253
9104546,sensor,random,1,0.025,counterfactual,adaptive_nonlinear,5,0.0072288404756240335
9104546,sensor,random,1,0.025,counterfactual,knn_all,5,0.005717521128469287
9104546,sensor,random,1,0.025,counterfactual,knn_recent,5,0.005689122555689143
9104546,sensor,random,1,0.025,counterfactual,linear,5,0.013541791170038142
9104546,sensor,random,1,0.025,counterfactual,nonlinear,5,0.007265509664194268
9104546,sensor,random,1,0.025,counterfactual,zero,5,0.02275920307436305
9104546,sensor,random,1,0.025,early,action_blind,19,0.02749899992891409
9104546,sensor,random,1,0.025,early,adaptive_nonlinear,19,0.0017853385502553756
9104546,sensor,random,1,0.025,early,knn_all,19,0.0019394844109098285
9104546,sensor,random,1,0.025,early,knn_recent,19,0.001846735529010139
9104546,sensor,random,1,0.025,early,linear,19,0.0068400746308025975
9104546,sensor,random,1,0.025,early,nonlinear,19,0.0017256276718310222
9104546,sensor,random,1,0.025,early,zero,19,0.023191483697780468
9104546,sensor,random,1,0.025,late,action_blind,35,0.028559012723395418
9104546,sensor,random,1,0.025,late,adaptive_nonlinear,35,0.005992267126414196
9104546,sensor,random,1,0.025,late,knn_all,35,0.004744809019277633
9104546,sensor,random,1,0.025,late,knn_recent,35,0.004794003359583626
9104546,sensor,random,1,0.025,late,linear,35,0.012143244376639165
9104546,sensor,random,1,0.025,late,nonlinear,35,0.006032222065222929
9104546,sensor,random,1,0.025,late,zero,35,0.027256955828736346
9104546,sensor,random,1,0.025,pre,action_blind,35,0.049593058530055835
9104546,sensor,random,1,0.025,pre,adaptive_nonlinear,35,0.0017681015428983578
9104546,sensor,random,1,0.025,pre,knn_all,35,0.0021185028266147866
9104546,sensor,random,1,0.025,pre,knn_recent,35,0.002173807818271524
9104546,sensor,random,1,0.025,pre,linear,35,0.0027523948007041736
9104546,sensor,random,1,0.025,pre,nonlinear,35,0.0017681015428983578
9104546,sensor,random,1,0.025,pre,zero,35,0.048403534122345895
9104546,unknown_nonlinear,random,1,0.025,counterfactual,action_blind,5,0.04343788407383037
9104546,unknown_nonlinear,random,1,0.025,counterfactual,adaptive_nonlinear,5,0.00840881026374507
9104546,unknown_nonlinear,random,1,0.025,counterfactual,knn_all,5,0.002470314922166441
9104546,unknown_nonlinear,random,1,0.025,counterfactual,knn_recent,5,0.0025652953307161363
9104546,unknown_nonlinear,random,1,0.025,counterfactual,linear,5,0.009099221717163965
9104546,unknown_nonlinear,random,1,0.025,counterfactual,nonlinear,5,0.00840881026374507
9104546,unknown_nonlinear,random,1,0.025,counterfactual,zero,5,0.04342923445671973
9104546,unknown_nonlinear,random,1,0.025,early,action_blind,19,0.02160876631758073
9104546,unknown_nonlinear,random,1,0.025,early,adaptive_nonlinear,19,0.004162555672504081
9104546,unknown_nonlinear,random,1,0.025,early,knn_all,19,0.0038729667411183336
9104546,unknown_nonlinear,random,1,0.025,early,knn_recent,19,0.0038532642292556847
9104546,unknown_nonlinear,random,1,0.025,early,linear,19,0.010012077975153286
9104546,unknown_nonlinear,random,1,0.025,early,nonlinear,19,0.004162555672504081
9104546,unknown_nonlinear,random,1,0.025,early,zero,19,0.019264489181869526
9104546,unknown_nonlinear,random,1,0.025,late,action_blind,35,0.04972380429330947
9104546,unknown_nonlinear,random,1,0.025,late,adaptive_nonlinear,35,0.013550164942966776
9104546,unknown_nonlinear,random,1,0.025,late,knn_all,35,0.010804895372842864
9104546,unknown_nonlinear,random,1,0.025,late,knn_recent,35,0.01077246343154226
9104546,unknown_nonlinear,random,1,0.025,late,linear,35,0.01956021284788182
9104546,unknown_nonlinear,random,1,0.025,late,nonlinear,35,0.013550164942966776
9104546,unknown_nonlinear,random,1,0.025,late,zero,35,0.04738934468015177
9104546,unknown_nonlinear,random,1,0.025,pre,action_blind,35,0.049593058530055835
9104546,unknown_nonlinear,random,1,0.025,pre,adaptive_nonlinear,35,0.0017681015428983578
9104546,unknown_nonlinear,random,1,0.025,pre,knn_all,35,0.0021185028266147866
9104546,unknown_nonlinear,random,1,0.025,pre,knn_recent,35,0.002173807818271524
9104546,unknown_nonlinear,random,1,0.025,pre,linear,35,0.0027523948007041736
9104546,unknown_nonlinear,random,1,0.025,pre,nonlinear,35,0.0017681015428983578
9104546,unknown_nonlinear,random,1,0.025,pre,zero,35,0.048403534122345895
9104647,external,random,1,0.025,counterfactual,action_blind,5,0.046257488067232795
9104647,external,random,1,0.025,counterfactual,adaptive_nonlinear,5,0.03402197384503132
9104647,external,random,1,0.025,counterfactual,knn_all,5,0.014626808420266636
9104647,external,random,1,0.025,counterfactual,knn_recent,5,0.01416256809046868
9104647,external,random,1,0.025,counterfactual,linear,5,0.02734627645270433
9104647,external,random,1,0.025,counterfactual,nonlinear,5,0.03637235303494096
9104647,external,random,1,0.025,counterfactual,zero,5,0.02907700315598973
9104647,external,random,1,0.025,early,action_blind,19,0.05481556515076035
9104647,external,random,1,0.025,early,adaptive_nonlinear,19,0.01354708304062501
9104647,external,random,1,0.025,early,knn_all,19,0.0181843228605409
9104647,external,random,1,0.025,early,knn_recent,19,0.018057651873520042
9104647,external,random,1,0.025,early,linear,19,0.030032031194713215
9104647,external,random,1,0.025,early,nonlinear,19,0.01354708304062501
9104647,external,random,1,0.025,early,zero,19,0.058561970223512234
9104647,external,random,1,0.025,late,action_blind,35,0.05082421808472542
9104647,external,random,1,0.025,late,adaptive_nonlinear,35,0.02590332378357544
9104647,external,random,1,0.025,late,knn_all,35,0.017706699774827035
9104647,external,random,1,0.025,late,knn_recent,35,0.01778252741512452
9104647,external,random,1,0.025,late,linear,35,0.03142141144666366
9104647,external,random,1,0.025,late,nonlinear,35,0.02669500535972894
9104647,external,random,1,0.025,late,zero,35,0.04338753217967104
9104647,external,random,1,0.025,pre,action_blind,35,0.03420756851553407
9104647,external,random,1,0.025,pre,adaptive_nonlinear,35,0.0018405933375015338
9104647,external,random,1,0.025,pre,knn_all,35,0.0020512169819253846
9104647,external,random,1,0.025,pre,knn_recent,35,0.0021202927820638583
9104647,external,random,1,0.025,pre,linear,35,0.002386264738079491
9104647,external,random,1,0.025,pre,nonlinear,35,0.0018405933375015338
9104647,external,random,1,0.025,pre,zero,35,0.03375380161745441
9104647,motor,random,1,0.025,counterfactual,action_blind,5,0.09981443696210884
9104647,motor,random,1,0.025,counterfactual,adaptive_nonlinear,5,0.01024945168888358
9104647,motor,random,1,0.025,counterfactual,knn_all,5,0.006064064923774646
9104647,motor,random,1,0.025,counterfactual,knn_recent,5,0.005303208477842503
9104647,motor,random,1,0.025,counterfactual,linear,5,0.050409325257956036
9104647,motor,random,1,0.025,counterfactual,nonlinear,5,0.01098315490503329
9104647,motor,random,1,0.025,counterfactual,zero,5,0.08841629439718264
9104647,motor,random,1,0.025,early,action_blind,19,0.05741639879252767
9104647,motor,random,1,0.025,early,adaptive_nonlinear,19,0.02215648054629682
9104647,motor,random,1,0.025,early,knn_all,19,0.026859913094147897
9104647,motor,random,1,0.025,early,knn_recent,19,0.026576804541854227
9104647,motor,random,1,0.025,early,linear,19,0.06665026672694195
9104647,motor,random,1,0.025,early,nonlinear,19,0.024936746126287743
9104647,motor,random,1,0.025,early,zero,19,0.05367916995956823
9104647,motor,random,1,0.025,late,action_blind,35,0.11369615804182154
9104647,motor,random,1,0.025,late,adaptive_nonlinear,35,0.008480605686279745
9104647,motor,random,1,0.025,late,knn_all,35,0.005000359681608886
9104647,motor,random,1,0.025,late,knn_recent,35,0.0048158759365596795
9104647,motor,random,1,0.025,late,linear,35,0.044701627022840626
9104647,motor,random,1,0.025,late,nonlinear,35,0.008854672723779716
9104647,motor,random,1,0.025,late,zero,35,0.09966805889193388
9104647,motor,random,1,0.025,pre,action_blind,35,0.03420756851553407
9104647,motor,random,1,0.025,pre,adaptive_nonlinear,35,0.0018405933375015338
9104647,motor,random,1,0.025,pre,knn_all,35,0.0020512169819253846
9104647,motor,random,1,0.025,pre,knn_recent,35,0.0021202927820638583
9104647,motor,random,1,0.025,pre,linear,35,0.002386264738079491
9104647,motor,random,1,0.025,pre,nonlinear,35,0.0018405933375015338
9104647,motor,random,1,0.025,pre,zero,35,0.03375380161745441
9104647,motor_external,random,1,0.025,counterfactual,action_blind,5,0.034192012951080736
9104647,motor_external,random,1,0.025,counterfactual,adaptive_nonlinear,5,0.020861391675230448
9104647,motor_external,random,1,0.025,counterfactual,knn_all,5,0.015607469470643318
9104647,motor_external,random,1,0.025,counterfactual,knn_recent,5,0.01615539310248803
9104647,motor_external,random,1,0.025,counterfactual,linear,5,0.04442470820799776
9104647,motor_external,random,1,0.025,counterfactual,nonlinear,5,0.021915453192442428
9104647,motor_external,random,1,0.025,counterfactual,zero,5,0.03355117221697086
9104647,motor_external,random,1,0.025,early,action_blind,19,0.04965371283299222
9104647,motor_external,random,1,0.025,early,adaptive_nonlinear,19,0.03287418708062362
9104647,motor_external,random,1,0.025,early,knn_all,19,0.043763013921087744
9104647,motor_external,random,1,0.025,early,knn_recent,19,0.043840666762091286
9104647,motor_external,random,1,0.025,early,linear,19,0.0661705344758545
9104647,motor_external,random,1,0.025,early,nonlinear,19,0.035633718797171816
9104647,motor_external,random,1,0.025,early,zero,19,0.04952327214478619
9104647,motor_external,random,1,0.025,late,action_blind,35,0.056148124208230205
9104647,motor_external,random,1,0.025,late,adaptive_nonlinear,35,0.0284111257268572
9104647,motor_external,random,1,0.025,late,knn_all,35,0.022299210821005746
9104647,motor_external,random,1,0.025,late,knn_recent,35,0.02342336872413074
9104647,motor_external,random,1,0.025,late,linear,35,0.05625045371810807
9104647,motor_external,random,1,0.025,late,nonlinear,35,0.029531838648602676
9104647,motor_external,random,1,0.025,late,zero,35,0.05156009581782693
9104647,motor_external,random,1,0.025,pre,action_blind,35,0.03420756851553407
9104647,motor_external,random,1,0.025,pre,adaptive_nonlinear,35,0.0018405933375015338
9104647,motor_external,random,1,0.025,pre,knn_all,35,0.0020512169819253846
9104647,motor_external,random,1,0.025,pre,knn_recent,35,0.0021202927820638583
9104647,motor_external,random,1,0.025,pre,linear,35,0.002386264738079491
9104647,motor_external,random,1,0.025,pre,nonlinear,35,0.0018405933375015338
9104647,motor_external,random,1,0.025,pre,zero,35,0.03375380161745441
9104647,none,random,1,0.025,counterfactual,action_blind,5,0.039637986665227706
9104647,none,random,1,0.025,counterfactual,adaptive_nonlinear,5,0.002603227312736535
9104647,none,random,1,0.025,counterfactual,knn_all,5,0.0030587091516189047
9104647,none,random,1,0.025,counterfactual,knn_recent,5,0.0031747650715910195
9104647,none,random,1,0.025,counterfactual,linear,5,0.0027386635636587075
9104647,none,random,1,0.025,counterfactual,nonlinear,5,0.002603227312736535
9104647,none,random,1,0.025,counterfactual,zero,5,0.03893811698713108
9104647,none,random,1,0.025,early,action_blind,19,0.04302998022388932
9104647,none,random,1,0.025,early,adaptive_nonlinear,19,0.0020485206281489476
9104647,none,random,1,0.025,early,knn_all,19,0.00239742565023859
9104647,none,random,1,0.025,early,knn_recent,19,0.0024411491408399934
9104647,none,random,1,0.025,early,linear,19,0.0032418707754637457
9104647,none,random,1,0.025,early,nonlinear,19,0.0020485206281489476
9104647,none,random,1,0.025,early,zero,19,0.041258910008407874
9104647,none,random,1,0.025,late,action_blind,35,0.05919412836656061
9104647,none,random,1,0.025,late,adaptive_nonlinear,35,0.0019498062447427407
9104647,none,random,1,0.025,late,knn_all,35,0.002369592077802713
9104647,none,random,1,0.025,late,knn_recent,35,0.002439783159223682
9104647,none,random,1,0.025,late,linear,35,0.004487465220462976
9104647,none,random,1,0.025,late,nonlinear,35,0.0019498062447427407
9104647,none,random,1,0.025,late,zero,35,0.05704308725868666
9104647,none,random,1,0.025,pre,action_blind,35,0.03420756851553407
9104647,none,random,1,0.025,pre,adaptive_nonlinear,35,0.0018405933375015338
9104647,none,random,1,0.025,pre,knn_all,35,0.0020512169819253846
9104647,none,random,1,0.025,pre,knn_recent,35,0.0021202927820638583
9104647,none,random,1,0.025,pre,linear,35,0.002386264738079491
9104647,none,random,1,0.025,pre,nonlinear,35,0.0018405933375015338
9104647,none,random,1,0.025,pre,zero,35,0.03375380161745441
9104647,sensor,random,1,0.025,counterfactual,action_blind,5,0.03888242528727699
9104647,sensor,random,1,0.025,counterfactual,adaptive_nonlinear,5,0.002627638657091299
9104647,sensor,random,1,0.025,counterfactual,knn_all,5,0.0030880945093012873
9104647,sensor,random,1,0.025,counterfactual,knn_recent,5,0.0031747650715910195
9104647,sensor,random,1,0.025,counterfactual,linear,5,0.0027909701826592517
9104647,sensor,random,1,0.025,counterfactual,nonlinear,5,0.0026204089867609254
9104647,sensor,random,1,0.025,counterfactual,zero,5,0.03893811698713108
9104647,sensor,random,1,0.025,early,action_blind,19,0.04324770947838632
9104647,sensor,random,1,0.025,early,adaptive_nonlinear,19,0.0023802874732807254
9104647,sensor,random,1,0.025,early,knn_all,19,0.0026911088144864355
9104647,sensor,random,1,0.025,early,knn_recent,19,0.0027409462627171334
9104647,sensor,random,1,0.025,early,linear,19,0.0032022271684949053
9104647,sensor,random,1,0.025,early,nonlinear,19,0.0023323278997667896
9104647,sensor,random,1,0.025,early,zero,19,0.041258910008407874
9104647,sensor,random,1,0.025,late,action_blind,35,0.05942612971083133
9104647,sensor,random,1,0.025,late,adaptive_nonlinear,35,0.0020328499160165428
9104647,sensor,random,1,0.025,late,knn_all,35,0.002424065065136594
9104647,sensor,random,1,0.025,late,knn_recent,35,0.0024544145125992324
9104647,sensor,random,1,0.025,late,linear,35,0.00449498937857444
9104647,sensor,random,1,0.025,late,nonlinear,35,0.0020354832853674474
9104647,sensor,random,1,0.025,late,zero,35,0.05704308725868666
9104647,sensor,random,1,0.025,pre,action_blind,35,0.03420756851553407
9104647,sensor,random,1,0.025,pre,adaptive_nonlinear,35,0.0018405933375015338
9104647,sensor,random,1,0.025,pre,knn_all,35,0.0020512169819253846
9104647,sensor,random,1,0.025,pre,knn_recent,35,0.0021202927820638583
9104647,sensor,random,1,0.025,pre,linear,35,0.002386264738079491
9104647,sensor,random,1,0.025,pre,nonlinear,35,0.0018405933375015338
9104647,sensor,random,1,0.025,pre,zero,35,0.03375380161745441
9104647,unknown_nonlinear,random,1,0.025,counterfactual,action_blind,5,0.035024416174429376
9104647,unknown_nonlinear,random,1,0.025,counterfactual,adaptive_nonlinear,5,0.00796940083086243
9104647,unknown_nonlinear,random,1,0.025,counterfactual,knn_all,5,0.006742337053359379
9104647,unknown_nonlinear,random,1,0.025,counterfactual,knn_recent,5,0.007652390516104615
9104647,unknown_nonlinear,random,1,0.025,counterfactual,linear,5,0.010812776699138469
9104647,unknown_nonlinear,random,1,0.025,counterfactual,nonlinear,5,0.00796940083086243
9104647,unknown_nonlinear,random,1,0.025,counterfactual,zero,5,0.03744295409455357
9104647,unknown_nonlinear,random,1,0.025,early,action_blind,19,0.03848394030586066
9104647,unknown_nonlinear,random,1,0.025,early,adaptive_nonlinear,19,0.003664459912059198
9104647,unknown_nonlinear,random,1,0.025,early,knn_all,19,0.0029558148958593647
9104647,unknown_nonlinear,random,1,0.025,early,knn_recent,19,0.0029932863140421893
9104647,unknown_nonlinear,random,1,0.025,early,linear,19,0.005067616250592811
9104647,unknown_nonlinear,random,1,0.025,early,nonlinear,19,0.003664459912059198
9104647,unknown_nonlinear,random,1,0.025,early,zero,19,0.03733093484049041
9104647,unknown_nonlinear,random,1,0.025,late,action_blind,35,0.04814476423776423
9104647,unknown_nonlinear,random,1,0.025,late,adaptive_nonlinear,35,0.004679304398633235
9104647,unknown_nonlinear,random,1,0.025,late,knn_all,35,0.003883809648788101
9104647,unknown_nonlinear,random,1,0.025,late,knn_recent,35,0.00576937515605777
9104647,unknown_nonlinear,random,1,0.025,late,linear,35,0.006024204921170145
9104647,unknown_nonlinear,random,1,0.025,late,nonlinear,35,0.004679304398633235
9104647,unknown_nonlinear,random,1,0.025,late,zero,35,0.04641517319842531
9104647,unknown_nonlinear,random,1,0.025,pre,action_blind,35,0.03420756851553407
9104647,unknown_nonlinear,random,1,0.025,pre,adaptive_nonlinear,35,0.0018405933375015338
9104647,unknown_nonlinear,random,1,0.025,pre,knn_all,35,0.0020512169819253846
9104647,unknown_nonlinear,random,1,0.025,pre,knn_recent,35,0.0021202927820638583
9104647,unknown_nonlinear,random,1,0.025,pre,linear,35,0.002386264738079491
9104647,unknown_nonlinear,random,1,0.025,pre,nonlinear,35,0.0018405933375015338
9104647,unknown_nonlinear,random,1,0.025,pre,zero,35,0.03375380161745441
9104748,external,random,1,0.025,counterfactual,action_blind,5,0.07594424317062247
9104748,external,random,1,0.025,counterfactual,adaptive_nonlinear,5,0.016178607871652102
9104748,external,random,1,0.025,counterfactual,knn_all,5,0.012063363449223076
9104748,external,random,1,0.025,counterfactual,knn_recent,5,0.012070877062257929
9104748,external,random,1,0.025,counterfactual,linear,5,0.022526653084847827
9104748,external,random,1,0.025,counterfactual,nonlinear,5,0.016921325001536945
9104748,external,random,1,0.025,counterfactual,zero,5,0.046993370508864055
9104748,external,random,1,0.025,early,action_blind,19,0.10509626836869136
9104748,external,random,1,0.025,early,adaptive_nonlinear,19,0.0063250660012460465
9104748,external,random,1,0.025,early,knn_all,19,0.012688691294517288
9104748,external,random,1,0.025,early,knn_recent,19,0.01057175446480558
9104748,external,random,1,0.025,early,linear,19,0.03052940225508978
9104748,external,random,1,0.025,early,nonlinear,19,0.0063250660012460465
9104748,external,random,1,0.025,early,zero,19,0.0995674544411706
9104748,external,random,1,0.025,late,action_blind,35,0.07329388486086381
9104748,external,random,1,0.025,late,adaptive_nonlinear,35,0.006003988049501498
9104748,external,random,1,0.025,late,knn_all,35,0.006019345988137554
9104748,external,random,1,0.025,late,knn_recent,35,0.006218926177419779
9104748,external,random,1,0.025,late,linear,35,0.016663358630180532
9104748,external,random,1,0.025,late,nonlinear,35,0.006112364887626169
9104748,external,random,1,0.025,late,zero,35,0.06391131143986087
9104748,external,random,1,0.025,pre,action_blind,35,0.04093264406806154
9104748,external,random,1,0.025,pre,adaptive_nonlinear,35,0.0018189066134118015
9104748,external,random,1,0.025,pre,knn_all,35,0.0021169774187111707
9104748,external,random,1,0.025,pre,knn_recent,35,0.002116403429832926
9104748,external,random,1,0.025,pre,linear,35,0.0025274940540494614
9104748,external,random,1,0.025,pre,nonlinear,35,0.0018189066134118015
9104748,external,random,1,0.025,pre,zero,35,0.03710724993080418
9104748,motor,random,1,0.025,counterfactual,action_blind,5,0.06683148464954836
9104748,motor,random,1,0.025,counterfactual,adaptive_nonlinear,5,0.003979327373100918
9104748,motor,random,1,0.025,counterfactual,knn_all,5,0.0028624411537850874
9104748,motor,random,1,0.025,counterfactual,knn_recent,5,0.002936662270833426
9104748,motor,random,1,0.025,counterfactual,linear,5,0.03707875808185137
9104748,motor,random,1,0.025,counterfactual,nonlinear,5,0.004549294894378571
9104748,motor,random,1,0.025,counterfactual,zero,5,0.06553981742456491
9104748,motor,random,1,0.025,early,action_blind,19,0.048888282560743145
9104748,motor,random,1,0.025,early,adaptive_nonlinear,19,0.011812202788102915
9104748,motor,random,1,0.025,early,knn_all,19,0.015423002603417257
9104748,motor,random,1,0.025,early,knn_recent,19,0.014520172091490854
9104748,motor,random,1,0.025,early,linear,19,0.0556720703067338
9104748,motor,random,1,0.025,early,nonlinear,19,0.014263841984145867
9104748,motor,random,1,0.025,early,zero,19,0.04668295343680735
9104748,motor,random,1,0.025,late,action_blind,35,0.05487394839459687
9104748,motor,random,1,0.025,late,adaptive_nonlinear,35,0.0034972365479886552
9104748,motor,random,1,0.025,late,knn_all,35,0.0032516417350331875
9104748,motor,random,1,0.025,late,knn_recent,35,0.0034327641608546447
9104748,motor,random,1,0.025,late,linear,35,0.025040834592134003
9104748,motor,random,1,0.025,late,nonlinear,35,0.0038031192282001547
9104748,motor,random,1,0.025,late,zero,35,0.04943980885010218
9104748,motor,random,1,0.025,pre,action_blind,35,0.04093264406806154
9104748,motor,random,1,0.025,pre,adaptive_nonlinear,35,0.0018189066134118015
9104748,motor,random,1,0.025,pre,knn_all,35,0.0021169774187111707
9104748,motor,random,1,0.025,pre,knn_recent,35,0.002116403429832926
9104748,motor,random,1,0.025,pre,linear,35,0.0025274940540494614
9104748,motor,random,1,0.025,pre,nonlinear,35,0.0018189066134118015
9104748,motor,random,1,0.025,pre,zero,35,0.03710724993080418
9104748,motor_external,random,1,0.025,counterfactual,action_blind,5,0.061608336748340084
9104748,motor_external,random,1,0.025,counterfactual,adaptive_nonlinear,5,0.017115563533547654
9104748,motor_external,random,1,0.025,counterfactual,knn_all,5,0.012019579047961615
9104748,motor_external,random,1,0.025,counterfactual,knn_recent,5,0.014060055584520148
9104748,motor_external,random,1,0.025,counterfactual,linear,5,0.02159820615526204
9104748,motor_external,random,1,0.025,counterfactual,nonlinear,5,0.019620083979258407
9104748,motor_external,random,1,0.025,counterfactual,zero,5,0.029727799338029583
9104748,motor_external,random,1,0.025,early,action_blind,19,0.09542279682534666
9104748,motor_external,random,1,0.025,early,adaptive_nonlinear,19,0.029637523222174972
9104748,motor_external,random,1,0.025,early,knn_all,19,0.05628056858231806
9104748,motor_external,random,1,0.025,early,knn_recent,19,0.023126906066755694
9104748,motor_external,random,1,0.025,early,linear,19,0.08964019717424455
9104748,motor_external,random,1,0.025,early,nonlinear,19,0.035274915087870166
9104748,motor_external,random,1,0.025,early,zero,19,0.08909600435003072
9104748,motor_external,random,1,0.025,late,action_blind,35,0.06402238801099958
9104748,motor_external,random,1,0.025,late,adaptive_nonlinear,35,0.022897868503208654
9104748,motor_external,random,1,0.025,late,knn_all,35,0.015816930756023785
9104748,motor_external,random,1,0.025,late,knn_recent,35,0.016089285438173798
9104748,motor_external,random,1,0.025,late,linear,35,0.0358066140716444
9104748,motor_external,random,1,0.025,late,nonlinear,35,0.023988985869212377
9104748,motor_external,random,1,0.025,late,zero,35,0.05791381937064174
9104748,motor_external,random,1,0.025,pre,action_blind,35,0.04093264406806154
9104748,motor_external,random,1,0.025,pre,adaptive_nonlinear,35,0.0018189066134118015
9104748,motor_external,random,1,0.025,pre,knn_all,35,0.0021169774187111707
9104748,motor_external,random,1,0.025,pre,knn_recent,35,0.002116403429832926
9104748,motor_external,random,1,0.025,pre,linear,35,0.0025274940540494614
9104748,motor_external,random,1,0.025,pre,nonlinear,35,0.0018189066134118015
9104748,motor_external,random,1,0.025,pre,zero,35,0.03710724993080418
9104748,none,random,1,0.025,counterfactual,action_blind,5,0.053997093863959365
9104748,none,random,1,0.025,counterfactual,adaptive_nonlinear,5,0.0005783530094032483
9104748,none,random,1,0.025,counterfactual,knn_all,5,0.0011655977119896562
9104748,none,random,1,0.025,counterfactual,knn_recent,5,0.0010216924036018113
9104748,none,random,1,0.025,counterfactual,linear,5,0.001385127119974552
9104748,none,random,1,0.025,counterfactual,nonlinear,5,0.0005783530094032483
9104748,none,random,1,0.025,counterfactual,zero,5,0.05209619413245338
9104748,none,random,1,0.025,early,action_blind,19,0.048683024831853994
9104748,none,random,1,0.025,early,adaptive_nonlinear,19,0.0017053300650020022
9104748,none,random,1,0.025,early,knn_all,19,0.0021113247683160834
9104748,none,random,1,0.025,early,knn_recent,19,0.002015660784260454
9104748,none,random,1,0.025,early,linear,19,0.003524272267682624
9104748,none,random,1,0.025,early,nonlinear,19,0.0017053300650020022
9104748,none,random,1,0.025,early,zero,19,0.048595187013155045
9104748,none,random,1,0.025,late,action_blind,35,0.061089456616057115
9104748,none,random,1,0.025,late,adaptive_nonlinear,35,0.0015399823606358908
9104748,none,random,1,0.025,late,knn_all,35,0.0019339638138707927
9104748,none,random,1,0.025,late,knn_recent,35,0.002206273141211837
9104748,none,random,1,0.025,late,linear,35,0.00376253195988382
9104748,none,random,1,0.025,late,nonlinear,35,0.0015399823606358908
9104748,none,random,1,0.025,late,zero,35,0.05905225667130186
9104748,none,random,1,0.025,pre,action_blind,35,0.04093264406806154
9104748,none,random,1,0.025,pre,adaptive_nonlinear,35,0.0018189066134118015
9104748,none,random,1,0.025,pre,knn_all,35,0.0021169774187111707
9104748,none,random,1,0.025,pre,knn_recent,35,0.002116403429832926
9104748,none,random,1,0.025,pre,linear,35,0.0025274940540494614
9104748,none,random,1,0.025,pre,nonlinear,35,0.0018189066134118015
9104748,none,random,1,0.025,pre,zero,35,0.03710724993080418
9104748,sensor,random,1,0.025,counterfactual,action_blind,5,0.053440347943997234
9104748,sensor,random,1,0.025,counterfactual,adaptive_nonlinear,5,0.0005695153045746711
9104748,sensor,random,1,0.025,counterfactual,knn_all,5,0.0010029025157772217
9104748,sensor,random,1,0.025,counterfactual,knn_recent,5,0.0010216924036018113
9104748,sensor,random,1,0.025,counterfactual,linear,5,0.0014115638994542663
9104748,sensor,random,1,0.025,counterfactual,nonlinear,5,0.0005686885023896485
9104748,sensor,random,1,0.025,counterfactual,zero,5,0.05209619413245338
9104748,sensor,random,1,0.025,early,action_blind,19,0.04922210056300436
9104748,sensor,random,1,0.025,early,adaptive_nonlinear,19,0.0022671672536656016
9104748,sensor,random,1,0.025,early,knn_all,19,0.0024603507174572473
9104748,sensor,random,1,0.025,early,knn_recent,19,0.0023380589406926493
9104748,sensor,random,1,0.025,early,linear,19,0.0037308595776020122
9104748,sensor,random,1,0.025,early,nonlinear,19,0.002226586393763758
9104748,sensor,random,1,0.025,early,zero,19,0.048595187013155045
9104748,sensor,random,1,0.025,late,action_blind,35,0.061260369850283436
9104748,sensor,random,1,0.025,late,adaptive_nonlinear,35,0.0016780867863508012
9104748,sensor,random,1,0.025,late,knn_all,35,0.001980095402895319
9104748,sensor,random,1,0.025,late,knn_recent,35,0.002206273141211837
9104748,sensor,random,1,0.025,late,linear,35,0.0038057535825851523
9104748,sensor,random,1,0.025,late,nonlinear,35,0.0016818570962804102
9104748,sensor,random,1,0.025,late,zero,35,0.05905225667130186
9104748,sensor,random,1,0.025,pre,action_blind,35,0.04093264406806154
9104748,sensor,random,1,0.025,pre,adaptive_nonlinear,35,0.0018189066134118015
9104748,sensor,random,1,0.025,pre,knn_all,35,0.0021169774187111707
9104748,sensor,random,1,0.025,pre,knn_recent,35,0.002116403429832926
9104748,sensor,random,1,0.025,pre,linear,35,0.0025274940540494614
9104748,sensor,random,1,0.025,pre,nonlinear,35,0.0018189066134118015
9104748,sensor,random,1,0.025,pre,zero,35,0.03710724993080418
9104748,unknown_nonlinear,random,1,0.025,counterfactual,action_blind,5,0.034507521506349684
9104748,unknown_nonlinear,random,1,0.025,counterfactual,adaptive_nonlinear,5,0.006513028675270718
9104748,unknown_nonlinear,random,1,0.025,counterfactual,knn_all,5,0.004373302800925112
9104748,unknown_nonlinear,random,1,0.025,counterfactual,knn_recent,5,0.0036798707798495235
9104748,unknown_nonlinear,random,1,0.025,counterfactual,linear,5,0.011071689571680513
9104748,unknown_nonlinear,random,1,0.025,counterfactual,nonlinear,5,0.006513028675270718
9104748,unknown_nonlinear,random,1,0.025,counterfactual,zero,5,0.036583714128182274
9104748,unknown_nonlinear,random,1,0.025,early,action_blind,19,0.03859003249519224
9104748,unknown_nonlinear,random,1,0.025,early,adaptive_nonlinear,19,0.006858897723180835
9104748,unknown_nonlinear,random,1,0.025,early,knn_all,19,0.0037105794489678888
9104748,unknown_nonlinear,random,1,0.025,early,knn_recent,19,0.003449838708578103
9104748,unknown_nonlinear,random,1,0.025,early,linear,19,0.0074723587591308364
9104748,unknown_nonlinear,random,1,0.025,early,nonlinear,19,0.006858897723180835
9104748,unknown_nonlinear,random,1,0.025,early,zero,19,0.037766058252278946
9104748,unknown_nonlinear,random,1,0.025,late,action_blind,35,0.037060430267138324
9104748,unknown_nonlinear,random,1,0.025,late,adaptive_nonlinear,35,0.005386661242729758
9104748,unknown_nonlinear,random,1,0.025,late,knn_all,35,0.003095517297323724
9104748,unknown_nonlinear,random,1,0.025,late,knn_recent,35,0.004012125261192167
9104748,unknown_nonlinear,random,1,0.025,late,linear,35,0.008305345536811963
9104748,unknown_nonlinear,random,1,0.025,late,nonlinear,35,0.005386661242729758
9104748,unknown_nonlinear,random,1,0.025,late,zero,35,0.0373050651869064
9104748,unknown_nonlinear,random,1,0.025,pre,action_blind,35,0.04093264406806154
9104748,unknown_nonlinear,random,1,0.025,pre,adaptive_nonlinear,35,0.0018189066134118015
9104748,unknown_nonlinear,random,1,0.025,pre,knn_all,35,0.0021169774187111707
9104748,unknown_nonlinear,random,1,0.025,pre,knn_recent,35,0.002116403429832926
9104748,unknown_nonlinear,random,1,0.025,pre,linear,35,0.0025274940540494614
9104748,unknown_nonlinear,random,1,0.025,pre,nonlinear,35,0.0018189066134118015
9104748,unknown_nonlinear,random,1,0.025,pre,zero,35,0.03710724993080418
